observation_date,adjustment,usage_pattern,age_bucket,No usage,Quintile 1 (least usage),Quintile 2,Quintile 3,Quintile 4,Quintile 5 (most usage)
2022-01-01,percap,Augmentation,21-30,0.0842,0.1121,0.0417,0.1043,0.0771,0.077
2022-02-01,percap,Augmentation,21-30,0.0756,0.1134,0.0566,0.1187,0.0871,0.086
2022-03-01,percap,Augmentation,21-30,0.0838,0.1321,0.0702,0.1533,0.1082,0.0896
2022-04-01,percap,Augmentation,21-30,0.1051,0.1626,0.0922,0.1995,0.1425,0.1066
2022-05-01,percap,Augmentation,21-30,0.0773,0.1517,0.082,0.1939,0.1284,0.1022
2022-06-01,percap,Augmentation,21-30,0.0723,0.1069,0.064,0.174,0.0698,0.0766
2022-07-01,percap,Augmentation,21-30,0.0325,0.0627,0.0507,0.1124,0.0257,0.0605
2022-08-01,percap,Augmentation,21-30,0.0303,0.0349,0.0382,0.0973,0.0101,0.049
2022-09-01,percap,Augmentation,21-30,0.0198,0.0278,0.0281,0.0893,0.0006,0.0495
2022-10-01,percap,Augmentation,21-30,0.0118,0.0178,0.0159,0.0697,-0.0089,0.0374
2022-11-01,percap,Augmentation,21-30,-0.006,0.0096,0.001,0.0644,-0.0146,0.0309
2022-12-01,percap,Augmentation,21-30,-0.0008,-0.0055,0.0246,0.0586,-0.0241,0.0195
2023-01-01,percap,Augmentation,21-30,-0.0114,0.0206,0.0378,0.0913,-0.0153,0.0333
2023-02-01,percap,Augmentation,21-30,-0.0162,0.0113,0.0203,0.0793,-0.0111,0.0269
2023-03-01,percap,Augmentation,21-30,-0.0316,-0.0062,-0.0009,0.057,-0.0225,0.012
2023-04-01,percap,Augmentation,21-30,-0.0288,-0.0165,-0.0019,0.0393,-0.029,0.0072
2023-05-01,percap,Augmentation,21-30,-0.0307,-0.0219,-0.0072,0.0259,-0.0308,-0.0007
2023-06-01,percap,Augmentation,21-30,-0.0323,-0.0297,-0.0016,0.0202,-0.0162,0.0085
2023-07-01,percap,Augmentation,21-30,-0.0217,-0.034,-0.0037,0.0209,-0.0187,-0.0002
2023-08-01,percap,Augmentation,21-30,-0.0182,-0.021,0.0041,0.0164,-0.0209,0.0001
2023-09-01,percap,Augmentation,21-30,-0.028,-0.0265,-0.0013,0.003,-0.0246,-0.0033
2023-10-01,percap,Augmentation,21-30,-0.024,-0.0397,0.0013,-0.0025,-0.0261,-0.0062
2023-11-01,percap,Augmentation,21-30,-0.0174,-0.0388,-0.0041,-0.0148,-0.0252,-0.0062
2023-12-01,percap,Augmentation,21-30,-0.0283,-0.0385,-0.0214,-0.0189,-0.0246,0.0051
2024-01-01,percap,Augmentation,21-30,-0.0024,-0.029,0.0001,-0.0044,-0.0139,0.0096
2024-02-01,percap,Augmentation,21-30,-0.0085,-0.0328,-0.0005,-0.0199,-0.0229,0.0007
2024-03-01,percap,Augmentation,21-30,-0.0083,-0.0334,-0.0027,-0.0283,-0.0204,-0.0005
2024-04-01,percap,Augmentation,21-30,-0.0028,-0.0212,-0.0006,-0.0209,-0.013,-0.0012
2024-05-01,percap,Augmentation,21-30,-0.0044,-0.0203,-0.0063,-0.0246,-0.0204,0.0105
2024-06-01,percap,Augmentation,21-30,-0.0071,-0.0155,-0.0065,-0.0233,-0.02,-0.0019
2024-07-01,percap,Augmentation,21-30,0.0004,0.001,0.0063,-0.0123,-0.0115,0.0048
2024-08-01,percap,Augmentation,21-30,-0.0082,-0.0048,-0.0056,-0.0252,-0.0204,0.0044
2024-09-01,percap,Augmentation,21-30,-0.0058,-0.013,-0.0181,-0.0335,-0.0202,-0.0075
2024-10-01,percap,Augmentation,21-30,-0.004,-0.0007,-0.0071,-0.0271,-0.0064,0.0031
2024-11-01,percap,Augmentation,21-30,-0.0133,-0.0088,-0.0086,-0.0316,-0.0127,-0.0003
2024-12-01,percap,Augmentation,21-30,-0.0115,-0.0097,-0.0131,-0.0322,-0.0131,-0.0095
2025-01-01,percap,Augmentation,21-30,-0.0025,0.021,-0.0042,-0.0116,-0.0032,-0.0019
2025-02-01,percap,Augmentation,21-30,0.001,0.0135,-0.0026,-0.014,-0.0063,-0.0003
2025-03-01,percap,Augmentation,21-30,-0.006,0.0144,-0.0002,-0.0176,-0.0019,-0.0014
2025-04-01,percap,Augmentation,21-30,-0.0045,0.0142,0.0025,-0.0173,-0.0008,0.0038
2025-05-01,percap,Augmentation,21-30,0.0078,0.0157,0.0107,-0.009,0.0092,-0.0024
2025-06-01,percap,Augmentation,21-30,0.0048,0.0216,0.0155,-0.0062,0.0128,0.0034
2025-07-01,percap,Augmentation,21-30,0.0038,0.014,0.0059,-0.0097,0.0097,-0.004
2025-08-01,percap,Augmentation,21-30,-0.0032,0.011,-0.0162,-0.0112,0.0069,-0.0169
2025-09-01,percap,Augmentation,21-30,-0.0068,0.0162,0.0048,-0.0024,0.0169,-0.0088
2025-10-01,percap,Augmentation,21-30,-0.0034,0.021,0.0088,-0.0074,0.0122,-0.0094
2025-11-01,percap,Augmentation,21-30,0.0068,0.028,0.0077,-0.0026,0.0143,-0.0115
2025-12-01,percap,Augmentation,21-30,0.01,0.0315,0.0021,0.0073,0.0243,-0.0038
2026-01-01,percap,Augmentation,21-30,0.014,0.0054,0.0041,-0.0123,0.0217,-0.0031
2026-02-01,percap,Augmentation,21-30,0.0036,0.0237,-0.0039,-0.0093,0.0186,-0.0092
2026-03-01,percap,Augmentation,21-30,-0.002,0.0235,-0.0051,-0.0039,0.009,-0.0067
2026-04-01,percap,Augmentation,21-30,-0.0154,0.0135,-0.004,-0.0171,0.0027,-0.0128
2022-01-01,percap,Augmentation,31-40,0.0605,0.089,0.0199,0.052,0.0596,0.0519
2022-02-01,percap,Augmentation,31-40,0.0587,0.0888,0.0281,0.0556,0.0664,0.0569
2022-03-01,percap,Augmentation,31-40,0.0779,0.1086,0.0416,0.0652,0.0727,0.0641
2022-04-01,percap,Augmentation,31-40,0.0946,0.1341,0.0588,0.0898,0.0924,0.0829
2022-05-01,percap,Augmentation,31-40,0.0877,0.1187,0.0516,0.0842,0.0781,0.0806
2022-06-01,percap,Augmentation,31-40,0.0855,0.0931,0.0473,0.0838,0.0632,0.0766
2022-07-01,percap,Augmentation,31-40,0.0426,0.06,0.0323,0.0631,0.0389,0.0559
2022-08-01,percap,Augmentation,31-40,0.0304,0.0413,0.0215,0.05,0.0317,0.0442
2022-09-01,percap,Augmentation,31-40,0.0237,0.032,0.0193,0.0403,0.0257,0.0379
2022-10-01,percap,Augmentation,31-40,0.017,0.0197,0.0007,0.0231,0.0152,0.0295
2022-11-01,percap,Augmentation,31-40,0.0046,0.0127,-0.0015,0.0219,0.0106,0.0224
2022-12-01,percap,Augmentation,31-40,0.0005,-0.0002,0.0041,0.0157,0.0059,0.0222
2023-01-01,percap,Augmentation,31-40,0.005,0.0147,0.0122,0.0274,0.019,0.0282
2023-02-01,percap,Augmentation,31-40,-0.0008,0.0076,0.0024,0.0201,0.0122,0.0214
2023-03-01,percap,Augmentation,31-40,-0.0164,-0.0119,-0.0132,0.0056,0.007,0.014
2023-04-01,percap,Augmentation,31-40,-0.0111,-0.0162,-0.0155,-0.0033,-0.004,0.0054
2023-05-01,percap,Augmentation,31-40,-0.0249,-0.0146,-0.0218,-0.0052,-0.0013,-0.0018
2023-06-01,percap,Augmentation,31-40,-0.018,-0.0188,-0.0139,0.0021,0.0124,0.001
2023-07-01,percap,Augmentation,31-40,-0.0028,-0.0214,-0.0202,-0.0028,0.0008,0.0001
2023-08-01,percap,Augmentation,31-40,-0.021,-0.0155,-0.0197,0.0002,0.0,0.0045
2023-09-01,percap,Augmentation,31-40,-0.0317,-0.0285,-0.0215,-0.0038,-0.0058,-0.0022
2023-10-01,percap,Augmentation,31-40,-0.0351,-0.0324,-0.0127,-0.0078,-0.0067,-0.0012
2023-11-01,percap,Augmentation,31-40,-0.0384,-0.0297,-0.0186,-0.0101,-0.0094,0.0009
2023-12-01,percap,Augmentation,31-40,-0.0461,-0.0276,-0.0234,-0.0152,-0.0067,0.0019
2024-01-01,percap,Augmentation,31-40,-0.0234,-0.0064,-0.0109,-0.0039,-0.0001,0.0066
2024-02-01,percap,Augmentation,31-40,-0.0317,-0.0216,-0.0189,-0.0132,-0.0104,0.0042
2024-03-01,percap,Augmentation,31-40,-0.0306,-0.0225,-0.0207,-0.0152,-0.0112,-0.0002
2024-04-01,percap,Augmentation,31-40,-0.027,-0.0207,-0.0179,-0.0091,-0.0056,0.0083
2024-05-01,percap,Augmentation,31-40,-0.0132,-0.0157,-0.0222,-0.0107,-0.0052,0.0172
2024-06-01,percap,Augmentation,31-40,-0.0248,-0.0114,-0.019,-0.0099,-0.0049,0.0171
2024-07-01,percap,Augmentation,31-40,-0.0095,0.0017,-0.0154,-0.0043,-0.0002,0.0192
2024-08-01,percap,Augmentation,31-40,-0.0027,-0.0054,-0.0196,-0.013,-0.0108,0.0082
2024-09-01,percap,Augmentation,31-40,-0.0179,-0.0083,-0.03,-0.0185,-0.0137,0.005
2024-10-01,percap,Augmentation,31-40,-0.0095,-0.0069,-0.0235,-0.0133,-0.0044,0.0111
2024-11-01,percap,Augmentation,31-40,-0.0179,-0.016,-0.0255,-0.0181,-0.0065,0.0048
2024-12-01,percap,Augmentation,31-40,-0.015,-0.0207,-0.0318,-0.0173,-0.0095,0.0029
2025-01-01,percap,Augmentation,31-40,-0.0195,-0.0027,-0.024,-0.0053,0.0019,0.0096
2025-02-01,percap,Augmentation,31-40,-0.016,-0.0092,-0.0229,-0.0107,-0.0045,0.0078
2025-03-01,percap,Augmentation,31-40,-0.0186,-0.0039,-0.0252,-0.0076,-0.0062,0.0091
2025-04-01,percap,Augmentation,31-40,-0.0126,0.0024,-0.0212,-0.0043,-0.002,0.0073
2025-05-01,percap,Augmentation,31-40,-0.0067,-0.0085,-0.012,-0.0026,-0.0044,0.0009
2025-06-01,percap,Augmentation,31-40,-0.0036,0.0027,-0.0103,0.0073,0.0129,0.0112
2025-07-01,percap,Augmentation,31-40,-0.0033,-0.0087,-0.0125,0.0042,0.0069,0.0058
2025-08-01,percap,Augmentation,31-40,-0.0206,-0.0101,-0.0164,0.0005,0.005,0.0048
2025-09-01,percap,Augmentation,31-40,-0.016,-0.0137,-0.0155,0.0003,0.0055,0.0071
2025-10-01,percap,Augmentation,31-40,-0.0268,-0.0055,-0.0115,-0.0022,0.0057,0.0043
2025-11-01,percap,Augmentation,31-40,-0.0127,0.0009,-0.0151,-0.0006,0.0017,0.0059
2025-12-01,percap,Augmentation,31-40,-0.0122,0.0043,-0.0164,0.0045,0.0056,0.0116
2026-01-01,percap,Augmentation,31-40,-0.0046,-0.0143,-0.0098,0.0003,0.0034,0.0111
2026-02-01,percap,Augmentation,31-40,-0.0212,-0.007,-0.0186,0.0025,0.0021,0.0065
2026-03-01,percap,Augmentation,31-40,-0.0276,-0.0124,-0.0143,0.0014,0.0017,0.0043
2026-04-01,percap,Augmentation,31-40,-0.042,-0.0242,-0.0175,-0.0093,-0.0028,0.0007
2022-01-01,percap,Augmentation,41-50,0.0911,0.067,0.0345,0.0435,0.0393,0.0521
2022-02-01,percap,Augmentation,41-50,0.0942,0.0742,0.0395,0.0492,0.0486,0.0589
2022-03-01,percap,Augmentation,41-50,0.1027,0.0909,0.0449,0.0521,0.0529,0.0625
2022-04-01,percap,Augmentation,41-50,0.1276,0.1241,0.0671,0.0729,0.0695,0.0818
2022-05-01,percap,Augmentation,41-50,0.1256,0.1187,0.0587,0.0635,0.0572,0.0791
2022-06-01,percap,Augmentation,41-50,0.1062,0.1016,0.0574,0.0697,0.0514,0.076
2022-07-01,percap,Augmentation,41-50,0.0655,0.0626,0.0423,0.0501,0.0324,0.0584
2022-08-01,percap,Augmentation,41-50,0.0545,0.045,0.0271,0.0363,0.0273,0.044
2022-09-01,percap,Augmentation,41-50,0.0476,0.037,0.0261,0.0283,0.023,0.0385
2022-10-01,percap,Augmentation,41-50,0.0384,0.0284,0.0126,0.0173,0.0156,0.0291
2022-11-01,percap,Augmentation,41-50,0.0163,0.025,0.0119,0.0156,0.0111,0.0285
2022-12-01,percap,Augmentation,41-50,0.0223,0.0255,0.0131,0.0106,0.0091,0.0263
2023-01-01,percap,Augmentation,41-50,0.0181,0.036,0.0196,0.0179,0.0153,0.0271
2023-02-01,percap,Augmentation,41-50,0.0119,0.0279,0.0131,0.0083,0.0059,0.0195
2023-03-01,percap,Augmentation,41-50,0.0042,0.0124,0.0052,0.0031,0.0012,0.0135
2023-04-01,percap,Augmentation,41-50,0.0003,0.0003,-0.0034,-0.0112,-0.0065,0.0023
2023-05-01,percap,Augmentation,41-50,0.0009,0.0037,-0.0049,-0.0108,-0.0025,0.0004
2023-06-01,percap,Augmentation,41-50,0.0094,0.0079,0.0046,-0.0041,0.0119,0.01
2023-07-01,percap,Augmentation,41-50,0.0182,0.0082,-0.0041,-0.0105,-0.0002,0.0037
2023-08-01,percap,Augmentation,41-50,0.0105,0.0134,-0.003,-0.0101,-0.0013,0.006
2023-09-01,percap,Augmentation,41-50,-0.0031,0.0057,-0.0026,-0.0146,-0.003,0.0015
2023-10-01,percap,Augmentation,41-50,-0.0029,-0.0004,0.0026,-0.0201,-0.0047,0.0006
2023-11-01,percap,Augmentation,41-50,-0.0006,-0.0022,-0.0023,-0.0201,-0.0021,-0.0013
2023-12-01,percap,Augmentation,41-50,-0.0139,-0.0037,-0.0072,-0.0267,-0.0063,0.0004
2024-01-01,percap,Augmentation,41-50,-0.0008,0.0145,0.0018,-0.0169,-0.0006,0.0114
2024-02-01,percap,Augmentation,41-50,-0.0145,-0.0073,-0.0049,-0.0228,-0.0066,0.0061
2024-03-01,percap,Augmentation,41-50,-0.0151,-0.0081,-0.0074,-0.0281,-0.0092,0.0023
2024-04-01,percap,Augmentation,41-50,-0.0069,-0.0035,-0.0057,-0.0203,-0.0045,0.0071
2024-05-01,percap,Augmentation,41-50,0.0043,0.0001,-0.0116,-0.0193,-0.0067,0.0157
2024-06-01,percap,Augmentation,41-50,0.0045,0.005,-0.003,-0.0163,-0.0026,0.0152
2024-07-01,percap,Augmentation,41-50,0.0158,0.0142,0.0015,-0.012,-0.0002,0.0158
2024-08-01,percap,Augmentation,41-50,0.0089,0.0118,-0.0038,-0.0183,-0.0082,0.0114
2024-09-01,percap,Augmentation,41-50,0.0053,0.0065,-0.0097,-0.0235,-0.009,0.0098
2024-10-01,percap,Augmentation,41-50,0.0031,0.0081,-0.0072,-0.016,-0.0048,0.0155
2024-11-01,percap,Augmentation,41-50,0.0048,-0.0003,-0.0088,-0.0204,-0.0097,0.0147
2024-12-01,percap,Augmentation,41-50,0.0057,0.0025,-0.0135,-0.0173,-0.0091,0.0116
2025-01-01,percap,Augmentation,41-50,0.0141,0.0137,-0.0048,-0.0086,-0.003,0.0137
2025-02-01,percap,Augmentation,41-50,0.0226,0.0172,-0.0037,-0.0115,-0.0059,0.0173
2025-03-01,percap,Augmentation,41-50,0.0145,0.0175,-0.0052,-0.0128,-0.0031,0.0196
2025-04-01,percap,Augmentation,41-50,0.0199,0.0215,-0.003,-0.0076,-0.0033,0.0199
2025-05-01,percap,Augmentation,41-50,0.0111,0.0122,0.007,-0.0065,-0.0029,0.0123
2025-06-01,percap,Augmentation,41-50,0.0027,0.0227,0.0097,0.0049,0.014,0.0214
2025-07-01,percap,Augmentation,41-50,0.0081,0.0139,-0.0017,-0.0005,0.0068,0.0161
2025-08-01,percap,Augmentation,41-50,0.0066,0.0078,-0.0053,-0.0014,0.0014,0.0066
2025-09-01,percap,Augmentation,41-50,0.0012,0.0053,-0.0019,0.0008,0.0011,0.0126
2025-10-01,percap,Augmentation,41-50,-0.0057,0.009,0.0048,-0.0043,0.0015,0.0101
2025-11-01,percap,Augmentation,41-50,-0.0007,0.0126,-0.0004,-0.0011,0.001,0.0079
2025-12-01,percap,Augmentation,41-50,0.002,0.0094,-0.003,0.0031,0.0049,0.015
2026-01-01,percap,Augmentation,41-50,-0.0037,-0.0001,0.0006,-0.0023,0.0018,0.0104
2026-02-01,percap,Augmentation,41-50,-0.0117,0.0032,-0.0042,-0.0018,0.0012,0.0056
2026-03-01,percap,Augmentation,41-50,-0.0175,0.0033,0.0014,0.0024,0.0008,0.0053
2026-04-01,percap,Augmentation,41-50,-0.0235,-0.0077,0.0004,-0.0061,-0.0013,-0.0027
2022-01-01,percap,Augmentation,51-60,0.0526,0.0586,0.0321,0.0509,0.0368,0.0288
2022-02-01,percap,Augmentation,51-60,0.0441,0.0557,0.0396,0.0505,0.0466,0.0342
2022-03-01,percap,Augmentation,51-60,0.0487,0.0715,0.0435,0.0582,0.0501,0.0453
2022-04-01,percap,Augmentation,51-60,0.0711,0.0938,0.0612,0.0746,0.0632,0.0581
2022-05-01,percap,Augmentation,51-60,0.0463,0.0766,0.0498,0.0665,0.0521,0.0565
2022-06-01,percap,Augmentation,51-60,0.0489,0.0712,0.0501,0.0758,0.0502,0.0562
2022-07-01,percap,Augmentation,51-60,0.03,0.0435,0.0382,0.055,0.0359,0.0412
2022-08-01,percap,Augmentation,51-60,0.0199,0.0315,0.0307,0.0444,0.0296,0.0319
2022-09-01,percap,Augmentation,51-60,0.0202,0.024,0.0253,0.0387,0.0249,0.0294
2022-10-01,percap,Augmentation,51-60,0.0138,0.0213,0.0173,0.0281,0.0163,0.0214
2022-11-01,percap,Augmentation,51-60,0.0101,0.0156,0.0135,0.0294,0.0149,0.0185
2022-12-01,percap,Augmentation,51-60,0.0093,0.0045,0.0152,0.024,0.01,0.0171
2023-01-01,percap,Augmentation,51-60,0.0166,0.0167,0.0226,0.0308,0.0219,0.0196
2023-02-01,percap,Augmentation,51-60,0.0103,0.0112,0.0127,0.0233,0.0123,0.0176
2023-03-01,percap,Augmentation,51-60,0.0113,-0.0009,0.0092,0.0181,0.0091,0.0104
2023-04-01,percap,Augmentation,51-60,0.0055,-0.0101,0.0044,0.0071,0.0021,0.0021
2023-05-01,percap,Augmentation,51-60,0.011,-0.0019,0.0014,0.0075,0.0027,0.0033
2023-06-01,percap,Augmentation,51-60,0.0166,0.0001,0.0145,0.0193,0.0128,0.0133
2023-07-01,percap,Augmentation,51-60,0.021,-0.0015,0.0062,0.0147,0.0046,0.0096
2023-08-01,percap,Augmentation,51-60,0.0166,-0.0037,0.0044,0.0116,-0.0002,0.0079
2023-09-01,percap,Augmentation,51-60,0.0008,-0.0041,0.0087,0.0059,0.0002,0.0025
2023-10-01,percap,Augmentation,51-60,0.0047,-0.0111,0.0099,0.006,-0.0008,0.0048
2023-11-01,percap,Augmentation,51-60,0.0072,-0.0048,0.0074,0.0013,-0.0027,0.007
2023-12-01,percap,Augmentation,51-60,-0.0059,-0.001,0.001,-0.0009,-0.0003,0.0074
2024-01-01,percap,Augmentation,51-60,0.001,0.0103,0.0068,0.005,-0.0013,0.0135
2024-02-01,percap,Augmentation,51-60,-0.0032,0.0012,0.0031,0.0055,-0.0064,0.0104
2024-03-01,percap,Augmentation,51-60,-0.0144,0.0045,-0.0019,-0.0026,-0.0076,0.0061
2024-04-01,percap,Augmentation,51-60,-0.0043,0.0032,0.0,0.0046,-0.0002,0.0141
2024-05-01,percap,Augmentation,51-60,0.0001,0.0024,-0.0048,0.0036,0.0006,0.019
2024-06-01,percap,Augmentation,51-60,-0.0063,0.0074,-0.0003,0.0047,0.0067,0.0229
2024-07-01,percap,Augmentation,51-60,0.0033,0.0153,0.0028,0.0074,0.0047,0.0182
2024-08-01,percap,Augmentation,51-60,-0.0032,0.0073,-0.002,0.0008,0.0,0.0152
2024-09-01,percap,Augmentation,51-60,-0.0078,0.0021,-0.0089,-0.0055,-0.0079,0.0154
2024-10-01,percap,Augmentation,51-60,-0.0056,0.0101,-0.0068,-0.0007,-0.002,0.0203
2024-11-01,percap,Augmentation,51-60,-0.0149,0.0022,-0.0108,-0.0023,-0.0031,0.0139
2024-12-01,percap,Augmentation,51-60,-0.0145,-0.0005,-0.0108,-0.0032,-0.0077,0.0124
2025-01-01,percap,Augmentation,51-60,-0.0095,0.0098,0.0003,0.0025,0.0001,0.0187
2025-02-01,percap,Augmentation,51-60,-0.0025,0.0087,-0.0013,-0.0014,-0.004,0.019
2025-03-01,percap,Augmentation,51-60,-0.0033,0.0066,-0.0027,-0.0023,-0.005,0.0195
2025-04-01,percap,Augmentation,51-60,0.0054,0.0151,0.0021,0.0018,-0.004,0.0219
2025-05-01,percap,Augmentation,51-60,0.0082,0.0095,0.0087,0.0015,-0.0033,0.014
2025-06-01,percap,Augmentation,51-60,0.0158,0.0159,0.0195,0.0142,0.0127,0.0201
2025-07-01,percap,Augmentation,51-60,0.0096,0.011,0.0063,0.0082,0.0035,0.0176
2025-08-01,percap,Augmentation,51-60,0.0028,0.0036,0.0011,0.0038,-0.0022,0.0115
2025-09-01,percap,Augmentation,51-60,-0.0051,0.0012,0.0025,0.0047,0.0002,0.012
2025-10-01,percap,Augmentation,51-60,-0.007,0.0046,0.0082,0.0038,-0.0005,0.011
2025-11-01,percap,Augmentation,51-60,0.0069,0.0023,0.0037,0.0014,-0.0044,0.0113
2025-12-01,percap,Augmentation,51-60,0.0022,-0.0004,0.0019,0.0066,-0.0017,0.0153
2026-01-01,percap,Augmentation,51-60,-0.0041,-0.0127,0.0014,0.0046,-0.0066,0.013
2026-02-01,percap,Augmentation,51-60,-0.0078,-0.0148,-0.0037,0.0025,-0.0058,0.0086
2026-03-01,percap,Augmentation,51-60,-0.0019,-0.0121,0.0024,0.0062,-0.008,0.0125
2026-04-01,percap,Augmentation,51-60,-0.0171,-0.0219,-0.004,-0.0016,-0.0097,0.0005
2022-01-01,percap,Augmentation,All ages,0.0723,0.0834,0.0316,0.0602,0.054,0.0538
2022-02-01,percap,Augmentation,All ages,0.0683,0.0847,0.0405,0.0656,0.0628,0.0605
2022-03-01,percap,Augmentation,All ages,0.0785,0.1026,0.0499,0.0779,0.0719,0.0665
2022-04-01,percap,Augmentation,All ages,0.0997,0.1307,0.0698,0.1037,0.0933,0.0839
2022-05-01,percap,Augmentation,All ages,0.0841,0.1186,0.0605,0.0966,0.0804,0.0811
2022-06-01,percap,Augmentation,All ages,0.0783,0.0941,0.0545,0.0974,0.0589,0.0721
2022-07-01,percap,Augmentation,All ages,0.0419,0.0576,0.0407,0.0687,0.0318,0.0546
2022-08-01,percap,Augmentation,All ages,0.0333,0.0379,0.029,0.0555,0.0232,0.0428
2022-09-01,percap,Augmentation,All ages,0.0272,0.03,0.0245,0.0474,0.0171,0.0393
2022-10-01,percap,Augmentation,All ages,0.0197,0.0212,0.0111,0.033,0.0081,0.0297
2022-11-01,percap,Augmentation,All ages,0.0054,0.015,0.0056,0.0312,0.0039,0.0253
2022-12-01,percap,Augmentation,All ages,0.0072,0.0049,0.0139,0.0258,-0.0017,0.0212
2023-01-01,percap,Augmentation,All ages,0.0061,0.0215,0.0227,0.0392,0.0082,0.0275
2023-02-01,percap,Augmentation,All ages,0.0004,0.014,0.0119,0.0305,0.0037,0.0215
2023-03-01,percap,Augmentation,All ages,-0.0094,-0.0025,-0.0007,0.019,-0.0027,0.0125
2023-04-01,percap,Augmentation,All ages,-0.0097,-0.0114,-0.0048,0.0065,-0.0108,0.0043
2023-05-01,percap,Augmentation,All ages,-0.0124,-0.01,-0.0089,0.0032,-0.0097,-0.0002
2023-06-01,percap,Augmentation,All ages,-0.0079,-0.0122,-0.0002,0.0085,0.0031,0.0073
2023-07-01,percap,Augmentation,All ages,0.0017,-0.015,-0.0064,0.0045,-0.0052,0.0022
2023-08-01,percap,Augmentation,All ages,-0.0049,-0.0085,-0.0043,0.0038,-0.0072,0.0038
2023-09-01,percap,Augmentation,All ages,-0.0169,-0.0154,-0.0052,-0.0027,-0.0097,-0.0011
2023-10-01,percap,Augmentation,All ages,-0.0157,-0.0229,-0.0006,-0.0066,-0.0108,-0.0014
2023-11-01,percap,Augmentation,All ages,-0.0138,-0.0211,-0.0053,-0.0109,-0.0111,-0.0008
2023-12-01,percap,Augmentation,All ages,-0.0248,-0.0201,-0.0137,-0.0156,-0.0106,0.0032
2024-01-01,percap,Augmentation,All ages,-0.007,-0.0046,-0.0013,-0.0052,-0.0049,0.0096
2024-02-01,percap,Augmentation,All ages,-0.0152,-0.017,-0.0061,-0.0127,-0.0126,0.0046
2024-03-01,percap,Augmentation,All ages,-0.0176,-0.0169,-0.0088,-0.0184,-0.0128,0.0012
2024-04-01,percap,Augmentation,All ages,-0.0108,-0.0122,-0.0067,-0.0113,-0.0066,0.0063
2024-05-01,percap,Augmentation,All ages,-0.0039,-0.0099,-0.0119,-0.0124,-0.0089,0.015
2024-06-01,percap,Augmentation,All ages,-0.009,-0.0053,-0.008,-0.0111,-0.0069,0.0122
2024-07-01,percap,Augmentation,All ages,0.0018,0.0067,-0.0019,-0.0053,-0.0031,0.0136
2024-08-01,percap,Augmentation,All ages,-0.0019,0.0008,-0.0084,-0.0137,-0.0111,0.0089
2024-09-01,percap,Augmentation,All ages,-0.0071,-0.0043,-0.0174,-0.0198,-0.0135,0.0044
2024-10-01,percap,Augmentation,All ages,-0.0044,0.0016,-0.0117,-0.0139,-0.0048,0.0115
2024-11-01,percap,Augmentation,All ages,-0.0106,-0.0067,-0.014,-0.0178,-0.0085,0.0073
2024-12-01,percap,Augmentation,All ages,-0.0091,-0.0083,-0.018,-0.017,-0.0104,0.0031
2025-01-01,percap,Augmentation,All ages,-0.0047,0.01,-0.0089,-0.0054,-0.0014,0.009
2025-02-01,percap,Augmentation,All ages,0.0008,0.0067,-0.0083,-0.0092,-0.0055,0.0099
2025-03-01,percap,Augmentation,All ages,-0.0039,0.0082,-0.0091,-0.0096,-0.0043,0.0106
2025-04-01,percap,Augmentation,All ages,0.0015,0.0125,-0.0056,-0.0063,-0.0027,0.0119
2025-05-01,percap,Augmentation,All ages,0.0047,0.0065,0.0029,-0.0038,-0.0004,0.0051
2025-06-01,percap,Augmentation,All ages,0.0043,0.0151,0.0077,0.0055,0.0127,0.013
2025-07-01,percap,Augmentation,All ages,0.004,0.0067,-0.0011,0.0011,0.0065,0.0076
2025-08-01,percap,Augmentation,All ages,-0.0042,0.0025,-0.0098,-0.0016,0.0027,0.0002
2025-09-01,percap,Augmentation,All ages,-0.0071,0.0017,-0.0031,0.001,0.006,0.0049
2025-10-01,percap,Augmentation,All ages,-0.0111,0.0069,0.0019,-0.0023,0.0047,0.0032
2025-11-01,percap,Augmentation,All ages,-0.0003,0.0111,-0.0016,-0.0005,0.0033,0.0026
2025-12-01,percap,Augmentation,All ages,0.0002,0.0118,-0.0045,0.0054,0.0086,0.0089
2026-01-01,percap,Augmentation,All ages,0.0003,-0.0055,-0.0013,-0.0018,0.0054,0.0074
2026-02-01,percap,Augmentation,All ages,-0.0095,0.0019,-0.0081,-0.0009,0.0043,0.0023
2026-03-01,percap,Augmentation,All ages,-0.0127,0.0008,-0.0043,0.0019,0.001,0.0031
2026-04-01,percap,Augmentation,All ages,-0.0249,-0.0098,-0.0068,-0.0081,-0.0028,-0.0038
2022-01-01,percap,Automation,21-30,0.0842,0.0664,0.0737,0.0828,0.0867,0.07
2022-02-01,percap,Automation,21-30,0.0756,0.0632,0.0729,0.0977,0.0821,0.0983
2022-03-01,percap,Automation,21-30,0.0838,0.0695,0.0795,0.1193,0.0783,0.1331
2022-04-01,percap,Automation,21-30,0.1051,0.0787,0.1027,0.1589,0.0872,0.1721
2022-05-01,percap,Automation,21-30,0.0773,0.076,0.096,0.1442,0.0732,0.1654
2022-06-01,percap,Automation,21-30,0.0723,0.0625,0.0738,0.0834,0.0686,0.1366
2022-07-01,percap,Automation,21-30,0.0325,0.0418,0.0516,0.0424,0.0548,0.0902
2022-08-01,percap,Automation,21-30,0.0303,0.0298,0.0413,0.0225,0.053,0.0723
2022-09-01,percap,Automation,21-30,0.0198,0.0264,0.0378,0.019,0.0356,0.0581
2022-10-01,percap,Automation,21-30,0.0118,0.0168,0.0344,0.0069,0.0245,0.0378
2022-11-01,percap,Automation,21-30,-0.006,0.0183,0.0233,0.0008,0.027,0.0173
2022-12-01,percap,Automation,21-30,-0.0008,0.0026,0.027,-0.0124,0.0269,0.0369
2023-01-01,percap,Automation,21-30,-0.0114,0.0167,0.0376,0.0016,0.025,0.0704
2023-02-01,percap,Automation,21-30,-0.0162,0.0062,0.037,0.0014,0.0335,0.0442
2023-03-01,percap,Automation,21-30,-0.0316,0.0018,0.0179,-0.0165,0.0376,0.0147
2023-04-01,percap,Automation,21-30,-0.0288,0.0035,0.0157,-0.024,0.0313,-0.0005
2023-05-01,percap,Automation,21-30,-0.0307,-0.0061,0.0135,-0.027,0.0313,-0.0137
2023-06-01,percap,Automation,21-30,-0.0323,-0.0072,0.0222,-0.0176,0.0384,-0.0118
2023-07-01,percap,Automation,21-30,-0.0217,-0.0083,0.0115,-0.023,0.0313,-0.0077
2023-08-01,percap,Automation,21-30,-0.0182,0.0014,0.0099,-0.0234,0.0249,-0.0014
2023-09-01,percap,Automation,21-30,-0.028,0.0004,0.0102,-0.028,0.0085,-0.0119
2023-10-01,percap,Automation,21-30,-0.024,-0.0038,0.0047,-0.0304,0.0079,-0.0137
2023-11-01,percap,Automation,21-30,-0.0174,-0.0052,0.0061,-0.0322,-0.0034,-0.0193
2023-12-01,percap,Automation,21-30,-0.0283,-0.0004,0.0046,-0.0278,-0.0089,-0.0366
2024-01-01,percap,Automation,21-30,-0.0024,0.0049,0.006,-0.0168,0.0029,-0.0081
2024-02-01,percap,Automation,21-30,-0.0085,0.0054,-0.0006,-0.0267,-0.0044,-0.018
2024-03-01,percap,Automation,21-30,-0.0083,0.0046,-0.005,-0.0234,-0.0096,-0.0238
2024-04-01,percap,Automation,21-30,-0.0028,0.005,-0.0069,-0.0151,-0.008,-0.0146
2024-05-01,percap,Automation,21-30,-0.0044,0.0085,-0.0081,-0.0148,-0.0261,-0.0168
2024-06-01,percap,Automation,21-30,-0.0071,0.0038,-0.0158,-0.0171,-0.0204,-0.0139
2024-07-01,percap,Automation,21-30,0.0004,0.0177,-0.0121,-0.0068,-0.0118,0.0001
2024-08-01,percap,Automation,21-30,-0.0082,0.0094,-0.0112,-0.0123,-0.031,-0.0144
2024-09-01,percap,Automation,21-30,-0.0058,-0.0027,-0.0258,-0.0165,-0.0152,-0.0283
2024-10-01,percap,Automation,21-30,-0.004,0.0035,-0.0127,-0.002,-0.02,-0.0147
2024-11-01,percap,Automation,21-30,-0.0133,0.0028,-0.0188,-0.0064,-0.0273,-0.0194
2024-12-01,percap,Automation,21-30,-0.0115,-0.0053,-0.0275,-0.0069,-0.0247,-0.0219
2025-01-01,percap,Automation,21-30,-0.0025,0.0151,-0.0151,0.0025,-0.011,-0.0065
2025-02-01,percap,Automation,21-30,0.001,0.0076,-0.0175,0.0051,-0.0212,-0.0054
2025-03-01,percap,Automation,21-30,-0.006,0.0059,-0.0146,0.0063,-0.0212,-0.0039
2025-04-01,percap,Automation,21-30,-0.0045,0.0085,-0.0087,0.0067,-0.0144,-0.0043
2025-05-01,percap,Automation,21-30,0.0078,0.0065,-0.0078,0.0134,0.0112,-0.0022
2025-06-01,percap,Automation,21-30,0.0048,0.0083,0.0001,0.0132,0.0353,0.0011
2025-07-01,percap,Automation,21-30,0.0038,-0.0004,-0.0077,0.0086,0.0315,-0.005
2025-08-01,percap,Automation,21-30,-0.0032,-0.0016,-0.0192,0.003,0.0337,-0.0279
2025-09-01,percap,Automation,21-30,-0.0068,0.0034,-0.0112,0.0149,0.0243,-0.0031
2025-10-01,percap,Automation,21-30,-0.0034,0.0104,-0.014,0.0082,0.048,-0.0075
2025-11-01,percap,Automation,21-30,0.0068,0.0024,-0.0127,0.0111,0.048,-0.001
2025-12-01,percap,Automation,21-30,0.01,0.0029,-0.0066,0.0197,0.0492,0.0025
2026-01-01,percap,Automation,21-30,0.014,0.0008,-0.0176,0.0124,0.0356,0.0004
2026-02-01,percap,Automation,21-30,0.0036,-0.0066,-0.0178,0.0145,0.0379,-0.0052
2026-03-01,percap,Automation,21-30,-0.002,-0.0016,-0.0194,0.0083,0.0379,-0.0046
2026-04-01,percap,Automation,21-30,-0.0154,-0.0086,-0.0249,0.0005,0.0347,-0.0083
2022-01-01,percap,Automation,31-40,0.0605,0.0465,0.0604,0.0607,0.0466,0.0318
2022-02-01,percap,Automation,31-40,0.0587,0.0449,0.0623,0.0699,0.0459,0.0436
2022-03-01,percap,Automation,31-40,0.0779,0.0583,0.0676,0.0816,0.04,0.0645
2022-04-01,percap,Automation,31-40,0.0946,0.0684,0.0901,0.1066,0.0567,0.0868
2022-05-01,percap,Automation,31-40,0.0877,0.0625,0.0842,0.0928,0.047,0.0816
2022-06-01,percap,Automation,31-40,0.0855,0.0642,0.0761,0.0724,0.0511,0.0738
2022-07-01,percap,Automation,31-40,0.0426,0.0434,0.0571,0.0457,0.0367,0.0518
2022-08-01,percap,Automation,31-40,0.0304,0.0313,0.047,0.0332,0.0334,0.0368
2022-09-01,percap,Automation,31-40,0.0237,0.0214,0.0413,0.0286,0.033,0.0272
2022-10-01,percap,Automation,31-40,0.017,0.0161,0.0319,0.0171,0.0195,0.0028
2022-11-01,percap,Automation,31-40,0.0046,0.0116,0.0297,0.0121,0.0198,-0.004
2022-12-01,percap,Automation,31-40,0.0005,0.0042,0.0268,0.0082,0.0163,-0.0009
2023-01-01,percap,Automation,31-40,0.005,0.0087,0.0331,0.0243,0.0193,0.0135
2023-02-01,percap,Automation,31-40,-0.0008,0.0041,0.0268,0.014,0.025,-0.0014
2023-03-01,percap,Automation,31-40,-0.0164,-0.0052,0.0158,0.0021,0.0255,-0.0222
2023-04-01,percap,Automation,31-40,-0.0111,-0.0019,0.0107,-0.0098,0.0193,-0.032
2023-05-01,percap,Automation,31-40,-0.0249,-0.0094,0.0075,-0.0074,0.0192,-0.0382
2023-06-01,percap,Automation,31-40,-0.018,-0.0128,0.0147,-0.0016,0.0328,-0.0277
2023-07-01,percap,Automation,31-40,-0.0028,-0.0137,0.0081,-0.0071,0.0185,-0.0319
2023-08-01,percap,Automation,31-40,-0.021,-0.0058,0.0099,-0.0057,0.018,-0.0315
2023-09-01,percap,Automation,31-40,-0.0317,-0.0157,0.0033,-0.0111,0.0167,-0.0357
2023-10-01,percap,Automation,31-40,-0.0351,-0.0169,0.006,-0.0116,0.012,-0.0303
2023-11-01,percap,Automation,31-40,-0.0384,-0.0156,0.0055,-0.0125,0.0084,-0.0351
2023-12-01,percap,Automation,31-40,-0.0461,-0.0135,0.0077,-0.0103,0.0063,-0.0443
2024-01-01,percap,Automation,31-40,-0.0234,-0.0052,0.0098,0.0002,0.0105,-0.0238
2024-02-01,percap,Automation,31-40,-0.0317,-0.0114,0.0064,-0.0082,-0.0004,-0.0361
2024-03-01,percap,Automation,31-40,-0.0306,-0.0128,0.0039,-0.0114,0.0006,-0.0385
2024-04-01,percap,Automation,31-40,-0.027,-0.0117,0.0042,-0.0019,0.003,-0.0309
2024-05-01,percap,Automation,31-40,-0.0132,-0.0072,0.0063,0.0029,-0.0015,-0.0343
2024-06-01,percap,Automation,31-40,-0.0248,-0.0012,0.0051,0.0032,-0.0007,-0.0319
2024-07-01,percap,Automation,31-40,-0.0095,0.0098,0.0062,0.0084,0.0052,-0.0278
2024-08-01,percap,Automation,31-40,-0.0027,-0.0022,-0.0011,-0.0018,-0.0073,-0.0299
2024-09-01,percap,Automation,31-40,-0.0179,-0.0044,-0.007,-0.0095,-0.0064,-0.0376
2024-10-01,percap,Automation,31-40,-0.0095,-0.0068,-0.0001,0.0012,-0.0032,-0.0301
2024-11-01,percap,Automation,31-40,-0.0179,-0.0089,-0.0062,-0.0028,-0.0094,-0.0333
2024-12-01,percap,Automation,31-40,-0.015,-0.0133,-0.0113,-0.0047,-0.0126,-0.0353
2025-01-01,percap,Automation,31-40,-0.0195,0.0004,-0.0049,0.0058,-0.0044,-0.0221
2025-02-01,percap,Automation,31-40,-0.016,-0.0073,-0.0089,0.0038,-0.0123,-0.0217
2025-03-01,percap,Automation,31-40,-0.0186,-0.0071,-0.0114,0.0062,-0.0141,-0.0198
2025-04-01,percap,Automation,31-40,-0.0126,-0.0028,-0.008,0.0093,-0.0092,-0.019
2025-05-01,percap,Automation,31-40,-0.0067,-0.0048,-0.008,0.0043,-0.0065,-0.015
2025-06-01,percap,Automation,31-40,-0.0036,-0.0005,0.0037,0.0121,0.0211,-0.0112
2025-07-01,percap,Automation,31-40,-0.0033,-0.0095,-0.0025,0.0042,0.0191,-0.0108
2025-08-01,percap,Automation,31-40,-0.0206,-0.0089,-0.0023,0.0024,0.0173,-0.0189
2025-09-01,percap,Automation,31-40,-0.016,-0.0122,-0.0026,0.0071,0.0105,-0.0168
2025-10-01,percap,Automation,31-40,-0.0268,-0.0055,-0.0038,0.0047,0.0183,-0.018
2025-11-01,percap,Automation,31-40,-0.0127,-0.0078,-0.0034,0.0029,0.02,-0.018
2025-12-01,percap,Automation,31-40,-0.0122,-0.006,0.0005,0.0064,0.026,-0.0166
2026-01-01,percap,Automation,31-40,-0.0046,-0.0087,0.0006,-0.0009,0.0255,-0.0139
2026-02-01,percap,Automation,31-40,-0.0212,-0.0101,-0.0028,-0.0009,0.0265,-0.0201
2026-03-01,percap,Automation,31-40,-0.0276,-0.0126,-0.0001,-0.0032,0.0262,-0.0186
2026-04-01,percap,Automation,31-40,-0.042,-0.0195,-0.0039,-0.0088,0.0202,-0.0269
2022-01-01,percap,Automation,41-50,0.0911,0.0409,0.0514,0.0483,0.0321,0.0443
2022-02-01,percap,Automation,41-50,0.0942,0.0466,0.0565,0.0556,0.0368,0.0536
2022-03-01,percap,Automation,41-50,0.1027,0.0563,0.0547,0.0651,0.0351,0.0623
2022-04-01,percap,Automation,41-50,0.1276,0.0737,0.0809,0.0868,0.0499,0.0859
2022-05-01,percap,Automation,41-50,0.1256,0.0696,0.0762,0.0734,0.0406,0.0789
2022-06-01,percap,Automation,41-50,0.1062,0.0688,0.0734,0.0629,0.0472,0.0775
2022-07-01,percap,Automation,41-50,0.0655,0.0456,0.0551,0.0371,0.0317,0.0621
2022-08-01,percap,Automation,41-50,0.0545,0.0339,0.0401,0.0286,0.0268,0.0411
2022-09-01,percap,Automation,41-50,0.0476,0.0201,0.0389,0.027,0.0249,0.0334
2022-10-01,percap,Automation,41-50,0.0384,0.0174,0.0304,0.0168,0.016,0.0164
2022-11-01,percap,Automation,41-50,0.0163,0.0145,0.0306,0.0108,0.0195,0.0137
2022-12-01,percap,Automation,41-50,0.0223,0.0141,0.0286,0.0106,0.0139,0.0127
2023-01-01,percap,Automation,41-50,0.0181,0.011,0.0315,0.0211,0.0141,0.0251
2023-02-01,percap,Automation,41-50,0.0119,0.0036,0.0264,0.01,0.0154,0.0108
2023-03-01,percap,Automation,41-50,0.0042,-0.0019,0.0217,-0.0018,0.0158,0.0019
2023-04-01,percap,Automation,41-50,0.0003,-0.008,0.0087,-0.0107,0.0064,-0.0116
2023-05-01,percap,Automation,41-50,0.0009,-0.0121,0.0105,-0.0054,0.0063,-0.0135
2023-06-01,percap,Automation,41-50,0.0094,-0.0076,0.0189,0.0038,0.0215,-0.0025
2023-07-01,percap,Automation,41-50,0.0182,-0.0082,0.011,-0.0004,0.0065,-0.0139
2023-08-01,percap,Automation,41-50,0.0105,-0.0045,0.0143,-0.0004,0.005,-0.0134
2023-09-01,percap,Automation,41-50,-0.0031,-0.0049,0.007,-0.0025,0.0016,-0.0155
2023-10-01,percap,Automation,41-50,-0.0029,-0.0069,0.0075,-0.0079,0.0009,-0.0125
2023-11-01,percap,Automation,41-50,-0.0006,-0.0071,0.0046,-0.0051,0.0005,-0.0177
2023-12-01,percap,Automation,41-50,-0.0139,-0.0048,0.0067,-0.0107,-0.0005,-0.0281
2024-01-01,percap,Automation,41-50,-0.0008,0.0065,0.0138,-0.002,0.0025,-0.0124
2024-02-01,percap,Automation,41-50,-0.0145,-0.0027,0.0066,-0.0083,-0.0041,-0.0218
2024-03-01,percap,Automation,41-50,-0.0151,-0.0025,0.0008,-0.0091,-0.009,-0.0269
2024-04-01,percap,Automation,41-50,-0.0069,-0.0031,0.0025,-0.0017,-0.0029,-0.0211
2024-05-01,percap,Automation,41-50,0.0043,0.0038,-0.0003,0.0011,-0.0066,-0.0237
2024-06-01,percap,Automation,41-50,0.0045,0.0071,0.0023,0.004,-0.0032,-0.0151
2024-07-01,percap,Automation,41-50,0.0158,0.0136,0.0014,0.0078,-0.0007,-0.0092
2024-08-01,percap,Automation,41-50,0.0089,0.0096,-0.0029,0.0006,-0.0091,-0.0136
2024-09-01,percap,Automation,41-50,0.0053,0.002,-0.0029,-0.0038,-0.0088,-0.019
2024-10-01,percap,Automation,41-50,0.0031,0.0022,0.0024,0.0052,-0.0076,-0.0154
2024-11-01,percap,Automation,41-50,0.0048,-0.001,-0.0031,0.0025,-0.0132,-0.0178
2024-12-01,percap,Automation,41-50,0.0057,-0.003,-0.0057,0.0037,-0.0124,-0.0194
2025-01-01,percap,Automation,41-50,0.0141,0.0038,-0.0043,0.0093,-0.0063,-0.005
2025-02-01,percap,Automation,41-50,0.0226,0.0065,-0.0036,0.0107,-0.0083,-0.0078
2025-03-01,percap,Automation,41-50,0.0145,0.0038,-0.0011,0.0104,-0.0058,-0.0071
2025-04-01,percap,Automation,41-50,0.0199,0.009,0.0026,0.0097,-0.0035,-0.0049
2025-05-01,percap,Automation,41-50,0.0111,0.0042,0.0061,0.0061,0.002,-0.0021
2025-06-01,percap,Automation,41-50,0.0027,0.0075,0.0169,0.0177,0.0229,0.0028
2025-07-01,percap,Automation,41-50,0.0081,-0.0038,0.0105,0.0106,0.0175,-0.0061
2025-08-01,percap,Automation,41-50,0.0066,-0.0072,0.0064,0.0037,0.0173,-0.0135
2025-09-01,percap,Automation,41-50,0.0012,-0.0023,0.0062,0.0058,0.0148,-0.0083
2025-10-01,percap,Automation,41-50,-0.0057,0.0004,0.0054,0.0027,0.0179,-0.0052
2025-11-01,percap,Automation,41-50,-0.0007,-0.0002,0.0037,0.0023,0.0181,-0.0064
2025-12-01,percap,Automation,41-50,0.002,-0.0042,0.008,0.0059,0.0226,-0.0053
2026-01-01,percap,Automation,41-50,-0.0037,-0.0038,0.005,0.0015,0.0193,-0.0084
2026-02-01,percap,Automation,41-50,-0.0117,-0.0074,0.0018,0.0005,0.0172,-0.0086
2026-03-01,percap,Automation,41-50,-0.0175,-0.0063,0.0061,0.0022,0.0168,-0.0052
2026-04-01,percap,Automation,41-50,-0.0235,-0.0128,-0.0018,-0.0028,0.0139,-0.0091
2022-01-01,percap,Automation,51-60,0.0526,0.0442,0.0244,0.0429,0.0419,0.0409
2022-02-01,percap,Automation,51-60,0.0441,0.0445,0.0291,0.0515,0.0421,0.0499
2022-03-01,percap,Automation,51-60,0.0487,0.0568,0.0362,0.057,0.0456,0.0576
2022-04-01,percap,Automation,51-60,0.0711,0.0671,0.055,0.073,0.0555,0.0793
2022-05-01,percap,Automation,51-60,0.0463,0.0569,0.0475,0.0593,0.0494,0.0709
2022-06-01,percap,Automation,51-60,0.0489,0.0623,0.0446,0.0566,0.0546,0.0725
2022-07-01,percap,Automation,51-60,0.03,0.0389,0.0341,0.0366,0.0402,0.0586
2022-08-01,percap,Automation,51-60,0.0199,0.0301,0.0256,0.0298,0.0375,0.0434
2022-09-01,percap,Automation,51-60,0.0202,0.0228,0.0232,0.0268,0.0327,0.0351
2022-10-01,percap,Automation,51-60,0.0138,0.021,0.0184,0.0165,0.0226,0.0244
2022-11-01,percap,Automation,51-60,0.0101,0.0168,0.0152,0.0141,0.0244,0.0216
2022-12-01,percap,Automation,51-60,0.0093,0.0125,0.0109,0.0097,0.0203,0.021
2023-01-01,percap,Automation,51-60,0.0166,0.0157,0.0151,0.0223,0.0249,0.0333
2023-02-01,percap,Automation,51-60,0.0103,0.014,0.0126,0.0133,0.0216,0.016
2023-03-01,percap,Automation,51-60,0.0113,0.0091,0.0073,0.007,0.0161,0.0121
2023-04-01,percap,Automation,51-60,0.0055,0.0051,0.0001,-0.0012,0.0103,0.0007
2023-05-01,percap,Automation,51-60,0.011,0.0028,0.0013,0.0036,0.0106,-0.0025
2023-06-01,percap,Automation,51-60,0.0166,0.0056,0.0122,0.0096,0.0249,0.0146
2023-07-01,percap,Automation,51-60,0.021,0.0066,0.0067,0.0075,0.0143,0.0025
2023-08-01,percap,Automation,51-60,0.0166,0.0058,0.0071,0.0032,0.0057,0.0016
2023-09-01,percap,Automation,51-60,0.0008,0.0026,0.0064,0.0014,0.0073,0.0011
2023-10-01,percap,Automation,51-60,0.0047,-0.002,0.0057,0.0019,0.0051,0.0042
2023-11-01,percap,Automation,51-60,0.0072,0.0051,0.0069,0.0008,0.0014,-0.0018
2023-12-01,percap,Automation,51-60,-0.0059,0.0056,0.011,0.0005,0.0019,-0.0095
2024-01-01,percap,Automation,51-60,0.001,0.0114,0.0132,0.0033,0.0055,-0.001
2024-02-01,percap,Automation,51-60,-0.0032,0.0074,0.0079,-0.0009,0.0019,-0.0027
2024-03-01,percap,Automation,51-60,-0.0144,0.0047,0.004,-0.0028,-0.0003,-0.0102
2024-04-01,percap,Automation,51-60,-0.0043,0.0046,0.0054,0.0062,0.0066,-0.0046
2024-05-01,percap,Automation,51-60,0.0001,0.0066,0.004,0.0083,0.0032,-0.0068
2024-06-01,percap,Automation,51-60,-0.0063,0.0104,0.0084,0.0132,0.0069,-0.0029
2024-07-01,percap,Automation,51-60,0.0033,0.0146,0.003,0.0119,0.0077,0.0029
2024-08-01,percap,Automation,51-60,-0.0032,0.0058,0.0056,0.006,0.0021,-0.0047
2024-09-01,percap,Automation,51-60,-0.0078,0.0047,-0.0008,-0.0019,-0.0037,-0.0101
2024-10-01,percap,Automation,51-60,-0.0056,0.0067,0.0076,0.0039,0.0019,-0.0079
2024-11-01,percap,Automation,51-60,-0.0149,-0.0022,0.0012,0.0017,0.0017,-0.01
2024-12-01,percap,Automation,51-60,-0.0145,-0.0034,-0.0055,0.0007,-0.001,-0.0096
2025-01-01,percap,Automation,51-60,-0.0095,0.0073,0.005,0.005,0.0037,0.0029
2025-02-01,percap,Automation,51-60,-0.0025,0.0022,0.0047,0.0033,0.0007,0.0003
2025-03-01,percap,Automation,51-60,-0.0033,-0.0018,0.0035,0.0023,0.0002,0.0015
2025-04-01,percap,Automation,51-60,0.0054,0.0045,0.0073,0.0043,0.0023,0.0062
2025-05-01,percap,Automation,51-60,0.0082,0.0036,0.0074,0.004,0.0023,0.0069
2025-06-01,percap,Automation,51-60,0.0158,0.0086,0.0138,0.0169,0.022,0.0183
2025-07-01,percap,Automation,51-60,0.0096,0.0028,0.0106,0.0091,0.0133,0.0053
2025-08-01,percap,Automation,51-60,0.0028,0.0006,0.0041,0.002,0.0085,-0.0006
2025-09-01,percap,Automation,51-60,-0.0051,-0.004,0.0057,0.0058,0.0097,0.0002
2025-10-01,percap,Automation,51-60,-0.007,0.0004,0.0034,0.0054,0.0101,0.0049
2025-11-01,percap,Automation,51-60,0.0069,-0.0022,-0.0007,0.0033,0.0068,0.0018
2025-12-01,percap,Automation,51-60,0.0022,-0.0032,0.0063,0.0041,0.0088,0.0026
2026-01-01,percap,Automation,51-60,-0.0041,-0.0087,0.001,0.0013,0.005,0.0012
2026-02-01,percap,Automation,51-60,-0.0078,-0.0124,-0.0044,-0.0014,0.0064,-0.0013
2026-03-01,percap,Automation,51-60,-0.0019,-0.0064,0.0014,-0.0017,0.0069,0.002
2026-04-01,percap,Automation,51-60,-0.0171,-0.0109,-0.0069,-0.0061,0.0013,-0.0085
2022-01-01,percap,Automation,All ages,0.0723,0.0495,0.0534,0.0605,0.0482,0.0461
2022-02-01,percap,Automation,All ages,0.0683,0.0497,0.0561,0.0706,0.0487,0.0611
2022-03-01,percap,Automation,All ages,0.0785,0.0601,0.0603,0.0836,0.0469,0.0795
2022-04-01,percap,Automation,All ages,0.0997,0.0719,0.0832,0.1103,0.0599,0.1063
2022-05-01,percap,Automation,All ages,0.0841,0.0663,0.0771,0.0965,0.0505,0.0997
2022-06-01,percap,Automation,All ages,0.0783,0.0642,0.068,0.0699,0.0544,0.0908
2022-07-01,percap,Automation,All ages,0.0419,0.0421,0.0503,0.0401,0.0397,0.0657
2022-08-01,percap,Automation,All ages,0.0333,0.031,0.0394,0.0271,0.0365,0.0482
2022-09-01,percap,Automation,All ages,0.0272,0.0225,0.036,0.0241,0.0316,0.0383
2022-10-01,percap,Automation,All ages,0.0197,0.0175,0.0294,0.0131,0.0208,0.0195
2022-11-01,percap,Automation,All ages,0.0054,0.015,0.0253,0.008,0.0228,0.011
2022-12-01,percap,Automation,All ages,0.0072,0.0077,0.024,0.0018,0.0191,0.0167
2023-01-01,percap,Automation,All ages,0.0061,0.0127,0.0301,0.0152,0.0208,0.035
2023-02-01,percap,Automation,All ages,0.0004,0.0066,0.0263,0.0084,0.0233,0.0168
2023-03-01,percap,Automation,All ages,-0.0094,0.0004,0.0162,-0.0043,0.0228,0.0003
2023-04-01,percap,Automation,All ages,-0.0097,-0.0007,0.0093,-0.0135,0.0158,-0.0123
2023-05-01,percap,Automation,All ages,-0.0124,-0.0067,0.0086,-0.0117,0.0159,-0.0186
2023-06-01,percap,Automation,All ages,-0.0079,-0.0063,0.0171,-0.0043,0.0291,-0.0091
2023-07-01,percap,Automation,All ages,0.0017,-0.0068,0.0093,-0.0092,0.0168,-0.0144
2023-08-01,percap,Automation,All ages,-0.0049,-0.0013,0.0104,-0.0095,0.0129,-0.0125
2023-09-01,percap,Automation,All ages,-0.0169,-0.0051,0.0066,-0.0128,0.0091,-0.0172
2023-10-01,percap,Automation,All ages,-0.0157,-0.008,0.006,-0.0148,0.0072,-0.0147
2023-11-01,percap,Automation,All ages,-0.0138,-0.0065,0.0058,-0.0151,0.0031,-0.0201
2023-12-01,percap,Automation,All ages,-0.0248,-0.0039,0.0074,-0.0145,0.0014,-0.0315
2024-01-01,percap,Automation,All ages,-0.007,0.0037,0.0107,-0.0058,0.0065,-0.0124
2024-02-01,percap,Automation,All ages,-0.0152,-0.0009,0.0051,-0.0132,-0.0007,-0.0212
2024-03-01,percap,Automation,All ages,-0.0176,-0.0021,0.0011,-0.0135,-0.0033,-0.0262
2024-04-01,percap,Automation,All ages,-0.0108,-0.0018,0.0013,-0.005,0.0012,-0.019
2024-05-01,percap,Automation,All ages,-0.0039,0.0025,0.0007,-0.0026,-0.0049,-0.0218
2024-06-01,percap,Automation,All ages,-0.009,0.0045,0.0,-0.0021,-0.0019,-0.0174
2024-07-01,percap,Automation,All ages,0.0018,0.0135,-0.0002,0.0031,0.0021,-0.0098
2024-08-01,percap,Automation,All ages,-0.0019,0.0052,-0.0027,-0.0038,-0.0086,-0.0168
2024-09-01,percap,Automation,All ages,-0.0071,-0.0006,-0.0091,-0.0096,-0.0071,-0.0251
2024-10-01,percap,Automation,All ages,-0.0044,0.0009,-0.0009,0.001,-0.0052,-0.018
2024-11-01,percap,Automation,All ages,-0.0106,-0.0026,-0.0069,-0.0024,-0.0098,-0.0212
2024-12-01,percap,Automation,All ages,-0.0091,-0.0068,-0.0125,-0.003,-0.0105,-0.0228
2025-01-01,percap,Automation,All ages,-0.0047,0.0065,-0.005,0.0047,-0.0031,-0.0087
2025-02-01,percap,Automation,All ages,0.0008,0.0019,-0.0067,0.0051,-0.0084,-0.0097
2025-03-01,percap,Automation,All ages,-0.0039,-0.0001,-0.0064,0.0058,-0.0083,-0.0082
2025-04-01,percap,Automation,All ages,0.0015,0.0045,-0.0021,0.0071,-0.0046,-0.0066
2025-05-01,percap,Automation,All ages,0.0047,0.0019,-0.0011,0.0069,0.0018,-0.004
2025-06-01,percap,Automation,All ages,0.0043,0.0056,0.0084,0.014,0.0248,0.0015
2025-07-01,percap,Automation,All ages,0.004,-0.0031,0.0022,0.0074,0.0196,-0.0049
2025-08-01,percap,Automation,All ages,-0.0042,-0.0046,-0.0028,0.0022,0.0181,-0.0163
2025-09-01,percap,Automation,All ages,-0.0071,-0.004,-0.0007,0.0084,0.0143,-0.0077
2025-10-01,percap,Automation,All ages,-0.0111,0.0012,-0.0023,0.0051,0.0212,-0.0074
2025-11-01,percap,Automation,All ages,-0.0003,-0.0022,-0.0032,0.005,0.0208,-0.0066
2025-12-01,percap,Automation,All ages,0.0002,-0.0027,0.002,0.0094,0.0245,-0.0049
2026-01-01,percap,Automation,All ages,0.0003,-0.0052,-0.0025,0.0038,0.0201,-0.0058
2026-02-01,percap,Automation,All ages,-0.0095,-0.0092,-0.0054,0.0035,0.0207,-0.0094
2026-03-01,percap,Automation,All ages,-0.0127,-0.0069,-0.0026,0.0014,0.0205,-0.0074
2026-04-01,percap,Automation,All ages,-0.0249,-0.0132,-0.0089,-0.0045,0.0159,-0.0138
2022-01-01,percap_sa,Augmentation,21-30,0.0843,0.1121,0.0417,0.1044,0.0772,0.0771
2022-02-01,percap_sa,Augmentation,21-30,0.0756,0.1133,0.0567,0.1185,0.087,0.0861
2022-03-01,percap_sa,Augmentation,21-30,0.0838,0.1321,0.0702,0.1533,0.1081,0.0896
2022-04-01,percap_sa,Augmentation,21-30,0.105,0.1626,0.0923,0.1996,0.1424,0.1065
2022-05-01,percap_sa,Augmentation,21-30,0.0772,0.1517,0.0819,0.1938,0.1284,0.1024
2022-06-01,percap_sa,Augmentation,21-30,0.0722,0.1067,0.064,0.174,0.0698,0.0767
2022-07-01,percap_sa,Augmentation,21-30,0.0325,0.0626,0.0507,0.1124,0.0258,0.0605
2022-08-01,percap_sa,Augmentation,21-30,0.0304,0.0349,0.0382,0.0974,0.0101,0.049
2022-09-01,percap_sa,Augmentation,21-30,0.0198,0.0279,0.0282,0.0893,0.0005,0.0495
2022-10-01,percap_sa,Augmentation,21-30,0.0118,0.0178,0.0159,0.0697,-0.0089,0.0373
2022-11-01,percap_sa,Augmentation,21-30,-0.006,0.0096,0.001,0.0644,-0.0146,0.0309
2022-12-01,percap_sa,Augmentation,21-30,-0.0008,-0.0055,0.0246,0.0585,-0.0241,0.0195
2023-01-01,percap_sa,Augmentation,21-30,-0.0114,0.0206,0.0378,0.0912,-0.0154,0.0333
2023-02-01,percap_sa,Augmentation,21-30,-0.0161,0.0113,0.0203,0.0794,-0.0111,0.0267
2023-03-01,percap_sa,Augmentation,21-30,-0.0316,-0.0063,-0.0009,0.0569,-0.0226,0.0121
2023-04-01,percap_sa,Augmentation,21-30,-0.0288,-0.0165,-0.0019,0.0392,-0.029,0.0072
2023-05-01,percap_sa,Augmentation,21-30,-0.0306,-0.022,-0.0072,0.0259,-0.0309,-0.0008
2023-06-01,percap_sa,Augmentation,21-30,-0.0324,-0.0296,-0.0016,0.0202,-0.0161,0.0085
2023-07-01,percap_sa,Augmentation,21-30,-0.0216,-0.034,-0.0038,0.021,-0.0187,-0.0002
2023-08-01,percap_sa,Augmentation,21-30,-0.0183,-0.0209,0.0042,0.0163,-0.021,0.0001
2023-09-01,percap_sa,Augmentation,21-30,-0.0279,-0.0265,-0.0013,0.0029,-0.0245,-0.0034
2023-10-01,percap_sa,Augmentation,21-30,-0.0238,-0.0397,0.0013,-0.0026,-0.0261,-0.006
2023-11-01,percap_sa,Augmentation,21-30,-0.0174,-0.0388,-0.0041,-0.0148,-0.0252,-0.0062
2023-12-01,percap_sa,Augmentation,21-30,-0.0282,-0.0384,-0.0215,-0.0189,-0.0245,0.0051
2024-01-01,percap_sa,Augmentation,21-30,-0.0023,-0.029,0.0002,-0.0043,-0.0138,0.0096
2024-02-01,percap_sa,Augmentation,21-30,-0.0085,-0.0328,-0.0006,-0.02,-0.023,0.0008
2024-03-01,percap_sa,Augmentation,21-30,-0.0082,-0.0334,-0.0028,-0.0284,-0.0203,-0.0005
2024-04-01,percap_sa,Augmentation,21-30,-0.0028,-0.0211,-0.0007,-0.0209,-0.0129,-0.0012
2024-05-01,percap_sa,Augmentation,21-30,-0.0045,-0.0203,-0.0062,-0.0245,-0.0204,0.0105
2024-06-01,percap_sa,Augmentation,21-30,-0.0071,-0.0155,-0.0065,-0.0233,-0.02,-0.0019
2024-07-01,percap_sa,Augmentation,21-30,0.0004,0.001,0.0064,-0.0124,-0.0115,0.0047
2024-08-01,percap_sa,Augmentation,21-30,-0.0082,-0.0048,-0.0057,-0.0253,-0.0204,0.0044
2024-09-01,percap_sa,Augmentation,21-30,-0.0058,-0.0131,-0.0181,-0.0335,-0.0202,-0.0074
2024-10-01,percap_sa,Augmentation,21-30,-0.0041,-0.0007,-0.0071,-0.0271,-0.0064,0.003
2024-11-01,percap_sa,Augmentation,21-30,-0.0133,-0.0088,-0.0086,-0.0316,-0.0127,-0.0003
2024-12-01,percap_sa,Augmentation,21-30,-0.0116,-0.0098,-0.013,-0.0322,-0.0131,-0.0095
2025-01-01,percap_sa,Augmentation,21-30,-0.0025,0.021,-0.0042,-0.0117,-0.003,-0.0019
2025-02-01,percap_sa,Augmentation,21-30,0.0009,0.0135,-0.0026,-0.0139,-0.0062,-0.0004
2025-03-01,percap_sa,Augmentation,21-30,-0.0061,0.0144,-0.0002,-0.0175,-0.0019,-0.0015
2025-04-01,percap_sa,Augmentation,21-30,-0.0045,0.0143,0.0026,-0.0173,-0.0008,0.0037
2025-05-01,percap_sa,Augmentation,21-30,0.0078,0.0157,0.0106,-0.009,0.0092,-0.0024
2025-06-01,percap_sa,Augmentation,21-30,0.0048,0.0216,0.0154,-0.0062,0.0128,0.0034
2025-07-01,percap_sa,Augmentation,21-30,0.0037,0.0139,0.0057,-0.0097,0.0095,-0.0039
2025-08-01,percap_sa,Augmentation,21-30,-0.0032,0.011,-0.0163,-0.0111,0.007,-0.0168
2025-09-01,percap_sa,Augmentation,21-30,-0.0069,0.0162,0.0048,-0.0024,0.0168,-0.0088
2025-10-01,percap_sa,Augmentation,21-30,-0.0035,0.021,0.0087,-0.0074,0.0121,-0.0093
2025-11-01,percap_sa,Augmentation,21-30,0.0068,0.028,0.0077,-0.0026,0.0143,-0.0115
2025-12-01,percap_sa,Augmentation,21-30,0.01,0.0316,0.0021,0.0073,0.0243,-0.0038
2026-01-01,percap_sa,Augmentation,21-30,0.0139,0.0053,0.0041,-0.0123,0.0216,-0.0032
2026-02-01,percap_sa,Augmentation,21-30,0.0036,0.0238,-0.0039,-0.0094,0.0186,-0.0092
2026-03-01,percap_sa,Augmentation,21-30,-0.0019,0.0234,-0.0051,-0.0038,0.0089,-0.0067
2026-04-01,percap_sa,Augmentation,21-30,-0.0155,0.0133,-0.0041,-0.017,0.0028,-0.0127
2022-01-01,percap_sa,Augmentation,31-40,0.0605,0.0891,0.0199,0.0519,0.0596,0.0519
2022-02-01,percap_sa,Augmentation,31-40,0.0587,0.0888,0.0281,0.0556,0.0664,0.0569
2022-03-01,percap_sa,Augmentation,31-40,0.0779,0.1087,0.0416,0.0653,0.0727,0.0642
2022-04-01,percap_sa,Augmentation,31-40,0.0947,0.1342,0.0589,0.0899,0.0925,0.083
2022-05-01,percap_sa,Augmentation,31-40,0.0876,0.1188,0.0517,0.0842,0.078,0.0806
2022-06-01,percap_sa,Augmentation,31-40,0.0855,0.0931,0.0473,0.0838,0.0631,0.0765
2022-07-01,percap_sa,Augmentation,31-40,0.0426,0.0599,0.0323,0.0632,0.0388,0.0559
2022-08-01,percap_sa,Augmentation,31-40,0.0304,0.0412,0.0215,0.0499,0.0317,0.0441
2022-09-01,percap_sa,Augmentation,31-40,0.0237,0.0319,0.0193,0.0404,0.0258,0.0378
2022-10-01,percap_sa,Augmentation,31-40,0.0171,0.0198,0.0008,0.0232,0.0153,0.0294
2022-11-01,percap_sa,Augmentation,31-40,0.0046,0.0127,-0.0015,0.0219,0.0106,0.0224
2022-12-01,percap_sa,Augmentation,31-40,0.0006,-0.0002,0.0041,0.0158,0.0058,0.0222
2023-01-01,percap_sa,Augmentation,31-40,0.005,0.0146,0.0123,0.0275,0.0191,0.0282
2023-02-01,percap_sa,Augmentation,31-40,-0.0007,0.0077,0.0024,0.0202,0.0122,0.0215
2023-03-01,percap_sa,Augmentation,31-40,-0.0164,-0.0118,-0.0133,0.0056,0.0069,0.0139
2023-04-01,percap_sa,Augmentation,31-40,-0.0112,-0.0163,-0.0155,-0.0033,-0.004,0.0053
2023-05-01,percap_sa,Augmentation,31-40,-0.0248,-0.0145,-0.0218,-0.0051,-0.0013,-0.0018
2023-06-01,percap_sa,Augmentation,31-40,-0.0179,-0.0187,-0.0138,0.0021,0.0124,0.0011
2023-07-01,percap_sa,Augmentation,31-40,-0.0028,-0.0214,-0.0202,-0.0029,0.0008,0.0001
2023-08-01,percap_sa,Augmentation,31-40,-0.0211,-0.0154,-0.0197,0.0002,0.0,0.0045
2023-09-01,percap_sa,Augmentation,31-40,-0.0317,-0.0285,-0.0215,-0.0038,-0.0058,-0.0022
2023-10-01,percap_sa,Augmentation,31-40,-0.0351,-0.0325,-0.0128,-0.0079,-0.0068,-0.0012
2023-11-01,percap_sa,Augmentation,31-40,-0.0384,-0.0297,-0.0186,-0.0101,-0.0094,0.0009
2023-12-01,percap_sa,Augmentation,31-40,-0.0462,-0.0277,-0.0235,-0.0153,-0.0066,0.0019
2024-01-01,percap_sa,Augmentation,31-40,-0.0235,-0.0064,-0.011,-0.004,-0.0002,0.0066
2024-02-01,percap_sa,Augmentation,31-40,-0.0317,-0.0216,-0.019,-0.0133,-0.0104,0.0042
2024-03-01,percap_sa,Augmentation,31-40,-0.0306,-0.0225,-0.0207,-0.0153,-0.0113,-0.0002
2024-04-01,percap_sa,Augmentation,31-40,-0.0271,-0.0207,-0.0179,-0.0091,-0.0056,0.0084
2024-05-01,percap_sa,Augmentation,31-40,-0.0131,-0.0158,-0.0222,-0.0108,-0.0051,0.0171
2024-06-01,percap_sa,Augmentation,31-40,-0.0248,-0.0114,-0.0192,-0.0098,-0.005,0.017
2024-07-01,percap_sa,Augmentation,31-40,-0.0095,0.0017,-0.0154,-0.0043,-0.0002,0.0192
2024-08-01,percap_sa,Augmentation,31-40,-0.0027,-0.0054,-0.0196,-0.0129,-0.0108,0.0083
2024-09-01,percap_sa,Augmentation,31-40,-0.0179,-0.0083,-0.0299,-0.0186,-0.0137,0.0051
2024-10-01,percap_sa,Augmentation,31-40,-0.0095,-0.0069,-0.0235,-0.0132,-0.0042,0.0111
2024-11-01,percap_sa,Augmentation,31-40,-0.0179,-0.016,-0.0255,-0.0181,-0.0065,0.0048
2024-12-01,percap_sa,Augmentation,31-40,-0.015,-0.0206,-0.0317,-0.0173,-0.0096,0.0029
2025-01-01,percap_sa,Augmentation,31-40,-0.0195,-0.0026,-0.0239,-0.0053,0.0019,0.0096
2025-02-01,percap_sa,Augmentation,31-40,-0.0159,-0.0092,-0.0229,-0.0106,-0.0045,0.0078
2025-03-01,percap_sa,Augmentation,31-40,-0.0187,-0.0039,-0.0251,-0.0076,-0.0061,0.0092
2025-04-01,percap_sa,Augmentation,31-40,-0.0125,0.0024,-0.0212,-0.0044,-0.0019,0.0072
2025-05-01,percap_sa,Augmentation,31-40,-0.0067,-0.0084,-0.0121,-0.0025,-0.0044,0.001
2025-06-01,percap_sa,Augmentation,31-40,-0.0036,0.0026,-0.0103,0.0073,0.0129,0.0112
2025-07-01,percap_sa,Augmentation,31-40,-0.0033,-0.0087,-0.0125,0.0042,0.0068,0.0058
2025-08-01,percap_sa,Augmentation,31-40,-0.0205,-0.0101,-0.0164,0.0005,0.0051,0.0047
2025-09-01,percap_sa,Augmentation,31-40,-0.0161,-0.0137,-0.0156,0.0004,0.0055,0.0071
2025-10-01,percap_sa,Augmentation,31-40,-0.0268,-0.0055,-0.0114,-0.0021,0.0057,0.0043
2025-11-01,percap_sa,Augmentation,31-40,-0.0127,0.0009,-0.0151,-0.0006,0.0017,0.0059
2025-12-01,percap_sa,Augmentation,31-40,-0.0121,0.0043,-0.0164,0.0045,0.0056,0.0116
2026-01-01,percap_sa,Augmentation,31-40,-0.0046,-0.0142,-0.0098,0.0003,0.0034,0.0111
2026-02-01,percap_sa,Augmentation,31-40,-0.0212,-0.0069,-0.0185,0.0024,0.002,0.0064
2026-03-01,percap_sa,Augmentation,31-40,-0.0275,-0.0123,-0.0143,0.0013,0.0016,0.0043
2026-04-01,percap_sa,Augmentation,31-40,-0.042,-0.0242,-0.0175,-0.0092,-0.0028,0.0007
2022-01-01,percap_sa,Augmentation,41-50,0.0911,0.0669,0.0347,0.0436,0.0393,0.0521
2022-02-01,percap_sa,Augmentation,41-50,0.0942,0.0742,0.0395,0.0491,0.0486,0.0588
2022-03-01,percap_sa,Augmentation,41-50,0.1026,0.091,0.045,0.0521,0.0529,0.0625
2022-04-01,percap_sa,Augmentation,41-50,0.1276,0.1241,0.0671,0.0728,0.0696,0.0819
2022-05-01,percap_sa,Augmentation,41-50,0.1256,0.1187,0.0587,0.0635,0.0571,0.079
2022-06-01,percap_sa,Augmentation,41-50,0.1063,0.1016,0.0573,0.0697,0.0514,0.0758
2022-07-01,percap_sa,Augmentation,41-50,0.0654,0.0627,0.0423,0.05,0.0325,0.0584
2022-08-01,percap_sa,Augmentation,41-50,0.0544,0.0451,0.0272,0.0364,0.0273,0.0442
2022-09-01,percap_sa,Augmentation,41-50,0.0475,0.037,0.0262,0.0282,0.0231,0.0385
2022-10-01,percap_sa,Augmentation,41-50,0.0383,0.0284,0.0125,0.0173,0.0155,0.0291
2022-11-01,percap_sa,Augmentation,41-50,0.0163,0.025,0.0119,0.0156,0.0111,0.0285
2022-12-01,percap_sa,Augmentation,41-50,0.0224,0.0254,0.0131,0.0107,0.0091,0.0262
2023-01-01,percap_sa,Augmentation,41-50,0.018,0.0359,0.0196,0.0178,0.0153,0.0271
2023-02-01,percap_sa,Augmentation,41-50,0.0117,0.0279,0.013,0.0084,0.0059,0.0195
2023-03-01,percap_sa,Augmentation,41-50,0.0042,0.0125,0.0052,0.003,0.0012,0.0135
2023-04-01,percap_sa,Augmentation,41-50,0.0002,0.0003,-0.0034,-0.0111,-0.0065,0.0023
2023-05-01,percap_sa,Augmentation,41-50,0.0009,0.0036,-0.005,-0.0109,-0.0024,0.0004
2023-06-01,percap_sa,Augmentation,41-50,0.0093,0.0078,0.0046,-0.0042,0.0119,0.0101
2023-07-01,percap_sa,Augmentation,41-50,0.0181,0.0082,-0.0041,-0.0105,-0.0002,0.0037
2023-08-01,percap_sa,Augmentation,41-50,0.0105,0.0134,-0.003,-0.0101,-0.0014,0.006
2023-09-01,percap_sa,Augmentation,41-50,-0.0031,0.0056,-0.0027,-0.0146,-0.003,0.0015
2023-10-01,percap_sa,Augmentation,41-50,-0.0028,-0.0004,0.0027,-0.0201,-0.0047,0.0005
2023-11-01,percap_sa,Augmentation,41-50,-0.0006,-0.0022,-0.0023,-0.0201,-0.0021,-0.0013
2023-12-01,percap_sa,Augmentation,41-50,-0.0139,-0.0038,-0.0072,-0.0267,-0.0063,0.0005
2024-01-01,percap_sa,Augmentation,41-50,-0.0008,0.0144,0.0017,-0.0169,-0.0006,0.0113
2024-02-01,percap_sa,Augmentation,41-50,-0.0143,-0.0072,-0.0048,-0.0229,-0.0067,0.0061
2024-03-01,percap_sa,Augmentation,41-50,-0.015,-0.0082,-0.0075,-0.0281,-0.0092,0.0023
2024-04-01,percap_sa,Augmentation,41-50,-0.0068,-0.0035,-0.0057,-0.0203,-0.0045,0.0071
2024-05-01,percap_sa,Augmentation,41-50,0.0043,0.0001,-0.0116,-0.0192,-0.0068,0.0157
2024-06-01,percap_sa,Augmentation,41-50,0.0046,0.0051,-0.003,-0.0162,-0.0025,0.0152
2024-07-01,percap_sa,Augmentation,41-50,0.0159,0.0142,0.0014,-0.012,-0.0002,0.0158
2024-08-01,percap_sa,Augmentation,41-50,0.0089,0.0118,-0.0038,-0.0184,-0.0082,0.0114
2024-09-01,percap_sa,Augmentation,41-50,0.0053,0.0066,-0.0097,-0.0235,-0.009,0.0098
2024-10-01,percap_sa,Augmentation,41-50,0.0031,0.0081,-0.0073,-0.0161,-0.0048,0.0155
2024-11-01,percap_sa,Augmentation,41-50,0.0048,-0.0003,-0.0088,-0.0204,-0.0097,0.0147
2024-12-01,percap_sa,Augmentation,41-50,0.0057,0.0025,-0.0136,-0.0173,-0.0091,0.0115
2025-01-01,percap_sa,Augmentation,41-50,0.0141,0.0137,-0.0048,-0.0086,-0.003,0.0137
2025-02-01,percap_sa,Augmentation,41-50,0.0226,0.0171,-0.0038,-0.0116,-0.0058,0.0173
2025-03-01,percap_sa,Augmentation,41-50,0.0145,0.0175,-0.0052,-0.0128,-0.0031,0.0196
2025-04-01,percap_sa,Augmentation,41-50,0.0199,0.0215,-0.003,-0.0076,-0.0032,0.0199
2025-05-01,percap_sa,Augmentation,41-50,0.0112,0.0123,0.007,-0.0066,-0.0029,0.0124
2025-06-01,percap_sa,Augmentation,41-50,0.0028,0.0226,0.0098,0.0048,0.014,0.0214
2025-07-01,percap_sa,Augmentation,41-50,0.0081,0.0139,-0.0016,-0.0006,0.0067,0.0161
2025-08-01,percap_sa,Augmentation,41-50,0.0067,0.0078,-0.0053,-0.0013,0.0014,0.0066
2025-09-01,percap_sa,Augmentation,41-50,0.0012,0.0053,-0.0018,0.0008,0.0011,0.0127
2025-10-01,percap_sa,Augmentation,41-50,-0.0058,0.009,0.0047,-0.0042,0.0016,0.0102
2025-11-01,percap_sa,Augmentation,41-50,-0.0007,0.0126,-0.0004,-0.0011,0.001,0.0079
2025-12-01,percap_sa,Augmentation,41-50,0.002,0.0094,-0.0031,0.0031,0.0051,0.015
2026-01-01,percap_sa,Augmentation,41-50,-0.0036,-0.0001,0.0006,-0.0023,0.0018,0.0104
2026-02-01,percap_sa,Augmentation,41-50,-0.0118,0.0032,-0.0042,-0.0018,0.0012,0.0057
2026-03-01,percap_sa,Augmentation,41-50,-0.0175,0.0032,0.0014,0.0024,0.0008,0.0053
2026-04-01,percap_sa,Augmentation,41-50,-0.0235,-0.0077,0.0005,-0.006,-0.0013,-0.0027
2022-01-01,percap_sa,Augmentation,51-60,0.0527,0.0586,0.0321,0.0509,0.0368,0.0288
2022-02-01,percap_sa,Augmentation,51-60,0.0442,0.0557,0.0397,0.0504,0.0467,0.0342
2022-03-01,percap_sa,Augmentation,51-60,0.0488,0.0715,0.0435,0.0583,0.0501,0.0453
2022-04-01,percap_sa,Augmentation,51-60,0.0712,0.0938,0.0612,0.0745,0.0633,0.058
2022-05-01,percap_sa,Augmentation,51-60,0.0463,0.0766,0.0498,0.0665,0.0522,0.0565
2022-06-01,percap_sa,Augmentation,51-60,0.0489,0.0712,0.0501,0.0757,0.0502,0.0563
2022-07-01,percap_sa,Augmentation,51-60,0.0299,0.0434,0.0382,0.055,0.0358,0.0413
2022-08-01,percap_sa,Augmentation,51-60,0.02,0.0315,0.0306,0.0444,0.0297,0.0319
2022-09-01,percap_sa,Augmentation,51-60,0.0203,0.0241,0.0252,0.0386,0.0249,0.0294
2022-10-01,percap_sa,Augmentation,51-60,0.0139,0.0212,0.0174,0.0281,0.0163,0.0215
2022-11-01,percap_sa,Augmentation,51-60,0.0101,0.0156,0.0135,0.0294,0.0149,0.0185
2022-12-01,percap_sa,Augmentation,51-60,0.0093,0.0046,0.0152,0.024,0.01,0.0172
2023-01-01,percap_sa,Augmentation,51-60,0.0166,0.0167,0.0226,0.0307,0.0219,0.0195
2023-02-01,percap_sa,Augmentation,51-60,0.0103,0.0112,0.0128,0.0233,0.0123,0.0175
2023-03-01,percap_sa,Augmentation,51-60,0.0113,-0.0009,0.0091,0.018,0.0091,0.0105
2023-04-01,percap_sa,Augmentation,51-60,0.0054,-0.01,0.0043,0.0072,0.0021,0.0021
2023-05-01,percap_sa,Augmentation,51-60,0.011,-0.0019,0.0014,0.0074,0.0027,0.0034
2023-06-01,percap_sa,Augmentation,51-60,0.0165,0.0001,0.0144,0.0194,0.0127,0.0132
2023-07-01,percap_sa,Augmentation,51-60,0.0211,-0.0014,0.0063,0.0147,0.0047,0.0097
2023-08-01,percap_sa,Augmentation,51-60,0.0166,-0.0037,0.0044,0.0116,-0.0002,0.0079
2023-09-01,percap_sa,Augmentation,51-60,0.0008,-0.0042,0.0088,0.0059,0.0002,0.0025
2023-10-01,percap_sa,Augmentation,51-60,0.0047,-0.011,0.0098,0.006,-0.0009,0.0048
2023-11-01,percap_sa,Augmentation,51-60,0.0072,-0.0048,0.0074,0.0013,-0.0027,0.007
2023-12-01,percap_sa,Augmentation,51-60,-0.006,-0.001,0.001,-0.0009,-0.0004,0.0073
2024-01-01,percap_sa,Augmentation,51-60,0.001,0.0102,0.0069,0.0051,-0.0014,0.0136
2024-02-01,percap_sa,Augmentation,51-60,-0.0033,0.0012,0.0031,0.0055,-0.0065,0.0104
2024-03-01,percap_sa,Augmentation,51-60,-0.0145,0.0045,-0.0019,-0.0027,-0.0077,0.0061
2024-04-01,percap_sa,Augmentation,51-60,-0.0043,0.0031,0.0001,0.0045,-0.0003,0.0143
2024-05-01,percap_sa,Augmentation,51-60,0.0001,0.0024,-0.0049,0.0037,0.0006,0.019
2024-06-01,percap_sa,Augmentation,51-60,-0.0061,0.0074,-0.0003,0.0046,0.0068,0.023
2024-07-01,percap_sa,Augmentation,51-60,0.0032,0.0153,0.0028,0.0073,0.0046,0.0181
2024-08-01,percap_sa,Augmentation,51-60,-0.0033,0.0073,-0.0021,0.0009,0.0,0.0152
2024-09-01,percap_sa,Augmentation,51-60,-0.0078,0.0021,-0.0089,-0.0054,-0.0079,0.0153
2024-10-01,percap_sa,Augmentation,51-60,-0.0058,0.0101,-0.0068,-0.0008,-0.0019,0.0203
2024-11-01,percap_sa,Augmentation,51-60,-0.0149,0.0022,-0.0108,-0.0023,-0.0031,0.0139
2024-12-01,percap_sa,Augmentation,51-60,-0.0145,-0.0005,-0.0108,-0.0032,-0.0076,0.0123
2025-01-01,percap_sa,Augmentation,51-60,-0.0095,0.0098,0.0003,0.0024,0.0002,0.0187
2025-02-01,percap_sa,Augmentation,51-60,-0.0025,0.0088,-0.0013,-0.0014,-0.004,0.0191
2025-03-01,percap_sa,Augmentation,51-60,-0.0033,0.0066,-0.0028,-0.0023,-0.005,0.0195
2025-04-01,percap_sa,Augmentation,51-60,0.0054,0.015,0.002,0.0019,-0.004,0.0218
2025-05-01,percap_sa,Augmentation,51-60,0.0081,0.0095,0.0087,0.0015,-0.0033,0.0139
2025-06-01,percap_sa,Augmentation,51-60,0.0158,0.016,0.0194,0.0142,0.0128,0.02
2025-07-01,percap_sa,Augmentation,51-60,0.0097,0.011,0.0062,0.0083,0.0036,0.0176
2025-08-01,percap_sa,Augmentation,51-60,0.0028,0.0035,0.0012,0.0038,-0.0022,0.0116
2025-09-01,percap_sa,Augmentation,51-60,-0.0051,0.0013,0.0026,0.0046,0.0002,0.012
2025-10-01,percap_sa,Augmentation,51-60,-0.0069,0.0046,0.0083,0.0039,-0.0005,0.0109
2025-11-01,percap_sa,Augmentation,51-60,0.0069,0.0023,0.0037,0.0014,-0.0044,0.0113
2025-12-01,percap_sa,Augmentation,51-60,0.0022,-0.0005,0.002,0.0066,-0.0017,0.0154
2026-01-01,percap_sa,Augmentation,51-60,-0.0041,-0.0127,0.0015,0.0046,-0.0067,0.0129
2026-02-01,percap_sa,Augmentation,51-60,-0.0077,-0.0149,-0.0038,0.0026,-0.0058,0.0085
2026-03-01,percap_sa,Augmentation,51-60,-0.0019,-0.012,0.0025,0.0061,-0.008,0.0124
2026-04-01,percap_sa,Augmentation,51-60,-0.0171,-0.0219,-0.004,-0.0017,-0.0096,0.0006
2022-01-01,percap_sa,Augmentation,All ages,0.0722,0.0833,0.0316,0.0601,0.054,0.0538
2022-02-01,percap_sa,Augmentation,All ages,0.0683,0.0846,0.0405,0.0656,0.0627,0.0605
2022-03-01,percap_sa,Augmentation,All ages,0.0786,0.1026,0.0499,0.0779,0.072,0.0667
2022-04-01,percap_sa,Augmentation,All ages,0.0998,0.1308,0.0697,0.1038,0.0935,0.0838
2022-05-01,percap_sa,Augmentation,All ages,0.0843,0.1187,0.0604,0.0966,0.0805,0.0812
2022-06-01,percap_sa,Augmentation,All ages,0.0783,0.0942,0.0545,0.0975,0.0588,0.0722
2022-07-01,percap_sa,Augmentation,All ages,0.0419,0.0576,0.0406,0.0686,0.032,0.0546
2022-08-01,percap_sa,Augmentation,All ages,0.0333,0.0379,0.029,0.0554,0.0231,0.0428
2022-09-01,percap_sa,Augmentation,All ages,0.0272,0.03,0.0244,0.0473,0.0171,0.0393
2022-10-01,percap_sa,Augmentation,All ages,0.0197,0.0212,0.0111,0.033,0.0082,0.0298
2022-11-01,percap_sa,Augmentation,All ages,0.0054,0.015,0.0056,0.0312,0.0039,0.0253
2022-12-01,percap_sa,Augmentation,All ages,0.0072,0.0049,0.0139,0.0258,-0.0016,0.0212
2023-01-01,percap_sa,Augmentation,All ages,0.0061,0.0215,0.0228,0.0393,0.0083,0.0275
2023-02-01,percap_sa,Augmentation,All ages,0.0004,0.014,0.0118,0.0304,0.0037,0.0215
2023-03-01,percap_sa,Augmentation,All ages,-0.0095,-0.0025,-0.0007,0.0191,-0.0027,0.0124
2023-04-01,percap_sa,Augmentation,All ages,-0.0097,-0.0114,-0.0048,0.0063,-0.0109,0.0043
2023-05-01,percap_sa,Augmentation,All ages,-0.0125,-0.0101,-0.0089,0.0032,-0.0096,-0.0002
2023-06-01,percap_sa,Augmentation,All ages,-0.0079,-0.0123,-0.0002,0.0086,0.0031,0.0072
2023-07-01,percap_sa,Augmentation,All ages,0.0016,-0.015,-0.0064,0.0046,-0.0052,0.0023
2023-08-01,percap_sa,Augmentation,All ages,-0.0049,-0.0085,-0.0043,0.0038,-0.0072,0.0039
2023-09-01,percap_sa,Augmentation,All ages,-0.0169,-0.0153,-0.0052,-0.0027,-0.0097,-0.001
2023-10-01,percap_sa,Augmentation,All ages,-0.0157,-0.0229,-0.0005,-0.0065,-0.0108,-0.0014
2023-11-01,percap_sa,Augmentation,All ages,-0.0138,-0.0211,-0.0053,-0.0109,-0.0111,-0.0008
2023-12-01,percap_sa,Augmentation,All ages,-0.0248,-0.0201,-0.0137,-0.0156,-0.0107,0.0032
2024-01-01,percap_sa,Augmentation,All ages,-0.007,-0.0046,-0.0013,-0.0052,-0.0049,0.0096
2024-02-01,percap_sa,Augmentation,All ages,-0.0152,-0.0169,-0.0061,-0.0127,-0.0125,0.0046
2024-03-01,percap_sa,Augmentation,All ages,-0.0176,-0.0168,-0.0089,-0.0184,-0.0129,0.0012
2024-04-01,percap_sa,Augmentation,All ages,-0.0108,-0.0122,-0.0067,-0.0113,-0.0065,0.0062
2024-05-01,percap_sa,Augmentation,All ages,-0.0038,-0.0099,-0.0118,-0.0124,-0.0089,0.0151
2024-06-01,percap_sa,Augmentation,All ages,-0.009,-0.0052,-0.008,-0.0111,-0.0068,0.0122
2024-07-01,percap_sa,Augmentation,All ages,0.0019,0.0067,-0.0019,-0.0053,-0.0031,0.0137
2024-08-01,percap_sa,Augmentation,All ages,-0.002,0.0009,-0.0084,-0.0137,-0.0111,0.0089
2024-09-01,percap_sa,Augmentation,All ages,-0.0071,-0.0043,-0.0174,-0.0199,-0.0134,0.0043
2024-10-01,percap_sa,Augmentation,All ages,-0.0044,0.0016,-0.0118,-0.0139,-0.0049,0.0115
2024-11-01,percap_sa,Augmentation,All ages,-0.0106,-0.0067,-0.014,-0.0178,-0.0085,0.0073
2024-12-01,percap_sa,Augmentation,All ages,-0.0091,-0.0083,-0.0179,-0.017,-0.0103,0.0031
2025-01-01,percap_sa,Augmentation,All ages,-0.0047,0.0099,-0.0089,-0.0054,-0.0014,0.009
2025-02-01,percap_sa,Augmentation,All ages,0.0008,0.0067,-0.0083,-0.0091,-0.0056,0.0099
2025-03-01,percap_sa,Augmentation,All ages,-0.0039,0.008,-0.0091,-0.0096,-0.0044,0.0107
2025-04-01,percap_sa,Augmentation,All ages,0.0015,0.0125,-0.0056,-0.0063,-0.0027,0.012
2025-05-01,percap_sa,Augmentation,All ages,0.0047,0.0065,0.0028,-0.0039,-0.0004,0.0051
2025-06-01,percap_sa,Augmentation,All ages,0.0042,0.015,0.0078,0.0055,0.0127,0.013
2025-07-01,percap_sa,Augmentation,All ages,0.004,0.0067,-0.0011,0.0009,0.0064,0.0075
2025-08-01,percap_sa,Augmentation,All ages,-0.0041,0.0025,-0.0098,-0.0015,0.0028,0.0003
2025-09-01,percap_sa,Augmentation,All ages,-0.0071,0.0017,-0.0031,0.0011,0.006,0.0049
2025-10-01,percap_sa,Augmentation,All ages,-0.0112,0.0069,0.002,-0.0023,0.0048,0.0032
2025-11-01,percap_sa,Augmentation,All ages,-0.0003,0.0111,-0.0016,-0.0005,0.0033,0.0026
2025-12-01,percap_sa,Augmentation,All ages,0.0002,0.0117,-0.0044,0.0054,0.0086,0.0088
2026-01-01,percap_sa,Augmentation,All ages,0.0003,-0.0054,-0.0013,-0.0018,0.0054,0.0073
2026-02-01,percap_sa,Augmentation,All ages,-0.0095,0.0019,-0.0081,-0.001,0.0043,0.0024
2026-03-01,percap_sa,Augmentation,All ages,-0.0127,0.0009,-0.0044,0.0018,0.001,0.0032
2026-04-01,percap_sa,Augmentation,All ages,-0.025,-0.0099,-0.0067,-0.0081,-0.0027,-0.0038
2022-01-01,percap_sa,Automation,21-30,0.0843,0.0664,0.0737,0.0828,0.0867,0.0699
2022-02-01,percap_sa,Automation,21-30,0.0756,0.0631,0.0729,0.0976,0.0821,0.0983
2022-03-01,percap_sa,Automation,21-30,0.0838,0.0695,0.0796,0.1194,0.0782,0.1331
2022-04-01,percap_sa,Automation,21-30,0.105,0.0788,0.1028,0.1589,0.0872,0.172
2022-05-01,percap_sa,Automation,21-30,0.0772,0.076,0.0961,0.1443,0.0731,0.1655
2022-06-01,percap_sa,Automation,21-30,0.0722,0.0625,0.0738,0.0834,0.0685,0.1367
2022-07-01,percap_sa,Automation,21-30,0.0325,0.0418,0.0516,0.0425,0.0548,0.0901
2022-08-01,percap_sa,Automation,21-30,0.0304,0.0298,0.0413,0.0226,0.053,0.0722
2022-09-01,percap_sa,Automation,21-30,0.0198,0.0263,0.0378,0.019,0.0355,0.0582
2022-10-01,percap_sa,Automation,21-30,0.0118,0.0168,0.0343,0.007,0.0246,0.0378
2022-11-01,percap_sa,Automation,21-30,-0.006,0.0183,0.0233,0.0008,0.027,0.0173
2022-12-01,percap_sa,Automation,21-30,-0.0008,0.0026,0.027,-0.0125,0.0269,0.0369
2023-01-01,percap_sa,Automation,21-30,-0.0114,0.0167,0.0376,0.0016,0.025,0.0704
2023-02-01,percap_sa,Automation,21-30,-0.0161,0.0063,0.0371,0.0014,0.0335,0.0441
2023-03-01,percap_sa,Automation,21-30,-0.0316,0.0017,0.0179,-0.0165,0.0376,0.0148
2023-04-01,percap_sa,Automation,21-30,-0.0288,0.0034,0.0157,-0.0239,0.0314,-0.0005
2023-05-01,percap_sa,Automation,21-30,-0.0306,-0.0062,0.0134,-0.027,0.0313,-0.0137
2023-06-01,percap_sa,Automation,21-30,-0.0324,-0.0073,0.0223,-0.0177,0.0385,-0.0119
2023-07-01,percap_sa,Automation,21-30,-0.0216,-0.0083,0.0115,-0.0231,0.0313,-0.0078
2023-08-01,percap_sa,Automation,21-30,-0.0183,0.0014,0.0099,-0.0234,0.0249,-0.0015
2023-09-01,percap_sa,Automation,21-30,-0.0279,0.0005,0.0102,-0.028,0.0086,-0.012
2023-10-01,percap_sa,Automation,21-30,-0.0238,-0.0038,0.0047,-0.0305,0.0079,-0.0138
2023-11-01,percap_sa,Automation,21-30,-0.0174,-0.0052,0.0061,-0.0322,-0.0034,-0.0193
2023-12-01,percap_sa,Automation,21-30,-0.0282,-0.0004,0.0047,-0.0277,-0.0089,-0.0366
2024-01-01,percap_sa,Automation,21-30,-0.0023,0.0048,0.006,-0.0167,0.0029,-0.0081
2024-02-01,percap_sa,Automation,21-30,-0.0085,0.0053,-0.0007,-0.0267,-0.0045,-0.0179
2024-03-01,percap_sa,Automation,21-30,-0.0082,0.0047,-0.0051,-0.0235,-0.0097,-0.0239
2024-04-01,percap_sa,Automation,21-30,-0.0028,0.005,-0.0069,-0.0151,-0.008,-0.0146
2024-05-01,percap_sa,Automation,21-30,-0.0045,0.0086,-0.008,-0.0148,-0.0261,-0.0167
2024-06-01,percap_sa,Automation,21-30,-0.0071,0.0038,-0.0159,-0.0171,-0.0205,-0.0137
2024-07-01,percap_sa,Automation,21-30,0.0004,0.0177,-0.0121,-0.0067,-0.0118,0.0001
2024-08-01,percap_sa,Automation,21-30,-0.0082,0.0093,-0.0113,-0.0123,-0.0309,-0.0143
2024-09-01,percap_sa,Automation,21-30,-0.0058,-0.0027,-0.0258,-0.0165,-0.0152,-0.0282
2024-10-01,percap_sa,Automation,21-30,-0.0041,0.0035,-0.0126,-0.0019,-0.02,-0.0146
2024-11-01,percap_sa,Automation,21-30,-0.0133,0.0028,-0.0188,-0.0064,-0.0273,-0.0194
2024-12-01,percap_sa,Automation,21-30,-0.0116,-0.0054,-0.0276,-0.0069,-0.0247,-0.022
2025-01-01,percap_sa,Automation,21-30,-0.0025,0.0151,-0.0152,0.0024,-0.0111,-0.0064
2025-02-01,percap_sa,Automation,21-30,0.0009,0.0077,-0.0175,0.005,-0.0211,-0.0055
2025-03-01,percap_sa,Automation,21-30,-0.0061,0.0058,-0.0146,0.0064,-0.0211,-0.0038
2025-04-01,percap_sa,Automation,21-30,-0.0045,0.0086,-0.0087,0.0067,-0.0145,-0.0044
2025-05-01,percap_sa,Automation,21-30,0.0078,0.0065,-0.0078,0.0134,0.0112,-0.0021
2025-06-01,percap_sa,Automation,21-30,0.0048,0.0083,0.0002,0.0133,0.0353,0.0011
2025-07-01,percap_sa,Automation,21-30,0.0037,-0.0004,-0.0076,0.0085,0.0315,-0.0049
2025-08-01,percap_sa,Automation,21-30,-0.0032,-0.0017,-0.0192,0.0031,0.0336,-0.0279
2025-09-01,percap_sa,Automation,21-30,-0.0069,0.0034,-0.0112,0.0149,0.0242,-0.0031
2025-10-01,percap_sa,Automation,21-30,-0.0035,0.0104,-0.0141,0.0082,0.0479,-0.0075
2025-11-01,percap_sa,Automation,21-30,0.0068,0.0024,-0.0127,0.0111,0.048,-0.001
2025-12-01,percap_sa,Automation,21-30,0.01,0.003,-0.0066,0.0197,0.0493,0.0025
2026-01-01,percap_sa,Automation,21-30,0.0139,0.0008,-0.0175,0.0124,0.0356,0.0004
2026-02-01,percap_sa,Automation,21-30,0.0036,-0.0067,-0.0177,0.0145,0.038,-0.0052
2026-03-01,percap_sa,Automation,21-30,-0.0019,-0.0015,-0.0193,0.0083,0.0379,-0.0047
2026-04-01,percap_sa,Automation,21-30,-0.0155,-0.0086,-0.025,0.0005,0.0347,-0.0082
2022-01-01,percap_sa,Automation,31-40,0.0605,0.0464,0.0604,0.0606,0.0466,0.0318
2022-02-01,percap_sa,Automation,31-40,0.0587,0.0449,0.0624,0.0698,0.0458,0.0437
2022-03-01,percap_sa,Automation,31-40,0.0779,0.0582,0.0676,0.0817,0.04,0.0644
2022-04-01,percap_sa,Automation,31-40,0.0947,0.0685,0.0902,0.1068,0.0567,0.0868
2022-05-01,percap_sa,Automation,31-40,0.0876,0.0625,0.0841,0.0929,0.047,0.0815
2022-06-01,percap_sa,Automation,31-40,0.0855,0.0642,0.0761,0.0723,0.0512,0.0737
2022-07-01,percap_sa,Automation,31-40,0.0426,0.0434,0.0571,0.0457,0.0367,0.0519
2022-08-01,percap_sa,Automation,31-40,0.0304,0.0313,0.0472,0.0331,0.0334,0.0368
2022-09-01,percap_sa,Automation,31-40,0.0237,0.0215,0.0413,0.0285,0.033,0.0273
2022-10-01,percap_sa,Automation,31-40,0.0171,0.0161,0.032,0.0171,0.0194,0.0028
2022-11-01,percap_sa,Automation,31-40,0.0046,0.0116,0.0297,0.0121,0.0198,-0.004
2022-12-01,percap_sa,Automation,31-40,0.0006,0.0042,0.0268,0.0082,0.0163,-0.0008
2023-01-01,percap_sa,Automation,31-40,0.005,0.0087,0.0331,0.0243,0.0193,0.0136
2023-02-01,percap_sa,Automation,31-40,-0.0007,0.004,0.0268,0.0139,0.0249,-0.0015
2023-03-01,percap_sa,Automation,31-40,-0.0164,-0.0052,0.0159,0.002,0.0255,-0.0221
2023-04-01,percap_sa,Automation,31-40,-0.0112,-0.0018,0.0107,-0.0099,0.0192,-0.032
2023-05-01,percap_sa,Automation,31-40,-0.0248,-0.0093,0.0076,-0.0075,0.0192,-0.0381
2023-06-01,percap_sa,Automation,31-40,-0.0179,-0.0129,0.0147,-0.0015,0.0327,-0.0276
2023-07-01,percap_sa,Automation,31-40,-0.0028,-0.0136,0.008,-0.0072,0.0185,-0.0319
2023-08-01,percap_sa,Automation,31-40,-0.0211,-0.0057,0.0099,-0.0056,0.018,-0.0314
2023-09-01,percap_sa,Automation,31-40,-0.0317,-0.0158,0.0033,-0.011,0.0166,-0.0357
2023-10-01,percap_sa,Automation,31-40,-0.0351,-0.017,0.0059,-0.0117,0.0121,-0.0303
2023-11-01,percap_sa,Automation,31-40,-0.0384,-0.0156,0.0055,-0.0125,0.0084,-0.0351
2023-12-01,percap_sa,Automation,31-40,-0.0462,-0.0135,0.0076,-0.0102,0.0063,-0.0443
2024-01-01,percap_sa,Automation,31-40,-0.0235,-0.0052,0.0098,0.0002,0.0106,-0.0237
2024-02-01,percap_sa,Automation,31-40,-0.0317,-0.0114,0.0064,-0.0082,-0.0004,-0.0361
2024-03-01,percap_sa,Automation,31-40,-0.0306,-0.0127,0.004,-0.0114,0.0006,-0.0385
2024-04-01,percap_sa,Automation,31-40,-0.0271,-0.0117,0.0043,-0.0018,0.0031,-0.0309
2024-05-01,percap_sa,Automation,31-40,-0.0131,-0.0072,0.0062,0.0029,-0.0015,-0.0345
2024-06-01,percap_sa,Automation,31-40,-0.0248,-0.0011,0.0052,0.0033,-0.0007,-0.032
2024-07-01,percap_sa,Automation,31-40,-0.0095,0.0097,0.0062,0.0085,0.0052,-0.0279
2024-08-01,percap_sa,Automation,31-40,-0.0027,-0.0022,-0.0012,-0.0018,-0.0072,-0.0299
2024-09-01,percap_sa,Automation,31-40,-0.0179,-0.0045,-0.007,-0.0094,-0.0064,-0.0376
2024-10-01,percap_sa,Automation,31-40,-0.0095,-0.0067,0.0,0.0013,-0.0033,-0.03
2024-11-01,percap_sa,Automation,31-40,-0.0179,-0.0089,-0.0062,-0.0028,-0.0094,-0.0333
2024-12-01,percap_sa,Automation,31-40,-0.015,-0.0132,-0.0113,-0.0047,-0.0125,-0.0354
2025-01-01,percap_sa,Automation,31-40,-0.0195,0.0005,-0.0049,0.0058,-0.0044,-0.0222
2025-02-01,percap_sa,Automation,31-40,-0.0159,-0.0074,-0.0089,0.0038,-0.0123,-0.0217
2025-03-01,percap_sa,Automation,31-40,-0.0187,-0.0071,-0.0114,0.0063,-0.014,-0.0197
2025-04-01,percap_sa,Automation,31-40,-0.0125,-0.0028,-0.008,0.0093,-0.0092,-0.019
2025-05-01,percap_sa,Automation,31-40,-0.0067,-0.0049,-0.008,0.0042,-0.0065,-0.015
2025-06-01,percap_sa,Automation,31-40,-0.0036,-0.0005,0.0037,0.0121,0.0211,-0.0112
2025-07-01,percap_sa,Automation,31-40,-0.0033,-0.0094,-0.0025,0.0042,0.0191,-0.0108
2025-08-01,percap_sa,Automation,31-40,-0.0205,-0.0089,-0.0023,0.0023,0.0173,-0.0188
2025-09-01,percap_sa,Automation,31-40,-0.0161,-0.0121,-0.0026,0.007,0.0104,-0.0169
2025-10-01,percap_sa,Automation,31-40,-0.0268,-0.0056,-0.0039,0.0047,0.0183,-0.018
2025-11-01,percap_sa,Automation,31-40,-0.0127,-0.0078,-0.0034,0.0029,0.02,-0.018
2025-12-01,percap_sa,Automation,31-40,-0.0121,-0.0061,0.0006,0.0063,0.0259,-0.0165
2026-01-01,percap_sa,Automation,31-40,-0.0046,-0.0089,0.0006,-0.0009,0.0256,-0.0138
2026-02-01,percap_sa,Automation,31-40,-0.0212,-0.0102,-0.0027,-0.0009,0.0266,-0.0202
2026-03-01,percap_sa,Automation,31-40,-0.0275,-0.0127,-0.0001,-0.0032,0.0262,-0.0187
2026-04-01,percap_sa,Automation,31-40,-0.042,-0.0194,-0.0038,-0.0088,0.0201,-0.0269
2022-01-01,percap_sa,Automation,41-50,0.0911,0.0409,0.0514,0.0483,0.0321,0.0442
2022-02-01,percap_sa,Automation,41-50,0.0942,0.0467,0.0565,0.0557,0.0369,0.0538
2022-03-01,percap_sa,Automation,41-50,0.1026,0.0563,0.0546,0.0651,0.0352,0.0622
2022-04-01,percap_sa,Automation,41-50,0.1276,0.0736,0.0811,0.0868,0.0498,0.0859
2022-05-01,percap_sa,Automation,41-50,0.1256,0.0697,0.0763,0.0734,0.0406,0.0788
2022-06-01,percap_sa,Automation,41-50,0.1063,0.0688,0.0733,0.0629,0.0471,0.0776
2022-07-01,percap_sa,Automation,41-50,0.0654,0.0457,0.0551,0.0371,0.0316,0.0621
2022-08-01,percap_sa,Automation,41-50,0.0544,0.0339,0.0402,0.0287,0.0268,0.041
2022-09-01,percap_sa,Automation,41-50,0.0475,0.02,0.0389,0.027,0.0248,0.0334
2022-10-01,percap_sa,Automation,41-50,0.0383,0.0174,0.0304,0.0168,0.0161,0.0164
2022-11-01,percap_sa,Automation,41-50,0.0163,0.0145,0.0306,0.0108,0.0195,0.0137
2022-12-01,percap_sa,Automation,41-50,0.0224,0.0141,0.0287,0.0106,0.0138,0.0127
2023-01-01,percap_sa,Automation,41-50,0.018,0.0109,0.0314,0.021,0.0141,0.0251
2023-02-01,percap_sa,Automation,41-50,0.0117,0.0036,0.0266,0.01,0.0154,0.0107
2023-03-01,percap_sa,Automation,41-50,0.0042,-0.0019,0.0217,-0.0018,0.0157,0.002
2023-04-01,percap_sa,Automation,41-50,0.0002,-0.0081,0.0087,-0.0107,0.0064,-0.0116
2023-05-01,percap_sa,Automation,41-50,0.0009,-0.0121,0.0105,-0.0053,0.0063,-0.0135
2023-06-01,percap_sa,Automation,41-50,0.0093,-0.0076,0.0188,0.0038,0.0216,-0.0026
2023-07-01,percap_sa,Automation,41-50,0.0181,-0.0082,0.011,-0.0004,0.0065,-0.014
2023-08-01,percap_sa,Automation,41-50,0.0105,-0.0045,0.0142,-0.0005,0.005,-0.0133
2023-09-01,percap_sa,Automation,41-50,-0.0031,-0.005,0.0071,-0.0025,0.0017,-0.0155
2023-10-01,percap_sa,Automation,41-50,-0.0028,-0.0069,0.0076,-0.0079,0.0009,-0.0125
2023-11-01,percap_sa,Automation,41-50,-0.0006,-0.0071,0.0046,-0.0051,0.0005,-0.0177
2023-12-01,percap_sa,Automation,41-50,-0.0139,-0.0048,0.0067,-0.0107,-0.0005,-0.0281
2024-01-01,percap_sa,Automation,41-50,-0.0008,0.0065,0.0139,-0.002,0.0025,-0.0124
2024-02-01,percap_sa,Automation,41-50,-0.0143,-0.0027,0.0065,-0.0084,-0.0042,-0.0217
2024-03-01,percap_sa,Automation,41-50,-0.015,-0.0024,0.0008,-0.0091,-0.009,-0.0268
2024-04-01,percap_sa,Automation,41-50,-0.0068,-0.0031,0.0025,-0.0017,-0.0029,-0.0211
2024-05-01,percap_sa,Automation,41-50,0.0043,0.0037,-0.0003,0.0011,-0.0065,-0.0237
2024-06-01,percap_sa,Automation,41-50,0.0046,0.0071,0.0024,0.0041,-0.0033,-0.0151
2024-07-01,percap_sa,Automation,41-50,0.0159,0.0136,0.0015,0.0078,-0.0007,-0.0091
2024-08-01,percap_sa,Automation,41-50,0.0089,0.0095,-0.003,0.0007,-0.0091,-0.0136
2024-09-01,percap_sa,Automation,41-50,0.0053,0.0021,-0.0029,-0.0038,-0.0089,-0.0189
2024-10-01,percap_sa,Automation,41-50,0.0031,0.0022,0.0023,0.0052,-0.0077,-0.0153
2024-11-01,percap_sa,Automation,41-50,0.0048,-0.001,-0.0031,0.0025,-0.0132,-0.0178
2024-12-01,percap_sa,Automation,41-50,0.0057,-0.003,-0.0058,0.0036,-0.0123,-0.0194
2025-01-01,percap_sa,Automation,41-50,0.0141,0.0039,-0.0043,0.0093,-0.0063,-0.005
2025-02-01,percap_sa,Automation,41-50,0.0226,0.0066,-0.0036,0.0107,-0.0084,-0.0077
2025-03-01,percap_sa,Automation,41-50,0.0145,0.0038,-0.0011,0.0104,-0.0057,-0.0072
2025-04-01,percap_sa,Automation,41-50,0.0199,0.0091,0.0026,0.0097,-0.0035,-0.0049
2025-05-01,percap_sa,Automation,41-50,0.0112,0.0042,0.0062,0.006,0.002,-0.0022
2025-06-01,percap_sa,Automation,41-50,0.0028,0.0075,0.0169,0.0175,0.0229,0.0029
2025-07-01,percap_sa,Automation,41-50,0.0081,-0.0038,0.0105,0.0105,0.0174,-0.0061
2025-08-01,percap_sa,Automation,41-50,0.0067,-0.0073,0.0064,0.0037,0.0173,-0.0134
2025-09-01,percap_sa,Automation,41-50,0.0012,-0.0024,0.0062,0.0058,0.0148,-0.0084
2025-10-01,percap_sa,Automation,41-50,-0.0058,0.0004,0.0054,0.0028,0.018,-0.0052
2025-11-01,percap_sa,Automation,41-50,-0.0007,-0.0002,0.0037,0.0023,0.0181,-0.0064
2025-12-01,percap_sa,Automation,41-50,0.002,-0.0042,0.0081,0.0059,0.0226,-0.0053
2026-01-01,percap_sa,Automation,41-50,-0.0036,-0.0038,0.005,0.0016,0.0193,-0.0084
2026-02-01,percap_sa,Automation,41-50,-0.0118,-0.0075,0.0019,0.0006,0.0174,-0.0085
2026-03-01,percap_sa,Automation,41-50,-0.0175,-0.0064,0.0061,0.0022,0.0168,-0.0051
2026-04-01,percap_sa,Automation,41-50,-0.0235,-0.0129,-0.0018,-0.0029,0.0139,-0.0091
2022-01-01,percap_sa,Automation,51-60,0.0527,0.0443,0.0244,0.0429,0.0418,0.0409
2022-02-01,percap_sa,Automation,51-60,0.0442,0.0444,0.0291,0.0515,0.0421,0.0498
2022-03-01,percap_sa,Automation,51-60,0.0488,0.0568,0.0362,0.057,0.0457,0.0576
2022-04-01,percap_sa,Automation,51-60,0.0712,0.0671,0.055,0.073,0.0555,0.0793
2022-05-01,percap_sa,Automation,51-60,0.0463,0.057,0.0476,0.0592,0.0494,0.071
2022-06-01,percap_sa,Automation,51-60,0.0489,0.0623,0.0446,0.0565,0.0545,0.0725
2022-07-01,percap_sa,Automation,51-60,0.0299,0.039,0.0342,0.0366,0.0402,0.0587
2022-08-01,percap_sa,Automation,51-60,0.02,0.0302,0.0255,0.0296,0.0374,0.0435
2022-09-01,percap_sa,Automation,51-60,0.0203,0.0228,0.0231,0.0268,0.0327,0.035
2022-10-01,percap_sa,Automation,51-60,0.0139,0.021,0.0184,0.0166,0.0226,0.0242
2022-11-01,percap_sa,Automation,51-60,0.0101,0.0168,0.0152,0.0141,0.0244,0.0216
2022-12-01,percap_sa,Automation,51-60,0.0093,0.0126,0.0109,0.0097,0.0203,0.0209
2023-01-01,percap_sa,Automation,51-60,0.0166,0.0156,0.0151,0.0223,0.0249,0.0332
2023-02-01,percap_sa,Automation,51-60,0.0103,0.014,0.0126,0.0134,0.0216,0.016
2023-03-01,percap_sa,Automation,51-60,0.0113,0.0091,0.0072,0.0069,0.0161,0.0121
2023-04-01,percap_sa,Automation,51-60,0.0054,0.005,0.0002,-0.0012,0.0103,0.0006
2023-05-01,percap_sa,Automation,51-60,0.011,0.0029,0.0013,0.0036,0.0106,-0.0026
2023-06-01,percap_sa,Automation,51-60,0.0165,0.0056,0.0122,0.0097,0.0249,0.0146
2023-07-01,percap_sa,Automation,51-60,0.0211,0.0065,0.0066,0.0075,0.0143,0.0025
2023-08-01,percap_sa,Automation,51-60,0.0166,0.0057,0.0071,0.0032,0.0057,0.0016
2023-09-01,percap_sa,Automation,51-60,0.0008,0.0026,0.0065,0.0014,0.0073,0.0012
2023-10-01,percap_sa,Automation,51-60,0.0047,-0.002,0.0057,0.0019,0.0052,0.0043
2023-11-01,percap_sa,Automation,51-60,0.0072,0.0051,0.0069,0.0008,0.0014,-0.0018
2023-12-01,percap_sa,Automation,51-60,-0.006,0.0057,0.011,0.0005,0.0019,-0.0095
2024-01-01,percap_sa,Automation,51-60,0.001,0.0115,0.0132,0.0034,0.0055,-0.001
2024-02-01,percap_sa,Automation,51-60,-0.0033,0.0074,0.008,-0.001,0.002,-0.0027
2024-03-01,percap_sa,Automation,51-60,-0.0145,0.0046,0.0042,-0.0027,-0.0003,-0.0102
2024-04-01,percap_sa,Automation,51-60,-0.0043,0.0047,0.0054,0.0062,0.0066,-0.0045
2024-05-01,percap_sa,Automation,51-60,0.0001,0.0066,0.004,0.0082,0.0033,-0.0068
2024-06-01,percap_sa,Automation,51-60,-0.0061,0.0104,0.0084,0.0132,0.0068,-0.0029
2024-07-01,percap_sa,Automation,51-60,0.0032,0.0146,0.003,0.0118,0.0076,0.003
2024-08-01,percap_sa,Automation,51-60,-0.0033,0.0059,0.0056,0.006,0.0021,-0.0046
2024-09-01,percap_sa,Automation,51-60,-0.0078,0.0047,-0.0008,-0.0019,-0.0037,-0.0101
2024-10-01,percap_sa,Automation,51-60,-0.0058,0.0067,0.0076,0.0038,0.0018,-0.008
2024-11-01,percap_sa,Automation,51-60,-0.0149,-0.0022,0.0012,0.0017,0.0017,-0.01
2024-12-01,percap_sa,Automation,51-60,-0.0145,-0.0036,-0.0055,0.0008,-0.0009,-0.0097
2025-01-01,percap_sa,Automation,51-60,-0.0095,0.0073,0.005,0.005,0.0037,0.003
2025-02-01,percap_sa,Automation,51-60,-0.0025,0.0023,0.0046,0.0034,0.0007,0.0003
2025-03-01,percap_sa,Automation,51-60,-0.0033,-0.0018,0.0034,0.0023,0.0001,0.0016
2025-04-01,percap_sa,Automation,51-60,0.0054,0.0045,0.0072,0.0044,0.0023,0.0062
2025-05-01,percap_sa,Automation,51-60,0.0081,0.0036,0.0073,0.0041,0.0023,0.0069
2025-06-01,percap_sa,Automation,51-60,0.0158,0.0085,0.0138,0.0169,0.022,0.0184
2025-07-01,percap_sa,Automation,51-60,0.0097,0.0028,0.0106,0.0091,0.0133,0.0054
2025-08-01,percap_sa,Automation,51-60,0.0028,0.0006,0.0042,0.0021,0.0086,-0.0007
2025-09-01,percap_sa,Automation,51-60,-0.0051,-0.004,0.0056,0.0058,0.0097,0.0003
2025-10-01,percap_sa,Automation,51-60,-0.0069,0.0004,0.0035,0.0055,0.0102,0.0048
2025-11-01,percap_sa,Automation,51-60,0.0069,-0.0022,-0.0007,0.0033,0.0068,0.0018
2025-12-01,percap_sa,Automation,51-60,0.0022,-0.0031,0.0062,0.004,0.0087,0.0025
2026-01-01,percap_sa,Automation,51-60,-0.0041,-0.0087,0.0009,0.0014,0.0049,0.0011
2026-02-01,percap_sa,Automation,51-60,-0.0077,-0.0124,-0.0043,-0.0015,0.0065,-0.0013
2026-03-01,percap_sa,Automation,51-60,-0.0019,-0.0064,0.0015,-0.0017,0.0071,0.002
2026-04-01,percap_sa,Automation,51-60,-0.0171,-0.011,-0.0068,-0.0062,0.0013,-0.0085
2022-01-01,percap_sa,Automation,All ages,0.0722,0.0494,0.0534,0.0605,0.048,0.0463
2022-02-01,percap_sa,Automation,All ages,0.0683,0.0497,0.0561,0.0707,0.0486,0.061
2022-03-01,percap_sa,Automation,All ages,0.0786,0.0601,0.0603,0.0835,0.0468,0.0795
2022-04-01,percap_sa,Automation,All ages,0.0998,0.0719,0.0832,0.1104,0.0599,0.1062
2022-05-01,percap_sa,Automation,All ages,0.0843,0.0663,0.077,0.0966,0.0506,0.0996
2022-06-01,percap_sa,Automation,All ages,0.0783,0.0641,0.068,0.0699,0.0544,0.0908
2022-07-01,percap_sa,Automation,All ages,0.0419,0.0421,0.0503,0.0401,0.0398,0.0658
2022-08-01,percap_sa,Automation,All ages,0.0333,0.0309,0.0392,0.0271,0.0364,0.0483
2022-09-01,percap_sa,Automation,All ages,0.0272,0.0225,0.036,0.0241,0.0316,0.0382
2022-10-01,percap_sa,Automation,All ages,0.0197,0.0175,0.0294,0.0131,0.0207,0.0196
2022-11-01,percap_sa,Automation,All ages,0.0054,0.015,0.0253,0.008,0.0228,0.011
2022-12-01,percap_sa,Automation,All ages,0.0072,0.0078,0.024,0.0017,0.019,0.0168
2023-01-01,percap_sa,Automation,All ages,0.0061,0.0128,0.0301,0.0152,0.0209,0.0349
2023-02-01,percap_sa,Automation,All ages,0.0004,0.0066,0.0263,0.0083,0.0234,0.0169
2023-03-01,percap_sa,Automation,All ages,-0.0095,0.0004,0.0162,-0.0043,0.0228,0.0003
2023-04-01,percap_sa,Automation,All ages,-0.0097,-0.0007,0.0092,-0.0135,0.0158,-0.0122
2023-05-01,percap_sa,Automation,All ages,-0.0125,-0.0067,0.0085,-0.0117,0.0159,-0.0186
2023-06-01,percap_sa,Automation,All ages,-0.0079,-0.0063,0.0171,-0.0044,0.0291,-0.0091
2023-07-01,percap_sa,Automation,All ages,0.0016,-0.0068,0.0093,-0.0093,0.0167,-0.0145
2023-08-01,percap_sa,Automation,All ages,-0.0049,-0.0013,0.0104,-0.0095,0.0129,-0.0125
2023-09-01,percap_sa,Automation,All ages,-0.0169,-0.0051,0.0067,-0.0128,0.0092,-0.0172
2023-10-01,percap_sa,Automation,All ages,-0.0157,-0.0079,0.006,-0.0147,0.0071,-0.0148
2023-11-01,percap_sa,Automation,All ages,-0.0138,-0.0065,0.0058,-0.0151,0.0031,-0.0201
2023-12-01,percap_sa,Automation,All ages,-0.0248,-0.004,0.0075,-0.0144,0.0014,-0.0315
2024-01-01,percap_sa,Automation,All ages,-0.007,0.0037,0.0107,-0.0058,0.0064,-0.0124
2024-02-01,percap_sa,Automation,All ages,-0.0152,-0.001,0.0051,-0.0132,-0.0007,-0.0212
2024-03-01,percap_sa,Automation,All ages,-0.0176,-0.0021,0.0011,-0.0135,-0.0033,-0.0262
2024-04-01,percap_sa,Automation,All ages,-0.0108,-0.0018,0.0014,-0.0049,0.0013,-0.0191
2024-05-01,percap_sa,Automation,All ages,-0.0038,0.0024,0.0007,-0.0026,-0.005,-0.0216
2024-06-01,percap_sa,Automation,All ages,-0.009,0.0045,0.0,-0.002,-0.002,-0.0174
2024-07-01,percap_sa,Automation,All ages,0.0019,0.0136,-0.0003,0.0031,0.0021,-0.0098
2024-08-01,percap_sa,Automation,All ages,-0.002,0.0052,-0.0027,-0.0038,-0.0085,-0.0168
2024-09-01,percap_sa,Automation,All ages,-0.0071,-0.0006,-0.0093,-0.0095,-0.0071,-0.0251
2024-10-01,percap_sa,Automation,All ages,-0.0044,0.0008,-0.0008,0.001,-0.0052,-0.018
2024-11-01,percap_sa,Automation,All ages,-0.0106,-0.0026,-0.0069,-0.0024,-0.0098,-0.0212
2024-12-01,percap_sa,Automation,All ages,-0.0091,-0.0067,-0.0126,-0.003,-0.0106,-0.0228
2025-01-01,percap_sa,Automation,All ages,-0.0047,0.0065,-0.005,0.0048,-0.0031,-0.0087
2025-02-01,percap_sa,Automation,All ages,0.0008,0.0019,-0.0066,0.005,-0.0084,-0.0096
2025-03-01,percap_sa,Automation,All ages,-0.0039,0.0,-0.0064,0.0058,-0.0084,-0.0082
2025-04-01,percap_sa,Automation,All ages,0.0015,0.0044,-0.0021,0.0071,-0.0047,-0.0066
2025-05-01,percap_sa,Automation,All ages,0.0047,0.0021,-0.001,0.0069,0.0018,-0.004
2025-06-01,percap_sa,Automation,All ages,0.0042,0.0056,0.0083,0.014,0.0248,0.0014
2025-07-01,percap_sa,Automation,All ages,0.004,-0.0032,0.0023,0.0073,0.0197,-0.005
2025-08-01,percap_sa,Automation,All ages,-0.0041,-0.0047,-0.0029,0.0022,0.0181,-0.0163
2025-09-01,percap_sa,Automation,All ages,-0.0071,-0.004,-0.0006,0.0084,0.0142,-0.0077
2025-10-01,percap_sa,Automation,All ages,-0.0112,0.0012,-0.0024,0.0051,0.0212,-0.0073
2025-11-01,percap_sa,Automation,All ages,-0.0003,-0.0022,-0.0032,0.005,0.0208,-0.0066
2025-12-01,percap_sa,Automation,All ages,0.0002,-0.0027,0.002,0.0094,0.0245,-0.0049
2026-01-01,percap_sa,Automation,All ages,0.0003,-0.0052,-0.0025,0.0037,0.0202,-0.0058
2026-02-01,percap_sa,Automation,All ages,-0.0095,-0.0092,-0.0055,0.0036,0.0207,-0.0095
2026-03-01,percap_sa,Automation,All ages,-0.0127,-0.007,-0.0027,0.0014,0.0206,-0.0073
2026-04-01,percap_sa,Automation,All ages,-0.025,-0.0132,-0.009,-0.0045,0.016,-0.0138
2022-01-01,raw,Augmentation,21-30,0.082,0.1097,0.0394,0.1022,0.0749,0.0749
2022-02-01,raw,Augmentation,21-30,0.0734,0.1109,0.0544,0.1162,0.0848,0.0838
2022-03-01,raw,Augmentation,21-30,0.0814,0.1297,0.068,0.151,0.1059,0.0873
2022-04-01,raw,Augmentation,21-30,0.1039,0.1614,0.0912,0.1984,0.1414,0.1055
2022-05-01,raw,Augmentation,21-30,0.0761,0.1505,0.0809,0.1926,0.1273,0.1013
2022-06-01,raw,Augmentation,21-30,0.0712,0.1058,0.0629,0.1727,0.0687,0.0756
2022-07-01,raw,Augmentation,21-30,0.0326,0.0627,0.0507,0.1126,0.0259,0.0605
2022-08-01,raw,Augmentation,21-30,0.0305,0.0349,0.0382,0.0975,0.0102,0.049
2022-09-01,raw,Augmentation,21-30,0.0199,0.0279,0.0284,0.0894,0.0006,0.0496
2022-10-01,raw,Augmentation,21-30,0.013,0.019,0.0171,0.0711,-0.0077,0.0386
2022-11-01,raw,Augmentation,21-30,-0.0048,0.0108,0.0022,0.0656,-0.0134,0.0322
2022-12-01,raw,Augmentation,21-30,0.0004,-0.0042,0.0258,0.0599,-0.0228,0.0207
2023-01-01,raw,Augmentation,21-30,-0.01,0.0221,0.0393,0.0928,-0.0139,0.0348
2023-02-01,raw,Augmentation,21-30,-0.0147,0.0129,0.0219,0.081,-0.0095,0.0283
2023-03-01,raw,Augmentation,21-30,-0.0302,-0.0047,0.0006,0.0584,-0.0211,0.0136
2023-04-01,raw,Augmentation,21-30,-0.0279,-0.0155,-0.001,0.0402,-0.0281,0.0082
2023-05-01,raw,Augmentation,21-30,-0.0297,-0.021,-0.0062,0.027,-0.0298,0.0001
2023-06-01,raw,Augmentation,21-30,-0.0313,-0.0287,-0.0006,0.0213,-0.0152,0.0095
2023-07-01,raw,Augmentation,21-30,-0.0213,-0.0336,-0.0032,0.0213,-0.0183,0.0003
2023-08-01,raw,Augmentation,21-30,-0.0178,-0.0205,0.0046,0.0168,-0.0206,0.0006
2023-09-01,raw,Augmentation,21-30,-0.0275,-0.0261,-0.001,0.0035,-0.0241,-0.0028
2023-10-01,raw,Augmentation,21-30,-0.0241,-0.0398,0.0012,-0.0026,-0.0262,-0.0062
2023-11-01,raw,Augmentation,21-30,-0.0175,-0.0389,-0.0042,-0.0149,-0.0253,-0.0063
2023-12-01,raw,Augmentation,21-30,-0.0284,-0.0386,-0.0215,-0.019,-0.0247,0.005
2024-01-01,raw,Augmentation,21-30,-0.003,-0.0297,-0.0005,-0.005,-0.0145,0.009
2024-02-01,raw,Augmentation,21-30,-0.0092,-0.0335,-0.0012,-0.0206,-0.0236,0.0001
2024-03-01,raw,Augmentation,21-30,-0.0088,-0.034,-0.0035,-0.0289,-0.021,-0.0012
2024-04-01,raw,Augmentation,21-30,-0.0041,-0.0225,-0.0019,-0.0223,-0.0143,-0.0026
2024-05-01,raw,Augmentation,21-30,-0.0057,-0.0216,-0.0076,-0.0259,-0.0218,0.0093
2024-06-01,raw,Augmentation,21-30,-0.0084,-0.0168,-0.0078,-0.0247,-0.0213,-0.0032
2024-07-01,raw,Augmentation,21-30,-0.0016,-0.001,0.0043,-0.0142,-0.0134,0.0027
2024-08-01,raw,Augmentation,21-30,-0.0101,-0.0068,-0.0075,-0.0272,-0.0223,0.0025
2024-09-01,raw,Augmentation,21-30,-0.0078,-0.0151,-0.0199,-0.0354,-0.0221,-0.0095
2024-10-01,raw,Augmentation,21-30,-0.0066,-0.0034,-0.0097,-0.0296,-0.009,0.0004
2024-11-01,raw,Augmentation,21-30,-0.0159,-0.0114,-0.0112,-0.0341,-0.0153,-0.003
2024-12-01,raw,Augmentation,21-30,-0.014,-0.0123,-0.0157,-0.0347,-0.0158,-0.0121
2025-01-01,raw,Augmentation,21-30,-0.0054,0.0181,-0.007,-0.0146,-0.006,-0.0048
2025-02-01,raw,Augmentation,21-30,-0.002,0.0107,-0.0054,-0.0168,-0.009,-0.0032
2025-03-01,raw,Augmentation,21-30,-0.009,0.0115,-0.0031,-0.0204,-0.0049,-0.0043
2025-04-01,raw,Augmentation,21-30,-0.0073,0.0116,-0.0002,-0.02,-0.0035,0.001
2025-05-01,raw,Augmentation,21-30,0.0051,0.0129,0.0079,-0.0117,0.0065,-0.0051
2025-06-01,raw,Augmentation,21-30,0.002,0.0188,0.0127,-0.0089,0.01,0.0006
2025-07-01,raw,Augmentation,21-30,0.0012,0.0113,0.0032,-0.0122,0.007,-0.0064
2025-08-01,raw,Augmentation,21-30,-0.0057,0.0084,-0.0188,-0.0137,0.0044,-0.0194
2025-09-01,raw,Augmentation,21-30,-0.0094,0.0135,0.0021,-0.005,0.0142,-0.0114
2025-10-01,raw,Augmentation,21-30,-0.0059,0.0186,0.0063,-0.0098,0.0097,-0.0117
2025-11-01,raw,Augmentation,21-30,0.0042,0.0256,0.0053,-0.005,0.0118,-0.0137
2025-12-01,raw,Augmentation,21-30,0.0075,0.0291,-0.0003,0.0049,0.0218,-0.0063
2026-01-01,raw,Augmentation,21-30,0.0116,0.0031,0.0017,-0.0147,0.0192,-0.0053
2026-02-01,raw,Augmentation,21-30,0.0013,0.0213,-0.0063,-0.0117,0.0161,-0.0115
2026-03-01,raw,Augmentation,21-30,-0.0043,0.0209,-0.0074,-0.0061,0.0066,-0.009
2026-04-01,raw,Augmentation,21-30,-0.0177,0.011,-0.0064,-0.0193,0.0004,-0.0151
2022-01-01,raw,Augmentation,31-40,0.0764,0.1053,0.0353,0.0677,0.0756,0.0676
2022-02-01,raw,Augmentation,31-40,0.0747,0.1051,0.0435,0.0714,0.0824,0.0728
2022-03-01,raw,Augmentation,31-40,0.0941,0.1253,0.0572,0.0812,0.0887,0.0801
2022-04-01,raw,Augmentation,31-40,0.1142,0.1544,0.0779,0.1094,0.112,0.1023
2022-05-01,raw,Augmentation,31-40,0.1071,0.1387,0.0704,0.1036,0.0973,0.0999
2022-06-01,raw,Augmentation,31-40,0.1049,0.1125,0.066,0.1033,0.0821,0.0958
2022-07-01,raw,Augmentation,31-40,0.0643,0.0821,0.0538,0.0853,0.0605,0.0778
2022-08-01,raw,Augmentation,31-40,0.0518,0.0629,0.0426,0.0718,0.0532,0.0658
2022-09-01,raw,Augmentation,31-40,0.045,0.0534,0.0406,0.062,0.047,0.0594
2022-10-01,raw,Augmentation,31-40,0.0411,0.0439,0.0244,0.0474,0.0393,0.0539
2022-11-01,raw,Augmentation,31-40,0.0285,0.0366,0.0222,0.046,0.0346,0.0467
2022-12-01,raw,Augmentation,31-40,0.0243,0.0235,0.0279,0.0399,0.0297,0.0465
2023-01-01,raw,Augmentation,31-40,0.0297,0.0395,0.037,0.0527,0.0439,0.0534
2023-02-01,raw,Augmentation,31-40,0.0237,0.0323,0.027,0.0451,0.037,0.0464
2023-03-01,raw,Augmentation,31-40,0.0076,0.0123,0.0109,0.0302,0.0316,0.0387
2023-04-01,raw,Augmentation,31-40,0.0117,0.0066,0.0073,0.0198,0.0192,0.0287
2023-05-01,raw,Augmentation,31-40,-0.0023,0.0083,0.0009,0.0179,0.0219,0.0212
2023-06-01,raw,Augmentation,31-40,0.0048,0.004,0.0089,0.0253,0.0357,0.0242
2023-07-01,raw,Augmentation,31-40,0.019,-0.0001,0.0011,0.0189,0.0227,0.0219
2023-08-01,raw,Augmentation,31-40,0.0003,0.006,0.0018,0.0219,0.0218,0.0265
2023-09-01,raw,Augmentation,31-40,-0.0105,-0.0072,-0.0002,0.018,0.0159,0.0197
2023-10-01,raw,Augmentation,31-40,-0.0152,-0.0125,0.0076,0.0125,0.0136,0.0193
2023-11-01,raw,Augmentation,31-40,-0.0187,-0.0098,0.0016,0.0103,0.0109,0.0215
2023-12-01,raw,Augmentation,31-40,-0.0265,-0.0077,-0.0034,0.0051,0.0138,0.0226
2024-01-01,raw,Augmentation,31-40,-0.005,0.0124,0.0078,0.0148,0.0188,0.0256
2024-02-01,raw,Augmentation,31-40,-0.0135,-0.003,-0.0004,0.0054,0.0082,0.0233
2024-03-01,raw,Augmentation,31-40,-0.0123,-0.004,-0.0021,0.0034,0.0075,0.0188
2024-04-01,raw,Augmentation,31-40,-0.0104,-0.0039,-0.0011,0.0077,0.0114,0.0257
2024-05-01,raw,Augmentation,31-40,0.0038,0.0011,-0.0055,0.0061,0.0118,0.0346
2024-06-01,raw,Augmentation,31-40,-0.0081,0.0055,-0.0023,0.007,0.0121,0.0344
2024-07-01,raw,Augmentation,31-40,0.0056,0.0169,-0.0003,0.0108,0.015,0.0347
2024-08-01,raw,Augmentation,31-40,0.0125,0.0097,-0.0046,0.0021,0.0042,0.0236
2024-09-01,raw,Augmentation,31-40,-0.003,0.0068,-0.0152,-0.0037,0.0014,0.0203
2024-10-01,raw,Augmentation,31-40,0.0036,0.0063,-0.0105,-0.0001,0.009,0.0246
2024-11-01,raw,Augmentation,31-40,-0.0048,-0.0028,-0.0126,-0.005,0.0068,0.0181
2024-12-01,raw,Augmentation,31-40,-0.0019,-0.0075,-0.0189,-0.0042,0.0036,0.0162
2025-01-01,raw,Augmentation,31-40,-0.0081,0.0089,-0.0125,0.0063,0.0136,0.0213
2025-02-01,raw,Augmentation,31-40,-0.0044,0.0024,-0.0114,0.0009,0.0072,0.0196
2025-03-01,raw,Augmentation,31-40,-0.0071,0.0078,-0.0138,0.004,0.0055,0.0209
2025-04-01,raw,Augmentation,31-40,-0.0024,0.0126,-0.0112,0.0059,0.0082,0.0175
2025-05-01,raw,Augmentation,31-40,0.0035,0.0016,-0.002,0.0077,0.0058,0.0112
2025-06-01,raw,Augmentation,31-40,0.0065,0.0128,-0.0001,0.0175,0.0232,0.0216
2025-07-01,raw,Augmentation,31-40,0.0054,0.0,-0.0039,0.013,0.0156,0.0146
2025-08-01,raw,Augmentation,31-40,-0.0119,-0.0014,-0.0078,0.0093,0.0139,0.0136
2025-09-01,raw,Augmentation,31-40,-0.0075,-0.0051,-0.0069,0.0092,0.0143,0.0159
2025-10-01,raw,Augmentation,31-40,-0.0197,0.0018,-0.0043,0.0052,0.013,0.0116
2025-11-01,raw,Augmentation,31-40,-0.0054,0.0082,-0.0078,0.0067,0.009,0.0132
2025-12-01,raw,Augmentation,31-40,-0.0049,0.0116,-0.0093,0.0118,0.013,0.019
2026-01-01,raw,Augmentation,31-40,0.0019,-0.0077,-0.0032,0.0069,0.01,0.0178
2026-02-01,raw,Augmentation,31-40,-0.0148,-0.0003,-0.0122,0.0092,0.0086,0.0131
2026-03-01,raw,Augmentation,31-40,-0.0211,-0.0058,-0.0077,0.0079,0.0082,0.011
2026-04-01,raw,Augmentation,31-40,-0.0357,-0.0177,-0.0109,-0.0028,0.0039,0.0073
2022-01-01,raw,Augmentation,41-50,0.0862,0.0621,0.0299,0.0389,0.0346,0.0473
2022-02-01,raw,Augmentation,41-50,0.0893,0.0693,0.0348,0.0444,0.0438,0.0541
2022-03-01,raw,Augmentation,41-50,0.0977,0.086,0.0404,0.0473,0.048,0.0577
2022-04-01,raw,Augmentation,41-50,0.1237,0.1203,0.0634,0.0692,0.0658,0.0781
2022-05-01,raw,Augmentation,41-50,0.1217,0.1147,0.0549,0.0599,0.0534,0.0753
2022-06-01,raw,Augmentation,41-50,0.1024,0.0977,0.0537,0.066,0.0478,0.0722
2022-07-01,raw,Augmentation,41-50,0.0628,0.0602,0.0398,0.0475,0.0299,0.0558
2022-08-01,raw,Augmentation,41-50,0.0519,0.0425,0.0246,0.0338,0.0248,0.0416
2022-09-01,raw,Augmentation,41-50,0.045,0.0346,0.0237,0.0257,0.0205,0.036
2022-10-01,raw,Augmentation,41-50,0.037,0.027,0.0112,0.016,0.0142,0.0278
2022-11-01,raw,Augmentation,41-50,0.0149,0.0236,0.0105,0.0143,0.0098,0.0271
2022-12-01,raw,Augmentation,41-50,0.021,0.0241,0.0118,0.0093,0.0078,0.0249
2023-01-01,raw,Augmentation,41-50,0.0176,0.0356,0.0191,0.0174,0.0149,0.0267
2023-02-01,raw,Augmentation,41-50,0.0114,0.0275,0.0127,0.0078,0.0055,0.0191
2023-03-01,raw,Augmentation,41-50,0.0038,0.012,0.0047,0.0026,0.0008,0.0131
2023-04-01,raw,Augmentation,41-50,0.0006,0.0006,-0.003,-0.0108,-0.0061,0.0027
2023-05-01,raw,Augmentation,41-50,0.0013,0.0041,-0.0045,-0.0105,-0.0021,0.0008
2023-06-01,raw,Augmentation,41-50,0.0098,0.0082,0.005,-0.0037,0.0123,0.0104
2023-07-01,raw,Augmentation,41-50,0.0194,0.0094,-0.0029,-0.0093,0.001,0.0049
2023-08-01,raw,Augmentation,41-50,0.0117,0.0147,-0.0018,-0.0089,-0.0001,0.0074
2023-09-01,raw,Augmentation,41-50,-0.0018,0.0068,-0.0014,-0.0134,-0.0018,0.0027
2023-10-01,raw,Augmentation,41-50,-0.0008,0.0016,0.0047,-0.0181,-0.0027,0.0026
2023-11-01,raw,Augmentation,41-50,0.0014,-0.0002,-0.0003,-0.018,-0.0001,0.0007
2023-12-01,raw,Augmentation,41-50,-0.0119,-0.0018,-0.0051,-0.0247,-0.0044,0.0025
2024-01-01,raw,Augmentation,41-50,0.0017,0.0169,0.0043,-0.0145,0.0019,0.0139
2024-02-01,raw,Augmentation,41-50,-0.012,-0.0049,-0.0024,-0.0204,-0.0042,0.0086
2024-03-01,raw,Augmentation,41-50,-0.0126,-0.0057,-0.0049,-0.0258,-0.0068,0.0048
2024-04-01,raw,Augmentation,41-50,-0.0043,-0.001,-0.0031,-0.0179,-0.002,0.0095
2024-05-01,raw,Augmentation,41-50,0.0068,0.0025,-0.0092,-0.0168,-0.0044,0.0182
2024-06-01,raw,Augmentation,41-50,0.0069,0.0076,-0.0005,-0.0138,-0.0001,0.0177
2024-07-01,raw,Augmentation,41-50,0.0185,0.0167,0.0038,-0.0095,0.0023,0.0183
2024-08-01,raw,Augmentation,41-50,0.0114,0.0143,-0.0013,-0.0159,-0.0058,0.0138
2024-09-01,raw,Augmentation,41-50,0.0077,0.009,-0.0072,-0.0211,-0.0065,0.0123
2024-10-01,raw,Augmentation,41-50,0.0055,0.0106,-0.0049,-0.0137,-0.0023,0.0181
2024-11-01,raw,Augmentation,41-50,0.0073,0.0022,-0.0063,-0.018,-0.0072,0.0172
2024-12-01,raw,Augmentation,41-50,0.0082,0.005,-0.0112,-0.0149,-0.0067,0.014
2025-01-01,raw,Augmentation,41-50,0.0164,0.0161,-0.0026,-0.0064,-0.0008,0.0159
2025-02-01,raw,Augmentation,41-50,0.0249,0.0195,-0.0014,-0.0093,-0.0037,0.0196
2025-03-01,raw,Augmentation,41-50,0.0167,0.0197,-0.0031,-0.0106,-0.0008,0.022
2025-04-01,raw,Augmentation,41-50,0.0217,0.0234,-0.0012,-0.0057,-0.0014,0.0218
2025-05-01,raw,Augmentation,41-50,0.013,0.0141,0.0089,-0.0048,-0.0009,0.0141
2025-06-01,raw,Augmentation,41-50,0.0046,0.0245,0.0116,0.0067,0.0159,0.0233
2025-07-01,raw,Augmentation,41-50,0.0095,0.0154,-0.0002,0.0009,0.0081,0.0175
2025-08-01,raw,Augmentation,41-50,0.0081,0.0092,-0.004,0.0,0.0029,0.008
2025-09-01,raw,Augmentation,41-50,0.0026,0.0067,-0.0005,0.0022,0.0025,0.0141
2025-10-01,raw,Augmentation,41-50,-0.0047,0.01,0.0058,-0.0032,0.0025,0.0112
2025-11-01,raw,Augmentation,41-50,0.0004,0.0137,0.0006,-0.0002,0.002,0.009
2025-12-01,raw,Augmentation,41-50,0.003,0.0104,-0.002,0.0042,0.0061,0.016
2026-01-01,raw,Augmentation,41-50,-0.0028,0.0006,0.0015,-0.0014,0.0026,0.0112
2026-02-01,raw,Augmentation,41-50,-0.0109,0.0041,-0.0035,-0.0011,0.002,0.0065
2026-03-01,raw,Augmentation,41-50,-0.0168,0.0041,0.0022,0.0034,0.0015,0.006
2026-04-01,raw,Augmentation,41-50,-0.0228,-0.0069,0.0012,-0.0053,-0.0005,-0.0019
2022-01-01,raw,Augmentation,51-60,0.0688,0.0747,0.0479,0.067,0.0526,0.0444
2022-02-01,raw,Augmentation,51-60,0.0601,0.0718,0.0555,0.0665,0.0627,0.0501
2022-03-01,raw,Augmentation,51-60,0.0648,0.0878,0.0594,0.0744,0.0661,0.0613
2022-04-01,raw,Augmentation,51-60,0.0884,0.1113,0.0781,0.0917,0.0803,0.075
2022-05-01,raw,Augmentation,51-60,0.0631,0.0939,0.0667,0.0836,0.0689,0.0736
2022-06-01,raw,Augmentation,51-60,0.0657,0.0885,0.0669,0.093,0.0671,0.0732
2022-07-01,raw,Augmentation,51-60,0.0472,0.0611,0.0557,0.0728,0.0533,0.0588
2022-08-01,raw,Augmentation,51-60,0.0371,0.0489,0.0479,0.062,0.047,0.0492
2022-09-01,raw,Augmentation,51-60,0.0374,0.0413,0.0425,0.056,0.0422,0.0467
2022-10-01,raw,Augmentation,51-60,0.0316,0.0393,0.0353,0.0461,0.0342,0.0393
2022-11-01,raw,Augmentation,51-60,0.0279,0.0335,0.0312,0.0474,0.0327,0.0365
2022-12-01,raw,Augmentation,51-60,0.027,0.0222,0.0331,0.0421,0.0277,0.0349
2023-01-01,raw,Augmentation,51-60,0.0345,0.0348,0.0407,0.0491,0.04,0.0377
2023-02-01,raw,Augmentation,51-60,0.0283,0.0292,0.0308,0.0414,0.0303,0.0356
2023-03-01,raw,Augmentation,51-60,0.0293,0.0168,0.0271,0.0361,0.027,0.0284
2023-04-01,raw,Augmentation,51-60,0.0229,0.0072,0.0219,0.0248,0.0196,0.0196
2023-05-01,raw,Augmentation,51-60,0.0286,0.0156,0.0188,0.0251,0.0203,0.0208
2023-06-01,raw,Augmentation,51-60,0.0342,0.0175,0.0321,0.037,0.0304,0.0309
2023-07-01,raw,Augmentation,51-60,0.0385,0.0156,0.0235,0.0321,0.0219,0.0269
2023-08-01,raw,Augmentation,51-60,0.0339,0.0132,0.0217,0.0288,0.0169,0.0252
2023-09-01,raw,Augmentation,51-60,0.0179,0.0128,0.026,0.0232,0.0173,0.0196
2023-10-01,raw,Augmentation,51-60,0.0216,0.0055,0.0268,0.023,0.0159,0.0216
2023-11-01,raw,Augmentation,51-60,0.024,0.0119,0.0243,0.0181,0.014,0.0239
2023-12-01,raw,Augmentation,51-60,0.0107,0.0157,0.0177,0.0159,0.0165,0.0243
2024-01-01,raw,Augmentation,51-60,0.0168,0.026,0.0226,0.0207,0.0143,0.0294
2024-02-01,raw,Augmentation,51-60,0.0124,0.0169,0.0188,0.0213,0.0092,0.0262
2024-03-01,raw,Augmentation,51-60,0.0009,0.0204,0.0137,0.0131,0.0079,0.0218
2024-04-01,raw,Augmentation,51-60,0.0095,0.0171,0.014,0.0185,0.0136,0.0284
2024-05-01,raw,Augmentation,51-60,0.0141,0.0163,0.009,0.0175,0.0145,0.0332
2024-06-01,raw,Augmentation,51-60,0.0076,0.0215,0.0137,0.0186,0.0208,0.0373
2024-07-01,raw,Augmentation,51-60,0.0155,0.0278,0.015,0.0195,0.0169,0.0306
2024-08-01,raw,Augmentation,51-60,0.0089,0.0196,0.0101,0.0131,0.0121,0.0275
2024-09-01,raw,Augmentation,51-60,0.0043,0.0144,0.0032,0.0066,0.0041,0.0278
2024-10-01,raw,Augmentation,51-60,0.0046,0.0206,0.0035,0.0095,0.0084,0.0309
2024-11-01,raw,Augmentation,51-60,-0.0045,0.0126,-0.0005,0.0081,0.0073,0.0244
2024-12-01,raw,Augmentation,51-60,-0.0043,0.0099,-0.0006,0.0072,0.0026,0.0228
2025-01-01,raw,Augmentation,51-60,-0.0006,0.0189,0.0093,0.0114,0.0091,0.0278
2025-02-01,raw,Augmentation,51-60,0.0065,0.0177,0.0076,0.0076,0.0049,0.0282
2025-03-01,raw,Augmentation,51-60,0.0057,0.0156,0.0061,0.0066,0.004,0.0286
2025-04-01,raw,Augmentation,51-60,0.0133,0.0231,0.0099,0.0097,0.0038,0.0298
2025-05-01,raw,Augmentation,51-60,0.016,0.0175,0.0166,0.0094,0.0045,0.0219
2025-06-01,raw,Augmentation,51-60,0.0238,0.0239,0.0275,0.0221,0.0206,0.028
2025-07-01,raw,Augmentation,51-60,0.0164,0.0177,0.013,0.015,0.0102,0.0243
2025-08-01,raw,Augmentation,51-60,0.0094,0.0101,0.0078,0.0104,0.0045,0.0183
2025-09-01,raw,Augmentation,51-60,0.0015,0.0078,0.0092,0.0113,0.0069,0.0186
2025-10-01,raw,Augmentation,51-60,-0.0015,0.0101,0.0138,0.0094,0.0051,0.0165
2025-11-01,raw,Augmentation,51-60,0.0124,0.0077,0.0092,0.0069,0.0011,0.0168
2025-12-01,raw,Augmentation,51-60,0.0078,0.0051,0.0075,0.0121,0.0039,0.0209
2026-01-01,raw,Augmentation,51-60,0.0007,-0.0077,0.0064,0.0096,-0.0017,0.018
2026-02-01,raw,Augmentation,51-60,-0.0029,-0.01,0.0012,0.0074,-0.0009,0.0135
2026-03-01,raw,Augmentation,51-60,0.003,-0.0072,0.0074,0.0111,-0.0031,0.0174
2026-04-01,raw,Augmentation,51-60,-0.0122,-0.0172,0.0009,0.0033,-0.0047,0.0055
2022-01-01,raw,Augmentation,All ages,0.0786,0.0897,0.0377,0.0664,0.0602,0.06
2022-02-01,raw,Augmentation,All ages,0.0746,0.0911,0.0466,0.0719,0.069,0.0667
2022-03-01,raw,Augmentation,All ages,0.085,0.1092,0.0561,0.0843,0.0783,0.0728
2022-04-01,raw,Augmentation,All ages,0.1079,0.1391,0.0777,0.1118,0.1014,0.0918
2022-05-01,raw,Augmentation,All ages,0.0921,0.127,0.0683,0.1048,0.0884,0.0892
2022-06-01,raw,Augmentation,All ages,0.0863,0.1023,0.0623,0.1056,0.0668,0.08
2022-07-01,raw,Augmentation,All ages,0.0511,0.067,0.0499,0.0781,0.041,0.0639
2022-08-01,raw,Augmentation,All ages,0.0425,0.0472,0.0382,0.0648,0.0322,0.052
2022-09-01,raw,Augmentation,All ages,0.0363,0.0393,0.0335,0.0567,0.0261,0.0486
2022-10-01,raw,Augmentation,All ages,0.0303,0.0319,0.0217,0.0437,0.0185,0.0404
2022-11-01,raw,Augmentation,All ages,0.0158,0.0255,0.0161,0.042,0.0143,0.0359
2022-12-01,raw,Augmentation,All ages,0.0176,0.0153,0.0244,0.0364,0.0087,0.0319
2023-01-01,raw,Augmentation,All ages,0.0171,0.0327,0.0339,0.0506,0.0192,0.0387
2023-02-01,raw,Augmentation,All ages,0.0113,0.0251,0.0229,0.0417,0.0147,0.0327
2023-03-01,raw,Augmentation,All ages,0.0013,0.0084,0.0102,0.0302,0.0082,0.0236
2023-04-01,raw,Augmentation,All ages,0.0008,-0.0009,0.0057,0.0171,-0.0003,0.0149
2023-05-01,raw,Augmentation,All ages,-0.0019,0.0004,0.0015,0.0138,0.0009,0.0103
2023-06-01,raw,Augmentation,All ages,0.0026,-0.0019,0.0104,0.0193,0.0138,0.018
2023-07-01,raw,Augmentation,All ages,0.012,-0.0049,0.0038,0.0149,0.0051,0.0126
2023-08-01,raw,Augmentation,All ages,0.0053,0.0016,0.006,0.0141,0.003,0.0143
2023-09-01,raw,Augmentation,All ages,-0.0068,-0.0053,0.005,0.0076,0.0005,0.0093
2023-10-01,raw,Augmentation,All ages,-0.0059,-0.0131,0.0094,0.0033,-0.0009,0.0086
2023-11-01,raw,Augmentation,All ages,-0.0039,-0.0113,0.0046,-0.0011,-0.0012,0.0092
2023-12-01,raw,Augmentation,All ages,-0.015,-0.0103,-0.0038,-0.0058,-0.0008,0.0132
2024-01-01,raw,Augmentation,All ages,0.0022,0.0046,0.008,0.0041,0.0044,0.019
2024-02-01,raw,Augmentation,All ages,-0.0061,-0.0077,0.0032,-0.0036,-0.0034,0.0139
2024-03-01,raw,Augmentation,All ages,-0.0085,-0.0077,0.0003,-0.0093,-0.0038,0.0105
2024-04-01,raw,Augmentation,All ages,-0.0027,-0.0041,0.0015,-0.0032,0.0016,0.0146
2024-05-01,raw,Augmentation,All ages,0.0044,-0.0016,-0.0037,-0.0044,-0.0008,0.0235
2024-06-01,raw,Augmentation,All ages,-0.0008,0.0029,0.0002,-0.0031,0.0013,0.0205
2024-07-01,raw,Augmentation,All ages,0.0089,0.0139,0.0052,0.0018,0.004,0.0209
2024-08-01,raw,Augmentation,All ages,0.0052,0.008,-0.0013,-0.0066,-0.004,0.0161
2024-09-01,raw,Augmentation,All ages,0.0001,0.0028,-0.0104,-0.0129,-0.0064,0.0115
2024-10-01,raw,Augmentation,All ages,0.0016,0.0076,-0.0058,-0.0079,0.0012,0.0176
2024-11-01,raw,Augmentation,All ages,-0.0047,-0.0008,-0.008,-0.0118,-0.0025,0.0134
2024-12-01,raw,Augmentation,All ages,-0.0031,-0.0024,-0.0121,-0.0111,-0.0044,0.0092
2025-01-01,raw,Augmentation,All ages,0.0004,0.0152,-0.0037,-0.0003,0.0038,0.0141
2025-02-01,raw,Augmentation,All ages,0.006,0.0119,-0.0032,-0.004,-0.0003,0.015
2025-03-01,raw,Augmentation,All ages,0.0013,0.0132,-0.0039,-0.0045,0.0009,0.0158
2025-04-01,raw,Augmentation,All ages,0.006,0.017,-0.0012,-0.0018,0.0016,0.0165
2025-05-01,raw,Augmentation,All ages,0.0091,0.011,0.0074,0.0007,0.0041,0.0096
2025-06-01,raw,Augmentation,All ages,0.0088,0.0195,0.0122,0.0099,0.0172,0.0175
2025-07-01,raw,Augmentation,All ages,0.0078,0.0105,0.0026,0.0047,0.0101,0.0112
2025-08-01,raw,Augmentation,All ages,-0.0005,0.0062,-0.0061,0.0021,0.0064,0.004
2025-09-01,raw,Augmentation,All ages,-0.0035,0.0055,0.0006,0.0048,0.0098,0.0086
2025-10-01,raw,Augmentation,All ages,-0.0081,0.0101,0.005,0.0007,0.0078,0.0061
2025-11-01,raw,Augmentation,All ages,0.0026,0.0142,0.0014,0.0024,0.0062,0.0056
2025-12-01,raw,Augmentation,All ages,0.0032,0.0147,-0.0014,0.0084,0.0116,0.0119
2026-01-01,raw,Augmentation,All ages,0.0029,-0.0029,0.0012,0.0007,0.008,0.0101
2026-02-01,raw,Augmentation,All ages,-0.0068,0.0045,-0.0054,0.0016,0.0069,0.0051
2026-03-01,raw,Augmentation,All ages,-0.0101,0.0035,-0.0017,0.0045,0.0036,0.0057
2026-04-01,raw,Augmentation,All ages,-0.0224,-0.0073,-0.0041,-0.0055,-0.0001,-0.0012
2022-01-01,raw,Automation,21-30,0.082,0.0641,0.0715,0.0805,0.0846,0.0676
2022-02-01,raw,Automation,21-30,0.0734,0.0609,0.0706,0.0954,0.0797,0.0961
2022-03-01,raw,Automation,21-30,0.0814,0.0672,0.0773,0.1169,0.076,0.1308
2022-04-01,raw,Automation,21-30,0.1039,0.0777,0.1016,0.1577,0.086,0.1709
2022-05-01,raw,Automation,21-30,0.0761,0.075,0.095,0.143,0.0721,0.1643
2022-06-01,raw,Automation,21-30,0.0712,0.0614,0.0727,0.0823,0.0675,0.1354
2022-07-01,raw,Automation,21-30,0.0326,0.0418,0.0517,0.0426,0.0549,0.0903
2022-08-01,raw,Automation,21-30,0.0305,0.0299,0.0414,0.0227,0.0531,0.0724
2022-09-01,raw,Automation,21-30,0.0199,0.0264,0.0378,0.019,0.0357,0.0584
2022-10-01,raw,Automation,21-30,0.013,0.018,0.0356,0.0082,0.0258,0.0391
2022-11-01,raw,Automation,21-30,-0.0048,0.0196,0.0246,0.002,0.0283,0.0185
2022-12-01,raw,Automation,21-30,0.0004,0.0038,0.0283,-0.0112,0.0282,0.0381
2023-01-01,raw,Automation,21-30,-0.01,0.0182,0.0392,0.003,0.0264,0.0721
2023-02-01,raw,Automation,21-30,-0.0147,0.0078,0.0385,0.0029,0.0351,0.0457
2023-03-01,raw,Automation,21-30,-0.0302,0.0034,0.0194,-0.015,0.0391,0.0163
2023-04-01,raw,Automation,21-30,-0.0279,0.0045,0.0167,-0.023,0.0324,0.0005
2023-05-01,raw,Automation,21-30,-0.0297,-0.0052,0.0143,-0.026,0.0324,-0.0127
2023-06-01,raw,Automation,21-30,-0.0313,-0.0063,0.0233,-0.0166,0.0395,-0.0108
2023-07-01,raw,Automation,21-30,-0.0213,-0.0079,0.012,-0.0227,0.0318,-0.0074
2023-08-01,raw,Automation,21-30,-0.0178,0.0018,0.0103,-0.023,0.0254,-0.001
2023-09-01,raw,Automation,21-30,-0.0275,0.0009,0.0107,-0.0275,0.0089,-0.0115
2023-10-01,raw,Automation,21-30,-0.0241,-0.0039,0.0046,-0.0305,0.0078,-0.0138
2023-11-01,raw,Automation,21-30,-0.0175,-0.0053,0.006,-0.0323,-0.0035,-0.0194
2023-12-01,raw,Automation,21-30,-0.0284,-0.0005,0.0045,-0.0279,-0.009,-0.0367
2024-01-01,raw,Automation,21-30,-0.003,0.0041,0.0053,-0.0174,0.0022,-0.0089
2024-02-01,raw,Automation,21-30,-0.0092,0.0046,-0.0012,-0.0273,-0.0051,-0.0186
2024-03-01,raw,Automation,21-30,-0.0088,0.0039,-0.0057,-0.0241,-0.0103,-0.0246
2024-04-01,raw,Automation,21-30,-0.0041,0.0036,-0.0082,-0.0164,-0.0093,-0.0159
2024-05-01,raw,Automation,21-30,-0.0057,0.0072,-0.0093,-0.0161,-0.0274,-0.0181
2024-06-01,raw,Automation,21-30,-0.0084,0.0026,-0.0172,-0.0184,-0.0217,-0.0152
2024-07-01,raw,Automation,21-30,-0.0016,0.0159,-0.0141,-0.0088,-0.0138,-0.0018
2024-08-01,raw,Automation,21-30,-0.0101,0.0073,-0.0132,-0.0142,-0.0328,-0.0163
2024-09-01,raw,Automation,21-30,-0.0078,-0.0047,-0.0278,-0.0185,-0.0171,-0.0302
2024-10-01,raw,Automation,21-30,-0.0066,0.0008,-0.0153,-0.0046,-0.0226,-0.0172
2024-11-01,raw,Automation,21-30,-0.0159,0.0002,-0.0214,-0.009,-0.0298,-0.022
2024-12-01,raw,Automation,21-30,-0.014,-0.008,-0.0301,-0.0095,-0.0273,-0.0246
2025-01-01,raw,Automation,21-30,-0.0054,0.0122,-0.018,-0.0003,-0.0138,-0.0093
2025-02-01,raw,Automation,21-30,-0.002,0.0048,-0.0203,0.0021,-0.0239,-0.0084
2025-03-01,raw,Automation,21-30,-0.009,0.003,-0.0175,0.0034,-0.024,-0.0067
2025-04-01,raw,Automation,21-30,-0.0073,0.0058,-0.0114,0.004,-0.0171,-0.0071
2025-05-01,raw,Automation,21-30,0.0051,0.0038,-0.0105,0.0106,0.0085,-0.0049
2025-06-01,raw,Automation,21-30,0.002,0.0055,-0.0025,0.0105,0.0325,-0.0016
2025-07-01,raw,Automation,21-30,0.0012,-0.003,-0.0103,0.0059,0.0288,-0.0075
2025-08-01,raw,Automation,21-30,-0.0057,-0.0042,-0.0217,0.0004,0.031,-0.0304
2025-09-01,raw,Automation,21-30,-0.0094,0.0008,-0.0136,0.0124,0.0217,-0.0057
2025-10-01,raw,Automation,21-30,-0.0059,0.0081,-0.0164,0.0057,0.0454,-0.0099
2025-11-01,raw,Automation,21-30,0.0042,-0.0001,-0.015,0.0087,0.0454,-0.0033
2025-12-01,raw,Automation,21-30,0.0075,0.0005,-0.009,0.0172,0.0467,0.0001
2026-01-01,raw,Automation,21-30,0.0116,-0.0015,-0.0197,0.01,0.0332,-0.002
2026-02-01,raw,Automation,21-30,0.0013,-0.009,-0.0201,0.0122,0.0354,-0.0075
2026-03-01,raw,Automation,21-30,-0.0043,-0.0038,-0.0217,0.006,0.0354,-0.0069
2026-04-01,raw,Automation,21-30,-0.0177,-0.0109,-0.0273,-0.0019,0.0322,-0.0105
2022-01-01,raw,Automation,31-40,0.0764,0.062,0.0763,0.0766,0.0623,0.0472
2022-02-01,raw,Automation,31-40,0.0747,0.0605,0.0784,0.0859,0.0616,0.0594
2022-03-01,raw,Automation,31-40,0.0941,0.0741,0.0837,0.0979,0.0556,0.0804
2022-04-01,raw,Automation,31-40,0.1142,0.0876,0.1097,0.1265,0.0755,0.1063
2022-05-01,raw,Automation,31-40,0.1071,0.0815,0.1035,0.1125,0.0659,0.1008
2022-06-01,raw,Automation,31-40,0.1049,0.0832,0.0953,0.0915,0.0699,0.093
2022-07-01,raw,Automation,31-40,0.0643,0.0651,0.0791,0.0675,0.0584,0.0738
2022-08-01,raw,Automation,31-40,0.0518,0.0526,0.0689,0.0547,0.055,0.0584
2022-09-01,raw,Automation,31-40,0.045,0.0428,0.063,0.05,0.0545,0.0486
2022-10-01,raw,Automation,31-40,0.0411,0.0402,0.0564,0.0412,0.0437,0.0266
2022-11-01,raw,Automation,31-40,0.0285,0.0356,0.054,0.0362,0.044,0.0196
2022-12-01,raw,Automation,31-40,0.0243,0.028,0.051,0.0321,0.0404,0.0228
2023-01-01,raw,Automation,31-40,0.0297,0.0334,0.0583,0.0492,0.0442,0.0384
2023-02-01,raw,Automation,31-40,0.0237,0.0286,0.0519,0.0388,0.0499,0.0229
2023-03-01,raw,Automation,31-40,0.0076,0.019,0.0406,0.0264,0.0506,0.0017
2023-04-01,raw,Automation,31-40,0.0117,0.0213,0.0341,0.0131,0.0429,-0.0097
2023-05-01,raw,Automation,31-40,-0.0023,0.0136,0.0309,0.0155,0.0428,-0.0158
2023-06-01,raw,Automation,31-40,0.0048,0.01,0.0381,0.0216,0.0567,-0.0051
2023-07-01,raw,Automation,31-40,0.019,0.0079,0.03,0.0146,0.0407,-0.0108
2023-08-01,raw,Automation,31-40,0.0003,0.016,0.0319,0.016,0.0402,-0.0103
2023-09-01,raw,Automation,31-40,-0.0105,0.0058,0.0252,0.0105,0.0388,-0.0146
2023-10-01,raw,Automation,31-40,-0.0152,0.0033,0.0266,0.0086,0.0329,-0.0104
2023-11-01,raw,Automation,31-40,-0.0187,0.0046,0.0261,0.0077,0.0292,-0.0152
2023-12-01,raw,Automation,31-40,-0.0265,0.0068,0.0284,0.0101,0.027,-0.0247
2024-01-01,raw,Automation,31-40,-0.005,0.0137,0.029,0.0192,0.0297,-0.0053
2024-02-01,raw,Automation,31-40,-0.0135,0.0073,0.0254,0.0106,0.0185,-0.0177
2024-03-01,raw,Automation,31-40,-0.0123,0.0059,0.0231,0.0073,0.0196,-0.0203
2024-04-01,raw,Automation,31-40,-0.0104,0.0052,0.0214,0.0153,0.0202,-0.0143
2024-05-01,raw,Automation,31-40,0.0038,0.0098,0.0234,0.02,0.0155,-0.0179
2024-06-01,raw,Automation,31-40,-0.0081,0.0159,0.0224,0.0204,0.0164,-0.0154
2024-07-01,raw,Automation,31-40,0.0056,0.0251,0.0215,0.0237,0.0205,-0.0131
2024-08-01,raw,Automation,31-40,0.0125,0.013,0.0141,0.0134,0.0079,-0.0151
2024-09-01,raw,Automation,31-40,-0.003,0.0107,0.0082,0.0057,0.0087,-0.023
2024-10-01,raw,Automation,31-40,0.0036,0.0065,0.0133,0.0146,0.01,-0.0172
2024-11-01,raw,Automation,31-40,-0.0048,0.0043,0.0071,0.0106,0.0037,-0.0205
2024-12-01,raw,Automation,31-40,-0.0019,-0.0001,0.0018,0.0086,0.0006,-0.0225
2025-01-01,raw,Automation,31-40,-0.0081,0.0121,0.0067,0.0175,0.0072,-0.0107
2025-02-01,raw,Automation,31-40,-0.0044,0.0042,0.0027,0.0155,-0.0008,-0.0102
2025-03-01,raw,Automation,31-40,-0.0071,0.0046,0.0002,0.018,-0.0025,-0.0082
2025-04-01,raw,Automation,31-40,-0.0024,0.0073,0.0022,0.0196,0.0009,-0.0089
2025-05-01,raw,Automation,31-40,0.0035,0.0053,0.0021,0.0146,0.0036,-0.0049
2025-06-01,raw,Automation,31-40,0.0065,0.0098,0.0139,0.0225,0.0316,-0.0012
2025-07-01,raw,Automation,31-40,0.0054,-0.0008,0.0062,0.013,0.028,-0.0021
2025-08-01,raw,Automation,31-40,-0.0119,-0.0002,0.0064,0.0111,0.0263,-0.0102
2025-09-01,raw,Automation,31-40,-0.0075,-0.0035,0.0061,0.0159,0.0193,-0.0082
2025-10-01,raw,Automation,31-40,-0.0197,0.0016,0.0035,0.012,0.0258,-0.0108
2025-11-01,raw,Automation,31-40,-0.0054,-0.0005,0.0039,0.0102,0.0275,-0.0108
2025-12-01,raw,Automation,31-40,-0.0049,0.0013,0.0079,0.0137,0.0334,-0.0093
2026-01-01,raw,Automation,31-40,0.0019,-0.0023,0.0072,0.0058,0.0323,-0.0073
2026-02-01,raw,Automation,31-40,-0.0148,-0.0037,0.0038,0.0057,0.0333,-0.0137
2026-03-01,raw,Automation,31-40,-0.0211,-0.0062,0.0065,0.0034,0.0328,-0.0122
2026-04-01,raw,Automation,31-40,-0.0357,-0.0129,0.0027,-0.0023,0.0269,-0.0204
2022-01-01,raw,Automation,41-50,0.0862,0.0363,0.0467,0.0436,0.0275,0.0395
2022-02-01,raw,Automation,41-50,0.0893,0.042,0.0518,0.051,0.0322,0.0489
2022-03-01,raw,Automation,41-50,0.0977,0.0516,0.05,0.0604,0.0305,0.0575
2022-04-01,raw,Automation,41-50,0.1237,0.0699,0.0772,0.083,0.0462,0.082
2022-05-01,raw,Automation,41-50,0.1217,0.0659,0.0726,0.0696,0.037,0.0751
2022-06-01,raw,Automation,41-50,0.1024,0.0651,0.0697,0.0592,0.0434,0.0738
2022-07-01,raw,Automation,41-50,0.0628,0.0432,0.0526,0.0346,0.0292,0.0595
2022-08-01,raw,Automation,41-50,0.0519,0.0314,0.0378,0.0261,0.0242,0.0386
2022-09-01,raw,Automation,41-50,0.045,0.0176,0.0364,0.0245,0.0224,0.0309
2022-10-01,raw,Automation,41-50,0.037,0.016,0.029,0.0154,0.0147,0.015
2022-11-01,raw,Automation,41-50,0.0149,0.0132,0.0292,0.0094,0.0181,0.0124
2022-12-01,raw,Automation,41-50,0.021,0.0127,0.0273,0.0092,0.0125,0.0114
2023-01-01,raw,Automation,41-50,0.0176,0.0106,0.0311,0.0206,0.0137,0.0247
2023-02-01,raw,Automation,41-50,0.0114,0.0032,0.026,0.0095,0.015,0.0104
2023-03-01,raw,Automation,41-50,0.0038,-0.0024,0.0213,-0.0022,0.0154,0.0015
2023-04-01,raw,Automation,41-50,0.0006,-0.0077,0.0091,-0.0103,0.0068,-0.0113
2023-05-01,raw,Automation,41-50,0.0013,-0.0117,0.0108,-0.005,0.0067,-0.0131
2023-06-01,raw,Automation,41-50,0.0098,-0.0072,0.0192,0.0042,0.022,-0.0021
2023-07-01,raw,Automation,41-50,0.0194,-0.0069,0.0122,0.0008,0.0077,-0.0127
2023-08-01,raw,Automation,41-50,0.0117,-0.0033,0.0154,0.0008,0.0062,-0.0122
2023-09-01,raw,Automation,41-50,-0.0018,-0.0037,0.0082,-0.0012,0.0028,-0.0143
2023-10-01,raw,Automation,41-50,-0.0008,-0.0049,0.0096,-0.0059,0.0029,-0.0105
2023-11-01,raw,Automation,41-50,0.0014,-0.0051,0.0067,-0.0031,0.0026,-0.0157
2023-12-01,raw,Automation,41-50,-0.0119,-0.0028,0.0087,-0.0086,0.0015,-0.0261
2024-01-01,raw,Automation,41-50,0.0017,0.009,0.0163,0.0004,0.005,-0.01
2024-02-01,raw,Automation,41-50,-0.012,-0.0003,0.0091,-0.0058,-0.0017,-0.0194
2024-03-01,raw,Automation,41-50,-0.0126,0.0,0.0032,-0.0066,-0.0066,-0.0245
2024-04-01,raw,Automation,41-50,-0.0043,-0.0005,0.005,0.0007,-0.0004,-0.0186
2024-05-01,raw,Automation,41-50,0.0068,0.0062,0.0021,0.0036,-0.004,-0.0213
2024-06-01,raw,Automation,41-50,0.0069,0.0096,0.0048,0.0065,-0.0009,-0.0126
2024-07-01,raw,Automation,41-50,0.0185,0.0161,0.0039,0.0103,0.0017,-0.0067
2024-08-01,raw,Automation,41-50,0.0114,0.0121,-0.0004,0.0031,-0.0066,-0.0112
2024-09-01,raw,Automation,41-50,0.0077,0.0046,-0.0004,-0.0014,-0.0063,-0.0165
2024-10-01,raw,Automation,41-50,0.0055,0.0046,0.0048,0.0076,-0.0052,-0.0129
2024-11-01,raw,Automation,41-50,0.0073,0.0015,-0.0007,0.005,-0.0109,-0.0154
2024-12-01,raw,Automation,41-50,0.0082,-0.0005,-0.0032,0.0061,-0.0099,-0.017
2025-01-01,raw,Automation,41-50,0.0164,0.006,-0.002,0.0116,-0.004,-0.0029
2025-02-01,raw,Automation,41-50,0.0249,0.0089,-0.0014,0.013,-0.0061,-0.0055
2025-03-01,raw,Automation,41-50,0.0167,0.0061,0.0012,0.0126,-0.0035,-0.0049
2025-04-01,raw,Automation,41-50,0.0217,0.0108,0.0044,0.0116,-0.0017,-0.0031
2025-05-01,raw,Automation,41-50,0.013,0.006,0.008,0.0079,0.0037,-0.0003
2025-06-01,raw,Automation,41-50,0.0046,0.0095,0.0187,0.0194,0.0248,0.0046
2025-07-01,raw,Automation,41-50,0.0095,-0.0024,0.012,0.012,0.0189,-0.0047
2025-08-01,raw,Automation,41-50,0.0081,-0.0059,0.0077,0.0051,0.0187,-0.012
2025-09-01,raw,Automation,41-50,0.0026,-0.001,0.0076,0.0072,0.0162,-0.007
2025-10-01,raw,Automation,41-50,-0.0047,0.0015,0.0064,0.0039,0.0189,-0.0042
2025-11-01,raw,Automation,41-50,0.0004,0.0008,0.0047,0.0033,0.0192,-0.0054
2025-12-01,raw,Automation,41-50,0.003,-0.0033,0.0089,0.0069,0.0236,-0.0043
2026-01-01,raw,Automation,41-50,-0.0028,-0.003,0.0058,0.0023,0.02,-0.0075
2026-02-01,raw,Automation,41-50,-0.0109,-0.0067,0.0027,0.0013,0.018,-0.0077
2026-03-01,raw,Automation,41-50,-0.0168,-0.0055,0.0068,0.003,0.0177,-0.0043
2026-04-01,raw,Automation,41-50,-0.0228,-0.012,-0.001,-0.0021,0.0146,-0.0082
2022-01-01,raw,Automation,51-60,0.0688,0.06,0.04,0.0589,0.0579,0.0567
2022-02-01,raw,Automation,51-60,0.0601,0.0604,0.0449,0.0675,0.0581,0.0659
2022-03-01,raw,Automation,51-60,0.0648,0.0729,0.052,0.0731,0.0616,0.0738
2022-04-01,raw,Automation,51-60,0.0884,0.0843,0.0719,0.0902,0.0724,0.0965
2022-05-01,raw,Automation,51-60,0.0631,0.0738,0.0644,0.0762,0.0662,0.0881
2022-06-01,raw,Automation,51-60,0.0657,0.0793,0.0614,0.0735,0.0715,0.0898
2022-07-01,raw,Automation,51-60,0.0472,0.0564,0.0516,0.0541,0.0577,0.0764
2022-08-01,raw,Automation,51-60,0.0371,0.0476,0.0427,0.047,0.0549,0.0611
2022-09-01,raw,Automation,51-60,0.0374,0.04,0.0404,0.044,0.05,0.0524
2022-10-01,raw,Automation,51-60,0.0316,0.039,0.0364,0.0345,0.0406,0.0424
2022-11-01,raw,Automation,51-60,0.0279,0.0347,0.0332,0.0319,0.0424,0.0395
2022-12-01,raw,Automation,51-60,0.027,0.0303,0.0287,0.0275,0.0383,0.039
2023-01-01,raw,Automation,51-60,0.0345,0.0338,0.0331,0.0404,0.0431,0.0517
2023-02-01,raw,Automation,51-60,0.0283,0.0321,0.0306,0.0314,0.0397,0.0341
2023-03-01,raw,Automation,51-60,0.0293,0.0272,0.0252,0.0249,0.0342,0.0301
2023-04-01,raw,Automation,51-60,0.0229,0.0226,0.0176,0.0161,0.0278,0.0181
2023-05-01,raw,Automation,51-60,0.0286,0.0204,0.0187,0.0211,0.0282,0.0149
2023-06-01,raw,Automation,51-60,0.0342,0.023,0.0298,0.0273,0.0428,0.0323
2023-07-01,raw,Automation,51-60,0.0385,0.0238,0.0239,0.0246,0.0316,0.0197
2023-08-01,raw,Automation,51-60,0.0339,0.0229,0.0243,0.0203,0.0229,0.0187
2023-09-01,raw,Automation,51-60,0.0179,0.0197,0.0236,0.0186,0.0246,0.0184
2023-10-01,raw,Automation,51-60,0.0216,0.0148,0.0226,0.0188,0.022,0.0211
2023-11-01,raw,Automation,51-60,0.024,0.022,0.0238,0.0176,0.0182,0.0149
2023-12-01,raw,Automation,51-60,0.0107,0.0225,0.0279,0.0173,0.0187,0.0071
2024-01-01,raw,Automation,51-60,0.0168,0.0273,0.0292,0.0191,0.0212,0.0146
2024-02-01,raw,Automation,51-60,0.0124,0.0232,0.0238,0.0146,0.0177,0.0129
2024-03-01,raw,Automation,51-60,0.0009,0.0203,0.0199,0.0128,0.0154,0.0053
2024-04-01,raw,Automation,51-60,0.0095,0.0187,0.0194,0.0203,0.0206,0.0094
2024-05-01,raw,Automation,51-60,0.0141,0.0207,0.0181,0.0223,0.0173,0.007
2024-06-01,raw,Automation,51-60,0.0076,0.0246,0.0225,0.0273,0.0209,0.011
2024-07-01,raw,Automation,51-60,0.0155,0.027,0.0152,0.0242,0.0199,0.0151
2024-08-01,raw,Automation,51-60,0.0089,0.0181,0.0178,0.0182,0.0143,0.0074
2024-09-01,raw,Automation,51-60,0.0043,0.0169,0.0114,0.0102,0.0085,0.0019
2024-10-01,raw,Automation,51-60,0.0046,0.0171,0.018,0.0143,0.0122,0.0023
2024-11-01,raw,Automation,51-60,-0.0045,0.0082,0.0116,0.0121,0.0122,0.0003
2024-12-01,raw,Automation,51-60,-0.0043,0.0069,0.0049,0.0111,0.0094,0.0006
2025-01-01,raw,Automation,51-60,-0.0006,0.0164,0.014,0.0139,0.0127,0.0119
2025-02-01,raw,Automation,51-60,0.0065,0.0113,0.0137,0.0124,0.0097,0.0093
2025-03-01,raw,Automation,51-60,0.0057,0.0071,0.0124,0.0113,0.0091,0.0105
2025-04-01,raw,Automation,51-60,0.0133,0.0123,0.0151,0.0122,0.0101,0.0142
2025-05-01,raw,Automation,51-60,0.016,0.0114,0.0152,0.012,0.0101,0.0149
2025-06-01,raw,Automation,51-60,0.0238,0.0163,0.0217,0.0249,0.0299,0.0263
2025-07-01,raw,Automation,51-60,0.0164,0.0095,0.0173,0.0159,0.0201,0.0121
2025-08-01,raw,Automation,51-60,0.0094,0.0073,0.0109,0.0087,0.0153,0.0059
2025-09-01,raw,Automation,51-60,0.0015,0.0026,0.0123,0.0126,0.0164,0.0069
2025-10-01,raw,Automation,51-60,-0.0015,0.006,0.009,0.011,0.0158,0.0105
2025-11-01,raw,Automation,51-60,0.0124,0.0032,0.0047,0.0088,0.0123,0.0074
2025-12-01,raw,Automation,51-60,0.0078,0.0024,0.0117,0.0095,0.0143,0.0081
2026-01-01,raw,Automation,51-60,0.0007,-0.0038,0.0059,0.0063,0.0099,0.006
2026-02-01,raw,Automation,51-60,-0.0029,-0.0076,0.0005,0.0034,0.0114,0.0036
2026-03-01,raw,Automation,51-60,0.003,-0.0015,0.0064,0.0032,0.012,0.007
2026-04-01,raw,Automation,51-60,-0.0122,-0.0061,-0.0019,-0.0014,0.0063,-0.0037
2022-01-01,raw,Automation,All ages,0.0786,0.0556,0.0595,0.0667,0.0543,0.0524
2022-02-01,raw,Automation,All ages,0.0746,0.0559,0.0623,0.077,0.0549,0.0673
2022-03-01,raw,Automation,All ages,0.085,0.0664,0.0666,0.0899,0.0532,0.0859
2022-04-01,raw,Automation,All ages,0.1079,0.0798,0.0912,0.1186,0.0677,0.1145
2022-05-01,raw,Automation,All ages,0.0921,0.0741,0.0851,0.1046,0.0583,0.1078
2022-06-01,raw,Automation,All ages,0.0863,0.0721,0.0759,0.0778,0.0621,0.0988
2022-07-01,raw,Automation,All ages,0.0511,0.0514,0.0596,0.0492,0.049,0.0752
2022-08-01,raw,Automation,All ages,0.0425,0.04,0.0485,0.0362,0.0456,0.0576
2022-09-01,raw,Automation,All ages,0.0363,0.0315,0.0452,0.0331,0.0407,0.0475
2022-10-01,raw,Automation,All ages,0.0303,0.0281,0.0401,0.0236,0.0313,0.03
2022-11-01,raw,Automation,All ages,0.0158,0.0255,0.0359,0.0184,0.0334,0.0215
2022-12-01,raw,Automation,All ages,0.0176,0.0182,0.0347,0.0122,0.0297,0.0273
2023-01-01,raw,Automation,All ages,0.0171,0.0239,0.0414,0.0262,0.032,0.0463
2023-02-01,raw,Automation,All ages,0.0113,0.0176,0.0375,0.0194,0.0345,0.0279
2023-03-01,raw,Automation,All ages,0.0013,0.0113,0.0272,0.0066,0.034,0.0113
2023-04-01,raw,Automation,All ages,0.0008,0.0099,0.0199,-0.0031,0.0265,-0.0017
2023-05-01,raw,Automation,All ages,-0.0019,0.0039,0.0191,-0.0012,0.0267,-0.0081
2023-06-01,raw,Automation,All ages,0.0026,0.0042,0.0279,0.0061,0.04,0.0015
2023-07-01,raw,Automation,All ages,0.012,0.0034,0.0197,0.001,0.0272,-0.0043
2023-08-01,raw,Automation,All ages,0.0053,0.009,0.0208,0.0007,0.0233,-0.0024
2023-09-01,raw,Automation,All ages,-0.0068,0.0052,0.0171,-0.0027,0.0196,-0.0071
2023-10-01,raw,Automation,All ages,-0.0059,0.0019,0.016,-0.0049,0.0171,-0.0048
2023-11-01,raw,Automation,All ages,-0.0039,0.0034,0.0158,-0.0053,0.0131,-0.0103
2023-12-01,raw,Automation,All ages,-0.015,0.006,0.0175,-0.0047,0.0114,-0.0218
2024-01-01,raw,Automation,All ages,0.0022,0.013,0.02,0.0035,0.0158,-0.0033
2024-02-01,raw,Automation,All ages,-0.0061,0.0083,0.0144,-0.004,0.0086,-0.0121
2024-03-01,raw,Automation,All ages,-0.0085,0.0072,0.0104,-0.0044,0.0059,-0.0173
2024-04-01,raw,Automation,All ages,-0.0027,0.0063,0.0096,0.0032,0.0095,-0.011
2024-05-01,raw,Automation,All ages,0.0044,0.0107,0.0089,0.0055,0.0032,-0.0137
2024-06-01,raw,Automation,All ages,-0.0008,0.0128,0.0082,0.0062,0.0063,-0.0093
2024-07-01,raw,Automation,All ages,0.0089,0.0209,0.0068,0.0103,0.0092,-0.0027
2024-08-01,raw,Automation,All ages,0.0052,0.0124,0.0045,0.0033,-0.0015,-0.0098
2024-09-01,raw,Automation,All ages,0.0001,0.0065,-0.0022,-0.0024,0.0001,-0.0182
2024-10-01,raw,Automation,All ages,0.0016,0.0069,0.0052,0.0072,0.0009,-0.0121
2024-11-01,raw,Automation,All ages,-0.0047,0.0035,-0.0008,0.0037,-0.0038,-0.0153
2024-12-01,raw,Automation,All ages,-0.0031,-0.0008,-0.0066,0.003,-0.0045,-0.0168
2025-01-01,raw,Automation,All ages,0.0004,0.0116,0.0001,0.01,0.002,-0.0036
2025-02-01,raw,Automation,All ages,0.006,0.0072,-0.0015,0.0103,-0.0033,-0.0045
2025-03-01,raw,Automation,All ages,0.0013,0.0051,-0.0012,0.0111,-0.0032,-0.003
2025-04-01,raw,Automation,All ages,0.006,0.0089,0.0023,0.0116,-0.0003,-0.0022
2025-05-01,raw,Automation,All ages,0.0091,0.0064,0.0034,0.0113,0.0063,0.0004
2025-06-01,raw,Automation,All ages,0.0088,0.0101,0.0128,0.0186,0.0294,0.0058
2025-07-01,raw,Automation,All ages,0.0078,0.0005,0.006,0.0111,0.0234,-0.0012
2025-08-01,raw,Automation,All ages,-0.0005,-0.001,0.0009,0.0059,0.0219,-0.0127
2025-09-01,raw,Automation,All ages,-0.0035,-0.0003,0.0031,0.0121,0.018,-0.004
2025-10-01,raw,Automation,All ages,-0.0081,0.0043,0.0006,0.008,0.0243,-0.0044
2025-11-01,raw,Automation,All ages,0.0026,0.0007,-0.0002,0.0078,0.0239,-0.0037
2025-12-01,raw,Automation,All ages,0.0032,0.0003,0.005,0.0124,0.0275,-0.0019
2026-01-01,raw,Automation,All ages,0.0029,-0.0026,0.0002,0.0064,0.0228,-0.0031
2026-02-01,raw,Automation,All ages,-0.0068,-0.0067,-0.0028,0.0062,0.0234,-0.0069
2026-03-01,raw,Automation,All ages,-0.0101,-0.0044,0.0,0.004,0.0233,-0.0048
2026-04-01,raw,Automation,All ages,-0.0224,-0.0106,-0.0063,-0.0019,0.0186,-0.0113
2022-01-01,sa,Augmentation,21-30,0.0821,0.1097,0.0395,0.1021,0.0749,0.0749
2022-02-01,sa,Augmentation,21-30,0.0734,0.111,0.0544,0.1163,0.0847,0.0838
2022-03-01,sa,Augmentation,21-30,0.0815,0.1297,0.068,0.1509,0.1059,0.0874
2022-04-01,sa,Augmentation,21-30,0.104,0.1616,0.0912,0.1983,0.1414,0.1054
2022-05-01,sa,Augmentation,21-30,0.0761,0.1505,0.0808,0.1925,0.1272,0.1012
2022-06-01,sa,Augmentation,21-30,0.0712,0.1057,0.063,0.1729,0.0687,0.0755
2022-07-01,sa,Augmentation,21-30,0.0326,0.0627,0.0508,0.1125,0.0259,0.0606
2022-08-01,sa,Augmentation,21-30,0.0305,0.035,0.0382,0.0974,0.0103,0.0492
2022-09-01,sa,Augmentation,21-30,0.0199,0.028,0.0283,0.0895,0.0007,0.0496
2022-10-01,sa,Augmentation,21-30,0.013,0.0191,0.0171,0.071,-0.0077,0.0386
2022-11-01,sa,Augmentation,21-30,-0.0048,0.0108,0.0022,0.0656,-0.0134,0.0322
2022-12-01,sa,Augmentation,21-30,0.0004,-0.0042,0.0259,0.0598,-0.0228,0.0207
2023-01-01,sa,Augmentation,21-30,-0.01,0.0222,0.0394,0.0928,-0.0139,0.0348
2023-02-01,sa,Augmentation,21-30,-0.0147,0.0128,0.0218,0.081,-0.0096,0.0283
2023-03-01,sa,Augmentation,21-30,-0.0302,-0.0048,0.0006,0.0585,-0.021,0.0135
2023-04-01,sa,Augmentation,21-30,-0.0279,-0.0155,-0.0009,0.0402,-0.0281,0.0083
2023-05-01,sa,Augmentation,21-30,-0.0298,-0.0211,-0.0062,0.0269,-0.0299,0.0002
2023-06-01,sa,Augmentation,21-30,-0.0313,-0.0287,-0.0007,0.0212,-0.0153,0.0096
2023-07-01,sa,Augmentation,21-30,-0.0212,-0.0336,-0.0033,0.0214,-0.0182,0.0002
2023-08-01,sa,Augmentation,21-30,-0.0178,-0.0205,0.0046,0.0169,-0.0206,0.0005
2023-09-01,sa,Augmentation,21-30,-0.0275,-0.026,-0.0009,0.0034,-0.0241,-0.0029
2023-10-01,sa,Augmentation,21-30,-0.024,-0.0398,0.0013,-0.0026,-0.0261,-0.0062
2023-11-01,sa,Augmentation,21-30,-0.0175,-0.0389,-0.0042,-0.0149,-0.0253,-0.0063
2023-12-01,sa,Augmentation,21-30,-0.0283,-0.0385,-0.0215,-0.019,-0.0246,0.005
2024-01-01,sa,Augmentation,21-30,-0.003,-0.0297,-0.0005,-0.005,-0.0144,0.0089
2024-02-01,sa,Augmentation,21-30,-0.0091,-0.0335,-0.0012,-0.0207,-0.0236,0.0001
2024-03-01,sa,Augmentation,21-30,-0.0089,-0.034,-0.0035,-0.0289,-0.0211,-0.0012
2024-04-01,sa,Augmentation,21-30,-0.004,-0.0226,-0.002,-0.0223,-0.0142,-0.0026
2024-05-01,sa,Augmentation,21-30,-0.0057,-0.0216,-0.0076,-0.0258,-0.0217,0.0092
2024-06-01,sa,Augmentation,21-30,-0.0084,-0.0167,-0.0078,-0.0246,-0.0212,-0.0033
2024-07-01,sa,Augmentation,21-30,-0.0016,-0.0009,0.0043,-0.0142,-0.0134,0.0028
2024-08-01,sa,Augmentation,21-30,-0.0102,-0.0069,-0.0075,-0.0272,-0.0223,0.0024
2024-09-01,sa,Augmentation,21-30,-0.0078,-0.0151,-0.02,-0.0354,-0.0221,-0.0094
2024-10-01,sa,Augmentation,21-30,-0.0067,-0.0033,-0.0098,-0.0297,-0.009,0.0004
2024-11-01,sa,Augmentation,21-30,-0.0159,-0.0114,-0.0112,-0.0341,-0.0153,-0.003
2024-12-01,sa,Augmentation,21-30,-0.014,-0.0124,-0.0156,-0.0348,-0.0158,-0.0121
2025-01-01,sa,Augmentation,21-30,-0.0054,0.0182,-0.0071,-0.0145,-0.006,-0.0048
2025-02-01,sa,Augmentation,21-30,-0.0019,0.0106,-0.0055,-0.0168,-0.0091,-0.0033
2025-03-01,sa,Augmentation,21-30,-0.009,0.0114,-0.003,-0.0204,-0.0047,-0.0044
2025-04-01,sa,Augmentation,21-30,-0.0073,0.0115,-0.0002,-0.02,-0.0036,0.001
2025-05-01,sa,Augmentation,21-30,0.0051,0.013,0.0079,-0.0117,0.0064,-0.0051
2025-06-01,sa,Augmentation,21-30,0.0019,0.0187,0.0126,-0.0089,0.01,0.0007
2025-07-01,sa,Augmentation,21-30,0.0012,0.0113,0.0033,-0.0122,0.007,-0.0065
2025-08-01,sa,Augmentation,21-30,-0.0056,0.0085,-0.0188,-0.0137,0.0044,-0.0193
2025-09-01,sa,Augmentation,21-30,-0.0093,0.0135,0.0021,-0.0049,0.0142,-0.0114
2025-10-01,sa,Augmentation,21-30,-0.0058,0.0186,0.0063,-0.0097,0.0096,-0.0117
2025-11-01,sa,Augmentation,21-30,0.0042,0.0256,0.0053,-0.005,0.0118,-0.0137
2025-12-01,sa,Augmentation,21-30,0.0075,0.029,-0.0003,0.005,0.0218,-0.0063
2026-01-01,sa,Augmentation,21-30,0.0117,0.003,0.0017,-0.0147,0.0192,-0.0055
2026-02-01,sa,Augmentation,21-30,0.0012,0.0213,-0.0062,-0.0117,0.0162,-0.0115
2026-03-01,sa,Augmentation,21-30,-0.0042,0.0211,-0.0074,-0.0062,0.0066,-0.009
2026-04-01,sa,Augmentation,21-30,-0.0177,0.011,-0.0063,-0.0192,0.0004,-0.015
2022-01-01,sa,Augmentation,31-40,0.0764,0.1054,0.0353,0.0677,0.0756,0.0676
2022-02-01,sa,Augmentation,31-40,0.0746,0.1052,0.0435,0.0714,0.0824,0.0729
2022-03-01,sa,Augmentation,31-40,0.0941,0.1252,0.0573,0.0812,0.0887,0.08
2022-04-01,sa,Augmentation,31-40,0.1143,0.1544,0.0779,0.1094,0.112,0.1024
2022-05-01,sa,Augmentation,31-40,0.1071,0.1387,0.0705,0.1036,0.0973,0.0999
2022-06-01,sa,Augmentation,31-40,0.1049,0.1126,0.066,0.1033,0.0822,0.0959
2022-07-01,sa,Augmentation,31-40,0.0644,0.082,0.0537,0.0853,0.0605,0.0778
2022-08-01,sa,Augmentation,31-40,0.0518,0.0629,0.0427,0.0718,0.0532,0.0658
2022-09-01,sa,Augmentation,31-40,0.045,0.0535,0.0406,0.0619,0.0471,0.0595
2022-10-01,sa,Augmentation,31-40,0.0411,0.044,0.0245,0.0474,0.0393,0.0538
2022-11-01,sa,Augmentation,31-40,0.0285,0.0366,0.0222,0.046,0.0346,0.0467
2022-12-01,sa,Augmentation,31-40,0.0243,0.0235,0.0279,0.0399,0.0297,0.0465
2023-01-01,sa,Augmentation,31-40,0.0296,0.0395,0.0369,0.0527,0.0438,0.0535
2023-02-01,sa,Augmentation,31-40,0.0238,0.0322,0.0269,0.045,0.0369,0.0465
2023-03-01,sa,Augmentation,31-40,0.0077,0.0123,0.0109,0.0302,0.0316,0.0388
2023-04-01,sa,Augmentation,31-40,0.0116,0.0065,0.0073,0.0199,0.019,0.0285
2023-05-01,sa,Augmentation,31-40,-0.0023,0.0083,0.0008,0.0179,0.0219,0.0213
2023-06-01,sa,Augmentation,31-40,0.0048,0.004,0.0089,0.0254,0.0358,0.0243
2023-07-01,sa,Augmentation,31-40,0.0189,-0.0001,0.0013,0.0189,0.0226,0.0219
2023-08-01,sa,Augmentation,31-40,0.0003,0.006,0.0018,0.022,0.0219,0.0265
2023-09-01,sa,Augmentation,31-40,-0.0105,-0.0073,-0.0002,0.018,0.0158,0.0196
2023-10-01,sa,Augmentation,31-40,-0.0153,-0.0126,0.0075,0.0124,0.0136,0.0193
2023-11-01,sa,Augmentation,31-40,-0.0187,-0.0098,0.0016,0.0103,0.0109,0.0215
2023-12-01,sa,Augmentation,31-40,-0.0265,-0.0077,-0.0034,0.005,0.0138,0.0225
2024-01-01,sa,Augmentation,31-40,-0.0049,0.0124,0.0079,0.0149,0.0189,0.0256
2024-02-01,sa,Augmentation,31-40,-0.0134,-0.003,-0.0004,0.0055,0.0083,0.0231
2024-03-01,sa,Augmentation,31-40,-0.0122,-0.004,-0.0022,0.0034,0.0075,0.0188
2024-04-01,sa,Augmentation,31-40,-0.0104,-0.0039,-0.0011,0.0078,0.0114,0.0256
2024-05-01,sa,Augmentation,31-40,0.0038,0.0011,-0.0055,0.0062,0.0118,0.0345
2024-06-01,sa,Augmentation,31-40,-0.0082,0.0055,-0.0023,0.007,0.012,0.0343
2024-07-01,sa,Augmentation,31-40,0.0057,0.0169,-0.0004,0.0108,0.015,0.0347
2024-08-01,sa,Augmentation,31-40,0.0126,0.0097,-0.0047,0.0021,0.0042,0.0237
2024-09-01,sa,Augmentation,31-40,-0.0029,0.0068,-0.0152,-0.0037,0.0014,0.0203
2024-10-01,sa,Augmentation,31-40,0.0037,0.0064,-0.0106,-0.0001,0.009,0.0246
2024-11-01,sa,Augmentation,31-40,-0.0048,-0.0028,-0.0126,-0.005,0.0068,0.0181
2024-12-01,sa,Augmentation,31-40,-0.0019,-0.0076,-0.0189,-0.0043,0.0036,0.0162
2025-01-01,sa,Augmentation,31-40,-0.008,0.009,-0.0125,0.0064,0.0136,0.0214
2025-02-01,sa,Augmentation,31-40,-0.0044,0.0024,-0.0114,0.0009,0.0071,0.0196
2025-03-01,sa,Augmentation,31-40,-0.0073,0.0077,-0.0138,0.0039,0.0054,0.0209
2025-04-01,sa,Augmentation,31-40,-0.0024,0.0125,-0.0112,0.0059,0.0082,0.0176
2025-05-01,sa,Augmentation,31-40,0.0034,0.0017,-0.0019,0.0076,0.0058,0.0112
2025-06-01,sa,Augmentation,31-40,0.0066,0.0129,-0.0002,0.0176,0.0232,0.0216
2025-07-01,sa,Augmentation,31-40,0.0054,0.0,-0.0039,0.0131,0.0157,0.0147
2025-08-01,sa,Augmentation,31-40,-0.0119,-0.0015,-0.0078,0.0093,0.0139,0.0135
2025-09-01,sa,Augmentation,31-40,-0.0074,-0.005,-0.007,0.0092,0.0143,0.0159
2025-10-01,sa,Augmentation,31-40,-0.0197,0.0017,-0.0042,0.0052,0.0129,0.0117
2025-11-01,sa,Augmentation,31-40,-0.0054,0.0082,-0.0078,0.0067,0.009,0.0132
2025-12-01,sa,Augmentation,31-40,-0.0049,0.0117,-0.0094,0.0119,0.013,0.0191
2026-01-01,sa,Augmentation,31-40,0.0019,-0.0077,-0.0033,0.0069,0.0099,0.0179
2026-02-01,sa,Augmentation,31-40,-0.0148,-0.0004,-0.0122,0.0091,0.0087,0.0131
2026-03-01,sa,Augmentation,31-40,-0.0211,-0.0058,-0.0077,0.008,0.0083,0.0109
2026-04-01,sa,Augmentation,31-40,-0.0356,-0.0177,-0.011,-0.0028,0.0039,0.0073
2022-01-01,sa,Augmentation,41-50,0.086,0.0621,0.03,0.0388,0.0346,0.0474
2022-02-01,sa,Augmentation,41-50,0.0893,0.0693,0.0348,0.0445,0.0438,0.054
2022-03-01,sa,Augmentation,41-50,0.0976,0.0859,0.0403,0.0473,0.0481,0.0577
2022-04-01,sa,Augmentation,41-50,0.1237,0.1203,0.0635,0.0692,0.0658,0.078
2022-05-01,sa,Augmentation,41-50,0.1217,0.1148,0.0549,0.0599,0.0535,0.0754
2022-06-01,sa,Augmentation,41-50,0.1023,0.0978,0.0536,0.0659,0.0477,0.0722
2022-07-01,sa,Augmentation,41-50,0.0628,0.0601,0.0398,0.0475,0.0299,0.0558
2022-08-01,sa,Augmentation,41-50,0.052,0.0424,0.0247,0.0338,0.0248,0.0415
2022-09-01,sa,Augmentation,41-50,0.045,0.0345,0.0236,0.0257,0.0206,0.036
2022-10-01,sa,Augmentation,41-50,0.0368,0.0269,0.0112,0.016,0.0142,0.0277
2022-11-01,sa,Augmentation,41-50,0.0149,0.0236,0.0105,0.0143,0.0098,0.0271
2022-12-01,sa,Augmentation,41-50,0.021,0.0241,0.0118,0.0093,0.0077,0.0249
2023-01-01,sa,Augmentation,41-50,0.0177,0.0356,0.0191,0.0174,0.0149,0.0267
2023-02-01,sa,Augmentation,41-50,0.0113,0.0274,0.0126,0.0079,0.0055,0.0191
2023-03-01,sa,Augmentation,41-50,0.0039,0.0121,0.0048,0.0026,0.0008,0.013
2023-04-01,sa,Augmentation,41-50,0.0006,0.0007,-0.003,-0.0107,-0.0062,0.0028
2023-05-01,sa,Augmentation,41-50,0.0014,0.0041,-0.0045,-0.0105,-0.0021,0.0008
2023-06-01,sa,Augmentation,41-50,0.0098,0.0081,0.005,-0.0037,0.0124,0.0104
2023-07-01,sa,Augmentation,41-50,0.0194,0.0094,-0.0029,-0.0094,0.001,0.005
2023-08-01,sa,Augmentation,41-50,0.0117,0.0147,-0.0017,-0.0089,-0.0001,0.0073
2023-09-01,sa,Augmentation,41-50,-0.0019,0.0069,-0.0014,-0.0134,-0.0018,0.0027
2023-10-01,sa,Augmentation,41-50,-0.0007,0.0016,0.0048,-0.0181,-0.0026,0.0026
2023-11-01,sa,Augmentation,41-50,0.0014,-0.0002,-0.0003,-0.018,-0.0001,0.0007
2023-12-01,sa,Augmentation,41-50,-0.0119,-0.0017,-0.0052,-0.0247,-0.0043,0.0025
2024-01-01,sa,Augmentation,41-50,0.0017,0.0169,0.0042,-0.0145,0.0019,0.0138
2024-02-01,sa,Augmentation,41-50,-0.012,-0.0048,-0.0024,-0.0205,-0.0042,0.0086
2024-03-01,sa,Augmentation,41-50,-0.0127,-0.0058,-0.005,-0.0257,-0.0068,0.0048
2024-04-01,sa,Augmentation,41-50,-0.0045,-0.0011,-0.0033,-0.018,-0.002,0.0095
2024-05-01,sa,Augmentation,41-50,0.0068,0.0025,-0.0093,-0.0169,-0.0044,0.0182
2024-06-01,sa,Augmentation,41-50,0.0069,0.0076,-0.0005,-0.0139,-0.0001,0.0177
2024-07-01,sa,Augmentation,41-50,0.0184,0.0167,0.0038,-0.0095,0.0023,0.0182
2024-08-01,sa,Augmentation,41-50,0.0114,0.0143,-0.0014,-0.0158,-0.0058,0.0139
2024-09-01,sa,Augmentation,41-50,0.0078,0.009,-0.0073,-0.0212,-0.0066,0.0123
2024-10-01,sa,Augmentation,41-50,0.0055,0.0106,-0.0049,-0.0137,-0.0024,0.018
2024-11-01,sa,Augmentation,41-50,0.0073,0.0022,-0.0063,-0.018,-0.0072,0.0172
2024-12-01,sa,Augmentation,41-50,0.0082,0.005,-0.0111,-0.0149,-0.0067,0.014
2025-01-01,sa,Augmentation,41-50,0.0164,0.0161,-0.0025,-0.0064,-0.0009,0.016
2025-02-01,sa,Augmentation,41-50,0.0249,0.0195,-0.0015,-0.0093,-0.0037,0.0195
2025-03-01,sa,Augmentation,41-50,0.0167,0.0198,-0.003,-0.0107,-0.0008,0.0219
2025-04-01,sa,Augmentation,41-50,0.0218,0.0233,-0.0012,-0.0057,-0.0014,0.0218
2025-05-01,sa,Augmentation,41-50,0.0129,0.0142,0.0089,-0.0047,-0.001,0.0142
2025-06-01,sa,Augmentation,41-50,0.0046,0.0245,0.0116,0.0067,0.0158,0.0233
2025-07-01,sa,Augmentation,41-50,0.0096,0.0154,-0.0002,0.0008,0.0082,0.0175
2025-08-01,sa,Augmentation,41-50,0.0081,0.0092,-0.0039,0.0,0.0028,0.0081
2025-09-01,sa,Augmentation,41-50,0.0026,0.0066,-0.0004,0.0023,0.0025,0.0141
2025-10-01,sa,Augmentation,41-50,-0.0048,0.01,0.0057,-0.0032,0.0025,0.0112
2025-11-01,sa,Augmentation,41-50,0.0004,0.0137,0.0006,-0.0002,0.002,0.009
2025-12-01,sa,Augmentation,41-50,0.003,0.0103,-0.0021,0.0042,0.0061,0.016
2026-01-01,sa,Augmentation,41-50,-0.0029,0.0006,0.0014,-0.0015,0.0026,0.0112
2026-02-01,sa,Augmentation,41-50,-0.0109,0.0041,-0.0034,-0.001,0.0021,0.0065
2026-03-01,sa,Augmentation,41-50,-0.0167,0.004,0.0022,0.0033,0.0015,0.006
2026-04-01,sa,Augmentation,41-50,-0.0228,-0.0069,0.0013,-0.0053,-0.0005,-0.0019
2022-01-01,sa,Augmentation,51-60,0.0687,0.0747,0.0478,0.0669,0.0526,0.0445
2022-02-01,sa,Augmentation,51-60,0.06,0.0718,0.0555,0.0665,0.0626,0.05
2022-03-01,sa,Augmentation,51-60,0.0648,0.0878,0.0593,0.0744,0.0662,0.0612
2022-04-01,sa,Augmentation,51-60,0.0883,0.1113,0.0781,0.0917,0.0802,0.0751
2022-05-01,sa,Augmentation,51-60,0.063,0.0938,0.0666,0.0837,0.069,0.0736
2022-06-01,sa,Augmentation,51-60,0.0657,0.0884,0.0669,0.0931,0.0671,0.0731
2022-07-01,sa,Augmentation,51-60,0.0473,0.0611,0.0556,0.0726,0.0533,0.0588
2022-08-01,sa,Augmentation,51-60,0.0371,0.0488,0.048,0.062,0.0469,0.0493
2022-09-01,sa,Augmentation,51-60,0.0374,0.0412,0.0424,0.0561,0.0422,0.0467
2022-10-01,sa,Augmentation,51-60,0.0317,0.0392,0.0353,0.0462,0.0342,0.0394
2022-11-01,sa,Augmentation,51-60,0.0279,0.0335,0.0312,0.0474,0.0327,0.0365
2022-12-01,sa,Augmentation,51-60,0.0271,0.0222,0.0331,0.0421,0.0277,0.0351
2023-01-01,sa,Augmentation,51-60,0.0346,0.0348,0.0407,0.0491,0.04,0.0377
2023-02-01,sa,Augmentation,51-60,0.0283,0.0292,0.0308,0.0415,0.0303,0.0356
2023-03-01,sa,Augmentation,51-60,0.0292,0.0168,0.0272,0.0362,0.027,0.0284
2023-04-01,sa,Augmentation,51-60,0.023,0.0071,0.0218,0.0248,0.0196,0.0195
2023-05-01,sa,Augmentation,51-60,0.0286,0.0155,0.0189,0.0251,0.0202,0.0208
2023-06-01,sa,Augmentation,51-60,0.0342,0.0176,0.0321,0.0371,0.0303,0.0309
2023-07-01,sa,Augmentation,51-60,0.0385,0.0156,0.0235,0.0321,0.0219,0.0269
2023-08-01,sa,Augmentation,51-60,0.0339,0.0133,0.0216,0.0289,0.0169,0.0251
2023-09-01,sa,Augmentation,51-60,0.0179,0.0129,0.0261,0.0232,0.0173,0.0196
2023-10-01,sa,Augmentation,51-60,0.0215,0.0056,0.0268,0.0229,0.0158,0.0216
2023-11-01,sa,Augmentation,51-60,0.024,0.0119,0.0243,0.0181,0.014,0.0239
2023-12-01,sa,Augmentation,51-60,0.0107,0.0157,0.0177,0.0159,0.0164,0.0242
2024-01-01,sa,Augmentation,51-60,0.0168,0.026,0.0227,0.0209,0.0143,0.0295
2024-02-01,sa,Augmentation,51-60,0.0124,0.0169,0.0188,0.0213,0.0091,0.0263
2024-03-01,sa,Augmentation,51-60,0.001,0.0203,0.0136,0.013,0.0079,0.0219
2024-04-01,sa,Augmentation,51-60,0.0096,0.0172,0.014,0.0186,0.0137,0.0284
2024-05-01,sa,Augmentation,51-60,0.0141,0.0164,0.009,0.0176,0.0147,0.0332
2024-06-01,sa,Augmentation,51-60,0.0077,0.0214,0.0136,0.0186,0.0209,0.0373
2024-07-01,sa,Augmentation,51-60,0.0155,0.0277,0.015,0.0196,0.0169,0.0306
2024-08-01,sa,Augmentation,51-60,0.009,0.0197,0.01,0.013,0.0122,0.0276
2024-09-01,sa,Augmentation,51-60,0.0043,0.0143,0.0031,0.0066,0.0041,0.0277
2024-10-01,sa,Augmentation,51-60,0.0046,0.0206,0.0035,0.0096,0.0084,0.0309
2024-11-01,sa,Augmentation,51-60,-0.0045,0.0126,-0.0005,0.0081,0.0073,0.0244
2024-12-01,sa,Augmentation,51-60,-0.0043,0.0099,-0.0006,0.0072,0.0027,0.0228
2025-01-01,sa,Augmentation,51-60,-0.0007,0.0189,0.0093,0.0115,0.0092,0.0277
2025-02-01,sa,Augmentation,51-60,0.0064,0.0178,0.0077,0.0075,0.0049,0.0282
2025-03-01,sa,Augmentation,51-60,0.0057,0.0156,0.0062,0.0066,0.0039,0.0286
2025-04-01,sa,Augmentation,51-60,0.0132,0.023,0.0099,0.0096,0.0037,0.0299
2025-05-01,sa,Augmentation,51-60,0.016,0.0175,0.0166,0.0093,0.0044,0.022
2025-06-01,sa,Augmentation,51-60,0.0237,0.0239,0.0274,0.0221,0.0206,0.028
2025-07-01,sa,Augmentation,51-60,0.0164,0.0176,0.0129,0.0149,0.0102,0.0243
2025-08-01,sa,Augmentation,51-60,0.0094,0.0102,0.0079,0.0105,0.0045,0.0183
2025-09-01,sa,Augmentation,51-60,0.0015,0.0079,0.0093,0.0113,0.007,0.0187
2025-10-01,sa,Augmentation,51-60,-0.0015,0.0101,0.0138,0.0093,0.0051,0.0165
2025-11-01,sa,Augmentation,51-60,0.0124,0.0077,0.0092,0.0069,0.0011,0.0168
2025-12-01,sa,Augmentation,51-60,0.0079,0.0051,0.0075,0.0121,0.0038,0.0209
2026-01-01,sa,Augmentation,51-60,0.0007,-0.0077,0.0064,0.0095,-0.0017,0.0179
2026-02-01,sa,Augmentation,51-60,-0.0028,-0.0101,0.0012,0.0075,-0.0009,0.0135
2026-03-01,sa,Augmentation,51-60,0.003,-0.0071,0.0074,0.0112,-0.0031,0.0174
2026-04-01,sa,Augmentation,51-60,-0.0121,-0.0172,0.0009,0.0033,-0.0048,0.0054
2022-01-01,sa,Augmentation,All ages,0.0785,0.0897,0.0377,0.0664,0.0603,0.0601
2022-02-01,sa,Augmentation,All ages,0.0746,0.0912,0.0467,0.0718,0.0691,0.0667
2022-03-01,sa,Augmentation,All ages,0.0849,0.1092,0.056,0.0842,0.0782,0.0729
2022-04-01,sa,Augmentation,All ages,0.1079,0.1391,0.0776,0.1119,0.1015,0.092
2022-05-01,sa,Augmentation,All ages,0.0922,0.1269,0.0683,0.1047,0.0885,0.0891
2022-06-01,sa,Augmentation,All ages,0.0863,0.1023,0.0623,0.1055,0.0666,0.0801
2022-07-01,sa,Augmentation,All ages,0.051,0.067,0.0498,0.0781,0.0411,0.0639
2022-08-01,sa,Augmentation,All ages,0.0426,0.047,0.0382,0.0648,0.0322,0.0521
2022-09-01,sa,Augmentation,All ages,0.0363,0.0392,0.0335,0.0568,0.026,0.0486
2022-10-01,sa,Augmentation,All ages,0.0303,0.0319,0.0216,0.0437,0.0186,0.0404
2022-11-01,sa,Augmentation,All ages,0.0158,0.0255,0.0161,0.042,0.0143,0.0359
2022-12-01,sa,Augmentation,All ages,0.0176,0.0154,0.0245,0.0364,0.0087,0.0319
2023-01-01,sa,Augmentation,All ages,0.0172,0.0328,0.0338,0.0506,0.0192,0.0387
2023-02-01,sa,Augmentation,All ages,0.0114,0.0251,0.0228,0.0418,0.0146,0.0326
2023-03-01,sa,Augmentation,All ages,0.0013,0.0084,0.0102,0.0301,0.0082,0.0236
2023-04-01,sa,Augmentation,All ages,0.0008,-0.0009,0.0058,0.0171,-0.0004,0.015
2023-05-01,sa,Augmentation,All ages,-0.002,0.0005,0.0016,0.0138,0.0008,0.0104
2023-06-01,sa,Augmentation,All ages,0.0026,-0.0018,0.0104,0.0193,0.0138,0.018
2023-07-01,sa,Augmentation,All ages,0.0119,-0.0048,0.0039,0.015,0.005,0.0126
2023-08-01,sa,Augmentation,All ages,0.0053,0.0017,0.0059,0.0142,0.003,0.0142
2023-09-01,sa,Augmentation,All ages,-0.0068,-0.0052,0.005,0.0075,0.0006,0.0092
2023-10-01,sa,Augmentation,All ages,-0.0059,-0.0132,0.0094,0.0033,-0.001,0.0086
2023-11-01,sa,Augmentation,All ages,-0.0039,-0.0113,0.0046,-0.0011,-0.0012,0.0092
2023-12-01,sa,Augmentation,All ages,-0.015,-0.0104,-0.0039,-0.0058,-0.0008,0.0132
2024-01-01,sa,Augmentation,All ages,0.0022,0.0046,0.0081,0.0041,0.0044,0.0189
2024-02-01,sa,Augmentation,All ages,-0.0061,-0.0079,0.0031,-0.0036,-0.0033,0.0139
2024-03-01,sa,Augmentation,All ages,-0.0085,-0.0077,0.0004,-0.0092,-0.0037,0.0104
2024-04-01,sa,Augmentation,All ages,-0.0027,-0.0041,0.0015,-0.0032,0.0016,0.0145
2024-05-01,sa,Augmentation,All ages,0.0044,-0.0017,-0.0038,-0.0044,-0.0007,0.0234
2024-06-01,sa,Augmentation,All ages,-0.0009,0.0029,0.0002,-0.003,0.0014,0.0205
2024-07-01,sa,Augmentation,All ages,0.009,0.0139,0.0053,0.0018,0.004,0.0209
2024-08-01,sa,Augmentation,All ages,0.0052,0.008,-0.0013,-0.0067,-0.004,0.0161
2024-09-01,sa,Augmentation,All ages,0.0001,0.0028,-0.0103,-0.013,-0.0064,0.0115
2024-10-01,sa,Augmentation,All ages,0.0016,0.0077,-0.0058,-0.0079,0.0012,0.0176
2024-11-01,sa,Augmentation,All ages,-0.0047,-0.0008,-0.008,-0.0118,-0.0025,0.0134
2024-12-01,sa,Augmentation,All ages,-0.0031,-0.0023,-0.0121,-0.011,-0.0044,0.0092
2025-01-01,sa,Augmentation,All ages,0.0004,0.0152,-0.0038,-0.0003,0.0038,0.0142
2025-02-01,sa,Augmentation,All ages,0.006,0.0119,-0.0032,-0.0041,-0.0004,0.0151
2025-03-01,sa,Augmentation,All ages,0.0013,0.0133,-0.004,-0.0045,0.0008,0.0158
2025-04-01,sa,Augmentation,All ages,0.0059,0.017,-0.0012,-0.0019,0.0017,0.0165
2025-05-01,sa,Augmentation,All ages,0.0092,0.0109,0.0074,0.0006,0.004,0.0097
2025-06-01,sa,Augmentation,All ages,0.0088,0.0195,0.0121,0.01,0.0172,0.0175
2025-07-01,sa,Augmentation,All ages,0.0078,0.0104,0.0026,0.0047,0.0102,0.0113
2025-08-01,sa,Augmentation,All ages,-0.0005,0.0062,-0.0062,0.0022,0.0064,0.004
2025-09-01,sa,Augmentation,All ages,-0.0035,0.0054,0.0006,0.0048,0.0098,0.0085
2025-10-01,sa,Augmentation,All ages,-0.0082,0.01,0.0049,0.0007,0.0078,0.0061
2025-11-01,sa,Augmentation,All ages,0.0026,0.0142,0.0014,0.0024,0.0062,0.0056
2025-12-01,sa,Augmentation,All ages,0.0032,0.0148,-0.0015,0.0084,0.0117,0.0119
2026-01-01,sa,Augmentation,All ages,0.0029,-0.0028,0.0014,0.0008,0.0081,0.01
2026-02-01,sa,Augmentation,All ages,-0.0069,0.0046,-0.0055,0.0017,0.0069,0.005
2026-03-01,sa,Augmentation,All ages,-0.01,0.0035,-0.0018,0.0044,0.0036,0.0058
2026-04-01,sa,Augmentation,All ages,-0.0223,-0.0072,-0.0042,-0.0055,-0.0001,-0.0013
2022-01-01,sa,Automation,21-30,0.0821,0.0642,0.0714,0.0805,0.0846,0.0677
2022-02-01,sa,Automation,21-30,0.0734,0.0609,0.0706,0.0954,0.0798,0.0961
2022-03-01,sa,Automation,21-30,0.0815,0.0672,0.0773,0.1169,0.076,0.1308
2022-04-01,sa,Automation,21-30,0.104,0.0776,0.1016,0.1579,0.0861,0.1709
2022-05-01,sa,Automation,21-30,0.0761,0.0749,0.095,0.1432,0.072,0.1643
2022-06-01,sa,Automation,21-30,0.0712,0.0615,0.0728,0.0824,0.0674,0.1355
2022-07-01,sa,Automation,21-30,0.0326,0.0419,0.0518,0.0426,0.0549,0.0903
2022-08-01,sa,Automation,21-30,0.0305,0.0299,0.0414,0.0227,0.0531,0.0723
2022-09-01,sa,Automation,21-30,0.0199,0.0265,0.0379,0.0191,0.0357,0.0584
2022-10-01,sa,Automation,21-30,0.013,0.0181,0.0356,0.0082,0.0258,0.039
2022-11-01,sa,Automation,21-30,-0.0048,0.0196,0.0246,0.002,0.0283,0.0185
2022-12-01,sa,Automation,21-30,0.0004,0.0039,0.0283,-0.0112,0.0282,0.0381
2023-01-01,sa,Automation,21-30,-0.01,0.0182,0.0392,0.0031,0.0264,0.0719
2023-02-01,sa,Automation,21-30,-0.0147,0.0078,0.0386,0.0029,0.0351,0.0457
2023-03-01,sa,Automation,21-30,-0.0302,0.0033,0.0194,-0.0151,0.0391,0.0162
2023-04-01,sa,Automation,21-30,-0.0279,0.0045,0.0167,-0.0231,0.0324,0.0004
2023-05-01,sa,Automation,21-30,-0.0298,-0.0052,0.0144,-0.026,0.0324,-0.0128
2023-06-01,sa,Automation,21-30,-0.0313,-0.0063,0.0233,-0.0167,0.0394,-0.0108
2023-07-01,sa,Automation,21-30,-0.0212,-0.0079,0.012,-0.0227,0.0319,-0.0074
2023-08-01,sa,Automation,21-30,-0.0178,0.0018,0.0103,-0.023,0.0254,-0.001
2023-09-01,sa,Automation,21-30,-0.0275,0.0008,0.0106,-0.0275,0.009,-0.0116
2023-10-01,sa,Automation,21-30,-0.024,-0.0039,0.0045,-0.0305,0.0078,-0.0139
2023-11-01,sa,Automation,21-30,-0.0175,-0.0053,0.006,-0.0323,-0.0035,-0.0194
2023-12-01,sa,Automation,21-30,-0.0283,-0.0006,0.0046,-0.0278,-0.0091,-0.0367
2024-01-01,sa,Automation,21-30,-0.003,0.0041,0.0054,-0.0174,0.0022,-0.0088
2024-02-01,sa,Automation,21-30,-0.0091,0.0046,-0.0013,-0.0273,-0.0052,-0.0186
2024-03-01,sa,Automation,21-30,-0.0089,0.0039,-0.0058,-0.0241,-0.0103,-0.0245
2024-04-01,sa,Automation,21-30,-0.004,0.0036,-0.0082,-0.0164,-0.0093,-0.0159
2024-05-01,sa,Automation,21-30,-0.0057,0.0072,-0.0093,-0.0161,-0.0274,-0.018
2024-06-01,sa,Automation,21-30,-0.0084,0.0025,-0.0172,-0.0185,-0.0216,-0.0152
2024-07-01,sa,Automation,21-30,-0.0016,0.0158,-0.014,-0.0087,-0.0138,-0.0018
2024-08-01,sa,Automation,21-30,-0.0102,0.0073,-0.0133,-0.0143,-0.0329,-0.0163
2024-09-01,sa,Automation,21-30,-0.0078,-0.0046,-0.0277,-0.0185,-0.0171,-0.0302
2024-10-01,sa,Automation,21-30,-0.0067,0.0008,-0.0152,-0.0045,-0.0226,-0.0171
2024-11-01,sa,Automation,21-30,-0.0159,0.0002,-0.0214,-0.009,-0.0298,-0.022
2024-12-01,sa,Automation,21-30,-0.014,-0.0079,-0.0301,-0.0095,-0.0272,-0.0245
2025-01-01,sa,Automation,21-30,-0.0054,0.0123,-0.018,-0.0004,-0.0138,-0.0093
2025-02-01,sa,Automation,21-30,-0.0019,0.0048,-0.0203,0.0022,-0.0239,-0.0084
2025-03-01,sa,Automation,21-30,-0.009,0.003,-0.0175,0.0034,-0.024,-0.0067
2025-04-01,sa,Automation,21-30,-0.0073,0.0058,-0.0114,0.004,-0.0172,-0.0071
2025-05-01,sa,Automation,21-30,0.0051,0.0037,-0.0105,0.0106,0.0085,-0.0049
2025-06-01,sa,Automation,21-30,0.0019,0.0056,-0.0025,0.0105,0.0325,-0.0016
2025-07-01,sa,Automation,21-30,0.0012,-0.003,-0.0103,0.006,0.0288,-0.0075
2025-08-01,sa,Automation,21-30,-0.0056,-0.0042,-0.0217,0.0005,0.0311,-0.0304
2025-09-01,sa,Automation,21-30,-0.0093,0.0008,-0.0138,0.0124,0.0216,-0.0056
2025-10-01,sa,Automation,21-30,-0.0058,0.008,-0.0165,0.0057,0.0454,-0.01
2025-11-01,sa,Automation,21-30,0.0042,-0.0001,-0.015,0.0087,0.0454,-0.0033
2025-12-01,sa,Automation,21-30,0.0075,0.0005,-0.009,0.0172,0.0467,0.0001
2026-01-01,sa,Automation,21-30,0.0117,-0.0016,-0.0198,0.01,0.0332,-0.0019
2026-02-01,sa,Automation,21-30,0.0012,-0.009,-0.0201,0.0122,0.0354,-0.0075
2026-03-01,sa,Automation,21-30,-0.0042,-0.0038,-0.0216,0.006,0.0355,-0.0071
2026-04-01,sa,Automation,21-30,-0.0177,-0.0108,-0.0272,-0.0018,0.0323,-0.0105
2022-01-01,sa,Automation,31-40,0.0764,0.0621,0.0762,0.0766,0.0623,0.0472
2022-02-01,sa,Automation,31-40,0.0746,0.0606,0.0783,0.0859,0.0616,0.0593
2022-03-01,sa,Automation,31-40,0.0941,0.0741,0.0836,0.0979,0.0556,0.0804
2022-04-01,sa,Automation,31-40,0.1143,0.0877,0.1098,0.1265,0.0756,0.1062
2022-05-01,sa,Automation,31-40,0.1071,0.0816,0.1035,0.1125,0.0658,0.1009
2022-06-01,sa,Automation,31-40,0.1049,0.0832,0.0953,0.0915,0.0699,0.093
2022-07-01,sa,Automation,31-40,0.0644,0.0652,0.079,0.0674,0.0584,0.0738
2022-08-01,sa,Automation,31-40,0.0518,0.0526,0.069,0.0547,0.0549,0.0583
2022-09-01,sa,Automation,31-40,0.045,0.0427,0.0629,0.05,0.0545,0.0486
2022-10-01,sa,Automation,31-40,0.0411,0.0403,0.0564,0.0411,0.0436,0.0266
2022-11-01,sa,Automation,31-40,0.0285,0.0356,0.054,0.0362,0.044,0.0196
2022-12-01,sa,Automation,31-40,0.0243,0.028,0.0511,0.032,0.0404,0.0229
2023-01-01,sa,Automation,31-40,0.0296,0.0334,0.0585,0.0494,0.0442,0.0383
2023-02-01,sa,Automation,31-40,0.0238,0.0287,0.0519,0.0387,0.05,0.023
2023-03-01,sa,Automation,31-40,0.0077,0.0191,0.0407,0.0266,0.0504,0.0017
2023-04-01,sa,Automation,31-40,0.0116,0.0212,0.034,0.0131,0.0429,-0.0097
2023-05-01,sa,Automation,31-40,-0.0023,0.0136,0.0308,0.0155,0.0429,-0.0159
2023-06-01,sa,Automation,31-40,0.0048,0.01,0.0382,0.0216,0.0566,-0.0052
2023-07-01,sa,Automation,31-40,0.0189,0.0079,0.0301,0.0146,0.0407,-0.0108
2023-08-01,sa,Automation,31-40,0.0003,0.016,0.0319,0.016,0.0402,-0.0103
2023-09-01,sa,Automation,31-40,-0.0105,0.0057,0.0252,0.0105,0.0389,-0.0146
2023-10-01,sa,Automation,31-40,-0.0153,0.0033,0.0266,0.0086,0.033,-0.0103
2023-11-01,sa,Automation,31-40,-0.0187,0.0046,0.0261,0.0077,0.0292,-0.0152
2023-12-01,sa,Automation,31-40,-0.0265,0.0068,0.0283,0.0101,0.027,-0.0246
2024-01-01,sa,Automation,31-40,-0.0049,0.0136,0.029,0.0192,0.0297,-0.0052
2024-02-01,sa,Automation,31-40,-0.0134,0.0073,0.0254,0.0106,0.0185,-0.0178
2024-03-01,sa,Automation,31-40,-0.0122,0.006,0.023,0.0073,0.0196,-0.0203
2024-04-01,sa,Automation,31-40,-0.0104,0.0052,0.0213,0.0152,0.0201,-0.0144
2024-05-01,sa,Automation,31-40,0.0038,0.0097,0.0234,0.02,0.0156,-0.0178
2024-06-01,sa,Automation,31-40,-0.0082,0.016,0.0224,0.0204,0.0164,-0.0154
2024-07-01,sa,Automation,31-40,0.0057,0.0251,0.0215,0.0236,0.0205,-0.013
2024-08-01,sa,Automation,31-40,0.0126,0.0131,0.014,0.0134,0.0078,-0.0151
2024-09-01,sa,Automation,31-40,-0.0029,0.0107,0.0081,0.0057,0.0087,-0.023
2024-10-01,sa,Automation,31-40,0.0037,0.0064,0.0133,0.0146,0.0099,-0.0171
2024-11-01,sa,Automation,31-40,-0.0048,0.0043,0.0071,0.0106,0.0037,-0.0205
2024-12-01,sa,Automation,31-40,-0.0019,-0.0001,0.0018,0.0085,0.0006,-0.0225
2025-01-01,sa,Automation,31-40,-0.008,0.0122,0.0066,0.0175,0.0071,-0.0108
2025-02-01,sa,Automation,31-40,-0.0044,0.0042,0.0027,0.0156,-0.0008,-0.0103
2025-03-01,sa,Automation,31-40,-0.0073,0.0046,0.0001,0.018,-0.0025,-0.0083
2025-04-01,sa,Automation,31-40,-0.0024,0.0074,0.0022,0.0196,0.001,-0.009
2025-05-01,sa,Automation,31-40,0.0034,0.0054,0.0021,0.0145,0.0037,-0.0049
2025-06-01,sa,Automation,31-40,0.0066,0.0097,0.0139,0.0225,0.0315,-0.0011
2025-07-01,sa,Automation,31-40,0.0054,-0.0008,0.0062,0.0131,0.028,-0.0021
2025-08-01,sa,Automation,31-40,-0.0119,-0.0003,0.0065,0.0111,0.0262,-0.0102
2025-09-01,sa,Automation,31-40,-0.0074,-0.0035,0.0061,0.0158,0.0193,-0.0082
2025-10-01,sa,Automation,31-40,-0.0197,0.0017,0.0035,0.012,0.0258,-0.0108
2025-11-01,sa,Automation,31-40,-0.0054,-0.0005,0.0039,0.0102,0.0275,-0.0108
2025-12-01,sa,Automation,31-40,-0.0049,0.0012,0.0078,0.0137,0.0335,-0.0094
2026-01-01,sa,Automation,31-40,0.0019,-0.0022,0.0072,0.0057,0.0324,-0.0073
2026-02-01,sa,Automation,31-40,-0.0148,-0.0036,0.0038,0.0056,0.0334,-0.0137
2026-03-01,sa,Automation,31-40,-0.0211,-0.0062,0.0065,0.0033,0.0328,-0.0121
2026-04-01,sa,Automation,31-40,-0.0356,-0.0129,0.0027,-0.0023,0.0268,-0.0205
2022-01-01,sa,Automation,41-50,0.086,0.0362,0.0466,0.0435,0.0276,0.0394
2022-02-01,sa,Automation,41-50,0.0893,0.0419,0.0518,0.051,0.0322,0.049
2022-03-01,sa,Automation,41-50,0.0976,0.0516,0.05,0.0604,0.0305,0.0574
2022-04-01,sa,Automation,41-50,0.1237,0.0699,0.0773,0.083,0.0461,0.0821
2022-05-01,sa,Automation,41-50,0.1217,0.0659,0.0726,0.0697,0.037,0.0751
2022-06-01,sa,Automation,41-50,0.1023,0.0652,0.0696,0.0592,0.0435,0.0738
2022-07-01,sa,Automation,41-50,0.0628,0.0432,0.0526,0.0345,0.0292,0.0595
2022-08-01,sa,Automation,41-50,0.052,0.0313,0.0376,0.0262,0.0242,0.0386
2022-09-01,sa,Automation,41-50,0.045,0.0175,0.0363,0.0246,0.0224,0.0308
2022-10-01,sa,Automation,41-50,0.0368,0.016,0.029,0.0154,0.0146,0.0151
2022-11-01,sa,Automation,41-50,0.0149,0.0132,0.0292,0.0094,0.0181,0.0124
2022-12-01,sa,Automation,41-50,0.021,0.0128,0.0273,0.0093,0.0125,0.0114
2023-01-01,sa,Automation,41-50,0.0177,0.0106,0.0311,0.0207,0.0136,0.0247
2023-02-01,sa,Automation,41-50,0.0113,0.0032,0.026,0.0096,0.015,0.0103
2023-03-01,sa,Automation,41-50,0.0039,-0.0024,0.0213,-0.0022,0.0154,0.0016
2023-04-01,sa,Automation,41-50,0.0006,-0.0078,0.009,-0.0103,0.0068,-0.0113
2023-05-01,sa,Automation,41-50,0.0014,-0.0117,0.0109,-0.005,0.0067,-0.0131
2023-06-01,sa,Automation,41-50,0.0098,-0.0073,0.0192,0.0043,0.0219,-0.0022
2023-07-01,sa,Automation,41-50,0.0194,-0.007,0.0121,0.0008,0.0076,-0.0127
2023-08-01,sa,Automation,41-50,0.0117,-0.0033,0.0155,0.0008,0.0062,-0.0122
2023-09-01,sa,Automation,41-50,-0.0019,-0.0038,0.0083,-0.0013,0.0029,-0.0143
2023-10-01,sa,Automation,41-50,-0.0007,-0.0048,0.0096,-0.0058,0.0029,-0.0104
2023-11-01,sa,Automation,41-50,0.0014,-0.0051,0.0067,-0.0031,0.0026,-0.0157
2023-12-01,sa,Automation,41-50,-0.0119,-0.0028,0.0087,-0.0087,0.0015,-0.0261
2024-01-01,sa,Automation,41-50,0.0017,0.009,0.0164,0.0004,0.005,-0.01
2024-02-01,sa,Automation,41-50,-0.012,-0.0003,0.009,-0.0059,-0.0017,-0.0193
2024-03-01,sa,Automation,41-50,-0.0127,0.0001,0.0032,-0.0066,-0.0067,-0.0245
2024-04-01,sa,Automation,41-50,-0.0045,-0.0006,0.005,0.0007,-0.0005,-0.0186
2024-05-01,sa,Automation,41-50,0.0068,0.0061,0.0021,0.0036,-0.0041,-0.0214
2024-06-01,sa,Automation,41-50,0.0069,0.0097,0.0048,0.0065,-0.0008,-0.0125
2024-07-01,sa,Automation,41-50,0.0184,0.0161,0.004,0.0103,0.0018,-0.0068
2024-08-01,sa,Automation,41-50,0.0114,0.0121,-0.0005,0.0031,-0.0066,-0.0112
2024-09-01,sa,Automation,41-50,0.0078,0.0045,-0.0004,-0.0013,-0.0064,-0.0165
2024-10-01,sa,Automation,41-50,0.0055,0.0046,0.0048,0.0076,-0.0052,-0.013
2024-11-01,sa,Automation,41-50,0.0073,0.0015,-0.0007,0.005,-0.0109,-0.0154
2024-12-01,sa,Automation,41-50,0.0082,-0.0005,-0.0033,0.0061,-0.0098,-0.017
2025-01-01,sa,Automation,41-50,0.0164,0.0061,-0.0022,0.0115,-0.004,-0.0028
2025-02-01,sa,Automation,41-50,0.0249,0.0089,-0.0014,0.0129,-0.0062,-0.0056
2025-03-01,sa,Automation,41-50,0.0167,0.006,0.0012,0.0127,-0.0035,-0.0049
2025-04-01,sa,Automation,41-50,0.0218,0.0109,0.0045,0.0115,-0.0017,-0.0031
2025-05-01,sa,Automation,41-50,0.0129,0.0061,0.008,0.0079,0.0038,-0.0003
2025-06-01,sa,Automation,41-50,0.0046,0.0094,0.0188,0.0194,0.0248,0.0047
2025-07-01,sa,Automation,41-50,0.0096,-0.0025,0.012,0.012,0.0189,-0.0046
2025-08-01,sa,Automation,41-50,0.0081,-0.0059,0.0077,0.0051,0.0188,-0.0121
2025-09-01,sa,Automation,41-50,0.0026,-0.0009,0.0076,0.0072,0.0162,-0.007
2025-10-01,sa,Automation,41-50,-0.0048,0.0014,0.0063,0.0038,0.0189,-0.0042
2025-11-01,sa,Automation,41-50,0.0004,0.0008,0.0047,0.0033,0.0192,-0.0054
2025-12-01,sa,Automation,41-50,0.003,-0.0033,0.009,0.0069,0.0235,-0.0044
2026-01-01,sa,Automation,41-50,-0.0029,-0.003,0.0059,0.0024,0.02,-0.0076
2026-02-01,sa,Automation,41-50,-0.0109,-0.0066,0.0027,0.0014,0.0181,-0.0077
2026-03-01,sa,Automation,41-50,-0.0167,-0.0055,0.0069,0.003,0.0177,-0.0043
2026-04-01,sa,Automation,41-50,-0.0228,-0.0121,-0.001,-0.002,0.0147,-0.0084
2022-01-01,sa,Automation,51-60,0.0687,0.0601,0.0401,0.0589,0.0578,0.0567
2022-02-01,sa,Automation,51-60,0.06,0.0605,0.0448,0.0676,0.058,0.0658
2022-03-01,sa,Automation,51-60,0.0648,0.073,0.0519,0.073,0.0615,0.0738
2022-04-01,sa,Automation,51-60,0.0883,0.0843,0.072,0.0902,0.0725,0.0967
2022-05-01,sa,Automation,51-60,0.063,0.0738,0.0644,0.0762,0.0662,0.0882
2022-06-01,sa,Automation,51-60,0.0657,0.0793,0.0615,0.0736,0.0715,0.0896
2022-07-01,sa,Automation,51-60,0.0473,0.0565,0.0516,0.0541,0.0576,0.0764
2022-08-01,sa,Automation,51-60,0.0371,0.0475,0.0428,0.047,0.0549,0.061
2022-09-01,sa,Automation,51-60,0.0374,0.04,0.0403,0.0441,0.0501,0.0524
2022-10-01,sa,Automation,51-60,0.0317,0.0389,0.0363,0.0345,0.0406,0.0423
2022-11-01,sa,Automation,51-60,0.0279,0.0347,0.0332,0.0319,0.0424,0.0395
2022-12-01,sa,Automation,51-60,0.0271,0.0303,0.0288,0.0275,0.0381,0.0389
2023-01-01,sa,Automation,51-60,0.0346,0.0338,0.0331,0.0404,0.0431,0.0517
2023-02-01,sa,Automation,51-60,0.0283,0.032,0.0306,0.0314,0.0397,0.0342
2023-03-01,sa,Automation,51-60,0.0292,0.0271,0.0252,0.0248,0.0342,0.03
2023-04-01,sa,Automation,51-60,0.023,0.0227,0.0176,0.0162,0.0278,0.0181
2023-05-01,sa,Automation,51-60,0.0286,0.0204,0.0187,0.0211,0.0283,0.0149
2023-06-01,sa,Automation,51-60,0.0342,0.0231,0.0297,0.0272,0.0428,0.0323
2023-07-01,sa,Automation,51-60,0.0385,0.0238,0.0239,0.0247,0.0317,0.0196
2023-08-01,sa,Automation,51-60,0.0339,0.0229,0.0243,0.0203,0.0229,0.0188
2023-09-01,sa,Automation,51-60,0.0179,0.0198,0.0237,0.0186,0.0245,0.0184
2023-10-01,sa,Automation,51-60,0.0215,0.0148,0.0225,0.0187,0.0221,0.0212
2023-11-01,sa,Automation,51-60,0.024,0.022,0.0238,0.0176,0.0182,0.0149
2023-12-01,sa,Automation,51-60,0.0107,0.0226,0.0279,0.0173,0.0188,0.0071
2024-01-01,sa,Automation,51-60,0.0168,0.0274,0.0291,0.0191,0.0213,0.0146
2024-02-01,sa,Automation,51-60,0.0124,0.0232,0.0237,0.0147,0.0177,0.0129
2024-03-01,sa,Automation,51-60,0.001,0.0204,0.0199,0.013,0.0154,0.0053
2024-04-01,sa,Automation,51-60,0.0096,0.0186,0.0194,0.0203,0.0206,0.0093
2024-05-01,sa,Automation,51-60,0.0141,0.0207,0.0181,0.0223,0.0172,0.007
2024-06-01,sa,Automation,51-60,0.0077,0.0245,0.0224,0.0274,0.0208,0.011
2024-07-01,sa,Automation,51-60,0.0155,0.027,0.0151,0.0242,0.0199,0.0151
2024-08-01,sa,Automation,51-60,0.009,0.018,0.0178,0.0183,0.0144,0.0074
2024-09-01,sa,Automation,51-60,0.0043,0.0169,0.0114,0.0102,0.0084,0.0019
2024-10-01,sa,Automation,51-60,0.0046,0.0171,0.0181,0.0144,0.0122,0.0023
2024-11-01,sa,Automation,51-60,-0.0045,0.0082,0.0116,0.0121,0.0122,0.0003
2024-12-01,sa,Automation,51-60,-0.0043,0.0068,0.0048,0.0112,0.0094,0.0006
2025-01-01,sa,Automation,51-60,-0.0007,0.0164,0.014,0.0139,0.0127,0.0119
2025-02-01,sa,Automation,51-60,0.0064,0.0112,0.0138,0.0124,0.0096,0.0093
2025-03-01,sa,Automation,51-60,0.0057,0.0071,0.0124,0.0112,0.0091,0.0105
2025-04-01,sa,Automation,51-60,0.0132,0.0122,0.0152,0.0122,0.0101,0.0142
2025-05-01,sa,Automation,51-60,0.016,0.0114,0.0152,0.0119,0.0101,0.0149
2025-06-01,sa,Automation,51-60,0.0237,0.0164,0.0217,0.0248,0.0299,0.0263
2025-07-01,sa,Automation,51-60,0.0164,0.0094,0.0173,0.0158,0.0201,0.0121
2025-08-01,sa,Automation,51-60,0.0094,0.0073,0.0109,0.0086,0.0152,0.006
2025-09-01,sa,Automation,51-60,0.0015,0.0026,0.0123,0.0125,0.0165,0.007
2025-10-01,sa,Automation,51-60,-0.0015,0.0059,0.0089,0.0109,0.0157,0.0104
2025-11-01,sa,Automation,51-60,0.0124,0.0032,0.0047,0.0088,0.0123,0.0074
2025-12-01,sa,Automation,51-60,0.0079,0.0024,0.0117,0.0095,0.0143,0.0081
2026-01-01,sa,Automation,51-60,0.0007,-0.0039,0.0059,0.0062,0.0099,0.0061
2026-02-01,sa,Automation,51-60,-0.0028,-0.0076,0.0005,0.0035,0.0115,0.0036
2026-03-01,sa,Automation,51-60,0.003,-0.0014,0.0063,0.0033,0.0119,0.007
2026-04-01,sa,Automation,51-60,-0.0121,-0.0059,-0.002,-0.0012,0.0062,-0.0037
2022-01-01,sa,Automation,All ages,0.0785,0.0557,0.0596,0.0667,0.0543,0.0523
2022-02-01,sa,Automation,All ages,0.0746,0.0559,0.0624,0.0769,0.0549,0.0673
2022-03-01,sa,Automation,All ages,0.0849,0.0664,0.0666,0.09,0.0531,0.0858
2022-04-01,sa,Automation,All ages,0.1079,0.0798,0.0912,0.1185,0.0677,0.1144
2022-05-01,sa,Automation,All ages,0.0922,0.0742,0.085,0.1046,0.0584,0.1077
2022-06-01,sa,Automation,All ages,0.0863,0.072,0.0759,0.0778,0.0622,0.0988
2022-07-01,sa,Automation,All ages,0.051,0.0515,0.0596,0.0494,0.049,0.0753
2022-08-01,sa,Automation,All ages,0.0426,0.0401,0.0486,0.0362,0.0457,0.0576
2022-09-01,sa,Automation,All ages,0.0363,0.0315,0.0452,0.0331,0.0408,0.0475
2022-10-01,sa,Automation,All ages,0.0303,0.028,0.04,0.0236,0.0313,0.03
2022-11-01,sa,Automation,All ages,0.0158,0.0255,0.0359,0.0184,0.0334,0.0215
2022-12-01,sa,Automation,All ages,0.0176,0.0182,0.0347,0.0121,0.0296,0.0272
2023-01-01,sa,Automation,All ages,0.0172,0.0238,0.0414,0.0263,0.0321,0.0463
2023-02-01,sa,Automation,All ages,0.0114,0.0177,0.0375,0.0195,0.0345,0.0279
2023-03-01,sa,Automation,All ages,0.0013,0.0113,0.0273,0.0065,0.0339,0.0113
2023-04-01,sa,Automation,All ages,0.0008,0.0099,0.0199,-0.003,0.0266,-0.0017
2023-05-01,sa,Automation,All ages,-0.002,0.0039,0.0193,-0.0012,0.0267,-0.0081
2023-06-01,sa,Automation,All ages,0.0026,0.0043,0.0279,0.0062,0.04,0.0014
2023-07-01,sa,Automation,All ages,0.0119,0.0033,0.0197,0.001,0.0273,-0.0043
2023-08-01,sa,Automation,All ages,0.0053,0.0089,0.0207,0.0008,0.0233,-0.0024
2023-09-01,sa,Automation,All ages,-0.0068,0.0052,0.017,-0.0026,0.0196,-0.0071
2023-10-01,sa,Automation,All ages,-0.0059,0.0019,0.016,-0.0049,0.0172,-0.0049
2023-11-01,sa,Automation,All ages,-0.0039,0.0034,0.0158,-0.0053,0.0131,-0.0103
2023-12-01,sa,Automation,All ages,-0.015,0.0059,0.0175,-0.0046,0.0114,-0.0218
2024-01-01,sa,Automation,All ages,0.0022,0.013,0.02,0.0036,0.0157,-0.0033
2024-02-01,sa,Automation,All ages,-0.0061,0.0083,0.0144,-0.004,0.0085,-0.0121
2024-03-01,sa,Automation,All ages,-0.0085,0.0072,0.0104,-0.0044,0.006,-0.0172
2024-04-01,sa,Automation,All ages,-0.0027,0.0064,0.0097,0.0032,0.0094,-0.011
2024-05-01,sa,Automation,All ages,0.0044,0.0106,0.0089,0.0056,0.0034,-0.0136
2024-06-01,sa,Automation,All ages,-0.0009,0.0127,0.0083,0.0061,0.0063,-0.0093
2024-07-01,sa,Automation,All ages,0.009,0.0209,0.0069,0.0102,0.0091,-0.0027
2024-08-01,sa,Automation,All ages,0.0052,0.0123,0.0044,0.0032,-0.0015,-0.0098
2024-09-01,sa,Automation,All ages,0.0001,0.0065,-0.0021,-0.0025,0.0,-0.0182
2024-10-01,sa,Automation,All ages,0.0016,0.0069,0.0052,0.0071,0.0009,-0.012
2024-11-01,sa,Automation,All ages,-0.0047,0.0035,-0.0008,0.0037,-0.0038,-0.0153
2024-12-01,sa,Automation,All ages,-0.0031,-0.0007,-0.0066,0.0029,-0.0045,-0.0168
2025-01-01,sa,Automation,All ages,0.0004,0.0117,0.0002,0.0099,0.0021,-0.0036
2025-02-01,sa,Automation,All ages,0.006,0.0071,-0.0015,0.0103,-0.0032,-0.0045
2025-03-01,sa,Automation,All ages,0.0013,0.0052,-0.0012,0.0111,-0.0031,-0.003
2025-04-01,sa,Automation,All ages,0.0059,0.0089,0.0023,0.0115,-0.0002,-0.0021
2025-05-01,sa,Automation,All ages,0.0092,0.0065,0.0034,0.0114,0.0062,0.0004
2025-06-01,sa,Automation,All ages,0.0088,0.0101,0.0128,0.0186,0.0293,0.0059
2025-07-01,sa,Automation,All ages,0.0078,0.0005,0.006,0.0111,0.0234,-0.0013
2025-08-01,sa,Automation,All ages,-0.0005,-0.001,0.0009,0.006,0.0219,-0.0126
2025-09-01,sa,Automation,All ages,-0.0035,-0.0003,0.0031,0.0122,0.018,-0.004
2025-10-01,sa,Automation,All ages,-0.0082,0.0043,0.0006,0.008,0.0243,-0.0045
2025-11-01,sa,Automation,All ages,0.0026,0.0007,-0.0002,0.0078,0.0239,-0.0037
2025-12-01,sa,Automation,All ages,0.0032,0.0002,0.0049,0.0124,0.0276,-0.0019
2026-01-01,sa,Automation,All ages,0.0029,-0.0026,0.0001,0.0064,0.0228,-0.0032
2026-02-01,sa,Automation,All ages,-0.0069,-0.0067,-0.0028,0.0061,0.0234,-0.0069
2026-03-01,sa,Automation,All ages,-0.01,-0.0043,-0.0001,0.004,0.0232,-0.0048
2026-04-01,sa,Automation,All ages,-0.0223,-0.0106,-0.0064,-0.0019,0.0185,-0.0113
