institusjonskode,institusjonsnavn,aar,studieprogramkode,studieprogramnavn,nivaakode,nivaanavn,kandidater_totalt,kandidater_kvinner,kandidater_menn,kjonn_skjermet
0232,"Høgskolen i Molde, vitenskapelig høgskole i logistikk",2019,DOKLOG,Philosophiae doctor in Logistics (ph.d),FU,Forskerutdanning,5,0,5,0
0232,"Høgskolen i Molde, vitenskapelig høgskole i logistikk",2019,DRHS,Ph.d. i helse- og sosialfag: Profesjonsutøving - vilkår og utvikling,FU,Forskerutdanning,2,1,1,0
0232,"Høgskolen i Molde, vitenskapelig høgskole i logistikk",2020,DOKLOG,Philosophiae doctor in Logistics (ph.d),FU,Forskerutdanning,4,2,2,0
0232,"Høgskolen i Molde, vitenskapelig høgskole i logistikk",2020,DRHS,Ph.d. i helse- og sosialfag: Profesjonsutøving - vilkår og utvikling,FU,Forskerutdanning,2,1,1,0
0232,"Høgskolen i Molde, vitenskapelig høgskole i logistikk",2021,DRHS,Ph.d. i helse- og sosialfag: Profesjonsutøving - vilkår og utvikling,FU,Forskerutdanning,2,2,0,0
0232,"Høgskolen i Molde, vitenskapelig høgskole i logistikk",2022,DOKLOG,Philosophiae doctor in Logistics (ph.d),FU,Forskerutdanning,3,0,3,0
0232,"Høgskolen i Molde, vitenskapelig høgskole i logistikk",2022,DRHS,Ph.d. i helse- og sosialfag: Profesjonsutøving - vilkår og utvikling,FU,Forskerutdanning,2,2,0,0
0232,"Høgskolen i Molde, vitenskapelig høgskole i logistikk",2023,DOKLOG,Philosophiae doctor in Logistics (ph.d),FU,Forskerutdanning,4,1,3,0
0232,"Høgskolen i Molde, vitenskapelig høgskole i logistikk",2023,DRHS,Ph.d. i helse- og sosialfag: Profesjonsutøving - vilkår og utvikling,FU,Forskerutdanning,3,2,1,0
0232,"Høgskolen i Molde, vitenskapelig høgskole i logistikk",2024,DOKLOG,Philosophiae doctor in Logistics (ph.d),FU,Forskerutdanning,3,2,1,0
0232,"Høgskolen i Molde, vitenskapelig høgskole i logistikk",2025,DOKLOG,Philosophiae doctor in Logistics (ph.d),FU,Forskerutdanning,4,2,2,0
0232,"Høgskolen i Molde, vitenskapelig høgskole i logistikk",2025,DRHS,Ph.d. i helse- og sosialfag: Profesjonsutøving - vilkår og utvikling,FU,Forskerutdanning,4,3,1,0
0236,Høgskulen i Volda,2021,DRHS,Profesjonsutøving - vilkår og utvikling,FU,Forskerutdanning,1,0,1,0
0236,Høgskulen i Volda,2022,DRHS,Profesjonsutøving - vilkår og utvikling,FU,Forskerutdanning,4,3,1,0
0236,Høgskulen i Volda,2023,DRHS,Profesjonsutøving - vilkår og utvikling,FU,Forskerutdanning,3,3,0,0
0236,Høgskulen i Volda,2024,DRHS,Profesjonsutøving - vilkår og utvikling,FU,Forskerutdanning,1,1,0,0
0236,Høgskulen i Volda,2025,DRHS,Profesjonsutøving - vilkår og utvikling,FU,Forskerutdanning,2,1,1,0
0238,Høgskulen på Vestlandet,2019,PHD,Ph.d.-studiet Studier av danning og didaktiske praksiser,FU,Forskerutdanning,1,1,0,0
0238,Høgskulen på Vestlandet,2020,PHD,Ph.d.-studiet Studier av danning og didaktiske praksiser,FU,Forskerutdanning,4,4,0,0
0238,Høgskulen på Vestlandet,2020,PHDCS,"PhD Programme in Computer Science: Software Engineering, Sensor Networks and Engineering Computing",FU,Forskerutdanning,2,0,2,0
0238,Høgskulen på Vestlandet,2021,PHD,Ph.d.-studiet Studier av danning og didaktiske praksiser,FU,Forskerutdanning,6,6,0,0
0238,Høgskulen på Vestlandet,2021,PHDCS,"PhD Programme in Computer Science: Software Engineering, Sensor Networks and Engineering Computing",FU,Forskerutdanning,3,2,1,0
0238,Høgskulen på Vestlandet,2021,PHDH,"Ph.d.-studium i helse, funksjon og deltakelse",FU,Forskerutdanning,1,1,0,0
0238,Høgskulen på Vestlandet,2022,PHD,Ph.d.-studiet Studier av danning og didaktiske praksiser,FU,Forskerutdanning,7,4,3,0
0238,Høgskulen på Vestlandet,2022,PHDCS,"PhD Programme in Computer Science: Software Engineering, Sensor Networks and Engineering Computing",FU,Forskerutdanning,4,0,4,0
0238,Høgskulen på Vestlandet,2022,PHDH,"Ph.d.-studium i helse, funksjon og deltakelse",FU,Forskerutdanning,1,1,0,0
0238,Høgskulen på Vestlandet,2022,PHDINN,PhD in Responsible Innovation and Regional Development,FU,Forskerutdanning,2,1,1,0
0238,Høgskulen på Vestlandet,2022,PHDNAUT,Ph.d.-program i nautiske operasjoner: Fellesgrad,FU,Forskerutdanning,1,0,1,0
0238,Høgskulen på Vestlandet,2023,PHD,Ph.d.-studiet Studier av danning og didaktiske praksiser,FU,Forskerutdanning,3,3,0,0
0238,Høgskulen på Vestlandet,2023,PHDCS,"Ph.d.-program i Datateknologi  programvareutvikling, sensornettverk og beregningsorientert ingeniørvitenskap",FU,Forskerutdanning,5,1,4,0
0238,Høgskulen på Vestlandet,2023,PHDH,"Ph.d.-studium i helse, funksjon og deltakelse",FU,Forskerutdanning,2,2,0,0
0238,Høgskulen på Vestlandet,2023,PHDINN,PhD in Responsible Innovation and Regional Development,FU,Forskerutdanning,1,1,0,0
0238,Høgskulen på Vestlandet,2023,PHDNAUT,Ph.d.-program i nautiske operasjoner: Fellesgrad,FU,Forskerutdanning,1,0,1,0
0238,Høgskulen på Vestlandet,2024,PHD,Ph.d.-studiet Studier av danning og didaktiske praksiser,FU,Forskerutdanning,5,4,1,0
0238,Høgskulen på Vestlandet,2024,PHDCS,"Ph.d.-program i Datateknologi  programvareutvikling, sensornettverk og beregningsorientert ingeniørvitenskap",FU,Forskerutdanning,8,2,6,0
0238,Høgskulen på Vestlandet,2024,PHDH,"Ph.d.-studium i helse, funksjon og deltakelse",FU,Forskerutdanning,7,5,2,0
0238,Høgskulen på Vestlandet,2024,PHDINN,PhD in Responsible Innovation and Regional Development,FU,Forskerutdanning,5,2,3,0
0238,Høgskulen på Vestlandet,2024,PHDNAUT,Ph.d.-program i nautiske operasjoner: Fellesgrad,FU,Forskerutdanning,1,0,1,0
0238,Høgskulen på Vestlandet,2025,PHD,Ph.d.-studiet Studier av danning og didaktiske praksiser,FU,Forskerutdanning,8,6,2,0
0238,Høgskulen på Vestlandet,2025,PHDCS,"Ph.d.-program i Datateknologi; programvareutvikling, sensornettverk og beregningsorientert ingeniørvitenskap",FU,Forskerutdanning,10,3,7,0
0238,Høgskulen på Vestlandet,2025,PHDH,"Ph.d.-studium i helse, funksjon og deltakelse",FU,Forskerutdanning,9,7,2,0
0238,Høgskulen på Vestlandet,2025,PHDINN,PhD in Responsible Innovation and Regional Development,FU,Forskerutdanning,3,2,1,0
1110,Universitetet i Oslo,2019,DRPHILHF,Dr.philos. ved Det humanistiske fakultet,FU,Forskerutdanning,3,0,3,0
1110,Universitetet i Oslo,2019,DRPHILMED,Dr.philos. ved Det medisinske fakultet,FU,Forskerutdanning,3,1,2,0
1110,Universitetet i Oslo,2019,DRPHILMN,Dr.philos. ved Det matematisk-naturvitenskapelige fakultet,FU,Forskerutdanning,1,1,0,0
1110,Universitetet i Oslo,2019,DRPHILODO,Dr.philos. ved Det odontologiske fakultet,FU,Forskerutdanning,1,0,1,0
1110,Universitetet i Oslo,2019,DRPHILSV,Dr.philos. ved Det samfunnsvitenskapelige fakultet,FU,Forskerutdanning,2,1,1,0
1110,Universitetet i Oslo,2019,DRPHILTF,Dr.philos. ved Det teologiske fakultet,FU,Forskerutdanning,1,0,1,0
1110,Universitetet i Oslo,2019,PHD-HF,Ph.d. ved Det humanistiske fakultet,FU,Forskerutdanning,47,30,17,0
1110,Universitetet i Oslo,2019,PHD-JF,Ph.d. ved Det juridiske fakultet,FU,Forskerutdanning,16,11,5,0
1110,Universitetet i Oslo,2019,PHD-MF,Ph.d. ved Det medisinske fakultet,FU,Forskerutdanning,184,115,69,0
1110,Universitetet i Oslo,2019,PHD-MN,Ph.d. ved Det matematisk-naturvitenskapelige fakultet,FU,Forskerutdanning,147,56,91,0
1110,Universitetet i Oslo,2019,PHD-OD,Ph.d. ved Det odontologiske fakultet,FU,Forskerutdanning,3,1,2,0
1110,Universitetet i Oslo,2019,PHD-SV,Ph.d. ved Det samfunnsvitenskapelige fakultet,FU,Forskerutdanning,49,25,24,0
1110,Universitetet i Oslo,2019,PHD-SV-ANT,Ph.d. ved Det samfunnsvitenskapelige fakultet. Linje sosialantropologi,FU,Forskerutdanning,1,0,1,0
1110,Universitetet i Oslo,2019,PHD-SV-PSY,Ph.d. ved Det samfunnsvitenskapelige fakultet. Fagområde psykologi,FU,Forskerutdanning,1,1,0,0
1110,Universitetet i Oslo,2019,PHD-SV-SOS,Ph.d. ved Det samfunnsvitenskapelige fakultet. Linje sosiologi,FU,Forskerutdanning,1,0,1,0
1110,Universitetet i Oslo,2019,PHD-TF,Ph.d. ved Det teologiske fakultet,FU,Forskerutdanning,4,4,0,0
1110,Universitetet i Oslo,2019,PHD-UV,Ph.d. ved Det utdanningsvitenskapelige fakultet,FU,Forskerutdanning,19,13,6,0
1110,Universitetet i Oslo,2020,DRPHILHF,Dr.philos. ved Det humanistiske fakultet,FU,Forskerutdanning,1,1,0,0
1110,Universitetet i Oslo,2020,DRPHILMED,Dr.philos. ved Det medisinske fakultet,FU,Forskerutdanning,8,1,7,0
1110,Universitetet i Oslo,2020,DRPHILMN,Dr.philos. ved Det matematisk-naturvitenskapelige fakultet,FU,Forskerutdanning,2,1,1,0
1110,Universitetet i Oslo,2020,DRPHILODO,Dr.philos. ved Det odontologiske fakultet,FU,Forskerutdanning,1,1,0,0
1110,Universitetet i Oslo,2020,DRPHILSV,Dr.philos. ved Det samfunnsvitenskapelige fakultet,FU,Forskerutdanning,3,1,2,0
1110,Universitetet i Oslo,2020,DRPHILUV,Dr.philos. ved Det utdanningsvitenskapelige fakultet,FU,Forskerutdanning,2,0,2,0
1110,Universitetet i Oslo,2020,PHD-EDOLAD,European Joint Doctorate Programme in Law and Development,FU,Forskerutdanning,1,0,1,0
1110,Universitetet i Oslo,2020,PHD-HF,Ph.d. ved Det humanistiske fakultet,FU,Forskerutdanning,42,24,18,0
1110,Universitetet i Oslo,2020,PHD-JF,Ph.d. ved Det juridiske fakultet,FU,Forskerutdanning,14,10,4,0
1110,Universitetet i Oslo,2020,PHD-MF,Ph.d. ved Det medisinske fakultet,FU,Forskerutdanning,210,127,83,0
1110,Universitetet i Oslo,2020,PHD-MN,Ph.d. ved Det matematisk-naturvitenskapelige fakultet,FU,Forskerutdanning,133,53,80,0
1110,Universitetet i Oslo,2020,PHD-OD,Ph.d. ved Det odontologiske fakultet,FU,Forskerutdanning,10,7,3,0
1110,Universitetet i Oslo,2020,PHD-SV,Ph.d. ved Det samfunnsvitenskapelige fakultet,FU,Forskerutdanning,57,37,20,0
1110,Universitetet i Oslo,2020,PHD-TF,Ph.d. ved Det teologiske fakultet,FU,Forskerutdanning,3,2,1,0
1110,Universitetet i Oslo,2020,PHD-UV,Ph.d. ved Det utdanningsvitenskapelige fakultet,FU,Forskerutdanning,10,7,3,0
1110,Universitetet i Oslo,2021,DRPHILHF,Dr.philos. ved Det humanistiske fakultet,FU,Forskerutdanning,4,1,3,0
1110,Universitetet i Oslo,2021,DRPHILMED,Dr.philos. ved Det medisinske fakultet,FU,Forskerutdanning,2,1,1,0
1110,Universitetet i Oslo,2021,DRPHILODO,Dr.philos. ved Det odontologiske fakultet,FU,Forskerutdanning,1,0,1,0
1110,Universitetet i Oslo,2021,DRPHILSV,Dr.philos. ved Det samfunnsvitenskapelige fakultet,FU,Forskerutdanning,1,1,0,0
1110,Universitetet i Oslo,2021,DRPHILUV,Dr.philos. ved Det utdanningsvitenskapelige fakultet,FU,Forskerutdanning,1,1,0,0
1110,Universitetet i Oslo,2021,PHD-HF,Ph.d. ved Det humanistiske fakultet,FU,Forskerutdanning,37,24,13,0
1110,Universitetet i Oslo,2021,PHD-JF,Ph.d. ved Det juridiske fakultet,FU,Forskerutdanning,9,4,5,0
1110,Universitetet i Oslo,2021,PHD-MF,Ph.d. ved Det medisinske fakultet,FU,Forskerutdanning,173,115,58,0
1110,Universitetet i Oslo,2021,PHD-MN,Ph.d. ved Det matematisk-naturvitenskapelige fakultet,FU,Forskerutdanning,127,50,77,0
1110,Universitetet i Oslo,2021,PHD-OD,Ph.d. ved Det odontologiske fakultet,FU,Forskerutdanning,9,6,3,0
1110,Universitetet i Oslo,2021,PHD-SV,Ph.d. ved Det samfunnsvitenskapelige fakultet,FU,Forskerutdanning,43,24,19,0
1110,Universitetet i Oslo,2021,PHD-TF,Ph.d. ved Det teologiske fakultet,FU,Forskerutdanning,4,1,3,0
1110,Universitetet i Oslo,2021,PHD-UV,Ph.d. ved Det utdanningsvitenskapelige fakultet,FU,Forskerutdanning,17,11,6,0
1110,Universitetet i Oslo,2022,DRPHILMED,Dr.philos. ved Det medisinske fakultet,FU,Forskerutdanning,5,1,4,0
1110,Universitetet i Oslo,2022,DRPHILMN,Dr.philos. ved Det matematisk-naturvitenskapelige fakultet,FU,Forskerutdanning,2,1,1,0
1110,Universitetet i Oslo,2022,DRPHILSV,Dr.philos. ved Det samfunnsvitenskapelige fakultet,FU,Forskerutdanning,3,0,3,0
1110,Universitetet i Oslo,2022,PHD-ANTHUS,PhD-programme in Anthropology of Human Security in Africa,FU,Forskerutdanning,1,1,0,0
1110,Universitetet i Oslo,2022,PHD-EDOLAD,European Joint Doctorate Programme in Law and Development,FU,Forskerutdanning,1,1,0,0
1110,Universitetet i Oslo,2022,PHD-HF,Ph.d. ved Det humanistiske fakultet,FU,Forskerutdanning,27,10,17,0
1110,Universitetet i Oslo,2022,PHD-JF,Ph.d. ved Det juridiske fakultet,FU,Forskerutdanning,12,8,4,0
1110,Universitetet i Oslo,2022,PHD-MF,Ph.d. ved Det medisinske fakultet,FU,Forskerutdanning,187,115,72,0
1110,Universitetet i Oslo,2022,PHD-MN,Ph.d. ved Det matematisk-naturvitenskapelige fakultet,FU,Forskerutdanning,111,41,70,0
1110,Universitetet i Oslo,2022,PHD-OD,Ph.d. ved Det odontologiske fakultet,FU,Forskerutdanning,6,3,3,0
1110,Universitetet i Oslo,2022,PHD-SV,Ph.d. ved Det samfunnsvitenskapelige fakultet,FU,Forskerutdanning,51,30,21,0
1110,Universitetet i Oslo,2022,PHD-SV-STV,Ph.d. ved Det samfunnsvitenskapelige fakultet. Linje statsvitenskap,FU,Forskerutdanning,1,1,0,0
1110,Universitetet i Oslo,2022,PHD-TF,Ph.d. ved Det teologiske fakultet,FU,Forskerutdanning,4,3,1,0
1110,Universitetet i Oslo,2022,PHD-UV,Ph.d. ved Det utdanningsvitenskapelige fakultet,FU,Forskerutdanning,13,6,7,0
1110,Universitetet i Oslo,2023,DRPHILMED,Dr.philos. ved Det medisinske fakultet,FU,Forskerutdanning,3,2,1,0
1110,Universitetet i Oslo,2023,DRPHILMN,Dr.philos. ved Det matematisk-naturvitenskapelige fakultet,FU,Forskerutdanning,1,0,1,0
1110,Universitetet i Oslo,2023,DRPHILTF,Dr.philos. ved Det teologiske fakultet,FU,Forskerutdanning,2,0,2,0
1110,Universitetet i Oslo,2023,PHD-ANTHUS,PhD-programme in Anthropology of Human Security in Africa,FU,Forskerutdanning,1,1,0,0
1110,Universitetet i Oslo,2023,PHD-HF,Ph.d. ved Det humanistiske fakultet,FU,Forskerutdanning,29,20,9,0
1110,Universitetet i Oslo,2023,PHD-JF,Ph.d. ved Det juridiske fakultet,FU,Forskerutdanning,10,3,7,0
1110,Universitetet i Oslo,2023,PHD-MF,Ph.d. ved Det medisinske fakultet,FU,Forskerutdanning,184,127,57,0
1110,Universitetet i Oslo,2023,PHD-MN,Ph.d. ved Det matematisk-naturvitenskapelige fakultet,FU,Forskerutdanning,113,61,52,0
1110,Universitetet i Oslo,2023,PHD-OD,Ph.d. ved Det odontologiske fakultet,FU,Forskerutdanning,15,11,4,0
1110,Universitetet i Oslo,2023,PHD-SV,Ph.d. ved Det samfunnsvitenskapelige fakultet,FU,Forskerutdanning,49,27,22,0
1110,Universitetet i Oslo,2023,PHD-TF,Ph.d. ved Det teologiske fakultet,FU,Forskerutdanning,5,3,2,0
1110,Universitetet i Oslo,2023,PHD-UV,Ph.d. ved Det utdanningsvitenskapelige fakultet,FU,Forskerutdanning,15,14,1,0
1110,Universitetet i Oslo,2024,DRPHILHF,Dr.philos. ved Det humanistiske fakultet,FU,Forskerutdanning,3,1,2,0
1110,Universitetet i Oslo,2024,DRPHILMED,Dr.philos. ved Det medisinske fakultet,FU,Forskerutdanning,4,2,2,0
1110,Universitetet i Oslo,2024,DRPHILMN,Dr.philos. ved Det matematisk-naturvitenskapelige fakultet,FU,Forskerutdanning,1,0,1,0
1110,Universitetet i Oslo,2024,DRPHILUV,Dr.philos. ved Det utdanningsvitenskapelige fakultet,FU,Forskerutdanning,1,1,0,0
1110,Universitetet i Oslo,2024,PHD-ANTHUS,PhD-programme in Anthropology of Human Security in Africa,FU,Forskerutdanning,1,1,0,0
1110,Universitetet i Oslo,2024,PHD-EDOLAD,European Joint Doctorate Programme in Law and Development,FU,Forskerutdanning,1,1,0,0
1110,Universitetet i Oslo,2024,PHD-HF,Ph.d. ved Det humanistiske fakultet,FU,Forskerutdanning,37,23,14,0
1110,Universitetet i Oslo,2024,PHD-JF,Ph.d. ved Det juridiske fakultet,FU,Forskerutdanning,6,3,3,0
1110,Universitetet i Oslo,2024,PHD-MF,Ph.d. ved Det medisinske fakultet,FU,Forskerutdanning,218,147,71,0
1110,Universitetet i Oslo,2024,PHD-MN,Ph.d. ved Det matematisk-naturvitenskapelige fakultet,FU,Forskerutdanning,155,71,84,0
1110,Universitetet i Oslo,2024,PHD-OD,Ph.d. ved Det odontologiske fakultet,FU,Forskerutdanning,13,8,5,0
1110,Universitetet i Oslo,2024,PHD-SV,Ph.d. ved Det samfunnsvitenskapelige fakultet,FU,Forskerutdanning,50,32,18,0
1110,Universitetet i Oslo,2024,PHD-TF,Ph.d. ved Det teologiske fakultet,FU,Forskerutdanning,1,0,1,0
1110,Universitetet i Oslo,2024,PHD-UV,Ph.d. ved Det utdanningsvitenskapelige fakultet,FU,Forskerutdanning,21,13,8,0
1110,Universitetet i Oslo,2025,DRPHILHF,Dr.philos. ved Det humanistiske fakultet,FU,Forskerutdanning,1,0,1,0
1110,Universitetet i Oslo,2025,DRPHILMED,Dr.philos. ved Det medisinske fakultet,FU,Forskerutdanning,1,1,0,0
1110,Universitetet i Oslo,2025,PHD-HF,Ph.d. ved Det humanistiske fakultet,FU,Forskerutdanning,43,22,21,0
1110,Universitetet i Oslo,2025,PHD-JF,Ph.d. ved Det juridiske fakultet,FU,Forskerutdanning,15,9,6,0
1110,Universitetet i Oslo,2025,PHD-MF,Ph.d. ved Det medisinske fakultet,FU,Forskerutdanning,191,123,68,0
1110,Universitetet i Oslo,2025,PHD-MN,Ph.d. ved Det matematisk-naturvitenskapelige fakultet,FU,Forskerutdanning,147,70,77,0
1110,Universitetet i Oslo,2025,PHD-OD,Ph.d. ved Det odontologiske fakultet,FU,Forskerutdanning,7,5,2,0
1110,Universitetet i Oslo,2025,PHD-SV,Ph.d. ved Det samfunnsvitenskapelige fakultet,FU,Forskerutdanning,54,38,16,0
1110,Universitetet i Oslo,2025,PHD-TF,Ph.d. ved Det teologiske fakultet,FU,Forskerutdanning,5,2,3,0
1110,Universitetet i Oslo,2025,PHD-UV,Ph.d. ved Det utdanningsvitenskapelige fakultet,FU,Forskerutdanning,12,11,1,0
1120,Universitetet i Bergen,2019,DGHFPH,Dr.philos. HF. fak.,FU,Forskerutdanning,1,0,1,0
1120,Universitetet i Bergen,2019,DGSVPH,Dr.philos. SV. fak.,FU,Forskerutdanning,1,0,1,0
1120,Universitetet i Bergen,2019,PHDHF,PhD - Det humanistiske fakultet,FU,Forskerutdanning,21,14,7,0
1120,Universitetet i Bergen,2019,PHDJUR,PhD - Det Juridiske fakultet,FU,Forskerutdanning,5,5,0,0
1120,Universitetet i Bergen,2019,PHDMD,PhD - Det medisinske fakultet,FU,Forskerutdanning,93,56,37,0
1120,Universitetet i Bergen,2019,PHDMN,PhD - Det matematisk-naturvitenskapelige fakultet,FU,Forskerutdanning,69,30,39,0
1120,Universitetet i Bergen,2019,PHDPSYK,PhD - Det psykologiske fakultet,FU,Forskerutdanning,18,8,10,0
1120,Universitetet i Bergen,2019,PHDSV,Ph.d.-programmet ved Det samfunnsvitenskapelige fakultet,FU,Forskerutdanning,21,8,13,0
1120,Universitetet i Bergen,2020,DGHFPH,Dr.philos. HF. fak.,FU,Forskerutdanning,1,0,1,0
1120,Universitetet i Bergen,2020,DGJUPH,Dr.philos. JU. fak.,FU,Forskerutdanning,1,0,1,0
1120,Universitetet i Bergen,2020,DGMEDPH,Dr.philos. Med.fak.,FU,Forskerutdanning,2,2,0,0
1120,Universitetet i Bergen,2020,PHDHF,PhD - Det humanistiske fakultet,FU,Forskerutdanning,14,10,4,0
1120,Universitetet i Bergen,2020,PHDJUR,PhD - Det Juridiske fakultet,FU,Forskerutdanning,6,3,3,0
1120,Universitetet i Bergen,2020,PHDMD,PhD - Det medisinske fakultet,FU,Forskerutdanning,111,64,47,0
1120,Universitetet i Bergen,2020,PHDMN,PhD - Det matematisk-naturvitenskapelige fakultet,FU,Forskerutdanning,75,29,46,0
1120,Universitetet i Bergen,2020,PHDPSYK,PhD - Det psykologiske fakultet,FU,Forskerutdanning,14,11,3,0
1120,Universitetet i Bergen,2020,PHDSV,Ph.d.-programmet ved Det samfunnsvitenskapelige fakultet,FU,Forskerutdanning,18,10,8,0
1120,Universitetet i Bergen,2021,DGHFPH,Dr.philos. HF. fak.,FU,Forskerutdanning,1,0,1,0
1120,Universitetet i Bergen,2021,DGMEDPH,Dr.philos. Med.fak.,FU,Forskerutdanning,1,0,1,0
1120,Universitetet i Bergen,2021,DGMNPH,Dr.philos. MN. fak.,FU,Forskerutdanning,2,0,2,0
1120,Universitetet i Bergen,2021,DGSVPH,Dr.philos. SV. fak.,FU,Forskerutdanning,1,0,1,0
1120,Universitetet i Bergen,2021,PHDHF,PhD - Det humanistiske fakultet,FU,Forskerutdanning,16,11,5,0
1120,Universitetet i Bergen,2021,PHDJUR,PhD - Det Juridiske fakultet,FU,Forskerutdanning,7,4,3,0
1120,Universitetet i Bergen,2021,PHDKMD-KU,Ph.d. i kunstnerisk utviklingsarbeid,FU,Forskerutdanning,1,0,1,0
1120,Universitetet i Bergen,2021,PHDMD,PhD - Det medisinske fakultet,FU,Forskerutdanning,91,57,34,0
1120,Universitetet i Bergen,2021,PHDMD-HAW,Joint PhD programme between Hawassa University and the University of Bergen,FU,Forskerutdanning,2,0,2,0
1120,Universitetet i Bergen,2021,PHDMD-MAK,Joint PhD programme between Makerere University and the University of Bergen,FU,Forskerutdanning,1,1,0,0
1120,Universitetet i Bergen,2021,PHDMN,PhD - Det matematisk-naturvitenskapelige fakultet,FU,Forskerutdanning,81,34,47,0
1120,Universitetet i Bergen,2021,PHDPSYK,PhD - Det psykologiske fakultet,FU,Forskerutdanning,19,14,5,0
1120,Universitetet i Bergen,2021,PHDSV,Ph.d.-programmet ved Det samfunnsvitenskapelige fakultet,FU,Forskerutdanning,22,15,7,0
1120,Universitetet i Bergen,2022,DGMEDPH,Dr.philos. Med.fak.,FU,Forskerutdanning,1,0,1,0
1120,Universitetet i Bergen,2022,DGPSYKPH,Dr.philos. v/Psyk.fak.,FU,Forskerutdanning,1,1,0,0
1120,Universitetet i Bergen,2022,DGSVPH,Dr.philos. SV. fak.,FU,Forskerutdanning,1,0,1,0
1120,Universitetet i Bergen,2022,PHDHF,PhD - Det humanistiske fakultet,FU,Forskerutdanning,13,6,7,0
1120,Universitetet i Bergen,2022,PHDJUR,PhD - Det Juridiske fakultet,FU,Forskerutdanning,4,4,0,0
1120,Universitetet i Bergen,2022,PHDKMD-KU,Ph.d. i kunstnerisk utviklingsarbeid,FU,Forskerutdanning,4,1,3,0
1120,Universitetet i Bergen,2022,PHDMD,PhD - Det medisinske fakultet,FU,Forskerutdanning,93,66,27,0
1120,Universitetet i Bergen,2022,PHDMD-HAW,Joint PhD programme between Hawassa University and the University of Bergen,FU,Forskerutdanning,5,4,1,0
1120,Universitetet i Bergen,2022,PHDMN,PhD - Det matematisk-naturvitenskapelige fakultet,FU,Forskerutdanning,54,17,37,0
1120,Universitetet i Bergen,2022,PHDPSYK,PhD - Det psykologiske fakultet,FU,Forskerutdanning,23,16,7,0
1120,Universitetet i Bergen,2022,PHDSV,Ph.d.-programmet ved Det samfunnsvitenskapelige fakultet,FU,Forskerutdanning,21,10,11,0
1120,Universitetet i Bergen,2023,DGMEDPH,Dr.philos. Med.fak.,FU,Forskerutdanning,1,1,0,0
1120,Universitetet i Bergen,2023,PHDHF,PhD - Det humanistiske fakultet,FU,Forskerutdanning,19,8,11,0
1120,Universitetet i Bergen,2023,PHDJUR,PhD - Det Juridiske fakultet,FU,Forskerutdanning,2,0,2,0
1120,Universitetet i Bergen,2023,PHDKMD-KU,Ph.d. i kunstnerisk utviklingsarbeid,FU,Forskerutdanning,5,2,3,0
1120,Universitetet i Bergen,2023,PHDMD,PhD - Det medisinske fakultet,FU,Forskerutdanning,75,44,31,0
1120,Universitetet i Bergen,2023,PHDMD-HAW,Joint PhD programme between Hawassa University and the University of Bergen,FU,Forskerutdanning,3,2,1,0
1120,Universitetet i Bergen,2023,PHDMD-MAK,Joint PhD programme between Makerere University and the University of Bergen,FU,Forskerutdanning,1,1,0,0
1120,Universitetet i Bergen,2023,PHDMN,PhD - Det matematisk-naturvitenskapelige fakultet,FU,Forskerutdanning,74,36,38,0
1120,Universitetet i Bergen,2023,PHDPSYK,PhD - Det psykologiske fakultet,FU,Forskerutdanning,13,8,5,0
1120,Universitetet i Bergen,2023,PHDSV,Ph.d.-programmet ved Det samfunnsvitenskapelige fakultet,FU,Forskerutdanning,22,13,9,0
1120,Universitetet i Bergen,2024,DGMEDPH,Dr.philos. Med.fak.,FU,Forskerutdanning,1,0,1,0
1120,Universitetet i Bergen,2024,DGSVPH,Dr.philos. Det samfunnsvitenskapelige fakultet,FU,Forskerutdanning,2,1,1,0
1120,Universitetet i Bergen,2024,PHDHF,PhD - Det humanistiske fakultet,FU,Forskerutdanning,20,14,6,0
1120,Universitetet i Bergen,2024,PHDJUR,PhD - Det Juridiske fakultet,FU,Forskerutdanning,6,3,3,0
1120,Universitetet i Bergen,2024,PHDKMD-KU,Ph.d. i kunstnerisk utviklingsarbeid,FU,Forskerutdanning,3,2,1,0
1120,Universitetet i Bergen,2024,PHDMD,PhD - Det medisinske fakultet,FU,Forskerutdanning,85,47,38,0
1120,Universitetet i Bergen,2024,PHDMD-HAW,Joint PhD programme between Hawassa University and the University of Bergen,FU,Forskerutdanning,2,1,1,0
1120,Universitetet i Bergen,2024,PHDMN,PhD - Fakultet for naturvitenskap og teknologi,FU,Forskerutdanning,77,36,41,0
1120,Universitetet i Bergen,2024,PHDPSYK,PhD - Det psykologiske fakultet,FU,Forskerutdanning,16,9,7,0
1120,Universitetet i Bergen,2024,PHDSV,Ph.d.-programmet ved Det samfunnsvitenskapelige fakultet,FU,Forskerutdanning,17,8,9,0
1120,Universitetet i Bergen,2025,DGPSYKPH,Dr.philos. v/Psyk.fak.,FU,Forskerutdanning,2,1,1,0
1120,Universitetet i Bergen,2025,PHDHF,Ph.d. - Det humanistiske fakultet,FU,Forskerutdanning,11,5,6,0
1120,Universitetet i Bergen,2025,PHDJUR,Ph.d. - Det Juridiske fakultet,FU,Forskerutdanning,7,3,4,0
1120,Universitetet i Bergen,2025,PHDKMD-KU,Ph.d. i kunstnerisk utviklingsarbeid,FU,Forskerutdanning,4,3,1,0
1120,Universitetet i Bergen,2025,PHDMD,Ph.d. - Det medisinske fakultet,FU,Forskerutdanning,92,57,35,0
1120,Universitetet i Bergen,2025,PHDMN,Ph.d. - Fakultet for naturvitenskap og teknologi,FU,Forskerutdanning,66,23,43,0
1120,Universitetet i Bergen,2025,PHDPSYK,Ph.d. - Det psykologiske fakultet,FU,Forskerutdanning,19,15,4,0
1120,Universitetet i Bergen,2025,PHDSV,Ph.d. - Det samfunnsvitenskapelige fakultet,FU,Forskerutdanning,17,7,10,0
1130,Universitetet i Tromsø - Norges arktiske universitet,2019,DPHILOSNAT,Doctor philos i naturvitenskap,FU,Forskerutdanning,1,0,1,0
1130,Universitetet i Tromsø - Norges arktiske universitet,2019,PH-HEL,Ph.d.-utdanning i helsevitenskap,FU,Forskerutdanning,57,38,19,0
1130,Universitetet i Tromsø - Norges arktiske universitet,2019,PH-HUM,Ph.d.-program i humaniora og samfunnsvitenskap,FU,Forskerutdanning,8,4,4,0
1130,Universitetet i Tromsø - Norges arktiske universitet,2019,PH-HUMSAM,Ph.d.-program i humaniora og samfunnsvitenskap,FU,Forskerutdanning,8,5,3,0
1130,Universitetet i Tromsø - Norges arktiske universitet,2019,PH-JUS,Ph.d.-utdanning i rettsvitenskap,FU,Forskerutdanning,6,4,2,0
1130,Universitetet i Tromsø - Norges arktiske universitet,2019,PH-MED,Ph.d.-utdanning i medisin,FU,Forskerutdanning,1,1,0,0
1130,Universitetet i Tromsø - Norges arktiske universitet,2019,PH-NATVIT,Ph.d.-program i naturvitenskap,FU,Forskerutdanning,9,4,5,0
1130,Universitetet i Tromsø - Norges arktiske universitet,2019,PH-REAL,Ph.d.-program i realfag,FU,Forskerutdanning,27,12,15,0
1130,Universitetet i Tromsø - Norges arktiske universitet,2019,PH-SAMFVIT,Ph.d.-program i samfunnsvitenskap,FU,Forskerutdanning,3,1,2,0
1130,Universitetet i Tromsø - Norges arktiske universitet,2020,DPHILOSHEL,Doctor philos i helsevitenskap,FU,Forskerutdanning,1,1,0,0
1130,Universitetet i Tromsø - Norges arktiske universitet,2020,DPHILOSHUM,Doctor philos i humanistiske fag,FU,Forskerutdanning,2,0,2,0
1130,Universitetet i Tromsø - Norges arktiske universitet,2020,DPHILOSNAT,Doctor philos i naturvitenskap,FU,Forskerutdanning,1,1,0,0
1130,Universitetet i Tromsø - Norges arktiske universitet,2020,PH-HEL,Ph.d.-utdanning i helsevitenskap,FU,Forskerutdanning,51,29,22,0
1130,Universitetet i Tromsø - Norges arktiske universitet,2020,PH-HUM,Ph.d.-program i humaniora og samfunnsvitenskap,FU,Forskerutdanning,10,3,7,0
1130,Universitetet i Tromsø - Norges arktiske universitet,2020,PH-HUMSAM,Ph.d.-program i humaniora og samfunnsvitenskap,FU,Forskerutdanning,13,9,4,0
1130,Universitetet i Tromsø - Norges arktiske universitet,2020,PH-ING,Ph.d.-program i ingeniørvitenskap,FU,Forskerutdanning,5,2,3,0
1130,Universitetet i Tromsø - Norges arktiske universitet,2020,PH-JUS,Ph.d.-utdanning i rettsvitenskap,FU,Forskerutdanning,4,2,2,0
1130,Universitetet i Tromsø - Norges arktiske universitet,2020,PH-NATVIT,Ph.d.-program i naturvitenskap,FU,Forskerutdanning,10,4,6,0
1130,Universitetet i Tromsø - Norges arktiske universitet,2020,PH-REAL,Ph.d.-program i realfag,FU,Forskerutdanning,18,5,13,0
1130,Universitetet i Tromsø - Norges arktiske universitet,2020,PH-SAMFVIT,Ph.d.-program i samfunnsvitenskap,FU,Forskerutdanning,2,1,1,0
1130,Universitetet i Tromsø - Norges arktiske universitet,2021,DPHILOSHEL,Doctor philos i helsevitenskap,FU,Forskerutdanning,2,1,1,0
1130,Universitetet i Tromsø - Norges arktiske universitet,2021,DPHILOSHSA,Doctor philos i samfunnsvitenskap,FU,Forskerutdanning,1,0,1,0
1130,Universitetet i Tromsø - Norges arktiske universitet,2021,DPHILOSNAT,Doctor philos i naturvitenskap,FU,Forskerutdanning,1,0,1,0
1130,Universitetet i Tromsø - Norges arktiske universitet,2021,PH-HEL,Ph.d.-utdanning i helsevitenskap,FU,Forskerutdanning,54,34,20,0
1130,Universitetet i Tromsø - Norges arktiske universitet,2021,PH-HUM,Ph.d.-program i humaniora og samfunnsvitenskap,FU,Forskerutdanning,13,8,5,0
1130,Universitetet i Tromsø - Norges arktiske universitet,2021,PH-HUMSAM,Ph.d.-program i humaniora og samfunnsvitenskap,FU,Forskerutdanning,9,7,2,0
1130,Universitetet i Tromsø - Norges arktiske universitet,2021,PH-ING,Ph.d.-program i ingeniørvitenskap,FU,Forskerutdanning,5,1,4,0
1130,Universitetet i Tromsø - Norges arktiske universitet,2021,PH-JUS,Ph.d.-utdanning i rettsvitenskap,FU,Forskerutdanning,4,3,1,0
1130,Universitetet i Tromsø - Norges arktiske universitet,2021,PH-NATVIT,Ph.d.-program i naturvitenskap,FU,Forskerutdanning,13,4,9,0
1130,Universitetet i Tromsø - Norges arktiske universitet,2021,PH-NAU,Ph.d.-program i nautiske operasjoner: Fellesgrad,FU,Forskerutdanning,1,0,1,0
1130,Universitetet i Tromsø - Norges arktiske universitet,2021,PH-REAL,Ph.d.-program i realfag,FU,Forskerutdanning,23,8,15,0
1130,Universitetet i Tromsø - Norges arktiske universitet,2021,PH-SAMFVIT,Ph.d.-program i samfunnsvitenskap,FU,Forskerutdanning,6,4,2,0
1130,Universitetet i Tromsø - Norges arktiske universitet,2022,DPHILOSHSA,Doctor philosophiae i samfunnsvitenskap,FU,Forskerutdanning,1,0,1,0
1130,Universitetet i Tromsø - Norges arktiske universitet,2022,DPHILOSNAT,Doctor philosophiae i naturvitenskap,FU,Forskerutdanning,1,1,0,0
1130,Universitetet i Tromsø - Norges arktiske universitet,2022,PH-HEL,Ph.d.-utdanning i helsevitenskap,FU,Forskerutdanning,50,31,19,0
1130,Universitetet i Tromsø - Norges arktiske universitet,2022,PH-HUM,Ph.d.-program i humaniora og samfunnsvitenskap,FU,Forskerutdanning,11,6,5,0
1130,Universitetet i Tromsø - Norges arktiske universitet,2022,PH-HUMSAM,Ph.d.-program i humaniora og samfunnsvitenskap,FU,Forskerutdanning,4,4,0,0
1130,Universitetet i Tromsø - Norges arktiske universitet,2022,PH-ING,Ph.d.-program i ingeniørvitenskap,FU,Forskerutdanning,4,2,2,0
1130,Universitetet i Tromsø - Norges arktiske universitet,2022,PH-JUS,Ph.d.-utdanning i rettsvitenskap,FU,Forskerutdanning,2,2,0,0
1130,Universitetet i Tromsø - Norges arktiske universitet,2022,PH-NATVIT,Ph.d.-program i naturvitenskap,FU,Forskerutdanning,16,12,4,0
1130,Universitetet i Tromsø - Norges arktiske universitet,2022,PH-NAU,Ph.d.-program i nautiske operasjoner: Fellesgrad,FU,Forskerutdanning,1,0,1,0
1130,Universitetet i Tromsø - Norges arktiske universitet,2022,PH-REAL,Ph.d.-program i realfag,FU,Forskerutdanning,22,4,18,0
1130,Universitetet i Tromsø - Norges arktiske universitet,2022,PH-SAMFVIT,Ph.d.-program i samfunnsvitenskap,FU,Forskerutdanning,9,7,2,0
1130,Universitetet i Tromsø - Norges arktiske universitet,2023,DPHILOSHEL,Doctor philosophiae i helsevitenskap,FU,Forskerutdanning,2,2,0,0
1130,Universitetet i Tromsø - Norges arktiske universitet,2023,DPHILOSHSA,Doctor philosophiae i samfunnsvitenskap,FU,Forskerutdanning,1,1,0,0
1130,Universitetet i Tromsø - Norges arktiske universitet,2023,PH-HEL,Ph.d.-utdanning i helsevitenskap,FU,Forskerutdanning,51,31,20,0
1130,Universitetet i Tromsø - Norges arktiske universitet,2023,PH-HUM,Ph.d.-program i humaniora og samfunnsvitenskap,FU,Forskerutdanning,7,6,1,0
1130,Universitetet i Tromsø - Norges arktiske universitet,2023,PH-HUMSAM,Ph.d.-program i humaniora og samfunnsvitenskap,FU,Forskerutdanning,6,4,2,0
1130,Universitetet i Tromsø - Norges arktiske universitet,2023,PH-ING,Ph.d.-program i ingeniørvitenskap,FU,Forskerutdanning,5,0,5,0
1130,Universitetet i Tromsø - Norges arktiske universitet,2023,PH-NATVIT,Ph.d.-program i naturvitenskap,FU,Forskerutdanning,12,10,2,0
1130,Universitetet i Tromsø - Norges arktiske universitet,2023,PH-NAU,Ph.d.-program i nautiske operasjoner: Fellesgrad,FU,Forskerutdanning,1,0,1,0
1130,Universitetet i Tromsø - Norges arktiske universitet,2023,PH-REAL,Ph.d.-program i realfag,FU,Forskerutdanning,24,7,17,0
1130,Universitetet i Tromsø - Norges arktiske universitet,2023,PH-SAMFVIT,Ph.d.-program i samfunnsvitenskap,FU,Forskerutdanning,8,3,5,0
1130,Universitetet i Tromsø - Norges arktiske universitet,2024,PH-HEL,Ph.d.-utdanning i helsevitenskap,FU,Forskerutdanning,55,34,21,0
1130,Universitetet i Tromsø - Norges arktiske universitet,2024,PH-HUM,Ph.d.-program i humaniora og samfunnsvitenskap,FU,Forskerutdanning,9,6,3,0
1130,Universitetet i Tromsø - Norges arktiske universitet,2024,PH-HUMSAM,Ph.d.-program i humaniora og samfunnsvitenskap,FU,Forskerutdanning,4,3,1,0
1130,Universitetet i Tromsø - Norges arktiske universitet,2024,PH-ING,Ph.d.-program i ingeniørvitenskap,FU,Forskerutdanning,4,1,3,0
1130,Universitetet i Tromsø - Norges arktiske universitet,2024,PH-JUS,Ph.d.-utdanning i rettsvitenskap,FU,Forskerutdanning,4,2,2,0
1130,Universitetet i Tromsø - Norges arktiske universitet,2024,PH-NATVIT,Ph.d.-program i naturvitenskap,FU,Forskerutdanning,13,8,5,0
1130,Universitetet i Tromsø - Norges arktiske universitet,2024,PH-REAL,Ph.d.-program i realfag,FU,Forskerutdanning,21,4,17,0
1130,Universitetet i Tromsø - Norges arktiske universitet,2024,PH-SAMFVIT,Ph.d.-program i samfunnsvitenskap,FU,Forskerutdanning,1,0,1,0
1130,Universitetet i Tromsø - Norges arktiske universitet,2025,DPHILOSNAT,Doctor philosophiae i naturvitenskap,FU,Forskerutdanning,1,1,0,0
1130,Universitetet i Tromsø - Norges arktiske universitet,2025,PH-HEL,Ph.d.-utdanning i helsevitenskap,FU,Forskerutdanning,56,42,14,0
1130,Universitetet i Tromsø - Norges arktiske universitet,2025,PH-HUM,Ph.d.-program i humaniora og samfunnsvitenskap,FU,Forskerutdanning,7,4,3,0
1130,Universitetet i Tromsø - Norges arktiske universitet,2025,PH-HUMSAM,Ph.d.-program i humaniora og samfunnsvitenskap,FU,Forskerutdanning,10,7,3,0
1130,Universitetet i Tromsø - Norges arktiske universitet,2025,PH-ING,Ph.d.-program i ingeniørvitenskap,FU,Forskerutdanning,5,2,3,0
1130,Universitetet i Tromsø - Norges arktiske universitet,2025,PH-JUS,Ph.d.-utdanning i rettsvitenskap,FU,Forskerutdanning,5,2,3,0
1130,Universitetet i Tromsø - Norges arktiske universitet,2025,PH-NATVIT,Ph.d.-program i naturvitenskap,FU,Forskerutdanning,17,7,10,0
1130,Universitetet i Tromsø - Norges arktiske universitet,2025,PH-NAU,Ph.d.-program i nautiske operasjoner: Fellesgrad,FU,Forskerutdanning,2,0,2,0
1130,Universitetet i Tromsø - Norges arktiske universitet,2025,PH-REAL,Ph.d.-program i realfag,FU,Forskerutdanning,28,7,21,0
1130,Universitetet i Tromsø - Norges arktiske universitet,2025,PH-SAMFVIT,Ph.d.-program i samfunnsvitenskap,FU,Forskerutdanning,6,4,2,0
1150,Norges teknisk-naturvitenskapelige universitet,2019,HF/DPHIL,"Historisk-filosofiske fag, dr.philos",FU,Forskerutdanning,1,1,0,0
1150,Norges teknisk-naturvitenskapelige universitet,2019,MNF/DPHIL,"Matematisk-naturvitenskapelige fag, dr.philos",FU,Forskerutdanning,1,0,1,0
1150,Norges teknisk-naturvitenskapelige universitet,2019,MNK/DPHIL,"Matematisk-naturvitenskapelige fag, dr.philos",FU,Forskerutdanning,1,0,1,0
1150,Norges teknisk-naturvitenskapelige universitet,2019,PHBARN,Tverrfaglig barneforskning - doktorgrad (ph.d.),FU,Forskerutdanning,1,0,1,0
1150,Norges teknisk-naturvitenskapelige universitet,2019,PHBEHAV,Behaviour and Health - PhD programme,FU,Forskerutdanning,1,0,1,0
1150,Norges teknisk-naturvitenskapelige universitet,2019,PHBI,Biologi - doktorgrad (ph.d.),FU,Forskerutdanning,16,6,10,0
1150,Norges teknisk-naturvitenskapelige universitet,2019,PHBIFY,Biofysikk - doktorgrad (ph.d.),FU,Forskerutdanning,2,0,2,0
1150,Norges teknisk-naturvitenskapelige universitet,2019,PHBIOT,Bioteknologi - doktorgrad (ph.d.),FU,Forskerutdanning,4,2,2,0
1150,Norges teknisk-naturvitenskapelige universitet,2019,PHBYGG,"Bygg, anlegg og transport - doktorgrad (ph.d.)",FU,Forskerutdanning,16,5,11,0
1150,Norges teknisk-naturvitenskapelige universitet,2019,PHCOS,Datateknologi og informatikk - doktorgrad (ph.d.),FU,Forskerutdanning,1,0,1,0
1150,Norges teknisk-naturvitenskapelige universitet,2019,PHD-CS,PhD in Computer Science,FU,Forskerutdanning,7,1,6,0
1150,Norges teknisk-naturvitenskapelige universitet,2019,PHDESIG,Industriell design - doktorgrad (ph.d.),FU,Forskerutdanning,2,1,1,0
1150,Norges teknisk-naturvitenskapelige universitet,2019,PHD-IS,PhD in Information Security,FU,Forskerutdanning,2,1,1,0
1150,Norges teknisk-naturvitenskapelige universitet,2019,PHELKT,Elkraftteknikk - doktorgrad (ph.d.),FU,Forskerutdanning,13,2,11,0
1150,Norges teknisk-naturvitenskapelige universitet,2019,PHENPRO,Energi- og prosessteknikk - doktorgrad (ph.d.),FU,Forskerutdanning,15,2,13,0
1150,Norges teknisk-naturvitenskapelige universitet,2019,PHESTET,Estetiske fag - doktorgrad (ph.d.),FU,Forskerutdanning,3,2,1,0
1150,Norges teknisk-naturvitenskapelige universitet,2019,PHET,Elektronikk og telekommunikasjon - doktorgrad (ph.d.),FU,Forskerutdanning,6,0,6,0
1150,Norges teknisk-naturvitenskapelige universitet,2019,PHFY,Fysikk - doktorgrad (ph.d.),FU,Forskerutdanning,9,1,8,0
1150,Norges teknisk-naturvitenskapelige universitet,2019,PHGEOG,Geografi - doktorgrad (ph.d.),FU,Forskerutdanning,3,2,1,0
1150,Norges teknisk-naturvitenskapelige universitet,2019,PHGEOL,Geologi og bergteknikk - doktorgrad (ph.d.),FU,Forskerutdanning,8,5,3,0
1150,Norges teknisk-naturvitenskapelige universitet,2019,PHHIST,Historie og kulturfag - doktorgrad (ph.d.),FU,Forskerutdanning,7,2,5,0
1150,Norges teknisk-naturvitenskapelige universitet,2019,PHHLS,Helsevitenskap - doktorgrad (ph.d.),FU,Forskerutdanning,5,3,2,0
1150,Norges teknisk-naturvitenskapelige universitet,2019,PHINDØK,Industriell økologi - doktorgrad (ph.d.),FU,Forskerutdanning,2,0,2,0
1150,Norges teknisk-naturvitenskapelige universitet,2019,PHIT,Informasjonsteknologi - doktorgrad (ph.d.),FU,Forskerutdanning,3,1,2,0
1150,Norges teknisk-naturvitenskapelige universitet,2019,PHIV,Ingeniørvitenskap - doktorgrad (ph.d.),FU,Forskerutdanning,2,0,2,0
1150,Norges teknisk-naturvitenskapelige universitet,2019,PHIØT,Industriell økonomi og teknologiledelse - doktorgrad (ph.d.),FU,Forskerutdanning,8,3,5,0
1150,Norges teknisk-naturvitenskapelige universitet,2019,PHKJ,Kjemi - doktorgrad (ph.d.),FU,Forskerutdanning,5,2,3,0
1150,Norges teknisk-naturvitenskapelige universitet,2019,PHKJPROS,Kjemisk prosessteknologi - doktorgrad (ph.d.),FU,Forskerutdanning,13,7,6,0
1150,Norges teknisk-naturvitenskapelige universitet,2019,PHKLINM,Klinisk medisin - doktorgrad (ph.d.),FU,Forskerutdanning,16,7,9,0
1150,Norges teknisk-naturvitenskapelige universitet,2019,PHKONSTR,Konstruksjonsteknikk - doktorgrad (ph.d.),FU,Forskerutdanning,15,4,11,0
1150,Norges teknisk-naturvitenskapelige universitet,2019,PHKULT,Tverrfaglige kulturstudier - doktorgrad (ph.d.),FU,Forskerutdanning,2,2,0,0
1150,Norges teknisk-naturvitenskapelige universitet,2019,PHMA,Matematiske fag - doktorgrad (ph.d.),FU,Forskerutdanning,9,3,6,0
1150,Norges teknisk-naturvitenskapelige universitet,2019,PHMART,Marin teknikk - doktorgrad (ph.d.),FU,Forskerutdanning,20,5,15,0
1150,Norges teknisk-naturvitenskapelige universitet,2019,PHMED,Medisin - doktorgrad (ph.d.),FU,Forskerutdanning,27,17,10,0
1150,Norges teknisk-naturvitenskapelige universitet,2019,PHMEDHV,Medisin og helsevitenskap - doktorgrad (ph.d.),FU,Forskerutdanning,8,5,3,0
1150,Norges teknisk-naturvitenskapelige universitet,2019,PHMEDT,Medisinsk teknologi - doktorgrad (ph.d.),FU,Forskerutdanning,9,3,6,0
1150,Norges teknisk-naturvitenskapelige universitet,2019,PHMOLM,Molekylærmedisin - doktorgrad (ph.d.),FU,Forskerutdanning,4,3,1,0
1150,Norges teknisk-naturvitenskapelige universitet,2019,PHMT,Materialteknologi - doktorgrad (ph.d.),FU,Forskerutdanning,12,4,8,0
1150,Norges teknisk-naturvitenskapelige universitet,2019,PHNAUT,Nautiske operasjoner - doktorgrad (ph.d.),FU,Forskerutdanning,1,0,1,0
1150,Norges teknisk-naturvitenskapelige universitet,2019,PHNEVRO,Nevrovitenskap - doktorgrad (ph.d.),FU,Forskerutdanning,8,6,2,0
1150,Norges teknisk-naturvitenskapelige universitet,2019,PHOL,Økonomi og ledelse - doktorgrad (ph.d.),FU,Forskerutdanning,2,1,1,0
1150,Norges teknisk-naturvitenskapelige universitet,2019,PHPALC,Lindrende behandling - doktorgrad (ph.d.),FU,Forskerutdanning,2,1,1,0
1150,Norges teknisk-naturvitenskapelige universitet,2019,PHPED,Pedagogikk - doktorgrad (ph.d.),FU,Forskerutdanning,1,1,0,0
1150,Norges teknisk-naturvitenskapelige universitet,2019,PHPETR,Petroleumsteknologi og anvendt geofysikk - doktorgrad (ph.d.),FU,Forskerutdanning,10,2,8,0
1150,Norges teknisk-naturvitenskapelige universitet,2019,PHPOL,Statsvitenskap - doktorgrad (ph.d.),FU,Forskerutdanning,2,1,1,0
1150,Norges teknisk-naturvitenskapelige universitet,2019,PHPRODKVAL,Produksjons- og kvalitetsteknikk - doktorgrad (ph.d.),FU,Forskerutdanning,4,1,3,0
1150,Norges teknisk-naturvitenskapelige universitet,2019,PHPRODMAT,Produktutvikling og materialer - doktorgrad (ph.d.),FU,Forskerutdanning,10,2,8,0
1150,Norges teknisk-naturvitenskapelige universitet,2019,PHPROLUS,Profesjonsforskning med innretning mot lærerutdanning og skole - doktorgrad (ph.d.),FU,Forskerutdanning,2,1,1,0
1150,Norges teknisk-naturvitenskapelige universitet,2019,PHPSY,Psykologi - doktorgrad (ph.d.),FU,Forskerutdanning,3,3,0,0
1150,Norges teknisk-naturvitenskapelige universitet,2019,PHSAMFM,Samfunnsmedisin - doktorgrad (ph.d.),FU,Forskerutdanning,5,5,0,0
1150,Norges teknisk-naturvitenskapelige universitet,2019,PHSPRÅK,Språkvitenskap - doktorgrad (ph.d.),FU,Forskerutdanning,3,3,0,0
1150,Norges teknisk-naturvitenskapelige universitet,2019,PHSV,Samfunnsvitenskap - doktorgrad (ph.d.),FU,Forskerutdanning,6,5,1,0
1150,Norges teknisk-naturvitenskapelige universitet,2019,PHTELE,Telematikk - doktorgrad (ph.d.),FU,Forskerutdanning,1,0,1,0
1150,Norges teknisk-naturvitenskapelige universitet,2019,PHTK,Teknisk kybernetikk - doktorgrad (ph.d.),FU,Forskerutdanning,14,1,13,0
1150,Norges teknisk-naturvitenskapelige universitet,2019,PHUV,Utdanningsvitenskap - doktorgrad (ph.d.),FU,Forskerutdanning,5,2,3,0
1150,Norges teknisk-naturvitenskapelige universitet,2019,PHVANN,Vann- og miljøteknikk - doktorgrad (ph.d.),FU,Forskerutdanning,9,3,6,0
1150,Norges teknisk-naturvitenskapelige universitet,2019,PHAAR,Arkitektur - doktorgrad (ph.d.),FU,Forskerutdanning,9,4,5,0
1150,Norges teknisk-naturvitenskapelige universitet,2019,SV/DPHIL,"Samfunnsvitenskapelige fag, dr.philos.",FU,Forskerutdanning,1,0,1,0
1150,Norges teknisk-naturvitenskapelige universitet,2020,PHBARN,Tverrfaglig barneforskning - doktorgrad (ph.d.),FU,Forskerutdanning,1,1,0,0
1150,Norges teknisk-naturvitenskapelige universitet,2020,PHBI,Biologi - doktorgrad (ph.d.),FU,Forskerutdanning,13,8,5,0
1150,Norges teknisk-naturvitenskapelige universitet,2020,PHBIFY,Biofysikk - doktorgrad (ph.d.),FU,Forskerutdanning,1,1,0,0
1150,Norges teknisk-naturvitenskapelige universitet,2020,PHBIOT,Bioteknologi - doktorgrad (ph.d.),FU,Forskerutdanning,5,4,1,0
1150,Norges teknisk-naturvitenskapelige universitet,2020,PHBYGG,"Bygg, anlegg og transport - doktorgrad (ph.d.)",FU,Forskerutdanning,12,4,8,0
1150,Norges teknisk-naturvitenskapelige universitet,2020,PHCOS,Datateknologi og informatikk - doktorgrad (ph.d.),FU,Forskerutdanning,6,1,5,0
1150,Norges teknisk-naturvitenskapelige universitet,2020,PHDESIG,Design - doktorgrad (ph.d.),FU,Forskerutdanning,2,2,0,0
1150,Norges teknisk-naturvitenskapelige universitet,2020,PHELKT,Elkraftteknikk - doktorgrad (ph.d.),FU,Forskerutdanning,7,0,7,0
1150,Norges teknisk-naturvitenskapelige universitet,2020,PHENPRO,Energi- og prosessteknikk - doktorgrad (ph.d.),FU,Forskerutdanning,10,1,9,0
1150,Norges teknisk-naturvitenskapelige universitet,2020,PHESTET,Estetiske fag - doktorgrad (ph.d.),FU,Forskerutdanning,4,2,2,0
1150,Norges teknisk-naturvitenskapelige universitet,2020,PHET,Elektronikk og telekommunikasjon - doktorgrad (ph.d.),FU,Forskerutdanning,9,2,7,0
1150,Norges teknisk-naturvitenskapelige universitet,2020,PHFY,Fysikk - doktorgrad (ph.d.),FU,Forskerutdanning,13,3,10,0
1150,Norges teknisk-naturvitenskapelige universitet,2020,PHGEOG,Geografi - doktorgrad (ph.d.),FU,Forskerutdanning,2,0,2,0
1150,Norges teknisk-naturvitenskapelige universitet,2020,PHGEOL,Geologi og bergteknikk - doktorgrad (ph.d.),FU,Forskerutdanning,4,3,1,0
1150,Norges teknisk-naturvitenskapelige universitet,2020,PHHIST,Historie og kulturfag - doktorgrad (ph.d.),FU,Forskerutdanning,5,3,2,0
1150,Norges teknisk-naturvitenskapelige universitet,2020,PHHLS,Helsevitenskap - doktorgrad (ph.d.),FU,Forskerutdanning,9,6,3,0
1150,Norges teknisk-naturvitenskapelige universitet,2020,PHINDØK,Industriell økologi - doktorgrad (ph.d.),FU,Forskerutdanning,2,1,1,0
1150,Norges teknisk-naturvitenskapelige universitet,2020,PHISCT,Informasjonssikkerhet og kommunikasjonsteknologi - doktorgrad (ph.d.),FU,Forskerutdanning,10,1,9,0
1150,Norges teknisk-naturvitenskapelige universitet,2020,PHIV,Ingeniørvitenskap - doktorgrad (ph.d.),FU,Forskerutdanning,24,3,21,0
1150,Norges teknisk-naturvitenskapelige universitet,2020,PHIØT,Industriell økonomi og teknologiledelse - doktorgrad (ph.d.),FU,Forskerutdanning,10,6,4,0
1150,Norges teknisk-naturvitenskapelige universitet,2020,PHKJ,Kjemi - doktorgrad (ph.d.),FU,Forskerutdanning,6,3,3,0
1150,Norges teknisk-naturvitenskapelige universitet,2020,PHKJPROS,Kjemisk prosessteknologi - doktorgrad (ph.d.),FU,Forskerutdanning,12,4,8,0
1150,Norges teknisk-naturvitenskapelige universitet,2020,PHKLINM,Klinisk medisin - doktorgrad (ph.d.),FU,Forskerutdanning,10,7,3,0
1150,Norges teknisk-naturvitenskapelige universitet,2020,PHKONSTR,Konstruksjonsteknikk - doktorgrad (ph.d.),FU,Forskerutdanning,11,2,9,0
1150,Norges teknisk-naturvitenskapelige universitet,2020,PHKULT,Tverrfaglige kulturstudier - doktorgrad (ph.d.),FU,Forskerutdanning,2,2,0,0
1150,Norges teknisk-naturvitenskapelige universitet,2020,PHMA,Matematiske fag - doktorgrad (ph.d.),FU,Forskerutdanning,14,3,11,0
1150,Norges teknisk-naturvitenskapelige universitet,2020,PHMART,Marin teknikk - doktorgrad (ph.d.),FU,Forskerutdanning,17,1,16,0
1150,Norges teknisk-naturvitenskapelige universitet,2020,PHMED,Medisin - doktorgrad (ph.d.),FU,Forskerutdanning,35,23,12,0
1150,Norges teknisk-naturvitenskapelige universitet,2020,PHMEDHV,Medisin og helsevitenskap - doktorgrad (ph.d.),FU,Forskerutdanning,23,13,10,0
1150,Norges teknisk-naturvitenskapelige universitet,2020,PHMEDT,Medisinsk teknologi - doktorgrad (ph.d.),FU,Forskerutdanning,8,3,5,0
1150,Norges teknisk-naturvitenskapelige universitet,2020,PHMOLM,Molekylærmedisin - doktorgrad (ph.d.),FU,Forskerutdanning,2,2,0,0
1150,Norges teknisk-naturvitenskapelige universitet,2020,PHMT,Materialteknologi - doktorgrad (ph.d.),FU,Forskerutdanning,22,11,11,0
1150,Norges teknisk-naturvitenskapelige universitet,2020,PHNAUT,Nautiske operasjoner - doktorgrad (ph.d.),FU,Forskerutdanning,1,0,1,0
1150,Norges teknisk-naturvitenskapelige universitet,2020,PHNEVRO,Nevrovitenskap - doktorgrad (ph.d.),FU,Forskerutdanning,4,1,3,0
1150,Norges teknisk-naturvitenskapelige universitet,2020,PHOL,Økonomi og ledelse - doktorgrad (ph.d.),FU,Forskerutdanning,4,1,3,0
1150,Norges teknisk-naturvitenskapelige universitet,2020,PHPALC,Lindrende behandling - doktorgrad (ph.d.),FU,Forskerutdanning,3,1,2,0
1150,Norges teknisk-naturvitenskapelige universitet,2020,PHPETR,Petroleumsteknologi og anvendt geofysikk - doktorgrad (ph.d.),FU,Forskerutdanning,10,4,6,0
1150,Norges teknisk-naturvitenskapelige universitet,2020,PHPRODKVAL,Produksjons- og kvalitetsteknikk - doktorgrad (ph.d.),FU,Forskerutdanning,9,4,5,0
1150,Norges teknisk-naturvitenskapelige universitet,2020,PHPRODMAT,Produktutvikling og materialer - doktorgrad (ph.d.),FU,Forskerutdanning,8,2,6,0
1150,Norges teknisk-naturvitenskapelige universitet,2020,PHPROLUS,Profesjonsforskning med innretning mot lærerutdanning og skole - doktorgrad (ph.d.),FU,Forskerutdanning,1,1,0,0
1150,Norges teknisk-naturvitenskapelige universitet,2020,PHPSY,Psykologi - doktorgrad (ph.d.),FU,Forskerutdanning,5,4,1,0
1150,Norges teknisk-naturvitenskapelige universitet,2020,PHSAMFM,Samfunnsmedisin - doktorgrad (ph.d.),FU,Forskerutdanning,1,1,0,0
1150,Norges teknisk-naturvitenskapelige universitet,2020,PHSOS,Sosiologi - doktorgrad (ph.d.),FU,Forskerutdanning,2,2,0,0
1150,Norges teknisk-naturvitenskapelige universitet,2020,PHSPRÅK,Språkvitenskap - doktorgrad (ph.d.),FU,Forskerutdanning,1,1,0,0
1150,Norges teknisk-naturvitenskapelige universitet,2020,PHSV,Samfunnsvitenskap - doktorgrad (ph.d.),FU,Forskerutdanning,17,7,10,0
1150,Norges teknisk-naturvitenskapelige universitet,2020,PHSØK,Samfunnsøkonomi - doktorgrad (ph.d.),FU,Forskerutdanning,1,0,1,0
1150,Norges teknisk-naturvitenskapelige universitet,2020,PHTK,Teknisk kybernetikk - doktorgrad (ph.d.),FU,Forskerutdanning,8,2,6,0
1150,Norges teknisk-naturvitenskapelige universitet,2020,PHUV,Utdanningsvitenskap - doktorgrad (ph.d.),FU,Forskerutdanning,8,7,1,0
1150,Norges teknisk-naturvitenskapelige universitet,2020,PHVANN,Vann- og miljøteknikk - doktorgrad (ph.d.),FU,Forskerutdanning,5,2,3,0
1150,Norges teknisk-naturvitenskapelige universitet,2020,PHAAR,Arkitektur - doktorgrad (ph.d.),FU,Forskerutdanning,4,1,3,0
1150,Norges teknisk-naturvitenskapelige universitet,2020,SV/DPHIL,"Samfunnsvitenskapelige fag, dr.philos.",FU,Forskerutdanning,2,1,1,0
1150,Norges teknisk-naturvitenskapelige universitet,2020,ØAPHDØS,Ph.d.program i økonomistyring,FU,Forskerutdanning,1,1,0,0
1150,Norges teknisk-naturvitenskapelige universitet,2021,MD/DPHIL,"Medisin, dr.philos",FU,Forskerutdanning,1,1,0,0
1150,Norges teknisk-naturvitenskapelige universitet,2021,MNK/DPHIL,"Matematisk-naturvitenskapelige fag, dr.philos",FU,Forskerutdanning,1,1,0,0
1150,Norges teknisk-naturvitenskapelige universitet,2021,PHBEHAV,Behaviour and Health - PhD programme,FU,Forskerutdanning,1,1,0,0
1150,Norges teknisk-naturvitenskapelige universitet,2021,PHBI,Biologi - doktorgrad (ph.d.),FU,Forskerutdanning,18,11,7,0
1150,Norges teknisk-naturvitenskapelige universitet,2021,PHBIFY,Biofysikk - doktorgrad (ph.d.),FU,Forskerutdanning,4,2,2,0
1150,Norges teknisk-naturvitenskapelige universitet,2021,PHBIOT,Bioteknologi - doktorgrad (ph.d.),FU,Forskerutdanning,14,10,4,0
1150,Norges teknisk-naturvitenskapelige universitet,2021,PHBYGG,"Bygg, anlegg og transport - doktorgrad (ph.d.)",FU,Forskerutdanning,6,4,2,0
1150,Norges teknisk-naturvitenskapelige universitet,2021,PHCOS,Datateknologi og informatikk - doktorgrad (ph.d.),FU,Forskerutdanning,21,10,11,0
1150,Norges teknisk-naturvitenskapelige universitet,2021,PHDESIG,Design - doktorgrad (ph.d.),FU,Forskerutdanning,1,1,0,0
1150,Norges teknisk-naturvitenskapelige universitet,2021,PHELKT,Elkraftteknikk - doktorgrad (ph.d.),FU,Forskerutdanning,9,0,9,0
1150,Norges teknisk-naturvitenskapelige universitet,2021,PHENPRO,Energi- og prosessteknikk - doktorgrad (ph.d.),FU,Forskerutdanning,5,1,4,0
1150,Norges teknisk-naturvitenskapelige universitet,2021,PHESTET,Estetiske fag - doktorgrad (ph.d.),FU,Forskerutdanning,6,2,4,0
1150,Norges teknisk-naturvitenskapelige universitet,2021,PHET,Elektronikk og telekommunikasjon - doktorgrad (ph.d.),FU,Forskerutdanning,6,0,6,0
1150,Norges teknisk-naturvitenskapelige universitet,2021,PHFY,Fysikk - doktorgrad (ph.d.),FU,Forskerutdanning,10,1,9,0
1150,Norges teknisk-naturvitenskapelige universitet,2021,PHGEOG,Geografi - doktorgrad (ph.d.),FU,Forskerutdanning,1,1,0,0
1150,Norges teknisk-naturvitenskapelige universitet,2021,PHGEOL,Geologi og bergteknikk - doktorgrad (ph.d.),FU,Forskerutdanning,1,0,1,0
1150,Norges teknisk-naturvitenskapelige universitet,2021,PHHIST,Historie og kulturfag - doktorgrad (ph.d.),FU,Forskerutdanning,3,3,0,0
1150,Norges teknisk-naturvitenskapelige universitet,2021,PHHLS,Helsevitenskap - doktorgrad (ph.d.),FU,Forskerutdanning,1,0,1,0
1150,Norges teknisk-naturvitenskapelige universitet,2021,PHISCT,Informasjonssikkerhet og kommunikasjonsteknologi - doktorgrad (ph.d.),FU,Forskerutdanning,5,0,5,0
1150,Norges teknisk-naturvitenskapelige universitet,2021,PHIV,Ingeniørvitenskap - doktorgrad (ph.d.),FU,Forskerutdanning,72,12,60,0
1150,Norges teknisk-naturvitenskapelige universitet,2021,PHIØT,Industriell økonomi og teknologiledelse - doktorgrad (ph.d.),FU,Forskerutdanning,2,0,2,0
1150,Norges teknisk-naturvitenskapelige universitet,2021,PHKJ,Kjemi - doktorgrad (ph.d.),FU,Forskerutdanning,8,3,5,0
1150,Norges teknisk-naturvitenskapelige universitet,2021,PHKJPROS,Kjemisk prosessteknologi - doktorgrad (ph.d.),FU,Forskerutdanning,13,4,9,0
1150,Norges teknisk-naturvitenskapelige universitet,2021,PHKLINM,Klinisk medisin - doktorgrad (ph.d.),FU,Forskerutdanning,6,4,2,0
1150,Norges teknisk-naturvitenskapelige universitet,2021,PHKONSTR,Konstruksjonsteknikk - doktorgrad (ph.d.),FU,Forskerutdanning,8,3,5,0
1150,Norges teknisk-naturvitenskapelige universitet,2021,PHKUNST,Kunstnerisk utviklingsarbeid - doktorgrad (ph.d.),FU,Forskerutdanning,2,0,2,0
1150,Norges teknisk-naturvitenskapelige universitet,2021,PHMA,Matematiske fag - doktorgrad (ph.d.),FU,Forskerutdanning,14,4,10,0
1150,Norges teknisk-naturvitenskapelige universitet,2021,PHMART,Marin teknikk - doktorgrad (ph.d.),FU,Forskerutdanning,3,0,3,0
1150,Norges teknisk-naturvitenskapelige universitet,2021,PHMED,Medisin - doktorgrad (ph.d.),FU,Forskerutdanning,19,12,7,0
1150,Norges teknisk-naturvitenskapelige universitet,2021,PHMEDHV,Medisin og helsevitenskap - doktorgrad (ph.d.),FU,Forskerutdanning,29,17,12,0
1150,Norges teknisk-naturvitenskapelige universitet,2021,PHMEDT,Medisinsk teknologi - doktorgrad (ph.d.),FU,Forskerutdanning,11,7,4,0
1150,Norges teknisk-naturvitenskapelige universitet,2021,PHMOLM,Molekylærmedisin - doktorgrad (ph.d.),FU,Forskerutdanning,1,1,0,0
1150,Norges teknisk-naturvitenskapelige universitet,2021,PHMT,Materialteknologi - doktorgrad (ph.d.),FU,Forskerutdanning,24,7,17,0
1150,Norges teknisk-naturvitenskapelige universitet,2021,PHOL,Økonomi og ledelse - doktorgrad (ph.d.),FU,Forskerutdanning,18,8,10,0
1150,Norges teknisk-naturvitenskapelige universitet,2021,PHPED,Pedagogikk - doktorgrad (ph.d.),FU,Forskerutdanning,1,1,0,0
1150,Norges teknisk-naturvitenskapelige universitet,2021,PHPETR,Petroleumsteknologi og anvendt geofysikk - doktorgrad (ph.d.),FU,Forskerutdanning,5,1,4,0
1150,Norges teknisk-naturvitenskapelige universitet,2021,PHPOL,Statsvitenskap - doktorgrad (ph.d.),FU,Forskerutdanning,1,1,0,0
1150,Norges teknisk-naturvitenskapelige universitet,2021,PHPRODKVAL,Produksjons- og kvalitetsteknikk - doktorgrad (ph.d.),FU,Forskerutdanning,3,1,2,0
1150,Norges teknisk-naturvitenskapelige universitet,2021,PHPRODMAT,Produktutvikling og materialer - doktorgrad (ph.d.),FU,Forskerutdanning,2,1,1,0
1150,Norges teknisk-naturvitenskapelige universitet,2021,PHPROLUS,Profesjonsforskning med innretning mot lærerutdanning og skole - doktorgrad (ph.d.),FU,Forskerutdanning,1,1,0,0
1150,Norges teknisk-naturvitenskapelige universitet,2021,PHPSY,Psykologi - doktorgrad (ph.d.),FU,Forskerutdanning,2,1,1,0
1150,Norges teknisk-naturvitenskapelige universitet,2021,PHSAMFM,Samfunnsmedisin - doktorgrad (ph.d.),FU,Forskerutdanning,2,1,1,0
1150,Norges teknisk-naturvitenskapelige universitet,2021,PHSPRÅK,Språkvitenskap - doktorgrad (ph.d.),FU,Forskerutdanning,4,3,1,0
1150,Norges teknisk-naturvitenskapelige universitet,2021,PHSV,Samfunnsvitenskap - doktorgrad (ph.d.),FU,Forskerutdanning,20,8,12,0
1150,Norges teknisk-naturvitenskapelige universitet,2021,PHTK,Teknisk kybernetikk - doktorgrad (ph.d.),FU,Forskerutdanning,11,2,9,0
1150,Norges teknisk-naturvitenskapelige universitet,2021,PHUV,Utdanningsvitenskap - doktorgrad (ph.d.),FU,Forskerutdanning,8,6,2,0
1150,Norges teknisk-naturvitenskapelige universitet,2021,PHVANN,Vann- og miljøteknikk - doktorgrad (ph.d.),FU,Forskerutdanning,2,2,0,0
1150,Norges teknisk-naturvitenskapelige universitet,2021,PHAAR,Arkitektur - doktorgrad (ph.d.),FU,Forskerutdanning,5,3,2,0
1150,Norges teknisk-naturvitenskapelige universitet,2021,SV/DPHIL,"Samfunnsvitenskapelige fag, dr.philos.",FU,Forskerutdanning,1,0,1,0
1150,Norges teknisk-naturvitenskapelige universitet,2022,HF/DPHIL,"Humanistiske fag, dr.philos",FU,Forskerutdanning,2,0,2,0
1150,Norges teknisk-naturvitenskapelige universitet,2022,MNK/DPHIL,"Matematisk-naturvitenskapelige fag, dr.philos",FU,Forskerutdanning,1,0,1,0
1150,Norges teknisk-naturvitenskapelige universitet,2022,PHBI,Biologi - doktorgrad (ph.d.),FU,Forskerutdanning,14,6,8,0
1150,Norges teknisk-naturvitenskapelige universitet,2022,PHBIFY,Biofysikk - doktorgrad (ph.d.),FU,Forskerutdanning,1,0,1,0
1150,Norges teknisk-naturvitenskapelige universitet,2022,PHBIOT,Bioteknologi - doktorgrad (ph.d.),FU,Forskerutdanning,11,6,5,0
1150,Norges teknisk-naturvitenskapelige universitet,2022,PHBYGG,"Bygg, anlegg og transport - doktorgrad (ph.d.)",FU,Forskerutdanning,3,3,0,0
1150,Norges teknisk-naturvitenskapelige universitet,2022,PHCOS,Datateknologi og informatikk - doktorgrad (ph.d.),FU,Forskerutdanning,6,4,2,0
1150,Norges teknisk-naturvitenskapelige universitet,2022,PHDESIG,Design - doktorgrad (ph.d.),FU,Forskerutdanning,1,1,0,0
1150,Norges teknisk-naturvitenskapelige universitet,2022,PHD-IS,PhD in Information Security,FU,Forskerutdanning,4,1,3,0
1150,Norges teknisk-naturvitenskapelige universitet,2022,PHELKT,Elkraftteknikk - doktorgrad (ph.d.),FU,Forskerutdanning,10,1,9,0
1150,Norges teknisk-naturvitenskapelige universitet,2022,PHENPRO,Energi- og prosessteknikk - doktorgrad (ph.d.),FU,Forskerutdanning,2,0,2,0
1150,Norges teknisk-naturvitenskapelige universitet,2022,PHESTET,Estetiske fag - doktorgrad (ph.d.),FU,Forskerutdanning,4,2,2,0
1150,Norges teknisk-naturvitenskapelige universitet,2022,PHET,Elektronikk og telekommunikasjon - doktorgrad (ph.d.),FU,Forskerutdanning,8,4,4,0
1150,Norges teknisk-naturvitenskapelige universitet,2022,PHFY,Fysikk - doktorgrad (ph.d.),FU,Forskerutdanning,11,2,9,0
1150,Norges teknisk-naturvitenskapelige universitet,2022,PHGEOL,Geologi og bergteknikk - doktorgrad (ph.d.),FU,Forskerutdanning,1,1,0,0
1150,Norges teknisk-naturvitenskapelige universitet,2022,PHHIST,Historie og kulturfag - doktorgrad (ph.d.),FU,Forskerutdanning,12,3,9,0
1150,Norges teknisk-naturvitenskapelige universitet,2022,PHHLS,Helsevitenskap - doktorgrad (ph.d.),FU,Forskerutdanning,1,1,0,0
1150,Norges teknisk-naturvitenskapelige universitet,2022,PHISCT,Informasjonssikkerhet og kommunikasjonsteknologi - doktorgrad (ph.d.),FU,Forskerutdanning,6,1,5,0
1150,Norges teknisk-naturvitenskapelige universitet,2022,PHIT,Informasjonsteknologi - doktorgrad (ph.d.),FU,Forskerutdanning,1,1,0,0
1150,Norges teknisk-naturvitenskapelige universitet,2022,PHIV,Ingeniørvitenskap - doktorgrad (ph.d.),FU,Forskerutdanning,92,24,68,0
1150,Norges teknisk-naturvitenskapelige universitet,2022,PHKJ,Kjemi - doktorgrad (ph.d.),FU,Forskerutdanning,10,2,8,0
1150,Norges teknisk-naturvitenskapelige universitet,2022,PHKJPROS,Kjemisk prosessteknologi - doktorgrad (ph.d.),FU,Forskerutdanning,9,2,7,0
1150,Norges teknisk-naturvitenskapelige universitet,2022,PHKLINM,Klinisk medisin - doktorgrad (ph.d.),FU,Forskerutdanning,4,1,3,0
1150,Norges teknisk-naturvitenskapelige universitet,2022,PHKONSTR,Konstruksjonsteknikk - doktorgrad (ph.d.),FU,Forskerutdanning,2,1,1,0
1150,Norges teknisk-naturvitenskapelige universitet,2022,PHKULT,Tverrfaglige kulturstudier - doktorgrad (ph.d.),FU,Forskerutdanning,6,5,1,0
1150,Norges teknisk-naturvitenskapelige universitet,2022,PHKUNST,Kunstnerisk utviklingsarbeid - doktorgrad (ph.d.),FU,Forskerutdanning,3,0,3,0
1150,Norges teknisk-naturvitenskapelige universitet,2022,PHMA,Matematiske fag - doktorgrad (ph.d.),FU,Forskerutdanning,13,1,12,0
1150,Norges teknisk-naturvitenskapelige universitet,2022,PHMART,Marin teknikk - doktorgrad (ph.d.),FU,Forskerutdanning,4,1,3,0
1150,Norges teknisk-naturvitenskapelige universitet,2022,PHMED,Medisin - doktorgrad (ph.d.),FU,Forskerutdanning,23,15,8,0
1150,Norges teknisk-naturvitenskapelige universitet,2022,PHMEDHV,Medisin og helsevitenskap - doktorgrad (ph.d.),FU,Forskerutdanning,31,23,8,0
1150,Norges teknisk-naturvitenskapelige universitet,2022,PHMEDT,Medisinsk teknologi - doktorgrad (ph.d.),FU,Forskerutdanning,8,5,3,0
1150,Norges teknisk-naturvitenskapelige universitet,2022,PHMT,Materialteknologi - doktorgrad (ph.d.),FU,Forskerutdanning,17,6,11,0
1150,Norges teknisk-naturvitenskapelige universitet,2022,PHOL,Økonomi og ledelse - doktorgrad (ph.d.),FU,Forskerutdanning,11,3,8,0
1150,Norges teknisk-naturvitenskapelige universitet,2022,PHPALC,Lindrende behandling - doktorgrad (ph.d.),FU,Forskerutdanning,1,0,1,0
1150,Norges teknisk-naturvitenskapelige universitet,2022,PHPETR,Petroleumsteknologi og anvendt geofysikk - doktorgrad (ph.d.),FU,Forskerutdanning,2,0,2,0
1150,Norges teknisk-naturvitenskapelige universitet,2022,PHPOL,Statsvitenskap - doktorgrad (ph.d.),FU,Forskerutdanning,1,1,0,0
1150,Norges teknisk-naturvitenskapelige universitet,2022,PHPRODKVAL,Produksjons- og kvalitetsteknikk - doktorgrad (ph.d.),FU,Forskerutdanning,2,2,0,0
1150,Norges teknisk-naturvitenskapelige universitet,2022,PHPRODMAT,Produktutvikling og materialer - doktorgrad (ph.d.),FU,Forskerutdanning,2,1,1,0
1150,Norges teknisk-naturvitenskapelige universitet,2022,PHPSY,Psykologi - doktorgrad (ph.d.),FU,Forskerutdanning,3,0,3,0
1150,Norges teknisk-naturvitenskapelige universitet,2022,PHSAMFM,Samfunnsmedisin - doktorgrad (ph.d.),FU,Forskerutdanning,1,1,0,0
1150,Norges teknisk-naturvitenskapelige universitet,2022,PHSPRÅK,Språkvitenskap - doktorgrad (ph.d.),FU,Forskerutdanning,1,1,0,0
1150,Norges teknisk-naturvitenskapelige universitet,2022,PHSV,Samfunnsvitenskap - doktorgrad (ph.d.),FU,Forskerutdanning,18,9,9,0
1150,Norges teknisk-naturvitenskapelige universitet,2022,PHTK,Teknisk kybernetikk - doktorgrad (ph.d.),FU,Forskerutdanning,17,6,11,0
1150,Norges teknisk-naturvitenskapelige universitet,2022,PHUV,Utdanningsvitenskap - doktorgrad (ph.d.),FU,Forskerutdanning,11,8,3,0
1150,Norges teknisk-naturvitenskapelige universitet,2022,PHVANN,Vann- og miljøteknikk - doktorgrad (ph.d.),FU,Forskerutdanning,2,1,1,0
1150,Norges teknisk-naturvitenskapelige universitet,2022,PHAAR,Arkitektur - doktorgrad (ph.d.),FU,Forskerutdanning,5,2,3,0
1150,Norges teknisk-naturvitenskapelige universitet,2022,SV/DPHIL,"Samfunnsvitenskapelige fag, dr.philos.",FU,Forskerutdanning,1,0,1,0
1150,Norges teknisk-naturvitenskapelige universitet,2023,DPHIL/OK,Økonomi og ledelse - dr.philos.,FU,Forskerutdanning,1,1,0,0
1150,Norges teknisk-naturvitenskapelige universitet,2023,HF/DPHIL,"Humanistiske fag, dr.philos",FU,Forskerutdanning,2,1,1,0
1150,Norges teknisk-naturvitenskapelige universitet,2023,MNF/DPHIL,Matematisk-naturvitenskapelige fag - dr.philos,FU,Forskerutdanning,1,0,1,0
1150,Norges teknisk-naturvitenskapelige universitet,2023,PHBI,Biologi - ph.d.,FU,Forskerutdanning,9,7,2,0
1150,Norges teknisk-naturvitenskapelige universitet,2023,PHBIFY,Biofysikk - ph.d.,FU,Forskerutdanning,1,0,1,0
1150,Norges teknisk-naturvitenskapelige universitet,2023,PHBIOT,Bioteknologi - ph.d.,FU,Forskerutdanning,7,5,2,0
1150,Norges teknisk-naturvitenskapelige universitet,2023,PHBYGG,"Bygg, anlegg og transport - doktorgrad (ph.d.)",FU,Forskerutdanning,2,2,0,0
1150,Norges teknisk-naturvitenskapelige universitet,2023,PHCOS,Datateknologi og informatikk - ph.d.,FU,Forskerutdanning,23,11,12,0
1150,Norges teknisk-naturvitenskapelige universitet,2023,PHDESIG,Design - ph.d.,FU,Forskerutdanning,7,4,3,0
1150,Norges teknisk-naturvitenskapelige universitet,2023,PHD-IS,PhD in Information Security,FU,Forskerutdanning,1,0,1,0
1150,Norges teknisk-naturvitenskapelige universitet,2023,PHELKT,Elkraftteknikk -  ph.d.,FU,Forskerutdanning,12,2,10,0
1150,Norges teknisk-naturvitenskapelige universitet,2023,PHESTET,Estetiske fag - ph.d.,FU,Forskerutdanning,5,4,1,0
1150,Norges teknisk-naturvitenskapelige universitet,2023,PHET,Elektronikk og telekommunikasjon - ph.d.,FU,Forskerutdanning,11,1,10,0
1150,Norges teknisk-naturvitenskapelige universitet,2023,PHFY,Fysikk - ph.d.,FU,Forskerutdanning,11,3,8,0
1150,Norges teknisk-naturvitenskapelige universitet,2023,PHHIST,Historie og kulturfag - ph.d.,FU,Forskerutdanning,5,4,1,0
1150,Norges teknisk-naturvitenskapelige universitet,2023,PHINDØK,Industriell økologi - ph.d.,FU,Forskerutdanning,1,1,0,0
1150,Norges teknisk-naturvitenskapelige universitet,2023,PHISCT,Informasjonssikkerhet og kommunikasjonsteknologi - ph.d.,FU,Forskerutdanning,13,3,10,0
1150,Norges teknisk-naturvitenskapelige universitet,2023,PHIT,Informasjonsteknologi - ph.d.,FU,Forskerutdanning,4,1,3,0
1150,Norges teknisk-naturvitenskapelige universitet,2023,PHIV,Ingeniørvitenskap - ph.d.,FU,Forskerutdanning,99,23,76,0
1150,Norges teknisk-naturvitenskapelige universitet,2023,PHKJ,Kjemi - ph.d.,FU,Forskerutdanning,9,4,5,0
1150,Norges teknisk-naturvitenskapelige universitet,2023,PHKJPROS,Kjemisk prosessteknologi - ph.d.,FU,Forskerutdanning,15,10,5,0
1150,Norges teknisk-naturvitenskapelige universitet,2023,PHKLINM,Klinisk medisin - doktorgrad (ph.d.),FU,Forskerutdanning,1,0,1,0
1150,Norges teknisk-naturvitenskapelige universitet,2023,PHKONSTR,Konstruksjonsteknikk - doktorgrad (ph.d.),FU,Forskerutdanning,1,0,1,0
1150,Norges teknisk-naturvitenskapelige universitet,2023,PHKULT,Tverrfaglige kulturstudier - ph.d.,FU,Forskerutdanning,4,3,1,0
1150,Norges teknisk-naturvitenskapelige universitet,2023,PHKUNST,Kunstnerisk utviklingsarbeid - ph.d.,FU,Forskerutdanning,1,0,1,0
1150,Norges teknisk-naturvitenskapelige universitet,2023,PHMA,Matematiske fag - ph.d.,FU,Forskerutdanning,16,2,14,0
1150,Norges teknisk-naturvitenskapelige universitet,2023,PHMART,Marin teknikk - ph.d.,FU,Forskerutdanning,1,0,1,0
1150,Norges teknisk-naturvitenskapelige universitet,2023,PHMED,Medisin - ph.d.,FU,Forskerutdanning,7,4,3,0
1150,Norges teknisk-naturvitenskapelige universitet,2023,PHMEDHV,Medisin og helsevitenskap - ph.d.,FU,Forskerutdanning,51,34,17,0
1150,Norges teknisk-naturvitenskapelige universitet,2023,PHMEDT,Medisinsk teknologi - ph.d.,FU,Forskerutdanning,8,3,5,0
1150,Norges teknisk-naturvitenskapelige universitet,2023,PHMOLM,Molekylærmedisin - doktorgrad (ph.d.),FU,Forskerutdanning,2,0,2,0
1150,Norges teknisk-naturvitenskapelige universitet,2023,PHMT,Materialteknologi - ph.d.,FU,Forskerutdanning,15,5,10,0
1150,Norges teknisk-naturvitenskapelige universitet,2023,PHNAUT,Nautiske operasjoner - ph.d.,FU,Forskerutdanning,2,1,1,0
1150,Norges teknisk-naturvitenskapelige universitet,2023,PHOL,Økonomi og ledelse - ph.d.,FU,Forskerutdanning,18,10,8,0
1150,Norges teknisk-naturvitenskapelige universitet,2023,PHPALC,Lindrende behandling - doktorgrad (ph.d.),FU,Forskerutdanning,1,1,0,0
1150,Norges teknisk-naturvitenskapelige universitet,2023,PHPED,Pedagogikk - doktorgrad (ph.d.),FU,Forskerutdanning,1,1,0,0
1150,Norges teknisk-naturvitenskapelige universitet,2023,PHPRODMAT,Produktutvikling og materialer - doktorgrad (ph.d.),FU,Forskerutdanning,1,1,0,0
1150,Norges teknisk-naturvitenskapelige universitet,2023,PHSPRÅK,Språkvitenskap - ph.d.,FU,Forskerutdanning,5,4,1,0
1150,Norges teknisk-naturvitenskapelige universitet,2023,PHSV,Samfunnsvitenskap - ph.d.,FU,Forskerutdanning,11,7,4,0
1150,Norges teknisk-naturvitenskapelige universitet,2023,PHTK,Teknisk kybernetikk - ph.d.,FU,Forskerutdanning,27,4,23,0
1150,Norges teknisk-naturvitenskapelige universitet,2023,PHUV,Utdanningsvitenskap - ph.d.,FU,Forskerutdanning,10,9,1,0
1150,Norges teknisk-naturvitenskapelige universitet,2023,PHAAR,Arkitektur - ph.d.,FU,Forskerutdanning,4,1,3,0
1150,Norges teknisk-naturvitenskapelige universitet,2023,SV/DPHIL,Samfunnsvitenskapelige fag - dr.philos.,FU,Forskerutdanning,3,0,3,0
1150,Norges teknisk-naturvitenskapelige universitet,2024,HF/DPHIL,"Humanistiske fag, dr.philos",FU,Forskerutdanning,1,1,0,0
1150,Norges teknisk-naturvitenskapelige universitet,2024,MD/DPHIL,Medisin - dr.philos,FU,Forskerutdanning,2,1,1,0
1150,Norges teknisk-naturvitenskapelige universitet,2024,MNF/DPHIL,Matematisk-naturvitenskapelige fag - dr.philos,FU,Forskerutdanning,1,0,1,0
1150,Norges teknisk-naturvitenskapelige universitet,2024,PHBI,Biologi - ph.d.,FU,Forskerutdanning,15,12,3,0
1150,Norges teknisk-naturvitenskapelige universitet,2024,PHBIFY,Biofysikk - ph.d.,FU,Forskerutdanning,1,0,1,0
1150,Norges teknisk-naturvitenskapelige universitet,2024,PHBIOT,Bioteknologi - ph.d.,FU,Forskerutdanning,10,7,3,0
1150,Norges teknisk-naturvitenskapelige universitet,2024,PHBYGG,"Bygg, anlegg og transport - doktorgrad (ph.d.)",FU,Forskerutdanning,4,1,3,0
1150,Norges teknisk-naturvitenskapelige universitet,2024,PHCOS,Datateknologi og informatikk - ph.d.,FU,Forskerutdanning,29,10,19,0
1150,Norges teknisk-naturvitenskapelige universitet,2024,PHDESIG,Design - ph.d.,FU,Forskerutdanning,1,0,1,0
1150,Norges teknisk-naturvitenskapelige universitet,2024,PHD-IS,PhD in Information Security,FU,Forskerutdanning,1,0,1,0
1150,Norges teknisk-naturvitenskapelige universitet,2024,PHELKT,Elkraftteknikk -  ph.d.,FU,Forskerutdanning,12,3,9,0
1150,Norges teknisk-naturvitenskapelige universitet,2024,PHENPRO,Energi- og prosessteknikk - ph.d.,FU,Forskerutdanning,1,0,1,0
1150,Norges teknisk-naturvitenskapelige universitet,2024,PHESTET,Estetiske fag - ph.d.,FU,Forskerutdanning,4,2,2,0
1150,Norges teknisk-naturvitenskapelige universitet,2024,PHET,Elektronikk og telekommunikasjon - ph.d.,FU,Forskerutdanning,6,1,5,0
1150,Norges teknisk-naturvitenskapelige universitet,2024,PHFY,Fysikk - ph.d.,FU,Forskerutdanning,11,3,8,0
1150,Norges teknisk-naturvitenskapelige universitet,2024,PHHIST,Historie og kulturfag - ph.d.,FU,Forskerutdanning,6,4,2,0
1150,Norges teknisk-naturvitenskapelige universitet,2024,PHINDØK,Industriell økologi - ph.d.,FU,Forskerutdanning,1,0,1,0
1150,Norges teknisk-naturvitenskapelige universitet,2024,PHISCT,Informasjonssikkerhet og kommunikasjonsteknologi - ph.d.,FU,Forskerutdanning,16,3,13,0
1150,Norges teknisk-naturvitenskapelige universitet,2024,PHIT,Informasjonsteknologi - ph.d.,FU,Forskerutdanning,3,1,2,0
1150,Norges teknisk-naturvitenskapelige universitet,2024,PHIV,Ingeniørvitenskap - ph.d.,FU,Forskerutdanning,108,28,80,0
1150,Norges teknisk-naturvitenskapelige universitet,2024,PHKJ,Kjemi - ph.d.,FU,Forskerutdanning,6,2,4,0
1150,Norges teknisk-naturvitenskapelige universitet,2024,PHKJPROS,Kjemisk prosessteknologi - ph.d.,FU,Forskerutdanning,18,2,16,0
1150,Norges teknisk-naturvitenskapelige universitet,2024,PHKLINM,Klinisk medisin - doktorgrad (ph.d.),FU,Forskerutdanning,1,1,0,0
1150,Norges teknisk-naturvitenskapelige universitet,2024,PHKONSTR,Konstruksjonsteknikk - doktorgrad (ph.d.),FU,Forskerutdanning,1,0,1,0
1150,Norges teknisk-naturvitenskapelige universitet,2024,PHKULT,Tverrfaglige kulturstudier - ph.d.,FU,Forskerutdanning,3,2,1,0
1150,Norges teknisk-naturvitenskapelige universitet,2024,PHKUNST,Kunstnerisk utviklingsarbeid - ph.d.,FU,Forskerutdanning,2,2,0,0
1150,Norges teknisk-naturvitenskapelige universitet,2024,PHMA,Matematiske fag - ph.d.,FU,Forskerutdanning,22,3,19,0
1150,Norges teknisk-naturvitenskapelige universitet,2024,PHMART,Marin teknikk - ph.d.,FU,Forskerutdanning,2,1,1,0
1150,Norges teknisk-naturvitenskapelige universitet,2024,PHMED,Medisin - ph.d.,FU,Forskerutdanning,10,8,2,0
1150,Norges teknisk-naturvitenskapelige universitet,2024,PHMEDHV,Medisin og helsevitenskap - ph.d.,FU,Forskerutdanning,72,44,28,0
1150,Norges teknisk-naturvitenskapelige universitet,2024,PHMEDT,Medisinsk teknologi - ph.d.,FU,Forskerutdanning,11,2,9,0
1150,Norges teknisk-naturvitenskapelige universitet,2024,PHMT,Materialteknologi - ph.d.,FU,Forskerutdanning,13,3,10,0
1150,Norges teknisk-naturvitenskapelige universitet,2024,PHNAUT,Nautiske operasjoner - ph.d.,FU,Forskerutdanning,2,0,2,0
1150,Norges teknisk-naturvitenskapelige universitet,2024,PHOL,Økonomi og ledelse - ph.d.,FU,Forskerutdanning,20,11,9,0
1150,Norges teknisk-naturvitenskapelige universitet,2024,PHPALC,Lindrende behandling - doktorgrad (ph.d.),FU,Forskerutdanning,1,1,0,0
1150,Norges teknisk-naturvitenskapelige universitet,2024,PHPETR,Petroleumsteknologi og anvendt geofysikk - doktorgrad (ph.d.),FU,Forskerutdanning,1,0,1,0
1150,Norges teknisk-naturvitenskapelige universitet,2024,PHSPRÅK,Språkvitenskap - ph.d.,FU,Forskerutdanning,6,6,0,0
1150,Norges teknisk-naturvitenskapelige universitet,2024,PHSV,Samfunnsvitenskap - ph.d.,FU,Forskerutdanning,29,19,10,0
1150,Norges teknisk-naturvitenskapelige universitet,2024,PHTK,Teknisk kybernetikk - ph.d.,FU,Forskerutdanning,15,4,11,0
1150,Norges teknisk-naturvitenskapelige universitet,2024,PHUV,Utdanningsvitenskap - ph.d.,FU,Forskerutdanning,20,14,6,0
1150,Norges teknisk-naturvitenskapelige universitet,2024,PHAAR,Arkitektur - ph.d.,FU,Forskerutdanning,4,3,1,0
1150,Norges teknisk-naturvitenskapelige universitet,2024,SV/DPHIL,Samfunnsvitenskapelige fag - dr.philos.,FU,Forskerutdanning,5,2,3,0
1150,Norges teknisk-naturvitenskapelige universitet,2025,IV/DPHIL,"Ingeniørvitenskapelige fag, dr.philos.",FU,Forskerutdanning,2,0,2,0
1150,Norges teknisk-naturvitenskapelige universitet,2025,MD/DPHIL,Medisin - dr.philos,FU,Forskerutdanning,1,0,1,0
1150,Norges teknisk-naturvitenskapelige universitet,2025,MNK/DPHIL,Matematisk-naturvitenskapelige fag - dr.philos,FU,Forskerutdanning,1,0,1,0
1150,Norges teknisk-naturvitenskapelige universitet,2025,PHBEHAV,Behaviour and Health - PhD Programme,FU,Forskerutdanning,1,1,0,0
1150,Norges teknisk-naturvitenskapelige universitet,2025,PHBI,Biologi - ph.d.,FU,Forskerutdanning,13,9,4,0
1150,Norges teknisk-naturvitenskapelige universitet,2025,PHBIFY,Biofysikk - ph.d.,FU,Forskerutdanning,4,4,0,0
1150,Norges teknisk-naturvitenskapelige universitet,2025,PHBIOT,Bioteknologi - ph.d.,FU,Forskerutdanning,13,9,4,0
1150,Norges teknisk-naturvitenskapelige universitet,2025,PHBYGG,"Bygg, anlegg og transport - doktorgrad (ph.d.)",FU,Forskerutdanning,3,1,2,0
1150,Norges teknisk-naturvitenskapelige universitet,2025,PHCOS,Datateknologi og informatikk - ph.d.,FU,Forskerutdanning,31,11,20,0
1150,Norges teknisk-naturvitenskapelige universitet,2025,PHDESIG,Design - ph.d.,FU,Forskerutdanning,2,1,1,0
1150,Norges teknisk-naturvitenskapelige universitet,2025,PHELKT,Elkraftteknikk -  ph.d.,FU,Forskerutdanning,12,1,11,0
1150,Norges teknisk-naturvitenskapelige universitet,2025,PHESTET,Estetiske fag - ph.d.,FU,Forskerutdanning,1,1,0,0
1150,Norges teknisk-naturvitenskapelige universitet,2025,PHET,Elektronikk og telekommunikasjon - ph.d.,FU,Forskerutdanning,12,1,11,0
1150,Norges teknisk-naturvitenskapelige universitet,2025,PHFY,Fysikk - ph.d.,FU,Forskerutdanning,14,3,11,0
1150,Norges teknisk-naturvitenskapelige universitet,2025,PHHIST,Historie og kulturfag - ph.d.,FU,Forskerutdanning,10,7,3,0
1150,Norges teknisk-naturvitenskapelige universitet,2025,PHHLS,Helsevitenskap - ph.d.,FU,Forskerutdanning,2,2,0,0
1150,Norges teknisk-naturvitenskapelige universitet,2025,PHISCT,Informasjonssikkerhet og kommunikasjonsteknologi - ph.d.,FU,Forskerutdanning,18,5,13,0
1150,Norges teknisk-naturvitenskapelige universitet,2025,PHIT,Informasjonsteknologi - ph.d.,FU,Forskerutdanning,1,0,1,0
1150,Norges teknisk-naturvitenskapelige universitet,2025,PHIV,Ingeniørvitenskap - ph.d.,FU,Forskerutdanning,103,37,66,0
1150,Norges teknisk-naturvitenskapelige universitet,2025,PHKJ,Kjemi - ph.d.,FU,Forskerutdanning,5,2,3,0
1150,Norges teknisk-naturvitenskapelige universitet,2025,PHKJPROS,Kjemisk prosessteknologi - ph.d.,FU,Forskerutdanning,9,5,4,0
1150,Norges teknisk-naturvitenskapelige universitet,2025,PHKLINM,Klinisk medisin - doktorgrad (ph.d.),FU,Forskerutdanning,1,0,1,0
1150,Norges teknisk-naturvitenskapelige universitet,2025,PHKULT,Tverrfaglige kulturstudier - ph.d.,FU,Forskerutdanning,1,1,0,0
1150,Norges teknisk-naturvitenskapelige universitet,2025,PHKUNST,Kunstnerisk utviklingsarbeid - ph.d.,FU,Forskerutdanning,7,3,4,0
1150,Norges teknisk-naturvitenskapelige universitet,2025,PHMA,Matematiske fag - ph.d.,FU,Forskerutdanning,15,2,13,0
1150,Norges teknisk-naturvitenskapelige universitet,2025,PHMED,Medisin - ph.d.,FU,Forskerutdanning,3,0,3,0
1150,Norges teknisk-naturvitenskapelige universitet,2025,PHMEDHV,Medisin og helsevitenskap - ph.d.,FU,Forskerutdanning,74,46,28,0
1150,Norges teknisk-naturvitenskapelige universitet,2025,PHMEDT,Medisinsk teknologi - ph.d.,FU,Forskerutdanning,21,7,14,0
1150,Norges teknisk-naturvitenskapelige universitet,2025,PHMT,Materialteknologi - ph.d.,FU,Forskerutdanning,16,6,10,0
1150,Norges teknisk-naturvitenskapelige universitet,2025,PHOL,Økonomi og ledelse - ph.d.,FU,Forskerutdanning,18,9,9,0
1150,Norges teknisk-naturvitenskapelige universitet,2025,PHPRODMAT,Produktutvikling og materialer - doktorgrad (ph.d.),FU,Forskerutdanning,1,0,1,0
1150,Norges teknisk-naturvitenskapelige universitet,2025,PHSPRÅK,Språkvitenskap - ph.d.,FU,Forskerutdanning,5,4,1,0
1150,Norges teknisk-naturvitenskapelige universitet,2025,PHSV,Samfunnsvitenskap - ph.d.,FU,Forskerutdanning,25,15,10,0
1150,Norges teknisk-naturvitenskapelige universitet,2025,PHTK,Teknisk kybernetikk - ph.d.,FU,Forskerutdanning,26,4,22,0
1150,Norges teknisk-naturvitenskapelige universitet,2025,PHUV,Utdanningsvitenskap - ph.d.,FU,Forskerutdanning,23,16,7,0
1150,Norges teknisk-naturvitenskapelige universitet,2025,PHAAR,Arkitektur - ph.d.,FU,Forskerutdanning,5,3,2,0
1150,Norges teknisk-naturvitenskapelige universitet,2025,SV/DPHIL,Samfunnsvitenskapelige fag - dr.philos.,FU,Forskerutdanning,1,1,0,0
1160,Universitetet i Stavanger,2019,D-HELMED,"Helse og medisin, Ph.d.-studium",FU,Forskerutdanning,13,8,5,0
1160,Universitetet i Stavanger,2019,D-INFTEK,Informasjonsteknologi - Ph.d.,FU,Forskerutdanning,1,0,1,0
1160,Universitetet i Stavanger,2019,D-LESEVIT,Lesevitenskap - Ph.d.,FU,Forskerutdanning,3,1,2,0
1160,Universitetet i Stavanger,2019,D-PETEK,Petroleumsteknologi - Ph.d.,FU,Forskerutdanning,1,0,1,0
1160,Universitetet i Stavanger,2019,D-RISKSIK,Risikostyring og samfunnssikkerhet - Ph.d.,FU,Forskerutdanning,2,1,1,0
1160,Universitetet i Stavanger,2019,D-SAMVIT,Ph.d. i samfunnsvitenskap,FU,Forskerutdanning,9,6,3,0
1160,Universitetet i Stavanger,2019,D-SPESPED,Utdanningsvitenskap - Ph.d.,FU,Forskerutdanning,3,2,1,0
1160,Universitetet i Stavanger,2019,D-TEKNAT,Teknologi og naturvitenskap - doktorgradsprogram,FU,Forskerutdanning,30,11,19,0
1160,Universitetet i Stavanger,2020,D-BIOKJEMI,Biologisk kjemi - Ph.d.,FU,Forskerutdanning,2,0,2,0
1160,Universitetet i Stavanger,2020,D-HELMED,"Helse og medisin, Ph.d.-studium",FU,Forskerutdanning,13,10,3,0
1160,Universitetet i Stavanger,2020,D-LESEVIT,Lesevitenskap - Ph.d.,FU,Forskerutdanning,2,2,0,0
1160,Universitetet i Stavanger,2020,D-OFFSH,Offshoreteknologi - Ph.d.,FU,Forskerutdanning,1,0,1,0
1160,Universitetet i Stavanger,2020,D-PETEK,Petroleumsteknologi - Ph.d.,FU,Forskerutdanning,2,1,1,0
1160,Universitetet i Stavanger,2020,DR-PHILOS,Doctor philosophiae,FU,Forskerutdanning,1,0,1,0
1160,Universitetet i Stavanger,2020,D-SAMSIK,Risikostyring og samfunnssikkerhet - Ph.d.,FU,Forskerutdanning,1,0,1,0
1160,Universitetet i Stavanger,2020,D-SAMVIT,Ph.d. i samfunnsvitenskap,FU,Forskerutdanning,12,8,4,0
1160,Universitetet i Stavanger,2020,D-SPESPED,Utdanningsvitenskap - Ph.d.,FU,Forskerutdanning,9,6,3,0
1160,Universitetet i Stavanger,2020,D-TEKNAT,Teknologi og naturvitenskap - doktorgradsprogram,FU,Forskerutdanning,31,11,20,0
1160,Universitetet i Stavanger,2021,D-HELMED,"Helse og medisin, Ph.d.-studium",FU,Forskerutdanning,12,10,2,0
1160,Universitetet i Stavanger,2021,D-LESEVIT,Lesevitenskap - Ph.d.,FU,Forskerutdanning,2,1,1,0
1160,Universitetet i Stavanger,2021,DR-PHILOS,Doctor philosophiae,FU,Forskerutdanning,1,0,1,0
1160,Universitetet i Stavanger,2021,D-SAMVIT,Ph.d. i samfunnsvitenskap,FU,Forskerutdanning,10,4,6,0
1160,Universitetet i Stavanger,2021,D-SPESPED,Utdanningsvitenskap - Ph.d.,FU,Forskerutdanning,6,6,0,0
1160,Universitetet i Stavanger,2021,D-TEKNAT,Teknologi og naturvitenskap - doktorgradsprogram,FU,Forskerutdanning,21,11,10,0
1160,Universitetet i Stavanger,2022,D-HELMED,"Helse og medisin, Ph.d.-studium",FU,Forskerutdanning,10,5,5,0
1160,Universitetet i Stavanger,2022,D-LESEVIT,Lesevitenskap - Ph.d.,FU,Forskerutdanning,1,0,1,0
1160,Universitetet i Stavanger,2022,DR-PHILOS,Doctor philosophiae,FU,Forskerutdanning,2,1,1,0
1160,Universitetet i Stavanger,2022,D-SAMVIT,Ph.d. i samfunnsvitenskap,FU,Forskerutdanning,15,10,5,0
1160,Universitetet i Stavanger,2022,D-SPESPED,Utdanningsvitenskap - Ph.d.,FU,Forskerutdanning,4,3,1,0
1160,Universitetet i Stavanger,2022,D-TEKNAT,Teknologi og naturvitenskap - doktorgradsprogram,FU,Forskerutdanning,25,6,19,0
1160,Universitetet i Stavanger,2022,D-UTHUM,Utdanningsvitenskap og humaniora - ph.d.,FU,Forskerutdanning,3,3,0,0
1160,Universitetet i Stavanger,2023,D-BIOKJEMI,Biologisk kjemi - Ph.d.,FU,Forskerutdanning,1,1,0,0
1160,Universitetet i Stavanger,2023,D-HELMED,Helse og medisin - Ph.d.-studium,FU,Forskerutdanning,8,7,1,0
1160,Universitetet i Stavanger,2023,D-KUNST,Kunstnerisk utviklingsarbeid ph.d.,FU,Forskerutdanning,3,0,3,0
1160,Universitetet i Stavanger,2023,D-SAMVIT,Ph.d. i samfunnsvitenskap,FU,Forskerutdanning,11,6,5,0
1160,Universitetet i Stavanger,2023,D-TEKNAT,Teknologi og naturvitenskap - doktorgradsprogram,FU,Forskerutdanning,31,6,25,0
1160,Universitetet i Stavanger,2023,D-UTHUM,Utdanningsvitenskap og humaniora - ph.d.,FU,Forskerutdanning,7,7,0,0
1160,Universitetet i Stavanger,2024,D-HELMED,Helse og medisin - Ph.d.-studium,FU,Forskerutdanning,11,8,3,0
1160,Universitetet i Stavanger,2024,D-SAMVIT,Ph.d. i samfunnsvitenskap,FU,Forskerutdanning,11,8,3,0
1160,Universitetet i Stavanger,2024,D-SAMVIT1,Ph.d. i samfunnsvitenskap,FU,Forskerutdanning,4,3,1,0
1160,Universitetet i Stavanger,2024,D-TEKNAT,Teknologi og naturvitenskap - doktorgradsprogram,FU,Forskerutdanning,41,18,23,0
1160,Universitetet i Stavanger,2024,D-UTHUM,Utdanningsvitenskap og humaniora - ph.d.,FU,Forskerutdanning,20,15,5,0
1160,Universitetet i Stavanger,2025,D-HELMED,Helse og medisin - Ph.d.-studium,FU,Forskerutdanning,11,9,2,0
1160,Universitetet i Stavanger,2025,D-KUNST,Kunstnerisk utviklingsarbeid ph.d.,FU,Forskerutdanning,1,1,0,0
1160,Universitetet i Stavanger,2025,D-SAMVIT,Ph.d. i samfunnsvitenskap,FU,Forskerutdanning,8,7,1,0
1160,Universitetet i Stavanger,2025,D-SAMVIT1,Ph.d. i samfunnsvitenskap,FU,Forskerutdanning,5,2,3,0
1160,Universitetet i Stavanger,2025,D-TEKNAT,Teknologi og naturvitenskap - doktorgradsprogram,FU,Forskerutdanning,56,17,39,0
1160,Universitetet i Stavanger,2025,D-UTHUM,Utdanningsvitenskap og humaniora - ph.d.,FU,Forskerutdanning,13,8,5,0
1171,Universitetet i Agder,2019,HELID-DR,Ph.d.-program i helse- og idrettsvitenskap,FU,Forskerutdanning,9,7,2,0
1171,Universitetet i Agder,2019,HH-DR,Ph.d.-program ved Handelshøyskolen,FU,Forskerutdanning,6,4,2,0
1171,Universitetet i Agder,2019,HUMPED-DR,Ph.d.-program i humaniora og pedagogikk,FU,Forskerutdanning,8,2,6,0
1171,Universitetet i Agder,2019,KUNST-DR,Ph.d.-program i kunstfag,FU,Forskerutdanning,3,1,2,0
1171,Universitetet i Agder,2019,SV-DR,Ph.d.-program i samfunnsvitenskap,FU,Forskerutdanning,3,1,2,0
1171,Universitetet i Agder,2019,TEKREAL-DR,Ph.d.-program i teknologi og realfag,FU,Forskerutdanning,12,2,10,0
1171,Universitetet i Agder,2020,HELID-DR,Ph.d.-program i helse- og idrettsvitenskap,FU,Forskerutdanning,9,4,5,0
1171,Universitetet i Agder,2020,HH-DR,Ph.d.-program ved Handelshøyskolen,FU,Forskerutdanning,5,3,2,0
1171,Universitetet i Agder,2020,HUMPED-DR,Ph.d.-program i humaniora og pedagogikk,FU,Forskerutdanning,5,3,2,0
1171,Universitetet i Agder,2020,KUNST-DR,Ph.d.-program i kunstfag,FU,Forskerutdanning,3,1,2,0
1171,Universitetet i Agder,2020,SV-DR,Ph.d.-program i samfunnsvitenskap,FU,Forskerutdanning,7,6,1,0
1171,Universitetet i Agder,2020,TEKREAL-DR,Ph.d.-program i teknologi og realfag,FU,Forskerutdanning,22,6,16,0
1171,Universitetet i Agder,2021,HELID-DR,Ph.d.-program i helse- og idrettsvitenskap,FU,Forskerutdanning,5,4,1,0
1171,Universitetet i Agder,2021,HH-DR,Ph.d.-program ved Handelshøyskolen,FU,Forskerutdanning,12,6,6,0
1171,Universitetet i Agder,2021,HUMPED-DR,Ph.d.-program i humaniora og pedagogikk,FU,Forskerutdanning,5,1,4,0
1171,Universitetet i Agder,2021,KUNST-DR,Ph.d.-program i kunstfag,FU,Forskerutdanning,3,2,1,0
1171,Universitetet i Agder,2021,SV-DR,Ph.d.-program i samfunnsvitenskap,FU,Forskerutdanning,7,4,3,0
1171,Universitetet i Agder,2021,TEKREAL-DR,Ph.d.-program i teknologi og realfag,FU,Forskerutdanning,12,1,11,0
1171,Universitetet i Agder,2022,DR-PHIL-TR,Dr. philos. i teknologi og realfag,FU,Forskerutdanning,1,0,1,0
1171,Universitetet i Agder,2022,HELID-DR,Ph.d.-program i helse- og idrettsvitenskap,FU,Forskerutdanning,9,6,3,0
1171,Universitetet i Agder,2022,HH-DR,Ph.d.-program ved Handelshøyskolen,FU,Forskerutdanning,6,2,4,0
1171,Universitetet i Agder,2022,HUMPED-DR,Ph.d.-program i humaniora og pedagogikk,FU,Forskerutdanning,4,3,1,0
1171,Universitetet i Agder,2022,KUNST-DR,Ph.d.-program i kunstfag,FU,Forskerutdanning,3,1,2,0
1171,Universitetet i Agder,2022,SV-DR,Ph.d.-program i samfunnsvitenskap,FU,Forskerutdanning,5,3,2,0
1171,Universitetet i Agder,2022,TEKREAL-DR,Ph.d.-program i teknologi og realfag,FU,Forskerutdanning,15,4,11,0
1171,Universitetet i Agder,2023,HELID-DR,Ph.d.-program i helse- og idrettsvitenskap,FU,Forskerutdanning,6,3,3,0
1171,Universitetet i Agder,2023,HH-DR,Ph.d.-program ved Handelshøyskolen,FU,Forskerutdanning,8,5,3,0
1171,Universitetet i Agder,2023,HUMPED-DR,Ph.d.-program i humaniora og pedagogikk,FU,Forskerutdanning,10,6,4,0
1171,Universitetet i Agder,2023,KUNST-DR,Ph.d.-program i kunstfag,FU,Forskerutdanning,5,4,1,0
1171,Universitetet i Agder,2023,SV-DR,Ph.d.-program i samfunnsvitenskap,FU,Forskerutdanning,4,3,1,0
1171,Universitetet i Agder,2023,TEKREAL-DR,Ph.d.-program i teknologi og realfag,FU,Forskerutdanning,25,7,18,0
1171,Universitetet i Agder,2024,HELID-DR,Ph.d.-program i helse- og idrettsvitenskap,FU,Forskerutdanning,14,11,3,0
1171,Universitetet i Agder,2024,HH-DR,Ph.d.-program ved Handelshøyskolen,FU,Forskerutdanning,10,6,4,0
1171,Universitetet i Agder,2024,HUMPED-DR,Ph.d.-program i humaniora og pedagogikk,FU,Forskerutdanning,11,9,2,0
1171,Universitetet i Agder,2024,KUNST-DR,Ph.d.-program i kunstfag,FU,Forskerutdanning,5,2,3,0
1171,Universitetet i Agder,2024,SV-DR,Ph.d.-program i samfunnsvitenskap,FU,Forskerutdanning,11,6,5,0
1171,Universitetet i Agder,2024,TEKREAL-DR,Ph.d.-program i teknologi og realfag,FU,Forskerutdanning,16,2,14,0
1171,Universitetet i Agder,2025,HELID-DR,Ph.d.-program i helse- og idrettsvitenskap,FU,Forskerutdanning,12,10,2,0
1171,Universitetet i Agder,2025,HH-DR,Ph.d.-program ved Handelshøyskolen,FU,Forskerutdanning,15,5,10,0
1171,Universitetet i Agder,2025,HUMPED-DR,Ph.d.-program i humaniora og pedagogikk,FU,Forskerutdanning,7,5,2,0
1171,Universitetet i Agder,2025,KUNST-DR,Ph.d.-program i kunstfag,FU,Forskerutdanning,8,5,3,0
1171,Universitetet i Agder,2025,SV-DR,Ph.d.-program i samfunnsvitenskap,FU,Forskerutdanning,5,1,4,0
1171,Universitetet i Agder,2025,TEKREAL-DR,Ph.d.-program i teknologi og realfag,FU,Forskerutdanning,16,7,9,0
1173,Norges miljø- og biovitenskapelige universitet,2019,PHD,Philosophiae doctor (ph.d.),FU,Forskerutdanning,38,18,20,0
1173,Norges miljø- og biovitenskapelige universitet,2019,PHD-HH,Økonomi og administrasjon,FU,Forskerutdanning,1,0,1,0
1173,Norges miljø- og biovitenskapelige universitet,2019,PHD-IHA,Husdyr- og akvakulturvitenskap,FU,Forskerutdanning,7,5,2,0
1173,Norges miljø- og biovitenskapelige universitet,2019,PHD-IKBM,Biovitenskap,FU,Forskerutdanning,10,4,6,0
1173,Norges miljø- og biovitenskapelige universitet,2019,PHD-ILP,Samfunnsutvikling og planlegging,FU,Forskerutdanning,1,1,0,0
1173,Norges miljø- og biovitenskapelige universitet,2019,PHD-IMT,Realfag og teknologi,FU,Forskerutdanning,8,4,4,0
1173,Norges miljø- og biovitenskapelige universitet,2019,PHD-IMV,Miljøvitenskap,FU,Forskerutdanning,4,3,1,0
1173,Norges miljø- og biovitenskapelige universitet,2019,PHD-INA,Naturforvaltning,FU,Forskerutdanning,8,3,5,0
1173,Norges miljø- og biovitenskapelige universitet,2019,PHD-IPV,Plantevitenskap,FU,Forskerutdanning,3,2,1,0
1173,Norges miljø- og biovitenskapelige universitet,2019,PHD-NVH,Philosophiae doctor,FU,Forskerutdanning,8,5,3,0
1173,Norges miljø- og biovitenskapelige universitet,2019,PHD-VET,Veterinærvitenskap,FU,Forskerutdanning,13,4,9,0
1173,Norges miljø- og biovitenskapelige universitet,2020,PHD,Philosophiae doctor (Ph.d.),FU,Forskerutdanning,12,7,5,0
1173,Norges miljø- og biovitenskapelige universitet,2020,PHD-HH,Økonomi og administrasjon,FU,Forskerutdanning,3,2,1,0
1173,Norges miljø- og biovitenskapelige universitet,2020,PHD-IHA,Husdyr- og akvakulturvitenskap,FU,Forskerutdanning,3,2,1,0
1173,Norges miljø- og biovitenskapelige universitet,2020,PHD-IKBM,Biovitenskap,FU,Forskerutdanning,4,2,2,0
1173,Norges miljø- og biovitenskapelige universitet,2020,PHD-ILP,Samfunnsutvikling og planlegging,FU,Forskerutdanning,5,2,3,0
1173,Norges miljø- og biovitenskapelige universitet,2020,PHD-IMT,Realfag og teknologi,FU,Forskerutdanning,6,1,5,0
1173,Norges miljø- og biovitenskapelige universitet,2020,PHD-IMV,Miljøvitenskap,FU,Forskerutdanning,2,1,1,0
1173,Norges miljø- og biovitenskapelige universitet,2020,PHD-INA,Naturforvaltning,FU,Forskerutdanning,10,2,8,0
1173,Norges miljø- og biovitenskapelige universitet,2020,PHD-IPV,Plantevitenskap,FU,Forskerutdanning,1,1,0,0
1173,Norges miljø- og biovitenskapelige universitet,2020,PHD-KBM,Natur- og matvitenskap,FU,Forskerutdanning,1,1,0,0
1173,Norges miljø- og biovitenskapelige universitet,2020,PHD-NOR,International Environment and Development Studies,FU,Forskerutdanning,1,0,1,0
1173,Norges miljø- og biovitenskapelige universitet,2020,PHD-NVH,Philosophiae doctor (Ph.d.),FU,Forskerutdanning,3,3,0,0
1173,Norges miljø- og biovitenskapelige universitet,2020,PHD-VET,Veterinærvitenskap,FU,Forskerutdanning,15,7,8,0
1173,Norges miljø- og biovitenskapelige universitet,2021,DR.PHILOS.,Doctor philosophiae,FU,Forskerutdanning,1,0,1,0
1173,Norges miljø- og biovitenskapelige universitet,2021,PHD,Philosophiae doctor (Ph.d.),FU,Forskerutdanning,12,6,6,0
1173,Norges miljø- og biovitenskapelige universitet,2021,PHD-HH,Økonomi og administrasjon,FU,Forskerutdanning,5,3,2,0
1173,Norges miljø- og biovitenskapelige universitet,2021,PHD-IHA,Husdyr- og akvakulturvitenskap,FU,Forskerutdanning,6,4,2,0
1173,Norges miljø- og biovitenskapelige universitet,2021,PHD-IKBM,Biovitenskap,FU,Forskerutdanning,4,3,1,0
1173,Norges miljø- og biovitenskapelige universitet,2021,PHD-ILP,Samfunnsutvikling og planlegging,FU,Forskerutdanning,2,2,0,0
1173,Norges miljø- og biovitenskapelige universitet,2021,PHD-IMT,Realfag og teknologi,FU,Forskerutdanning,8,3,5,0
1173,Norges miljø- og biovitenskapelige universitet,2021,PHD-IMV,Miljøvitenskap,FU,Forskerutdanning,5,2,3,0
1173,Norges miljø- og biovitenskapelige universitet,2021,PHD-INA,Naturforvaltning,FU,Forskerutdanning,6,3,3,0
1173,Norges miljø- og biovitenskapelige universitet,2021,PHD-IPV,Plantevitenskap,FU,Forskerutdanning,3,2,1,0
1173,Norges miljø- og biovitenskapelige universitet,2021,PHD-KBM,Natur- og matvitenskap,FU,Forskerutdanning,4,3,1,0
1173,Norges miljø- og biovitenskapelige universitet,2021,PHD-NOR,International Environment and Development Studies,FU,Forskerutdanning,2,1,1,0
1173,Norges miljø- og biovitenskapelige universitet,2021,PHD-NVH,Philosophiae doctor (Ph.d.),FU,Forskerutdanning,4,3,1,0
1173,Norges miljø- og biovitenskapelige universitet,2021,PHD-VET,Veterinærvitenskap,FU,Forskerutdanning,24,14,10,0
1173,Norges miljø- og biovitenskapelige universitet,2022,PHD,Philosophiae doctor (Ph.d.),FU,Forskerutdanning,4,2,2,0
1173,Norges miljø- og biovitenskapelige universitet,2022,PHD-HH,Økonomi og administrasjon,FU,Forskerutdanning,4,2,2,0
1173,Norges miljø- og biovitenskapelige universitet,2022,PHD-IHA,Husdyr- og akvakulturvitenskap,FU,Forskerutdanning,7,5,2,0
1173,Norges miljø- og biovitenskapelige universitet,2022,PHD-IKBM,Biovitenskap,FU,Forskerutdanning,1,1,0,0
1173,Norges miljø- og biovitenskapelige universitet,2022,PHD-ILP,Samfunnsutvikling og planlegging,FU,Forskerutdanning,6,5,1,0
1173,Norges miljø- og biovitenskapelige universitet,2022,PHD-IMT,Realfag og teknologi,FU,Forskerutdanning,7,5,2,0
1173,Norges miljø- og biovitenskapelige universitet,2022,PHD-IMV,Miljøvitenskap,FU,Forskerutdanning,2,2,0,0
1173,Norges miljø- og biovitenskapelige universitet,2022,PHD-INA,Naturforvaltning,FU,Forskerutdanning,10,8,2,0
1173,Norges miljø- og biovitenskapelige universitet,2022,PHD-IPV,Plantevitenskap,FU,Forskerutdanning,4,2,2,0
1173,Norges miljø- og biovitenskapelige universitet,2022,PHD-KBM,Natur- og matvitenskap,FU,Forskerutdanning,9,5,4,0
1173,Norges miljø- og biovitenskapelige universitet,2022,PHD-NOR,International Environment and Development Studies,FU,Forskerutdanning,2,1,1,0
1173,Norges miljø- og biovitenskapelige universitet,2022,PHD-NVH,Philosophiae doctor (Ph.d.),FU,Forskerutdanning,3,3,0,0
1173,Norges miljø- og biovitenskapelige universitet,2022,PHD-VET,Veterinærvitenskap,FU,Forskerutdanning,9,7,2,0
1173,Norges miljø- og biovitenskapelige universitet,2023,DRPHIL,Doctor philosophiae (Dr.philos.),FU,Forskerutdanning,1,0,1,0
1173,Norges miljø- og biovitenskapelige universitet,2023,PHD,Philosophiae doctor (Ph.d.),FU,Forskerutdanning,5,3,2,0
1173,Norges miljø- og biovitenskapelige universitet,2023,PHD-HH,Økonomi og administrasjon,FU,Forskerutdanning,11,7,4,0
1173,Norges miljø- og biovitenskapelige universitet,2023,PHD-IHA,Husdyr- og akvakulturvitenskap,FU,Forskerutdanning,7,6,1,0
1173,Norges miljø- og biovitenskapelige universitet,2023,PHD-ILP,Samfunnsutvikling og planlegging,FU,Forskerutdanning,1,1,0,0
1173,Norges miljø- og biovitenskapelige universitet,2023,PHD-IMT,Realfag og teknologi,FU,Forskerutdanning,12,7,5,0
1173,Norges miljø- og biovitenskapelige universitet,2023,PHD-IMV,Miljøvitenskap,FU,Forskerutdanning,6,3,3,0
1173,Norges miljø- og biovitenskapelige universitet,2023,PHD-INA,Naturforvaltning,FU,Forskerutdanning,7,2,5,0
1173,Norges miljø- og biovitenskapelige universitet,2023,PHD-IPV,Plantevitenskap,FU,Forskerutdanning,8,3,5,0
1173,Norges miljø- og biovitenskapelige universitet,2023,PHD-KBM,Natur- og matvitenskap,FU,Forskerutdanning,5,4,1,0
1173,Norges miljø- og biovitenskapelige universitet,2023,PHD-NOR,International Environment and Development Studies,FU,Forskerutdanning,4,2,2,0
1173,Norges miljø- og biovitenskapelige universitet,2023,PHD-VET,Veterinærvitenskap,FU,Forskerutdanning,17,12,5,0
1173,Norges miljø- og biovitenskapelige universitet,2024,DR.PHILOS.,Doctor philosophiae (Dr.philos.),FU,Forskerutdanning,2,2,0,0
1173,Norges miljø- og biovitenskapelige universitet,2024,PHD-HH,Økonomi og administrasjon,FU,Forskerutdanning,3,2,1,0
1173,Norges miljø- og biovitenskapelige universitet,2024,PHD-IHA,Husdyr- og akvakulturvitenskap,FU,Forskerutdanning,5,2,3,0
1173,Norges miljø- og biovitenskapelige universitet,2024,PHD-ILP,Samfunnsutvikling og planlegging,FU,Forskerutdanning,4,4,0,0
1173,Norges miljø- og biovitenskapelige universitet,2024,PHD-IMT,Realfag og teknologi,FU,Forskerutdanning,11,4,7,0
1173,Norges miljø- og biovitenskapelige universitet,2024,PHD-IMV,Miljøvitenskap,FU,Forskerutdanning,4,2,2,0
1173,Norges miljø- og biovitenskapelige universitet,2024,PHD-INA,Naturforvaltning,FU,Forskerutdanning,8,6,2,0
1173,Norges miljø- og biovitenskapelige universitet,2024,PHD-IPV,Plantevitenskap,FU,Forskerutdanning,4,3,1,0
1173,Norges miljø- og biovitenskapelige universitet,2024,PHD-KBM,Natur- og matvitenskap,FU,Forskerutdanning,14,9,5,0
1173,Norges miljø- og biovitenskapelige universitet,2024,PHD-NOR,International Environment and Development Studies,FU,Forskerutdanning,3,2,1,0
1173,Norges miljø- og biovitenskapelige universitet,2024,PHD-VET,Veterinærvitenskap,FU,Forskerutdanning,15,14,1,0
1173,Norges miljø- og biovitenskapelige universitet,2025,DR.PHILOS.,Doctor philosophiae (Dr.philos.),FU,Forskerutdanning,3,3,0,0
1173,Norges miljø- og biovitenskapelige universitet,2025,PHD,Philosophiae doctor (Ph.d.),FU,Forskerutdanning,1,0,1,0
1173,Norges miljø- og biovitenskapelige universitet,2025,PHD-HH,Økonomi og administrasjon,FU,Forskerutdanning,9,5,4,0
1173,Norges miljø- og biovitenskapelige universitet,2025,PHD-IHA,Husdyr- og akvakulturvitenskap,FU,Forskerutdanning,12,5,7,0
1173,Norges miljø- og biovitenskapelige universitet,2025,PHD-ILP,Samfunnsutvikling og planlegging,FU,Forskerutdanning,4,4,0,0
1173,Norges miljø- og biovitenskapelige universitet,2025,PHD-IMT,Realfag og teknologi,FU,Forskerutdanning,12,3,9,0
1173,Norges miljø- og biovitenskapelige universitet,2025,PHD-IMV,Miljøvitenskap,FU,Forskerutdanning,5,2,3,0
1173,Norges miljø- og biovitenskapelige universitet,2025,PHD-INA,Naturforvaltning,FU,Forskerutdanning,14,12,2,0
1173,Norges miljø- og biovitenskapelige universitet,2025,PHD-IPV,Plantevitenskap,FU,Forskerutdanning,10,8,2,0
1173,Norges miljø- og biovitenskapelige universitet,2025,PHD-KBM,Natur- og matvitenskap,FU,Forskerutdanning,18,14,4,0
1173,Norges miljø- og biovitenskapelige universitet,2025,PHD-NOR,International Environment and Development Studies,FU,Forskerutdanning,3,3,0,0
1173,Norges miljø- og biovitenskapelige universitet,2025,PHD-VET,Veterinærvitenskap,FU,Forskerutdanning,10,4,6,0
1174,Nord universitet,2019,DRGAB,Ph.d. i akvatisk biovitenskap,FU,Forskerutdanning,7,4,3,0
1174,Nord universitet,2019,DRGE,Ph.d. i bedriftsøkonomi,FU,Forskerutdanning,5,3,2,0
1174,Nord universitet,2019,DRGPR,Ph.d. i studier av profesjonspraksis,FU,Forskerutdanning,6,6,0,0
1174,Nord universitet,2019,DRGS,Ph. d. i sosiologi,FU,Forskerutdanning,7,5,2,0
1174,Nord universitet,2020,DRGAB,Ph.d. i akvatisk biovitenskap,FU,Forskerutdanning,2,1,1,0
1174,Nord universitet,2020,DRGE,Ph.d. i bedriftsøkonomi,FU,Forskerutdanning,5,2,3,0
1174,Nord universitet,2020,DRGPR,Ph.d. i studier av profesjonspraksis,FU,Forskerutdanning,4,3,1,0
1174,Nord universitet,2020,DRGS,Ph. d. i sosiologi,FU,Forskerutdanning,5,3,2,0
1174,Nord universitet,2020,DRPHILPHS,Doctor philosophiae (dr.philos.),FU,Forskerutdanning,2,0,2,0
1174,Nord universitet,2021,DRGAB,Ph.d. i akvatisk biovitenskap,FU,Forskerutdanning,5,1,4,0
1174,Nord universitet,2021,DRGE,Ph.d. i bedriftsøkonomi,FU,Forskerutdanning,6,4,2,0
1174,Nord universitet,2021,DRGPR,Ph.d. i profesjonsvitenskap,FU,Forskerutdanning,8,6,2,0
1174,Nord universitet,2021,DRGS,Ph. d. i sosiologi,FU,Forskerutdanning,8,2,6,0
1174,Nord universitet,2021,DRPHILPHS,Doctor philosophiae (dr.philos.),FU,Forskerutdanning,1,0,1,0
1174,Nord universitet,2022,DRGAB,Ph.d. i akvatisk biovitenskap,FU,Forskerutdanning,5,2,3,0
1174,Nord universitet,2022,DRGE,Ph.d. i bedriftsøkonomi,FU,Forskerutdanning,7,6,1,0
1174,Nord universitet,2022,DRGPR,Ph.d. i studier av profesjonspraksis,FU,Forskerutdanning,12,11,1,0
1174,Nord universitet,2022,DRGS,Ph.d. i sosiologi,FU,Forskerutdanning,8,5,3,0
1174,Nord universitet,2022,DRPHILPHS,Doctor philosophiae (dr.philos.),FU,Forskerutdanning,2,0,2,0
1174,Nord universitet,2023,DRGAB,Ph.d. i akvatisk biovitenskap,FU,Forskerutdanning,12,4,8,0
1174,Nord universitet,2023,DRGE,Ph.d. i bedriftsøkonomi,FU,Forskerutdanning,8,5,3,0
1174,Nord universitet,2023,DRGPR,Ph.d. i profesjonsvitenskap,FU,Forskerutdanning,5,3,2,0
1174,Nord universitet,2023,DRGS,Ph.d. i sosiologi,FU,Forskerutdanning,3,2,1,0
1174,Nord universitet,2024,DRGAB,Ph.d. i biovitenskap,FU,Forskerutdanning,9,4,5,0
1174,Nord universitet,2024,DRGE,Ph.d. i bedriftsøkonomi,FU,Forskerutdanning,9,7,2,0
1174,Nord universitet,2024,DRGPR,Ph.d. i profesjonsvitenskap,FU,Forskerutdanning,7,6,1,0
1174,Nord universitet,2024,DRGS,Ph.d. i sosiologi,FU,Forskerutdanning,7,6,1,0
1174,Nord universitet,2024,DRPHILPHS,Doctor philosophiae (dr.philos.),FU,Forskerutdanning,2,0,2,0
1174,Nord universitet,2025,DRGAB,Ph.d. i biovitenskap,FU,Forskerutdanning,5,2,3,0
1174,Nord universitet,2025,DRGE,Ph.d. i bedriftsøkonomi,FU,Forskerutdanning,12,4,8,0
1174,Nord universitet,2025,DRGPR,Ph.d. i profesjonsvitenskap,FU,Forskerutdanning,13,10,3,0
1174,Nord universitet,2025,DRGS,Ph.d. i samfunnsvitenskap,FU,Forskerutdanning,7,5,2,0
1175,OsloMet – storbyuniversitetet,2019,PBIB,PhD program i bibliotek- og informasjonsvitenskap,FU,Forskerutdanning,7,5,2,0
1175,OsloMet – storbyuniversitetet,2019,PHBA,Ph.D. in Behavior Analysis,FU,Forskerutdanning,7,4,3,0
1175,OsloMet – storbyuniversitetet,2019,PHDPROF,Doktorgradsprogram i profesjonsstudier,FU,Forskerutdanning,6,3,3,0
1175,OsloMet – storbyuniversitetet,2019,PHDSASP,Doktorgradsprogram i sosialt arbeid og sosialpolitikk,FU,Forskerutdanning,6,4,2,0
1175,OsloMet – storbyuniversitetet,2019,PHUV,Ph.d.-studium i utdanningsvitenskap for lærerutdanning,FU,Forskerutdanning,4,3,1,0
1175,OsloMet – storbyuniversitetet,2019,PHVIT,Doktorgradsstudium i helsevitenskap,FU,Forskerutdanning,6,5,1,0
1175,OsloMet – storbyuniversitetet,2020,PBIB,PhD program i bibliotek- og informasjonsvitenskap,FU,Forskerutdanning,1,1,0,0
1175,OsloMet – storbyuniversitetet,2020,PHBA,Ph.D. in Behavior Analysis,FU,Forskerutdanning,3,2,1,0
1175,OsloMet – storbyuniversitetet,2020,PHDPROF,Doktorgradsprogram i profesjonsstudier,FU,Forskerutdanning,5,3,2,0
1175,OsloMet – storbyuniversitetet,2020,PHUV,Ph.d.-studium i utdanningsvitenskap for lærerutdanning,FU,Forskerutdanning,6,5,1,0
1175,OsloMet – storbyuniversitetet,2020,PHVIT,Doktorgradsstudium i helsevitenskap,FU,Forskerutdanning,16,12,4,0
1175,OsloMet – storbyuniversitetet,2021,PBIB,PhD program i bibliotek- og informasjonsvitenskap,FU,Forskerutdanning,1,0,1,0
1175,OsloMet – storbyuniversitetet,2021,PENG,PhD program i ingeniørvitenskap,FU,Forskerutdanning,1,0,1,0
1175,OsloMet – storbyuniversitetet,2021,PHBA,Ph.D. in Behavior Analysis,FU,Forskerutdanning,6,4,2,0
1175,OsloMet – storbyuniversitetet,2021,PHDPROF,Doktorgradsprogram i profesjonsstudier,FU,Forskerutdanning,6,4,2,0
1175,OsloMet – storbyuniversitetet,2021,PHDSASP,Doktorgradsprogram i sosialt arbeid og sosialpolitikk,FU,Forskerutdanning,12,7,5,0
1175,OsloMet – storbyuniversitetet,2021,PHUV,Ph.d.-studium i utdanningsvitenskap for lærerutdanning,FU,Forskerutdanning,8,5,3,0
1175,OsloMet – storbyuniversitetet,2021,PHVIT,Doktorgradsstudium i helsevitenskap,FU,Forskerutdanning,15,15,0,0
1175,OsloMet – storbyuniversitetet,2022,PBIB,Ph.d.-program i bibliotek og informasjonsvitenskap,FU,Forskerutdanning,2,2,0,0
1175,OsloMet – storbyuniversitetet,2022,PENG,PhD Programme in Engineering Science,FU,Forskerutdanning,4,0,4,0
1175,OsloMet – storbyuniversitetet,2022,PHBA,PhD Programme in Behavior Analysis,FU,Forskerutdanning,4,3,1,0
1175,OsloMet – storbyuniversitetet,2022,PHDPROF,Ph.d.-program i profesjonsstudier,FU,Forskerutdanning,3,3,0,0
1175,OsloMet – storbyuniversitetet,2022,PHDS,Ph.d.-program i samfunnsvitenskap,FU,Forskerutdanning,3,3,0,0
1175,OsloMet – storbyuniversitetet,2022,PHDSASP,Ph.d.-program i sosialt arbeid og sosialpolitikk,FU,Forskerutdanning,6,4,2,0
1175,OsloMet – storbyuniversitetet,2022,PHUV,Ph.d.-program i utdanningsvitenskap for lærerutdanning,FU,Forskerutdanning,10,9,1,0
1175,OsloMet – storbyuniversitetet,2022,PHVIT,Ph.d.-program i helsevitenskap,FU,Forskerutdanning,13,13,0,0
1175,OsloMet – storbyuniversitetet,2023,PBIB,Ph.d.-program i bibliotek og informasjonsvitenskap,FU,Forskerutdanning,1,1,0,0
1175,OsloMet – storbyuniversitetet,2023,PENG,PhD Programme in Engineering Science,FU,Forskerutdanning,10,4,6,0
1175,OsloMet – storbyuniversitetet,2023,PHBA,PhD Programme in Behavior Analysis,FU,Forskerutdanning,2,2,0,0
1175,OsloMet – storbyuniversitetet,2023,PHDPROF,Ph.d.-program i profesjonsstudier,FU,Forskerutdanning,4,4,0,0
1175,OsloMet – storbyuniversitetet,2023,PHDS,Ph.d.-program i samfunnsvitenskap,FU,Forskerutdanning,2,2,0,0
1175,OsloMet – storbyuniversitetet,2023,PHDSASP,Ph.d.-program i sosialt arbeid og sosialpolitikk,FU,Forskerutdanning,4,4,0,0
1175,OsloMet – storbyuniversitetet,2023,PHUV,Ph.d.-program i utdanningsvitenskap for lærerutdanning,FU,Forskerutdanning,6,5,1,0
1175,OsloMet – storbyuniversitetet,2023,PHVIT,Ph.d.-program i helsevitenskap,FU,Forskerutdanning,18,13,5,0
1175,OsloMet – storbyuniversitetet,2024,PENG,PhD Programme in Engineering Science,FU,Forskerutdanning,7,3,4,0
1175,OsloMet – storbyuniversitetet,2024,PHBA,PhD Programme in Behavior Analysis,FU,Forskerutdanning,2,1,1,0
1175,OsloMet – storbyuniversitetet,2024,PHDPROF,Ph.d.-program i profesjonsstudier,FU,Forskerutdanning,6,3,3,0
1175,OsloMet – storbyuniversitetet,2024,PHDS,Ph.d.-program i samfunnsvitenskap,FU,Forskerutdanning,10,8,2,0
1175,OsloMet – storbyuniversitetet,2024,PHDSASP,Ph.d.-program i sosialt arbeid og sosialpolitikk,FU,Forskerutdanning,2,1,1,0
1175,OsloMet – storbyuniversitetet,2024,PHUV,Ph.d.-program i utdanningsvitenskap for lærerutdanning,FU,Forskerutdanning,13,10,3,0
1175,OsloMet – storbyuniversitetet,2024,PHVIT,Ph.d.-program i helsevitenskap,FU,Forskerutdanning,16,12,4,0
1175,OsloMet – storbyuniversitetet,2025,PBIB,Ph.d.-program i bibliotek og informasjonsvitenskap,FU,Forskerutdanning,1,1,0,0
1175,OsloMet – storbyuniversitetet,2025,PENG,PhD Programme in Engineering Science,FU,Forskerutdanning,8,2,6,0
1175,OsloMet – storbyuniversitetet,2025,PHBA,PhD Programme in Behavior Analysis,FU,Forskerutdanning,2,2,0,0
1175,OsloMet – storbyuniversitetet,2025,PHDPROF,Ph.d.-program i profesjonsstudier,FU,Forskerutdanning,7,4,3,0
1175,OsloMet – storbyuniversitetet,2025,PHDS,Ph.d.-program i samfunnsvitenskap,FU,Forskerutdanning,9,6,3,0
1175,OsloMet – storbyuniversitetet,2025,PHUV,Ph.d.-program i utdanningsvitenskap for lærerutdanning,FU,Forskerutdanning,11,7,4,0
1175,OsloMet – storbyuniversitetet,2025,PHVIT,Ph.d.-program i helsevitenskap,FU,Forskerutdanning,31,22,9,0
1176,Universitetet i Sørøst-Norge,2019,PHDHEALTH,Ph.d. i personorientert helsearbeid,FU,Forskerutdanning,4,4,0,0
1176,Universitetet i Sørøst-Norge,2019,PHD-KULTUR,Ph.d. i kulturstudier,FU,Forskerutdanning,4,2,2,0
1176,Universitetet i Sørøst-Norge,2019,PHDMAR,PhD in Marketing Management,FU,Forskerutdanning,5,1,4,0
1176,Universitetet i Sørøst-Norge,2019,PHDMNT,PhD i anvendte mikro- og nanosystemer,FU,Forskerutdanning,6,1,5,0
1176,Universitetet i Sørøst-Norge,2019,PHDPBS,Ph.d. i pedagogiske ressurser og læreprosesser i barnehage og skole,FU,Forskerutdanning,4,4,0,0
1176,Universitetet i Sørøst-Norge,2019,PHD-TF,"PhD-program i prosess-, energi- og automatiseringsteknikk",FU,Forskerutdanning,8,3,5,0
1176,Universitetet i Sørøst-Norge,2019,PHD-ØKOLOG,Ph.d. i økologi,FU,Forskerutdanning,3,2,1,0
1176,Universitetet i Sørøst-Norge,2020,PHDHEALTH,Ph.d. i personorientert helsearbeid,FU,Forskerutdanning,5,5,0,0
1176,Universitetet i Sørøst-Norge,2020,PHD-KULTUR,Ph.d. i kulturstudier,FU,Forskerutdanning,5,3,2,0
1176,Universitetet i Sørøst-Norge,2020,PHDMNT,PhD i anvendte mikro- og nanosystemer,FU,Forskerutdanning,5,1,4,0
1176,Universitetet i Sørøst-Norge,2020,PHDNAUT,Ph.d.-program i nautiske operasjoner: Fellesgrad,FU,Forskerutdanning,2,1,1,0
1176,Universitetet i Sørøst-Norge,2020,PHDPBS,Ph.d. i pedagogiske ressurser og læreprosesser i barnehage og skole,FU,Forskerutdanning,2,2,0,0
1176,Universitetet i Sørøst-Norge,2020,PHD-TF,"PhD-program i prosess-, energi- og automatiseringsteknikk",FU,Forskerutdanning,8,2,6,0
1176,Universitetet i Sørøst-Norge,2020,PHD-ØKOLOG,Ph.d. i økologi,FU,Forskerutdanning,2,2,0,0
1176,Universitetet i Sørøst-Norge,2021,PHDHEALTH,Ph.d. i personorientert helsearbeid,FU,Forskerutdanning,4,3,1,0
1176,Universitetet i Sørøst-Norge,2021,PHD-KULTUR,Ph.d. i kulturstudier,FU,Forskerutdanning,2,1,1,0
1176,Universitetet i Sørøst-Norge,2021,PHDMAR,PhD in Marketing Management,FU,Forskerutdanning,2,1,1,0
1176,Universitetet i Sørøst-Norge,2021,PHDMNT,PhD i anvendte mikro- og nanosystemer,FU,Forskerutdanning,2,1,1,0
1176,Universitetet i Sørøst-Norge,2021,PHDPBS,Ph.d. i pedagogiske ressurser og læreprosesser i barnehage og skole,FU,Forskerutdanning,4,4,0,0
1176,Universitetet i Sørøst-Norge,2021,PHD-TF,"PhD-program i prosess-, energi- og automatiseringsteknikk",FU,Forskerutdanning,6,2,4,0
1176,Universitetet i Sørøst-Norge,2021,PHD-ØKOLOG,Ph.d. i økologi,FU,Forskerutdanning,7,2,5,0
1176,Universitetet i Sørøst-Norge,2022,DPHILHE,Dr. philos. fak HE,FU,Forskerutdanning,1,0,1,0
1176,Universitetet i Sørøst-Norge,2022,PHDHEALTH,Ph.d. i personorientert helsearbeid,FU,Forskerutdanning,6,4,2,0
1176,Universitetet i Sørøst-Norge,2022,PHD-KULTUR,Ph.d. i kulturstudier,FU,Forskerutdanning,6,5,1,0
1176,Universitetet i Sørøst-Norge,2022,PHDMAR,PhD in Marketing Management,FU,Forskerutdanning,2,0,2,0
1176,Universitetet i Sørøst-Norge,2022,PHDMNT,PhD i anvendte mikro- og nanosystemer,FU,Forskerutdanning,2,0,2,0
1176,Universitetet i Sørøst-Norge,2022,PHDNAUT,Ph.d.-program i nautiske operasjoner: Fellesgrad,FU,Forskerutdanning,3,3,0,0
1176,Universitetet i Sørøst-Norge,2022,PHDPBS,Ph.d. i pedagogiske ressurser og læreprosesser i barnehage og skole,FU,Forskerutdanning,7,6,1,0
1176,Universitetet i Sørøst-Norge,2022,PHD-TF,"PhD-program i prosess-, energi- og automatiseringsteknikk",FU,Forskerutdanning,6,2,4,0
1176,Universitetet i Sørøst-Norge,2022,PHD-ØKOLOG,Ph.d. i økologi,FU,Forskerutdanning,3,2,1,0
1176,Universitetet i Sørøst-Norge,2023,PHDHEALTH,Ph.d. i personorientert helsearbeid,FU,Forskerutdanning,10,10,0,0
1176,Universitetet i Sørøst-Norge,2023,PHD-KULTUR,Ph.d. i kulturstudier,FU,Forskerutdanning,4,3,1,0
1176,Universitetet i Sørøst-Norge,2023,PHDMNT,PhD i anvendte mikro- og nanosystemer,FU,Forskerutdanning,5,1,4,0
1176,Universitetet i Sørøst-Norge,2023,PHDNAUT,Ph.d.-program i nautiske operasjoner: Fellesgrad,FU,Forskerutdanning,1,0,1,0
1176,Universitetet i Sørøst-Norge,2023,PHDPBS,Ph.d. i pedagogiske ressurser og læreprosesser i barnehage og skole,FU,Forskerutdanning,3,3,0,0
1176,Universitetet i Sørøst-Norge,2023,PHD-TF,"PhD-program i prosess-, energi- og automatiseringsteknikk",FU,Forskerutdanning,3,0,3,0
1176,Universitetet i Sørøst-Norge,2023,PHD-ØKOLOG,Ph.d. i økologi,FU,Forskerutdanning,4,2,2,0
1176,Universitetet i Sørøst-Norge,2024,PHDHEALTH,Ph.d. i personorientert helsearbeid,FU,Forskerutdanning,8,7,1,0
1176,Universitetet i Sørøst-Norge,2024,PHD-KULTUR,Ph.d. i kulturstudier,FU,Forskerutdanning,5,3,2,0
1176,Universitetet i Sørøst-Norge,2024,PHDMAR,PhD in Marketing Management,FU,Forskerutdanning,2,1,1,0
1176,Universitetet i Sørøst-Norge,2024,PHDMNT,PhD i anvendte mikro- og nanosystemer,FU,Forskerutdanning,4,1,3,0
1176,Universitetet i Sørøst-Norge,2024,PHDNAUT,Ph.d.-program i nautiske operasjoner: Fellesgrad,FU,Forskerutdanning,2,0,2,0
1176,Universitetet i Sørøst-Norge,2024,PHDPBS,Ph.d. i pedagogiske ressurser og læreprosesser i barnehage og skole,FU,Forskerutdanning,7,6,1,0
1176,Universitetet i Sørøst-Norge,2024,PHDTEK,Ph.d. i teknologi,FU,Forskerutdanning,1,0,1,0
1176,Universitetet i Sørøst-Norge,2024,PHD-TF,"PhD-program i prosess-, energi- og automatiseringsteknikk",FU,Forskerutdanning,8,3,5,0
1176,Universitetet i Sørøst-Norge,2024,PHD-ØKOLOG,Ph.d. i økologi,FU,Forskerutdanning,4,3,1,0
1176,Universitetet i Sørøst-Norge,2025,PHDHEALTH,Ph.d. i personorientert helsearbeid,FU,Forskerutdanning,4,4,0,0
1176,Universitetet i Sørøst-Norge,2025,PHDHKU,"Ph.d. i humaniora, kultur- og utdanningsvitenskap",FU,Forskerutdanning,7,7,0,0
1176,Universitetet i Sørøst-Norge,2025,PHD-KULTUR,Ph.d. i kulturstudier,FU,Forskerutdanning,2,0,2,0
1176,Universitetet i Sørøst-Norge,2025,PHDMAN,Ph.d. i ledelse,FU,Forskerutdanning,4,1,3,0
1176,Universitetet i Sørøst-Norge,2025,PHDMAR,PhD in Marketing Management,FU,Forskerutdanning,3,2,1,0
1176,Universitetet i Sørøst-Norge,2025,PHDMNT,PhD i anvendte mikro- og nanosystemer,FU,Forskerutdanning,3,1,2,0
1176,Universitetet i Sørøst-Norge,2025,PHDNAUT,Ph.d.-program i nautiske operasjoner: Fellesgrad,FU,Forskerutdanning,1,0,1,0
1176,Universitetet i Sørøst-Norge,2025,PHDPBS,Ph.d. i pedagogiske ressurser og læreprosesser i barnehage og skole,FU,Forskerutdanning,8,6,2,0
1176,Universitetet i Sørøst-Norge,2025,PHDPHS,"Ph.d. i person, helse og samfunn",FU,Forskerutdanning,1,1,0,0
1176,Universitetet i Sørøst-Norge,2025,PHDTEK,Ph.d. i teknologi,FU,Forskerutdanning,2,2,0,0
1176,Universitetet i Sørøst-Norge,2025,PHD-TF,"PhD-program i prosess-, energi- og automatiseringsteknikk",FU,Forskerutdanning,4,2,2,0
1176,Universitetet i Sørøst-Norge,2025,PHD-ØKOLOG,Ph.d. i økologi,FU,Forskerutdanning,2,0,2,0
1177,Universitetet i Innlandet,2025,PHD2PRLU,Ph.d. i utdanningsvitenskapelige fag,FU,Forskerutdanning,6,4,2,0
1177,Universitetet i Innlandet,2025,PHD6AE,PhD in Applied Ecology and Biotechnology,FU,Forskerutdanning,5,5,0,0
1177,Universitetet i Innlandet,2025,PHDBUK,Barn og unges deltakelse og kompetanseutvikling,FU,Forskerutdanning,4,2,2,0
1177,Universitetet i Innlandet,2025,PHDHEV,Helse og velferd,FU,Forskerutdanning,3,2,1,0
1177,Universitetet i Innlandet,2025,PHDINTOP,Innovasjon i tjenesteyting i offentlig og privat sektor,FU,Forskerutdanning,3,0,3,0
1210,Norges musikkhøgskole,2019,DRGR,Doktorgradsprogrammet,FU,Forskerutdanning,1,0,1,0
1210,Norges musikkhøgskole,2019,PHDKU,Ph.d.-programmet i kunstnerisk utviklingsarbeid i musikk,FU,Forskerutdanning,1,1,0,0
1210,Norges musikkhøgskole,2020,DRGR,Doktorgradsprogrammet,FU,Forskerutdanning,3,1,2,0
1210,Norges musikkhøgskole,2020,PHDKU,Ph.d.-programmet i kunstnerisk utviklingsarbeid i musikk,FU,Forskerutdanning,4,1,3,0
1210,Norges musikkhøgskole,2021,DRGR,Doktorgradsprogrammet,FU,Forskerutdanning,3,2,1,0
1210,Norges musikkhøgskole,2021,PHDKU,Ph.d.-programmet i kunstnerisk utviklingsarbeid i musikk,FU,Forskerutdanning,1,0,1,0
1210,Norges musikkhøgskole,2022,DRGR,Doktorgradsprogrammet,FU,Forskerutdanning,6,1,5,0
1210,Norges musikkhøgskole,2022,PHDKU,Ph.d.-programmet i kunstnerisk utviklingsarbeid i musikk,FU,Forskerutdanning,4,1,3,0
1210,Norges musikkhøgskole,2023,DRGR,Doktorgradsprogrammet,FU,Forskerutdanning,7,6,1,0
1210,Norges musikkhøgskole,2023,PHDKU,Ph.d.-programmet i kunstnerisk utviklingsarbeid i musikk,FU,Forskerutdanning,3,0,3,0
1210,Norges musikkhøgskole,2024,DRGR,Ph.d.-programmet i musikkforskning,FU,Forskerutdanning,4,2,2,0
1210,Norges musikkhøgskole,2024,PHDKU,Ph.d.-programmet i kunstnerisk utviklingsarbeid i musikk,FU,Forskerutdanning,5,3,2,0
1210,Norges musikkhøgskole,2025,DRGR,Ph.d.-programmet i musikkforskning,FU,Forskerutdanning,3,3,0,0
1210,Norges musikkhøgskole,2025,PHDKU,Ph.d.-programmet i kunstnerisk utviklingsarbeid i musikk,FU,Forskerutdanning,3,3,0,0
1220,Arkitektur- og designhøgskolen i Oslo,2019,DOKTOR,Doktorgrad,FU,Forskerutdanning,3,0,3,0
1220,Arkitektur- og designhøgskolen i Oslo,2020,DOKTOR,Doktorgrad,FU,Forskerutdanning,7,5,2,0
1220,Arkitektur- og designhøgskolen i Oslo,2021,DOKTOR,Doktorgrad,FU,Forskerutdanning,8,3,5,0
1220,Arkitektur- og designhøgskolen i Oslo,2022,DOKTOR,Doktorgrad,FU,Forskerutdanning,6,4,2,0
1220,Arkitektur- og designhøgskolen i Oslo,2023,DOKTOR,Doktorgrad,FU,Forskerutdanning,2,0,2,0
1220,Arkitektur- og designhøgskolen i Oslo,2024,DOKTOR,Doktorgrad,FU,Forskerutdanning,7,3,4,0
1220,Arkitektur- og designhøgskolen i Oslo,2025,DOKTOR,Doktorgrad,FU,Forskerutdanning,6,2,4,0
1240,Norges handelshøyskole,2019,PHD,PhD Programme,FU,Forskerutdanning,17,10,7,0
1240,Norges handelshøyskole,2020,PHD,PhD Programme,FU,Forskerutdanning,13,4,9,0
1240,Norges handelshøyskole,2021,DRPHILOS,Doctor philosophiae (dr. philos.),FU,Forskerutdanning,1,0,1,0
1240,Norges handelshøyskole,2021,PHD,PhD Programme,FU,Forskerutdanning,16,7,9,0
1240,Norges handelshøyskole,2022,PHD,PhD Programme,FU,Forskerutdanning,19,7,12,0
1240,Norges handelshøyskole,2023,PHD,PhD Programme,FU,Forskerutdanning,20,6,14,0
1240,Norges handelshøyskole,2024,PHD,PhD Programme,FU,Forskerutdanning,21,9,12,0
1240,Norges handelshøyskole,2025,PHD,PhD Programme,FU,Forskerutdanning,18,10,8,0
1260,Norges idrettshøgskole,2019,PHD,Philosophiae doctor (ph.d.),FU,Forskerutdanning,11,9,2,0
1260,Norges idrettshøgskole,2020,PHD,Philosophiae doctor (ph.d.),FU,Forskerutdanning,11,7,4,0
1260,Norges idrettshøgskole,2021,PHD,Philosophiae doctor (ph.d.),FU,Forskerutdanning,11,5,6,0
1260,Norges idrettshøgskole,2022,PHD,Philosophiae doctor (ph.d.),FU,Forskerutdanning,8,4,4,0
1260,Norges idrettshøgskole,2023,PHD,Philosophiae doctor (ph.d.),FU,Forskerutdanning,8,7,1,0
1260,Norges idrettshøgskole,2024,PHD,Philosophiae doctor (ph.d.),FU,Forskerutdanning,13,4,9,0
1260,Norges idrettshøgskole,2025,PHD,Philosophiae doctor (ph.d.),FU,Forskerutdanning,9,3,6,0
6220,Kunsthøgskolen i Oslo,2019,DGKU,Doktorgradsprogram i kunstnerisk utviklingsarbeid,FU,Forskerutdanning,6,6,0,0
6220,Kunsthøgskolen i Oslo,2020,DGKU,Doktorgradsprogram i kunstnerisk utviklingsarbeid,FU,Forskerutdanning,7,5,2,0
6220,Kunsthøgskolen i Oslo,2021,DGKU,Doktorgradsprogram i kunstnerisk utviklingsarbeid,FU,Forskerutdanning,1,0,1,0
6220,Kunsthøgskolen i Oslo,2022,DGKU,Doktorgradsprogram i kunstnerisk utviklingsarbeid,FU,Forskerutdanning,4,2,2,0
6220,Kunsthøgskolen i Oslo,2023,DGKU,Doktorgradsprogram i kunstnerisk utviklingsarbeid,FU,Forskerutdanning,4,4,0,0
6220,Kunsthøgskolen i Oslo,2024,DGKU,Doktorgradsprogram i kunstnerisk utviklingsarbeid,FU,Forskerutdanning,6,4,2,0
6220,Kunsthøgskolen i Oslo,2025,DGKU,Doktorgradsprogram i kunstnerisk utviklingsarbeid,FU,Forskerutdanning,6,4,2,0
8208,VID vitenskapelige høgskole,2019,PHD DVP,"Ph.d. - Diakoni, verdier og profesjonell praksis",FU,Forskerutdanning,3,1,2,0
8208,VID vitenskapelige høgskole,2019,PHD THEOL,Philosophiae doctor (PhD) - Teologi og religion,FU,Forskerutdanning,1,0,1,0
8208,VID vitenskapelige høgskole,2020,PHD DVP,"Ph.d. - Diakoni, verdier og profesjonell praksis",FU,Forskerutdanning,7,7,0,0
8208,VID vitenskapelige høgskole,2020,PHD THEOL,Philosophiae doctor (PhD) - Teologi og religion,FU,Forskerutdanning,3,0,3,0
8208,VID vitenskapelige høgskole,2021,PHD DVP,"Ph.d. - Diakoni, verdier og profesjonell praksis",FU,Forskerutdanning,4,4,0,0
8208,VID vitenskapelige høgskole,2021,PHD THEOL,Philosophiae doctor (PhD) - Teologi og religion,FU,Forskerutdanning,4,2,2,0
8208,VID vitenskapelige høgskole,2022,PHD DVP,"Ph.d. - Diakoni, verdier og profesjonell praksis",FU,Forskerutdanning,8,8,0,0
8208,VID vitenskapelige høgskole,2022,PHD THEOL,Philosophiae doctor (PhD) - Teologi og religion,FU,Forskerutdanning,4,3,1,0
8208,VID vitenskapelige høgskole,2023,PHD DVP,"Ph.d. - Diakoni, verdier og profesjonell praksis",FU,Forskerutdanning,7,6,1,0
8208,VID vitenskapelige høgskole,2023,PHD THEOL,Philosophiae doctor (PhD) - Teologi og religion,FU,Forskerutdanning,2,1,1,0
8208,VID vitenskapelige høgskole,2024,PHD DVP,"Ph.d. - Diakoni, verdier og profesjonell praksis",FU,Forskerutdanning,11,10,1,0
8208,VID vitenskapelige høgskole,2024,PHD THEOL,Philosophiae doctor (PhD) - Teologi og religion,FU,Forskerutdanning,5,3,2,0
8208,VID vitenskapelige høgskole,2025,PHD DVP,"Ph.d. - Diakoni, verdier og profesjonell praksis",FU,Forskerutdanning,9,6,3,0
8208,VID vitenskapelige høgskole,2025,PHD THEOL,Philosophiae doctor (PhD) - Teologi og religion,FU,Forskerutdanning,7,3,4,0
8221,MF vitenskapelig høyskole,2019,DRGRAD,Doktorgradsprogram,FU,Forskerutdanning,7,2,5,0
8221,MF vitenskapelig høyskole,2020,DRGRAD,Doktorgradsprogram,FU,Forskerutdanning,4,3,1,0
8221,MF vitenskapelig høyskole,2021,DRGRAD,Doktorgradsprogram,FU,Forskerutdanning,4,3,1,0
8221,MF vitenskapelig høyskole,2022,DRGRAD,Doktorgradsprogram,FU,Forskerutdanning,6,1,5,0
8221,MF vitenskapelig høyskole,2023,DRGRAD,Doktorgradsprogram,FU,Forskerutdanning,7,5,2,0
8221,MF vitenskapelig høyskole,2024,DRGRAD,Doktorgradsprogram,FU,Forskerutdanning,7,3,4,0
8221,MF vitenskapelig høyskole,2024,DRPHILOS,Doktorgradsprogram dr.philos.,FU,Forskerutdanning,1,0,1,0
8221,MF vitenskapelig høyskole,2025,DRGRAD,Doktorgradsprogram,FU,Forskerutdanning,5,3,2,0
8241,Handelshøyskolen BI,2019,DR,Doktorgrad,FU,Forskerutdanning,7,4,3,0
8241,Handelshøyskolen BI,2020,DR,Doktorgrad,FU,Forskerutdanning,7,4,3,0
8241,Handelshøyskolen BI,2021,DR,Doktorgrad,FU,Forskerutdanning,11,4,7,0
8241,Handelshøyskolen BI,2022,DR,Doktorgrad,FU,Forskerutdanning,6,2,4,0
8241,Handelshøyskolen BI,2023,DR,Doktorgrad,FU,Forskerutdanning,16,7,9,0
8241,Handelshøyskolen BI,2024,DR,Doktorgrad,FU,Forskerutdanning,10,4,6,0
8241,Handelshøyskolen BI,2025,DR,Doktorgrad,FU,Forskerutdanning,11,4,7,0
8253,Høyskolen Kristiania,2025,PIT,Ph.d. i anvendt informasjonsteknologi,FU,Forskerutdanning,3,1,2,0
