task,task_no,source
"Review financial statements, sales or activity reports, or other performance data to measure productivity or goal achievement or to identify areas needing cost reduction or program improvement.","Gjennomgå regnskap, salgs- eller aktivitetsrapporter og andre resultatdata for å måle produktivitet eller måloppnåelse, eller for å finne områder som trenger kostnadskutt eller forbedring.",manual 2026-09-07
Greet customers and ascertain what each customer wants or needs.,Ta imot kunder og finne ut hva hver kunde ønsker eller trenger.,manual 2026-09-07
Receive payment or obtain credit authorization.,Ta imot betaling eller innhente kredittgodkjenning.,manual 2026-09-07
"Perform personnel functions, such as selection, training, or evaluation.","Utføre personaloppgaver som utvelgelse, opplæring og vurdering.",manual 2026-09-07
"Recommend, select, and help locate or obtain merchandise based on customer needs and desires.","Anbefale, velge ut og hjelpe kunden med å finne varer ut fra behov og ønsker.",manual 2026-09-07
Direct administrative activities directly related to making products or providing services.,Lede administrative aktiviteter direkte knyttet til produksjon av varer eller levering av tjenester.,manual 2026-09-07
"Develop sustainability project goals, objectives, initiatives, or strategies in collaboration with other sustainability professionals.","Utvikle mål, delmål, tiltak og strategier for bærekraftprosjekter i samarbeid med andre fagfolk på bærekraft.",manual 2026-09-07
"Operate office machines, such as photocopiers and scanners, facsimile machines, voice mail systems, and personal computers.","Betjene kontormaskiner som kopimaskiner, skannere, telefaks, talepostsystemer og datamaskiner.",manual 2026-09-07
Prepare materials and classrooms for class activities.,Klargjøre materiell og klasserom til undervisning.,manual 2026-09-07
Notify managers concerning the need for major repairs or additions to building operating systems.,Varsle ledere om behov for større reparasjoner eller utvidelser av byggets tekniske anlegg.,manual 2026-09-07
Establish and enforce rules for behavior and procedures for maintaining order among students.,Fastsette og håndheve regler for atferd og rutiner for å holde orden blant elevene.,manual 2026-09-07
"Monitor or track sustainability indicators, such as energy usage, natural resource usage, waste generation, and recycling.","Overvåke eller følge bærekraftindikatorer som energibruk, ressursbruk, avfallsmengde og gjenvinning.",manual 2026-09-07
"Assess or propose sustainability initiatives, considering factors such as cost effectiveness, technical feasibility, and acceptance.","Vurdere eller foreslå bærekrafttiltak ut fra kostnadseffektivitet, teknisk gjennomførbarhet og aksept.",manual 2026-09-07
Gather and empty trash.,Samle inn og tømme søppel.,manual 2026-09-07
"Service, clean, or supply restrooms.","Rengjøre, vedlikeholde og fylle opp toaletter.",manual 2026-09-07
"Communicate with customers, employees, and other individuals to answer questions, disseminate or explain information, take orders, and address complaints.","Kommunisere med kunder, ansatte og andre for å svare på spørsmål, formidle eller forklare informasjon, ta imot bestillinger og håndtere klager.",manual 2026-09-07
"Answer telephones, direct calls, and take messages.","Svare på telefoner, sette over samtaler og ta imot beskjeder.",manual 2026-09-07
"Direct engineering activities, ensuring compliance with environmental, safety, or other governmental regulations.","Lede ingeniørarbeid og sikre at miljø-, sikkerhets- og andre myndighetskrav følges.",manual 2026-09-07
Prepare students for later grades by encouraging them to explore learning opportunities and to persevere with challenging tasks.,Forberede elevene på senere trinn ved å oppmuntre dem til å utforske læringsmuligheter og holde ut i krevende oppgaver.,manual 2026-09-07
Listen and provide emotional support and encouragement to psychiatric patients.,Lytte til og gi følelsesmessig støtte og oppmuntring til psykiatriske pasienter.,manual 2026-09-07
Train workers in proper operational procedures and functions and explain company policies.,Lære opp ansatte i riktige arbeidsrutiner og funksjoner og forklare virksomhetens retningslinjer.,manual 2026-09-07
Inspect project sites to monitor progress and ensure conformance to design specifications and safety or sanitation standards.,Inspisere prosjektsteder for å følge fremdriften og sikre samsvar med spesifikasjoner og krav til sikkerhet og hygiene.,manual 2026-09-07
Complete physical checks and monitor patients to detect unusual or harmful behavior and report observations to professional staff.,"Gjennomføre fysiske kontroller og observere pasienter for å oppdage uvanlig eller skadelig atferd, og rapportere til fagpersonell.",manual 2026-09-07
"Estimate quantities and cost of materials, equipment, or labor to determine project feasibility.","Anslå mengder og kostnader for materialer, utstyr eller arbeid for å vurdere om prosjektet lar seg gjennomføre.",manual 2026-09-07
Maintain patients' restrictions to assigned areas.,Sørge for at pasienter holder seg innenfor tildelte områder.,manual 2026-09-07
Analyze problems to develop solutions involving computer hardware and software.,Analysere problemer for å utvikle løsninger som omfatter maskinvare og programvare.,manual 2026-09-07
Assess clients' cognitive abilities and physical and emotional needs to determine appropriate interventions.,Vurdere klienters kognitive evner og fysiske og følelsesmessige behov for å finne riktige tiltak.,manual 2026-09-07
"Observe and evaluate students' performance, behavior, social development, and physical health.","Observere og vurdere elevenes prestasjoner, atferd, sosiale utvikling og fysiske helse.",manual 2026-09-07
"Conduct logical analyses of business, scientific, engineering, and other technical problems, formulating mathematical models of problems for solution by computers.","Gjennomføre logiske analyser av forretningsmessige, vitenskapelige, tekniske og andre problemer og formulere matematiske modeller som datamaskiner kan løse.",manual 2026-09-07
Meet with managers or other supervisors to stay informed of changes affecting operations.,Møte ledere og andre overordnede for å holde seg oppdatert om endringer som påvirker driften.,manual 2026-09-07
"Assign work schedules, following work requirements, to ensure quality and timely delivery of service.",Sette opp arbeidsplaner etter arbeidsbehovet for å sikre kvalitet og levering til rett tid.,manual 2026-09-07
"Operate computers programmed with accounting software to record, store, and analyze information.","Bruke datamaskiner med regnskapsprogramvare til å registrere, lagre og analysere informasjon.",manual 2026-09-07
Submit reports and review reports or problems with superior.,Sende inn rapporter og gjennomgå rapporter eller problemer med overordnet.,manual 2026-09-07
"Check figures, postings, and documents for correct entry, mathematical accuracy, and proper codes.","Kontrollere tall, posteringer og bilag for riktig føring, regnefeil og riktige koder.",manual 2026-09-07
Provide information or refer individuals to public or private agencies or community services for assistance.,Gi informasjon eller henvise personer til offentlige eller private etater eller hjelpetjenester.,manual 2026-09-07
"Operate 10-key calculators, typewriters, and copy machines to perform calculations and produce documents.","Bruke regnemaskiner, skrivemaskiner og kopimaskiner til å regne og lage dokumenter.",manual 2026-09-07
"Apply theoretical expertise and innovation to create or apply new technology, such as adapting principles for applying computers to new uses.","Bruke teoretisk ekspertise og nyskaping til å utvikle eller ta i bruk ny teknologi, for eksempel ved å bruke datamaskiner på nye områder.",manual 2026-09-07
"Review processing schedules or production orders to make decisions concerning inventory requirements, staffing requirements, work procedures, or duty assignments, considering budgetary limitations and time constraints.","Gjennomgå produksjonsplaner eller ordrer for å ta beslutninger om lagerbehov, bemanning, arbeidsrutiner og arbeidsfordeling innenfor budsjett og tidsfrister.",manual 2026-09-07
"Evaluate and grade examinations, assignments, or papers, and record grades.","Vurdere og karaktersette eksamener, innleveringer og oppgaver, og registrere karakterer.",manual 2026-09-07
"Examine shipment contents and compare with records, such as manifests, invoices, or orders, to verify accuracy.","Kontrollere innholdet i forsendelser mot dokumenter som fraktlister, fakturaer og ordrer for å sjekke at det stemmer.",manual 2026-09-07
"Direct, supervise and evaluate work activities of medical, nursing, technical, clerical, service, maintenance, and other personnel.","Lede, veilede og vurdere arbeidet til medisinsk, pleiefaglig, teknisk, administrativt og annet personell.",manual 2026-09-07
Teach undergraduate-level courses.,Undervise på bachelornivå.,manual 2026-09-07
"Develop teaching materials, such as syllabi, visual aids, answer keys, supplementary notes, or course Web sites.","Utvikle undervisningsmateriell som emneplaner, visuelle hjelpemidler, fasiter, tilleggsnotater og emnesider på nett.",manual 2026-09-07
Follow established safety rules and regulations and maintain a safe and clean environment.,Følge fastsatte sikkerhetsregler og holde arbeidsmiljøet trygt og rent.,manual 2026-09-07
"Direct or coordinate production, processing, distribution, or marketing activities of industrial organizations.","Lede eller koordinere produksjon, bearbeiding, distribusjon eller markedsføring i industribedrifter.",manual 2026-09-07
Review operations and confer with technical or administrative staff to resolve production or processing problems.,Gjennomgå driften og rådføre seg med teknisk eller administrativt personale for å løse produksjonsproblemer.,manual 2026-09-07
Present drafts and ideas to clients.,Presentere utkast og ideer for kunder.,manual 2026-09-07
"Establish work schedules and assignments for staff, according to workload, space, and equipment availability.","Sette opp arbeidsplaner og fordele oppgaver etter arbeidsmengde, plass og tilgjengelig utstyr.",manual 2026-09-07
"Develop and maintain computerized record management systems to store and process data, such as personnel activities and information, and to produce reports.","Utvikle og vedlikeholde elektroniske arkivsystemer for å lagre og behandle data, for eksempel om personal, og lage rapporter.",manual 2026-09-07
Enforce safety rules and regulations.,Håndheve sikkerhetsregler og forskrifter.,manual 2026-09-07
"Modify, maintain, or repair electronics equipment or systems to ensure proper functioning.","Endre, vedlikeholde eller reparere elektronisk utstyr og systemer så de fungerer som de skal.",manual 2026-09-07
Document clients' progress toward meeting established treatment objectives.,Dokumentere klientenes fremgang mot fastsatte behandlingsmål.,manual 2026-09-07
"Interpret the results of all methods of non-destructive testing (NDT), such as acoustic emission, electromagnetic, leak, liquid penetrant, magnetic particle, neutron radiographic, radiographic, thermal or infrared, ultrasonic, vibration analysis, and visual testing.","Tolke resultater fra alle former for ikke-destruktiv testing (NDT), som akustisk emisjon, elektromagnetisk, lekkasje-, penetrant-, magnetpulver-, nøytron- og røntgenradiografisk, termisk, ultralyd-, vibrasjons- og visuell testing.",manual 2026-09-07
Provide staff with assistance in performing difficult or complicated duties.,Hjelpe ansatte med vanskelige eller kompliserte oppgaver.,manual 2026-09-07
"Discuss with the client the product, advertising themes and methods, and any changes that should be made in advertising copy.","Drøfte produktet, reklametemaer og metoder med kunden, og hvilke endringer som bør gjøres i reklameteksten.",manual 2026-09-07
Vary language and tone of messages based on product and medium.,Tilpasse språk og tone i budskap etter produkt og medium.,manual 2026-09-07
Adapt teaching methods and instructional materials to meet students' varying needs and interests.,Tilpasse undervisningsmetoder og læremidler til elevenes ulike behov og interesser.,manual 2026-09-07
"Feed and water animals, and clean and disinfect pens, cages, yards, and hutches.","Fôre og vanne dyr, og rengjøre og desinfisere binger, bur, luftegårder og hytter.",manual 2026-09-07
"Measure and mark cutting lines on materials, using a ruler, pencil, chalk, and marking gauge.","Måle og merke skjærelinjer på materialer med linjal, blyant, kritt og rissmål.",manual 2026-09-07
"Study specifications in blueprints, sketches, or building plans to prepare project layout and determine dimensions and materials required.","Studere spesifikasjoner i tegninger, skisser eller byggeplaner for å planlegge arbeidet og fastslå mål og materialbehov.",manual 2026-09-07
"Instruct students individually and in groups, using various teaching methods, such as lectures, discussions, and demonstrations.","Undervise elever enkeltvis og i grupper med ulike metoder som forelesning, diskusjon og demonstrasjon.",manual 2026-09-07
Participate in faculty and college committee activities.,Delta i fakultets- og høyskoleutvalg.,manual 2026-09-07
Manage the coordination and overall integration of technical activities in architecture or engineering projects.,Lede koordineringen og den samlede integreringen av tekniske aktiviteter i arkitekt- eller ingeniørprosjekter.,manual 2026-09-07
"Select animals to be bred, and semen specimens to be used, according to knowledge of animals, genealogies, traits, and desired offspring characteristics.","Velge ut avlsdyr og sædprøver ut fra kunnskap om dyr, avstamning, egenskaper og ønskede egenskaper hos avkommet.",manual 2026-09-07
"Observe animals in heat to detect approach of estrus and exercise animals to induce or hasten estrus, if necessary.","Observere dyr i brunst for å oppdage brunstperioden, og mosjonere dyrene for å fremkalle eller fremskynde brunst ved behov.",manual 2026-09-07
"Confer or correspond with establishment representatives to rectify problems, such as damages, shortages, or nonconformance to specifications.","Rådføre seg eller korrespondere med representanter for virksomheter for å rette opp problemer som skader, manko eller avvik fra spesifikasjoner.",manual 2026-09-07
"Record shipment data, such as weight, charges, space availability, damages, or discrepancies, for reporting, accounting, or recordkeeping purposes.","Registrere fraktdata som vekt, gebyrer, ledig plass, skader og avvik til rapportering, regnskap og arkiv.",manual 2026-09-07
Place food servings on plates or trays according to orders or instructions.,Legge porsjoner på tallerkener eller brett etter bestilling eller instruks.,manual 2026-09-07
"Interpret or evaluate test results in accordance with applicable codes, standards, specifications, or procedures.","Tolke eller vurdere testresultater etter gjeldende koder, standarder, spesifikasjoner eller prosedyrer.",manual 2026-09-07
"Design complex graphics and animation, using independent judgment, creativity, and computer equipment.","Utforme avansert grafikk og animasjon med eget skjønn, kreativitet og datautstyr.",manual 2026-09-07
"Set up and operate specialized or standard test equipment to diagnose, test, or analyze the performance of electronic components, assemblies, or systems.","Sette opp og bruke spesialisert eller standard testutstyr til å diagnostisere, teste eller analysere ytelsen til elektroniske komponenter, enheter eller systemer.",manual 2026-09-07
Record patients' medical information and vital signs.,Registrere pasientenes medisinske opplysninger og vitale tegn.,manual 2026-09-07
"Set up, maintain, calibrate, clean, and test sterility of medical laboratory equipment.","Sette opp, vedlikeholde, kalibrere, rengjøre og sterilitetsteste utstyr i medisinske laboratorier.",manual 2026-09-07
"Design or coordinate successive phases of problem analysis, solution proposals, or testing.","Utforme eller koordinere faser i problemanalyse, løsningsforslag eller testing.",manual 2026-09-07
"Review project activities and prepare and review research, testing, or operational reports.","Gjennomgå prosjektaktiviteter og utarbeide og gjennomgå forsknings-, test- eller driftsrapporter.",manual 2026-09-07
Resolve worker problems or collaborate with employees to assist in problem resolution.,Løse problemer for ansatte eller samarbeide med dem om løsninger.,manual 2026-09-07
"Interpret transportation or tariff regulations, shipping orders, safety regulations, or company policies and procedures for workers.","Tolke transport- eller tariffregler, fraktordrer, sikkerhetsregler og virksomhetens retningslinjer for de ansatte.",manual 2026-09-07
"Inspect work progress, equipment, or construction sites to verify safety or to ensure that specifications are met.","Inspisere arbeidets fremdrift, utstyr eller byggeplasser for å kontrollere sikkerheten og at spesifikasjonene følges.",manual 2026-09-07
"Hire, train, and evaluate personnel.","Ansette, lære opp og vurdere personale.",manual 2026-09-07
Inspect food products and processing procedures to determine whether products are safe to eat.,Inspisere matvarer og produksjonsprosesser for å avgjøre om produktene er trygge å spise.,manual 2026-09-07
"Collect and record growth, production, and environmental data.","Samle inn og registrere data om vekst, produksjon og miljø.",manual 2026-09-07
"Replace defective components or parts, using hand tools and precision instruments.",Skifte ut defekte komponenter eller deler med håndverktøy og presisjonsinstrumenter.,manual 2026-09-07
"Teach basic skills, such as color, shape, number and letter recognition, personal hygiene, and social skills.","Lære barn grunnleggende ferdigheter som farger, former, tall og bokstaver, personlig hygiene og sosiale ferdigheter.",manual 2026-09-07
Analyze user needs and software requirements to determine feasibility of design within time and cost constraints.,Analysere brukerbehov og krav til programvare for å vurdere om utformingen lar seg gjennomføre innenfor tid og kostnad.,manual 2026-09-07
Prepare students for further development by encouraging them to explore learning opportunities and to persevere with challenging tasks.,Forberede elevene på videre utvikling ved å oppmuntre dem til å utforske læringsmuligheter og holde ut i krevende oppgaver.,manual 2026-09-07
Observe and listen to machinery operation to detect equipment malfunctions.,Observere og lytte til maskiner i drift for å oppdage feil på utstyret.,manual 2026-09-07
"Operate or tend equipment used in agricultural production, such as tractors, combines, and irrigation equipment.","Kjøre eller betjene utstyr i landbruksproduksjon, som traktorer, skurtreskere og vanningsanlegg.",manual 2026-09-07
"Drive pilings to provide support for buildings or other structures, using heavy equipment with a pile driver head.",Slå ned peler som fundament for bygninger eller andre konstruksjoner med tungt utstyr med pelehammer.,manual 2026-09-07
"Clean rooms, hallways, lobbies, lounges, restrooms, corridors, elevators, stairways, locker rooms, and other work areas so that health standards are met.","Rengjøre rom, korridorer, resepsjoner, oppholdsrom, toaletter, heiser, trapper, garderober og andre arbeidsområder slik at helsekravene oppfylles.",manual 2026-09-07
"Interview patients to obtain medical information and measure their vital signs, weight, and height.","Intervjue pasienter for å innhente medisinske opplysninger og måle vitale tegn, vekt og høyde.",manual 2026-09-07
Clean and sterilize instruments and dispose of contaminated supplies.,Rengjøre og sterilisere instrumenter og kaste kontaminert materiell.,manual 2026-09-07
"Prepare treatment rooms for patient examinations, keeping the rooms neat and clean.",Klargjøre behandlingsrom til pasientundersøkelser og holde rommene ryddige og rene.,manual 2026-09-07
Prepare reports on non-destructive testing results.,Skrive rapporter om resultater fra ikke-destruktiv testing.,manual 2026-09-07
"Create basic designs, drawings, and illustrations for product labels, cartons, direct mail, or television.","Lage enkle design, tegninger og illustrasjoner til produktetiketter, emballasje, direktereklame eller TV.",manual 2026-09-07
"Participate in design and production of multimedia campaigns, handling budgeting and scheduling, and assisting with such responsibilities as production coordination, background design, and progress tracking.","Delta i utforming og produksjon av multimediekampanjer, med budsjett og fremdriftsplan, og bistå med produksjonskoordinering, bakgrunnsdesign og fremdriftsoppfølging.",manual 2026-09-07
"Plan and prepare work schedules, and assign employees to specific duties.",Planlegge og utarbeide arbeidsplaner og fordele ansatte på bestemte oppgaver.,manual 2026-09-07
"Read copy or proof to detect and correct errors in spelling, punctuation, and syntax.","Lese manus eller korrektur for å finne og rette feil i staving, tegnsetting og setningsbygning.",manual 2026-09-07
"Verify facts, dates, and statistics, using standard reference sources.","Kontrollere fakta, datoer og statistikk mot standard oppslagsverk.",manual 2026-09-07
Identify and recruit potential volunteer workers.,Finne og rekruttere mulige frivillige.,manual 2026-09-07
Administer medications to patients and monitor patients for reactions or side effects.,Gi pasienter legemidler og overvåke reaksjoner og bivirkninger.,manual 2026-09-07
"Maintain accurate, detailed reports and records.",Føre nøyaktige og detaljerte rapporter og journaler.,manual 2026-09-07
"Establish operational policies and procedures and make any necessary modifications, based on analysis of operations, demographics, and other research information.","Fastsette driftsrutiner og prosedyrer og endre dem ved behov ut fra analyser av driften, demografi og annen informasjon.",manual 2026-09-07
"Conduct chemical analyses of body fluids, such as blood or urine, using microscope or automatic analyzer to detect abnormalities or diseases and enter findings into computer.","Gjøre kjemiske analyser av kroppsvæsker som blod og urin med mikroskop eller automatisk analyseapparat for å oppdage avvik eller sykdom, og registrere funnene.",manual 2026-09-07
"Analyze the results of tests or experiments to ensure conformity to specifications, using special mechanical or electrical devices.",Analysere resultater av tester eller forsøk med mekaniske eller elektriske instrumenter for å sikre samsvar med spesifikasjoner.,manual 2026-09-07
"Conduct research on the structures and properties of materials, such as metals, alloys, polymers, and ceramics, to obtain information that could be used to develop new products or enhance existing ones.","Forske på struktur og egenskaper hos materialer som metaller, legeringer, polymerer og keramer for å utvikle nye produkter eller forbedre eksisterende.",manual 2026-09-07
"Prepare reports, manuscripts, proposals, and technical manuals for use by other scientists and requestors, such as sponsors and customers.","Utarbeide rapporter, manuskripter, søknader og tekniske håndbøker for andre forskere og oppdragsgivere som sponsorer og kunder.",manual 2026-09-07
"Study economic and statistical data in area of specialization, such as finance, labor, or agriculture.","Studere økonomiske og statistiske data innen et spesialområde som finans, arbeidsmarked eller landbruk.",manual 2026-09-07
"Compile, analyze, and report data to explain economic phenomena and forecast market trends, applying mathematical models and statistical techniques.","Samle, analysere og rapportere data for å forklare økonomiske fenomener og varsle markedsutviklingen med matematiske modeller og statistiske metoder.",manual 2026-09-07
"Study the socioeconomic impacts of new public policies, such as proposed legislation, taxes, services, and regulations.","Studere de samfunnsøkonomiske virkningene av ny politikk, som lovforslag, skatter, tjenester og reguleringer.",manual 2026-09-07
"Conduct engineering site audits to collect structural, electrical, and related site information for use in the design of residential or commercial solar power systems.","Gjennomføre tekniske befaringer for å samle inn informasjon om konstruksjon, elektrisk anlegg og annet til utforming av solcelleanlegg for boliger eller næringsbygg.",manual 2026-09-07
"Reline or repair ladles and pouring spouts with refractory clay, using trowels.",Fôre eller reparere støpeøser og tuter med ildfast leire ved hjelp av murskje.,manual 2026-09-07
"Direct daily operations of department, analyzing workflow, establishing priorities, developing standards and setting deadlines.","Lede den daglige driften av en avdeling: analysere arbeidsflyt, prioritere, utvikle standarder og sette frister.",manual 2026-09-07
"Supervise students in classrooms, halls, cafeterias, school yards, and gymnasiums, or on field trips.","Ha tilsyn med elever i klasserom, ganger, kantiner, skolegårder og gymsaler, og på turer.",manual 2026-09-07
Confer with department supervisors or other personnel to assess progress and discuss needed changes.,Rådføre seg med avdelingsledere eller andre for å vurdere fremdrift og drøfte nødvendige endringer.,manual 2026-09-07
Distribute production schedules or work orders to departments.,Fordele produksjonsplaner eller arbeidsordrer til avdelingene.,manual 2026-09-07
"Arrange for delivery, assembly, or distribution of supplies or parts to expedite flow of materials and meet production schedules.","Ordne levering, montering eller fordeling av materiell og deler for å sikre materialflyt og holde produksjonsplaner.",manual 2026-09-07
"Schedule or dispatch workers, work crews, equipment, or service vehicles to appropriate locations, according to customer requests, specifications, or needs, using radios or telephones.","Sette opp eller sende ut ansatte, arbeidslag, utstyr eller servicebiler til riktige steder etter kundenes ønsker, spesifikasjoner eller behov, via radio eller telefon.",manual 2026-09-07
"Monitor food distribution, ensuring that meals are delivered to the correct recipients and that guidelines, such as those for special diets, are followed.","Følge med på matutdelingen og sikre at måltider når riktig mottaker og at retningslinjer, for eksempel for spesialkost, følges.",manual 2026-09-07
Examine trays to ensure that they contain required items.,Kontrollere at brettene inneholder det som skal være der.,manual 2026-09-07
"Unscrew or tighten pipes, casing, tubing, and pump rods, using hand and power wrenches and tongs.","Skru løs eller trekke til rør, foringsrør, tubing og pumpestenger med hånd- og maskinverktøy og tenger.",manual 2026-09-07
Gauge oil and gas production.,Måle olje- og gassproduksjonen.,manual 2026-09-07
Interpret and enforce government acts and regulations and explain required standards to agricultural workers.,Tolke og håndheve lover og forskrifter og forklare krav til landbruksarbeidere.,manual 2026-09-07
"Inspect agricultural commodities or related operations, as well as fish or logging operations, for compliance with laws and regulations governing health, quality, and safety.","Inspisere landbruksprodukter og tilknyttet virksomhet, samt fiske- og skogsdrift, for å kontrollere at lover og regler om helse, kvalitet og sikkerhet følges.",manual 2026-09-07
Implement treatment plans or protocols as directed by speech-language pathologists.,Gjennomføre behandlingsplaner eller opplegg etter anvisning fra logoped.,manual 2026-09-07
Collect and compile data to document clients' performance or assess program quality.,Samle inn og sammenstille data for å dokumentere klientenes resultater eller vurdere programkvalitet.,manual 2026-09-07
"Supervise, coordinate, or schedule the activities of construction or extractive workers.","Lede, koordinere eller planlegge arbeidet til bygg- og anleggsarbeidere eller arbeidere i utvinning.",manual 2026-09-07
"Thin and space trees and control weeds and undergrowth, using manual tools and chemicals, or supervise workers performing these tasks.","Tynne og sette avstand mellom trær og fjerne ugress og underskog med håndverktøy og kjemikalier, eller lede arbeidere som gjør det.",manual 2026-09-07
"Provide information about, and enforce, regulations, such as those concerning environmental protection, resource utilization, fire safety, and accident prevention.","Informere om og håndheve regler om for eksempel miljøvern, ressursbruk, brannsikkerhet og ulykkesforebygging.",manual 2026-09-07
"Train and lead forest and conservation workers in seasonal activities, such as planting tree seedlings, putting out forest fires, and maintaining recreational facilities.","Lære opp og lede skogs- og naturvernarbeidere i sesongarbeid som planting, slokking av skogbrann og vedlikehold av friluftsanlegg.",manual 2026-09-07
"Read, evaluate and edit manuscripts or other materials submitted for publication, and confer with authors regarding changes in content, style or organization, or publication.","Lese, vurdere og redigere manuskripter eller annet materiale innsendt for publisering, og drøfte endringer i innhold, stil eller oppbygning med forfatterne.",manual 2026-09-07
Respond to requests for information from the media or designate an appropriate spokesperson or information source.,"Svare på henvendelser fra mediene, eller utpeke en egnet talsperson eller informasjonskilde.",manual 2026-09-07
"Plan or direct development or communication of programs to maintain favorable public or stockholder perceptions of an organization's accomplishments, agenda, or environmental responsibility.","Planlegge eller lede utvikling og formidling av programmer som skal opprettholde et godt inntrykk hos publikum eller aksjonærer av virksomhetens resultater, dagsorden eller miljøansvar.",manual 2026-09-07
Post and update content on the company's Web site and social media outlets.,Legge ut og oppdatere innhold på virksomhetens nettsted og i sosiale medier.,manual 2026-09-07
Inspect or review projects to monitor compliance with building and safety codes or other regulations.,Inspisere eller gjennomgå prosjekter for å kontrollere at bygge- og sikkerhetsforskrifter og andre regler følges.,manual 2026-09-07
Warn violators of infractions or penalties.,Advare overtredere om lovbrudd eller sanksjoner.,manual 2026-09-07
"Advise licensees or other individuals or groups concerning licensing, permit, or passport regulations.","Gi råd til lisenshavere og andre om regler for lisenser, tillatelser eller pass.",manual 2026-09-07
"Evaluate applications, records, or documents to gather information about eligibility or liability issues.","Vurdere søknader, journaler eller dokumenter for å innhente informasjon om rettigheter eller ansvar.",manual 2026-09-07
Establish and maintain relationships with individual or business customers or provide assistance with problems these customers may encounter.,Etablere og pleie kontakt med privat- eller bedriftskunder og hjelpe dem med problemer de møter.,manual 2026-09-07
Establish and enforce rules for behavior and procedures for maintaining order.,Fastsette og håndheve atferdsregler og rutiner for å holde orden.,manual 2026-09-07
Confer with parents and staff to discuss educational activities and policies and students' behavioral or learning problems.,"Drøfte undervisning, regler og elevenes atferds- eller lærevansker med foreldre og ansatte.",manual 2026-09-07
Prepare reports on academic or institutional data.,Utarbeide rapporter om akademiske eller institusjonelle data.,manual 2026-09-07
"Develop or direct software system testing or validation procedures, programming, or documentation.","Utvikle eller lede testing eller validering av programvaresystemer, programmering eller dokumentasjon.",manual 2026-09-07
"Confer with systems analysts, engineers, programmers and others to design systems and to obtain information on project limitations and capabilities, performance requirements and interfaces.","Rådføre seg med systemanalytikere, ingeniører, programmerere og andre for å utforme systemer og få informasjon om begrensninger, muligheter, ytelseskrav og grensesnitt.",manual 2026-09-07
"Interpret laws, rulings and regulations for individuals and businesses.","Tolke lover, avgjørelser og forskrifter for privatpersoner og bedrifter.",manual 2026-09-07
"Analyze the probable outcomes of cases, using knowledge of legal precedents.",Analysere sannsynlig utfall av saker ut fra kunnskap om rettspraksis.,manual 2026-09-07
Examine legal data to determine advisability of defending or prosecuting lawsuit.,Vurdere juridiske opplysninger for å avgjøre om et søksmål bør forsvares eller reises.,manual 2026-09-07
"Perform before live audiences in concerts, recitals, educational presentations, and other social gatherings.","Opptre for publikum i konserter, resitaler, undervisning og andre sammenkomster.",manual 2026-09-07
"Officiate at sporting events, games, or competitions, to maintain standards of play and to ensure that game rules are observed.","Dømme idrettsarrangementer, kamper eller konkurranser for å opprettholde spillets standard og sikre at reglene følges.",manual 2026-09-07
Collaborate with other ministry members to establish goals and objectives for religious education programs or to develop ways to encourage program participation.,Samarbeide med andre i menigheten om mål for religiøs undervisning og om måter å øke deltakelsen på.,manual 2026-09-07
"Implement program plans by ordering needed materials, scheduling speakers, reserving space, or handling other administrative details.","Gjennomføre programplaner ved å bestille materiell, avtale foredragsholdere, reservere lokaler og ordne andre administrative detaljer.",manual 2026-09-07
"Assess nutritional needs, diet restrictions, and current health plans to develop and implement dietary-care plans and provide nutritional counseling.","Vurdere ernæringsbehov, kostrestriksjoner og gjeldende helseplaner for å utvikle og gjennomføre kostholdsplaner og gi ernæringsveiledning.",manual 2026-09-07
"Treat sick or injured animals by prescribing medication, setting bones, dressing wounds, or performing surgery.","Behandle syke eller skadde dyr ved å forskrive legemidler, sette brudd, forbinde sår eller operere.",manual 2026-09-07
Examine animals to detect and determine the nature of diseases or injuries.,Undersøke dyr for å oppdage og fastslå arten av sykdommer eller skader.,manual 2026-09-07
"Inoculate animals against various diseases, such as rabies or distemper.",Vaksinere dyr mot sykdommer som rabies og valpesyke.,manual 2026-09-07
Develop final construction plans that include aesthetic representations of the structure or details for its construction.,Utarbeide endelige byggeplaner med estetiske fremstillinger av bygget eller detaljer for oppføringen.,manual 2026-09-07
"Prepare scale drawings or architectural designs, using computer-aided design or other tools.",Utarbeide målestokktegninger eller arkitekttegninger med DAK-verktøy eller andre verktøy.,manual 2026-09-07
"Prepare information regarding design, structure specifications, materials, color, equipment, estimated costs, or construction time.","Utarbeide informasjon om utforming, konstruksjonsspesifikasjoner, materialer, farger, utstyr, kostnadsanslag og byggetid.",manual 2026-09-07
"Conduct neuropsychological evaluations such as assessments of intelligence, academic ability, attention, concentration, sensorimotor function, language, learning, and memory.","Gjennomføre nevropsykologiske utredninger, som tester av intelligens, skolefaglige evner, oppmerksomhet, konsentrasjon, sensomotorisk funksjon, språk, læring og hukommelse.",manual 2026-09-07
"Write or prepare detailed clinical neuropsychological reports, using data from psychological or neuropsychological tests, self-report measures, rating scales, direct observations, or interviews.","Skrive detaljerte kliniske nevropsykologiske rapporter ut fra psykologiske eller nevropsykologiske tester, selvrapportering, vurderingsskalaer, observasjoner eller intervjuer.",manual 2026-09-07
Interview patients to obtain comprehensive medical histories.,Intervjue pasienter for å ta opp fullstendig sykehistorie.,manual 2026-09-07
Gather and organize information on problems or procedures.,Samle inn og systematisere informasjon om problemer eller prosedyrer.,manual 2026-09-07
Determine ways to strengthen or combine materials or develop new materials with new or specific properties for use in a variety of products and applications.,"Finne måter å styrke eller kombinere materialer på, eller utvikle nye materialer med nye eller bestemte egenskaper til bruk i ulike produkter.",manual 2026-09-07
"Plan and organize the acquisition, storage, and exhibition of collections and related materials, including the selection of exhibition themes and designs, and develop or install exhibit materials.","Planlegge og organisere innkjøp, oppbevaring og utstilling av samlinger og tilhørende materiale, velge utstillingstemaer og utforming, og utvikle eller montere utstillinger.",manual 2026-09-07
"Create and modify maps, graphs, or diagrams, using geographical information software and related equipment, and principles of cartography, such as coordinate systems, longitude, latitude, elevation, topography, and map scales.","Lage og endre kart, grafer eller diagrammer med geografisk informasjonsprogramvare og kartografiske prinsipper som koordinatsystemer, lengde- og breddegrad, høyde, topografi og målestokk.",manual 2026-09-07
"Clean food preparation equipment, work areas, and counters or tables.","Rengjøre kjøkkenutstyr, arbeidsflater og disker eller bord.",manual 2026-09-07
Meet with applicants to obtain information for loan applications and to answer questions about the process.,Møte søkere for å innhente opplysninger til lånesøknader og svare på spørsmål om prosessen.,manual 2026-09-07
"Analyze applicants' financial status, credit, and property evaluations to determine feasibility of granting loans.","Analysere søkernes økonomi, kreditthistorikk og eiendomsvurderinger for å avgjøre om lån kan innvilges.",manual 2026-09-07
"Explain to customers the different types of loans and credit options that are available, as well as the terms of those services.","Forklare kundene de ulike låne- og kredittypene som finnes, og vilkårene for dem.",manual 2026-09-07
"Place clean dishes, utensils, or cooking equipment in storage areas.","Sette rene tallerkener, bestikk eller kjøkkenutstyr på plass.",manual 2026-09-07
"Attach farm implements such as plows, discs, sprayers, or harvesters to tractors, using bolts and hand tools.","Koble redskaper som ploger, harver, sprøyter eller høstemaskiner til traktorer med bolter og håndverktøy.",manual 2026-09-07
"Maintain knowledge of, comply with, and enforce all institutional policies, rules, procedures, and regulations.","Kjenne, følge og håndheve alle institusjonens regler, rutiner og forskrifter.",manual 2026-09-07
"Maintain order, discipline, and security within assigned areas in accordance with relevant rules, regulations, policies, and laws.","Opprettholde orden, disiplin og sikkerhet i tildelte områder i samsvar med regler, forskrifter, retningslinjer og lover.",manual 2026-09-07
"Inspect conditions of locks, window bars, grills, doors, and gates at correctional facilities to ensure security and help prevent escapes.","Inspisere låser, vindusgitter, dører og porter i fengsler for å ivareta sikkerheten og hindre rømning.",manual 2026-09-07
Operate controls to open and close transit vehicle doors.,Betjene kontroller for å åpne og lukke dørene på kollektivtransport.,manual 2026-09-07
"Drive and control rail-guided public transportation, such as subways, elevated trains, and electric-powered streetcars, trams, or trolleys, to transport passengers.","Kjøre og styre skinnegående kollektivtransport som T-bane, forstadsbane og trikk for å frakte passasjerer.",manual 2026-09-07
Monitor lights indicating obstructions or other trains ahead and watch for car and truck traffic at crossings to stay alert to potential hazards.,"Følge med på lys som varsler hindringer eller tog foran, og se etter bil- og lastebiltrafikk ved overganger for å oppdage farer.",manual 2026-09-07
Prepare sketches or follow blueprints to determine the location of wiring or equipment and to ensure conformance to building and safety codes.,Lage skisser eller følge tegninger for å fastslå hvor ledninger og utstyr skal plasseres og sikre samsvar med bygge- og sikkerhetsforskrifter.,manual 2026-09-07
"Place conduit, pipes, or tubing, inside designated partitions, walls, or other concealed areas, and pull insulated wires or cables through the conduit to complete circuits between boxes.","Legge kabelrør, rør eller slanger inne i vegger og andre skjulte områder og trekke isolerte ledninger eller kabler gjennom for å fullføre kretsene mellom boksene.",manual 2026-09-07
"Work from ladders, scaffolds, or roofs to install, maintain, or repair electrical wiring, equipment, or fixtures.","Arbeide fra stiger, stillas eller tak for å installere, vedlikeholde eller reparere elektriske ledninger, utstyr eller armaturer.",manual 2026-09-07
Conduct pre-operational checks on equipment to ensure proper functioning.,Gjøre kontroller av utstyr før oppstart for å sikre at det fungerer.,manual 2026-09-07
"Move levers and turn valves to activate power hammers, or to raise and lower drophammers that drive piles to required depths.","Betjene spaker og ventiler for å starte fallhammere, eller for å heve og senke hammere som slår peler ned til ønsket dybde.",manual 2026-09-07
"Read technical manuals, confer with users, or conduct computer diagnostics to investigate and resolve problems or to provide technical assistance and support.","Lese tekniske håndbøker, rådføre seg med brukere eller kjøre diagnostikk for å finne og løse problemer eller gi teknisk hjelp og støtte.",manual 2026-09-07
"Set up equipment for employee use, performing or ensuring proper installation of cables, operating systems, or appropriate software.","Sette opp utstyr til ansatte, og utføre eller sikre riktig installasjon av kabler, operativsystemer eller programvare.",manual 2026-09-07
Answer user inquiries regarding computer software or hardware operation to resolve problems.,Svare på spørsmål fra brukere om programvare eller maskinvare for å løse problemer.,manual 2026-09-07
Read work orders or examine parts to determine parts or sections of products to be produced.,Lese arbeidsordrer eller undersøke deler for å avgjøre hvilke deler eller produktdeler som skal lages.,manual 2026-09-07
"Monitor material flow or instruments, such as temperature or pressure gauges, indicators, or meters, to ensure optimal processing conditions.","Overvåke materialflyt eller instrumenter som temperatur- og trykkmålere, indikatorer eller målere for å sikre optimale prosessforhold.",manual 2026-09-07
"Trim or remove excess material, using scrapers, knives, or band saws.","Trimme eller fjerne overflødig materiale med skraper, kniver eller båndsager.",manual 2026-09-07
Monitor pumps and flow lines for gas and fluid leaks.,Overvåke pumper og rørledninger for gass- og væskelekkasjer.,manual 2026-09-07
Check identification of customers to verify age requirements for purchase of alcohol.,Kontrollere legitimasjon for å sjekke at kunder oppfyller alderskravet for kjøp av alkohol.,manual 2026-09-07
"Clean glasses, utensils, and bar equipment.","Rengjøre glass, redskaper og barutstyr.",manual 2026-09-07
"Clean bars, work areas, and tables.","Rengjøre barer, arbeidsområder og bord.",manual 2026-09-07
Train clients to use hearing aids or other augmentative communication devices.,Lære klienter å bruke høreapparater eller andre kommunikasjonshjelpemidler.,manual 2026-09-07
"Massage, shampoo, and condition patron's hair and scalp to clean them and remove excess oil.","Massere, vaske og pleie kundens hår og hodebunn for å rense og fjerne overflødig fett.",manual 2026-09-07
"Assign work to employees, based on material or worker requirements of specific jobs.",Fordele arbeid til ansatte ut fra material- eller bemanningsbehovet i hver jobb.,manual 2026-09-07
"Plan, schedule, or coordinate construction project activities to meet deadlines.","Planlegge, tidfeste eller koordinere aktiviteter i byggeprosjekter for å holde frister.",manual 2026-09-07
"Prepare and submit budget estimates, progress reports, or cost tracking reports.","Utarbeide og levere budsjettanslag, fremdriftsrapporter eller kostnadsrapporter.",manual 2026-09-07
Coordinate monitoring of networks or systems for security breaches or intrusions.,Koordinere overvåking av nettverk eller systemer for sikkerhetsbrudd eller inntrenging.,manual 2026-09-07
"Portray and interpret roles, using speech, gestures, and body movements, to entertain, inform, or instruct radio, film, television, or live audiences.","Fremstille og tolke roller med tale, gester og kroppsspråk for å underholde, informere eller lære opp publikum i radio, film, TV eller på scene.",manual 2026-09-07
Collaborate with other actors as part of an ensemble.,Samarbeide med andre skuespillere som del av et ensemble.,manual 2026-09-07
"Work closely with directors, other actors, and playwrights to find the interpretation most suited to the role.","Samarbeide tett med regissører, andre skuespillere og dramatikere for å finne den tolkningen som passer rollen best.",manual 2026-09-07
Provide assistance to students with special needs.,Gi hjelp til elever med særskilte behov.,manual 2026-09-07
Tutor and assist children individually or in small groups to help them master assignments and to reinforce learning concepts presented by teachers.,Veilede og hjelpe barn enkeltvis eller i små grupper med å mestre oppgaver og befeste det læreren har gjennomgått.,manual 2026-09-07
Recruit staff members.,Rekruttere ansatte.,manual 2026-09-07
"Plan, direct, or coordinate the activities of workers in branches, offices, or departments of establishments, such as branch banks, brokerage firms, risk and insurance departments, or credit departments.","Planlegge, lede eller koordinere arbeidet til ansatte i filialer, kontorer eller avdelinger, som bankfilialer, meglerhus, risiko- og forsikringsavdelinger eller kredittavdelinger.",manual 2026-09-07
Monitor students' progress and provide students and teachers with assistance in resolving any problems.,Følge elevenes fremgang og hjelpe elever og lærere med å løse problemer.,manual 2026-09-07
"Recruit, hire, train, and evaluate primary and supplemental staff and recommend personnel actions for programs and services.","Rekruttere, ansette, lære opp og vurdere fast og ekstra personale, og anbefale personaltiltak for programmer og tjenester.",manual 2026-09-07
Review project plans to plan and coordinate project activity.,Gjennomgå prosjektplaner for å planlegge og koordinere prosjektaktiviteter.,manual 2026-09-07
"Meet with department heads, managers, supervisors, vendors, and others, to solicit cooperation and resolve problems.","Møte avdelingsledere, sjefer, arbeidsledere, leverandører og andre for å sikre samarbeid og løse problemer.",manual 2026-09-07
"Collaborate with counselors, physicians, or nurses to plan or coordinate treatment, drawing on social work experience and patient needs.","Samarbeide med rådgivere, leger eller sykepleiere om å planlegge eller koordinere behandling ut fra sosialfaglig erfaring og pasientens behov.",manual 2026-09-07
"Monitor, evaluate, and record client progress with respect to treatment goals.","Følge, vurdere og dokumentere klientenes fremgang mot behandlingsmålene.",manual 2026-09-07
"Counsel clients in individual or group sessions to assist them in dealing with substance abuse, mental or physical illness, poverty, unemployment, or physical abuse.","Veilede klienter enkeltvis eller i grupper for å hjelpe dem med rusmisbruk, psykisk eller fysisk sykdom, fattigdom, arbeidsledighet eller fysisk mishandling.",manual 2026-09-07
"Identify, develop, or evaluate marketing strategy, based on knowledge of establishment objectives, market characteristics, and cost and markup factors.","Identifisere, utvikle eller vurdere markedsstrategi ut fra virksomhetens mål, markedets egenskaper og kostnads- og påslagsfaktorer.",manual 2026-09-07
Test and evaluate patients' physical and mental abilities and analyze medical data to determine realistic rehabilitation goals for patients.,Teste og vurdere pasientenes fysiske og psykiske evner og analysere medisinske data for å sette realistiske rehabiliteringsmål.,manual 2026-09-07
Complete and maintain necessary records.,Fylle ut og vedlikeholde nødvendige registre.,manual 2026-09-07
"Plan, organize, and conduct occupational therapy programs in hospital, institutional, or community settings to help rehabilitate persons with disabilities because of illness, injury or psychological or developmental problems.","Planlegge, organisere og gjennomføre ergoterapiprogrammer i sykehus, institusjoner eller lokalsamfunn for å rehabilitere personer med funksjonsnedsettelse etter sykdom, skade eller psykiske eller utviklingsmessige vansker.",manual 2026-09-07
"Develop exercise programs to improve participant strength, flexibility, endurance, or circulatory functioning, in accordance with exercise science standards, regulatory requirements, and credentialing requirements.","Utvikle treningsprogrammer for å bedre deltakernes styrke, bevegelighet, utholdenhet eller kretsløp, i tråd med treningsvitenskapelige standarder, regelverk og sertifiseringskrav.",manual 2026-09-07
Provide emergency or other appropriate medical care to participants with symptoms or signs of physical distress.,Gi akutt eller annen nødvendig medisinsk hjelp til deltakere med tegn på fysisk ubehag.,manual 2026-09-07
Demonstrate correct use of exercise equipment or performance of exercise routines.,Vise riktig bruk av treningsutstyr og gjennomføring av øvelser.,manual 2026-09-07
Evaluate the functioning of the neuromuscularskeletal system and the spine using systems of chiropractic diagnosis.,"Vurdere funksjonen i nerve-, muskel- og skjelettsystemet og ryggsøylen med kiropraktiske diagnosemetoder.",manual 2026-09-07
Perform a series of manual adjustments to the spine or other articulations of the body to correct the musculoskeletal system.,Utføre en rekke manuelle justeringer av ryggsøylen eller andre ledd for å korrigere muskel- og skjelettsystemet.,manual 2026-09-07
Obtain and record patients' medical histories.,Innhente og registrere pasientenes sykehistorie.,manual 2026-09-07
"Calculate dimensions, square footage, profile and component specifications, and material quantities, using calculator or computer.","Beregne mål, areal, profil- og komponentspesifikasjoner og materialmengder med kalkulator eller datamaskin.",manual 2026-09-07
"Confer with supervisor to determine project details such as plan preparation, acceptance testing, and evaluation of field conditions.","Rådføre seg med overordnet om prosjektdetaljer som planutarbeidelse, godkjenningstesting og vurdering av forholdene på stedet.",manual 2026-09-07
Read and review project blueprints and structural specifications to determine dimensions of structure or system and material requirements.,Lese og gjennomgå tegninger og konstruksjonsspesifikasjoner for å fastslå mål på konstruksjon eller anlegg og materialbehov.,manual 2026-09-07
Teach and explain the rules and regulations governing a specific sport.,Lære bort og forklare reglene som gjelder for en bestemt idrett.,manual 2026-09-07
"Confer with other sporting officials, coaches, players, and facility managers to provide information, coordinate activities, and discuss problems.","Rådføre seg med andre dommere, trenere, spillere og anleggsansvarlige for å informere, koordinere aktiviteter og drøfte problemer.",manual 2026-09-07
"Supervise the activities of workers engaged in receiving, storing, testing, and shipping products or materials.","Lede arbeidet til ansatte som mottar, lagrer, tester og sender produkter eller materialer.",manual 2026-09-07
"Teach library patrons basic computer skills, such as searching computerized databases.","Lære bibliotekbrukere grunnleggende dataferdigheter, som søk i databaser.",manual 2026-09-07
Analyze patrons' requests to determine needed information and assist in furnishing or locating that information.,"Analysere brukernes forespørsler for å finne ut hvilken informasjon de trenger, og hjelpe med å skaffe eller finne den.",manual 2026-09-07
"Review and evaluate materials, using book reviews, catalogs, faculty recommendations, and current holdings to select and order print, audio-visual, and electronic resources.","Vurdere materiale ut fra bokanmeldelser, kataloger, anbefalinger fra fagansatte og eksisterende samling for å velge ut og bestille trykte, audiovisuelle og elektroniske ressurser.",manual 2026-09-07
Maintain proper storage and security conditions for drugs.,Sørge for riktig oppbevaring og sikring av legemidler.,manual 2026-09-07
"Review prescriptions to assure accuracy, to ascertain the needed ingredients, and to evaluate their suitability.","Gjennomgå resepter for å sikre at de er riktige, finne nødvendige ingredienser og vurdere om de egner seg.",manual 2026-09-07
"Provide information and advice regarding drug interactions, side effects, dosage, and proper medication storage.","Gi informasjon og råd om legemiddelinteraksjoner, bivirkninger, dosering og riktig oppbevaring.",manual 2026-09-07
"Maintain records, such as pharmacy files, patient profiles, charge system files, inventories, control records for radioactive nuclei, or registries of poisons, narcotics, or controlled drugs.","Føre registre som apotekarkiv, pasientprofiler, faktureringsfiler, lagerlister, kontrollregistre for radioaktive stoffer eller registre over gifter, narkotika eller kontrollerte legemidler.",manual 2026-09-07
"Record details about freight conditions, handling of freight, and any problems encountered.","Registrere opplysninger om frakten, håndteringen og eventuelle problemer.",manual 2026-09-07
"Counsel individuals and groups on basic rules of good nutrition, healthy eating habits, and nutrition monitoring to improve their quality of life.","Veilede enkeltpersoner og grupper om grunnleggende regler for god ernæring, sunne matvaner og oppfølging av kostholdet for å bedre livskvaliteten.",manual 2026-09-07
"Incorporate patient cultural, ethnic, or religious preferences and needs in the development of nutrition plans.","Ta hensyn til pasientens kulturelle, etniske eller religiøse preferanser og behov i ernæringsplaner.",manual 2026-09-07
Prepare and submit reports after completion of freight shipments.,Utarbeide og levere rapporter etter fullførte fraktoppdrag.,manual 2026-09-07
"Design, promote, or administer government plans or policies affecting land use, zoning, public utilities, community facilities, housing, or transportation.","Utforme, fremme eller forvalte offentlige planer eller politikk for arealbruk, regulering, offentlige tjenester, felles anlegg, boliger eller transport.",manual 2026-09-07
Taste or smell foods or beverages to ensure that flavors meet specifications or to select samples with specific characteristics.,"Smake eller lukte på mat eller drikke for å sikre at smaken oppfyller kravene, eller for å velge ut prøver med bestemte egenskaper.",manual 2026-09-07
"Diagnose, treat, or provide continuous care to hospital inpatients.","Diagnostisere, behandle eller gi kontinuerlig pleie til innlagte pasienter på sykehus.",manual 2026-09-07
Prescribe medications or treatment regimens to hospital inpatients.,Forskrive legemidler eller behandlingsopplegg til innlagte pasienter.,manual 2026-09-07
"Design, implement, maintain, or improve electrical instruments, equipment, facilities, components, products, or systems for commercial, industrial, or domestic purposes.","Utforme, innføre, vedlikeholde eller forbedre elektriske instrumenter, utstyr, anlegg, komponenter, produkter eller systemer til kommersiell, industriell eller privat bruk.",manual 2026-09-07
Confer with personnel concerned to ensure successful functioning of newly implemented systems or procedures.,Rådføre seg med berørt personale for å sikre at nye systemer eller rutiner fungerer.,manual 2026-09-07
Analyze data gathered and develop solutions or alternative methods of proceeding.,Analysere innsamlede data og utvikle løsninger eller alternative fremgangsmåter.,manual 2026-09-07
Organize archival records and develop classification systems to facilitate access to archival materials.,Ordne arkivmateriale og utvikle klassifikasjonssystemer som gjør materialet lettere tilgjengelig.,manual 2026-09-07
Examine patients to diagnose oral health conditions and diseases.,Undersøke pasienter for å diagnostisere tilstander og sykdommer i munnen.,manual 2026-09-07
Administer general and local anesthetics.,Gi generell og lokal bedøvelse.,manual 2026-09-07
"Fit prostheses to patients, making any necessary adjustments and modifications.",Tilpasse proteser til pasienter og gjøre nødvendige justeringer og endringer.,manual 2026-09-07
Sing a cappella or with musical accompaniment.,Synge a cappella eller med musikalsk akkompagnement.,manual 2026-09-07
Sing as a soloist or as a member of a vocal group.,Synge som solist eller som medlem av en vokalgruppe.,manual 2026-09-07
Analyze credit data and financial statements to determine the degree of risk involved in extending credit or lending money.,Analysere kredittopplysninger og regnskap for å fastslå risikoen ved å gi kreditt eller lån.,manual 2026-09-07
"Examine documents to determine degree of risk from factors such as applicant health, financial standing and value, and condition of property.","Gjennomgå dokumenter for å vurdere risiko ut fra faktorer som søkerens helse, økonomi og eiendommens verdi og tilstand.",manual 2026-09-07
Decline excessive risks.,Avslå for høy risiko.,manual 2026-09-07
"Write to field representatives, medical personnel, or others to obtain further information, quote rates, or explain company underwriting policies.","Skrive til feltrepresentanter, helsepersonell eller andre for å innhente mer informasjon, oppgi priser eller forklare selskapets forsikringsvilkår.",manual 2026-09-07
Mentor others on mathematical techniques.,Veilede andre i matematiske metoder.,manual 2026-09-07
"Carry linens, towels, toilet items, and cleaning supplies, using wheeled carts.","Frakte sengetøy, håndklær, toalettartikler og rengjøringsutstyr på traller.",manual 2026-09-07
"Prescribe, direct, or administer psychotherapeutic treatments or medications to treat mental, emotional, or behavioral disorders.","Forskrive, lede eller gi psykoterapeutisk behandling eller legemidler mot psykiske, følelsesmessige eller atferdsmessige lidelser.",manual 2026-09-07
Teach geography.,Undervise i geografi.,manual 2026-09-07
"Gather and compile geographic data from sources such as censuses, field observations, satellite imagery, aerial photographs, and existing maps.","Samle inn og sammenstille geografiske data fra kilder som folketellinger, feltobservasjoner, satellittbilder, flyfoto og eksisterende kart.",manual 2026-09-07
"Create plans for solar energy system development, monitoring, and evaluation activities.","Lage planer for utvikling, overvåking og evaluering av solenergisystemer.",manual 2026-09-07
"Create or maintain wind farm layouts, schematics, or other visual documentation for wind farms.","Lage eller vedlikeholde utforming, skjemaer eller annen visuell dokumentasjon for vindparker.",manual 2026-09-07
"Mix specified amounts of sand, clay, mortar powder, and water to form refractory clay or mortar, using shovels or mixing machines.","Blande bestemte mengder sand, leire, mørtelpulver og vann til ildfast leire eller mørtel med spade eller blandemaskin.",manual 2026-09-07
"Chip slag from linings of ladles or remove linings when beyond repair, using hammers and chisels.","Hogge slagg av foringen i støpeøser eller fjerne foringer som ikke kan repareres, med hammer og meisel.",manual 2026-09-07
"Requisition materials and supplies, such as tools, equipment, or replacement parts.","Rekvirere materiell og utstyr som verktøy, maskiner eller reservedeler.",manual 2026-09-07
"Inspect and monitor work areas, examine tools and equipment, and provide employee safety training to prevent, detect, and correct unsafe conditions or violations of procedures and safety rules.","Inspisere og overvåke arbeidsområder, undersøke verktøy og utstyr, og gi sikkerhetsopplæring for å forebygge, oppdage og rette opp utrygge forhold eller regelbrudd.",manual 2026-09-07
Monitor employees' work levels and review work performance.,Følge de ansattes arbeidsmengde og gjennomgå arbeidsprestasjoner.,manual 2026-09-07
"Grade or level trench bases, using tamping machines or hand tools.",Avrette eller planere bunnen i grøfter med komprimeringsmaskiner eller håndverktøy.,manual 2026-09-07
"Dig trenches to desired or required depths, by hand or using trenching tools.","Grave grøfter til ønsket eller påkrevd dybde, for hånd eller med graveverktøy.",manual 2026-09-07
Cut pipes to required lengths.,Kappe rør i riktige lengder.,manual 2026-09-07
"Restock kitchen supplies, rotate food, and stamp the time and date on food in coolers.","Fylle opp kjøkkenlageret, rotere matvarer og merke mat i kjølerom med klokkeslett og dato.",manual 2026-09-07
"Perform food preparation tasks, such as making sandwiches, carving meats, making soups or salads, baking breads or desserts, and brewing coffee or tea.","Utføre matlaging som å lage smørbrød, skjære opp kjøtt, lage supper eller salater, bake brød eller desserter og trakte kaffe eller te.",manual 2026-09-07
"Set oven temperatures, and place items into hot ovens for baking.",Stille inn ovnstemperatur og sette varer inn i varme ovner til steking.,manual 2026-09-07
"Inspect parts, equipment, or vehicles for cleanliness, damage, and compliance with standards or regulations.","Inspisere deler, utstyr eller kjøretøy for renhet, skader og samsvar med standarder eller regelverk.",manual 2026-09-07
Clean and polish vehicle windows.,Rengjøre og polere bilvinduer.,manual 2026-09-07
Maintain equipment used in a particular sport.,Vedlikeholde utstyr som brukes i en bestemt idrett.,manual 2026-09-07
Provide customer service by greeting and assisting customers and responding to customer inquiries and complaints.,Yte kundeservice ved å ta imot og hjelpe kunder og svare på henvendelser og klager.,manual 2026-09-07
"Direct and supervise employees engaged in sales, inventory-taking, reconciling cash receipts, or in performing services for customers.","Lede og følge opp ansatte som selger, teller varelager, avstemmer kontantoppgjør eller utfører tjenester for kunder.",manual 2026-09-07
Monitor sales activities to ensure that customers receive satisfactory service and quality goods.,Følge med på salgsaktiviteten for å sikre at kundene får god service og varer av god kvalitet.,manual 2026-09-07
"Examine completed work to detect defects and verify conformance to work orders, and adjust machinery as necessary to correct production problems.","Undersøke ferdig arbeid for å finne feil og kontrollere samsvar med arbeidsordrer, og justere maskiner ved behov for å rette produksjonsproblemer.",manual 2026-09-07
"Set controls to regulate temperature and length of cycles, and start conveyors, pumps, agitators, and machines.","Stille inn temperatur og syklustid, og starte transportbånd, pumper, rørere og maskiner.",manual 2026-09-07
"Drain, clean, and refill machines or tanks at designated intervals, using cleaning solutions or water.","Tømme, rengjøre og fylle maskiner eller tanker med faste mellomrom med rengjøringsmidler eller vann.",manual 2026-09-07
"Provide information about local features, such as shopping, dining, nightlife, or recreational destinations.","Gi informasjon om lokale tilbud som butikker, spisesteder, uteliv eller fritidsaktiviteter.",manual 2026-09-07
"Follow safety procedures to ensure the protection of passengers, cargo, and vessels.","Følge sikkerhetsrutiner for å beskytte passasjerer, last og fartøy.",manual 2026-09-07
Operate engine throttles and steering mechanisms to guide boats on desired courses.,Betjene gassregulering og styring for å føre båter på ønsket kurs.,manual 2026-09-07
"Secure boats to docks with mooring lines, and cast off lines to enable departure.",Fortøye båter ved kai og kaste loss for avgang.,manual 2026-09-07
Counsel patients and families on communication strategies and the effects of hearing loss.,Veilede pasienter og pårørende om kommunikasjonsstrategier og virkningene av hørselstap.,manual 2026-09-07
Maintain or repair hearing aids or other communication devices.,Vedlikeholde eller reparere høreapparater eller andre kommunikasjonshjelpemidler.,manual 2026-09-07
Advise patrons with chronic or potentially contagious scalp conditions to seek medical treatment.,Råde kunder med kroniske eller mulig smittsomme hodebunnslidelser til å oppsøke lege.,manual 2026-09-07
"Treat scalp conditions and hair loss, using specialized lotions, shampoos, or equipment such as infrared lamps or vibrating equipment.","Behandle hodebunnslidelser og hårtap med spesialpreparater, sjampo eller utstyr som infrarøde lamper eller vibrasjonsutstyr.",manual 2026-09-07
"Report all violations and suspicious behaviors to supervisors, verbally or in writing.","Rapportere alle brudd og mistenkelig atferd til overordnede, muntlig eller skriftlig.",manual 2026-09-07
Monitor establishment activities to ensure adherence to all state gaming regulations and company policies and procedures.,Overvåke virksomheten for å sikre at alle spillregler fra myndighetene og selskapets retningslinjer følges.,manual 2026-09-07
Develop and maintain log of surveillance observations.,Føre og vedlikeholde logg over overvåkingsobservasjoner.,manual 2026-09-07
Prepare daily work and run schedules.,Utarbeide daglige arbeids- og kjøreplaner.,manual 2026-09-07
"Record and maintain files or records of customer requests, work or services performed, charges, expenses, inventory, or other dispatch information.","Registrere og arkivere kundehenvendelser, utført arbeid eller tjenester, gebyrer, utgifter, lager eller andre opplysninger om utsendelse.",manual 2026-09-07
"Inspect equipment for safety prior to use, and perform necessary basic maintenance tasks.",Kontrollere utstyr for sikkerhet før bruk og utføre nødvendig enkelt vedlikehold.,manual 2026-09-07
"Drive straight or articulated tractors equipped with accessories such as bulldozer blades, grapples, logging arches, cable winches, and crane booms to skid, load, unload, or stack logs, pull stumps, or clear brush.","Kjøre traktorer med utstyr som skjær, gripere, tømmerbuer, vinsjer og kranarmer for å slepe, laste, losse eller stable tømmer, dra opp stubber eller rydde kratt.",manual 2026-09-07
"Control hydraulic tractors equipped with tree clamps and booms to lift, swing, and bunch sheared trees.","Styre hydrauliske traktorer med treklemmer og bommer for å løfte, svinge og samle felte trær.",manual 2026-09-07
"Evaluate log characteristics and determine grades, using established criteria.",Vurdere tømmerets egenskaper og fastsette kvalitet etter fastsatte kriterier.,manual 2026-09-07
Check equipment to ensure that it is operating properly.,Kontrollere at utstyret fungerer som det skal.,manual 2026-09-07
Record data about individual trees or load volumes into tally books or hand-held collection terminals.,Registrere data om enkelttrær eller lassvolum i tallybøker eller håndholdte terminaler.,manual 2026-09-07
Develop strategies to encourage new or increased contributions.,Utvikle strategier for å skaffe nye eller større bidrag.,manual 2026-09-07
"Operate typing, adding, calculating, or billing machines.","Betjene skrive-, regne-, kalkulasjons- eller faktureringsmaskiner.",manual 2026-09-07
"Take appropriate safety precautions, such as monitoring dive lengths and depths and registering with authorities before diving expeditions begin.","Ta nødvendige sikkerhetsforholdsregler, som å følge med på dykketid og dybde og melde fra til myndighetene før dykkeekspedisjoner.",manual 2026-09-07
"Check and maintain diving equipment, such as helmets, masks, air tanks, harnesses, or gauges.","Kontrollere og vedlikeholde dykkerutstyr som hjelmer, masker, lufttanker, seler eller målere.",manual 2026-09-07
"Communicate with workers on the surface while underwater, using signal lines or telephones.",Kommunisere med mannskap på overflaten under vann via signalliner eller telefon.,manual 2026-09-07
Collect payment for transportation and accommodations from customer.,Ta imot betaling for transport og overnatting fra kunden.,manual 2026-09-07
"Present information with a variety of instructional techniques or formats, such as role playing, simulations, team exercises, group discussions, videos, or lectures.","Presentere stoff med ulike undervisningsteknikker og formater som rollespill, simuleringer, gruppeøvelser, diskusjoner, video eller forelesning.",manual 2026-09-07
Dump refuse or recyclable materials at disposal sites.,Tømme avfall eller gjenvinnbart materiale på mottak.,manual 2026-09-07
"Refuel trucks or add other fluids, such as oil or brake fluid.",Fylle drivstoff på lastebiler eller etterfylle andre væsker som olje eller bremsevæske.,manual 2026-09-07
Inspect trucks prior to beginning routes to ensure safe operating condition.,Kontrollere lastebiler før ruten starter for å sikre at de er i trygg stand.,manual 2026-09-07
Flag motorists to warn them of obstacles or repair work ahead.,Vinke til bilister for å varsle om hindringer eller veiarbeid.,manual 2026-09-07
Set out signs and cones around work areas to divert traffic.,Sette ut skilt og kjegler rundt arbeidsområder for å lede trafikken.,manual 2026-09-07
Explain police operations to subordinates to assist them in performing their job duties.,Forklare politiets arbeid for underordnede for å hjelpe dem i tjenesten.,manual 2026-09-07
"Inform personnel of changes in regulations and policies, implications of new or amended laws, and new techniques of police work.","Informere personellet om endringer i regelverk og retningslinjer, følger av nye eller endrede lover og nye politimetoder.",manual 2026-09-07
Prepare work schedules and assign duties to subordinates.,Utarbeide arbeidsplaner og fordele oppgaver til underordnede.,manual 2026-09-07
Follow ethical codes that protect the confidentiality of information.,Følge etiske regler som beskytter fortrolig informasjon.,manual 2026-09-07
"Refer to reference materials, such as dictionaries, lexicons, encyclopedias, and computerized terminology banks, as needed to ensure translation accuracy.","Bruke oppslagsverk som ordbøker, leksika, oppslagsverk og elektroniske termbaser ved behov for å sikre nøyaktig oversettelse.",manual 2026-09-07
"Translate messages simultaneously or consecutively into specified languages, orally or by using hand signs, maintaining message content, context, and style as much as possible.","Oversette budskap simultant eller konsekutivt til bestemte språk, muntlig eller med tegnspråk, og bevare innhold, sammenheng og stil så langt som mulig.",manual 2026-09-07
"Prepare patient, sterilize or disinfect instruments, set up instrument trays, prepare materials, or assist dentist during dental procedures.","Klargjøre pasienten, sterilisere eller desinfisere instrumenter, sette opp instrumentbrett, klargjøre materialer eller assistere tannlegen under behandling.",manual 2026-09-07
Record treatment information in patient records.,Føre behandlingsopplysninger i pasientjournaler.,manual 2026-09-07
Assist dentist in management of medical or dental emergencies.,Bistå tannlegen ved medisinske eller odontologiske nødsituasjoner.,manual 2026-09-07
"Receive and store incoming supplies, verify quantities against invoices, check for outdated medications in current inventory, and inform supervisors of stock needs and shortages.","Ta imot og lagre varer, kontrollere mengder mot fakturaer, se etter utgåtte legemidler på lager og melde fra om behov og mangler.",manual 2026-09-07
"Answer telephones, responding to questions or requests.",Svare på telefoner og besvare spørsmål eller forespørsler.,manual 2026-09-07
"Compile data required for map preparation, including aerial photographs, survey notes, records, reports, and original maps.","Samle inn data til kartproduksjon, som flyfoto, oppmålingsnotater, registre, rapporter og originalkart.",manual 2026-09-07
Hold or restrain animals during veterinary procedures.,Holde eller fastholde dyr under veterinærbehandling.,manual 2026-09-07
"Clean and maintain kennels, animal holding areas, examination or operating rooms, or animal loading or unloading facilities to control the spread of disease.","Rengjøre og vedlikeholde kenneler, oppstallingsområder, undersøkelses- eller operasjonsrom og områder for lasting og lossing av dyr for å hindre smittespredning.",manual 2026-09-07
Assist veterinarians in examining animals to determine the nature of illnesses or injuries.,Bistå veterinærer med å undersøke dyr for å fastslå arten av sykdom eller skade.,manual 2026-09-07
Talk to or interact with animals to familiarize them to human voices or contact.,Snakke med eller omgås dyr for å venne dem til menneskestemmer eller kontakt.,manual 2026-09-07
Maintain records of testing results or other documents as required by state or other governing agencies.,Føre registre over testresultater eller andre dokumenter som myndighetene krever.,manual 2026-09-07
Monitor and control temperature of products.,Overvåke og styre temperaturen på produkter.,manual 2026-09-07
Analyze monthly department budgeting and accounting reports to maintain expenditure controls.,Analysere månedlige budsjett- og regnskapsrapporter for avdelingen for å holde kontroll på utgiftene.,manual 2026-09-07
Order or interpret the results of tests such as laboratory tests and radiographs (x-rays).,Rekvirere eller tolke resultater av prøver som laboratorieprøver og røntgenbilder.,manual 2026-09-07
"Collect, record, and maintain patient information, such as medical history, reports, or examination results.","Samle inn, registrere og vedlikeholde pasientinformasjon som sykehistorie, rapporter eller undersøkelsesresultater.",manual 2026-09-07
"Prescribe or administer treatment, therapy, medication, vaccination, and other specialized medical care to treat or prevent illness, disease, or injury.","Forskrive eller gi behandling, terapi, legemidler, vaksiner og annen spesialisert medisinsk hjelp for å behandle eller forebygge sykdom eller skade.",manual 2026-09-07
"Order, perform, and interpret tests and analyze records, reports, and examination information to diagnose patients' condition.","Rekvirere, utføre og tolke prøver og analysere journaler, rapporter og undersøkelsesfunn for å diagnostisere pasientens tilstand.",manual 2026-09-07
Prepare written opinions or decisions regarding cases.,Utarbeide skriftlige uttalelser eller avgjørelser i saker.,manual 2026-09-07
"Apply relevant laws, regulations, policies, or precedents to reach conclusions.","Anvende relevante lover, forskrifter, retningslinjer eller presedens for å komme til en konklusjon.",manual 2026-09-07
Conduct hearings to obtain information or evidence relative to disposition of claims.,Holde høringer for å innhente informasjon eller bevis om hvordan krav skal avgjøres.,manual 2026-09-07
Oversee project production efforts to assure projects are completed on time and within budget.,Følge opp produksjonen i prosjekter for å sikre at de fullføres i tide og innenfor budsjett.,manual 2026-09-07
"Confer with clients, engineering personnel, or architects on landscape projects.","Rådføre seg med kunder, ingeniører eller arkitekter om landskapsprosjekter.",manual 2026-09-07
"Analyze data on conditions such as site location, drainage, or structure location for environmental reports or landscaping plans.","Analysere data om forhold som beliggenhet, drenering eller plassering av bygg til miljørapporter eller landskapsplaner.",manual 2026-09-07
"Inspect landscape work to ensure compliance with specifications, evaluate quality of materials or work, or advise clients or construction personnel.","Inspisere landskapsarbeid for å kontrollere samsvar med spesifikasjoner, vurdere kvaliteten på materialer eller arbeid, eller gi råd til kunder eller anleggspersonell.",manual 2026-09-07
"Provide prenatal, intrapartum, postpartum, or newborn care to patients.","Gi omsorg før, under og etter fødsel og til nyfødte.",manual 2026-09-07
"Monitor fetal development by listening to fetal heartbeat, taking external uterine measurements, identifying fetal position, or estimating fetal size and weight.","Følge fosterets utvikling ved å lytte til fosterlyd, måle livmoren utvendig, finne fosterets leie og anslå størrelse og vekt.",manual 2026-09-07
"Document patients' health histories, symptoms, physical conditions, or other diagnostic information.","Dokumentere pasientenes sykehistorie, symptomer, fysiske tilstand eller andre diagnostiske opplysninger.",manual 2026-09-07
"Analyze and interpret geological data, using computer software.",Analysere og tolke geologiske data med programvare.,manual 2026-09-07
"Analyze and interpret geological, geochemical, or geophysical information from sources, such as survey data, well logs, bore holes, or aerial photos.","Analysere og tolke geologisk, geokjemisk eller geofysisk informasjon fra kilder som måledata, brønnlogger, borehull eller flyfoto.",manual 2026-09-07
"Plan or conduct geological, geochemical, or geophysical field studies or surveys, sample collection, or drilling and testing programs used to collect data for research or application.","Planlegge eller gjennomføre geologiske, geokjemiske eller geofysiske feltstudier eller undersøkelser, prøvetaking eller bore- og testprogrammer for å samle inn data til forskning eller anvendelse.",manual 2026-09-07
"Prepare technical reports for use by mining, engineering, and management personnel.","Utarbeide tekniske rapporter til bruk for gruve-, ingeniør- og ledelsespersonell.",manual 2026-09-07
"Interpret data, reports, maps, photographs, or charts to predict long- or short-range weather conditions, using computer models and knowledge of climate theory, physics, and mathematics.","Tolke data, rapporter, kart, bilder eller diagrammer for å varsle været på kort eller lang sikt, med datamodeller og kunnskap om klimateori, fysikk og matematikk.",manual 2026-09-07
"Advise planning officials on project feasibility, cost-effectiveness, regulatory conformance, or possible alternatives.","Gi råd til planmyndigheter om gjennomførbarhet, kostnadseffektivitet, samsvar med regelverk eller mulige alternativer i prosjekter.",manual 2026-09-07
"Create, prepare, or requisition graphic or narrative reports on land use data, including land area maps overlaid with geographic variables, such as population density.","Lage, utarbeide eller rekvirere grafiske eller skriftlige rapporter om arealbruk, blant annet kart over arealer med geografiske variabler som befolkningstetthet.",manual 2026-09-07
"Formulate, direct, or coordinate marketing activities or policies to promote products or services, working with advertising or promotion managers.","Utforme, lede eller koordinere markedsføringsaktiviteter eller -politikk for å fremme produkter eller tjenester, i samarbeid med reklame- eller kampanjeledere.",manual 2026-09-07
Oversee regional and local sales managers and their staffs.,Lede regionale og lokale salgssjefer og deres ansatte.,manual 2026-09-07
"Generate financial ratios, using computer programs, to evaluate customers' financial status.",Beregne nøkkeltall med dataprogrammer for å vurdere kundenes økonomiske stilling.,manual 2026-09-07
Prepare reports that include the degree of risk involved in extending credit or lending money.,Utarbeide rapporter om risikoen ved å gi kreditt eller lån.,manual 2026-09-07
"Maintain records of business transactions and product inventories, reporting data to companies or government agencies as necessary.","Føre registre over forretningstransaksjoner og varelager, og rapportere data til selskaper eller myndigheter ved behov.",manual 2026-09-07
Arrange for transportation or storage of purchased products.,Ordne transport eller lagring av innkjøpte produkter.,manual 2026-09-07
"Purchase, for further processing or for resale, farm products, such as milk, grains, or Christmas trees.","Kjøpe inn landbruksprodukter som melk, korn eller juletrær for videre bearbeiding eller videresalg.",manual 2026-09-07
Compile and evaluate statistical data to determine and maintain quality and reliability of products.,Sammenstille og vurdere statistiske data for å fastslå og opprettholde produktenes kvalitet og pålitelighet.,manual 2026-09-07
Sweep or scrub floors.,Feie eller skure gulv.,manual 2026-09-07
"Maintain kitchen work areas, equipment, or utensils in clean and orderly condition.","Holde kjøkkenområder, utstyr og redskaper rene og ryddige.",manual 2026-09-07
"Determine how to allocate resources and to respond to unanticipated problems, such as insect infestation, drought, and fire.","Bestemme hvordan ressursene skal fordeles og hvordan uventede problemer som insektangrep, tørke og brann skal håndteres.",manual 2026-09-07
"Manage nurseries that grow horticultural plants for sale to trade or retail customers, for display or exhibition, or for research.","Drive planteskoler som dyrker hageplanter for salg til fagfolk eller privatkunder, til utstilling eller til forskning.",manual 2026-09-07
"Gather and maintain patient information and records, including social or medical history obtained from patients, relatives, or other professionals.","Samle inn og vedlikeholde pasientopplysninger og journaler, med sosial eller medisinsk historie fra pasienter, pårørende eller andre fagpersoner.",manual 2026-09-07
"Design individualized care plans, using a variety of treatments.",Utforme individuelle pleieplaner med ulike behandlingsformer.,manual 2026-09-07
Provide reference services and assistance for users needing archival materials.,Gi referansetjenester og hjelp til brukere som trenger arkivmateriale.,manual 2026-09-07
Analyze product failure data and laboratory test results to determine causes of problems and develop solutions.,Analysere data om produktsvikt og laboratorieresultater for å finne årsaker til problemer og utvikle løsninger.,manual 2026-09-07
Guide technical staff in developing materials for specific uses in projected products or devices.,Veilede teknisk personale i utvikling av materialer til bestemte bruksområder i planlagte produkter eller apparater.,manual 2026-09-07
Design and direct the testing or control of processing procedures.,Utforme og lede testing eller kontroll av prosessprosedyrer.,manual 2026-09-07
"Keep storage areas and carts well-stocked, clean, and tidy.","Holde lagerområder og traller godt fylt, rene og ryddige.",manual 2026-09-07
"Advise farmers and demonstrate techniques in areas such as feeding and health maintenance of livestock, growing and harvesting practices, and financial planning.","Gi råd til bønder og demonstrere metoder innen fôring og dyrehelse, dyrking og innhøsting, og økonomisk planlegging.",manual 2026-09-07
"Conduct classes or deliver lectures on subjects such as nutrition, home management, and farming techniques.","Holde kurs eller forelesninger om emner som ernæring, husholdning og dyrkingsteknikker.",manual 2026-09-07
Collaborate with producers to diagnose and prevent management and production problems.,Samarbeide med produsenter om å diagnostisere og forebygge problemer med drift og produksjon.,manual 2026-09-07
"Develop, improve, or customize products, equipment, formulas, processes, or analytical methods.","Utvikle, forbedre eller tilpasse produkter, utstyr, formler, prosesser eller analysemetoder.",manual 2026-09-07
"Write technical papers or reports or prepare standards and specifications for processes, facilities, products, or tests.","Skrive fagartikler eller rapporter, eller utarbeide standarder og spesifikasjoner for prosesser, anlegg, produkter eller tester.",manual 2026-09-07
Maintain laboratory instruments to ensure proper working order and troubleshoot malfunctions when needed.,Vedlikeholde laboratorieinstrumenter og feilsøke ved behov.,manual 2026-09-07
Prepare written opinions and decisions.,Utarbeide skriftlige uttalelser og avgjørelser.,manual 2026-09-07
"Determine existence and amount of liability according to current laws, administrative and judicial precedents, and available evidence.","Fastslå om det foreligger ansvar og hvor stort det er, etter gjeldende lover, forvaltnings- og rettspraksis og tilgjengelige bevis.",manual 2026-09-07
"Review and evaluate data on documents, such as claim applications, birth or death certificates, or physician or employer records.","Gjennomgå og vurdere opplysninger i dokumenter som søknader, fødsels- eller dødsattester og lege- eller arbeidsgivererklæringer.",manual 2026-09-07
Operate computer-assisted engineering or design software or equipment to perform electronics engineering tasks.,Bruke dataassistert programvare eller utstyr for konstruksjon og design til elektronikkoppgaver.,manual 2026-09-07
"Confer with engineers, customers, vendors, or others to discuss existing or potential electronics engineering projects or products.","Rådføre seg med ingeniører, kunder, leverandører eller andre om eksisterende eller mulige elektronikkprosjekter eller -produkter.",manual 2026-09-07
"Evaluate project work to ensure effectiveness, technical adequacy, or compatibility in the resolution of complex electronics engineering problems.","Vurdere prosjektarbeid for å sikre effektivitet, teknisk kvalitet eller kompatibilitet i løsningen av komplekse elektronikkproblemer.",manual 2026-09-07
"Maintain knowledge in the field by reading professional journals, talking with other mathematicians, and attending professional conferences.","Holde seg faglig oppdatert ved å lese fagtidsskrifter, snakke med andre matematikere og delta på fagkonferanser.",manual 2026-09-07
Ascertain premium rates required and cash reserves and liabilities necessary to ensure payment of future benefits.,"Fastsette nødvendige premiesatser, kontantreserver og forpliktelser for å sikre utbetaling av fremtidige ytelser.",manual 2026-09-07
"analyze operations to evaluate performance of a company or its staff in meeting objectives or to determine areas of potential cost reduction, program improvement, or policy change.","Analysere driften for å vurdere hvordan virksomheten eller de ansatte når målene, eller for å finne områder med mulighet for kostnadskutt, forbedring eller endring av retningslinjer.",manual 2026-09-07
"confer with board members, organization officials, or staff members to discuss issues, coordinate activities, or resolve problems.","Rådføre seg med styremedlemmer, ledere eller ansatte for å drøfte saker, samordne aktiviteter eller løse problemer.",manual 2026-09-07
"interpret and explain policies, rules, regulations, or laws to organizations, government or corporate officials, or individuals.","Tolke og forklare retningslinjer, regler, forskrifter og lover for organisasjoner, offentlige og private ledere eller enkeltpersoner.",manual 2026-09-07
"develop or implement product-marketing strategies, including advertising campaigns or sales promotions.","Utvikle eller gjennomføre markedsføringsstrategier for produkter, inkludert reklamekampanjer og salgskampanjer.",manual 2026-09-07
direct or coordinate activities of businesses involved with buying or selling investment products or financial services.,Lede eller samordne virksomheter som kjøper eller selger investeringsprodukter eller finansielle tjenester.,manual 2026-09-07
"direct, plan, or implement policies, objectives, or activities of organizations or businesses to ensure continuing operations, to maximize returns on investments, or to increase productivity.","Lede, planlegge eller iverksette retningslinjer, mål og aktiviteter i organisasjoner eller bedrifter for å sikre fortsatt drift, maksimere avkastning på investeringer eller øke produktiviteten.",manual 2026-09-07
monitor suppliers to ensure that they efficiently and effectively provide needed goods or services within budgetary limits.,Følge opp leverandører for å sikre at de leverer nødvendige varer og tjenester effektivt og innenfor budsjettrammene.,manual 2026-09-07
"identify, investigate, or resolve security breaches.","Avdekke, etterforske eller håndtere sikkerhetsbrudd.",manual 2026-09-07
"analyze and evaluate security operations to identify risks or opportunities for improvement through auditing, review, or assessment.","Analysere og vurdere sikkerhetsarbeidet gjennom revisjon, gjennomgang eller evaluering for å avdekke risiko eller forbedringsmuligheter.",manual 2026-09-07
monitor financial or operational performance of individual investments to ensure portfolios meet risk goals.,Overvåke finansielle og driftsmessige resultater for enkeltinvesteringer for å sikre at porteføljene oppfyller risikomålene.,manual 2026-09-07
"present investment information, such as product risks, fees, or fund performance statistics.","Presentere investeringsinformasjon som produktrisiko, gebyrer og avkastningsstatistikk for fond.",manual 2026-09-07
select specific investments or investment mixes for purchase by an investment fund.,Velge ut enkeltinvesteringer eller investeringskombinasjoner som et investeringsfond skal kjøpe.,manual 2026-09-07
"develop or manage integrated security controls to ensure confidentiality, accountability, recoverability, or audit ability of sensitive information, proprietary information, or information technology resources.","Utvikle eller forvalte integrerte sikkerhetstiltak som sikrer konfidensialitet, sporbarhet, gjenoppretting og reviderbarhet for sensitiv informasjon, forretningshemmeligheter og IT-ressurser.",manual 2026-09-07
"collect and analyze security data to determine security needs, security program goals, or program accomplishments.","Samle inn og analysere sikkerhetsdata for å fastslå sikkerhetsbehov, mål for sikkerhetsprogrammet eller oppnådde resultater.",manual 2026-09-07
"develop and maintain the company's corporate image and identity, which includes the use of logos and signage.","Utvikle og vedlikeholde virksomhetens profil og identitet, inkludert bruk av logoer og skilting.",manual 2026-09-07
select or direct the execution of trades.,Velge ut eller lede gjennomføringen av verdipapirhandler.,manual 2026-09-07
assess risks to mitigate potential consequences of incidents and develop a plan to respond to incidents.,"Vurdere risiko for å begrense mulige konsekvenser av hendelser, og utarbeide en beredskapsplan.",manual 2026-09-07
"conduct threat or vulnerability analyses to determine probable frequency, criticality, consequence, or severity of natural or man-made disasters or criminal activity on the organization's profitability or delivery of products or services.","Gjennomføre trussel- og sårbarhetsanalyser for å anslå hvor ofte og hvor alvorlig naturkatastrofer, menneskeskapte ulykker eller kriminalitet kan ramme virksomhetens lønnsomhet eller leveranser.",manual 2026-09-07
"perform or evaluate research, such as detailed company or industry analyses, to inform financial forecasting, decision making, or valuation.","Utføre eller vurdere analyser, som detaljerte selskaps- eller bransjeanalyser, som grunnlag for finansielle prognoser, beslutninger eller verdsettelse.",manual 2026-09-07
verify that software technology is in place to adequately provide oversight and monitoring in all required areas.,Kontrollere at programvaren gir tilstrekkelig tilsyn og overvåking på alle påkrevde områder.,manual 2026-09-07
identify group or individual target investors for a specific fund.,Identifisere målgrupper eller enkeltinvestorer for et bestemt fond.,manual 2026-09-07
develop or analyze information to assess the current or future financial status of firms.,Utarbeide eller analysere informasjon for å vurdere selskapers nåværende eller fremtidige økonomiske stilling.,manual 2026-09-07
analyze and classify risks and investments to determine their potential impacts on companies.,Analysere og klassifisere risikoer og investeringer for å fastslå hvordan de kan påvirke selskaper.,manual 2026-09-07
review reports of securities transactions or price lists to analyze market conditions.,Gjennomgå rapporter om verdipapirhandler eller kurslister for å analysere markedsforholdene.,manual 2026-09-07
"examine, evaluate, or process loan applications.","Gjennomgå, vurdere eller behandle lånesøknader.",manual 2026-09-07
"maintain current knowledge of organizational policies and procedures, federal and state policies and directives, and current accounting standards.","Holde seg oppdatert på virksomhetens retningslinjer og rutiner, føderale og delstatlige regler og gjeldende regnskapsstandarder.",manual 2026-09-07
"plan, direct, and coordinate risk and insurance programs of establishments to control risks and losses.","Planlegge, lede og samordne virksomhetens risiko- og forsikringsprogrammer for å begrense risiko og tap.",manual 2026-09-07
"prepare or direct preparation of financial statements, business activity reports, financial position forecasts, annual budgets, or reports required by regulatory agencies.","Utarbeide eller lede utarbeidelsen av regnskap, aktivitetsrapporter, prognoser for finansiell stilling, årsbudsjetter og rapporter som tilsynsmyndighetene krever.",manual 2026-09-07
oversee the flow of cash or financial instruments.,Føre tilsyn med kontantstrømmer og finansielle instrumenter.,manual 2026-09-07
prepare operational or risk reports for management analysis.,Utarbeide drifts- eller risikorapporter til ledelsens analyser.,manual 2026-09-07
"receive, record, and authorize requests for disbursements in accordance with company policies and procedures.","Motta, registrere og godkjenne utbetalingsanmodninger i tråd med virksomhetens retningslinjer og rutiner.",manual 2026-09-07
"provide current and prospective employees with information about policies, job duties, working conditions, wages, opportunities for promotion and employee benefits.","Informere ansatte og jobbsøkere om retningslinjer, arbeidsoppgaver, arbeidsforhold, lønn, karrieremuligheter og personalgoder.",manual 2026-09-07
"develop and organize training manuals, multimedia visual aids, and other educational materials.","Utvikle og organisere opplæringsmanualer, multimediehjelpemidler og annet undervisningsmateriell.",manual 2026-09-07
"evaluate instructor performance and the effectiveness of training programs, providing recommendations for improvement.","Vurdere instruktørenes innsats og hvor godt opplæringsprogrammene virker, og gi anbefalinger om forbedringer.",manual 2026-09-07
"develop, administer and evaluate applicant tests.","Utvikle, gjennomføre og vurdere tester for jobbsøkere.",manual 2026-09-07
"plan, develop, and provide training and staff development programs, using knowledge of the effectiveness of methods such as classroom training, demonstrations, on-the-job training, meetings, conferences, and workshops.","Planlegge, utvikle og gjennomføre opplærings- og utviklingsprogrammer for ansatte, basert på kunnskap om hvor godt metoder som klasseromsundervisning, demonstrasjoner, opplæring på arbeidsplassen, møter, konferanser og workshoper virker.",manual 2026-09-07
"identify staff vacancies and recruit, interview and select applicants.","Kartlegge ledige stillinger og rekruttere, intervjue og velge ut søkere.",manual 2026-09-07
"mediate between benefits providers and employees, such as by assisting in handling employees' benefits-related questions or taking suggestions.","Være bindeledd mellom leverandører av personalgoder og ansatte, for eksempel ved å hjelpe med spørsmål om goder eller ta imot forslag.",manual 2026-09-07
"identify and implement benefits to increase the quality of life for employees, by working with brokers and researching benefits issues.","Finne og innføre personalgoder som bedrer de ansattes livskvalitet, i samarbeid med meglere og gjennom utredning av aktuelle ordninger.",manual 2026-09-07
analyze training needs to develop new training programs or modify and improve existing programs.,Analysere opplæringsbehov for å utvikle nye opplæringsprogrammer eller tilpasse og forbedre eksisterende.,manual 2026-09-07
analyze statistical data and reports to identify and determine causes of personnel problems and develop recommendations for improvement of organization's personnel policies and practices.,"Analysere statistikk og rapporter for å finne årsakene til personalproblemer, og utarbeide anbefalinger for å forbedre virksomhetens personalpolitikk og praksis.",manual 2026-09-07
"maintain records and compile statistical reports concerning personnel-related data such as hires, transfers, performance appraisals, and absenteeism rates.","Føre registre og utarbeide statistiske rapporter om personaldata som ansettelser, overflyttinger, medarbeidervurderinger og fravær.",manual 2026-09-07
review materials such as marketing literature or user manuals to ensure that regulatory agency requirements are met.,Gjennomgå materiell som markedsføringsmateriell og brukerhåndbøker for å sikre at myndighetenes krav er oppfylt.,manual 2026-09-07
identify potential for loss and develop strategies to eliminate it.,Avdekke risiko for tap og utvikle strategier for å fjerne den.,manual 2026-09-07
administer online purchasing systems.,Administrere elektroniske innkjøpssystemer.,manual 2026-09-07
resolve customer complaints regarding sales and service.,Håndtere kundeklager på salg og service.,manual 2026-09-07
represent company at trade association meetings to promote products.,Representere virksomheten på bransjemøter for å markedsføre produkter.,manual 2026-09-07
compile lists describing product or service offerings.,Sette sammen oversikter over produkt- og tjenestetilbudet.,manual 2026-09-07
conduct economic or commercial surveys to identify potential markets for products or services.,Gjennomføre økonomiske eller kommersielle undersøkelser for å finne mulige markeder for produkter eller tjenester.,manual 2026-09-07
confer with potential customers regarding equipment needs and advise customers on types of equipment to purchase.,Drøfte utstyrsbehov med potensielle kunder og gi råd om hvilket utstyr de bør kjøpe.,manual 2026-09-07
"direct and coordinate activities involving sales of manufactured products, services, commodities, real estate or other subjects of sale.","Lede og samordne salg av produkter, tjenester, råvarer, eiendom eller andre salgsobjekter.",manual 2026-09-07
"plan and prepare advertising and promotional material to increase sales of products or services, working with customers, company officials, sales departments, and advertising agencies.","Planlegge og utarbeide reklame- og markedsføringsmateriell for å øke salget av produkter eller tjenester, i samarbeid med kunder, ledelse, salgsavdelinger og reklamebyråer.",manual 2026-09-07
monitor and analyze sales promotion results to determine cost effectiveness of promotion campaigns.,Følge opp og analysere resultatene av salgskampanjer for å vurdere kostnadseffektiviteten.,manual 2026-09-07
gather and organize information to plan advertising campaigns.,Samle inn og systematisere informasjon for å planlegge reklamekampanjer.,manual 2026-09-07
"inspect layouts and advertising copy and edit scripts, audio and video tapes, and other promotional material for adherence to specifications.","Kontrollere layout og reklametekster, og redigere manus, lyd- og videoopptak og annet markedsføringsmateriell slik at det følger spesifikasjonene.",manual 2026-09-07
"write interesting and effective press releases, prepare information for media kits, and develop and maintain company internet or intranet web pages.","Skrive interessante og virkningsfulle pressemeldinger, utarbeide informasjon til pressemapper, og utvikle og vedlikeholde virksomhetens nettsider og intranett.",manual 2026-09-07
track program budgets and expenses and campaign response rates to evaluate each campaign based on program objectives and industry norms.,"Følge opp budsjetter, kostnader og responsrater for å vurdere hver kampanje opp mot målene og bransjenormer.",manual 2026-09-07
contact organizations to explain services and facilities offered.,Kontakte organisasjoner for å forklare hvilke tjenester og fasiliteter som tilbys.,manual 2026-09-07
analyze the effectiveness of marketing tactics or channels.,Analysere hvor godt markedsføringstiltak og kanaler virker.,manual 2026-09-07
"identify main client groups and audiences, determine the best way to communicate publicity information to them, and develop and implement a communication plan.","Identifisere de viktigste kundegruppene og målgruppene, finne den beste måten å nå dem på, og utvikle og gjennomføre en kommunikasjonsplan.",manual 2026-09-07
"conduct research on consumer opinions and buying habits, and identify target audiences for green products, services, or technologies.","Undersøke forbrukernes holdninger og kjøpsvaner, og identifisere målgrupper for miljøvennlige produkter, tjenester eller teknologier.",manual 2026-09-07
plan and execute advertising policies and strategies for organizations.,Planlegge og gjennomføre reklamestrategier for organisasjoner.,manual 2026-09-07
"produce films and other video products, regulate their distribution, and operate film library.","Produsere filmer og andre videoprodukter, styre distribusjonen og drive filmarkiv.",manual 2026-09-07
"establish and maintain effective working relationships with clients, government officials, and media representatives and use these relationships to develop new business opportunities.","Bygge og pleie gode arbeidsrelasjoner til kunder, myndigheter og medier, og bruke dem til å utvikle nye forretningsmuligheter.",manual 2026-09-07
"code, evaluate, or interpret collected study data.","Kode, vurdere eller tolke innsamlede studiedata.",manual 2026-09-07
"present and explain proposals, reports, or findings to clients.","Presentere og forklare forslag, rapporter eller funn for kunder.",manual 2026-09-07
"review proposed study protocols to evaluate factors such as sample collection processes, data management plans, and potential subject risks.","Gjennomgå foreslåtte studieprotokoller for å vurdere faktorer som prøvetaking, datahåndteringsplaner og mulig risiko for deltakerne.",manual 2026-09-07
conduct own research in field of expertise.,Drive egen forskning innen sitt fagfelt.,manual 2026-09-07
"prepare study-related documentation such as protocol worksheets, procedural manuals, adverse event reports, institutional review board documents, and progress reports.","Utarbeide studiedokumentasjon som protokollskjemaer, prosedyrehåndbøker, rapporter om uønskede hendelser, dokumenter til etisk komité og fremdriftsrapporter.",manual 2026-09-07
"conduct, or oversee the conduct of, chemical, physical, and biological water quality monitoring or sampling to ensure compliance with water quality standards.","Gjennomføre eller ha oppsyn med kjemisk, fysisk og biologisk overvåking og prøvetaking av vannkvalitet for å sikre at kravene til vannkvalitet er oppfylt.",manual 2026-09-07
"monitor study activities to ensure compliance with protocols and with all relevant local, federal, and state regulatory and institutional polices.","Følge opp studieaktiviteter for å sikre at protokoller og alle relevante lokale, føderale, delstatlige og institusjonelle regler følges.",manual 2026-09-07
"administer highway planning, construction, or maintenance.","Administrere planlegging, bygging eller vedlikehold av veier.",manual 2026-09-07
advise or assist in obtaining patents or meeting other legal requirements.,Gi råd eller bistå med å søke patent eller oppfylle andre juridiske krav.,manual 2026-09-07
confer with marketing and sales departments to define client requirements and expectations.,Rådføre seg med markeds- og salgsavdelingene for å avklare kundenes krav og forventninger.,manual 2026-09-07
evaluate power production or demand trends to identify opportunities for improved operations.,Vurdere utviklingen i kraftproduksjon og etterspørsel for å finne muligheter for bedre drift.,manual 2026-09-07
"confer with supervisory personnel, owners, contractors, or design professionals to discuss and resolve matters, such as work procedures, complaints, or construction problems.","Rådføre seg med arbeidsledere, byggherrer, entreprenører eller prosjekterende for å drøfte og løse saker som arbeidsprosedyrer, klager eller byggeproblemer.",manual 2026-09-07
study job specifications to determine appropriate construction methods.,Studere spesifikasjonene for oppdraget for å velge egnede byggemetoder.,manual 2026-09-07
"interpret and explain plans and contract terms to representatives of the owner or developer, including administrative staff, workers, or clients.","Tolke og forklare tegninger og kontraktsvilkår for byggherrens eller utbyggerens representanter, inkludert administrasjon, arbeidere og kunder.",manual 2026-09-07
"plan, organize, or direct activities concerned with the construction or maintenance of structures, facilities, or systems.","Planlegge, organisere eller lede bygging og vedlikehold av bygg, anlegg og systemer.",manual 2026-09-07
determine labor requirements for dispatching workers to construction sites.,Fastsette bemanningsbehov for å sende arbeidere til byggeplasser.,manual 2026-09-07
"monitor operations to ensure that staff members comply with administrative policies and procedures, safety rules, union contracts, environmental policies, or government regulations.","Følge opp driften for å sikre at de ansatte følger administrative retningslinjer og rutiner, sikkerhetsregler, tariffavtaler, miljøkrav og offentlige forskrifter.",manual 2026-09-07
"communicate freight transportation information to customers or suppliers, using transportation management, electronic logistics marketplace, or electronic freight information systems, to improve efficiency, speed, or quality of transportation services.","Formidle informasjon om godstransport til kunder eller leverandører gjennom transportstyringssystemer, elektroniske logistikkmarkedsplasser eller elektroniske fraktinformasjonssystemer for å bedre effektiviteten, hastigheten eller kvaliteten på transporttjenestene.",manual 2026-09-07
"resolve problems concerning transportation, logistics systems, imports or exports, or customer issues.","Løse problemer knyttet til transport, logistikksystemer, import og eksport eller kundeforhold.",manual 2026-09-07
analyze all aspects of corporate logistics to determine the most cost-effective or efficient means of transporting products or supplies.,Analysere alle sider ved virksomhetens logistikk for å finne den mest kostnadseffektive måten å transportere produkter og forsyninger på.,manual 2026-09-07
"analyze expenditures and other financial information to develop plans, policies, or budgets for increasing profits or improving services.","Analysere utgifter og annen økonomisk informasjon for å utarbeide planer, retningslinjer eller budsjetter som øker lønnsomheten eller bedrer tjenestene.",manual 2026-09-07
"track and trace goods while they are en route to their destinations, expediting orders when necessary.",Spore varer underveis til bestemmelsesstedet og fremskynde ordrer ved behov.,manual 2026-09-07
"prepare or direct preparation of correspondence, reports, and operations, maintenance, and safety manuals.","Utarbeide eller lede utarbeidelsen av korrespondanse, rapporter og håndbøker for drift, vedlikehold og sikkerhet.",manual 2026-09-07
direct investigations to verify and resolve customer or shipper complaints.,Lede undersøkelser for å kontrollere og håndtere klager fra kunder eller avsendere.,manual 2026-09-07
respond to customers' or shippers' questions and complaints regarding storage and distribution services.,Besvare spørsmål og klager fra kunder eller avsendere om lager- og distribusjonstjenester.,manual 2026-09-07
issue shipping instructions and provide routing information to ensure that delivery times and locations are coordinated.,Gi forsendelsesinstrukser og ruteinformasjon for å sikre at leveringstider og leveringssteder er samordnet.,manual 2026-09-07
"consult with users, management, vendors, and technicians to assess computing needs and system requirements.","Rådføre seg med brukere, ledelse, leverandører og teknikere for å vurdere databehov og systemkrav.",manual 2026-09-07
"evaluate the organization's technology use and needs and recommend improvements, such as hardware and software upgrades.","Vurdere virksomhetens teknologibruk og behov, og anbefale forbedringer som oppgradering av maskinvare og programvare.",manual 2026-09-07
provide users with technical support for computer problems.,Gi brukerne teknisk støtte ved dataproblemer.,manual 2026-09-07
"assign and review the work of systems analysts, programmers, and other computer-related workers.","Fordele og gjennomgå arbeidet til systemanalytikere, programmerere og andre IT-medarbeidere.",manual 2026-09-07
prepare and review operational reports or project progress reports.,Utarbeide og gjennomgå driftsrapporter eller fremdriftsrapporter for prosjekter.,manual 2026-09-07
evaluate data processing proposals to assess project feasibility and requirements.,Vurdere forslag til databehandlingsprosjekter for å avgjøre gjennomførbarhet og krav.,manual 2026-09-07
"develop and interpret organizational goals, policies, and procedures.","Utforme og tolke virksomhetens mål, retningslinjer og rutiner.",manual 2026-09-07
"collect and analyze survey data, regulatory information, and demographic and employment trends to forecast enrollment patterns and the need for curriculum changes.","Samle inn og analysere spørreundersøkelser, regelverk og utviklingstrekk i demografi og sysselsetting for å anslå søkertall og behov for endringer i studietilbudet.",manual 2026-09-07
"inform businesses, community groups, and governmental agencies about educational needs, available programs, and program policies.","Informere bedrifter, lokalsamfunn og offentlige etater om utdanningsbehov, tilgjengelige programmer og retningslinjer for dem.",manual 2026-09-07
"develop and maintain computerized record management systems to store and process data such as personnel activities and information, and to produce reports.","Utvikle og vedlikeholde elektroniske arkivsystemer for å lagre og behandle data som personalopplysninger, og for å lage rapporter.",manual 2026-09-07
"prepare activity reports to inform management of the status and implementation plans of programs, services, and quality initiatives.","Utarbeide aktivitetsrapporter som informerer ledelsen om status og gjennomføringsplaner for programmer, tjenester og kvalitetstiltak.",manual 2026-09-07
develop instructional materials and conduct in-service and community-based educational programs.,Utvikle undervisningsmateriell og gjennomføre etterutdanning og opplæringsprogrammer i lokalsamfunnet.,manual 2026-09-07
evaluate the work of staff and volunteers to ensure that programs are of appropriate quality and that resources are used effectively.,Vurdere arbeidet til ansatte og frivillige for å sikre at programmene holder god kvalitet og at ressursene brukes effektivt.,manual 2026-09-07
research and analyze member or community needs to determine program directions and goals.,Kartlegge og analysere medlemmenes eller lokalsamfunnets behov for å fastsette retning og mål for programmene.,manual 2026-09-07
"prepare and maintain records and reports, such as budgets, personnel records, or training manuals.","Utarbeide og vedlikeholde registre og rapporter som budsjetter, personalmapper og opplæringsmanualer.",manual 2026-09-07
"use computer skills and software to manage web sites or databases, publish newsletters, or provide webinars.","Bruke datakunnskap og programvare til å drifte nettsider eller databaser, gi ut nyhetsbrev eller holde webinarer.",manual 2026-09-07
"evaluate curricula, teaching methods, and programs to determine their effectiveness, efficiency, and utilization, and to ensure that school activities comply with federal, state, and local regulations.","Vurdere læreplaner, undervisningsmetoder og programmer for å fastslå hvor godt de virker og utnyttes, og for å sikre at skolens virksomhet følger føderale, delstatlige og lokale regler.",manual 2026-09-07
"observe teaching methods and examine learning materials to evaluate and standardize curricula and teaching techniques, and to determine areas where improvement is needed.","Observere undervisning og gjennomgå læremidler for å vurdere og standardisere læreplaner og undervisningsmetoder, og for å finne områder som trenger forbedring.",manual 2026-09-07
analyze data to assess distance learning program status or to inform decisions for distance learning programs.,Analysere data for å vurdere status for fjernundervisningsprogrammer eller som grunnlag for beslutninger om dem.,manual 2026-09-07
provide individual support or counseling in general wellness or nutrition.,Gi individuell støtte eller veiledning om helse og ernæring.,manual 2026-09-07
"provide technical or logistical support to users of distance learning classrooms, equipment, web sites, or services.","Gi teknisk eller praktisk støtte til brukere av fjernundervisningsrom, utstyr, nettsider eller tjenester.",manual 2026-09-07
"communicate to faculty, students, or other users availability of, or changes to, distance learning courses or materials, programs, services, or applications.","Informere lærere, studenter og andre brukere om tilgjengelighet eller endringer i fjernundervisningskurs, læremidler, programmer, tjenester eller applikasjoner.",manual 2026-09-07
"counsel and provide guidance to students regarding personal, academic, vocational, or behavioral issues.","Veilede elever i personlige, faglige, yrkesmessige eller atferdsmessige spørsmål.",manual 2026-09-07
evaluate the effectiveness of distance learning programs in promoting knowledge or skill acquisition.,Vurdere hvor godt fjernundervisningsprogrammer fremmer læring av kunnskap og ferdigheter.,manual 2026-09-07
"collect and analyze survey data, regulatory information, and data on demographic and employment trends to forecast enrollment patterns and curriculum change needs.","Samle inn og analysere spørreundersøkelser, regelverk og data om demografi og sysselsetting for å anslå søkertall og behov for endringer i studietilbudet.",manual 2026-09-07
"plan and develop instructional methods and content for educational, vocational, or student activity programs.","Planlegge og utvikle undervisningsmetoder og innhold for utdannings-, yrkes- og studentaktivitetsprogrammer.",manual 2026-09-07
"answer inquiries pertaining to hotel policies and services, and resolve occupants' complaints.","Besvare spørsmål om hotellets regler og tjenester, og håndtere klager fra gjestene.",manual 2026-09-07
"show, rent, or assign accommodations.","Vise frem, leie ut eller tildele rom.",manual 2026-09-07
"coordinate front-office activities of hotels or motels, and resolve problems.","Samordne resepsjonsarbeidet på hoteller eller moteller, og løse problemer.",manual 2026-09-07
"investigate and resolve complaints regarding food quality, service, or accommodations.","Undersøke og håndtere klager på matkvalitet, service eller overnatting.",manual 2026-09-07
"maintain food and equipment inventories, and keep inventory records.","Holde oversikt over beholdningen av mat og utstyr, og føre lagerregnskap.",manual 2026-09-07
"analyze research data to determine its significance, using computers.",Analysere forskningsdata med datamaskin for å fastslå betydningen av dem.,manual 2026-09-07
"perform complex calculations as part of the analysis and evaluation of data, using computers.",Utføre kompliserte beregninger med datamaskin som ledd i analyse og vurdering av data.,manual 2026-09-07
review scientific proposals and research papers.,Vurdere forskningssøknader og vitenskapelige artikler.,manual 2026-09-07
"calculate orbits and determine sizes, shapes, brightness, and motions of different celestial bodies.","Beregne baner og bestemme størrelse, form, lysstyrke og bevegelse for ulike himmellegemer.",manual 2026-09-07
design computer simulations to model physical data so that it can be better understood.,Utforme datasimuleringer som modellerer fysiske data for å forstå dem bedre.,manual 2026-09-07
develop instrumentation and software for astronomical observation and analysis.,Utvikle instrumenter og programvare for astronomiske observasjoner og analyser.,manual 2026-09-07
"study celestial phenomena, using a variety of ground-based and space-borne telescopes and scientific instruments.",Studere himmelfenomener med ulike bakke- og rombaserte teleskoper og vitenskapelige instrumenter.,manual 2026-09-07
develop and modify astronomy-related programs for public presentation.,Utvikle og tilpasse astronomiprogrammer for formidling til publikum.,manual 2026-09-07
"gather data from sources such as surface or upper air stations, satellites, weather bureaus, or radar for use in meteorological reports or forecasts.","Samle inn data fra kilder som bakke- og høydestasjoner, satellitter, meteorologiske institutter og radar til bruk i værrapporter og værvarsler.",manual 2026-09-07
"analyze organic or inorganic compounds to determine chemical or physical properties, composition, structure, relationships, or reactions, using chromatography, spectroscopy, or spectrophotometry techniques.","Analysere organiske og uorganiske forbindelser med kromatografi, spektroskopi eller spektrofotometri for å bestemme kjemiske og fysiske egenskaper, sammensetning, struktur, sammenhenger eller reaksjoner.",manual 2026-09-07
"perform experiments and computer modeling to study the nature, structure, and physical and chemical properties of metals and their alloys, and their responses to applied forces.","Utføre forsøk og datamodellering for å studere oppbygning, struktur og fysiske og kjemiske egenskaper hos metaller og legeringer, og hvordan de reagerer på påførte krefter.",manual 2026-09-07
confer with customers to determine how to tailor materials to their needs.,Rådføre seg med kunder for å finne ut hvordan materialer kan tilpasses deres behov.,manual 2026-09-07
"locate and review research articles or environmental, historical, or technical reports.","Finne og gjennomgå forskningsartikler eller miljømessige, historiske eller tekniske rapporter.",manual 2026-09-07
"prepare written and oral reports describing research results, using illustrations, maps, appendices, and other information.","Utarbeide skriftlige og muntlige rapporter om forskningsresultater med illustrasjoner, kart, vedlegg og annen informasjon.",manual 2026-09-07
"review applications for site plans and permits and recommend approval, denial, modification, or further investigative action.","Behandle søknader om reguleringsplaner og tillatelser, og anbefale godkjenning, avslag, endring eller nærmere undersøkelse.",manual 2026-09-07
"review, classify, and record survey data in preparation for computer analysis.","Gjennomgå, klassifisere og registrere undersøkelsesdata som forberedelse til dataanalyse.",manual 2026-09-07
prepare appropriate formatting to data sets as requested.,Formatere datasett etter forespørsel.,manual 2026-09-07
"prepare data for processing by organizing information, checking for any inaccuracies, and adjusting and weighting the raw data.","Klargjøre data for behandling ved å systematisere informasjonen, kontrollere for feil og justere og vekte rådataene.",manual 2026-09-07
"conduct research to extend mathematical knowledge in traditional areas, such as algebra, geometry, probability, and logic.","Forske for å utvide den matematiske kunnskapen på klassiske områder som algebra, geometri, sannsynlighetsteori og logikk.",manual 2026-09-07
"address the relationships of quantities, magnitudes, and forms through the use of numbers and symbols.","Behandle forholdet mellom mengder, størrelser og former ved hjelp av tall og symboler.",manual 2026-09-07
evaluate sources of information to determine any limitations in terms of reliability or usability.,Vurdere informasjonskilder for å avdekke begrensninger i pålitelighet eller anvendelighet.,manual 2026-09-07
"prepare data analysis listings and activity, performance, or progress reports.","Utarbeide dataanalyseoversikter og aktivitets-, resultat- eller fremdriftsrapporter.",manual 2026-09-07
"prepare and present summaries and analyses of survey data, including tables, graphs, and fact sheets that describe survey techniques and results.","Utarbeide og presentere sammendrag og analyser av undersøkelsesdata, inkludert tabeller, grafer og faktaark som beskriver metode og resultater.",manual 2026-09-07
develop new principles and new relationships between existing mathematical principles to advance mathematical science.,Utvikle nye prinsipper og nye sammenhenger mellom eksisterende matematiske prinsipper for å bringe matematikken videre.,manual 2026-09-07
"break systems into their component parts, assign numerical values to each component, and examine the mathematical relationships between them.","Dele opp systemer i bestanddeler, tilordne tallverdier til hver del og undersøke de matematiske sammenhengene mellom dem.",manual 2026-09-07
write program code to analyze data using statistical analysis software.,Skrive programkode for å analysere data i statistikkprogramvare.,manual 2026-09-07
analyze information obtained from management to conceptualize and define operational problems.,Analysere informasjon fra ledelsen for å konkretisere og definere driftsproblemer.,manual 2026-09-07
conduct research to gather information about survey topics.,Innhente bakgrunnsinformasjon om temaene for undersøkelsen.,manual 2026-09-07
"identify relationships and trends in data, as well as any factors that could affect the results of research.","Finne sammenhenger og trender i data, og faktorer som kan påvirke forskningsresultatene.",manual 2026-09-07
prepare management reports defining and evaluating problems and recommending solutions.,Utarbeide rapporter til ledelsen som definerer og vurderer problemer og anbefaler løsninger.,manual 2026-09-07
develop new software applications or customize existing applications to meet specific scientific project needs.,Utvikle nye programmer eller tilpasse eksisterende programmer til behovene i konkrete forskningsprosjekter.,manual 2026-09-07
"prepare reports or recommendations, based upon research outcomes.",Utarbeide rapporter eller anbefalinger basert på forskningsresultater.,manual 2026-09-07
"provide statistical and computational tools for biologically based activities such as genetic analysis, measurement of gene expression, and gene function determination.","Levere statistiske og beregningsmessige verktøy til biologiske oppgaver som genetisk analyse, måling av genuttrykk og bestemmelse av genfunksjon.",manual 2026-09-07
"prepare reports, manuscripts, and meeting presentations.","Utarbeide rapporter, manuskripter og presentasjoner til møter.",manual 2026-09-07
analyze characteristics of animals to identify and classify them.,Analysere kjennetegn ved dyr for å identifisere og klassifisere dem.,manual 2026-09-07
evaluate genetic data by performing appropriate mathematical or statistical calculations and analyses.,Vurdere genetiske data ved hjelp av egnede matematiske og statistiske beregninger og analyser.,manual 2026-09-07
"review, approve, or interpret genetic laboratory results.","Gjennomgå, godkjenne eller tolke genetiske laboratorieresultater.",manual 2026-09-07
prepare results of experimental findings for presentation at professional conferences or in scientific journals.,Klargjøre forsøksresultater for presentasjon på fagkonferanser eller i vitenskapelige tidsskrifter.,manual 2026-09-07
prepare technical reports and recommendations based upon research outcomes.,Utarbeide tekniske rapporter og anbefalinger basert på forskningsresultater.,manual 2026-09-07
"conduct applied research aimed at improvements in areas such as disease testing, crop quality, pharmaceuticals, and the harnessing of microbes to recycle waste.","Drive anvendt forskning for å oppnå forbedringer på områder som sykdomstesting, avlingskvalitet, legemidler og bruk av mikrober til gjenvinning av avfall.",manual 2026-09-07
"participate in all levels of bioproduct development, including proposing new products, performing market analyses, designing and performing experiments, and collaborating with operations and quality control teams during product launches.","Delta i alle trinn av bioproduktutvikling, inkludert å foreslå nye produkter, utføre markedsanalyser, planlegge og gjennomføre forsøk og samarbeide med drifts- og kvalitetskontrollteam ved produktlanseringer.",manual 2026-09-07
search scientific literature to select and modify methods and procedures most appropriate for genetic research goals.,Søke i vitenskapelig litteratur for å velge og tilpasse de metodene og prosedyrene som passer best for målene i den genetiske forskningen.,manual 2026-09-07
study the structure and composition of food or the changes foods undergo in storage and processing.,"Studere strukturen og sammensetningen i matvarer, eller endringene de gjennomgår ved lagring og bearbeiding.",manual 2026-09-07
"examine physiological, morphological, and cultural characteristics, using microscope, to identify and classify microorganisms in human, water, and food specimens.","Undersøke fysiologiske, morfologiske og dyrkningsmessige kjennetegn i mikroskop for å identifisere og klassifisere mikroorganismer i prøver fra mennesker, vann og mat.",manual 2026-09-07
"compile data for use in activities such as gene expression profiling, genome annotation, and structural bioinformatics.","Sette sammen data til bruk i oppgaver som genuttrykksprofilering, genomannotering og strukturell bioinformatikk.",manual 2026-09-07
"communicate research or project results to other professionals or the public or teach related courses, seminars, or workshops.","Formidle forsknings- eller prosjektresultater til fagfolk eller allmennheten, eller undervise i tilhørende kurs, seminarer og workshoper.",manual 2026-09-07
maintain records of services provided and the effects of advice given.,Føre oversikt over utførte tjenester og virkningen av rådene som er gitt.,manual 2026-09-07
"identify or classify species of insects or allied forms, such as mites or spiders.",Identifisere eller klassifisere arter av insekter og beslektede grupper som midd og edderkopper.,manual 2026-09-07
"collect, synthesize, analyze, manage, and report environmental data, such as pollution emission measurements, atmospheric monitoring measurements, meteorological or mineralogical information, or soil or water samples.","Samle inn, sammenstille, analysere, forvalte og rapportere miljødata som utslippsmålinger, atmosfæreovervåking, meteorologisk eller mineralogisk informasjon og jord- og vannprøver.",manual 2026-09-07
determine data collection methods to be employed in research projects or surveys.,Fastsette datainnsamlingsmetoder for forskningsprosjekter eller undersøkelser.,manual 2026-09-07
"plan or develop research models, using knowledge of mathematical and statistical concepts.",Planlegge eller utvikle forskningsmodeller basert på matematiske og statistiske begreper.,manual 2026-09-07
"process and review environmental permits, licenses, or related materials.","Behandle og gjennomgå miljøtillatelser, konsesjoner og tilhørende dokumenter.",manual 2026-09-07
examine societal issues and their relationship with both technical systems and the environment.,Undersøke samfunnsspørsmål og hvordan de henger sammen med både tekniske systemer og miljøet.,manual 2026-09-07
review grant applications or make funding recommendations.,Vurdere søknader om tilskudd eller gi anbefalinger om finansiering.,manual 2026-09-07
evaluate violations or problems discovered during inspections to determine appropriate regulatory actions or to provide advice on the development and prosecution of regulatory cases.,"Vurdere brudd eller problemer avdekket ved tilsyn for å avgjøre egnede reaksjoner, eller gi råd om oppbygging og forfølgelse av tilsynssaker.",manual 2026-09-07
"conduct interviews or surveys of users or customers to collect information on topics such as requirements, needs, fatigue, ergonomics, or interfaces.","Gjennomføre intervjuer eller spørreundersøkelser blant brukere eller kunder om temaer som krav, behov, tretthet, ergonomi eller grensesnitt.",manual 2026-09-07
"operate testing equipment, such as heat stress meters, octave band analyzers, motion analysis equipment, inclinometers, light meters, velometers, sling psychrometers, or colormetric detection tubes.","Betjene måleutstyr som varmebelastningsmålere, oktavbåndanalysatorer, bevegelsesanalyseutstyr, inklinometre, lysmålere, lufthastighetsmålere, slyngpsykrometre og kolorimetriske deteksjonsrør.",manual 2026-09-07
"investigate theoretical or conceptual issues, such as the human design considerations of lunar landers or habitats.","Undersøke teoretiske eller konseptuelle spørsmål, som menneskelige hensyn ved utforming av månelandere eller boenheter i rommet.",manual 2026-09-07
investigate or test specific construction project materials to determine compliance to specifications or standards.,Undersøke eller teste materialer i byggeprosjekter for å kontrollere at de oppfyller spesifikasjoner eller standarder.,manual 2026-09-07
"provide administrative support for projects by collecting data, providing project documentation, training staff, or performing other general administrative duties.","Gi administrativ støtte til prosjekter ved å samle inn data, levere prosjektdokumentasjon, lære opp ansatte eller utføre andre administrative oppgaver.",manual 2026-09-07
provide technical customer service.,Gi teknisk kundeservice.,manual 2026-09-07
solicit new business.,Skaffe nye oppdrag.,manual 2026-09-07
"write, review, or maintain engineering documentation.","Skrive, gjennomgå eller vedlikeholde teknisk dokumentasjon.",manual 2026-09-07
"read and interpret blueprints, technical drawings, schematics, or computer-generated reports.","Lese og tolke arbeidstegninger, tekniske tegninger, koblingsskjemaer eller datagenererte rapporter.",manual 2026-09-07
evaluate and approve selection of vendors by studying past performance or new advertisements.,Vurdere og godkjenne valg av leverandører ut fra tidligere leveranser eller nye tilbud.,manual 2026-09-07
prepare or present technical or project status reports.,Utarbeide eller presentere tekniske rapporter eller statusrapporter for prosjekter.,manual 2026-09-07
"write technical reports or other documentation, such as handbooks or bulletins, for use by engineering staff, management, or customers.","Skrive tekniske rapporter eller annen dokumentasjon, som håndbøker og meldinger, til bruk for ingeniører, ledelse eller kunder.",manual 2026-09-07
analyze data to determine feasibility of product proposals.,Analysere data for å vurdere om produktforslag lar seg gjennomføre.,manual 2026-09-07
analyze system performance or operational requirements.,Analysere systemytelse eller driftskrav.,manual 2026-09-07
"design and direct nuclear research projects to discover facts, to test or modify theoretical models, or to develop new theoretical models or new uses for current models.","Utforme og lede kjernefysiske forskningsprosjekter for å avdekke fakta, teste eller justere teoretiske modeller, eller utvikle nye modeller eller nye bruksområder for eksisterende modeller.",manual 2026-09-07
"prepare technical reports, data summary documents, or research articles for scientific publication, regulatory submissions, or patent applications.","Utarbeide tekniske rapporter, datasammendrag eller forskningsartikler til vitenskapelig publisering, innsending til myndigheter eller patentsøknader.",manual 2026-09-07
"analyze, interpret, or create graphical representations of energy data, using engineering software.","Analysere, tolke eller lage grafiske fremstillinger av energidata med teknisk programvare.",manual 2026-09-07
debug robotics programs.,Feilsøke robotprogrammer.,manual 2026-09-07
provide technical support for robotic systems.,Gi teknisk støtte til robotsystemer.,manual 2026-09-07
"design software to control robotic systems for applications, such as military defense or manufacturing.",Utforme programvare som styrer robotsystemer for bruksområder som forsvar eller industriproduksjon.,manual 2026-09-07
write reports or research proposals.,Skrive rapporter eller forskningssøknader.,manual 2026-09-07
prepare project reports and other program or technical documentation.,Utarbeide prosjektrapporter og annen program- eller teknisk dokumentasjon.,manual 2026-09-07
"create, populate, or maintain databases for tracking validation activities, test results, or validated systems.","Opprette, fylle eller vedlikeholde databaser for å følge opp valideringsaktiviteter, testresultater eller validerte systemer.",manual 2026-09-07
"synthesize analyses of test results, and use the results to prepare technical reports of findings and recommendations.",Sammenstille analyser av testresultater og bruke dem til å utarbeide tekniske rapporter med funn og anbefalinger.,manual 2026-09-07
"conduct research, along with life scientists, chemists, and medical scientists, on the engineering aspects of the biological systems of humans and animals.","Forske sammen med biologer, kjemikere og medisinske forskere på de tekniske sidene ved biologiske systemer hos mennesker og dyr.",manual 2026-09-07
"document robotic application development, maintenance, or changes.","Dokumentere utvikling, vedlikehold og endringer av robotapplikasjoner.",manual 2026-09-07
"prepare reports, deliver presentations, or participate in program review activities to communicate engineering results or recommendations.","Utarbeide rapporter, holde presentasjoner eller delta i programgjennomganger for å formidle tekniske resultater eller anbefalinger.",manual 2026-09-07
promote awareness or use of alternative or renewable energy sources.,Fremme kjennskap til og bruk av alternative eller fornybare energikilder.,manual 2026-09-07
"estimate labor, material, or construction costs for budget preparation purposes.","Anslå arbeids-, material- og byggekostnader til bruk i budsjettering.",manual 2026-09-07
"collect data relating to commercial or residential development, population, or power system interconnection to determine operating efficiency of electrical systems.","Samle inn data om nærings- og boligutbygging, befolkning og sammenkobling av kraftsystemer for å vurdere driftseffektiviteten i elektriske anlegg.",manual 2026-09-07
"conduct field surveys or study maps, graphs, diagrams, or other data to identify and correct power system problems.","Gjennomføre feltundersøkelser eller studere kart, grafer, diagrammer og andre data for å finne og rette feil i kraftsystemet.",manual 2026-09-07
"prepare technical drawings, specifications of electrical systems, or topographical maps to ensure that installation and operations conform to standards and customer requirements.","Utarbeide tekniske tegninger, spesifikasjoner for elektriske anlegg eller topografiske kart for å sikre at installasjon og drift følger standarder og kundens krav.",manual 2026-09-07
"store, retrieve, and manipulate data for analysis of system capabilities and requirements.","Lagre, hente og bearbeide data for å analysere systemets kapasitet og krav.",manual 2026-09-07
"analyze information to determine, recommend, and plan layout, including type of computers and peripheral equipment modifications.","Analysere informasjon for å fastsette, anbefale og planlegge oppsett, inkludert type datamaskiner og endringer i periferutstyr.",manual 2026-09-07
"design electronic components, software, products, or systems for commercial, industrial, medical, military, or scientific applications.","Utforme elektroniske komponenter, programvare, produkter eller systemer til kommersiell, industriell, medisinsk, militær eller vitenskapelig bruk.",manual 2026-09-07
provide technical support or instruction to staff or customers regarding electronics equipment standards.,Gi teknisk støtte eller opplæring til ansatte eller kunder om standarder for elektronisk utstyr.,manual 2026-09-07
"prepare, review, or maintain maintenance schedules, design documentation, or operational reports or charts.","Utarbeide, gjennomgå eller vedlikeholde vedlikeholdsplaner, konstruksjonsdokumentasjon og driftsrapporter eller -diagrammer.",manual 2026-09-07
write detailed functional specifications that document the hardware development process and support hardware introduction.,Skrive detaljerte funksjonsspesifikasjoner som dokumenterer utviklingsprosessen for maskinvare og støtter innføringen av den.,manual 2026-09-07
"analyze electronics system requirements, capacity, cost, or customer needs to determine project feasibility.","Analysere krav, kapasitet, kostnader og kundebehov for elektroniske systemer for å vurdere om prosjektet er gjennomførbart.",manual 2026-09-07
analyze user needs and recommend appropriate hardware.,Analysere brukerbehov og anbefale egnet maskinvare.,manual 2026-09-07
"develop or perform operational, maintenance, or testing procedures for electronic products, components, equipment, or systems.","Utvikle eller utføre drifts-, vedlikeholds- og testprosedyrer for elektroniske produkter, komponenter, utstyr eller systemer.",manual 2026-09-07
"collect data about existing client hardware, software, networking, or key business processes to inform implementation of radio frequency identification device (rfid) technology.","Samle inn data om kundens eksisterende maskinvare, programvare, nettverk og sentrale forretningsprosesser som grunnlag for innføring av RFID-teknologi.",manual 2026-09-07
prepare contract documents for building contractors.,Utarbeide kontraktsdokumenter for entreprenører.,manual 2026-09-07
"develop marketing materials, proposals, or presentation to generate new work opportunities.","Utarbeide markedsføringsmateriell, tilbud eller presentasjoner for å skaffe nye oppdrag.",manual 2026-09-07
administer construction contracts.,Forvalte entreprisekontrakter.,manual 2026-09-07
gather information related to projects' environmental sustainability or operational efficiency.,Innhente informasjon om prosjekters miljømessige bærekraft eller driftseffektivitet.,manual 2026-09-07
read scripts and consult directors and other production staff to develop design concepts and plan productions.,Lese manus og rådføre seg med regissører og annen produksjonsstab for å utvikle designkonsepter og planlegge produksjoner.,manual 2026-09-07
"read publications, attend showings, and study competing products and design styles and motifs to obtain perspective and generate design concepts.","Lese publikasjoner, gå på visninger og studere konkurrerende produkter, designstiler og motiver for å få perspektiv og utvikle designkonsepter.",manual 2026-09-07
"identify target markets for designs, looking at factors such as age, gender, and socioeconomic status.","Identifisere målgrupper for design ut fra faktorer som alder, kjønn og sosioøkonomisk status.",manual 2026-09-07
"design custom clothing and accessories for individuals, retailers, or theatrical, television, or film productions.","Designe skreddersydde klær og tilbehør for privatpersoner, forhandlere eller teater-, TV- og filmproduksjoner.",manual 2026-09-07
investigate property availability for purposes of development.,Undersøke tilgjengelige eiendommer med tanke på utbygging.,manual 2026-09-07
determine guidelines that specify which source material is acceptable for use.,Fastsette retningslinjer for hvilket kildemateriale som kan brukes.,manual 2026-09-07
build and update digital databases.,Bygge og oppdatere digitale databaser.,manual 2026-09-07
develop criteria for the design and modification of survey instruments.,Utvikle kriterier for utforming og endring av spørreskjemaer.,manual 2026-09-07
prepare progress or technical reports.,Utarbeide fremdriftsrapporter eller tekniske rapporter.,manual 2026-09-07
use models to simulate the behavior of animated objects in the finished sequence.,Bruke modeller til å simulere hvordan animerte objekter oppfører seg i den ferdige sekvensen.,manual 2026-09-07
use computer software to generate new images.,Bruke programvare til å lage nye bilder.,manual 2026-09-07
"develop briefings, brochures, multimedia presentations, web pages, promotional products, technical illustrations, and computer artwork for use in products, technical manuals, literature, newsletters, and slide shows.","Utarbeide orienteringer, brosjyrer, multimediepresentasjoner, nettsider, reklameprodukter, tekniske illustrasjoner og digital grafikk til bruk i produkter, tekniske håndbøker, trykksaker, nyhetsbrev og lysbildeserier.",manual 2026-09-07
"determine size and arrangement of illustrative material and copy, and select style and size of type.","Bestemme størrelse og plassering av illustrasjoner og tekst, og velge skrifttype og skriftstørrelse.",manual 2026-09-07
"script, plan, and create animated narrative sequences under tight deadlines, using computer software and hand drawing techniques.","Skrive manus til, planlegge og lage animerte fortellersekvenser under stramme tidsfrister ved hjelp av programvare og håndtegning.",manual 2026-09-07
"develop graphics and layouts for product illustrations, company logos, and web sites.","Utvikle grafikk og layout til produktillustrasjoner, firmalogoer og nettsider.",manual 2026-09-07
"study illustrations and photographs to plan presentation of materials, products, or services.","Studere illustrasjoner og fotografier for å planlegge presentasjon av materiell, produkter eller tjenester.",manual 2026-09-07
"document the performance, interpretation, or outcomes of all procedures performed.","Dokumentere gjennomføring, tolkning og resultat av alle utførte prosedyrer.",manual 2026-09-07
prepare comprehensive interpretive reports of findings.,Utarbeide utfyllende tolkningsrapporter om funnene.,manual 2026-09-07
"collect, record, and maintain patient information, such as medical history, reports, and examination results.","Samle inn, registrere og vedlikeholde pasientopplysninger som sykehistorie, rapporter og undersøkelsesresultater.",manual 2026-09-07
"diagnose diseases or study medical conditions using techniques such as gross pathology, histology, cytology, cytopathology, clinical chemistry, immunology, flow cytometry, and molecular biology.","Diagnostisere sykdommer eller studere medisinske tilstander med teknikker som makroskopisk patologi, histologi, cytologi, cytopatologi, klinisk kjemi, immunologi, flowcytometri og molekylærbiologi.",manual 2026-09-07
"analyze records, reports, test results, or examination information to diagnose medical condition of patient.","Analysere journaler, rapporter, prøvesvar og undersøkelsesfunn for å stille diagnose.",manual 2026-09-07
"educate patients about diagnoses, prognoses, or treatments.","Informere pasienter om diagnose, prognose og behandling.",manual 2026-09-07
"analyze and interpret results from tests such as microbial or parasite tests, urine analyses, hormonal assays, fine needle aspirations (fnas), and polymerase chain reactions (pcrs).","Analysere og tolke resultater fra prøver som mikrobe- og parasittester, urinanalyser, hormonanalyser, finnålsaspirasjon (FNA) og PCR.",manual 2026-09-07
"develop individualized treatment plans for patients, considering patient preferences, clinical data, or the risks and benefits of therapies.","Utarbeide individuelle behandlingsplaner ut fra pasientens ønsker, kliniske data og risiko og nytte ved behandlingene.",manual 2026-09-07
conduct research and present scientific findings.,Drive forskning og presentere vitenskapelige funn.,manual 2026-09-07
interpret imaging data and confer with other medical specialists to formulate diagnoses.,Tolke bildediagnostikk og rådføre seg med andre legespesialister for å stille diagnoser.,manual 2026-09-07
explain procedures and discuss test results or prescribed treatments with patients.,Forklare prosedyrer og drøfte prøvesvar eller foreskrevet behandling med pasientene.,manual 2026-09-07
examine microscopic samples to identify diseases or other abnormalities.,Undersøke prøver i mikroskop for å påvise sykdom eller andre avvik.,manual 2026-09-07
"collect, record, and maintain patient information, such as medical histories, reports, and examination results.","Samle inn, registrere og vedlikeholde pasientopplysninger som sykehistorier, rapporter og undersøkelsesresultater.",manual 2026-09-07
review or transmit images and information using picture archiving or communications systems.,Gjennomgå eller overføre bilder og informasjon via bildearkiv- og kommunikasjonssystemer (PACS).,manual 2026-09-07
interpret diagnostic test results to make appropriate differential diagnoses.,Tolke diagnostiske prøvesvar for å stille riktige differensialdiagnoser.,manual 2026-09-07
compile and analyze data obtained from monitoring or diagnostic tests.,Sammenstille og analysere data fra overvåking eller diagnostiske tester.,manual 2026-09-07
provide patients or caregivers with assistance in locating health care resources.,Hjelpe pasienter eller pårørende med å finne fram til helsetjenester.,manual 2026-09-07
direct or provide home health services.,Lede eller yte hjemmebaserte helsetjenester.,manual 2026-09-07
"educate patients and family members about mental health and medical conditions, preventive health measures, medications, or treatment plans.","Informere pasienter og pårørende om psykisk helse og medisinske tilstander, forebyggende tiltak, legemidler og behandlingsplaner.",manual 2026-09-07
prepare reports to document patients' care activities.,Utarbeide rapporter som dokumenterer pleien pasientene har fått.,manual 2026-09-07
assist patients in organizing their health care system activities.,Hjelpe pasienter med å organisere kontakten med helsevesenet.,manual 2026-09-07
"monitor, record, and report symptoms or changes in patients' conditions.","Overvåke, registrere og rapportere symptomer eller endringer i pasientenes tilstand.",manual 2026-09-07
"analyze and interpret patients' histories, symptoms, physical findings, or diagnostic information to develop appropriate diagnoses.","Analysere og tolke pasientenes sykehistorie, symptomer, kliniske funn og diagnostisk informasjon for å stille riktig diagnose.",manual 2026-09-07
present clients with information required to make informed health care and treatment decisions.,Gi brukerne den informasjonen de trenger for å ta informerte valg om helsehjelp og behandling.,manual 2026-09-07
evaluate the quality and effectiveness of nursing practice or organizational systems.,Vurdere kvaliteten og effekten av sykepleiepraksis eller organisatoriske systemer.,manual 2026-09-07
monitor patients' medication usage and results.,Følge opp pasientenes legemiddelbruk og virkningen av den.,manual 2026-09-07
interpret diagnostic or laboratory tests such as electrocardiograms (ekgs) and renal functioning tests.,Tolke diagnostiske prøver og laboratorieprøver som EKG og nyrefunksjonsprøver.,manual 2026-09-07
"make clinical recommendations to physicians, other health care providers, insurance companies, patients, or health care organizations.","Gi kliniske anbefalinger til leger, annet helsepersonell, forsikringsselskaper, pasienter eller helseorganisasjoner.",manual 2026-09-07
document patients' medical histories and assessment findings.,Dokumentere pasientenes sykehistorie og funn fra vurderinger.,manual 2026-09-07
"advise animal owners regarding sanitary measures, feeding, general care, medical conditions, or treatment options.","Gi dyreeiere råd om hygiene, fôring, stell, medisinske tilstander og behandlingsalternativer.",manual 2026-09-07
"advise or instruct patients regarding preventive dental care, the causes and treatment of dental problems, or oral health care services.","Gi pasienter råd og veiledning om forebyggende tannpleie, årsaker til og behandling av tannproblemer, og tannhelsetjenester.",manual 2026-09-07
analyze or evaluate dental needs to determine changes or trends in patterns of dental disease.,Analysere eller vurdere tannhelsebehov for å avdekke endringer eller trender i forekomsten av tannsykdommer.,manual 2026-09-07
prepare diagnostic and treatment records.,Føre journal over diagnoser og behandling.,manual 2026-09-07
"assess the identity, strength, or purity of medications.","Kontrollere legemidlers identitet, styrke og renhet.",manual 2026-09-07
"compound and dispense medications as prescribed by doctors and dentists, by calculating, weighing, measuring, and mixing ingredients, or oversee these activities.","Tilberede og utlevere legemidler etter resept fra lege eller tannlege ved å beregne, veie, måle og blande ingredienser, eller føre tilsyn med dette arbeidet.",manual 2026-09-07
"plan, implement, or maintain procedures for mixing, packaging, or labeling pharmaceuticals, according to policy and legal requirements, to ensure quality, security, and proper disposal.","Planlegge, innføre eller vedlikeholde rutiner for blanding, pakking og merking av legemidler i tråd med retningslinjer og lovkrav, for å sikre kvalitet, sikkerhet og forsvarlig avhending.",manual 2026-09-07
analyze prescribing trends to monitor patient compliance and to prevent excessive usage or harmful interactions.,Analysere forskrivningsmønstre for å følge opp pasientenes etterlevelse og forebygge overforbruk eller skadelige interaksjoner.,manual 2026-09-07
"document activities and record information, such as the numbers of applications completed, presentations conducted, and persons assisted.","Dokumentere aktiviteter og registrere opplysninger som antall behandlede søknader, gjennomførte presentasjoner og personer som har fått hjelp.",manual 2026-09-07
"prepare and distribute health education materials, such as reports, bulletins, and visual aids, to address smoking, vaccines, and other public health concerns.","Utarbeide og distribuere helseopplysningsmateriell som rapporter, informasjonsskriv og visuelle hjelpemidler om røyking, vaksiner og andre folkehelsespørsmål.",manual 2026-09-07
"develop educational materials and programs for community agencies, local government, and state government.","Utvikle opplæringsmateriell og programmer for lokale organisasjoner, kommuner og delstatsmyndigheter.",manual 2026-09-07
interpret exercise program participant data to evaluate progress or identify needed program changes.,Tolke data om deltakere i treningsprogrammer for å vurdere fremgang eller finne nødvendige endringer i programmet.,manual 2026-09-07
"prescribe individualized exercise programs, specifying equipment such as treadmill, exercise bicycle, ergometers, or perceptual goggles.","Foreskrive individuelle treningsprogrammer og angi utstyr som tredemølle, ergometersykkel, ergometre eller persepsjonsbriller.",manual 2026-09-07
"provide educational information about physical therapy or physical therapists, injury prevention, ergonomics, or ways to promote health.","Gi informasjon om fysioterapi og fysioterapeuter, skadeforebygging, ergonomi og måter å fremme helse på.",manual 2026-09-07
conduct or support research and apply research findings to practice.,Drive eller støtte forskning og anvende forskningsfunn i praksis.,manual 2026-09-07
write research reports and other publications to document and communicate research findings.,Skrive forskningsrapporter og andre publikasjoner for å dokumentere og formidle forskningsfunn.,manual 2026-09-07
"assess nutritional needs, diet restrictions and current health plans to develop and implement dietary-care plans and provide nutritional counseling.","Vurdere ernæringsbehov, kostrestriksjoner og gjeldende helseplaner for å utarbeide og gjennomføre kostholdsplaner og gi ernæringsveiledning.",manual 2026-09-07
"advise patients and their families on nutritional principles, dietary plans and diet modifications, and food selection and preparation.","Gi pasienter og pårørende råd om ernæringsprinsipper, kostplaner og kostendringer, samt valg og tilberedning av mat.",manual 2026-09-07
assist students who need extra help with their coursework outside of class.,Hjelpe studenter som trenger ekstra støtte med fagene utenom undervisningen.,manual 2026-09-07
review manuscripts for publication in books and professional journals.,Vurdere manuskripter for publisering i bøker og fagtidsskrifter.,manual 2026-09-07
prepare and deliver lectures to undergraduate or graduate students on topics such as how to speak and write a foreign language and the cultural aspects of areas where a particular language is used.,Forberede og holde forelesninger for studenter på bachelor- og masternivå om emner som muntlig og skriftlig bruk av et fremmedspråk og kulturen i områdene der språket brukes.,manual 2026-09-07
"review papers or serve on editorial boards for scientific journals, and review grant proposals for various agencies.","Fagfellevurdere artikler eller sitte i redaksjonsråd for vitenskapelige tidsskrifter, og vurdere søknader om forskningsmidler for ulike instanser.",manual 2026-09-07
"prepare and deliver lectures to undergraduate or graduate students on topics such as quantum mechanics, particle physics, and optics.","Forberede og holde forelesninger for studenter på bachelor- og masternivå om emner som kvantemekanikk, partikkelfysikk og optikk.",manual 2026-09-07
"review papers or serve on editorial boards for scientific journals, and review grant proposals for federal agencies.","Fagfellevurdere artikler eller sitte i redaksjonsråd for vitenskapelige tidsskrifter, og vurdere søknader om forskningsmidler for føderale etater.",manual 2026-09-07
review papers for publication in journals.,Fagfellevurdere artikler for publisering i tidsskrifter.,manual 2026-09-07
edit manuscripts for professional journals.,Redigere manuskripter for fagtidsskrifter.,manual 2026-09-07
"provide professional consulting services to government, educational institutions, or industry.","Yte faglig rådgivning til myndigheter, utdanningsinstitusjoner eller næringsliv.",manual 2026-09-07
provide assistance to students in college writing centers.,Hjelpe studenter ved skrivesentre på høyskoler og universiteter.,manual 2026-09-07
write original literary pieces.,Skrive egne skjønnlitterære tekster.,manual 2026-09-07
review papers for colleagues and scientific journals.,Vurdere artikler for kolleger og vitenskapelige tidsskrifter.,manual 2026-09-07
"evaluate and grade examinations, assignments, or papers and record grades.","Vurdere og sette karakter på eksamener, oppgaver og innleveringer, og registrere karakterene.",manual 2026-09-07
"observe and evaluate students' work to determine progress, provide feedback, and make suggestions for improvement.","Observere og vurdere elevenes arbeid for å følge fremgangen, gi tilbakemelding og foreslå forbedringer.",manual 2026-09-07
"develop teaching aids such as instructional software, multimedia visual aids, or study materials.","Utvikle undervisningshjelpemidler som læringsprogramvare, multimediebaserte hjelpemidler og studiemateriell.",manual 2026-09-07
"instruct students in the knowledge and skills required in a specific occupation or occupational field, using a systematic plan of lectures, discussions, audio-visual presentations, and laboratory, shop and field studies.","Undervise elever i kunnskapen og ferdighetene et bestemt yrke eller fagfelt krever, etter en systematisk plan med forelesninger, diskusjoner, audiovisuelle presentasjoner og laboratorie-, verksted- og feltarbeid.",manual 2026-09-07
"conduct on-the-job training classes or training sessions to teach and demonstrate principles, techniques, procedures, or methods of designated subjects.","Holde kurs eller opplæring på arbeidsplassen for å lære bort og demonstrere prinsipper, teknikker, prosedyrer og metoder i bestemte emner.",manual 2026-09-07
develop curricula and plan course content and methods of instruction.,Utvikle læreplaner og planlegge kursinnhold og undervisningsmetoder.,manual 2026-09-07
"prepare, administer, and grade tests and assignments to evaluate students' progress.","Utarbeide, gjennomføre og rette prøver og oppgaver for å vurdere elevenes fremgang.",manual 2026-09-07
"select and assemble books, materials, supplies, and equipment for training, courses, or projects.","Velge ut og sette sammen bøker, materiell, forbruksvarer og utstyr til opplæring, kurs eller prosjekter.",manual 2026-09-07
"plan and conduct activities for a balanced program of instruction, demonstration, and work time that provides students with opportunities to observe, question, and investigate.","Planlegge og gjennomføre aktiviteter i et balansert opplegg med undervisning, demonstrasjon og arbeidstid som gir elevene anledning til å observere, stille spørsmål og undersøke.",manual 2026-09-07
"use computers, audio-visual aids, and other equipment and materials to supplement presentations.","Bruke datamaskiner, audiovisuelle hjelpemidler og annet utstyr og materiell for å supplere presentasjoner.",manual 2026-09-07
"instruct through lectures, discussions, and demonstrations in one or more subjects, such as english, mathematics, or social studies.","Undervise gjennom forelesninger, diskusjoner og demonstrasjoner i ett eller flere fag, som engelsk, matematikk eller samfunnsfag.",manual 2026-09-07
organize and label materials and display students' work.,Organisere og merke materiell og stille ut elevenes arbeid.,manual 2026-09-07
develop instructional materials to be used by educators and instructors.,Utvikle undervisningsmateriell til bruk for lærere og instruktører.,manual 2026-09-07
"develop instructional materials, such as lesson plans, handouts, or examinations.","Utvikle undervisningsmateriell som undervisningsopplegg, utdelingsark og eksamensoppgaver.",manual 2026-09-07
"edit instructional materials, such as books, simulation exercises, lesson plans, instructor guides, and tests.","Redigere undervisningsmateriell som bøker, simuleringsøvelser, undervisningsopplegg, instruktørveiledninger og prøver.",manual 2026-09-07
"analyze performance data to determine effectiveness of instructional systems, courses, or instructional materials.","Analysere resultatdata for å vurdere effekten av undervisningssystemer, kurs og undervisningsmateriell.",manual 2026-09-07
develop instructional materials and products for technology-based redesign of courses.,Utvikle undervisningsmateriell og produkter for teknologibasert omlegging av kurs.,manual 2026-09-07
provide technical support to clients in the implementation of designed instruction or in task analyses and instructional systems design.,"Gi kunder teknisk støtte ved innføring av utviklet undervisning, eller ved oppgaveanalyser og utforming av undervisningssystemer.",manual 2026-09-07
"develop tests, questionnaires, and procedures that measure the effectiveness of curricula and use these tools to determine whether program objectives are being met.","Utvikle prøver, spørreskjemaer og prosedyrer som måler effekten av læreplaner, og bruke disse verktøyene til å avgjøre om programmets mål nås.",manual 2026-09-07
adapt instructional content or delivery methods for different levels or types of learners.,Tilpasse undervisningsinnhold eller undervisningsform til ulike nivåer og typer av lærende.,manual 2026-09-07
"provide technical advice on the use of current instructional technologies, including computer-based training, desktop videoconferencing, multimedia, and distance learning technologies.","Gi tekniske råd om bruk av moderne undervisningsteknologi, inkludert databasert opplæring, videokonferanse, multimedia og fjernundervisning.",manual 2026-09-07
develop measurement tools to evaluate the effectiveness of instruction or training interventions.,Utvikle måleverktøy for å vurdere effekten av undervisning eller opplæringstiltak.,manual 2026-09-07
design instructional aids for stand-alone or instructor-led classroom or online use.,Utforme undervisningshjelpemidler til selvstudium eller lærerledet undervisning i klasserom eller på nett.,manual 2026-09-07
"research, evaluate, and prepare recommendations on curricula, instructional methods, and materials for school systems.","Undersøke, vurdere og utarbeide anbefalinger om læreplaner, undervisningsmetoder og læremidler for skoleverket.",manual 2026-09-07
"assess effectiveness and efficiency of instruction according to ease of instructional technology use and student learning, knowledge transfer, and satisfaction.","Vurdere hvor virkningsfull og effektiv undervisningen er ut fra hvor lett teknologien er å bruke, og ut fra elevenes læring, kunnskapsoverføring og tilfredshet.",manual 2026-09-07
organize production and design of curriculum materials.,Organisere produksjon og utforming av læremidler.,manual 2026-09-07
"design learning products, including web-based aids or electronic performance support systems.","Utforme læringsprodukter, inkludert nettbaserte hjelpemidler og elektroniske støttesystemer for arbeidsutførelse.",manual 2026-09-07
"teach personal development skills such as goal setting, independence, and self-advocacy.","Undervise i personlige utviklingsferdigheter som målsetting, selvstendighet og det å tale sin egen sak.",manual 2026-09-07
"write reports to summarize student performance, social growth, or physical development.","Skrive rapporter som oppsummerer elevenes prestasjoner, sosiale utvikling og fysiske utvikling.",manual 2026-09-07
"present information in audio-visual or interactive formats, using computers, televisions, audio-visual aids, or other equipment, materials, or technologies.","Presentere informasjon i audiovisuelle eller interaktive formater ved hjelp av datamaskiner, TV, audiovisuelle hjelpemidler eller annet utstyr, materiell og teknologi.",manual 2026-09-07
"prepare objectives, outlines, or other materials for courses of study, following curriculum guidelines or requirements.","Utarbeide mål, disposisjoner og annet materiell for studieløp i tråd med læreplanens retningslinjer og krav.",manual 2026-09-07
"present information in audio-visual or interactive formats, using computers, television, audio-visual aids, or other equipment, materials, or technologies.","Presentere informasjon i audiovisuelle eller interaktive formater ved hjelp av datamaskiner, TV, audiovisuelle hjelpemidler eller annet utstyr, materiell og teknologi.",manual 2026-09-07
"review class material with students by discussing text, working solutions to problems, or reviewing worksheets or other assignments.","Gå gjennom lærestoff med elevene ved å drøfte tekster, løse oppgaver og gjennomgå arbeidsark og andre oppgaver.",manual 2026-09-07
"provide private instruction to individual or small groups of students to improve academic performance, improve occupational skills, or prepare for academic or occupational tests.","Gi privatundervisning til enkeltelever eller små grupper for å bedre skoleprestasjoner, styrke yrkesferdigheter eller forberede til faglige eller yrkesrettede prøver.",manual 2026-09-07
"develop teaching or training materials, such as handouts, study materials, or quizzes.","Utvikle undervisnings- eller opplæringsmateriell som utdelingsark, studiemateriell og quizer.",manual 2026-09-07
"administer, proctor, or score academic or diagnostic assessments.","Gjennomføre, føre tilsyn med eller rette faglige eller diagnostiske prøver.",manual 2026-09-07
"conduct classes, workshops, and demonstrations to teach principles, techniques, or methods in subjects, such as basic english language skills, life skills, and workforce entry skills.","Holde kurs, arbeidsseminarer og demonstrasjoner for å lære bort prinsipper, teknikker og metoder i emner som grunnleggende engelsk, livsmestring og ferdigheter for å komme inn i arbeidslivet.",manual 2026-09-07
observe and evaluate students' work to determine progress and make suggestions for improvement.,Observere og vurdere elevenes arbeid for å følge fremgangen og foreslå forbedringer.,manual 2026-09-07
"conduct classes, workshops, and demonstrations, and provide individual instruction to teach topics and skills such as cooking, dancing, writing, physical fitness, photography, personal finance, and flying.","Holde kurs, arbeidsseminarer og demonstrasjoner, og gi individuell undervisning i emner og ferdigheter som matlaging, dans, skriving, trening, fotografering, personlig økonomi og flyging.",manual 2026-09-07
"review instructional content, methods, and student evaluations to assess strengths and weaknesses, and to develop recommendations for course revision, development, or elimination.","Gjennomgå undervisningsinnhold, metoder og studentevalueringer for å vurdere styrker og svakheter, og utarbeide anbefalinger om å revidere, videreutvikle eller avvikle kurs.",manual 2026-09-07
"provide information, guidance, and preparation for the general equivalency diploma (ged) examination.","Gi informasjon, veiledning og forberedelse til GED-eksamen.",manual 2026-09-07
"monitor student performance or assist students in academic environments, such as classrooms, laboratories, or computing centers.","Følge opp elevenes prestasjoner eller hjelpe elever i læringsmiljøer som klasserom, laboratorier og datarom.",manual 2026-09-07
"communicate students' progress to students, parents or teachers in written progress reports, in person, by phone, or by email.","Formidle elevenes fremgang til elever, foreldre eller lærere gjennom skriftlige rapporter, i møter, per telefon eller e-post.",manual 2026-09-07
"observe students to determine qualifications, limitations, abilities, interests, and other individual characteristics.","Observere elever for å kartlegge forutsetninger, begrensninger, evner, interesser og andre individuelle egenskaper.",manual 2026-09-07
write instructional articles on designated subjects.,Skrive veiledende artikler om bestemte emner.,manual 2026-09-07
"evaluate training materials prepared by instructors, such as outlines, text, or handouts.","Vurdere opplæringsmateriell utarbeidet av instruktører, som disposisjoner, tekster og utdelingsark.",manual 2026-09-07
"assess training needs through surveys, interviews with employees, focus groups, or consultation with managers, instructors, or customer representatives.","Kartlegge opplæringsbehov gjennom spørreundersøkelser, intervjuer med ansatte, fokusgrupper eller samråd med ledere, instruktører og kunderepresentanter.",manual 2026-09-07
"obtain, organize, or develop training procedure manuals, guides, or course materials, such as handouts or visual materials.","Skaffe, organisere eller utvikle opplæringshåndbøker, veiledninger og kursmateriell som utdelingsark og visuelt materiell.",manual 2026-09-07
"instruct individuals in career development techniques such as job search and application strategies, resume writing, and interview skills.","Lære opp enkeltpersoner i karriereutvikling, som jobbsøking og søknadsstrategier, CV-skriving og intervjuteknikk.",manual 2026-09-07
"provide students with information on such topics as college degree programs and admission requirements, financial aid opportunities, trade and technical schools, and apprenticeship programs.","Gi elever informasjon om emner som studieprogrammer og opptakskrav, muligheter for studiefinansiering, fag- og yrkesskoler og lærlingordninger.",manual 2026-09-07
"interview clients to obtain information about employment history, educational background, and career goals, and to identify barriers to employment.","Intervjue brukere for å få informasjon om arbeidserfaring, utdanningsbakgrunn og karrieremål, og for å avdekke hindringer for å komme i arbeid.",manual 2026-09-07
"compile and study occupational, educational, and economic information to assist counselees in determining and carrying out vocational and educational objectives.","Sammenstille og studere informasjon om yrker, utdanning og økonomi for å hjelpe veisøkere med å fastsette og nå yrkes- og utdanningsmål.",manual 2026-09-07
"evaluate students' or individuals' abilities, interests, and personality characteristics using tests, records, interviews, or professional sources.","Vurdere elevers eller enkeltpersoners evner, interesser og personlighetstrekk ved hjelp av tester, journaler, intervjuer eller faglige kilder.",manual 2026-09-07
refer qualified counselees to employers or employment services for job placement.,Henvise kvalifiserte veisøkere til arbeidsgivere eller arbeidsformidling for jobbplassering.,manual 2026-09-07
"counsel students regarding educational issues, such as course and program selection, class scheduling and registration, school adjustment, truancy, study habits, and career planning.","Veilede elever i utdanningsspørsmål som fag- og programvalg, timeplan og påmelding, tilpasning til skolen, skulk, studievaner og karriereplanlegging.",manual 2026-09-07
"plan, direct, and participate in recruitment and enrollment activities.","Planlegge, lede og delta i rekrutterings- og opptaksaktiviteter.",manual 2026-09-07
teach classes and present self-help or information sessions on subjects related to education and career planning.,Undervise og holde selvhjelps- eller informasjonsmøter om emner knyttet til utdanning og karriereplanlegging.,manual 2026-09-07
"develop, implement, modify, and document recordkeeping and accounting systems, making use of current computer technology.","Utvikle, innføre, endre og dokumentere regnskaps- og arkivsystemer ved hjelp av moderne datateknologi.",manual 2026-09-07
"produce up-to-the-minute information, using internal computer systems, to allow management to base decisions on actual, not historical, data.",Fremskaffe oppdatert informasjon fra interne datasystemer slik at ledelsen kan basere beslutninger på faktiske og ikke historiske data.,manual 2026-09-07
"prepare, analyze, and verify annual reports, financial statements, and other records, using accepted accounting and statistical procedures to assess financial condition and facilitate financial planning.","Utarbeide, analysere og kontrollere årsrapporter, regnskap og andre dokumenter etter anerkjente regnskaps- og statistikkmetoder for å vurdere den økonomiske stillingen og legge til rette for økonomisk planlegging.",manual 2026-09-07
"review data about material assets, net worth, liabilities, capital stock, surplus, income, and expenditures.","Gjennomgå data om eiendeler, egenkapital, gjeld, aksjekapital, overskudd, inntekter og utgifter.",manual 2026-09-07
"prepare, examine, or analyze accounting records, financial statements, or other financial reports to assess accuracy, completeness, and conformance to reporting and procedural standards.","Utarbeide, kontrollere eller analysere regnskapsbilag, regnskap og andre finansielle rapporter for å vurdere nøyaktighet, fullstendighet og samsvar med rapporteringsstandarder og rutiner.",manual 2026-09-07
"analyze business operations, trends, costs, revenues, financial commitments, and obligations to project future revenues and expenses or to provide advice.","Analysere drift, trender, kostnader, inntekter og økonomiske forpliktelser for å anslå fremtidige inntekter og utgifter eller gi råd.",manual 2026-09-07
explain federal and state tax laws to individuals and companies.,Forklare føderale og delstatlige skattelover for privatpersoner og bedrifter.,manual 2026-09-07
"appraise, evaluate, and inventory real property and equipment, recording information such as the description, value, and location of property.","Taksere, vurdere og registrere fast eiendom og utstyr, med opplysninger som beskrivelse, verdi og beliggenhet.",manual 2026-09-07
examine records and interview workers to ensure recording of transactions and compliance with laws and regulations.,Gjennomgå dokumentasjon og intervjue ansatte for å sikre at transaksjoner er bokført og at lover og forskrifter følges.,manual 2026-09-07
"collect and analyze data to detect deficient controls, duplicated effort, extravagance, fraud, or non-compliance with laws, regulations, and management policies.","Samle inn og analysere data for å avdekke mangelfull kontroll, dobbeltarbeid, sløsing, misligheter eller brudd på lover, forskrifter og ledelsens retningslinjer.",manual 2026-09-07
establish tables of accounts and assign entries to proper accounts.,Sette opp kontoplaner og postere bilag på riktige kontoer.,manual 2026-09-07
"check data input or verify totals on forms prepared by others to detect errors in arithmetic, data entry, or procedures.","Kontrollere registrerte data eller summer på skjemaer utfylt av andre for å avdekke regnefeil, registreringsfeil eller feil i rutinene.",manual 2026-09-07
"develop, maintain, and analyze budgets, preparing periodic reports that compare budgeted costs to actual costs.","Utarbeide, vedlikeholde og analysere budsjetter, og lage periodiske rapporter som sammenligner budsjett med faktiske kostnader.",manual 2026-09-07
furnish taxpayers with sufficient information and advice to ensure correct tax form completion.,Gi skattytere tilstrekkelig informasjon og råd til å fylle ut skatteskjemaer riktig.,manual 2026-09-07
"examine records, tax returns, and related documents pertaining to settlement of decedent's estate.","Gjennomgå dokumenter, skattemeldinger og andre papirer knyttet til oppgjør av dødsbo.",manual 2026-09-07
"inform investment decisions by analyzing financial information to forecast business, industry, or economic conditions.","Gi grunnlag for investeringsbeslutninger ved å analysere finansiell informasjon og lage prognoser for bedrifter, bransjer eller økonomien.",manual 2026-09-07
analyze financial information obtained from clients to determine strategies for meeting clients' financial objectives.,Analysere finansiell informasjon fra kunder for å fastsette strategier som når kundenes økonomiske mål.,manual 2026-09-07
"recommend financial products, such as stocks, bonds, mutual funds, or insurance.","Anbefale finansielle produkter som aksjer, obligasjoner, fond og forsikring.",manual 2026-09-07
"manage client portfolios, keeping client plans up-to-date.",Forvalte kundeporteføljer og holde kundenes planer oppdatert.,manual 2026-09-07
monitor financial market trends to ensure that client plans are responsive.,Følge utviklingen i finansmarkedene for å sikre at kundenes planer tilpasses.,manual 2026-09-07
"interpret data on price, yield, stability, future investment-risk trends, economic influences, and other factors affecting investment programs.","Tolke data om pris, avkastning, stabilitet, fremtidig risikoutvikling, økonomiske påvirkninger og andre faktorer som påvirker investeringsprogrammer.",manual 2026-09-07
"monitor fundamental economic, industrial, and corporate developments by analyzing information from financial publications and services, investment banking firms, government agencies, trade publications, company sources, or personal interviews.","Følge den økonomiske, bransjemessige og selskapsmessige utviklingen ved å analysere informasjon fra finanspublikasjoner og -tjenester, investeringsbanker, offentlige etater, bransjeblader, selskapskilder eller egne intervjuer.",manual 2026-09-07
"recommend investments and investment timing to companies, investment firm staff, or the public.","Anbefale investeringer og tidspunkt for investering til selskaper, ansatte i investeringsforetak eller allmennheten.",manual 2026-09-07
evaluate and compare the relative quality of various securities in a given industry.,Vurdere og sammenligne kvaliteten på ulike verdipapirer innenfor en bransje.,manual 2026-09-07
answer clients' questions about the purposes and details of financial plans and strategies.,Svare på kundenes spørsmål om formålet med og detaljene i finansielle planer og strategier.,manual 2026-09-07
explain to clients the personal financial advisor's responsibilities and the types of services to be provided.,Forklare kundene hvilket ansvar finansrådgiveren har og hvilke tjenester som skal leveres.,manual 2026-09-07
"prepare or interpret for clients information such as investment performance reports, financial document summaries, or income projections.","Utarbeide eller tolke informasjon for kunder, som avkastningsrapporter, sammendrag av finansielle dokumenter og inntektsprognoser.",manual 2026-09-07
investigate available investment opportunities to determine compatibility with client financial plans.,Undersøke tilgjengelige investeringsmuligheter for å avgjøre om de passer med kundenes finansielle planer.,manual 2026-09-07
"present oral or written reports on general economic trends, individual corporations, and entire industries.","Legge fram muntlige eller skriftlige rapporter om generelle økonomiske trender, enkeltselskaper og hele bransjer.",manual 2026-09-07
"draw charts and graphs, using computer spreadsheets, to illustrate technical reports.",Lage diagrammer og grafer i regneark for å illustrere tekniske rapporter.,manual 2026-09-07
"review and analyze new, proposed, or revised laws, regulations, policies, and procedures to interpret their meaning and determine their impact.","Gjennomgå og analysere nye, foreslåtte eller reviderte lover, forskrifter, retningslinjer og rutiner for å tolke innholdet og vurdere konsekvensene.",manual 2026-09-07
review individual or commercial customer files to identify and select delinquent accounts for collection.,Gjennomgå kundemapper for privat- og bedriftskunder for å finne og velge ut misligholdte kontoer til inndrivelse.,manual 2026-09-07
"document findings of study and prepare recommendations for implementation of new systems, procedures, or organizational changes.","Dokumentere funn fra undersøkelser og utarbeide anbefalinger om innføring av nye systemer, rutiner eller organisasjonsendringer.",manual 2026-09-07
"analyze or interpret logistics data involving customer service, forecasting, procurement, manufacturing, inventory, transportation, or warehousing.","Analysere eller tolke logistikkdata om kundeservice, prognoser, innkjøp, produksjon, lagerbeholdning, transport og lagerdrift.",manual 2026-09-07
develop an understanding of customers' needs and take actions to ensure that such needs are met.,Sette seg inn i kundenes behov og sørge for at behovene blir dekket.,manual 2026-09-07
"interpret data on logistics elements, such as availability, maintainability, reliability, supply chain management, strategic sourcing or distribution, supplier management, or transportation.","Tolke data om logistikkelementer som tilgjengelighet, vedlikeholdbarhet, pålitelighet, forsyningskjedestyring, strategisk innkjøp og distribusjon, leverandøroppfølging og transport.",manual 2026-09-07
develop or maintain payment systems to ensure accuracy of vendor payments.,Utvikle eller vedlikeholde betalingssystemer for å sikre korrekte leverandørbetalinger.,manual 2026-09-07
"develop or maintain cost estimates, forecasts, or cost models.","Utarbeide eller vedlikeholde kostnadsoverslag, prognoser og kostnadsmodeller.",manual 2026-09-07
"communicate with or monitor service providers, such as ocean carriers, air freight forwarders, global consolidators, customs brokers, or trucking companies.","Kommunisere med eller følge opp tjenesteleverandører som rederier, flyfraktspeditører, samlastere, tollagenter og transportselskaper.",manual 2026-09-07
track product flow from origin to final delivery.,Spore vareflyten fra opprinnelse til endelig levering.,manual 2026-09-07
"provide logistics technology or information for effective and efficient support of product, equipment, or system manufacturing or service.","Levere logistikkteknologi eller -informasjon som gir virkningsfull og effektiv støtte til produksjon eller service av produkter, utstyr og systemer.",manual 2026-09-07
prepare or validate documentation on automated logistics or maintenance-data reporting or management information systems.,"Utarbeide eller kvalitetssikre dokumentasjon for automatiserte logistikksystemer, rapportering av vedlikeholdsdata eller ledelsesinformasjonssystemer.",manual 2026-09-07
"plan study of work problems and procedures, such as organizational change, communications, information flow, integrated production methods, inventory control, or cost analysis.","Planlegge undersøkelser av arbeidsproblemer og rutiner, som organisasjonsendring, kommunikasjon, informasjonsflyt, integrerte produksjonsmetoder, lagerstyring og kostnadsanalyse.",manual 2026-09-07
"monitor industry standards, trends, or practices to identify developments in logistics planning or execution.","Følge bransjestandarder, trender og praksis for å fange opp utviklingen innen logistikkplanlegging og -gjennomføring.",manual 2026-09-07
determine packaging requirements.,Fastsette krav til emballasje.,manual 2026-09-07
"remotely monitor the flow of vehicles or inventory, using web-based logistics information systems to track vehicles or containers.",Overvåke kjøretøy- og vareflyt på avstand ved hjelp av nettbaserte logistikksystemer som sporer kjøretøy eller containere.,manual 2026-09-07
"compose descriptions of merchandise for posting to online storefront, auction sites, or other shopping web sites.","Skrive varebeskrivelser for publisering i nettbutikk, på auksjonssider eller andre netthandelssider.",manual 2026-09-07
assess the nature and level of threats so that the scope of the problem can be determined.,Vurdere truslenes art og omfang for å avklare hvor stort problemet er.,manual 2026-09-07
"analyze corporate intelligence data to identify trends, patterns, or warnings indicating threats to security of people, assets, information, or infrastructure.","Analysere etterretningsdata for virksomheten for å finne trender, mønstre eller varsler som tyder på trusler mot sikkerheten til personer, eiendeler, informasjon eller infrastruktur.",manual 2026-09-07
"implement security practices to preserve assets, minimize liabilities, or ensure customer privacy, using parallel servers, hardware redundancy, fail-safe technology, information encryption, or firewalls.","Innføre sikkerhetstiltak for å beskytte verdier, redusere ansvar og ivareta kundenes personvern, ved hjelp av parallelle servere, redundant maskinvare, feilsikker teknologi, kryptering og brannmurer.",manual 2026-09-07
"compose images of products, using video or still cameras, lighting equipment, props, or photo or video editing software.","Lage produktbilder med video- eller stillkamera, lysutstyr, rekvisitter og programvare for bilde- og videoredigering.",manual 2026-09-07
collaborate with search engine shopping specialists to place marketing content in desired online locations.,Samarbeide med spesialister på søkemotorhandel for å plassere markedsføringsinnhold på ønskede steder på nett.,manual 2026-09-07
"design customer interface of online storefront, using web programming or e-commerce software.",Utforme kundegrensesnittet i nettbutikken ved hjelp av webprogrammering eller e-handelsprogramvare.,manual 2026-09-07
interpret government regulations and applicable codes to ensure compliance.,Tolke offentlige forskrifter og gjeldende regelverk for å sikre etterlevelse.,manual 2026-09-07
determine location for product listings to maximize exposure to online traffic.,Bestemme plassering av produktoppføringer for å få størst mulig eksponering mot nettrafikken.,manual 2026-09-07
provide system design and integration recommendations.,Gi anbefalinger om systemdesign og integrasjon.,manual 2026-09-07
cancel orders based on customer requests or inventory or delivery problems.,Kansellere ordrer etter kundens ønske eller ved lager- eller leveringsproblemer.,manual 2026-09-07
monitor or trace the location of goods.,Overvåke eller spore hvor varer befinner seg.,manual 2026-09-07
"provide advice on transportation options, types of carriers, or shipping routes.","Gi råd om transportalternativer, transportører og fraktruter.",manual 2026-09-07
"investigate products or markets to determine areas for opportunity or viability for merchandising specific products, using online or offline sources.",Undersøke produkter eller markeder ved hjelp av kilder på nett og ellers for å finne muligheter og vurdere om bestemte produkter egner seg for salg.,manual 2026-09-07
"prepare or organize online storefront marketing material, including product descriptions or subject lines, optimizing content to search engine criteria.","Utarbeide eller organisere markedsføringsmateriell for nettbutikk, som produktbeskrivelser og emnelinjer, og søkemotoroptimalisere innholdet.",manual 2026-09-07
"analyze organizational, occupational, and industrial data to facilitate organizational functions and provide technical information to business, industry, and government.","Analysere organisasjons-, yrkes- og bransjedata for å støtte organisasjonens funksjoner og gi faglig informasjon til næringsliv, industri og offentlige myndigheter.",manual 2026-09-07
"perform searches for qualified job candidates, using sources such as computer databases, networking, internet recruiting resources, media advertisements, job fairs, recruiting firms, or employee referrals.","Søke etter kvalifiserte kandidater gjennom kilder som databaser, nettverk, rekrutteringssider på nett, annonser, jobbmesser, rekrutteringsbyråer og tips fra ansatte.",manual 2026-09-07
"interview job applicants to obtain information on work history, training, education, or job skills.","Intervjue jobbsøkere for å innhente opplysninger om arbeidserfaring, opplæring, utdanning og ferdigheter.",manual 2026-09-07
contact job applicants to inform them of the status of their applications.,Kontakte jobbsøkere for å informere om status for søknaden.,manual 2026-09-07
"evaluate recruitment or selection criteria to ensure conformance to professional, statistical, or testing standards, recommending revisions, as needed.","Vurdere rekrutterings- og utvelgelseskriterier for å sikre at de følger faglige, statistiske og testfaglige standarder, og anbefale endringer ved behov.",manual 2026-09-07
analyze employment-related data and prepare required reports.,Analysere data om ansettelsesforhold og utarbeide påkrevde rapporter.,manual 2026-09-07
"prepare research results for publication in form of journals, books, manuals, and film.","Klargjøre forskningsresultater for publisering i tidsskrifter, bøker, håndbøker og film.",manual 2026-09-07
conduct reference or background checks on job applicants.,Sjekke referanser og bakgrunn for jobbsøkere.,manual 2026-09-07
"interpret and explain human resources policies, procedures, laws, standards, or regulations.","Tolke og forklare personalpolitikk, rutiner, lover, standarder og forskrifter.",manual 2026-09-07
"develop factors such as themes, plots, characterizations, psychological analyses, historical environments, action, and dialogue, to create material.","Utvikle elementer som tema, intrige, karakterskildring, psykologisk analyse, historisk miljø, handling og dialog for å skape stoff.",manual 2026-09-07
"write advertising copy for use by publication, broadcast, or internet media to promote the sale of goods and services.","Skrive reklametekster for trykte medier, kringkasting og nett for å fremme salg av varer og tjenester.",manual 2026-09-07
"collect and analyze data on customer demographics, preferences, needs, and buying habits to identify potential markets and factors affecting product demand.","Samle inn og analysere data om kundenes demografi, preferanser, behov og kjøpsvaner for å finne mulige markeder og faktorer som påvirker etterspørselen.",manual 2026-09-07
seek and provide information to help companies determine their position in the marketplace.,Innhente og formidle informasjon som hjelper bedrifter med å fastslå sin posisjon i markedet.,manual 2026-09-07
"measure the effectiveness of marketing, advertising, and communications programs and strategies.","Måle effekten av markedsførings-, reklame- og kommunikasjonsprogrammer og -strategier.",manual 2026-09-07
"gather data on competitors and analyze their prices, sales, and method of marketing and distribution.","Samle inn data om konkurrenter og analysere deres priser, salg og metoder for markedsføring og distribusjon.",manual 2026-09-07
"conduct research on consumer opinions and marketing strategies, collaborating with marketing professionals, statisticians, pollsters, and other professionals.","Undersøke forbrukernes meninger og markedsføringsstrategier i samarbeid med markedsførere, statistikere, meningsmålere og andre fagfolk.",manual 2026-09-07
"edit or rewrite existing copy as necessary, and submit copy for approval by supervisor.",Redigere eller omskrive eksisterende tekst ved behov og sende teksten til godkjenning hos overordnet.,manual 2026-09-07
"write humorous material for publication, or for performances such as comedy routines, gags, and comedy shows.","Skrive humoristisk stoff for publisering eller for fremføring, som komiske numre, vitser og humorshow.",manual 2026-09-07
"write articles, bulletins, sales letters, speeches, and other related informative, marketing and promotional material.","Skrive artikler, meldinger, salgsbrev, taler og annet informasjons-, markedsførings- og reklamemateriell.",manual 2026-09-07
"write narrative, dramatic, lyric, or other types of poetry for publication.","Skrive fortellende, dramatisk, lyrisk eller annen poesi for publisering.",manual 2026-09-07
"prepare reports of findings, illustrating data graphically and translating complex findings into written text.","Utarbeide rapporter om funn, illustrere data grafisk og formidle komplekse funn i skriftlig form.",manual 2026-09-07
"forecast and track marketing and sales trends, analyzing collected data.",Forutsi og følge trender i markedsføring og salg ved å analysere innsamlede data.,manual 2026-09-07
"devise and evaluate methods and procedures for collecting data, such as surveys, opinion polls, or questionnaires, or arrange to obtain existing data.","Utforme og vurdere metoder for datainnsamling, som spørreundersøkelser, meningsmålinger og spørreskjemaer, eller sørge for tilgang til eksisterende data.",manual 2026-09-07
conduct research and interviews to determine which of a product's selling features should be promoted.,Gjennomføre undersøkelser og intervjuer for å avgjøre hvilke salgsargumenter for et produkt som bør fremheves.,manual 2026-09-07
update and maintain content posted on the web.,Oppdatere og vedlikeholde innhold som publiseres på nett.,manual 2026-09-07
"prepare or edit organizational publications, such as employee newsletters or stockholders' reports, for internal or external audiences.","Utarbeide eller redigere virksomhetens publikasjoner, som internaviser og aksjonærrapporter, for interne eller eksterne målgrupper.",manual 2026-09-07
"study the objectives, promotional policies, or needs of organizations to develop public relations strategies that will influence public opinion or promote ideas, products, or services.","Studere organisasjoners mål, profileringspolitikk og behov for å utvikle PR-strategier som påvirker opinionen eller fremmer ideer, produkter og tjenester.",manual 2026-09-07
write press releases or other media communications to promote clients.,Skrive pressemeldinger og annet mediemateriell for å profilere oppdragsgivere.,manual 2026-09-07
"plan or conduct market or public opinion research to test products or determine potential for product success, communicating results to client or management.","Planlegge eller gjennomføre markeds- og opinionsundersøkelser for å teste produkter eller vurdere sjansen for suksess, og formidle resultatene til kunde eller ledelse.",manual 2026-09-07
coach client representatives in effective communication with the public or with employees.,Veilede kundens representanter i effektiv kommunikasjon med publikum eller ansatte.,manual 2026-09-07
"consult with advertising agencies or staff to arrange promotional campaigns in all types of media for products, organizations, or individuals.","Samarbeide med reklamebyråer eller egne medarbeidere om reklamekampanjer i alle typer medier for produkter, organisasjoner eller enkeltpersoner.",manual 2026-09-07
confer with production or support personnel to produce or coordinate production of advertisements or promotions.,Samarbeide med produksjons- og støttepersonell om å produsere eller koordinere produksjon av annonser og kampanjer.,manual 2026-09-07
contact new or existing customers to discuss how specific products or services can meet their needs.,Kontakte nye eller eksisterende kunder for å diskutere hvordan bestemte produkter eller tjenester kan dekke deres behov.,manual 2026-09-07
"answer customers' questions about products, prices, availability, or credit terms.","Svare på kundenes spørsmål om produkter, priser, tilgjengelighet og kredittvilkår.",manual 2026-09-07
study documentation or other information for new scientific or technical products.,Sette seg inn i dokumentasjon og annen informasjon om nye vitenskapelige eller tekniske produkter.,manual 2026-09-07
"maintain customer records, using automated systems.",Holde kunderegistre oppdatert ved hjelp av automatiserte systemer.,manual 2026-09-07
prepare sales presentations or proposals to explain product specifications or applications.,Utarbeide salgspresentasjoner eller tilbud som forklarer produktspesifikasjoner og bruksområder.,manual 2026-09-07
monitor sales staff performance to ensure that goals are met.,Følge opp selgernes resultater for å sikre at målene nås.,manual 2026-09-07
"listen to and resolve customer complaints regarding services, products, or personnel.","Lytte til og løse kundeklager på tjenester, produkter eller ansatte.",manual 2026-09-07
"provide customers with information such as quotes, orders, sales, shipping, warranties, credit, funding options, incentives, or tax rebates.","Gi kundene informasjon om blant annet pristilbud, ordrer, salg, frakt, garantier, kreditt, finansiering, insentiver og skattefradrag.",manual 2026-09-07
"examine merchandise to ensure correct pricing and display, and that it functions as advertised.",Kontrollere at varer er riktig priset og eksponert og fungerer som annonsert.,manual 2026-09-07
"collaborate with colleagues to exchange information, such as selling strategies or marketing information.","Samarbeide med kolleger om å utveksle informasjon, som salgsstrategier og markedsinformasjon.",manual 2026-09-07
negotiate prices or terms of sales or service agreements.,Forhandle priser og vilkår i salgs- eller serviceavtaler.,manual 2026-09-07
provide customers with ongoing technical support.,Gi kundene løpende teknisk støtte.,manual 2026-09-07
"provide technical information about solar power, solar systems, equipment, and services to potential customers or dealers.","Gi teknisk informasjon om solenergi, solcelleanlegg, utstyr og tjenester til potensielle kunder eller forhandlere.",manual 2026-09-07
present information to customers about the energy efficiency or environmental impact of scientific or technical products.,Informere kunder om energieffektivitet og miljøpåvirkning for vitenskapelige eller tekniske produkter.,manual 2026-09-07
"quote prices, credit terms, or other bid specifications.","Oppgi priser, kredittvilkår og andre tilbudsbetingelser.",manual 2026-09-07
research and identify potential customers for products or services.,Kartlegge og identifisere potensielle kunder for produkter eller tjenester.,manual 2026-09-07
"provide technical and non-technical support and services to clients or other staff members regarding the use, operation, and maintenance of equipment.","Gi teknisk og annen støtte til kunder eller kolleger om bruk, drift og vedlikehold av utstyr.",manual 2026-09-07
"collaborate with sales teams to understand customer requirements, to promote the sale of company products, and to provide sales support.","Samarbeide med salgsteam for å forstå kundenes krav, fremme salg av bedriftens produkter og gi salgsstøtte.",manual 2026-09-07
"develop, present, or respond to proposals for specific customer requirements, including request for proposal responses and industry-specific solutions.","Utarbeide, presentere eller besvare tilbud på konkrete kundekrav, inkludert anbudssvar og bransjespesifikke løsninger.",manual 2026-09-07
"read manuals, periodicals, and technical reports to learn how to develop programs that meet staff and user requirements.","Lese håndbøker, tidsskrifter og tekniske rapporter for å lære å utvikle programmer som dekker ansattes og brukeres behov.",manual 2026-09-07
"review and analyze computer printouts and performance indicators to locate code problems, and correct errors by correcting codes.","Gjennomgå og analysere utskrifter og ytelsesindikatorer for å finne feil i koden, og rette feilene.",manual 2026-09-07
assess the usefulness of pre-developed application packages and adapt them to a user environment.,Vurdere nytten av ferdigutviklede programpakker og tilpasse dem til brukermiljøet.,manual 2026-09-07
confer with clients regarding the nature of the information processing or computation needs a computer program is to address.,Drøfte med kunder hvilke behov for informasjonsbehandling eller beregning et dataprogram skal dekke.,manual 2026-09-07
"test, maintain, and monitor computer programs and systems, including coordinating the installation of computer programs and systems.","Teste, vedlikeholde og overvåke dataprogrammer og systemer, inkludert å koordinere installasjon av dem.",manual 2026-09-07
define the goals of the system and devise flow charts and diagrams describing logical operational steps of programs.,Definere systemets mål og utforme flytskjemaer og diagrammer som beskriver programmenes logiske trinn.,manual 2026-09-07
"develop or implement policies or practices to ensure the privacy, confidentiality, or security of patient information.","Utvikle eller innføre retningslinjer og praksis som sikrer personvern, taushetsplikt og sikkerhet for pasientopplysninger.",manual 2026-09-07
"use the computer in the analysis and solution of business problems, such as development of integrated production and inventory control and cost analysis systems.","Bruke datamaskin til å analysere og løse forretningsproblemer, som å utvikle integrerte systemer for produksjons- og lagerstyring og kostnadsanalyse.",manual 2026-09-07
"analyze information processing or computation needs and plan and design computer systems, using techniques such as structured analysis, data modeling and information engineering.","Analysere behov for informasjonsbehandling eller beregning og planlegge og utforme datasystemer med teknikker som strukturert analyse, datamodellering og informasjonsteknikk.",manual 2026-09-07
"consult with users, management, vendors, and technicians to determine computing needs and system requirements.","Rådføre seg med brukere, ledelse, leverandører og teknikere for å fastslå databehov og systemkrav.",manual 2026-09-07
"design, develop, select, test, implement, and evaluate new or modified informatics solutions, data structures, and decision-support mechanisms to support patients, health care professionals, and their information management and human-computer and human-technology interactions within health care contexts.","Utforme, utvikle, velge, teste, innføre og evaluere nye eller endrede informatikkløsninger, datastrukturer og beslutningsstøtte for pasienter og helsepersonell, deres informasjonshåndtering og samspill med teknologi i helsetjenesten.",manual 2026-09-07
specify inputs accessed by the system and plan the distribution and use of the results.,"Spesifisere hvilke inndata systemet skal bruke, og planlegge distribusjon og bruk av resultatene.",manual 2026-09-07
"provide staff and users with assistance solving computer related problems, such as malfunctions and program problems.","Hjelpe ansatte og brukere med å løse dataproblemer, som feil og programproblemer.",manual 2026-09-07
use informatics science to design or implement health information technology applications to resolve clinical or health care administrative problems.,Bruke informatikk til å utforme eller innføre helse-IT-løsninger som løser kliniske eller administrative problemer i helsetjenesten.,manual 2026-09-07
"modify existing software to correct errors, allow it to adapt to new hardware, or to improve its performance.","Endre eksisterende programvare for å rette feil, tilpasse den til ny maskinvare eller forbedre ytelsen.",manual 2026-09-07
"modify existing software to correct errors, to adapt it to new hardware, or to upgrade interfaces and improve performance.","Endre eksisterende programvare for å rette feil, tilpasse den til ny maskinvare eller oppgradere grensesnitt og forbedre ytelsen.",manual 2026-09-07
"develop and direct software system testing and validation procedures, programming, and documentation.","Utvikle og lede prosedyrer for testing og validering av programvaresystemer, samt programmering og dokumentasjon.",manual 2026-09-07
"design, develop and modify software systems, using scientific analysis and mathematical models to predict and measure outcome and consequences of design.","Utforme, utvikle og endre programvaresystemer ved hjelp av vitenskapelig analyse og matematiske modeller for å forutsi og måle utfall og konsekvenser av designet.",manual 2026-09-07
develop or direct software system testing or validation procedures.,Utvikle eller lede prosedyrer for testing og validering av programvaresystemer.,manual 2026-09-07
direct software programming and development of documentation.,Lede programmering og utarbeidelse av dokumentasjon.,manual 2026-09-07
"analyze information to determine, recommend, and plan computer specifications and layouts, and peripheral equipment modifications.","Analysere informasjon for å fastsette, anbefale og planlegge dataspesifikasjoner, oppsett og endringer i periferiutstyr.",manual 2026-09-07
"prepare reports or correspondence concerning project specifications, activities, or status.","Utarbeide rapporter eller korrespondanse om prosjektspesifikasjoner, aktiviteter og status.",manual 2026-09-07
"confer with systems analysts, engineers, programmers and others to design system and to obtain information on project limitations and capabilities, performance requirements and interfaces.","Samarbeide med systemanalytikere, ingeniører, programmerere og andre om å utforme systemet og innhente informasjon om prosjektets begrensninger og muligheter, ytelseskrav og grensesnitt.",manual 2026-09-07
"design or develop software systems, using scientific analysis and mathematical models to predict and measure outcome and consequences of design.",Utforme eller utvikle programvaresystemer ved hjelp av vitenskapelig analyse og matematiske modeller for å forutsi og måle utfall og konsekvenser av designet.,manual 2026-09-07
"analyze information to determine, recommend, and plan installation of a new system or modification of an existing system.","Analysere informasjon for å fastsette, anbefale og planlegge installasjon av et nytt system eller endring av et eksisterende.",manual 2026-09-07
consult with customers about software system design and maintenance.,Rådføre seg med kunder om utforming og vedlikehold av programvaresystemer.,manual 2026-09-07
"design, build, or maintain web sites, using authoring or scripting languages, content creation tools, management tools, and digital media.","Utforme, bygge eller vedlikeholde nettsteder ved hjelp av skriptspråk, innholdsverktøy, publiseringsverktøy og digitale medier.",manual 2026-09-07
"evaluate code to ensure that it is valid, is properly structured, meets industry standards, and is compatible with browsers, devices, or operating systems.","Vurdere kode for å sikre at den er gyldig, godt strukturert, følger bransjestandarder og fungerer i ulike nettlesere, enheter og operativsystemer.",manual 2026-09-07
write supporting code for web applications or web sites.,Skrive støttekode for webapplikasjoner eller nettsteder.,manual 2026-09-07
"write, design, or edit web page content, or direct others producing content.","Skrive, utforme eller redigere innhold på nettsider, eller lede andre som lager innhold.",manual 2026-09-07
develop or implement procedures for ongoing web site revision.,Utvikle eller innføre rutiner for løpende oppdatering av nettstedet.,manual 2026-09-07
evaluate or recommend server hardware or software.,Vurdere eller anbefale maskinvare og programvare for servere.,manual 2026-09-07
"develop web site maps, application models, image templates, or page templates that meet project goals, user needs, or industry standards.","Utvikle nettstedskart, applikasjonsmodeller, bildemaler og sidemaler som oppfyller prosjektmål, brukerbehov og bransjestandarder.",manual 2026-09-07
"maintain understanding of current web technologies or programming practices through continuing education, reading, or participation in professional conferences, workshops, or groups.","Holde seg oppdatert på webteknologi og programmeringspraksis gjennom etterutdanning, lesing og deltakelse på fagkonferanser, kurs og i faggrupper.",manual 2026-09-07
create searchable indices for web page content.,Lage søkbare indekser for innhold på nettsider.,manual 2026-09-07
develop and document style guidelines for web site content.,Utvikle og dokumentere stilretningslinjer for innhold på nettstedet.,manual 2026-09-07
"respond to user email inquiries, or set up automated systems to send responses.","Besvare henvendelser fra brukere på e-post, eller sette opp automatiske svarsystemer.",manual 2026-09-07
collaborate with management or users to develop e-commerce strategies and to integrate these strategies with web sites.,Samarbeide med ledelse eller brukere om å utvikle strategier for netthandel og integrere dem i nettstedene.,manual 2026-09-07
identify or maintain links to and from other web sites and check links to ensure proper functioning.,"Finne eller vedlikeholde lenker til og fra andre nettsteder, og kontrollere at lenkene fungerer.",manual 2026-09-07
develop system interaction or sequence diagrams.,Utvikle interaksjons- eller sekvensdiagrammer for systemet.,manual 2026-09-07
monitor security system performance logs to identify problems and notify security specialists when problems occur.,"Overvåke logger fra sikkerhetssystemer for å avdekke problemer, og varsle sikkerhetsspesialister når problemer oppstår.",manual 2026-09-07
"compile and write documentation of program development and subsequent revisions, inserting comments in the coded instructions so others can understand the program.","Utarbeide dokumentasjon av programutvikling og senere endringer, og legge inn kommentarer i koden slik at andre kan forstå programmet.",manual 2026-09-07
"write, update, and maintain computer programs or software packages to handle specific jobs such as tracking inventory, storing or retrieving data, or controlling other equipment.","Skrive, oppdatere og vedlikeholde dataprogrammer eller programpakker for bestemte oppgaver, som lagerstyring, lagring og henting av data eller styring av annet utstyr.",manual 2026-09-07
"write, analyze, review, and rewrite programs, using workflow chart and diagram, and applying knowledge of computer capabilities, subject matter, and symbolic logic.","Skrive, analysere, gjennomgå og omskrive programmer ved hjelp av flytskjemaer og diagrammer, med kunnskap om datamaskiners muligheter, fagområdet og symbolsk logikk.",manual 2026-09-07
correct errors by making appropriate changes and rechecking the program to ensure that the desired results are produced.,Rette feil ved å gjøre nødvendige endringer og kontrollere programmet på nytt for å sikre ønsket resultat.,manual 2026-09-07
"perform or direct revision, repair, or expansion of existing programs to increase operating efficiency or adapt to new requirements.","Utføre eller lede revisjon, feilretting eller utvidelse av eksisterende programmer for å øke effektiviteten eller tilpasse dem til nye krav.",manual 2026-09-07
"investigate whether networks, workstations, the central processing unit of the system, or peripheral equipment are responding to a program's instructions.","Undersøke om nettverk, arbeidsstasjoner, prosessor eller periferiutstyr reagerer på programmets instruksjoner.",manual 2026-09-07
"prepare detailed workflow charts and diagrams that describe input, output, and logical operation, and convert them into a series of instructions coded in a computer language.","Utarbeide detaljerte flytskjemaer og diagrammer som beskriver inndata, utdata og logikk, og omsette dem til instruksjoner i et programmeringsspråk.",manual 2026-09-07
consult with and assist computer operators or system analysts to define and resolve problems in running computer programs.,Rådføre seg med og bistå dataoperatører eller systemanalytikere med å definere og løse problemer ved kjøring av programmer.,manual 2026-09-07
perform systems analysis and programming tasks to maintain and control the use of computer systems software as a systems programmer.,Utføre systemanalyse og programmering for å vedlikeholde og styre bruken av systemprogramvare som systemprogrammerer.,manual 2026-09-07
"write new programs or modify existing programs to meet customer requirements, using current programming languages and technologies.","Skrive nye programmer eller endre eksisterende for å oppfylle kundens krav, med moderne programmeringsspråk og teknologi.",manual 2026-09-07
"review software documentation to ensure technical accuracy, compliance, or completeness, or to mitigate risks.","Gjennomgå programvaredokumentasjon for å sikre teknisk nøyaktighet, etterlevelse og fullstendighet, eller for å redusere risiko.",manual 2026-09-07
"document software defects, using a bug tracking system, and report defects to software developers.",Dokumentere programvarefeil i et feilsporingssystem og rapportere dem til utviklerne.,manual 2026-09-07
perform security analyses of developed or packaged software components.,Utføre sikkerhetsanalyser av egenutviklede eller innkjøpte programvarekomponenter.,manual 2026-09-07
"perform initial debugging procedures by reviewing configuration files, logs, or code pieces to determine breakdown source.","Utføre innledende feilsøking ved å gjennomgå konfigurasjonsfiler, logger og kodebiter for å finne årsaken til feilen.",manual 2026-09-07
provide feedback and recommendations to developers on software usability and functionality.,Gi utviklere tilbakemeldinger og anbefalinger om programvarens brukervennlighet og funksjonalitet.,manual 2026-09-07
"determine sources of web page or server problems, and take action to correct such problems.","Finne årsaken til problemer med nettsider eller servere, og rette dem.",manual 2026-09-07
"perform system analysis, data analysis or programming, using a variety of computer languages and procedures.","Utføre systemanalyse, dataanalyse eller programmering med ulike programmeringsspråk og metoder.",manual 2026-09-07
test system modifications to prepare for implementation.,Teste systemendringer som forberedelse til innføring.,manual 2026-09-07
configure servers to meet functional specifications.,Konfigurere servere i henhold til funksjonelle spesifikasjoner.,manual 2026-09-07
"collect business intelligence data from available industry reports, public information, field reports, or purchased sources.","Samle inn forretningsinformasjon fra bransjerapporter, offentlig tilgjengelig informasjon, feltrapporter og kjøpte kilder.",manual 2026-09-07
monitor bug resolution efforts and track successes.,Følge opp feilrettingsarbeidet og registrere hva som er løst.,manual 2026-09-07
develop application-specific software.,Utvikle programvare for bestemte bruksområder.,manual 2026-09-07
"create, analyze, report, convert, or transfer data, using specialized applications program software.","Opprette, analysere, rapportere, konvertere eller overføre data ved hjelp av spesialisert programvare.",manual 2026-09-07
"analyze, interpret, or disseminate system performance data.","Analysere, tolke eller formidle data om systemytelse.",manual 2026-09-07
"test programs or databases, correct errors, and make necessary modifications.","Teste programmer eller databaser, rette feil og gjøre nødvendige endringer.",manual 2026-09-07
modify existing databases and database management systems or direct programmers and analysts to make changes.,"Endre eksisterende databaser og databasesystemer, eller lede programmerere og analytikere som gjør endringene.",manual 2026-09-07
develop methods for integrating different products so they work properly together such as customizing commercial databases to fit specific needs.,"Utvikle metoder for å integrere ulike produkter slik at de fungerer sammen, for eksempel ved å tilpasse kommersielle databaser til bestemte behov.",manual 2026-09-07
develop standards and guidelines to guide the use and acquisition of software and to protect vulnerable information.,Utvikle standarder og retningslinjer for bruk og anskaffelse av programvare og for å beskytte sårbar informasjon.,manual 2026-09-07
"develop data model describing data elements and how they are used, following procedures and using pen, template or computer software.","Utvikle datamodeller som beskriver dataelementer og hvordan de brukes, etter fastlagte rutiner og med penn, mal eller programvare.",manual 2026-09-07
review procedures in database management system manuals for making changes to database.,Gjennomgå prosedyrer for databaseendringer i håndbøkene for databasesystemet.,manual 2026-09-07
"plan, coordinate and implement security measures to safeguard information in computer files against accidental or unauthorized damage, modification or disclosure.","Planlegge, koordinere og innføre sikkerhetstiltak som beskytter informasjon i datafiler mot utilsiktet eller uautorisert skade, endring eller innsyn.",manual 2026-09-07
write and code logical and physical database descriptions and specify identifiers of database to management system or direct others in coding descriptions.,"Skrive og kode logiske og fysiske databasebeskrivelser og angi databaseidentifikatorer for databasesystemet, eller lede andre som koder beskrivelsene.",manual 2026-09-07
specify users and user access levels for each segment of database.,Angi brukere og tilgangsnivåer for hver del av databasen.,manual 2026-09-07
revise company definition of data as defined in data dictionary.,Revidere virksomhetens datadefinisjoner i dataordboken.,manual 2026-09-07
select and enter codes to monitor database performance and to create production database.,Velge og legge inn koder for å overvåke databaseytelsen og opprette produksjonsdatabasen.,manual 2026-09-07
"diagnose, troubleshoot, and resolve hardware, software, or other network and system problems, and replace defective components when necessary.","Diagnostisere, feilsøke og løse problemer med maskinvare, programvare, nettverk og systemer, og skifte ut defekte komponenter ved behov.",manual 2026-09-07
"monitor network performance to determine whether adjustments need to be made, and to determine where changes will need to be made in the future.","Overvåke nettverksytelsen for å avgjøre om justeringer trengs, og hvor endringer vil bli nødvendige fremover.",manual 2026-09-07
"plan, coordinate, and implement network security measures to protect data, software, and hardware.","Planlegge, koordinere og innføre sikkerhetstiltak i nettverket for å beskytte data, programvare og maskinvare.",manual 2026-09-07
"maintain and administer computer networks and related computing environments including computer hardware, systems software, applications software, and all configurations.","Vedlikeholde og administrere datanettverk og tilhørende datamiljøer, inkludert maskinvare, systemprogramvare, applikasjoner og alle konfigurasjoner.",manual 2026-09-07
perform data backups and disaster recovery operations.,Ta sikkerhetskopier og gjenopprette data etter alvorlige hendelser.,manual 2026-09-07
"implement and provide technical support for voice services and equipment, such as private branch exchange, voice mail system, and telecom system.","Innføre og gi teknisk støtte for taletjenester og utstyr, som hussentral, talepost og telefonisystemer.",manual 2026-09-07
"gather data pertaining to customer needs, and use the information to identify, predict, interpret, and evaluate system and network requirements.","Samle inn data om kundenes behov og bruke dem til å identifisere, forutsi, tolke og vurdere system- og nettverkskrav.",manual 2026-09-07
manage user access to systems and equipment through account management and password administration.,Styre brukernes tilgang til systemer og utstyr gjennom konto- og passordadministrasjon.,manual 2026-09-07
"implement controls to provide security for operating systems, software, and data.","Innføre kontroller som sikrer operativsystemer, programvare og data.",manual 2026-09-07
"monitor and analyze network performance and data input/output reports to detect problems, identify inefficient use of computer resources, or perform capacity planning.","Overvåke og analysere nettverksytelse og rapporter om datatrafikk for å avdekke problemer, finne ineffektiv ressursbruk og planlegge kapasitet.",manual 2026-09-07
"maintain networks by performing activities such as file addition, deletion, or backup.","Vedlikeholde nettverk gjennom oppgaver som å legge til, slette og sikkerhetskopiere filer.",manual 2026-09-07
prepare system activity and performance reports.,Utarbeide rapporter om systemaktivitet og ytelse.,manual 2026-09-07
provide user support by diagnosing network and device problems and implementing technical or procedural solutions.,Gi brukerstøtte ved å diagnostisere nettverks- og enhetsproblemer og innføre tekniske eller prosedyremessige løsninger.,manual 2026-09-07
"develop or recommend network security measures, such as firewalls, network security audits, or automated security probes.","Utvikle eller anbefale sikkerhetstiltak for nettverk, som brannmurer, sikkerhetsrevisjoner og automatiske sikkerhetstester.",manual 2026-09-07
develop and implement solutions for network problems.,Utvikle og innføre løsninger på nettverksproblemer.,manual 2026-09-07
document technical specifications and operating standards for telecommunications equipment.,Dokumentere tekniske spesifikasjoner og driftsstandarder for telekommunikasjonsutstyr.,manual 2026-09-07
"prepare or monitor project schedules, budgets, or cost control systems.","Utarbeide eller følge opp prosjektplaner, budsjetter og kostnadskontrollsystemer.",manual 2026-09-07
"document user support activity, such as system problems, corrective actions, resolution status, and completed equipment installations.","Dokumentere brukerstøtte, som systemproblemer, tiltak, status for løsning og gjennomførte utstyrsinstallasjoner.",manual 2026-09-07
"communicate with customers, sales staff, or marketing staff to determine customer needs.","Kommunisere med kunder, selgere eller markedsførere for å kartlegge kundenes behov.",manual 2026-09-07
"review and evaluate requests from engineers, managers, and technicians for system modifications.","Gjennomgå og vurdere forespørsler om systemendringer fra ingeniører, ledere og teknikere.",manual 2026-09-07
"communicate with vendors to gather information about products, alert them to future needs, resolve problems, or address system maintenance issues.","Kommunisere med leverandører for å innhente produktinformasjon, varsle om fremtidige behov, løse problemer og håndtere vedlikeholdsspørsmål.",manual 2026-09-07
develop or maintain project reporting systems.,Utvikle eller vedlikeholde systemer for prosjektrapportering.,manual 2026-09-07
"research and analyze laws, regulations, policies, and precedent decisions to prepare for hearings and to determine conclusions.","Undersøke og analysere lover, forskrifter, retningslinjer og presedens for å forberede rettsmøter og komme frem til konklusjoner.",manual 2026-09-07
read documents on pleadings and motions to ascertain facts and issues.,Lese prosesskriv og begjæringer for å klarlegge faktum og tvistepunkter.,manual 2026-09-07
research legal issues and write opinions on the issues.,Utrede juridiske spørsmål og skrive betenkninger om dem.,manual 2026-09-07
"research laws, regulations, policies, or precedent decisions to prepare for hearings.","Undersøke lover, forskrifter, retningslinjer og presedens som forberedelse til rettsmøter.",manual 2026-09-07
"select and edit documents for publication and display, applying knowledge of subject, literary expression, and presentation techniques.","Velge ut og redigere dokumenter for publisering og utstilling, med kunnskap om emnet, litterært uttrykk og presentasjonsteknikk.",manual 2026-09-07
"study, examine, and test acquisitions to authenticate their origin, composition, history, and to assess their current value.","Studere, undersøke og teste nyervervelser for å bekrefte opprinnelse, sammensetning og historikk, og vurdere dagens verdi.",manual 2026-09-07
provide information from the institution's holdings to other curators and to the public.,Formidle informasjon fra institusjonens samlinger til andre konservatorer og til publikum.,manual 2026-09-07
"create and maintain accessible, retrievable computer archives and databases, incorporating current advances in electronic information storage technology.","Opprette og vedlikeholde tilgjengelige og søkbare digitale arkiver og databaser, og ta i bruk ny lagringsteknologi.",manual 2026-09-07
plan and conduct special research projects in area of interest or expertise.,Planlegge og gjennomføre egne forskningsprosjekter innenfor eget interesse- eller fagområde.,manual 2026-09-07
"prepare archival records, such as document descriptions, to allow easy access to information.","Utarbeide arkivbeskrivelser, som dokumentbeskrivelser, for å gjøre informasjonen lett tilgjengelig.",manual 2026-09-07
"design information storage and retrieval systems and develop procedures for collecting, organizing, interpreting, and classifying information.","Utforme systemer for lagring og gjenfinning av informasjon, og utvikle rutiner for innsamling, organisering, tolkning og klassifisering.",manual 2026-09-07
"search standard reference materials, including online sources and the internet, to answer patrons' reference questions.","Søke i oppslagsverk, nettkilder og internett for å besvare brukernes spørsmål.",manual 2026-09-07
"develop preproduction ideas and incorporate them into outlines, scripts, story boards, and graphics.","Utvikle ideer i forkant av produksjonen og omsette dem i disposisjoner, manus, storyboards og grafikk.",manual 2026-09-07
narrate presentations and productions.,Være fortellerstemme i presentasjoner og produksjoner.,manual 2026-09-07
"respond to customer complaints, taking action as necessary.",Besvare kundeklager og iverksette tiltak ved behov.,manual 2026-09-07
"develop, maintain, and troubleshoot information access aids, such as databases, annotated bibliographies, web pages, electronic pathfinders, software programs, and online tutorials.","Utvikle, vedlikeholde og feilsøke hjelpemidler for informasjonstilgang, som databaser, kommenterte bibliografier, nettsider, emneguider, programvare og nettbaserte veiledninger.",manual 2026-09-07
"evaluate vendor products and performance, negotiate contracts, and place orders.","Vurdere leverandørers produkter og leveranser, forhandle kontrakter og legge inn bestillinger.",manual 2026-09-07
locate unusual or unique information in response to specific requests.,Finne frem uvanlig eller sjelden informasjon på konkrete forespørsler.,manual 2026-09-07
"compile lists of books, periodicals, articles, and audio-visual materials on particular subjects.","Sette sammen lister over bøker, tidsskrifter, artikler og audiovisuelt materiale om bestemte emner.",manual 2026-09-07
write technical documents or academic articles to communicate study results or economic forecasts.,Skrive fagrapporter eller vitenskapelige artikler for å formidle forskningsresultater eller økonomiske prognoser.,manual 2026-09-07
"write, present, and publish reports that record site history, methodology, and artifact analysis results, along with recommendations for conserving and interpreting findings.","Skrive, presentere og publisere rapporter om lokalitetens historie, metode og gjenstandsanalyser, med anbefalinger for bevaring og tolkning av funnene.",manual 2026-09-07
"record the exact locations and conditions of artifacts uncovered in diggings or surveys, using drawings and photographs as necessary.","Registrere nøyaktig plassering og tilstand for gjenstander som avdekkes ved utgravninger eller registreringer, med tegninger og fotografier ved behov.",manual 2026-09-07
"collect data about the attitudes, values, and behaviors of people in groups, using observation, interviews, and review of documents.","Samle inn data om holdninger, verdier og atferd hos mennesker i grupper gjennom observasjon, intervjuer og dokumentgjennomgang.",manual 2026-09-07
prepare publications and reports containing research findings.,Utarbeide publikasjoner og rapporter med forskningsfunn.,manual 2026-09-07
"gather and compile geographic data from sources including censuses, field observations, satellite imagery, aerial photographs, and existing maps.","Samle inn og sammenstille geografiske data fra kilder som folketellinger, feltobservasjoner, satellittbilder, flyfoto og eksisterende kart.",manual 2026-09-07
analyze and interpret data to increase the understanding of human social behavior.,Analysere og tolke data for å øke forståelsen av menneskers sosiale atferd.,manual 2026-09-07
write about and present research findings for a variety of specialized and general audiences.,Skrive om og presentere forskningsfunn for både fagfolk og allmennheten.,manual 2026-09-07
"create data records for use in describing and analyzing social patterns and processes, using photography, videography, and audio recordings.","Lage dataopptak med foto, video og lyd for å beskrive og analysere sosiale mønstre og prosesser.",manual 2026-09-07
write and present reports of research findings.,Skrive og presentere rapporter om forskningsfunn.,manual 2026-09-07
"collect information and make judgments through observation, interviews, and review of documents.","Samle inn informasjon og gjøre vurderinger gjennom observasjon, intervjuer og dokumentgjennomgang.",manual 2026-09-07
"develop problem intervention procedures, using techniques such as interviews, consultations, role playing, and participant observation of group interactions.","Utvikle tiltak for problemløsning med teknikker som intervjuer, konsultasjoner, rollespill og deltakende observasjon av gruppesamspill.",manual 2026-09-07
"study objects and structures recovered by excavation to identify, date, and authenticate them and to interpret their significance.","Studere gjenstander og strukturer fra utgravninger for å identifisere, datere og verifisere dem og tolke deres betydning.",manual 2026-09-07
locate and obtain existing geographic information databases.,Finne og skaffe eksisterende databaser med geografisk informasjon.,manual 2026-09-07
"develop approaches to the solution of groups' problems, based on research findings in sociology and related disciplines.","Utvikle tilnærminger til å løse gruppers problemer, basert på forskning i sosiologi og beslektede fag.",manual 2026-09-07
"identify key individual cultural collaborators, using reputational and positional selection techniques.",Identifisere sentrale kulturelle informanter ved hjelp av omdømme- og posisjonsbaserte utvalgsmetoder.,manual 2026-09-07
"organize information for publication and for other means of dissemination, such as use in cd-roms or internet sites.","Organisere informasjon for publisering og annen formidling, som CD-ROM og nettsteder.",manual 2026-09-07
"interpret and analyze policies, public issues, legislation, or the operations of governments, businesses, and organizations.","Tolke og analysere politikk, samfunnsspørsmål, lovgivning og virksomheten til myndigheter, bedrifter og organisasjoner.",manual 2026-09-07
"organize data, and analyze and interpret its authenticity and relative significance.",Organisere data og analysere og tolke deres ekthet og relative betydning.,manual 2026-09-07
identify issues for research and analysis.,Identifisere problemstillinger for forskning og analyse.,manual 2026-09-07
prepare or review engineering studies or specifications.,Utarbeide eller gjennomgå tekniske utredninger og spesifikasjoner.,manual 2026-09-07
"develop and test theories, using information from interviews, newspapers, periodicals, case law, historical papers, polls, or statistical sources.","Utvikle og teste teorier med informasjon fra intervjuer, aviser, tidsskrifter, rettspraksis, historiske dokumenter, meningsmålinger og statistikk.",manual 2026-09-07
"recommend actions related to historical art, such as which items to add to a collection or which items to display in an exhibit.","Gi anbefalinger om historisk kunst, som hvilke gjenstander som bør inngå i en samling eller vises i en utstilling.",manual 2026-09-07
teach political science.,Undervise i statsvitenskap.,manual 2026-09-07
"conduct historical research, and publish or present findings and theories.",Drive historisk forskning og publisere eller presentere funn og teorier.,manual 2026-09-07
"collect, analyze, and interpret data such as election results and public opinion surveys, reporting on findings, recommendations, and conclusions.","Samle inn, analysere og tolke data som valgresultater og meningsmålinger, og rapportere funn, anbefalinger og konklusjoner.",manual 2026-09-07
"research and prepare manuscripts in support of public programming and the development of exhibits at historic sites, museums, libraries, and archives.","Forske og utarbeide manuskripter til formidlingsprogrammer og utstillinger ved historiske steder, museer, biblioteker og arkiver.",manual 2026-09-07
"interact with clients to assist them in gaining insight, defining goals, and planning action to achieve effective personal, social, educational, and vocational development and adjustment.","Samtale med klienter for å hjelpe dem med å få innsikt, sette mål og planlegge tiltak for personlig, sosial, utdanningsmessig og yrkesmessig utvikling og tilpasning.",manual 2026-09-07
discuss the treatment of problems with clients.,Drøfte behandling av problemer med klientene.,manual 2026-09-07
"provide occupational, educational, and other information to individuals so that they can make educational and vocational plans.","Gi enkeltpersoner informasjon om yrker, utdanning og annet slik at de kan legge planer for utdanning og yrke.",manual 2026-09-07
"collect and analyze data to evaluate the effectiveness of academic programs and other services, such as behavioral management systems.","Samle inn og analysere data for å evaluere effekten av undervisningstilbud og andre tjenester, som systemer for atferdshåndtering.",manual 2026-09-07
write reports on research findings and implications to contribute to general knowledge and to suggest potential changes in organizational functioning.,Skrive rapporter om forskningsfunn og deres implikasjoner for å bidra til allmenn kunnskap og foreslå endringer i hvordan organisasjonen fungerer.,manual 2026-09-07
"study consumers' reactions to new products and package designs, and to advertising efforts, using surveys and tests.","Studere forbrukernes reaksjoner på nye produkter, emballasjedesign og reklame ved hjelp av spørreundersøkelser og tester.",manual 2026-09-07
coach senior executives and managers on leadership and performance.,Veilede toppledere og andre ledere i lederskap og prestasjon.,manual 2026-09-07
"develop new business by contacting potential clients, making sales presentations, and writing proposals.","Skaffe nye kunder ved å kontakte potensielle klienter, holde salgspresentasjoner og skrive tilbud.",manual 2026-09-07
counsel workers about job and career-related issues.,Veilede arbeidstakere i jobb- og karrierespørsmål.,manual 2026-09-07
"write articles, white papers, and reports to share research findings and educate others.","Skrive artikler, fagnotater og rapporter for å formidle forskningsfunn og lære opp andre.",manual 2026-09-07
"collect information about individuals or clients, using interviews, case histories, observational techniques, and other assessment methods.","Samle inn opplysninger om enkeltpersoner eller klienter gjennom intervjuer, anamnese, observasjon og andre vurderingsmetoder.",manual 2026-09-07
"develop interview techniques, rating scales, and psychological tests used to assess skills, abilities, and interests for the purpose of employee selection, placement, and promotion.","Utvikle intervjuteknikker, vurderingsskalaer og psykologiske tester for å kartlegge ferdigheter, evner og interesser ved rekruttering, plassering og forfremmelse av ansatte.",manual 2026-09-07
advise clients on how they could be helped by counseling.,Gi klienter råd om hvordan de kan få hjelp gjennom veiledningssamtaler.,manual 2026-09-07
provide advice on best practices and implementation for selection.,Gi råd om beste praksis og gjennomføring ved utvelgelse av ansatte.,manual 2026-09-07
conduct research to generate new knowledge that can be used to address learning and behavior issues.,Forske for å frembringe ny kunnskap som kan brukes til å håndtere lærings- og atferdsvansker.,manual 2026-09-07
guide clients in the development of skills or strategies for dealing with their problems.,Veilede klienter i å utvikle ferdigheter og strategier for å håndtere problemene sine.,manual 2026-09-07
encourage individuals and family members to develop and use skills and strategies for confronting their problems in a constructive manner.,Oppmuntre enkeltpersoner og familiemedlemmer til å utvikle og bruke ferdigheter og strategier for å møte problemene sine på en konstruktiv måte.,manual 2026-09-07
"encourage clients to express their feelings and discuss what is happening in their lives, helping them to develop insight into themselves or their relationships.","Oppmuntre klienter til å sette ord på følelsene sine og snakke om det som skjer i livet deres, og hjelpe dem til å få innsikt i seg selv og relasjonene sine.",manual 2026-09-07
ask questions that will help clients identify their feelings and behaviors.,Stille spørsmål som hjelper klientene med å gjenkjenne egne følelser og egen atferd.,manual 2026-09-07
"provide clients or family members with information about addiction issues and about available services or programs, making appropriate referrals when necessary.","Informere klienter eller pårørende om avhengighetsproblemer og tilgjengelige tjenester og tilbud, og henvise videre ved behov.",manual 2026-09-07
"collect information about clients, using techniques such as testing, interviewing, discussion, and observation.","Samle inn opplysninger om klienter gjennom testing, intervjuer, samtaler og observasjon.",manual 2026-09-07
"collect information about clients through interviews, observation, or tests.","Samle inn opplysninger om klienter gjennom intervjuer, observasjon eller tester.",manual 2026-09-07
"participate in job development and placement programs, contacting prospective employers, placing clients in jobs, and evaluating the success of placements.","Delta i tiltak for arbeidsformidling ved å kontakte aktuelle arbeidsgivere, formidle klienter til jobber og evaluere resultatet av formidlingen.",manual 2026-09-07
conduct social research.,Utføre samfunnsforskning.,manual 2026-09-07
"counsel clients or patients, individually or in group sessions, to assist in overcoming dependencies, adjusting to life, or making changes.","Veilede klienter eller pasienter, individuelt eller i grupper, for å hjelpe dem med å overvinne avhengighet, tilpasse seg livet eller gjøre endringer.",manual 2026-09-07
"manage budgets and direct case service allocations, authorizing expenditures and payments.","Forvalte budsjetter og styre tildelingen av tjenester i enkeltsaker, og godkjenne utgifter og utbetalinger.",manual 2026-09-07
"read from sacred texts such as the bible, torah, or koran.","Lese fra hellige tekster som Bibelen, Toraen eller Koranen.",manual 2026-09-07
"share information about religious issues by writing articles, giving speeches, or teaching.","Formidle kunnskap om religiøse spørsmål gjennom artikler, taler eller undervisning.",manual 2026-09-07
"interpret religious education activities to the public through speaking, leading discussions, or writing articles for local or national publications.","Formidle religiøst opplæringsarbeid til allmennheten gjennom foredrag, diskusjonsledelse eller artikler i lokale eller nasjonale publikasjoner.",manual 2026-09-07
"locate and distribute resources, such as periodicals or curricula, to enhance the effectiveness of educational programs.",Finne fram og dele ut ressurser som tidsskrifter og læreplaner for å gjøre opplæringsprogrammer mer effektive.,manual 2026-09-07
develop or direct study courses or religious education programs within congregations.,Utvikle eller lede studiekurs eller religiøse opplæringsprogrammer i menigheter.,manual 2026-09-07
"prepare, rewrite and edit copy to improve readability, or supervise others who do this work.","Utarbeide, omskrive og redigere tekst for å bedre lesbarheten, eller lede andre som gjør dette arbeidet.",manual 2026-09-07
"edit, standardize, or make changes to material prepared by other writers or establishment personnel.","Redigere, standardisere eller endre materiale som er skrevet av andre skribenter eller ansatte.",manual 2026-09-07
"organize material and complete writing assignment according to set standards regarding order, clarity, conciseness, style, and terminology.","Organisere stoffet og fullføre skriveoppdrag etter fastsatte krav til rekkefølge, klarhet, konsishet, stil og terminologi.",manual 2026-09-07
"read, evaluate and edit manuscripts or other materials submitted for publication and confer with authors regarding changes in content, style or organization, or publication.","Lese, vurdere og redigere manuskripter og annet materiale som sendes inn for publisering, og drøfte endringer i innhold, stil, oppbygning eller publisering med forfatterne.",manual 2026-09-07
make manuscript acceptance or revision recommendations to the publisher.,Gi forlaget anbefalinger om å anta eller revidere manuskripter.,manual 2026-09-07
analyze developments in specific field to determine need for revisions in previously published materials and development of new material.,Analysere utviklingen på et fagfelt for å avgjøre behovet for revisjon av tidligere utgitt materiale og utvikling av nytt.,manual 2026-09-07
"read material to determine index items and arrange them alphabetically or topically, indicating page or chapter location.","Lese gjennom stoff for å velge ut stikkord til register, og ordne dem alfabetisk eller etter emne med henvisning til side eller kapittel.",manual 2026-09-07
"select photographs, drawings, sketches, diagrams, and charts to illustrate material.","Velge ut fotografier, tegninger, skisser, diagrammer og figurer for å illustrere stoffet.",manual 2026-09-07
review and approve proofs submitted by composing room prior to publication production.,Gjennomgå og godkjenne korrektur fra setteriet før trykking.,manual 2026-09-07
"write reviews of literary, musical, or other artwork, based on knowledge, judgment, or experience.","Skrive anmeldelser av litteratur, musikk eller annen kunst basert på kunnskap, skjønn og erfaring.",manual 2026-09-07
"review written, audio, or video copy and correct errors in content, grammar, or punctuation, following prescribed editorial style and formatting guidelines.","Gjennomgå tekst-, lyd- eller videomateriale og rette feil i innhold, grammatikk og tegnsetting i tråd med fastsatte redaksjonelle retningslinjer for stil og format.",manual 2026-09-07
"check reference materials, such as books, news files, or public records, to obtain relevant facts.","Sjekke kilder som bøker, nyhetsarkiver og offentlige registre for å innhente relevante fakta.",manual 2026-09-07
edit or assist in editing videos for broadcast.,Redigere eller bistå med redigering av video for kringkasting.,manual 2026-09-07
review and evaluate notes taken about news events to isolate pertinent facts and details.,Gjennomgå og vurdere notater fra nyhetshendelser for å skille ut relevante fakta og detaljer.,manual 2026-09-07
"gather information about events through research, interviews, experience, or attendance at political, news, sports, artistic, social, or other functions.","Innhente informasjon om hendelser gjennom research, intervjuer, egen erfaring eller deltakelse på politiske, nyhetsmessige, sportslige, kunstneriske, sosiale og andre arrangementer.",manual 2026-09-07
revise work to meet editorial approval or to fit time or space requirements.,Omarbeide stoff for å få redaksjonell godkjenning eller for å tilpasse det til krav om tid eller plass.,manual 2026-09-07
"communicate with readers, viewers, advertisers, or the general public via mail, email, or telephone.","Kommunisere med lesere, seere, annonsører eller allmennheten per post, e-post eller telefon.",manual 2026-09-07
"write columns, editorials, commentaries, or reviews that interpret events or offer opinions.","Skrive spalter, ledere, kommentarer eller anmeldelser som tolker hendelser eller gir uttrykk for meninger.",manual 2026-09-07
"determine a published or broadcasted story's emphasis, length, and format and organize material accordingly.","Bestemme vinkling, lengde og format på en sak som skal publiseres eller kringkastes, og organisere stoffet deretter.",manual 2026-09-07
"read written materials, such as legal documents, scientific works, or news reports, and rewrite material into specified languages.","Lese skriftlig materiale som juridiske dokumenter, vitenskapelige arbeider og nyhetsartikler, og oversette det til angitte språk.",manual 2026-09-07
"proofread, edit, and revise translated materials.","Korrekturlese, redigere og revidere oversatt materiale.",manual 2026-09-07
"adapt translations to students' cognitive and grade levels, collaborating with educational team members as necessary.","Tilpasse oversettelser til elevenes kognitive nivå og klassetrinn, i samarbeid med det pedagogiske teamet ved behov.",manual 2026-09-07
"create finished art work as decoration, or to elucidate or substitute for spoken or written messages.","Lage ferdige kunstverk som dekorasjon, eller for å tydeliggjøre eller erstatte muntlige eller skriftlige budskap.",manual 2026-09-07
confer with customers to assess customer needs or obtain feedback.,Rådføre seg med kunder for å kartlegge behov eller få tilbakemeldinger.,manual 2026-09-07
develop concepts or creative ideas for craft objects.,Utvikle konsepter eller kreative ideer til håndverksprodukter.,manual 2026-09-07
"confer with clients, editors, writers, art directors, and other interested parties regarding the nature and content of artwork to be produced.","Drøfte utforming og innhold av kunstverk som skal lages, med oppdragsgivere, redaktører, skribenter, art directors og andre berørte parter.",manual 2026-09-07
"monitor events, trends, and other circumstances, research specific subject areas, attend art exhibitions, and read art publications to develop ideas and keep current on art world activities.","Følge med på hendelser, trender og annet, undersøke bestemte emner, besøke kunstutstillinger og lese kunstpublikasjoner for å utvikle ideer og holde seg oppdatert på kunstfeltet.",manual 2026-09-07
"write changes directly into compositions, or use computer software to make changes.","Skrive endringer direkte inn i komposisjoner, eller bruke programvare til å gjøre endringene.",manual 2026-09-07
"perform administrative tasks such as applying for grants, developing budgets, negotiating contracts, and designing and printing programs and other promotional materials.","Utføre administrative oppgaver som å søke om tilskudd, sette opp budsjetter, forhandle kontrakter og utforme og trykke programmer og annet reklamemateriell.",manual 2026-09-07
"perform before live audiences, or in television, radio, or movie productions.","Opptre for publikum eller i fjernsyns-, radio- eller filmproduksjoner.",manual 2026-09-07
"compose original music such as popular songs, symphonies, or sonatas.","Komponere original musikk som populærmusikk, symfonier eller sonater.",manual 2026-09-07
compose songs or create vocal arrangements.,Komponere sanger eller lage vokalarrangementer.,manual 2026-09-07
"develop ideas for creating dances, keeping notes and sketches to record influences.","Utvikle ideer til nye danser, og føre notater og skisser for å dokumentere inspirasjonskilder.",manual 2026-09-07
"direct rehearsals to instruct dancers in how to use dance steps, and in techniques to achieve desired effects.",Lede prøver for å lære danserne trinn og teknikker som gir ønsket uttrykk.,manual 2026-09-07
program computerized graphic effects.,Programmere datagenererte grafiske effekter.,manual 2026-09-07
create custom illustrations or other graphic elements.,Lage skreddersydde illustrasjoner eller andre grafiske elementer.,manual 2026-09-07
"direct live broadcasts, films and recordings, or non-broadcast programming for public entertainment or education.","Regissere direktesendinger, filmer og innspillinger eller andre produksjoner til underholdning eller opplæring.",manual 2026-09-07
"coordinate the activities of writers, directors, managers, and other personnel throughout the production process.","Koordinere arbeidet til forfattere, regissører, ledere og annet personale gjennom hele produksjonsprosessen.",manual 2026-09-07
study scripts to become familiar with production concepts and requirements.,Studere manus for å sette seg inn i produksjonens konsept og krav.,manual 2026-09-07
"confer with technical directors, managers, crew members, and writers to discuss details of production, such as photography, script, music, sets, and costumes.","Drøfte produksjonsdetaljer som foto, manus, musikk, kulisser og kostymer med tekniske ledere, produsenter, stab og manusforfattere.",manual 2026-09-07
organize and string together raw footage into a continuous whole according to scripts or the instructions of directors and producers.,Ordne og sette sammen råopptak til en sammenhengende helhet etter manus eller instruksjoner fra regissør og produsent.,manual 2026-09-07
write and edit news stories from information collected by reporters and other sources.,Skrive og redigere nyhetssaker basert på informasjon fra reportere og andre kilder.,manual 2026-09-07
monitor broadcasts to ensure that programs conform to station or network policies and regulations.,Overvåke sendinger for å sikre at programmene følger kanalens retningslinjer og regelverk.,manual 2026-09-07
"plan details such as framing, composition, camera movement, sound, and actor movement for each shot or scene.","Planlegge detaljer som utsnitt, komposisjon, kamerabevegelse, lyd og skuespillernes bevegelser for hver tagning eller scene.",manual 2026-09-07
"select plays, scripts, books, or ideas to be produced.","Velge ut skuespill, manus, bøker eller ideer som skal produseres.",manual 2026-09-07
"compile scripts, program notes, and other material related to productions.","Sette sammen manus, programnotater og annet materiale knyttet til produksjoner.",manual 2026-09-07
compose and edit scripts or provide screenwriters with story outlines from which scripts can be written.,"Skrive og redigere manus, eller gi manusforfattere synopsis som manus kan skrives ut fra.",manual 2026-09-07
cut and edit film or tape to integrate component parts into desired sequences.,Klippe og redigere film eller opptak for å sette delene sammen i ønskede sekvenser.,manual 2026-09-07
study and research scripts to determine how they should be directed.,Studere og undersøke manus for å avgjøre hvordan de bør regisseres.,manual 2026-09-07
"write original or adapted material for dramas, comedies, puppet shows, narration, or other performances.","Skrive originalt eller bearbeidet materiale til drama, komedier, dukketeater, fortellerstemme eller andre forestillinger.",manual 2026-09-07
"perform humorous and serious interpretations of emotions, actions, and situations, using body movements, facial expressions, and gestures.","Fremføre humoristiske og alvorlige tolkninger av følelser, handlinger og situasjoner ved hjelp av kroppsbevegelser, mimikk og gester.",manual 2026-09-07
"study and rehearse roles from scripts to interpret, learn and memorize lines, stunts, and cues as directed.","Studere og øve inn roller fra manus for å tolke, lære og huske replikker, stunt og stikkord slik regissøren vil ha det.",manual 2026-09-07
learn about characters in scripts and their relationships to each other to develop role interpretations.,Sette seg inn i rollefigurene i manus og forholdet mellom dem for å utvikle rolletolkninger.,manual 2026-09-07
"read from scripts or books to narrate action or to inform or entertain audiences, utilizing few or no stage props.","Lese fra manus eller bøker for å fortelle handling eller for å informere eller underholde publikum, med få eller ingen rekvisitter.",manual 2026-09-07
"tell jokes, perform comic dances, songs and skits, impersonate mannerisms and voices of others, contort face, and use other devices to amuse audiences.","Fortelle vitser, fremføre komiske danser, sanger og sketsjer, imitere andres manerer og stemmer, lage grimaser og bruke andre virkemidler for å more publikum.",manual 2026-09-07
"select material most pertinent to presentation, and organize this material into appropriate formats.","Velge ut det stoffet som er mest relevant for presentasjonen, og ordne det i passende format.",manual 2026-09-07
edit news material to ensure that it fits within available time or space.,Redigere nyhetsstoff slik at det passer inn i tilgjengelig tid eller plass.,manual 2026-09-07
analyze and interpret news and information received from various sources to broadcast the information.,Analysere og tolke nyheter og informasjon fra ulike kilder for å formidle dem i sending.,manual 2026-09-07
make promotional appearances at public or private events to represent their employers.,Delta på offentlige eller private arrangementer for å profilere og representere arbeidsgiveren.,manual 2026-09-07
"prepare and deliver news, sports, or weather reports, gathering and rewriting material so that it will convey required information and fit specific time slots.","Forberede og lese nyhets-, sports- eller værmeldinger, og samle inn og omskrive stoff slik at det formidler nødvendig informasjon og passer inn i fastsatte sendetider.",manual 2026-09-07
"select program content, in conjunction with producers and assistants, based on factors such as program specialties, audience tastes, or requests from the public.","Velge programinnhold sammen med produsenter og assistenter ut fra programmets profil, publikums smak og innsendte ønsker.",manual 2026-09-07
"write commentaries, columns, or scripts, using computers.","Skrive kommentarer, spalter eller manus på datamaskin.",manual 2026-09-07
prepare reports and document project activities and data.,Utarbeide rapporter og dokumentere prosjektaktiviteter og data.,manual 2026-09-07
conduct materials test and analysis using tools and equipment and applying engineering knowledge.,Utføre materialprøving og -analyse med verktøy og utstyr og ved hjelp av ingeniørfaglig kunnskap.,manual 2026-09-07
"perform administrative duties, such as compiling and maintaining records, completing forms, preparing reports, or composing correspondence.","Utføre administrative oppgaver som å føre og vedlikeholde registre, fylle ut skjemaer, utarbeide rapporter og skrive korrespondanse.",manual 2026-09-07
identify and compile database information to create maps in response to requests.,Finne fram og sammenstille databaseinformasjon for å lage kart på bestilling.,manual 2026-09-07
"review and interpret plans, blueprints, site layouts, specifications, or construction methods to ensure compliance to legal requirements and safety regulations.","Gjennomgå og tolke planer, tegninger, situasjonsplaner, spesifikasjoner og byggemetoder for å sikre at de oppfyller lovkrav og sikkerhetsforskrifter.",manual 2026-09-07
estimate cost of completed work or of needed renovations or upgrades.,Anslå kostnadene ved utført arbeid eller nødvendig rehabilitering eller oppgradering.,manual 2026-09-07
"provide customer support and education, working with users to identify needs, determine sources of problems, or to provide information on product use.","Gi kundestøtte og opplæring ved å kartlegge brukernes behov, finne årsaken til problemer og informere om bruk av produktet.",manual 2026-09-07
write computer or microprocessor software programs.,Skrive programvare for datamaskiner eller mikroprosessorer.,manual 2026-09-07
"test machines, components, materials, or products to determine characteristics such as performance, strength, or response to stress.","Teste maskiner, komponenter, materialer eller produkter for å fastslå egenskaper som ytelse, styrke og respons på belastning.",manual 2026-09-07
"document test results, using cameras, spreadsheets, documents, or other tools.","Dokumentere testresultater ved hjelp av kamera, regneark, dokumenter eller andre verktøy.",manual 2026-09-07
"record test procedures and results, numerical and graphical data, and recommendations for changes in product or test methods.","Registrere testprosedyrer og -resultater, tallmateriale og grafiske data samt anbefalinger om endringer i produkt eller testmetoder.",manual 2026-09-07
"interpret engineering drawings, sketches, or diagrams.","Tolke tekniske tegninger, skisser eller diagrammer.",manual 2026-09-07
collect or compile nanotechnology research or engineering data.,Samle inn eller sammenstille forsknings- eller ingeniørdata innen nanoteknologi.,manual 2026-09-07
compile information or prepare reports on nanotechnology experiments or applications.,Sammenstille informasjon eller utarbeide rapporter om nanoteknologiske eksperimenter eller anvendelser.,manual 2026-09-07
"read and interpret blueprints, schematics, work specifications, drawings, or charts.","Lese og tolke tegninger, koblingsskjemaer, arbeidsspesifikasjoner og diagrammer.",manual 2026-09-07
ensure adherence to safety rules and practices.,Sørge for at sikkerhetsregler og -rutiner følges.,manual 2026-09-07
"prepare or maintain design, testing, or operational records and documentation.","Utarbeide eller vedlikeholde dokumentasjon av design, testing og drift.",manual 2026-09-07
"write software programs for microcontrollers or computers in machine, assembly, or other languages.","Skrive programvare for mikrokontrollere eller datamaskiner i maskinkode, assembly eller andre språk.",manual 2026-09-07
"document non-destructive testing (ndt) methods, processes, or results.","Dokumentere metoder, prosesser og resultater fra ikke-destruktiv prøving (NDT).",manual 2026-09-07
"interpret engineering sketches, specifications, or drawings.","Tolke tekniske skisser, spesifikasjoner eller tegninger.",manual 2026-09-07
"modify, maintain, and repair electronics equipment and systems to ensure that they function properly.","Endre, vedlikeholde og reparere elektronisk utstyr og systemer slik at de fungerer som de skal.",manual 2026-09-07
prepare reports on non-destructive testing (ndt) results.,Utarbeide rapporter om resultater fra ikke-destruktiv prøving (NDT).,manual 2026-09-07
measure and record data associated with operating equipment.,Måle og registrere data knyttet til drift av utstyr.,manual 2026-09-07
provide support to technical sales staff regarding product characteristics.,Bistå teknisk salgspersonale med informasjon om produktegenskaper.,manual 2026-09-07
"prepare detailed verbal or written presentations for scientists, engineers, project managers, or upper management.","Utarbeide detaljerte muntlige eller skriftlige presentasjoner for forskere, ingeniører, prosjektledere eller toppledelsen.",manual 2026-09-07
"compile, log, or record testing or operational data for review and further analysis.","Sammenstille, loggføre eller registrere test- og driftsdata for gjennomgang og videre analyse.",manual 2026-09-07
"interview individuals, and research public databases in order to obtain information.",Intervjue personer og søke i offentlige databaser for å innhente informasjon.,manual 2026-09-07
"create photographic recordings of information, using equipment.",Dokumentere informasjon fotografisk ved hjelp av utstyr.,manual 2026-09-07
"test and analyze samples to determine their content and characteristics, using laboratory apparatus or testing equipment.",Teste og analysere prøver for å fastslå innhold og egenskaper ved hjelp av laboratorieapparater eller testutstyr.,manual 2026-09-07
key and program specified commands and engineering specifications into computer system to change functions and test final layout.,Taste inn og programmere angitte kommandoer og tekniske spesifikasjoner i datasystemet for å endre funksjoner og teste den endelige utformingen.,manual 2026-09-07
"locate files relating to specified design project in database library, load program into computer, and record completed job data.","Finne fram filer for et gitt designprosjekt i databasen, laste programmet inn på datamaskinen og registrere data om utført arbeid.",manual 2026-09-07
review completed construction drawings and cost estimates for accuracy and conformity to standards and regulations.,Kontrollere ferdige byggetegninger og kostnadsoverslag for nøyaktighet og samsvar med standarder og forskrifter.,manual 2026-09-07
"prepare cost estimates, contracts, bidding documents, and technical reports for specific projects under an architect's supervision.","Utarbeide kostnadsoverslag, kontrakter, anbudsdokumenter og tekniske rapporter for enkeltprosjekter under veiledning av en arkitekt.",manual 2026-09-07
"analyze building codes, by-laws, space and site requirements, and other technical documents and reports to determine their effect on architectural designs.","Analysere byggeforskrifter, lokale bestemmelser, areal- og tomtekrav og andre tekniske dokumenter og rapporter for å vurdere hvordan de påvirker arkitektoniske løsninger.",manual 2026-09-07
explain drawings to production or construction teams and provide adjustments as necessary.,Forklare tegninger for produksjons- eller byggeteam og gjøre justeringer ved behov.,manual 2026-09-07
"record laboratory or field data, including numerical data, test results, photographs, or summaries of visual observations.","Registrere laboratorie- eller feltdata, inkludert tallmateriale, testresultater, fotografier og sammendrag av visuelle observasjoner.",manual 2026-09-07
document methods used and write technical reports containing information collected.,"Dokumentere metodene som er brukt, og skrive tekniske rapporter med innsamlet informasjon.",manual 2026-09-07
develop specialized computer software routines to customize and integrate image analysis.,Utvikle spesialiserte programrutiner for å tilpasse og integrere bildeanalyse.,manual 2026-09-07
"prepare documentation or presentations, including charts, photos, or graphs.","Utarbeide dokumentasjon eller presentasjoner med diagrammer, bilder eller grafer.",manual 2026-09-07
evaluate data and write reports to validate or indicate deviations from existing standards.,Vurdere data og skrive rapporter som bekrefter eller påpeker avvik fra gjeldende standarder.,manual 2026-09-07
review technical documents to ensure completeness and conformance to requirements.,Gjennomgå tekniske dokumenter for å sikre at de er fullstendige og oppfyller kravene.,manual 2026-09-07
enter data into computers to record characteristics of nuclear events or to locate coordinates of particles.,Legge inn data på datamaskin for å registrere egenskaper ved kjernefysiske hendelser eller finne koordinatene til partikler.,manual 2026-09-07
"record information such as personnel, production, or operational data on specified forms or reports.","Registrere opplysninger som personal-, produksjons- eller driftsdata på fastsatte skjemaer eller rapporter.",manual 2026-09-07
"monitor work of contractors and subcontractors to ensure projects conform to plans, specifications, schedules, or budgets.","Følge opp arbeidet til entreprenører og underentreprenører for å sikre at prosjektene følger planer, spesifikasjoner, tidsplaner og budsjetter.",manual 2026-09-07
"read specifications, such as blueprints, to determine construction requirements or to plan procedures.",Lese spesifikasjoner som tegninger for å fastslå byggekrav eller planlegge fremgangsmåter.,manual 2026-09-07
coordinate work activities with other construction project activities.,Samordne arbeidet med andre aktiviteter i byggeprosjektet.,manual 2026-09-07
"confer with managerial or technical personnel, other departments, or contractors to resolve problems or to coordinate activities.","Rådføre seg med ledelse, teknisk personale, andre avdelinger eller entreprenører for å løse problemer eller samordne aktiviteter.",manual 2026-09-07
"record and compile operational data by completing and maintaining forms, logs, or reports.","Registrere og sammenstille driftsdata ved å fylle ut og vedlikeholde skjemaer, logger eller rapporter.",manual 2026-09-07
"analyze the layout, instrumentation, or function of electrical generation or transmission facilities.","Analysere utforming, instrumentering og funksjon i anlegg for kraftproduksjon eller kraftoverføring.",manual 2026-09-07
"record and compile operating data, instrument readings, documentation, and results of laboratory analyses.","Registrere og sammenstille driftsdata, instrumentavlesninger, dokumentasjon og resultater fra laboratorieanalyser.",manual 2026-09-07
"record, review, and compile operations records, test results, and gauge readings such as temperatures, pressures, concentrations, and flows.","Registrere, gjennomgå og sammenstille driftsjournaler, testresultater og måleravlesninger som temperatur, trykk, konsentrasjon og strømning.",manual 2026-09-07
"revise programs or tapes to eliminate errors, and retest programs to check that problems have been solved.","Rette programmer eller bånd for å fjerne feil, og teste programmene på nytt for å kontrollere at problemene er løst.",manual 2026-09-07
modify existing programs to enhance efficiency.,Endre eksisterende programmer for å øke effektiviteten.,manual 2026-09-07
"write programs in the language of a machine's controller and store programs on media such as punch tapes, magnetic tapes, or disks.","Skrive programmer i maskinstyringens språk og lagre dem på medier som hullbånd, magnetbånd eller disker.",manual 2026-09-07
analyze experimental data and interpret results to write reports and summaries of findings.,Analysere forsøksdata og tolke resultatene for å skrive rapporter og sammendrag av funnene.,manual 2026-09-07
"record test data and prepare reports, summaries, or charts that interpret test results.","Registrere testdata og utarbeide rapporter, sammendrag eller diagrammer som tolker testresultatene.",manual 2026-09-07
"conduct research or assist in the conduct of research, including the collection of information and samples, such as blood, water, soil, plants and animals.","Utføre eller bistå i forskning, inkludert innsamling av informasjon og prøver av blod, vann, jord, planter og dyr.",manual 2026-09-07
"monitor and observe experiments, recording production and test data for evaluation by research personnel.","Overvåke og observere forsøk, og registrere produksjons- og testdata som forskerne skal vurdere.",manual 2026-09-07
"participate in the research, development, or manufacturing of medicinal and pharmaceutical preparations.","Delta i forskning, utvikling eller produksjon av legemidler og farmasøytiske preparater.",manual 2026-09-07
"compute moisture or salt content, percentages of ingredients, formulas, or other product factors, using mathematical and chemical procedures.","Beregne fuktighets- eller saltinnhold, ingrediensandeler, formler eller andre produktfaktorer ved hjelp av matematiske og kjemiske metoder.",manual 2026-09-07
respond to general inquiries or requests from the public.,Besvare generelle henvendelser og forespørsler fra publikum.,manual 2026-09-07
"examine chemical or biological samples to identify cell structures or to locate bacteria or extraneous material, using a microscope.",Undersøke kjemiske eller biologiske prøver i mikroskop for å identifisere cellestrukturer eller finne bakterier eller fremmedstoffer.,manual 2026-09-07
"record data pertaining to experimentation, research, or animal care.","Registrere data om forsøk, forskning eller dyrestell.",manual 2026-09-07
develop and maintain computer databases.,Utvikle og vedlikeholde databaser.,manual 2026-09-07
"confer with customers, supervisors, contractors, or other personnel to exchange information or to resolve problems.","Rådføre seg med kunder, overordnede, entreprenører eller annet personale for å utveksle informasjon eller løse problemer.",manual 2026-09-07
review records or reports for clarity and completeness and maintain records or reports as required under federal law.,"Gjennomgå journaler eller rapporter for klarhet og fullstendighet, og føre dem slik føderal lov krever.",manual 2026-09-07
"compile information about flights from flight plans, pilot reports, radar, or observations.","Sammenstille informasjon om flyginger fra flygeplaner, pilotrapporter, radar eller observasjoner.",manual 2026-09-07
record and process results of procedures.,Registrere og behandle resultater av prosedyrer.,manual 2026-09-07
produce a computer-generated or film image for interpretation by a physician.,Fremstille et digitalt bilde eller filmbilde som en lege skal tolke.,manual 2026-09-07
"record, process, and maintain patient data or treatment records and prepare reports.","Registrere, behandle og vedlikeholde pasientdata eller behandlingsjournaler og utarbeide rapporter.",manual 2026-09-07
write reports or notes to summarize testing procedures or outcomes for physicians or other medical professionals.,Skrive rapporter eller notater som oppsummerer testprosedyrer og resultater for leger eller annet helsepersonell.,manual 2026-09-07
"analyze and record test data to issue reports that use charts, graphs, or narratives.","Analysere og registrere testdata for å lage rapporter med diagrammer, grafer eller tekst.",manual 2026-09-07
"identify tissue structures or cell components to be used in the diagnosis, prevention, or treatment of diseases.","Identifisere vevsstrukturer eller cellekomponenter som brukes i diagnostikk, forebygging eller behandling av sykdommer.",manual 2026-09-07
examine specimens using microscopes to evaluate specimen quality.,Undersøke prøver i mikroskop for å vurdere prøvekvaliteten.,manual 2026-09-07
analyze laboratory findings to check the accuracy of the results.,Analysere laboratoriefunn for å kontrollere at resultatene er riktige.,manual 2026-09-07
"examine cell samples to detect abnormalities in the color, shape, or size of cellular components and patterns.","Undersøke celleprøver for å oppdage avvik i farge, form eller størrelse på cellekomponenter og cellemønstre.",manual 2026-09-07
enter data from analysis of medical tests or clinical results into computer for storage.,Legge inn data fra analyser av medisinske prøver eller kliniske resultater på datamaskin for lagring.,manual 2026-09-07
examine specimens to detect abnormal hormone conditions.,Undersøke prøver for å påvise unormale hormontilstander.,manual 2026-09-07
prepare and process medical insurance claim forms and records.,Utarbeide og behandle skjemaer og dokumentasjon for helseforsikringskrav.,manual 2026-09-07
"provide information about the physical and emotional processes involved in the pregnancy, labor, birth, and postpartum periods.","Informere om de fysiske og følelsesmessige prosessene i svangerskap, fødsel og barseltid.",manual 2026-09-07
compile and evaluate clinical practice statistics.,Sammenstille og vurdere statistikk over klinisk praksis.,manual 2026-09-07
"write reports, maintain research information, or perform clerical duties.","Skrive rapporter, vedlikeholde forskningsinformasjon eller utføre kontoroppgaver.",manual 2026-09-07
"perform a variety of office, clerical, or accounting duties, such as reception, billing, bookkeeping, or selling products.","Utføre ulike kontor-, merkantile eller regnskapsoppgaver som resepsjon, fakturering, bokføring og salg av produkter.",manual 2026-09-07
"educate or advise clients on animal health care, nutrition, or behavior problems.","Lære opp eller gi råd til klienter om dyrehelse, fôring og atferdsproblemer.",manual 2026-09-07
"collect, prepare, and label samples for laboratory testing, culture, or microscopic examination.","Samle inn, klargjøre og merke prøver for laboratorietesting, dyrking eller mikroskopisk undersøkelse.",manual 2026-09-07
provide clinical services or health education to improve and maintain the oral health of patients or the general public.,Yte kliniske tjenester eller helseopplysning for å bedre og opprettholde tannhelsen hos pasienter og befolkningen.,manual 2026-09-07
"schedule appointments, prepare bills and receive payment for dental services, complete insurance forms, and maintain records, manually or using computer.","Sette opp timer, fakturere og ta imot betaling for tannbehandling, fylle ut forsikringsskjemaer og føre journaler, manuelt eller på datamaskin.",manual 2026-09-07
schedule appointments for patients.,Sette opp timer for pasienter.,manual 2026-09-07
investigate complaints regarding safety violations.,Undersøke klager på brudd på sikkerhetsbestemmelser.,manual 2026-09-07
teach patients how to deal constructively with their emotions.,Lære pasienter å håndtere følelsene sine på en konstruktiv måte.,manual 2026-09-07
"conduct nutritional assessments of individuals, including obtaining and evaluating individuals' dietary histories, to plan nutritional programs.","Gjennomføre ernæringsvurderinger av enkeltpersoner, inkludert innhenting og vurdering av kostholdshistorikk, for å planlegge ernæringsopplegg.",manual 2026-09-07
"plan menus or diets or guide individuals or families in food selection, preparation, or menu planning, based upon nutritional needs and established guidelines.","Planlegge menyer eller dietter, eller veilede enkeltpersoner og familier i valg og tilberedning av mat og menyplanlegging ut fra ernæringsbehov og gjeldende retningslinjer.",manual 2026-09-07
maintain a current file of examination protocols.,Holde et oppdatert arkiv over undersøkelsesprotokoller.,manual 2026-09-07
"obtain and record patient identification, medical history, or test results.","Innhente og registrere pasientidentifikasjon, sykehistorie og prøvesvar.",manual 2026-09-07
"analyze menus or recipes, standardize recipes, or test new products.","Analysere menyer eller oppskrifter, standardisere oppskrifter eller teste nye produkter.",manual 2026-09-07
"provide dietitians with assistance researching food, nutrition, or food service systems.","Bistå ernæringsfysiologer med å undersøke mat, ernæring eller storkjøkkendrift.",manual 2026-09-07
contact prospective customers to present information and explain available services.,Kontakte potensielle kunder for å presentere informasjon og forklare tilgjengelige tjenester.,manual 2026-09-07
analyze market conditions to determine optimum times to execute securities transactions.,Analysere markedsforholdene for å finne det beste tidspunktet for verdipapirhandler.,manual 2026-09-07
"contact prospective customers to determine customer needs, present information, or explain available services.","Kontakte potensielle kunder for å kartlegge behov, presentere informasjon eller forklare tilgjengelige tjenester.",manual 2026-09-07
analyze target companies or investment opportunities to inform investment decisions.,Analysere aktuelle selskaper eller investeringsmuligheter som grunnlag for investeringsbeslutninger.,manual 2026-09-07
offer advice on the purchase or sale of particular securities.,Gi råd om kjøp eller salg av bestemte verdipapirer.,manual 2026-09-07
"inform other traders, managers, or customers of market conditions, including volume, price, competition, or dynamics.","Informere andre meglere, ledere eller kunder om markedsforhold som volum, pris, konkurranse og dynamikk.",manual 2026-09-07
monitor markets or positions.,Overvåke markeder eller posisjoner.,manual 2026-09-07
"buy or sell stocks, bonds, commodity futures, foreign currencies, or other securities on behalf of investment dealers.","Kjøpe eller selge aksjer, obligasjoner, råvareterminer, valuta eller andre verdipapirer på vegne av verdipapirforetak.",manual 2026-09-07
"devise trading, option, or hedge strategies.","Utforme handels-, opsjons- eller sikringsstrategier.",manual 2026-09-07
"develop prospects from current commercial customers, referral leads, or sales or trade meetings.","Finne nye kundeemner gjennom eksisterende bedriftskunder, henvisninger eller salgs- og bransjemøter.",manual 2026-09-07
report all positions or trading results.,Rapportere alle posisjoner og handelsresultater.,manual 2026-09-07
"track and analyze factors that affect price movement, such as trade policies, weather conditions, political developments, or supply and demand changes.","Følge med på og analysere faktorer som påvirker prisutviklingen, som handelspolitikk, værforhold, politiske hendelser og endringer i tilbud og etterspørsel.",manual 2026-09-07
"review financial periodicals, stock and bond reports, business publications, or other material to identify potential investments for clients or to keep abreast of trends affecting market conditions.","Lese finanstidsskrifter, aksje- og obligasjonsrapporter, næringslivspublikasjoner og annet materiale for å finne mulige investeringer for kunder eller holde seg oppdatert på trender som påvirker markedet.",manual 2026-09-07
handle customer complaints and take appropriate action to resolve them.,Håndtere kundeklager og treffe nødvendige tiltak for å løse dem.,manual 2026-09-07
analyze potential loan markets and develop referral networks to locate prospects for loans.,Analysere mulige lånemarkeder og bygge henvisningsnettverk for å finne potensielle låntakere.,manual 2026-09-07
"counsel clients on personal and family financial problems, such as excessive spending or borrowing of funds.","Veilede klienter om personlige og familiære økonomiske problemer, som overforbruk eller for høy gjeld.",manual 2026-09-07
review billing for accuracy.,Kontrollere at fakturaer er riktige.,manual 2026-09-07
"maintain or update records of client account activity, including financial transactions, counseling session notes, correspondence, document images, or client inquiries.","Føre eller oppdatere registre over aktivitet på klientkontoer, inkludert transaksjoner, notater fra veiledningssamtaler, korrespondanse, skannede dokumenter og henvendelser fra klienter.",manual 2026-09-07
interview applicants and request specified information for loan applications.,Intervjue søkere og innhente nødvendige opplysninger til lånesøknader.,manual 2026-09-07
"recommend educational materials or resources to clients on matters such as financial planning, budgeting, or credit.","Anbefale opplæringsmateriell eller ressurser til klienter om temaer som økonomisk planlegging, budsjettering og kreditt.",manual 2026-09-07
"create debt management plans, spending plans, or budgets to assist clients to meet financial goals.","Lage gjeldsplaner, forbruksplaner eller budsjetter som hjelper klientene med å nå økonomiske mål.",manual 2026-09-07
"recommend strategies for clients to meet their financial goals, such as borrowing money through loans or loan programs, declaring bankruptcy, making budget adjustments, or enrolling in debt management plans.","Anbefale strategier for at klienter skal nå sine økonomiske mål, som låneopptak, konkursbegjæring, budsjettjusteringer eller gjeldsordning.",manual 2026-09-07
"explain services or policies to clients, such as debt management program rules, the advantages and disadvantages of using services, or creditor concession policies.","Forklare tjenester og retningslinjer for klienter, som regler for gjeldsordning, fordeler og ulemper ved tjenestene og kreditorenes praksis for ettergivelse.",manual 2026-09-07
"obtain and compile copies of loan applicants' credit histories, corporate financial statements, and other financial information.","Innhente og samle kopier av lånesøkeres kreditthistorikk, selskapsregnskap og annen finansiell informasjon.",manual 2026-09-07
"maintain and review account records, updating and recategorizing them according to status changes.","Føre og gjennomgå kontoregistre, og oppdatere og omklassifisere dem ved statusendringer.",manual 2026-09-07
"market bank products to individuals and firms, promoting bank services that may meet customers' needs.","Markedsføre bankprodukter til privatpersoner og bedrifter, og fremme banktjenester som kan dekke kundenes behov.",manual 2026-09-07
contact borrowers with delinquent accounts to obtain payment in full or to negotiate repayment plans.,Kontakte låntakere med misligholdte lån for å få full innbetaling eller forhandle om nedbetalingsplaner.,manual 2026-09-07
"classify, record, and summarize numerical and financial data to compile and keep financial records, using journals and ledgers or computers.","Klassifisere, bokføre og sammenstille tall- og regnskapsdata for å føre regnskap, ved hjelp av journaler, hovedbok eller datamaskin.",manual 2026-09-07
"compile statistical, financial, accounting, or auditing reports and tables pertaining to such matters as cash receipts, expenditures, accounts payable and receivable, and profits and losses.","Utarbeide statistiske rapporter, regnskaps- og revisjonsrapporter og tabeller om forhold som innbetalinger, utgifter, leverandørgjeld, kundefordringer og resultat.",manual 2026-09-07
reconcile records of bank transactions.,Avstemme banktransaksjoner.,manual 2026-09-07
"perform financial calculations, such as amounts due, interest charges, balances, discounts, equity, and principal.","Utføre finansielle beregninger, som forfalte beløp, renter, saldo, rabatter, egenkapital og hovedstol.",manual 2026-09-07
access computerized financial information to answer general questions as well as those related to specific accounts.,Slå opp i elektronisk finansinformasjon for å besvare generelle spørsmål og spørsmål om bestemte kontoer.,manual 2026-09-07
"compile budget data and documents, based on estimated revenues and expenses and previous budgets.",Sammenstille budsjettdata og -dokumenter basert på anslåtte inntekter og utgifter og tidligere budsjetter.,manual 2026-09-07
"perform general office duties, such as filing, answering telephones, and handling routine correspondence.","Utføre alminnelige kontoroppgaver som arkivering, telefonbetjening og rutinemessig korrespondanse.",manual 2026-09-07
examine claims forms and other records to determine insurance coverage.,Gjennomgå skademeldinger og andre dokumenter for å avgjøre forsikringsdekning.,manual 2026-09-07
"inspect properties to evaluate construction, condition, special features, and functional design, and to take property measurements.","Befare eiendommer for å vurdere byggemåte, tilstand, særtrekk og funksjonell utforming, og for å måle opp eiendommen.",manual 2026-09-07
prepare reports to be submitted to company's data processing department.,Utarbeide rapporter som skal sendes til selskapets dataavdeling.,manual 2026-09-07
examine income records and operating costs of income properties.,Gjennomgå inntektsoversikter og driftskostnader for utleieeiendommer.,manual 2026-09-07
"search public records for transactions such as sales, leases, and assessments.","Søke i offentlige registre etter transaksjoner som salg, leieavtaler og takster.",manual 2026-09-07
examine titles to property to determine validity and act as company agent in transactions with property owners.,"Undersøke hjemmel til eiendom for å fastslå gyldighet, og opptre på vegne av selskapet i transaksjoner med eiendomseiere.",manual 2026-09-07
"prepare written reports that estimate property values, outline methods by which the estimations were made, and meet appraisal standards.","Utarbeide skriftlige takstrapporter som anslår eiendomsverdier, beskriver metodene som er brukt og oppfyller takseringsstandarder.",manual 2026-09-07
maintain familiarity with aspects of local real estate markets.,Holde seg orientert om det lokale eiendomsmarkedet.,manual 2026-09-07
analyze information gathered by investigation and report findings and recommendations.,"Analysere informasjon innhentet gjennom undersøkelser, og rapportere funn og anbefalinger.",manual 2026-09-07
verify and analyze data used in settling claims to ensure that claims are valid and that settlements are made according to company practices and procedures.,Kontrollere og analysere data som brukes i skadeoppgjør for å sikre at kravene er gyldige og at oppgjør skjer i tråd med selskapets praksis og rutiner.,manual 2026-09-07
"analyze trends in sales prices, construction costs, and rents, to assess property values or determine the accuracy of assessments.","Analysere utviklingen i salgspriser, byggekostnader og leiepriser for å vurdere eiendomsverdier eller kontrollere takster.",manual 2026-09-07
investigate and assess damage to property and create or review property damage estimates.,"Undersøke og vurdere skader på eiendom, og utarbeide eller gjennomgå skadetakster.",manual 2026-09-07
"interview or correspond with claimants, witnesses, police, physicians, or other relevant parties to determine claim settlement, denial, or review.","Intervjue eller korrespondere med skadelidte, vitner, politi, leger og andre berørte parter for å avgjøre om krav skal utbetales, avslås eller vurderes nærmere.",manual 2026-09-07
"investigate, evaluate, and settle claims, applying technical knowledge and human relations skills to effect fair and prompt disposal of cases and to contribute to a reduced loss ratio.","Undersøke, vurdere og gjøre opp skadesaker, og bruke fagkunnskap og menneskekunnskap for å sikre rettferdig og rask saksbehandling og bidra til lavere skadeprosent.",manual 2026-09-07
"examine claims investigated by insurance adjusters, further investigating questionable claims to determine whether to authorize payments.","Gjennomgå skadesaker som er undersøkt av skadebehandlere, og undersøke tvilsomme krav nærmere for å avgjøre om utbetaling skal godkjennes.",manual 2026-09-07
"interview prospective clients to obtain data about their financial resources and needs, the physical condition of the person or property to be insured, and to discuss any existing coverage.","Intervjue potensielle kunder for å kartlegge økonomi og behov, tilstanden til personen eller eiendommen som skal forsikres, og eksisterende forsikringsdekning.",manual 2026-09-07
seek out new clients and develop clientele by networking to find new customers and generate lists of prospective clients.,"Oppsøke nye kunder og bygge kundekrets gjennom nettverksarbeid, og utarbeide lister over potensielle kunder.",manual 2026-09-07
confer with clients to obtain and provide information when claims are made on a policy.,Rådføre seg med kunder for å innhente og gi informasjon når det meldes skade på en forsikring.,manual 2026-09-07
"customize insurance programs to suit individual customers, often covering a variety of risks.","Tilpasse forsikringsløsninger til den enkelte kunde, ofte med dekning for flere typer risiko.",manual 2026-09-07
"call on policyholders to deliver and explain policy, to analyze insurance program and suggest additions or changes, or to change beneficiaries.","Besøke forsikringstakere for å levere og forklare polisen, gjennomgå forsikringsdekningen og foreslå tillegg eller endringer, eller endre begunstigede.",manual 2026-09-07
analyze details of sales territories to assess their growth potential and to set quotas.,Analysere salgsdistrikter for å vurdere vekstpotensial og fastsette salgsmål.,manual 2026-09-07
calculate premiums and establish payment method.,Beregne premier og fastsette betalingsmåte.,manual 2026-09-07
"confer with company officials to develop methods and procedures to increase sales, expand markets, and promote business.","Samarbeide med selskapets ledelse om metoder og rutiner for å øke salget, utvide markedene og fremme virksomheten.",manual 2026-09-07
"answer customers' questions about products, prices, availability, product uses, and credit terms.","Besvare kundenes spørsmål om produkter, priser, tilgjengelighet, bruksområder og kredittvilkår.",manual 2026-09-07
"perform administrative duties, such as preparing sales budgets and reports, keeping sales records, and filing expense account reports.","Utføre administrative oppgaver som å utarbeide salgsbudsjetter og rapporter, føre salgsregistre og levere reiseregninger.",manual 2026-09-07
"contact regular and prospective customers to demonstrate products, explain product features, and solicit orders.","Kontakte faste og potensielle kunder for å demonstrere produkter, forklare produktegenskaper og hente inn ordrer.",manual 2026-09-07
"recommend products to customers, based on customers' needs and interests.",Anbefale produkter til kunder ut fra deres behov og interesser.,manual 2026-09-07
"monitor market conditions, product innovations, and competitors' products, prices, and sales.","Følge med på markedsforhold, produktnyheter og konkurrentenes produkter, priser og salg.",manual 2026-09-07
"monitor changes affecting supply and demand, tracking market conditions, price trends, or futures markets.","Følge med på endringer som påvirker tilbud og etterspørsel, som markedsforhold, prisutvikling og terminmarkeder.",manual 2026-09-07
monitor shipments to ensure that goods come in on time and resolve problems related to undelivered goods.,"Overvåke forsendelser for å sikre at varene kommer i tide, og løse problemer med uleverte varer.",manual 2026-09-07
monitor and follow applicable laws and regulations.,Følge med på og etterleve gjeldende lover og forskrifter.,manual 2026-09-07
obtain information about customer needs or preferences by conferring with sales or purchasing personnel.,Innhente informasjon om kundenes behov og preferanser i samråd med salgs- eller innkjøpspersonale.,manual 2026-09-07
"review catalogs, industry periodicals, directories, trade journals, and internet sites and consult with other department personnel to locate necessary goods and services.","Gå gjennom kataloger, bransjetidsskrifter, oppslagsverk og nettsteder, og rådføre seg med andre avdelinger for å finne nødvendige varer og tjenester.",manual 2026-09-07
"determine which products should be featured in advertising, the advertising medium to be used, or when the ads should be run.","Avgjøre hvilke produkter som skal annonseres, hvilke annonsekanaler som skal brukes og når annonsene skal kjøres.",manual 2026-09-07
"monitor and analyze sales records, trends, or economic conditions to anticipate consumer buying patterns and determine what the company will sell and how much inventory is needed.","Følge med på og analysere salgstall, trender og økonomiske forhold for å forutse kjøpemønstre og avgjøre hva selskapet skal selge og hvor stort lager som trengs.",manual 2026-09-07
"write and review product specifications, maintaining a working technical knowledge of the goods or services to be purchased.","Skrive og gjennomgå produktspesifikasjoner, og holde seg teknisk oppdatert på varene eller tjenestene som skal kjøpes inn.",manual 2026-09-07
"prepare purchase orders, solicit bid proposals, and review requisitions for goods and services.","Utarbeide innkjøpsordrer, innhente anbud og gjennomgå rekvisisjoner for varer og tjenester.",manual 2026-09-07
monitor competitors' sales activities by following their advertisements in newspapers or other media.,Følge med på konkurrentenes salgsaktiviteter gjennom annonsene deres i aviser og andre medier.,manual 2026-09-07
"examine or test crops or products to estimate their value, determine their grade, or locate any evidence of disease or insect damage.","Undersøke eller teste avlinger og produkter for å anslå verdi, fastsette kvalitetsklasse og avdekke tegn på sykdom eller insektskader.",manual 2026-09-07
authorize payment of invoices or return of merchandise.,Godkjenne betaling av fakturaer eller retur av varer.,manual 2026-09-07
"sell supplies, such as seed, feed, fertilizers, or insecticides, arranging for loans or financing as necessary.","Selge driftsmidler som såvarer, fôr, gjødsel og plantevernmidler, og ordne lån eller finansiering ved behov.",manual 2026-09-07
"examine shipment contents and compare with records such as manifests, invoices, or orders to verify accuracy.","Kontrollere innholdet i forsendelser mot dokumenter som fraktlister, fakturaer og ordrer.",manual 2026-09-07
"prepare shipping documentation, such as including bills of lading, packing lists, dock receipts, or certificates of origin.","Utarbeide fraktdokumenter som konnossementer, pakklister, kaikvitteringer og opprinnelsessertifikater.",manual 2026-09-07
"record shipment data, such as weight, charges, space availability, damages, or discrepancies for reporting, accounting, or recordkeeping purposes.","Registrere forsendelsesdata som vekt, gebyrer, ledig plass, skader og avvik for rapportering, regnskap og arkivering.",manual 2026-09-07
prepare invoices or cost quotations for freight transportation.,Utarbeide fakturaer eller pristilbud for frakt.,manual 2026-09-07
track delivery progress of shipments.,Spore fremdriften i leveranser.,manual 2026-09-07
monitor or record locations of goods in transit.,Overvåke eller registrere hvor varer under transport befinner seg.,manual 2026-09-07
"inform clients of factors such as shipping options, timelines, transfers, or regulations affecting shipments.","Informere kunder om forhold som fraktalternativer, leveringstider, omlastinger og regelverk som påvirker forsendelsen.",manual 2026-09-07
negotiate and arrange transport of goods with shipping or freight companies.,Forhandle om og ordne transport av varer med rederier og fraktselskaper.,manual 2026-09-07
"verify adherence of documentation to customs, insurance, or regulatory requirements.","Kontrollere at dokumentasjonen oppfyller krav fra toll, forsikring og myndigheter.",manual 2026-09-07
check import or export documentation to determine cargo contents and use tariff coding system to classify goods according to fee or tariff group.,"Kontrollere import- og eksportdokumenter for å fastslå lastens innhold, og klassifisere varer etter tolltariffen.",manual 2026-09-07
determine efficient and cost-effective methods of moving goods from one location to another.,Finne effektive og kostnadseffektive måter å frakte varer fra ett sted til et annet på.,manual 2026-09-07
"monitor event activities to ensure compliance with applicable regulations and laws, satisfaction of participants, and resolution of any problems that arise.","Følge opp arrangementet for å sikre at lover og regler overholdes, at deltakerne er fornøyde og at problemer som oppstår blir løst.",manual 2026-09-07
evaluate and select providers of services according to customer requirements.,Vurdere og velge tjenesteleverandører ut fra kundens krav.,manual 2026-09-07
inspect event facilities to ensure that they conform to customer requirements.,Inspisere arrangementslokaler for å sikre at de oppfyller kundens krav.,manual 2026-09-07
"coordinate services for events, such as accommodation and transportation for participants, facilities, catering, signage, displays, special needs requirements, printing and event security.","Koordinere tjenester til arrangementer, som overnatting og transport for deltakerne, lokaler, servering, skilting, utstillinger, tilrettelegging, trykksaker og vakthold.",manual 2026-09-07
"prepare or maintain employment records related to events such as hiring, termination, leaves, transfers, or promotions, using human resources management system software.","Opprette og vedlikeholde personalopplysninger om ansettelser, oppsigelser, permisjoner, overføringer og forfremmelser i HR-systemet.",manual 2026-09-07
"maintain and update human resources documents, such as organizational charts, employee handbooks or directories, or performance evaluation forms.","Vedlikeholde og oppdatere HR-dokumenter som organisasjonskart, personalhåndbøker, ansattoversikter og skjemaer for medarbeidervurdering.",manual 2026-09-07
"maintain records of sales, rental or usage activity, special permits issued, maintenance and operating costs, or property availability.","Føre oversikt over salg, utleie og bruk, utstedte særtillatelser, vedlikeholds- og driftskostnader og ledige eiendommer.",manual 2026-09-07
interview clients to determine what kinds of properties they are seeking.,Intervjue kunder for å finne ut hva slags eiendommer de er ute etter.,manual 2026-09-07
"promote sales of properties through advertisements, open houses, and participation in multiple listing services.","Fremme salg av eiendommer gjennom annonser, visninger og felles boligdatabaser.",manual 2026-09-07
"advise clients on market conditions, prices, mortgages, legal requirements and related matters.","Gi kunder råd om markedsforhold, priser, boliglån, lovkrav og lignende.",manual 2026-09-07
"display commercial, industrial, agricultural, and residential properties to clients and explain their features.","Vise nærings-, industri-, landbruks- og boligeiendommer til kunder og forklare egenskapene deres.",manual 2026-09-07
coordinate appointments to show homes to prospective buyers.,Avtale visninger av boliger for potensielle kjøpere.,manual 2026-09-07
generate lists of properties that are compatible with buyers' needs and financial resources.,Lage lister over eiendommer som passer kjøpernes behov og økonomi.,manual 2026-09-07
evaluate mortgage options to help clients obtain financing at the best prevailing rates and terms.,Vurdere lånealternativer for å hjelpe kunder med å få finansiering til best mulig rente og vilkår.,manual 2026-09-07
"generate lists of properties for sale, their locations, descriptions, and available financing options, using computers.","Lage oversikter over eiendommer til salgs med beliggenhet, beskrivelse og finansieringsmuligheter ved hjelp av datamaskin.",manual 2026-09-07
"appraise property values, assessing income potential when relevant.","Taksere eiendommer, og vurdere inntektspotensial der det er relevant.",manual 2026-09-07
solicit and compile listings of available rental properties.,Innhente og sammenstille oversikter over ledige utleieboliger.,manual 2026-09-07
"review property listings, trade journals, and relevant literature, and attend conventions, seminars, and staff and association meetings to remain knowledgeable about real estate markets.","Følge med på boligannonser, bransjetidsskrifter og faglitteratur, og delta på konferanser, seminarer og møter for å holde seg oppdatert om eiendomsmarkedet.",manual 2026-09-07
"obtain and study information about clients' products, needs, problems, advertising history, and business practices to offer effective sales presentations and appropriate product assistance.","Innhente og sette seg inn i informasjon om kundenes produkter, behov, problemer, tidligere markedsføring og forretningspraksis for å gi gode salgspresentasjoner og riktig produktstøtte.",manual 2026-09-07
"research or develop analytical tools to address issues such as portfolio construction or optimization, performance measurement, attribution, profit and loss measurement, or pricing models.","Utforske eller utvikle analyseverktøy for porteføljesammensetning og -optimering, resultatmåling, attribusjon, resultatberegning og prisingsmodeller.",manual 2026-09-07
keep informed of industry trends and deals.,Holde seg oppdatert på bransjetrender og transaksjoner.,manual 2026-09-07
"identify, track, or maintain metrics for trading system operations.","Definere, følge opp og vedlikeholde måltall for driften av handelssystemer.",manual 2026-09-07
coordinate due diligence processes and the negotiation or execution of purchase or sale agreements.,Koordinere due diligence-prosesser og forhandling eller gjennomføring av kjøps- og salgsavtaler.,manual 2026-09-07
write sales outlines for use by staff.,Skrive salgsopplegg til bruk for de ansatte.,manual 2026-09-07
participate in the work of subordinates to facilitate productivity or to overcome difficult aspects of work.,Delta i underordnedes arbeid for å øke produktiviteten eller løse vanskelige oppgaver.,manual 2026-09-07
resolve customer complaints or answer customers' questions regarding policies and procedures.,Håndtere kundeklager og besvare kundenes spørsmål om retningslinjer og rutiner.,manual 2026-09-07
"coordinate or perform activities associated with shipping, receiving, distribution, or transportation.","Koordinere eller utføre oppgaver knyttet til forsendelse, varemottak, distribusjon og transport.",manual 2026-09-07
provide employees with guidance in handling difficult or complex problems or in resolving escalated complaints or disputes.,Veilede ansatte i håndtering av vanskelige eller sammensatte problemer og i løsning av eskalerte klager og tvister.,manual 2026-09-07
"research, compile, and prepare reports, manuals, correspondence, or other information required by management or governmental agencies.","Undersøke, sammenstille og utarbeide rapporter, håndbøker, korrespondanse og annen informasjon som ledelsen eller offentlige myndigheter krever.",manual 2026-09-07
"recruit, interview, and select employees.","Rekruttere, intervjue og velge ut ansatte.",manual 2026-09-07
"prepare and issue work schedules, deadlines, and duty assignments for office or administrative staff.","Utarbeide og fordele arbeidsplaner, frister og oppgaver for kontor- og administrasjonspersonale.",manual 2026-09-07
evaluate employees' job performance and conformance to regulations and recommend appropriate personnel action.,"Vurdere ansattes arbeidsprestasjoner og etterlevelse av regelverk, og anbefale egnede personaltiltak.",manual 2026-09-07
schedule and make appointments.,Planlegge og avtale møter.,manual 2026-09-07
prepare and distribute invoices to bill clients or pay account expenses.,Utarbeide og sende ut fakturaer for å fakturere kunder eller betale utgifter.,manual 2026-09-07
review legal publications and perform database searches to identify laws and court decisions relevant to pending cases.,Gjennomgå juridiske publikasjoner og søke i databaser for å finne lover og rettsavgjørelser som er relevante for pågående saker.,manual 2026-09-07
"conduct research, compile data, and prepare papers for consideration and presentation by executives, committees, and boards of directors.","Utrede, sammenstille data og utarbeide saksdokumenter til behandling og presentasjon for ledelse, utvalg og styrer.",manual 2026-09-07
transcribe recorded proceedings in accordance with established formats.,Transkribere opptak av forhandlinger etter fastsatte maler.,manual 2026-09-07
record symbols on computer storage media and use computer aided transcription to translate and display them as text.,Registrere stenografitegn på datamedier og bruke datastøttet transkripsjon for å omsette og vise dem som tekst.,manual 2026-09-07
"prepare invoices, reports, memos, letters, financial statements, and other documents, using word processing, spreadsheet, database, or presentation software.","Utarbeide fakturaer, rapporter, notater, brev, regnskap og andre dokumenter med tekstbehandling, regneark, database- eller presentasjonsprogrammer.",manual 2026-09-07
prepare responses to correspondence containing routine inquiries.,Utarbeide svar på rutinemessige henvendelser.,manual 2026-09-07
"review operating practices and procedures to determine whether improvements can be made in areas such as workflow, reporting procedures, or expenditures.","Gjennomgå arbeidsmåter og rutiner for å finne mulige forbedringer i for eksempel arbeidsflyt, rapportering eller utgifter.",manual 2026-09-07
"open, sort, and distribute incoming correspondence, including faxes and email.","Åpne, sortere og fordele innkommende post, inkludert faks og e-post.",manual 2026-09-07
make travel arrangements for executives.,Ordne reiser for ledere.,manual 2026-09-07
"read and analyze incoming memos, submissions, and reports to determine their significance and plan their distribution.","Lese og vurdere innkommende notater, innspill og rapporter for å avgjøre hvor viktige de er og planlegge fordelingen av dem.",manual 2026-09-07
attend meetings to record minutes.,Delta i møter for å føre referat.,manual 2026-09-07
"examine records, reports, or other documents to establish facts or detect discrepancies.","Gjennomgå registre, rapporter og andre dokumenter for å fastslå fakta eller avdekke avvik.",manual 2026-09-07
record facts to prepare reports that document incidents and activities.,Registrere fakta for å utarbeide rapporter som dokumenterer hendelser og aktiviteter.,manual 2026-09-07
"prepare reports of activities, evaluations, recommendations, or decisions.","Utarbeide rapporter om aktiviteter, vurderinger, anbefalinger eller vedtak.",manual 2026-09-07
interpret regulatory rules or rule changes and ensure that they are communicated through corporate policies and procedures.,"Tolke regelverk og regelendringer, og sørge for at de formidles gjennom selskapets retningslinjer og rutiner.",manual 2026-09-07
"provide information, technical assistance, or training to supervisors, managers, or employees on topics such as employee supervision, hiring, grievance procedures, or staff development.","Gi informasjon, faglig bistand og opplæring til ledere og ansatte om temaer som personalledelse, ansettelser, klagebehandling og kompetanseutvikling.",manual 2026-09-07
"prepare responses to customer requests for information, such as product data, written regulatory affairs statements, surveys, or questionnaires.","Utarbeide svar på kundeforespørsler om informasjon, som produktdata, skriftlige regulatoriske uttalelser, undersøkelser og spørreskjemaer.",manual 2026-09-07
analyze product complaints and make recommendations regarding their reportability.,Analysere produktklager og gi anbefalinger om hvorvidt de er meldepliktige.,manual 2026-09-07
review clinical protocols to ensure collection of data needed for regulatory submissions.,Gjennomgå kliniske protokoller for å sikre at data som trengs til myndighetssøknader blir samlet inn.,manual 2026-09-07
provide road information to assist motorists.,Gi veiinformasjon til bilister.,manual 2026-09-07
"obtain and distribute updated information regarding domestic or international laws, guidelines, or standards.","Innhente og formidle oppdatert informasjon om nasjonale og internasjonale lover, retningslinjer og standarder.",manual 2026-09-07
compile and maintain regulatory documentation databases or systems.,Bygge opp og vedlikeholde databaser eller systemer for regulatorisk dokumentasjon.,manual 2026-09-07
review facts of incidents to determine if criminal act or statute violations were involved.,Gjennomgå fakta i hendelser for å avgjøre om det foreligger straffbare handlinger eller lovbrudd.,manual 2026-09-07
"maintain knowledge of tax code changes, and of accounting procedures and theory to properly evaluate financial information.",Holde seg oppdatert på endringer i skattereglene og på regnskapspraksis og -teori for å kunne vurdere finansiell informasjon riktig.,manual 2026-09-07
"compile, record, and evaluate personal and financial data to verify completeness and accuracy, and to determine eligibility status.","Samle inn, registrere og vurdere person- og økonomiopplysninger for å kontrollere at de er fullstendige og riktige, og avgjøre om vilkårene er oppfylt.",manual 2026-09-07
answer applicants' questions about benefits and claim procedures.,Besvare søkeres spørsmål om ytelser og søknadsprosedyrer.,manual 2026-09-07
"refer applicants to job openings or to interviews with other staff, in accordance with administrative guidelines or office procedures.",Henvise søkere til ledige stillinger eller til samtaler med andre ansatte i tråd med administrative retningslinjer og kontorrutiner.,manual 2026-09-07
provide applicants with assistance in completing application forms such as those for job referrals or unemployment compensation claims.,"Hjelpe søkere med å fylle ut skjemaer, som søknader om jobbformidling eller dagpenger.",manual 2026-09-07
prepare meeting agendas or packets of related information.,Utarbeide sakslister og saksdokumenter til møter.,manual 2026-09-07
"update operational records or licensing information, using computer terminals.",Oppdatere driftsregistre eller lisensopplysninger på datamaskin.,manual 2026-09-07
examine legal documents submitted to courts for adherence to laws or court procedures.,"Kontrollere at rettsdokumenter som sendes inn til domstolene, oppfyller lovkrav og prosessregler.",manual 2026-09-07
"conduct and score oral, visual, written, or performance tests to determine applicant qualifications and notify applicants of their scores.","Gjennomføre og vurdere muntlige, visuelle, skriftlige eller praktiske prøver for å fastslå søkernes kvalifikasjoner, og meddele resultatene.",manual 2026-09-07
coordinate or maintain office tracking systems for correspondence or follow-up actions.,Koordinere eller vedlikeholde kontorets systemer for oppfølging av korrespondanse og tiltak.,manual 2026-09-07
"prepare comprehensive written reports, presentations, maps, or charts based on research, collection, and analysis of intelligence data.","Utarbeide omfattende skriftlige rapporter, presentasjoner, kart eller diagrammer basert på innsamling og analyse av etterretningsdata.",manual 2026-09-07
"gather intelligence information by field observation, confidential information sources, or public records.","Innhente etterretningsinformasjon gjennom observasjon i felt, fortrolige kilder og offentlige registre.",manual 2026-09-07
"manage security programs designed to protect personnel, facilities, and information.","Lede sikkerhetsprogrammer som skal beskytte personell, anlegg og informasjon.",manual 2026-09-07
"design, use, or maintain databases and software applications, such as geographic information systems (gis) mapping and artificial intelligence tools.","Utforme, bruke og vedlikeholde databaser og programvare, som geografiske informasjonssystemer (GIS) og KI-verktøy.",manual 2026-09-07
"examine immigration applications, visas, and passports and interview persons to determine eligibility for admission, residence, and travel in the u.s.","Kontrollere innvandringssøknader, visum og pass, og intervjue personer for å avgjøre om de har rett til innreise, opphold og reise i USA.",manual 2026-09-07
"gather, analyze, correlate, or evaluate information from a variety of resources, such as law enforcement databases.","Innhente, analysere, sammenstille og vurdere informasjon fra ulike kilder, som politiets databaser.",manual 2026-09-07
analyze completed police reports to determine what additional information and investigative work is needed.,Analysere ferdige politirapporter for å avgjøre hvilken tilleggsinformasjon og etterforskning som trengs.,manual 2026-09-07
"develop defense plans or tactics, using intelligence and other information.",Utarbeide forsvarsplaner eller taktikk basert på etterretning og annen informasjon.,manual 2026-09-07
"operate cameras, radios, or other surveillance equipment to intercept communications or document activities.","Betjene kameraer, radioer og annet overvåkingsutstyr for å avlytte kommunikasjon eller dokumentere aktiviteter.",manual 2026-09-07
examine records to locate links in chains of evidence or information.,Gjennomgå dokumenter for å finne sammenhenger i bevis- eller informasjonskjeder.,manual 2026-09-07
"summarize pertinent legal or insurance details, or sections of statutes or case law from reference books so that they can be used in examinations, or as proofs or ready reference.","Sammenfatte relevante juridiske eller forsikringsmessige opplysninger, lovbestemmelser og rettspraksis fra oppslagsverk til bruk i avhør, som bevis eller som oppslag.",manual 2026-09-07
"copy or summarize recorded documents, such as mortgages, trust deeds, and contracts, that affect property titles.","Kopiere eller sammenfatte tinglyste dokumenter som pantedokumenter, skjøter og kontrakter som påvirker eiendomsretten.",manual 2026-09-07
"gather and analyze research data, such as statutes, decisions, and legal articles, codes, and documents.","Samle inn og analysere rettskilder som lover, rettsavgjørelser, juridiske artikler, forskrifter og dokumenter.",manual 2026-09-07
"prepare real estate closing statements, using knowledge and expertise in real estate procedures.",Utarbeide oppgjørsoppstillinger for eiendomshandler ved hjelp av kunnskap om eiendomsoppgjør.,manual 2026-09-07
"obtain and analyze information on suspects, crimes, or disturbances to solve cases, to identify criminal activity, or to gather information for court cases.","Innhente og analysere informasjon om mistenkte, lovbrudd og ordensforstyrrelser for å oppklare saker, avdekke kriminell aktivitet eller samle bevis til rettssaker.",manual 2026-09-07
enter into record-keeping systems appropriate data needed to create new title records or update existing ones.,Registrere nødvendige opplysninger i registersystemer for å opprette nye eller oppdatere eksisterende hjemmelsregistre.,manual 2026-09-07
"review complaints, petitions, motions, or pleadings that have been filed to determine issues involved or basis for relief.","Gjennomgå innleverte stevninger, begjæringer, prosesskriv og tilsvar for å klarlegge tvistetemaene og grunnlaget for kravet.",manual 2026-09-07
"research laws, court decisions, documents, opinions, briefs, or other information related to cases before the court.","Undersøke lover, rettsavgjørelser, dokumenter, betenkninger, prosesskriv og annen informasjon knyttet til saker for retten.",manual 2026-09-07
"assess performance following athletic competition, identifying strengths and weaknesses and making adjustments to improve future performance.","Vurdere prestasjonen etter konkurranser, finne styrker og svakheter og gjøre justeringer for å forbedre fremtidige prestasjoner.",manual 2026-09-07
"plan, organize, and conduct practice sessions.","Planlegge, organisere og lede treningsøkter.",manual 2026-09-07
respond to customer inquiries or complaints.,Besvare henvendelser og klager fra kunder.,manual 2026-09-07
apply customer feedback to service improvement efforts.,Bruke tilbakemeldinger fra kunder til å forbedre tjenestene.,manual 2026-09-07
develop or implement marketing strategies.,Utvikle eller gjennomføre markedsstrategier.,manual 2026-09-07
"perform general administrative tasks, such as keeping records or writing reports.",Utføre alminnelige administrative oppgaver som å føre registre og skrive rapporter.,manual 2026-09-07
resolve customer complaints regarding worker performance or services rendered.,Håndtere kundeklager på ansattes arbeid eller utførte tjenester.,manual 2026-09-07
maintain client databases.,Vedlikeholde kundedatabaser.,manual 2026-09-07
furnish customers with information on events or activities.,Gi kunder informasjon om arrangementer og aktiviteter.,manual 2026-09-07
plan or direct spa services and programs.,Planlegge eller lede spatjenester og -programmer.,manual 2026-09-07
"manipulate and enhance scanned or digital images to create desired effects, using computers and specialized software.","Bearbeide og forbedre skannede eller digitale bilder for å oppnå ønskede effekter, ved hjelp av datamaskin og spesialprogramvare.",manual 2026-09-07
"determine desired images and picture composition, selecting and adjusting subjects, equipment, and lighting to achieve desired effects.","Bestemme ønsket motiv og bildekomposisjon, og velge og justere motiv, utstyr og lys for å oppnå ønskede effekter.",manual 2026-09-07
review sets of photographs to select the best work.,Gå gjennom bildeserier for å velge ut de beste bildene.,manual 2026-09-07
"transfer photographs to computers for editing, archiving, and electronic transmission.","Overføre fotografier til datamaskin for redigering, arkivering og elektronisk forsendelse.",manual 2026-09-07
examine objects to be included in exhibits in order to plan where and how to display them.,Undersøke gjenstander som skal inngå i utstillinger for å planlegge hvor og hvordan de skal vises.,manual 2026-09-07
retrieve information from central databases for storage in a library's computer.,Hente informasjon fra sentrale databaser for lagring i bibliotekets datasystem.,manual 2026-09-07
"conduct reference searches, using printed materials and in-house and online databases.","Utføre referansesøk i trykte kilder, interne databaser og nettdatabaser.",manual 2026-09-07
compile bibliographies and prepare abstracts on subjects of interest to particular organizations or groups.,Utarbeide bibliografier og sammendrag om emner som er relevante for bestemte organisasjoner eller grupper.,manual 2026-09-07
compose explanatory summaries of contents of books and other reference materials.,Skrive forklarende sammendrag av innholdet i bøker og annet referansemateriale.,manual 2026-09-07
photograph objects for documentation.,Fotografere gjenstander for dokumentasjon.,manual 2026-09-07
"estimate amounts and costs of required supplies, such as food and ingredients.","Anslå mengder og kostnader for nødvendige varer, som mat og ingredienser.",manual 2026-09-07
help programmers and systems analysts test and debug new programs.,Hjelpe programmerere og systemanalytikere med å teste og feilsøke nye programmer.,manual 2026-09-07
"record information such as computer operating time, problems that occurred, and actions taken.","Registrere opplysninger som driftstid, problemer som oppstod og tiltak som ble gjort.",manual 2026-09-07
respond to program error messages by finding and correcting problems or terminating the program.,Håndtere feilmeldinger fra programmer ved å finne og rette feilen eller avslutte programmet.,manual 2026-09-07
"retrieve, separate and sort program output as needed, and send data to specified users.","Hente ut, dele opp og sortere programutdata ved behov, og sende data til angitte brukere.",manual 2026-09-07
operate spreadsheet programs and other types of software to load and manipulate data and to produce reports.,Bruke regneark og annen programvare for å laste inn og bearbeide data og lage rapporter.,manual 2026-09-07
notify supervisor or computer maintenance technicians of equipment malfunctions.,Varsle overordnet eller driftsteknikere om utstyrsfeil.,manual 2026-09-07
modify and customize commercial programs for internal needs.,Endre og tilpasse kommersiell programvare til interne behov.,manual 2026-09-07
"install and perform minor repairs to hardware, software, or peripheral equipment, following design or installation specifications.","Installere og utføre mindre reparasjoner på maskinvare, programvare og tilleggsutstyr etter spesifikasjoner.",manual 2026-09-07
enter commands and observe system functioning to verify correct operations and detect errors.,Skrive inn kommandoer og observere hvordan systemet fungerer for å kontrollere driften og oppdage feil.,manual 2026-09-07
"confer with staff, users, and management to establish requirements for new systems or modifications.","Rådføre seg med ansatte, brukere og ledelse for å fastsette krav til nye systemer eller endringer.",manual 2026-09-07
analyze and report computer network security breaches or attempted breaches.,Analysere og rapportere sikkerhetsbrudd og forsøk på sikkerhetsbrudd i datanettverk.,manual 2026-09-07
troubleshoot network or connectivity problems for users or user groups.,Feilsøke nettverks- og tilkoblingsproblemer for brukere og brukergrupper.,manual 2026-09-07
configure security settings or access permissions for groups or individuals.,Konfigurere sikkerhetsinnstillinger og tilgangsrettigheter for grupper og enkeltpersoner.,manual 2026-09-07
research hardware or software products to meet technical networking or security needs.,Undersøke maskin- og programvareprodukter som dekker tekniske nettverks- eller sikkerhetsbehov.,manual 2026-09-07
document help desk requests and resolutions.,Dokumentere brukerstøttehenvendelser og løsninger.,manual 2026-09-07
"monitor industry websites or publications for information about patches, releases, viruses, or potential problem identification.","Følge med på bransjenettsteder og publikasjoner for informasjon om oppdateringer, nye versjoner, virus og mulige problemer.",manual 2026-09-07
"analyze network data to determine network usage, disk space availability, or server function.","Analysere nettverksdata for å fastslå nettverksbruk, ledig diskplass og serverfunksjon.",manual 2026-09-07
maintain logs of network activity.,Føre logger over nettverksaktivitet.,manual 2026-09-07
"evaluate local area network (lan) or wide area network (wan) performance data to ensure sufficient availability or speed, to identify network problems, or for disaster recovery purposes.","Vurdere ytelsesdata for lokalnett (LAN) og fjernnett (WAN) for å sikre tilstrekkelig tilgjengelighet og hastighet, avdekke nettverksproblemer eller planlegge katastrofegjenoppretting.",manual 2026-09-07
"compose and frame each shot, applying the technical aspects of light, lenses, film, filters, and camera settings to achieve the effects sought by directors.","Komponere og ramme inn hvert bilde, og bruke lys, objektiver, film, filtre og kamerainnstillinger for å oppnå effektene regissøren ønsker.",manual 2026-09-07
"edit video for broadcast productions, including non-linear editing.","Redigere video for kringkastingsproduksjoner, inkludert ikke-lineær redigering.",manual 2026-09-07
direct studio productions.,Regissere studioproduksjoner.,manual 2026-09-07
"prepare reports outlining past and future programs, including content.","Utarbeide rapporter om tidligere og kommende programmer, inkludert innhold.",manual 2026-09-07
edit videotapes by erasing and removing portions of programs and adding video or sound as required.,Redigere videoopptak ved å slette og fjerne deler av programmer og legge til bilde eller lyd etter behov.,manual 2026-09-07
"develop manuals, texts, workbooks, or related materials for use in conjunction with production materials or for training.","Utvikle håndbøker, tekster, arbeidsbøker og lignende materiell til bruk sammen med produksjonsmateriell eller i opplæring.",manual 2026-09-07
design graphics for studio productions.,Utforme grafikk til studioproduksjoner.,manual 2026-09-07
convert video and audio recordings into digital formats for editing or archiving.,Konvertere video- og lydopptak til digitale formater for redigering eller arkivering.,manual 2026-09-07
"confer with producers, performers, and others to determine and achieve the desired sound for a production, such as a musical recording or a film.","Samarbeide med produsenter, utøvere og andre for å bestemme og oppnå ønsket lyd i en produksjon, som en musikkinnspilling eller en film.",manual 2026-09-07
perform narration of productions or present announcements.,Lese inn fortellerstemme til produksjoner eller presentere kunngjøringer.,manual 2026-09-07
label and record contents of exposed film and note details on report forms.,"Merke og registrere innholdet på eksponert film, og notere detaljer på rapportskjemaer.",manual 2026-09-07
"troubleshoot problems involving office equipment, such as computer hardware and software.","Feilsøke problemer med kontorutstyr, som maskinvare og programvare.",manual 2026-09-07
"process and prepare documents, such as business or government forms and expense reports.",Behandle og utarbeide dokumenter som forretnings- og myndighetsskjemaer og reiseregninger.,manual 2026-09-07
"review files, records, and other documents to obtain information to respond to requests.","Gjennomgå saksmapper, registre og andre dokumenter for å finne informasjon til å besvare henvendelser.",manual 2026-09-07
"track the status of requisitions, contracts, and orders.","Følge opp status for rekvisisjoner, kontrakter og ordrer.",manual 2026-09-07
"prepare, maintain, and review purchasing files, reports and price lists.","Utarbeide, vedlikeholde og gjennomgå innkjøpsmapper, rapporter og prislister.",manual 2026-09-07
"compile, copy, sort, and file records of office activities, business transactions, and other activities.","Samle, kopiere, sortere og arkivere dokumentasjon av kontoraktiviteter, forretningstransaksjoner og andre aktiviteter.",manual 2026-09-07
"complete work schedules, manage calendars, and arrange appointments.","Sette opp arbeidsplaner, føre kalendere og avtale møter.",manual 2026-09-07
"respond to customer and supplier inquiries about order status, changes, or cancellations.","Besvare henvendelser fra kunder og leverandører om ordrestatus, endringer eller kanselleringer.",manual 2026-09-07
compare suppliers' bills with bids and purchase orders to verify accuracy.,Sammenligne leverandørfakturaer med tilbud og innkjøpsordrer for å kontrollere at de stemmer.,manual 2026-09-07
"prepare meeting agendas, attend meetings, and record and transcribe minutes.","Utarbeide møteagendaer, delta på møter og føre og renskrive referater.",manual 2026-09-07
"locate suppliers, using sources such as catalogs and the internet, and interview them to gather information about products to be ordered.","Finne leverandører via kilder som kataloger og internett, og intervjue dem for å innhente informasjon om produkter som skal bestilles.",manual 2026-09-07
"compare prices, specifications, and delivery dates to determine the best bid among potential suppliers.","Sammenligne priser, spesifikasjoner og leveringsdatoer for å finne det beste tilbudet blant aktuelle leverandører.",manual 2026-09-07
"reformat documents, moving paragraphs or columns.",Omformatere dokumenter ved å flytte avsnitt eller kolonner.,manual 2026-09-07
"search for specific sets of stored, typed characters to make changes.",Søke etter bestemte tegnstrenger i lagret tekst for å gjøre endringer.,manual 2026-09-07
"use data entry devices, such as optical scanners, to input data into computers for revision or editing.",Bruke dataregistreringsutstyr som optiske skannere til å legge inn data i datamaskiner for revisjon eller redigering.,manual 2026-09-07
"file and store completed documents on computer hard drive or disk, or maintain a computer filing system to store, retrieve, update and delete documents.","Arkivere og lagre ferdige dokumenter på harddisk eller disk, eller vedlikeholde et elektronisk arkivsystem for å lagre, hente, oppdatere og slette dokumenter.",manual 2026-09-07
"electronically sort and compile text and numerical data, retrieving, updating, and merging documents as required.","Sortere og sammenstille tekst og tallmateriale elektronisk, og hente, oppdatere og slå sammen dokumenter etter behov.",manual 2026-09-07
"type correspondence, reports, text and other written material from rough drafts, corrected copies, voice recordings, dictation or previous versions, using a computer, word processor, or typewriter.","Skrive korrespondanse, rapporter, tekst og annet skriftlig materiale ut fra utkast, korrigerte kopier, lydopptak, diktat eller tidligere versjoner, ved hjelp av datamaskin, tekstbehandler eller skrivemaskin.",manual 2026-09-07
"check completed work for spelling, grammar, punctuation, and format.","Kontrollere ferdig arbeid for stavefeil, grammatikk, tegnsetting og format.",manual 2026-09-07
"compile, sort and verify the accuracy of data before it is entered.","Samle, sortere og kontrollere at data er korrekte før de registreres.",manual 2026-09-07
"read source documents such as canceled checks, sales reports, or bills, and enter data in specific data fields or onto tapes or disks for subsequent entry, using keyboards or scanners.","Lese kildedokumenter som innløste sjekker, salgsrapporter eller fakturaer, og registrere data i bestemte datafelt eller på bånd eller disker for senere innlesing, ved hjelp av tastatur eller skanner.",manual 2026-09-07
provide customers with information about casino operations.,Gi kunder informasjon om kasinoets drift.,manual 2026-09-07
"prepare reports, including assignment of company funds or recording of department revenues.","Utarbeide rapporter, blant annet om fordeling av selskapets midler og føring av avdelingens inntekter.",manual 2026-09-07
"explain and interpret house rules, such as game rules or betting limits, for patrons.","Forklare og tolke husets regler, som spilleregler og innsatsgrenser, for gjestene.",manual 2026-09-07
answer questions about game rules and casino policies.,Svare på spørsmål om spilleregler og kasinoets retningslinjer.,manual 2026-09-07
establish new computer accounts.,Opprette nye brukerkontoer.,manual 2026-09-07
answer questions about game rules or casino policies.,Svare på spørsmål om spilleregler eller kasinoets retningslinjer.,manual 2026-09-07
"monitor game operations to ensure that house rules are followed, that tribal, state, and federal regulations are adhered to, and that employees provide prompt and courteous service.","Overvåke spillvirksomheten for å sikre at husets regler følges, at stamme-, delstats- og føderale bestemmelser overholdes, og at de ansatte gir rask og høflig service.",manual 2026-09-07
"locate and notify customers of delinquent accounts by mail, telephone, or personal visits to solicit payment.","Oppspore og varsle kunder med forfalte krav per post, telefon eller personlig besøk for å kreve inn betaling.",manual 2026-09-07
record information about financial status of customers and status of collection efforts.,Registrere opplysninger om kundenes økonomiske situasjon og status for inndrivingen.,manual 2026-09-07
"conduct research to identify the goals, net worth, history of charitable donations, or other data related to potential donors, potential investors, or general donor markets.","Kartlegge mål, formue, tidligere gaver og andre opplysninger om potensielle givere, investorer eller givermarkeder generelt.",manual 2026-09-07
advise customers of necessary actions and strategies for debt repayment.,Gi kunder råd om nødvendige tiltak og strategier for nedbetaling av gjeld.,manual 2026-09-07
"confer with customers by telephone or in person to determine reasons for overdue payments and to review the terms of sales, service, or credit contracts.","Snakke med kunder per telefon eller ansikt til ansikt for å avklare årsaken til forsinket betaling og gjennomgå vilkårene i salgs-, service- eller kredittavtaler.",manual 2026-09-07
secure commitments of participation or donation from individuals or corporate donors.,Sikre tilsagn om deltakelse eller gaver fra privatpersoner eller bedriftsgivere.,manual 2026-09-07
develop and maintain media contact lists.,Bygge opp og vedlikeholde lister over mediekontakter.,manual 2026-09-07
"arrange for debt repayment or establish repayment schedules, based on customers' financial situations.",Avtale nedbetaling av gjeld eller sette opp nedbetalingsplaner ut fra kundenes økonomiske situasjon.,manual 2026-09-07
"locate and monitor overdue accounts, using computers and a variety of automated systems.",Finne og følge opp forfalte krav ved hjelp av datamaskiner og ulike automatiserte systemer.,manual 2026-09-07
"write speeches, press releases, or other promotional materials to increase awareness of the causes, missions, or goals of organizations seeking funds.","Skrive taler, pressemeldinger og annet informasjonsmateriell for å øke kjennskapen til sakene, formålene og målene til organisasjoner som samler inn midler.",manual 2026-09-07
monitor progress of fundraising drives.,Følge fremdriften i innsamlingsaksjoner.,manual 2026-09-07
"answer inquiries regarding information such as schedules, accommodations, procedures, and policies.","Besvare henvendelser om blant annet rutetider, overnatting, rutiner og retningslinjer.",manual 2026-09-07
"provide customers with travel suggestions and information sources, such as guides, directories, brochures, and maps.","Gi kunder reiseforslag og informasjonskilder som reisehåndbøker, kataloger, brosjyrer og kart.",manual 2026-09-07
"make and confirm reservations for transportation and accommodations, using telephones, faxes, mail, and computers.","Bestille og bekrefte reservasjoner for transport og overnatting per telefon, faks, post og datamaskin.",manual 2026-09-07
"plan, describe, arrange, and sell itinerary tour packages and promotional travel incentives offered by various travel carriers.","Planlegge, beskrive, tilrettelegge og selge pakkereiser og kampanjetilbud fra ulike reiseselskaper.",manual 2026-09-07
"provide customer with brochures and publications containing travel information, such as local customs, points of interest, or foreign country regulations.","Gi kunden brosjyrer og publikasjoner med reiseinformasjon, som lokale skikker, severdigheter og regler i utlandet.",manual 2026-09-07
"plan routes, itineraries, and accommodation details, and compute fares and fees, using schedules, rate books, and computers.","Planlegge reiseruter, reiseplaner og overnatting, og beregne billettpriser og gebyrer ved hjelp av rutetabeller, prislister og datamaskin.",manual 2026-09-07
"converse with customer to determine destination, mode of transportation, travel dates, financial considerations, and accommodations required.","Snakke med kunden for å avklare reisemål, transportmiddel, reisedatoer, økonomiske rammer og behov for overnatting.",manual 2026-09-07
confer with customers to determine their service requirements and travel preferences.,Snakke med kunder for å avklare deres behov og reisepreferanser.,manual 2026-09-07
"book transportation and hotel reservations, using computer terminal or telephone.",Bestille transport og hotell via dataterminal eller telefon.,manual 2026-09-07
"keep records of customer interactions or transactions, recording details of inquiries, complaints, or comments, as well as actions taken.","Føre logg over kundekontakt og transaksjoner, med detaljer om henvendelser, klager og kommentarer samt tiltak som er gjort.",manual 2026-09-07
"confer with customers by telephone or in person to provide information about products or services, take or enter orders, cancel accounts, or obtain details of complaints.","Snakke med kunder per telefon eller ansikt til ansikt for å informere om produkter eller tjenester, ta imot eller registrere ordrer, avslutte kontoer eller innhente detaljer om klager.",manual 2026-09-07
analyze data to determine answers to questions from customers or members of the public.,Analysere data for å finne svar på spørsmål fra kunder eller publikum.,manual 2026-09-07
"resolve customers' service or billing complaints by performing activities such as exchanging merchandise, refunding money, or adjusting bills.","Løse kunders klager på service eller fakturering, for eksempel ved å bytte varer, refundere penger eller korrigere fakturaer.",manual 2026-09-07
schedule appointments and maintain and update appointment calendars.,Avtale timer og føre og oppdatere timebøker.,manual 2026-09-07
"operate telephone switchboard to answer, screen, or forward calls, providing information, taking messages, or scheduling appointments.","Betjene sentralbord for å besvare, sile eller viderekoble samtaler, gi informasjon, ta imot beskjeder eller avtale timer.",manual 2026-09-07
refer unresolved customer grievances to designated departments for further investigation.,Henvise uløste kundeklager til rette avdeling for videre behandling.,manual 2026-09-07
solicit sales of new or additional services or products.,Selge inn nye eller ekstra tjenester eller produkter.,manual 2026-09-07
"explain policies, procedures, or services to patients using medical or administrative knowledge.","Forklare retningslinjer, rutiner eller tjenester for pasienter ved hjelp av medisinsk eller administrativ kunnskap.",manual 2026-09-07
"process and prepare memos, correspondence, travel vouchers, or other documents.","Behandle og utarbeide notater, korrespondanse, reiseregninger og andre dokumenter.",manual 2026-09-07
"transmit information or documents to customers, using computer, mail, or facsimile machine.","Sende informasjon eller dokumenter til kunder via datamaskin, post eller telefaks.",manual 2026-09-07
"develop and distribute newsletters, brochures, or other printed materials to share information with patients or medical staff.","Utarbeide og distribuere nyhetsbrev, brosjyrer og annet trykt materiell for å informere pasienter eller helsepersonell.",manual 2026-09-07
refer patients to appropriate health care services or resources.,Henvise pasienter til egnede helsetjenester eller ressurser.,manual 2026-09-07
investigate and direct patient inquiries or complaints to appropriate medical staff members and follow up to ensure satisfactory resolution.,"Undersøke henvendelser og klager fra pasienter, videreformidle dem til rett helsepersonell og følge opp for å sikre en tilfredsstillende løsning.",manual 2026-09-07
contact customers to respond to inquiries or to notify them of claim investigation results or any planned adjustments.,Kontakte kunder for å besvare henvendelser eller informere om resultatet av skadebehandlingen og eventuelle planlagte justeringer.,manual 2026-09-07
"record messages, suggesting rewording for clarity or conciseness.",Notere beskjeder og foreslå omformuleringer for å gjøre dem klarere eller kortere.,manual 2026-09-07
"answer incoming calls, greeting callers, providing information, transferring calls or taking messages as necessary.","Besvare innkommende samtaler, hilse på innringere, gi informasjon, sette over samtaler eller ta imot beskjeder etter behov.",manual 2026-09-07
"operate communication systems, such as telephone, switchboard, intercom, two-way radio, or public address.","Betjene kommunikasjonssystemer som telefon, sentralbord, callinganlegg, sambandsradio og høyttaleranlegg.",manual 2026-09-07
"perform administrative tasks, such as accepting orders, scheduling appointments or meeting rooms, or sending and receiving faxes.","Utføre administrative oppgaver som å ta imot bestillinger, avtale timer eller booke møterom, og sende og motta faks.",manual 2026-09-07
monitor alarm systems to ensure that secure conditions are maintained.,Overvåke alarmsystemer for å sikre at sikkerheten opprettholdes.,manual 2026-09-07
"perform various data entry or word processing tasks, such as updating phone directories, typing or proofreading documents, or creating schedules.","Utføre ulike dataregistrerings- og tekstbehandlingsoppgaver, som å oppdatere telefonlister, skrive eller korrekturlese dokumenter og lage timeplaner.",manual 2026-09-07
"perform clerical duties such as typing, proofreading, and sorting mail.","Utføre kontoroppgaver som skriving, korrekturlesing og postsortering.",manual 2026-09-07
keep records of calls placed and charges incurred.,Føre oversikt over oppringte samtaler og påløpte kostnader.,manual 2026-09-07
update directory information.,Oppdatere katalogopplysninger.,manual 2026-09-07
"answer inquiries pertaining to hotel services, guest registration, and travel directions, or make recommendations regarding shopping, dining, or entertainment.","Besvare spørsmål om hotellets tjenester, innsjekking og veibeskrivelser, eller gi anbefalinger om shopping, spisesteder og underholdning.",manual 2026-09-07
make and confirm reservations.,Bestille og bekrefte reservasjoner.,manual 2026-09-07
"make reservations for patrons, such as for dinner, spa treatments, or golf tee times, and obtain tickets to special events.","Bestille for gjestene, for eksempel bord til middag, spabehandlinger eller starttider på golfbanen, og skaffe billetter til spesielle arrangementer.",manual 2026-09-07
"arrange tours, taxis, or restaurant reservations for customers.","Ordne utflukter, drosje eller bordbestilling for kunder.",manual 2026-09-07
"keep records of room availability and guests' accounts, manually or using computers.","Føre oversikt over ledige rom og gjestenes regninger, manuelt eller på datamaskin.",manual 2026-09-07
"record guest comments or complaints, referring customers to managers as necessary.","Registrere gjestenes kommentarer og klager, og henvise til ledelsen ved behov.",manual 2026-09-07
"gather records pertinent to specific problems, review them for completeness and accuracy, and attach records to correspondence as necessary.","Hente frem dokumentasjon knyttet til bestemte saker, kontrollere at den er fullstendig og korrekt, og legge den ved korrespondansen ved behov.",manual 2026-09-07
complete form letters in response to requests or problems identified by correspondence.,Fylle ut standardbrev som svar på forespørsler eller problemer som er tatt opp i korrespondanse.,manual 2026-09-07
read incoming correspondence to ascertain nature of writers' concerns and to determine disposition of correspondence.,"Lese innkommende post for å fastslå hva avsenderen tar opp, og avgjøre hvordan henvendelsen skal håndteres.",manual 2026-09-07
"compose letters in reply to correspondence concerning such items as requests for merchandise, damage claims, credit information requests, delinquent accounts, incorrect billing, or unsatisfactory service.","Skrive svarbrev på henvendelser om blant annet varebestillinger, skadekrav, kredittopplysninger, forfalte krav, feilfakturering og mangelfull service.",manual 2026-09-07
"compile, record, and code results or data from interview or survey, using computer or specified form.","Samle, registrere og kode resultater eller data fra intervjuer eller spørreundersøkelser, på datamaskin eller i angitt skjema.",manual 2026-09-07
identify and report problems in obtaining valid data.,Identifisere og rapportere problemer med å innhente gyldige data.,manual 2026-09-07
"ask questions in accordance with instructions to obtain various specified information, such as person's name, address, age, religious preference, or state of residency.","Stille spørsmål etter instruks for å innhente bestemte opplysninger, som navn, adresse, alder, religiøs tilhørighet eller bostedsstat.",manual 2026-09-07
"collect and analyze data, such as studying old records, tallying the number of outpatients entering each day or week, or participating in federal, state, or local population surveys as a census enumerator.","Samle inn og analysere data, for eksempel ved å gå gjennom gamle registre, telle antall polikliniske pasienter per dag eller uke, eller delta som teller i føderale, delstatlige eller lokale befolkningsundersøkelser.",manual 2026-09-07
monitor equipment to ensure proper operation.,Overvåke utstyr for å sikre at det fungerer som det skal.,manual 2026-09-07
"prepare itemized statements, bills, or invoices and record amounts due for items purchased or services rendered.","Utarbeide spesifiserte oppstillinger, regninger eller fakturaer, og registrere beløp som skal betales for kjøpte varer eller utførte tjenester.",manual 2026-09-07
"review documents such as purchase orders, sales tickets, charge slips, or hospital records to compute fees or charges due.","Gjennomgå dokumenter som innkjøpsordrer, salgskvitteringer, kredittkortkvitteringer eller sykehusjournaler for å beregne gebyrer eller beløp som skal betales.",manual 2026-09-07
verify accuracy of billing data and revise any errors.,"Kontrollere at faktureringsdata er korrekte, og rette eventuelle feil.",manual 2026-09-07
keep records of invoices and support documents.,Føre oversikt over fakturaer og underbilag.,manual 2026-09-07
contact customers to obtain or relay account information.,Kontakte kunder for å innhente eller formidle kontoopplysninger.,manual 2026-09-07
resolve discrepancies in accounting records.,Avklare avvik i regnskapet.,manual 2026-09-07
compare previously prepared bank statements with canceled checks and reconcile discrepancies.,Sammenligne tidligere utarbeidede kontoutskrifter med innløste sjekker og avstemme avvik.,manual 2026-09-07
"consult sources such as rate books, manuals, or insurance company representatives to determine specific charges or information such as rules, regulations, or government tax and tariff information.","Rådføre seg med kilder som prislister, håndbøker eller representanter for forsikringsselskaper for å fastslå konkrete gebyrer eller opplysninger om regler, forskrifter og offentlige skatte- og tollsatser.",manual 2026-09-07
enter claims information into database systems.,Registrere opplysninger om skadesaker i databasesystemer.,manual 2026-09-07
"document security transactions, such as purchases, sales, conversions, redemptions, or payments, using computers, accounting ledgers, or certificate records.","Dokumentere verdipapirtransaksjoner som kjøp, salg, konverteringer, innløsninger og utbetalinger, ved hjelp av datamaskiner, regnskapsbøker eller sertifikatregistre.",manual 2026-09-07
"receive charge slips or credit applications by mail, or receive information from salespeople or merchants by telephone.","Motta kredittkortkvitteringer eller kredittsøknader per post, eller motta opplysninger fra selgere eller forhandlere per telefon.",manual 2026-09-07
"assemble and compile documents for loan closings, such as title abstracts, insurance forms, loan forms, and tax receipts.","Samle og sette sammen dokumenter til låneoppgjør, som grunnboksutskrifter, forsikringsskjemaer, låneskjemaer og skattekvitteringer.",manual 2026-09-07
process and record new insurance policies and claims.,Behandle og registrere nye forsikringspoliser og skademeldinger.,manual 2026-09-07
interview loan applicants to obtain personal and financial data and to assist in completing applications.,Intervjue lånesøkere for å innhente personlige og økonomiske opplysninger og hjelpe dem med å fylle ut søknaden.,manual 2026-09-07
relay credit report information to subscribers by mail or by telephone.,Formidle kredittopplysninger til abonnenter per post eller telefon.,manual 2026-09-07
"organize and work with detailed office or warehouse records, maintaining files for each policyholder, including policies that are to be reinstated or cancelled.","Organisere og arbeide med detaljerte kontor- eller lagerregistre, og føre mapper for hver forsikringstaker, inkludert poliser som skal gjenopptas eller sies opp.",manual 2026-09-07
"examine letters from policyholders or agents, original insurance applications, and other company documents to determine if changes are needed and effects of changes.","Gjennomgå brev fra forsikringstakere eller agenter, opprinnelige forsikringssøknader og andre selskapsdokumenter for å avgjøre om endringer er nødvendige, og hvilke konsekvenser de får.",manual 2026-09-07
"verify ownership and transaction information and dividend distribution instructions to ensure conformance with governmental regulations, using stock records and reports.","Kontrollere eierskaps- og transaksjonsopplysninger og instrukser for utbytteutdeling opp mot offentlige bestemmelser, ved hjelp av aksjeregistre og rapporter.",manual 2026-09-07
"modify, update, and process existing policies and claims to reflect any change in beneficiary, amount of coverage, or type of insurance.","Endre, oppdatere og behandle eksisterende poliser og skadesaker ved endringer i begunstiget, dekningsbeløp eller forsikringstype.",manual 2026-09-07
"process, prepare, and submit business or government forms, such as submitting applications for coverage to insurance carriers.","Behandle, fylle ut og sende inn skjemaer til bedrifter eller myndigheter, for eksempel søknader om forsikringsdekning til forsikringsselskaper.",manual 2026-09-07
interview clients and take their calls to provide customer service and obtain information on claims.,Intervjue klienter og ta imot telefoner fra dem for å yte kundeservice og innhente opplysninger om skadesaker.,manual 2026-09-07
"compose business correspondence for supervisors, managers, and professionals.","Skrive forretningskorrespondanse for overordnede, ledere og fagpersoner.",manual 2026-09-07
transcribe data to worksheets and enter data into computer for use in preparing documents and adjusting accounts.,Overføre data til arbeidsark og registrere dem på datamaskin til bruk ved utarbeiding av dokumenter og justering av kontoer.,manual 2026-09-07
answer customers' questions about merchandise and advise customers on merchandise selection.,Svare på kunders spørsmål om varer og gi råd om valg av varer.,manual 2026-09-07
"weigh or measure materials, equipment, or products to maintain relevant records, using volume meters, scales, rules, or calipers.","Veie eller måle materialer, utstyr eller produkter for å føre nødvendige registre, ved hjelp av volummålere, vekter, linjaler eller skyvelærer.",manual 2026-09-07
"maintain financial records, such as accounts of daily collections and billings, and records of receipts issued.","Føre økonomiske registre, som oversikter over daglige innbetalinger og fakturering, og over utstedte kvitteringer.",manual 2026-09-07
"provide assistance or direction to other stockroom, warehouse, or storage yard workers.",Hjelpe eller veilede andre ansatte på lager eller lagerplass.,manual 2026-09-07
"advise retail customers or internal users on the appropriateness of parts, supplies, or materials requested.","Gi butikkunder eller interne brukere råd om hvorvidt ønskede deler, forbruksvarer eller materialer passer.",manual 2026-09-07
"prepare and maintain records and reports of inventories, price lists, shortages, shipments, expenditures, and goods used or issued.","Utarbeide og vedlikeholde registre og rapporter over beholdning, prislister, mangler, forsendelser, utgifter og varer som er brukt eller utlevert.",manual 2026-09-07
"examine documents, materials, or products and monitor work processes to assess completeness, accuracy, and conformance to standards and specifications.","Undersøke dokumenter, materialer eller produkter og overvåke arbeidsprosesser for å vurdere fullstendighet, nøyaktighet og samsvar med standarder og spesifikasjoner.",manual 2026-09-07
monitor personnel or equipment locations and utilization to coordinate service and schedules.,"Følge med på hvor personell og utstyr befinner seg og hvordan de brukes, for å koordinere tjenester og tidsplaner.",manual 2026-09-07
receive or prepare work orders.,Motta eller utarbeide arbeidsordrer.,manual 2026-09-07
classify and catalog items according to content and purpose.,Klassifisere og katalogisere materiale etter innhold og formål.,manual 2026-09-07
"locate library materials for patrons, including books, periodicals, tape cassettes, braille volumes, and pictures.","Finne frem bibliotekmateriale til brukerne, som bøker, tidsskrifter, lydkassetter, punktskriftbøker og bilder.",manual 2026-09-07
"perform accounting and bookkeeping activities, such as invoicing, maintaining financial records, budgeting, and handling cash.","Utføre regnskaps- og bokføringsoppgaver som fakturering, føring av økonomiske registre, budsjettering og kontanthåndtering.",manual 2026-09-07
call by telephone to deliver verbal messages.,Ringe for å overbringe muntlige beskjeder.,manual 2026-09-07
plan and follow the most efficient routes for delivering goods.,Planlegge og følge de mest effektive rutene for varelevering.,manual 2026-09-07
operate computer-controlled keyboards or voice recognition equipment to direct items according to established routing schemes.,Betjene datastyrte tastaturer eller talegjenkjenningsutstyr for å sortere forsendelser etter fastlagte ruteplaner.,manual 2026-09-07
"mark copy to indicate and correct errors in type, arrangement, grammar, punctuation, or spelling, using standard printers' marks.","Markere feil i sats, oppsett, grammatikk, tegnsetting eller stavemåte i manus med standard korrekturtegn.",manual 2026-09-07
"input data, such as file numbers, new or updated information, or document information codes into computer systems to support document and information retrieval.","Registrere data som saksnummer, ny eller oppdatert informasjon og dokumentkoder i datasystemer for å støtte gjenfinning av dokumenter og informasjon.",manual 2026-09-07
"compute prices for services and receive payment, or provide supervisors with billing information.","Beregne pris for tjenester og ta imot betaling, eller gi overordnede faktureringsopplysninger.",manual 2026-09-07
answer questions about records or files.,Svare på spørsmål om registre eller arkiver.,manual 2026-09-07
scan or read incoming materials to determine how and where they should be classified or filed.,Skumme eller lese innkommende materiale for å avgjøre hvordan og hvor det skal klassifiseres eller arkiveres.,manual 2026-09-07
arrange for advertising or posting of job vacancies and notify eligible workers of position availability.,Sørge for utlysning av ledige stillinger og varsle kvalifiserte arbeidstakere om ledige stillinger.,manual 2026-09-07
"process, verify, and maintain personnel related documentation, including staffing, recruitment, training, grievances, performance evaluations, classifications, and employee leaves of absence.","Behandle, kontrollere og vedlikeholde personaldokumentasjon om bemanning, rekruttering, opplæring, klager, medarbeidervurderinger, stillingsklassifisering og permisjoner.",manual 2026-09-07
"answer questions regarding examinations, eligibility, salaries, benefits, and other pertinent information.","Svare på spørsmål om prøver, kvalifikasjonskrav, lønn, goder og annen relevant informasjon.",manual 2026-09-07
examine employee files to answer inquiries and provide information for personnel actions.,Gjennomgå personalmapper for å besvare henvendelser og gi grunnlag for personaltiltak.,manual 2026-09-07
"explain company personnel policies, benefits, and procedures to employees or job applicants.","Forklare bedriftens personalpolitikk, goder og rutiner for ansatte eller jobbsøkere.",manual 2026-09-07
compile and prepare reports and documents pertaining to personnel activities.,Sammenstille og utarbeide rapporter og dokumenter om personalarbeid.,manual 2026-09-07
"request information from law enforcement officials, previous employers, and other references to determine applicants' employment acceptability.","Innhente opplysninger fra politi, tidligere arbeidsgivere og andre referanser for å vurdere om søkere er egnet for ansettelse.",manual 2026-09-07
gather personnel records from other departments or employees.,Innhente personalopplysninger fra andre avdelinger eller ansatte.,manual 2026-09-07
"provide customers with information on routes, gates, prices, timetables, terminals, or concourses.","Gi kunder informasjon om ruter, gater, priser, rutetider, terminaler og avgangshaller.",manual 2026-09-07
"plan tour itineraries, applying knowledge of travel routes and destination sites.",Planlegge reiseruter for turer ut fra kunnskap om reiseveier og reisemål.,manual 2026-09-07
"resolve any problems with itineraries, service, or accommodations.","Løse eventuelle problemer med reiseplaner, service eller overnatting.",manual 2026-09-07
"perform clerical duties such as filing, typing, operating switchboards, and routing mail and messages.","Utføre kontoroppgaver som arkivering, skriving, betjening av sentralbord og fordeling av post og beskjeder.",manual 2026-09-07
plan and price menu items.,Planlegge og prissette menyretter.,manual 2026-09-07
analyze patrons' hair and other physical features to determine and recommend beauty treatment or suggest hair styles.,Vurdere kundenes hår og øvrige utseende for å anbefale skjønnhetsbehandling eller foreslå frisyrer.,manual 2026-09-07
suggest treatments to alleviate hair problems.,Foreslå behandlinger som avhjelper hårproblemer.,manual 2026-09-07
"recommend and explain the use of cosmetics, lotions, and creams to soften and lubricate skin and enhance and restore natural appearance.","Anbefale og forklare bruk av kosmetikk, lotion og kremer som mykgjør og pleier huden og fremhever og gjenoppretter et naturlig utseende.",manual 2026-09-07
schedule client appointments.,Sette opp timer for kunder.,manual 2026-09-07
"update and maintain customer information records, such as beauty services provided.","Oppdatere og vedlikeholde kunderegistre, for eksempel over utførte skjønnhetsbehandlinger.",manual 2026-09-07
stay informed of the latest styles and hair care techniques.,Holde seg oppdatert på de nyeste frisyrene og hårpleieteknikkene.,manual 2026-09-07
"select the most suitable cleaning materials for different types of linens, furniture, flooring, and surfaces.","Velge de best egnede rengjøringsmidlene for ulike typer tekstiler, møbler, gulv og overflater.",manual 2026-09-07
"prepare reports on activity, personnel, and information such as occupancy, hours worked, facility usage, work performed, and departmental expenses.","Utarbeide rapporter om aktivitet, personell og forhold som belegg, arbeidstimer, bruk av lokaler, utført arbeid og avdelingens utgifter.",manual 2026-09-07
coordinate activities with other departments to ensure that services are provided in an efficient and timely manner.,Samordne aktiviteter med andre avdelinger for å sikre at tjenestene leveres effektivt og til rett tid.,manual 2026-09-07
establish and implement operational standards and procedures for the departments supervised.,Fastsette og innføre driftsstandarder og rutiner for avdelingene man leder.,manual 2026-09-07
recommend changes that could improve service and increase operational efficiency.,Anbefale endringer som kan bedre servicen og gjøre driften mer effektiv.,manual 2026-09-07
"attend to the needs of the bereaved, such as by offering comfort, counseling, or after care programs.","Ivareta de etterlattes behov, for eksempel ved å tilby trøst, samtaler eller oppfølgingstilbud.",manual 2026-09-07
"perform various administrative tasks, such as typing documents or answering telephone calls.","Utføre ulike administrative oppgaver, som å skrive dokumenter eller besvare telefoner.",manual 2026-09-07
answer telephones and schedule appointments.,Besvare telefoner og avtale timer.,manual 2026-09-07
plan parties or other special events and services.,Planlegge selskaper og andre spesielle arrangementer og tjenester.,manual 2026-09-07
answer telephone calls and respond to inquiries or transfer calls.,Besvare telefoner og svare på henvendelser eller sette over samtaler.,manual 2026-09-07
"answer telephones, and route calls or deliver messages.",Besvare telefoner og sette over samtaler eller formidle beskjeder.,manual 2026-09-07
receive and record patrons' dining reservations.,Ta imot og registrere bordbestillinger.,manual 2026-09-07
"maintain contact with kitchen staff, management, serving staff, and customers to ensure that dining details are handled properly and customers' concerns are addressed.","Holde kontakt med kjøkkenpersonale, ledelse, serveringspersonale og gjester for å sikre at alt rundt måltidet håndteres riktig og at gjestenes ønsker blir ivaretatt.",manual 2026-09-07
answer questions about product features and benefits.,Svare på spørsmål om produktenes egenskaper og fordeler.,manual 2026-09-07
write and record orders for merchandise or enter orders into computers.,Skrive ned og registrere varebestillinger eller legge dem inn på datamaskin.,manual 2026-09-07
contact customers to persuade them to purchase merchandise or services.,Kontakte kunder for å overtale dem til å kjøpe varer eller tjenester.,manual 2026-09-07
explain products or services and prices and demonstrate use of products.,"Forklare produkter eller tjenester og priser, og demonstrere bruken av produktene.",manual 2026-09-07
examine merchandise to ensure that it is correctly priced and displayed and that it functions as advertised.,"Kontrollere at varene er riktig priset og utstilt, og at de fungerer som lovet.",manual 2026-09-07
instruct staff on how to handle difficult and complicated sales.,Veilede ansatte i hvordan de skal håndtere vanskelige og kompliserte salg.,manual 2026-09-07
plan and coordinate advertising campaigns and sales promotions and prepare merchandise displays and advertising copy.,"Planlegge og koordinere reklamekampanjer og salgskampanjer, og lage vareutstillinger og reklametekster.",manual 2026-09-07
"describe merchandise and explain use, operation, and care of merchandise to customers.","Beskrive varer og forklare kundene bruk, betjening og vedlikehold.",manual 2026-09-07
"ticket, arrange, and display merchandise to promote sales.","Prismerke, ordne og stille ut varer for å fremme salget.",manual 2026-09-07
answer questions regarding the store and its merchandise.,Svare på spørsmål om butikken og varene.,manual 2026-09-07
prepare merchandise for purchase or rental.,Klargjøre varer for salg eller utleie.,manual 2026-09-07
"assist customers, such as responding to customer complaints and updating them about back-ordered parts.","Hjelpe kunder, for eksempel ved å svare på klager og informere om deler i restordre.",manual 2026-09-07
"answer customers' questions, and provide information on procedures or policies.",Svare på kunders spørsmål og informere om rutiner og retningslinjer.,manual 2026-09-07
"receive payment by cash, check, credit cards, vouchers, or automatic debits.","Ta imot betaling med kontanter, sjekk, kredittkort, kuponger eller automatisk trekk.",manual 2026-09-07
assist customers by providing information and resolving their complaints.,Hjelpe kunder ved å gi informasjon og løse klagene deres.,manual 2026-09-07
"inform prospective purchasers about models, numbers, and prices of garments, the garments' designers, and where garments can be purchased.","Informere potensielle kjøpere om plaggenes modeller, numre og priser, hvem som har designet dem, og hvor de kan kjøpes.",manual 2026-09-07
"develop lists of prospective clients from sources such as newspaper items, company records, local merchants, or customers.","Sette opp lister over potensielle kunder ut fra kilder som avisnotiser, bedriftsregistre, lokale forhandlere og eksisterende kunder.",manual 2026-09-07
"provide product information, using lectures, films, charts, or slide shows.","Gi produktinformasjon ved hjelp av foredrag, filmer, plansjer eller lysbildefremvisninger.",manual 2026-09-07
"demonstrate or explain products, methods, or services to persuade customers to purchase products or use services.","Demonstrere eller forklare produkter, metoder eller tjenester for å overtale kunder til å kjøpe produktene eller bruke tjenestene.",manual 2026-09-07
learn about competitors' products or consumers' interests or concerns to answer questions or provide more complete information.,Sette seg inn i konkurrentenes produkter og forbrukernes interesser og bekymringer for å kunne svare på spørsmål og gi mer utfyllende informasjon.,manual 2026-09-07
prepare or alter presentation contents to target specific audiences.,Utarbeide eller tilpasse presentasjonsinnhold til bestemte målgrupper.,manual 2026-09-07
contact businesses or civic establishments to arrange to exhibit and sell merchandise.,Kontakte bedrifter eller lokale institusjoner for å avtale utstilling og salg av varer.,manual 2026-09-07
research or investigate products to be presented to prepare for demonstrations.,"Sette seg inn i produktene som skal presenteres, som forberedelse til demonstrasjoner.",manual 2026-09-07
"contact businesses or private individuals by telephone to solicit sales for goods or services, or to request donations for charitable causes.","Ringe bedrifter eller privatpersoner for å selge varer eller tjenester, eller for å be om gaver til veldedige formål.",manual 2026-09-07
"explain products or services and prices, and answer questions from customers.","Forklare produkter eller tjenester og priser, og svare på spørsmål fra kunder.",manual 2026-09-07
"obtain customer information such as name, address, and payment method, and enter orders into computers.","Innhente kundeopplysninger som navn, adresse og betalingsmåte, og registrere ordrer på datamaskin.",manual 2026-09-07
schedule appointments for sales representatives to meet with prospective customers or for customers to attend sales presentations.,"Avtale møter mellom selgere og potensielle kunder, eller invitere kunder til salgspresentasjoner.",manual 2026-09-07
telephone or write letters to respond to correspondence from customers or to follow up initial sales contacts.,Ringe eller skrive brev for å besvare henvendelser fra kunder eller følge opp første salgskontakt.,manual 2026-09-07
conduct client or market surveys to obtain information about potential customers.,Gjennomføre kunde- eller markedsundersøkelser for å innhente informasjon om potensielle kunder.,manual 2026-09-07
"maintain customer records and follow up periodically with telephone, mail, or personal reminders of services due.","Føre kunderegistre og følge opp jevnlig med påminnelser per telefon, post eller personlig om tjenester som skal utføres.",manual 2026-09-07
describe menu items to customers or suggest products that might appeal to them.,Beskrive menyretter for gjestene eller foreslå produkter de kan like.,manual 2026-09-07
recommend and provide advice on a wide variety of products and services.,Anbefale og gi råd om et bredt utvalg av produkter og tjenester.,manual 2026-09-07
"provide information about rental items, such as availability, operation, or description.","Gi informasjon om utleieartikler, som tilgjengelighet, bruk og beskrivelse.",manual 2026-09-07
"explain rental fees, policies, and procedures.","Forklare leiepriser, vilkår og rutiner.",manual 2026-09-07
prepare merchandise for display or for purchase or rental.,"Klargjøre varer for utstilling, salg eller utleie.",manual 2026-09-07
"receive orders for services, such as rentals, repairs, dry cleaning, and storage.","Ta imot bestillinger på tjenester som utleie, reparasjon, rens og oppbevaring.",manual 2026-09-07
"type, file, and duplicate materials.","Skrive, arkivere og kopiere materiale.",manual 2026-09-07
"observe students' performance, and record relevant data to assess progress.",Observere elevenes prestasjoner og registrere relevante data for å vurdere fremgang.,manual 2026-09-07
"provide clients with communication assistance, typing their correspondence or obtaining information for them.","Hjelpe klienter med kommunikasjon, som å skrive korrespondansen deres eller innhente informasjon for dem.",manual 2026-09-07
"provide customers with information about the uses, effects, or interactions of drugs.","Gi kunder informasjon om legemidlers bruk, virkninger og interaksjoner.",manual 2026-09-07
document route of specimens from collection to laboratory analysis and diagnosis.,Dokumentere prøvenes gang fra prøvetaking til laboratorieanalyse og diagnose.,manual 2026-09-07
"enter patient, specimen, insurance, or billing information into computer.","Registrere opplysninger om pasient, prøve, forsikring eller fakturering på datamaskin.",manual 2026-09-07
use nondisciplinary tools and equipment such as a computer.,Bruke generelle verktøy og utstyr som datamaskin.,manual 2026-09-07
operate detecting devices to screen individuals and prevent passage of prohibited articles into restricted areas.,Betjene detektorer for å kontrollere personer og hindre at forbudte gjenstander tas med inn i adgangsbegrensede områder.,manual 2026-09-07
"inspect and adjust security systems, equipment, or machinery to ensure operational use and to detect evidence of tampering.","Inspisere og justere sikkerhetssystemer, utstyr eller maskiner for å sikre at de fungerer og avdekke tegn på manipulering.",manual 2026-09-07
decide whether baggage that triggers alarms should be searched or should be allowed to pass through.,Avgjøre om bagasje som utløser alarm skal gjennomsøkes eller slippes gjennom.,manual 2026-09-07
"write reports of daily activities and irregularities, such as equipment or property damage, theft, presence of unauthorized persons, or unusual occurrences.","Skrive rapporter om daglige aktiviteter og uregelmessigheter, som skader på utstyr eller eiendom, tyveri, uvedkommende personer eller uvanlige hendelser.",manual 2026-09-07
read and effectively interpret small-scale maps and information from a computer screen to determine locations and provide directions.,Lese og tolke kart i liten målestokk og informasjon på dataskjerm for å finne steder og gi veibeskrivelser.,manual 2026-09-07
monitor alarm systems to detect emergencies such as fires and illegal entry into establishments.,Overvåke alarmsystemer for å oppdage nødsituasjoner som brann og innbrudd.,manual 2026-09-07
implement or monitor processes to reduce property or financial losses.,Innføre eller overvåke prosesser for å redusere tap av eiendom eller økonomiske tap.,manual 2026-09-07
"prepare reports concerning facility activities, employees' time records, and animal treatment.","Utarbeide rapporter om aktiviteter ved anlegget, ansattes timelister og behandling av dyr.",manual 2026-09-07
"monitor project activities to ensure that instructions are followed, deadlines are met, and schedules are maintained.","Følge opp prosjektaktiviteter for å sikre at instrukser følges, frister holdes og tidsplaner overholdes.",manual 2026-09-07
"answer inquiries from current or prospective customers regarding methods, materials, or price ranges.","Besvare henvendelser fra nåværende og potensielle kunder om metoder, materialer og prisnivå.",manual 2026-09-07
"monitor how the wind, heat, or cold affect the curing of the concrete throughout the entire process.","Følge med på hvordan vind, varme og kulde påvirker herdingen av betongen gjennom hele prosessen.",manual 2026-09-07
measure and analyze system performance and operating parameters to assess operating condition of systems or equipment.,Måle og analysere systemytelse og driftsparametere for å vurdere driftstilstanden til systemer eller utstyr.,manual 2026-09-07
"compile or maintain records of system operation, performance, and maintenance.","Føre og vedlikeholde registre over systemdrift, ytelse og vedlikehold.",manual 2026-09-07
"check electrical installation for proper wiring, polarity, grounding, or integrity of terminations.","Kontrollere at det elektriske anlegget har riktig kabling, polaritet, jording og forsvarlige tilkoblinger.",manual 2026-09-07
"identify installation locations with proper orientation, area, solar access, or structural integrity for photovoltaic (pv) arrays.","Finne monteringssteder med riktig orientering, areal, solinnstråling og bæreevne for solcelleanlegg.",manual 2026-09-07
identify or separate waste products or materials for recycling or reuse.,Identifisere eller sortere avfall og materialer for gjenvinning eller ombruk.,manual 2026-09-07
estimate materials and labor required to complete roofing jobs.,Beregne materialer og arbeidstimer som trengs for å fullføre takarbeider.,manual 2026-09-07
"read blueprints or other specifications to determine methods of installation, work procedures, or material or tool requirements.","Lese tegninger og andre spesifikasjoner for å fastsette monteringsmetoder, arbeidsprosedyrer og behov for materialer og verktøy.",manual 2026-09-07
read blueprints and specifications to determine job requirements.,Lese tegninger og spesifikasjoner for å fastslå hva jobben krever.,manual 2026-09-07
"review blueprints, building codes, or specifications to determine work details or procedures.","Gjennomgå tegninger, byggeforskrifter og spesifikasjoner for å fastsette arbeidsdetaljer og fremgangsmåter.",manual 2026-09-07
"plan pipe system layout, installation, or repair, according to specifications.","Planlegge utforming, installasjon og reparasjon av rørsystemer etter spesifikasjoner.",manual 2026-09-07
develop or implement electronic maintenance programs or computer information management systems.,Utvikle eller innføre elektroniske vedlikeholdsprogrammer eller datasystemer for informasjonsstyring.,manual 2026-09-07
"study blueprints, design specifications, or manufacturers' recommendations to ascertain the configuration of heating or cooling equipment components and to ensure the proper installation of components.","Studere tegninger, designspesifikasjoner og produsentens anbefalinger for å fastslå hvordan komponenter i varme- eller kjøleanlegg skal settes sammen og sikre riktig montering.",manual 2026-09-07
"examine objects, systems, or facilities and analyze information to determine needed installations, services, or repairs.","Undersøke gjenstander, systemer eller anlegg og analysere informasjon for å avgjøre behov for installasjoner, service eller reparasjoner.",manual 2026-09-07
"calculate amounts of required materials and estimate costs, based on surface measurements or work orders.",Beregne materialmengder og anslå kostnader ut fra flatemål eller arbeidsordrer.,manual 2026-09-07
record operational data on specified forms.,Føre driftsdata på fastsatte skjemaer.,manual 2026-09-07
"inspect individual parts, assemblies, or installations, using measuring instruments, such as calipers, scales, or micrometers.","Kontrollere enkeltdeler, sammenstillinger eller installasjoner med måleinstrumenter som skyvelære, vekter og mikrometer.",manual 2026-09-07
"read specifications or blueprints to determine the locations, quantities, or sizes of materials required.","Lese spesifikasjoner og tegninger for å fastslå plassering, mengde og dimensjoner på nødvendige materialer.",manual 2026-09-07
"enter commands or load control media, such as tapes, cards, or disks, into machine controllers to retrieve programmed instructions.","Legge inn kommandoer eller laste styringsmedier som bånd, kort eller disker inn i maskinstyringer for å hente programmerte instruksjoner.",manual 2026-09-07
"compute data such as gear dimensions and machine settings, applying knowledge of shop mathematics.",Beregne data som tannhjulsdimensjoner og maskininnstillinger ved hjelp av verkstedmatematikk.,manual 2026-09-07
"measure completed workpieces to verify conformance to specifications, using micrometers, gauges, calipers, templates, or rulers.","Måle ferdige arbeidsstykker med mikrometer, målere, skyvelære, maler eller linjaler for å kontrollere at de oppfyller spesifikasjonene.",manual 2026-09-07
"measure dimensions of finished workpieces to ensure conformance to specifications, using precision measuring instruments, templates, and fixtures.","Måle dimensjonene på ferdige arbeidsstykker med presisjonsmåleinstrumenter, maler og jigger for å sikre at de oppfyller spesifikasjonene.",manual 2026-09-07
inspect and verify dimensions and clearances of parts to ensure conformance to factory specifications.,Kontrollere dimensjoner og klaringer på deler for å sikre at de oppfyller fabrikkspesifikasjonene.,manual 2026-09-07
review work orders and discuss work with supervisors.,Gjennomgå arbeidsordrer og drøfte arbeidet med arbeidsledere.,manual 2026-09-07
enter codes and instructions to program computer-controlled machinery.,Legge inn koder og instruksjoner for å programmere datastyrte maskiner.,manual 2026-09-07
record test data and document fabrication techniques on reports.,Registrere testdata og dokumentere produksjonsteknikker i rapporter.,manual 2026-09-07
"measure parts to verify specified dimensions or settings, such as camera shutter speed or light meter reading accuracy, using measuring instruments.","Måle deler med måleinstrumenter for å kontrollere angitte dimensjoner eller innstillinger, som lukkertid på kamera eller nøyaktigheten til lysmålere.",manual 2026-09-07
"design silver articles, such as jewelry and serving pieces.",Designe sølvgjenstander som smykker og serveringsartikler.,manual 2026-09-07
"verify dimensions of products, using measuring instruments, such as calipers, vernier gauges, or protractors.","Kontrollere produktenes dimensjoner med måleinstrumenter som skyvelære, nonius og gradskiver.",manual 2026-09-07
"position text and art elements from a variety of databases in a visually appealing way to design print or web pages, using knowledge of type styles and size and layout patterns.","Plassere tekst og grafiske elementer fra ulike databaser på en visuelt tiltalende måte for å utforme trykksaker eller nettsider, med kunnskap om skrifttyper, skriftstørrelser og layout.",manual 2026-09-07
"enter text into computer keyboard and select the size and style of type, column width, and appropriate spacing for printed materials.","Skrive inn tekst på datamaskin og velge skriftstørrelse, skrifttype, spaltebredde og passende avstander for trykt materiale.",manual 2026-09-07
"operate desktop publishing software and equipment to design, lay out, and produce camera-ready copy.","Bruke DTP-programvare og -utstyr til å utforme, sette opp og produsere trykkeklart materiale.",manual 2026-09-07
"enter, position, and alter text size, using computers, to make up and arrange pages so that printed materials can be produced.","Legge inn, plassere og endre tekststørrelse på datamaskin for å sette opp og ordne sider slik at trykt materiale kan produseres.",manual 2026-09-07
"edit graphics and photos, using pixel or bitmap editing, airbrushing, masking, or image retouching.","Redigere grafikk og bilder ved hjelp av piksel- eller bitmapredigering, airbrush, maskering eller retusjering.",manual 2026-09-07
"collaborate with graphic artists, editors and writers to produce master copies according to design specifications.","Samarbeide med grafikere, redaktører og skribenter om å lage originaler etter designspesifikasjoner.",manual 2026-09-07
"import text and art elements, such as electronic clip art or electronic files from photographs that have been scanned or produced with a digital camera, using computer software.","Importere tekst og grafiske elementer, som digitale utklippsbilder eller bildefiler fra skannede fotografier eller digitalkamera, ved hjelp av programvare.",manual 2026-09-07
"enter, store, and retrieve information on computer-aided equipment.","Legge inn, lagre og hente informasjon på datastyrt utstyr.",manual 2026-09-07
operate equipment to demonstrate proper use or to analyze malfunctions.,Betjene utstyr for å demonstrere riktig bruk eller analysere feil.,manual 2026-09-07
"inspect and test electrical or electronic systems to locate and diagnose malfunctions, using visual inspections and testing instruments such as oscilloscopes and voltmeters.","Inspisere og teste elektriske eller elektroniske systemer for å finne og diagnostisere feil, ved visuell kontroll og med testinstrumenter som oscilloskop og voltmeter.",manual 2026-09-07
"advise management regarding customer satisfaction, product performance, or suggestions for product improvements.","Gi ledelsen råd om kundetilfredshet, produktytelse og forslag til produktforbedringer.",manual 2026-09-07
"prepare documents, such as invoices or warranties.",Utarbeide dokumenter som fakturaer og garantier.,manual 2026-09-07
reinstall software programs or adjust settings on existing software to fix machine malfunctions.,Installere programvare på nytt eller justere innstillinger i eksisterende programvare for å rette maskinfeil.,manual 2026-09-07
"install and configure new equipment, including operating software or peripheral equipment.","Installere og konfigurere nytt utstyr, inkludert driftsprogramvare og periferiutstyr.",manual 2026-09-07
analyze equipment performance records to assess equipment functioning.,Analysere ytelsesdata for utstyr for å vurdere hvordan utstyret fungerer.,manual 2026-09-07
"read specifications, such as blueprints, charts, or schematics, to determine machine settings or adjustments.","Lese spesifikasjoner som tegninger, diagrammer og koblingsskjemaer for å fastsette maskininnstillinger og justeringer.",manual 2026-09-07
"perform database verifications, using computers.",Utføre databaseverifisering på datamaskin.,manual 2026-09-07
"install updated software, and programs that maintain existing software or provide requested features such as time-correlated call routing.",Installere oppdatert programvare og programmer som vedlikeholder eksisterende programvare eller gir etterspurte funksjoner som tidsstyrt samtaleruting.,manual 2026-09-07
"install, service, and repair electronic equipment or instruments such as televisions, radios, and videocassette recorders.","Installere, vedlikeholde og reparere elektronisk utstyr og instrumenter som TV-er, radioer og videospillere.",manual 2026-09-07
"diagnose and correct problems from remote locations, using special switchboards to find the sources of problems.",Diagnostisere og rette feil eksternt ved hjelp av spesielle sentralbord for å finne feilkildene.,manual 2026-09-07
"read work orders, blueprints, plans, datasheets or site drawings to determine work to be done.","Lese arbeidsordrer, tegninger, planer, datablad og anleggstegninger for å fastslå hvilket arbeid som skal gjøres.",manual 2026-09-07
"test circuits and components of malfunctioning telecommunications equipment to isolate sources of malfunctions, using test meters, circuit diagrams, polarity probes, and other hand tools.","Teste kretser og komponenter i defekt telekommunikasjonsutstyr for å avgrense feilkilder, ved hjelp av måleinstrumenter, koblingsskjemaer, polaritetstestere og annet håndverktøy.",manual 2026-09-07
"inspect or test lines or cables, recording and analyzing test results, to assess transmission characteristics and locate faults or malfunctions.","Inspisere eller teste linjer og kabler, og registrere og analysere testresultatene, for å vurdere overføringsegenskaper og lokalisere feil.",manual 2026-09-07
"read and interpret electronic circuit diagrams, function block diagrams, specifications, engineering drawings, and service manuals.","Lese og tolke elektroniske koblingsskjemaer, funksjonsblokkdiagrammer, spesifikasjoner, tekniske tegninger og servicehåndbøker.",manual 2026-09-07
"complete reports related to project status, progress, or other work details, using computer software.","Fylle ut rapporter om prosjektstatus, fremdrift og andre arbeidsdetaljer ved hjelp av programvare.",manual 2026-09-07
"compute dimensions, areas, volumes, and weights.","Beregne dimensjoner, arealer, volumer og vekter.",manual 2026-09-07
"develop, copy, or adapt designs for garments, and design patterns to fit measurements, applying knowledge of garment design, construction, styling, and fabric.","Utvikle, kopiere eller tilpasse plaggdesign og lage mønstre etter mål, med kunnskap om design, konstruksjon, stil og stoffer.",manual 2026-09-07
program electronic equipment.,Programmere elektronisk utstyr.,manual 2026-09-07
"analyze test data, making computations as necessary, to determine test results.",Analysere testdata og gjøre nødvendige beregninger for å fastslå testresultater.,manual 2026-09-07
"measure dimensions of products to verify conformance to specifications, using measuring instruments such as rulers, calipers, gauges, or micrometers.","Måle produktenes dimensjoner med måleinstrumenter som linjaler, skyvelære, målere og mikrometer for å kontrollere at de oppfyller spesifikasjonene.",manual 2026-09-07
record work activities performed.,Registrere utført arbeid.,manual 2026-09-07
"record data from operations, testing, and production on specified forms.","Føre data fra drift, testing og produksjon på fastsatte skjemaer.",manual 2026-09-07
record operational or production data on specified forms.,Føre drifts- eller produksjonsdata på fastsatte skjemaer.,manual 2026-09-07
"record operational data, such as temperatures, pressures, ingredients used, processing times, or test results.","Registrere driftsdata som temperaturer, trykk, brukte ingredienser, prosesstider og testresultater.",manual 2026-09-07
"examine drawings, negatives, or photographic prints to determine coloring, shading, accenting, or other changes required for retouching or restoration.","Undersøke tegninger, negativer eller fotografier for å avgjøre hvilke endringer i farge, skyggelegging og fremheving som trengs ved retusjering eller restaurering.",manual 2026-09-07
key in processing instructions to program electronic equipment.,Taste inn prosessinstruksjoner for å programmere elektronisk utstyr.,manual 2026-09-07
"record operational data on tags, and attach tags to machines.",Føre driftsdata på merkelapper og feste dem på maskinene.,manual 2026-09-07
"collect samples of materials or products, checking them to ensure conformance to specifications or sending them to laboratories for analysis.","Ta prøver av materialer eller produkter, og kontrollere at de oppfyller spesifikasjonene eller sende dem til laboratorium for analyse.",manual 2026-09-07
"read production and delivery schedules, and confer with supervisors, to determine sorting and transfer procedures, arrangement of packages on pallets, and destinations of loaded pallets.","Lese produksjons- og leveringsplaner og rådføre seg med arbeidsledere for å fastsette rutiner for sortering og overføring, plassering av kolli på paller og bestemmelsessted for lastede paller.",manual 2026-09-07
"read blueprints, illustrations, or specifications to determine layouts, sequences of operations, or identities or relationships of parts.","Lese tegninger, illustrasjoner og spesifikasjoner for å fastslå oppsett, operasjonsrekkefølge og hvilke deler som hører sammen.",manual 2026-09-07
"verify conformance of parts to stock lists or blueprints, using measuring instruments, such as calipers, gauges, or micrometers.","Kontrollere at deler samsvarer med stykklister eller tegninger, med måleinstrumenter som skyvelære, målere og mikrometer.",manual 2026-09-07
"read and interpret schematic drawings, diagrams, blueprints, specifications, work orders, or reports to determine materials requirements or assembly instructions.","Lese og tolke skjematiske tegninger, diagrammer, arbeidstegninger, spesifikasjoner, arbeidsordrer og rapporter for å fastslå materialbehov og monteringsanvisninger.",manual 2026-09-07
"review blueprints, sketches, or work orders to gather information about tasks to be completed.","Gjennomgå tegninger, skisser og arbeidsordrer for å innhente informasjon om oppgaver som skal utføres.",manual 2026-09-07
"measure parts to determine tolerances, using precision measuring instruments such as micrometers, calipers, and verniers.","Måle deler for å fastslå toleranser, med presisjonsmåleinstrumenter som mikrometer, skyvelære og nonius.",manual 2026-09-07
call on prospective customers to explain company services or to solicit new business.,Oppsøke potensielle kunder for å presentere bedriftens tjenester eller skaffe nye oppdrag.,manual 2026-09-07
listen to and resolve customers' complaints regarding products or services.,Lytte til og løse kundeklager på produkter eller tjenester.,manual 2026-09-07
"communicate with dispatchers by radio, telephone, or computer to exchange information and receive requests for passenger service.","Kommunisere med sentralen via radio, telefon eller datamaskin for å utveksle informasjon og motta bestillinger på persontransport.",manual 2026-09-07
"plan or adjust routes based on changing conditions, using computer equipment, global positioning systems (gps) equipment, or other navigation devices to minimize fuel consumption and carbon emissions.","Planlegge eller justere ruter etter skiftende forhold, ved hjelp av datautstyr, GPS eller andre navigasjonsenheter, for å redusere drivstofforbruk og klimagassutslipp.",manual 2026-09-07
"provide information about facilities, entertainment options, and rules and regulations.","Gi informasjon om fasiliteter, underholdningstilbud og regler.",manual 2026-09-07
"care for children or elderly persons by overseeing their activities, providing companionship, and assisting them with dressing, bathing, eating, and other needs.","Ta hånd om barn eller eldre ved å følge med på aktivitetene deres, gi dem selskap og hjelpe dem med påkledning, bading, måltider og andre behov.",manual 2026-09-07
"provide information and advice to the public regarding the selection, purchase, and care of products.","Gi publikum informasjon og råd om valg, kjøp og vedlikehold av produkter.",manual 2026-09-07
"read plans, instructions, or specifications to determine work activities.","Lese planer, instrukser og spesifikasjoner for å fastsette arbeidsoppgaver.",manual 2026-09-07
"record information, such as the number of products tested, meter readings, or dates and times of product production.","Registrere opplysninger som antall testede produkter, måleravlesninger og produksjonstidspunkt.",manual 2026-09-07
"read gauges or charts, and record data obtained.",Lese av målere eller diagrammer og registrere dataene.,manual 2026-09-07
review customer requests for service to determine service needs and deploy appropriate resources to provide service.,Gjennomgå kundenes servicehenvendelser for å avklare behovet og sette inn riktige ressurser.,manual 2026-09-07
evaluate employee performance and prepare performance appraisals.,Vurdere ansattes prestasjoner og utarbeide medarbeidervurderinger.,manual 2026-09-07
quote prices to customers.,Oppgi priser til kunder.,manual 2026-09-07
"supply guests or travelers with directions, travel information, and other information, such as available services and points of interest.","Gi gjester og reisende veibeskrivelser, reiseinformasjon og andre opplysninger, som tilgjengelige tjenester og severdigheter.",manual 2026-09-07
"answer customer inquiries or explain cost, availability, policies, and procedures of facilities.","Besvare kundehenvendelser og forklare priser, tilgjengelighet, retningslinjer og rutiner ved anlegget.",manual 2026-09-07
maintain knowledge of relevant national and international current events.,Holde seg oppdatert på relevante nasjonale og internasjonale nyheter.,manual 2026-09-07
"determine campaign strategies for media advertising, positions on issues, and public appearances.","Fastsette kampanjestrategier for medieannonsering, standpunkter i saker og offentlige opptredener.",manual 2026-09-07
confer with colleagues to formulate positions and strategies pertaining to pending issues.,Rådføre seg med kolleger for å utforme standpunkter og strategier i aktuelle saker.,manual 2026-09-07
"prepare drafts of amendments, government policies, laws, rules, regulations, budgets, programs and procedures.","Utarbeide utkast til endringsforslag, politikk, lover, regler, forskrifter, budsjetter, programmer og prosedyrer.",manual 2026-09-07
"write project proposals, grant applications, or other documents to pursue funding for environmental initiatives.","Skrive prosjektforslag, søknader om tilskudd og andre dokumenter for å skaffe finansiering til miljøtiltak.",manual 2026-09-07
"evaluate the potential of new product developments or market opportunities, according to factors such as business plans, technologies, or market potential.","Vurdere potensialet i nye produktutviklinger eller markedsmuligheter ut fra faktorer som forretningsplaner, teknologi og markedspotensial.",manual 2026-09-07
draft speeches for company executives and arrange interviews and other forms of contact for them.,Skrive taler for bedriftsledere og ordne intervjuer og andre former for kontakt for dem.,manual 2026-09-07
develop or implement fund investment policies or strategies.,Utvikle eller iverksette investeringsretningslinjer eller -strategier for fond.,manual 2026-09-07
"analyze the financial details of past, present, and expected operations to identify development opportunities and areas where improvement is needed.","Analysere økonomien i tidligere, nåværende og forventet virksomhet for å finne utviklingsmuligheter og områder som trenger forbedring.",manual 2026-09-07
"advise management on short-term and long-term financial objectives, policies, and actions.","Gi ledelsen råd om kortsiktige og langsiktige økonomiske mål, retningslinjer og tiltak.",manual 2026-09-07
"analyze compensation policies, government regulations, and prevailing wage rates to develop competitive compensation plan.","Analysere lønnspolitikk, offentlige reguleringer og gjeldende lønnsnivå for å utvikle en konkurransedyktig lønnsplan.",manual 2026-09-07
analyze and modify compensation and benefits policies to establish competitive programs and ensure compliance with legal requirements.,Analysere og endre retningslinjer for lønn og goder for å etablere konkurransedyktige ordninger og sikre at lovkrav overholdes.,manual 2026-09-07
"direct preparation and distribution of written and verbal information to inform employees of benefits, compensation, and personnel policies.","Lede utarbeiding og formidling av skriftlig og muntlig informasjon til ansatte om goder, lønn og personalpolitikk.",manual 2026-09-07
"prepare detailed job descriptions and classification systems and define job levels and families, in partnership with other managers.",Utarbeide detaljerte stillingsbeskrivelser og klassifiseringssystemer og definere stillingsnivåer og stillingsfamilier i samarbeid med andre ledere.,manual 2026-09-07
"design, evaluate and modify benefits policies to ensure that programs are current, competitive and in compliance with legal requirements.","Utforme, vurdere og endre retningslinjer for ansattgoder for å sikre at ordningene er oppdaterte, konkurransedyktige og i tråd med lovkrav.",manual 2026-09-07
"write or review security-related documents, such as incident reports, proposals, and tactical or strategic initiatives.","Skrive eller gjennomgå sikkerhetsdokumenter som hendelsesrapporter, forslag og taktiske eller strategiske tiltak.",manual 2026-09-07
"provide regulatory guidance to departments or development project teams regarding design, development, evaluation, or marketing of products.","Gi avdelinger eller utviklingsteam regulatorisk veiledning om design, utvikling, evaluering og markedsføring av produkter.",manual 2026-09-07
"develop, recommend, or manage security procedures for operations or processes, such as security call centers, system acquisition, development, and maintenance, access control, program models, or reporting tools.","Utvikle, anbefale eller forvalte sikkerhetsprosedyrer for drift og prosesser, som sikkerhetssentraler, anskaffelse, utvikling og vedlikehold av systemer, adgangskontroll, programmodeller og rapporteringsverktøy.",manual 2026-09-07
"develop pricing strategies, balancing firm objectives and customer satisfaction.",Utvikle prisstrategier som balanserer bedriftens mål og kundetilfredshet.,manual 2026-09-07
"advise business or other groups on local, national, or international factors affecting the buying or selling of products or services.","Gi råd til bedrifter og andre grupper om lokale, nasjonale og internasjonale forhold som påvirker kjøp og salg av produkter og tjenester.",manual 2026-09-07
"use sales forecasting or strategic planning to ensure the sale and profitability of products, lines, or services, analyzing business developments and monitoring market trends.","Bruke salgsprognoser og strategisk planlegging for å sikre salg og lønnsomhet for produkter, produktlinjer og tjenester, ved å analysere forretningsutviklingen og følge markedstrender.",manual 2026-09-07
initiate market research studies or analyze their findings.,Sette i gang markedsundersøkelser eller analysere funnene fra dem.,manual 2026-09-07
confer with clients to provide marketing or technical advice.,Drøfte med kunder for å gi råd om markedsføring eller tekniske spørsmål.,manual 2026-09-07
"devise or evaluate methods and procedures for collecting data, such as surveys, opinion polls, and questionnaires.","Utforme eller vurdere metoder og prosedyrer for datainnsamling, som spørreundersøkelser, meningsmålinger og spørreskjemaer.",manual 2026-09-07
"develop communications materials, advertisements, presentations, or public relations initiatives to promote awareness of green products and technologies.","Utvikle kommunikasjonsmateriell, reklame, presentasjoner og PR-tiltak for å øke kjennskapen til grønne produkter og teknologier.",manual 2026-09-07
"read trade journals and professional literature to stay informed on trends, innovations, and changes that affect media planning.","Lese fagtidsskrifter og faglitteratur for å holde seg oppdatert på trender, nyvinninger og endringer som påvirker medieplanlegging.",manual 2026-09-07
"assess project feasibility by analyzing technology, resource needs, and market demand.","Vurdere om prosjekter er gjennomførbare ved å analysere teknologi, ressursbehov og etterspørsel i markedet.",manual 2026-09-07
provide technical or scientific guidance to technical staff in the conduct of biofuels research or development.,Gi teknisk eller vitenskapelig veiledning til teknisk personale i forskning på eller utvikling av biodrivstoff.,manual 2026-09-07
consult or negotiate with clients to prepare project specifications.,Rådføre seg eller forhandle med kunder for å utarbeide prosjektspesifikasjoner.,manual 2026-09-07
prepare project proposals.,Utarbeide prosjektforslag.,manual 2026-09-07
inform patients or caregivers about study aspects and outcomes to be expected.,Informere pasienter eller pårørende om hva studien innebærer og hvilke utfall som kan forventes.,manual 2026-09-07
"direct the engineering of water control, treatment, or distribution projects.","Lede prosjekteringen av anlegg for vannregulering, vannbehandling eller vanndistribusjon.",manual 2026-09-07
"confer with management, production, or marketing staff to discuss project specifications or procedures.","Drøfte prosjektspesifikasjoner og prosedyrer med ledelse, produksjon eller markedsavdeling.",manual 2026-09-07
"prepare budgets, bids, or contracts.","Utarbeide budsjetter, anbud og kontrakter.",manual 2026-09-07
"direct crop production operations, such as planning, tilling, planting, fertilizing, cultivating, spraying, or harvesting.","Lede planteproduksjonen, som planlegging, jordarbeiding, såing, gjødsling, dyrking, sprøyting og innhøsting.",manual 2026-09-07
plan crop activities based on factors such as crop maturity or weather conditions.,Planlegge arbeidet med avlingene ut fra faktorer som modning og værforhold.,manual 2026-09-07
"provide information to customers on the care of trees, shrubs, flowers, plants, and lawns.","Gi kundene informasjon om stell av trær, busker, blomster, planter og plener.",manual 2026-09-07
explain and enforce safety regulations and policies.,Forklare og håndheve sikkerhetsregler og retningslinjer.,manual 2026-09-07
"prepare contracts or negotiate revisions to contractual agreements with architects, consultants, clients, suppliers, or subcontractors.","Utarbeide kontrakter eller forhandle om kontraktsendringer med arkitekter, rådgivere, kunder, leverandører og underentreprenører.",manual 2026-09-07
"recommend purchase of new or improved technology, such as automated systems.","Anbefale innkjøp av ny eller forbedret teknologi, som automatiserte systemer.",manual 2026-09-07
"write articles, manuals, and other publications and assist in the distribution of promotional literature about programs and facilities.","Skrive artikler, håndbøker og andre publikasjoner og bistå med å distribuere informasjonsmateriell om tilbud og fasiliteter.",manual 2026-09-07
determine the scope of educational program offerings and prepare drafts of program schedules and descriptions to estimate staffing and facility requirements.,Fastsette omfanget av undervisningstilbudet og utarbeide utkast til timeplaner og programbeskrivelser for å anslå behovet for bemanning og lokaler.,manual 2026-09-07
develop and implement organizational policies and procedures for the facility or medical unit.,Utvikle og innføre retningslinjer og rutiner for institusjonen eller den medisinske enheten.,manual 2026-09-07
"advise students on issues such as course selection, progress toward graduation, and career decisions.","Veilede studenter om emnevalg, studieprogresjon og karrierevalg.",manual 2026-09-07
"provide assistance to faculty and staff in duties such as teaching classes, conducting orientation programs, issuing transcripts, and scheduling events.","Bistå vitenskapelig og administrativt ansatte med oppgaver som undervisning, introduksjonsprogrammer, utstedelse av karakterutskrifter og planlegging av arrangementer.",manual 2026-09-07
"write articles, manuals, and other publications, and assist in the distribution of promotional literature about facilities and programs.","Skrive artikler, håndbøker og andre publikasjoner, og bistå med å distribuere informasjonsmateriell om fasiliteter og tilbud.",manual 2026-09-07
formulate strategic plans for the institution.,Utforme strategiske planer for institusjonen.,manual 2026-09-07
coordinate and direct extracurricular activities and programs such as after-school events and athletic contests.,Koordinere og lede fritidsaktiviteter og tilbud som arrangementer etter skoletid og idrettskonkurranser.,manual 2026-09-07
"develop partnerships with businesses, communities, and other organizations to help meet identified educational needs and to provide school-to-work programs.","Utvikle partnerskap med næringsliv, lokalsamfunn og andre organisasjoner for å dekke identifiserte utdanningsbehov og tilby ordninger for overgang fra skole til arbeid.",manual 2026-09-07
"develop curricula, and recommend curricula revisions and additions.",Utvikle læreplaner og anbefale endringer og tillegg til dem.,manual 2026-09-07
"promote the university by participating in community, state, and national events or meetings, and by developing partnerships with industry and secondary education institutions.","Profilere universitetet ved å delta i lokale, delstatlige og nasjonale arrangementer og møter, og ved å utvikle partnerskap med næringslivet og videregående skoler.",manual 2026-09-07
develop and implement policies and procedures for the operation of a department or establishment.,Utvikle og innføre retningslinjer og rutiner for driften av en avdeling eller virksomhet.,manual 2026-09-07
"assess staffing needs and recruit staff, using methods such as newspaper advertisements or attendance at job fairs.",Vurdere bemanningsbehov og rekruttere ansatte gjennom for eksempel avisannonser eller deltakelse på jobbmesser.,manual 2026-09-07
develop theories based on personal observations or on observations and theories of other astronomers.,Utvikle teorier basert på egne observasjoner eller på andre astronomers observasjoner og teorier.,manual 2026-09-07
present research findings at scientific conferences and in papers written for scientific journals.,Presentere forskningsfunn på vitenskapelige konferanser og i artikler i vitenskapelige tidsskrifter.,manual 2026-09-07
"conduct meteorological research into the processes or determinants of atmospheric phenomena, weather, or climate.","Drive meteorologisk forskning på prosessene bak og årsakene til atmosfæriske fenomener, vær og klima.",manual 2026-09-07
"prepare weather reports or maps for analysis, distribution, or use in weather broadcasts, using computer graphics.","Utarbeide værrapporter og værkart med datagrafikk for analyse, distribusjon eller bruk i værmeldinger.",manual 2026-09-07
"prepare scientific atmospheric or climate reports, articles, or texts.","Utarbeide vitenskapelige rapporter, artikler og tekster om atmosfære eller klima.",manual 2026-09-07
"study effects of various methods of processing, preserving, or packaging on composition or properties of foods.","Studere hvordan ulike metoder for bearbeiding, konservering og emballering påvirker sammensetningen og egenskapene til matvarer.",manual 2026-09-07
"confer with scientists or engineers to conduct analyses of research projects, interpret test results, or develop nonstandard tests.","Samarbeide med forskere og ingeniører om å analysere forskningsprosjekter, tolke testresultater og utvikle spesialtester.",manual 2026-09-07
"test metals to determine conformance to specifications of mechanical strength, strength-weight ratio, ductility, magnetic and electrical properties, and resistance to abrasion, corrosion, heat, and cold.","Teste metaller for å kontrollere at de oppfyller spesifikasjoner for mekanisk styrke, styrke-vekt-forhold, duktilitet, magnetiske og elektriske egenskaper og motstand mot slitasje, korrosjon, varme og kulde.",manual 2026-09-07
"induce changes in composition of substances by introducing heat, light, energy, or chemical catalysts for quantitative or qualitative analysis.","Fremkalle endringer i stoffers sammensetning ved å tilføre varme, lys, energi eller kjemiske katalysatorer for kvantitativ eller kvalitativ analyse.",manual 2026-09-07
"advise construction firms or government agencies on dam or road construction, foundation design, land use, or resource management.","Gi råd til entreprenører og offentlige etater om dam- og veibygging, fundamentering, arealbruk og ressursforvaltning.",manual 2026-09-07
"study and document quantities, distribution, disposition, and development of underground and surface waters.","Studere og dokumentere mengde, fordeling, bevegelse og utvikling av grunnvann og overflatevann.",manual 2026-09-07
"provide advice to clients on a contract basis, working as a consultant.",Gi råd til kunder på oppdragsbasis som konsulent.,manual 2026-09-07
"develop business methods and procedures, including accounting systems, file systems, office systems, logistics systems, and production schedules.","Utvikle forretningsmetoder og rutiner, inkludert regnskapssystemer, arkivsystemer, kontorsystemer, logistikksystemer og produksjonsplaner.",manual 2026-09-07
collaborate with senior managers and decision makers to identify and solve a variety of problems and to clarify management objectives.,Samarbeide med toppledere og beslutningstakere om å identifisere og løse ulike problemer og klargjøre ledelsens mål.,manual 2026-09-07
study and analyze information about alternative courses of action to determine which plan will offer the best outcomes.,Studere og analysere informasjon om alternative handlingsvalg for å avgjøre hvilken plan som gir best resultat.,manual 2026-09-07
read technical literature and participate in continuing education or professional associations to maintain awareness of current database technology and best practices.,Lese faglitteratur og delta i etterutdanning eller faglige foreninger for å holde seg oppdatert på databaseteknologi og beste praksis.,manual 2026-09-07
"analyze large molecular datasets such as raw microarray data, genomic sequence data, and proteomics data for clinical or basic research purposes.","Analysere store molekylære datasett som rå mikromatrisedata, genomsekvensdata og proteomikkdata til klinisk forskning eller grunnforskning.",manual 2026-09-07
"consult with researchers to analyze problems, recommend technology-based solutions, or determine computational strategies.","Rådføre seg med forskere for å analysere problemer, anbefale teknologiske løsninger og fastsette beregningsstrategier.",manual 2026-09-07
instruct others in the selection and use of bioinformatics tools.,Lære opp andre i valg og bruk av bioinformatikkverktøy.,manual 2026-09-07
"consult with and advise physicians, educators, researchers, government health officials and others regarding medical applications of sciences, such as physics, biology, and chemistry.","Rådgi leger, undervisere, forskere, helsemyndigheter og andre om medisinsk anvendelse av fag som fysikk, biologi og kjemi.",manual 2026-09-07
"communicate research results through conference presentations, scientific publications, or project reports.","Formidle forskningsresultater gjennom konferansepresentasjoner, vitenskapelige publikasjoner og prosjektrapporter.",manual 2026-09-07
"provide direct assistance to farmers by performing activities such as purchasing or selling products and supplies, supervising properties, and collecting soil and herbage samples for testing.","Bistå bønder direkte med oppgaver som kjøp og salg av produkter og innsatsvarer, tilsyn med eiendommer og innsamling av jord- og planteprøver til testing.",manual 2026-09-07
research information requested by farmers.,Finne frem informasjon som bønder etterspør.,manual 2026-09-07
"provide information or recommendations to farmers or other landowners regarding ways in which they can best use land, promote plant growth, or avoid or correct problems such as erosion.","Gi bønder og andre grunneiere informasjon og anbefalinger om hvordan de best kan utnytte jorda, fremme plantevekst og unngå eller rette opp problemer som erosjon.",manual 2026-09-07
"prepare and distribute leaflets, pamphlets, and visual aids for educational and informational purposes.","Utarbeide og distribuere brosjyrer, hefter og visuelle hjelpemidler til opplærings- og informasjonsformål.",manual 2026-09-07
"identify or recommend integrated weed and pest management (ipm) strategies, such as resistant plants, cultural or behavioral controls, soil amendments, insects, natural enemies, barriers, or pesticides.","Identifisere eller anbefale strategier for integrert plantevern, som resistente planter, dyrkingstekniske eller atferdsbaserte tiltak, jordforbedring, nytteinsekter, naturlige fiender, barrierer og plantevernmidler.",manual 2026-09-07
"communicate scientific or technical information to the public, organizations, or internal audiences through oral briefings, written documents, workshops, conferences, training sessions, or public hearings.","Formidle vitenskapelig eller teknisk informasjon til publikum, organisasjoner og interne målgrupper gjennom muntlige orienteringer, skriftlige dokumenter, arbeidsmøter, konferanser, kurs og offentlige høringer.",manual 2026-09-07
"propose new or modified policies involving use of traditional and alternative fuels, transportation of goods, and other factors relating to climate and climate change.","Foreslå ny eller endret politikk for bruk av tradisjonelle og alternative drivstoff, godstransport og andre forhold knyttet til klima og klimaendringer.",manual 2026-09-07
"develop, or contribute to the development of, educational or outreach programs on the environment or climate change.",Utvikle eller bidra til å utvikle undervisnings- eller formidlingsprogrammer om miljø og klimaendringer.,manual 2026-09-07
"prepare study reports, memoranda, briefs, testimonies, or other written materials to inform government or environmental groups on environmental issues such as climate change.","Utarbeide utredninger, notater, sammendrag, høringsuttalelser og annet skriftlig materiale for å informere myndigheter eller miljøorganisasjoner om miljøspørsmål som klimaendringer.",manual 2026-09-07
communicate with management and user personnel to develop production and design standards.,Kommunisere med ledelsen og brukerne for å utvikle produksjons- og designstandarder.,manual 2026-09-07
"analyze complex systems to determine potential for further development, production, interoperability, compatibility, or usefulness in a particular area, such as aviation.","Analysere komplekse systemer for å vurdere potensialet for videreutvikling, produksjon, samvirke, kompatibilitet eller nytte på et bestemt område, som luftfart.",manual 2026-09-07
"confer with clients, vendors, staff, and management personnel regarding purchases, product and production specifications, manufacturing capabilities, or project status.","Drøfte innkjøp, produkt- og produksjonsspesifikasjoner, produksjonskapasitet og prosjektstatus med kunder, leverandører, ansatte og ledelse.",manual 2026-09-07
"provide technical advice to industrial or managerial personnel regarding design, construction, or program modifications or structural repairs.","Gi teknisk rådgivning til fagfolk i industrien og ledere om design, bygging, programendringer og konstruksjonsreparasjoner.",manual 2026-09-07
"prepare project budgets, schedules, or specifications for labor or materials.","Utarbeide prosjektbudsjetter, tidsplaner og spesifikasjoner for arbeidskraft og materialer.",manual 2026-09-07
"confer with contractors, utility companies, or government agencies to discuss plans, specifications, or work schedules.","Drøfte planer, spesifikasjoner og arbeidsplaner med entreprenører, forsyningsselskaper og offentlige etater.",manual 2026-09-07
provide technical support on water resource or treatment issues to government agencies.,Gi offentlige etater teknisk bistand i spørsmål om vannressurser og vannbehandling.,manual 2026-09-07
conduct educational programs that provide farmers or farm cooperative members with information that can help them improve agricultural productivity.,Gjennomføre opplæringsprogrammer som gir bønder og medlemmer av landbrukssamvirker informasjon som kan bedre produktiviteten i landbruket.,manual 2026-09-07
recommend design modifications to eliminate machine or system malfunctions.,Anbefale designendringer for å fjerne feil i maskiner eller systemer.,manual 2026-09-07
write technical reports or proposals related to engineering projects.,Skrive tekniske rapporter og forslag knyttet til ingeniørprosjekter.,manual 2026-09-07
"prepare plans, estimates, design and construction schedules, and contract specifications, including any special provisions.","Utarbeide planer, kostnadsoverslag, prosjekterings- og byggeplaner og kontraktsspesifikasjoner, inkludert eventuelle særbestemmelser.",manual 2026-09-07
confer with research personnel to clarify or resolve problems and to develop or modify designs.,Rådføre seg med forskningspersonale for å avklare eller løse problemer og for å utvikle eller endre design.,manual 2026-09-07
"prepare reports, sketches, working drawings, specifications, proposals, and budgets for proposed sites or systems.","Utarbeide rapporter, skisser, arbeidstegninger, spesifikasjoner, forslag og budsjetter for foreslåtte anlegg eller systemer.",manual 2026-09-07
"provide scientific or technical guidance or expertise to scientists, engineers, technologists, technicians, or others, using knowledge of chemical, analytical, or biological processes as applied to micro and nanoscale systems.","Gi vitenskapelig eller teknisk veiledning til forskere, ingeniører, teknologer, teknikere og andre, basert på kunnskap om kjemiske, analytiske og biologiske prosesser i mikro- og nanoskalasystemer.",manual 2026-09-07
"read current scientific or trade literature to stay abreast of scientific, industrial, or technological advances.","Lese aktuell vitenskapelig litteratur og fagpresse for å holde seg oppdatert på vitenskapelige, industrielle og teknologiske fremskritt.",manual 2026-09-07
write proposals to secure external funding or to partner with other companies.,Skrive søknader for å sikre ekstern finansiering eller inngå samarbeid med andre selskaper.,manual 2026-09-07
teach biomedical engineering or disseminate knowledge about the field through writing or consulting.,Undervise i biomedisinsk teknikk eller formidle kunnskap om faget gjennom skriving eller rådgivning.,manual 2026-09-07
investigate customer or public complaints to determine the nature and extent of problems.,Undersøke klager fra kunder eller publikum for å fastslå problemenes art og omfang.,manual 2026-09-07
integrate electrical systems with renewable energy systems to improve overall efficiency.,Integrere elektriske systemer med fornybare energisystemer for å bedre den samlede effektiviteten.,manual 2026-09-07
"develop systems that produce electricity using renewable energy sources, such as wind, solar, or biofuels.","Utvikle systemer som produserer strøm fra fornybare energikilder som vind, sol og biodrivstoff.",manual 2026-09-07
"evaluate factors such as reporting formats required, cost constraints, and need for security restrictions to determine hardware configuration.","Vurdere faktorer som krav til rapportformater, kostnadsrammer og behov for sikkerhetsbegrensninger for å fastsette maskinvarekonfigurasjon.",manual 2026-09-07
confer with engineering staff and consult specifications to evaluate interface between hardware and software and operational and performance requirements of overall system.,Rådføre seg med ingeniører og gjennomgå spesifikasjoner for å vurdere grensesnittet mellom maskinvare og programvare samt drifts- og ytelseskrav til det samlede systemet.,manual 2026-09-07
"prepare necessary criteria, procedures, reports, or plans for successful conduct of the project with consideration given to site preparation, facility validation, installation, quality assurance, or testing.","Utarbeide nødvendige kriterier, prosedyrer, rapporter og planer for å gjennomføre prosjektet, med hensyn til klargjøring av anleggsområde, validering av anlegg, installasjon, kvalitetssikring og testing.",manual 2026-09-07
provide technical support for radio frequency identification device (rfid) technology.,Gi teknisk støtte for RFID-teknologi.,manual 2026-09-07
"prepare documentation containing information such as confidential descriptions or specifications of proprietary hardware or software, product development or introduction schedules, product costs, or information about product performance weaknesses.","Utarbeide dokumentasjon med opplysninger som konfidensielle beskrivelser eller spesifikasjoner av egenutviklet maskinvare eller programvare, tidsplaner for produktutvikling og lansering, produktkostnader og svakheter ved produktytelsen.",manual 2026-09-07
define and compare possible radio frequency identification device (rfid) solutions to inform selection for specific projects.,Definere og sammenligne mulige RFID-løsninger som grunnlag for valg i konkrete prosjekter.,manual 2026-09-07
prepare graphic representations or drawings of proposed plans or designs.,Utarbeide grafiske fremstillinger eller tegninger av foreslåtte planer eller design.,manual 2026-09-07
develop planting plans for clients to assist them to garden productively or achieve particular aesthetic effects.,Utarbeide planteplaner for kunder som hjelper dem å dyrke effektivt eller oppnå bestemte estetiske virkninger.,manual 2026-09-07
"prepare site plans, specifications, or cost estimates for land development.","Utarbeide situasjonsplaner, spesifikasjoner eller kostnadsoverslag for arealutvikling.",manual 2026-09-07
advise corporations on issues involving corporate image projects or problems.,Gi råd til selskaper om spørsmål knyttet til omdømmeprosjekter eller omdømmeproblemer.,manual 2026-09-07
"sketch rough and detailed drawings of apparel or accessories, and write specifications such as color schemes, construction, material types, and accessory requirements.","Skissere grove og detaljerte tegninger av klær eller tilbehør, og skrive spesifikasjoner for fargevalg, konstruksjon, materialtyper og krav til tilbehør.",manual 2026-09-07
prepare notes and instructions for workers who assemble and prepare final layouts for printing.,Utarbeide notater og instruksjoner til medarbeidere som setter sammen og klargjør endelige oppsett for trykking.,manual 2026-09-07
"apply story development, directing, cinematography, and editing to animation to create storyboards that show the flow of the animation and map out key scenes and characters.","Bruke historieutvikling, regi, filmfotografering og klipping i animasjon for å lage storyboards som viser animasjonens forløp og kartlegger nøkkelscener og figurer.",manual 2026-09-07
research new software or design concepts.,Undersøke ny programvare eller nye designkonsepter.,manual 2026-09-07
"create designs, concepts, and sample layouts, based on knowledge of layout principles and esthetic design concepts.","Lage design, konsepter og eksempeloppsett basert på kunnskap om layoutprinsipper og estetiske designkonsepter.",manual 2026-09-07
"treat children who have minor illnesses, acute and chronic health problems, and growth and development concerns.","Behandle barn med mindre sykdommer, akutte og kroniske helseproblemer og bekymringer knyttet til vekst og utvikling.",manual 2026-09-07
educate patients about maintenance and promotion of healthy vision.,Lære pasienter hvordan de kan bevare og fremme godt syn.,manual 2026-09-07
examine children regularly to assess their growth and development.,Undersøke barn regelmessig for å vurdere vekst og utvikling.,manual 2026-09-07
plan and execute medical care programs to aid in the mental and physical growth and development of children and adolescents.,Planlegge og gjennomføre medisinske behandlingsopplegg som støtter den psykiske og fysiske veksten og utviklingen hos barn og ungdom.,manual 2026-09-07
"communicate examination results or diagnostic information to referring physicians, patients, or families.","Formidle undersøkelsesresultater eller diagnostisk informasjon til henvisende leger, pasienter eller pårørende.",manual 2026-09-07
"provide information about potential health hazards and possible interventions to the media, the public, other health care professionals, or local, state, and federal health authorities.","Informere media, allmennheten, annet helsepersonell og lokale, delstatlige og føderale helsemyndigheter om mulige helsefarer og aktuelle tiltak.",manual 2026-09-07
develop and prescribe exercise programs such as off-season conditioning regimens.,"Utarbeide og foreskrive treningsprogrammer, for eksempel kondisjonstrening utenom sesongen.",manual 2026-09-07
treat diseases of female organs.,Behandle sykdommer i kvinnelige kjønnsorganer.,manual 2026-09-07
instruct individuals and groups on ways to preserve health and prevent disease.,Veilede enkeltpersoner og grupper i hvordan de kan bevare helsen og forebygge sykdom.,manual 2026-09-07
"teach, take continuing education classes, attend conferences or seminars, or conduct research and publish findings to increase understanding of mental, emotional, or behavioral states or disorders.","Undervise, ta etterutdanning, delta på konferanser eller seminarer, eller forske og publisere funn for å øke forståelsen av psykiske, emosjonelle eller atferdsmessige tilstander og lidelser.",manual 2026-09-07
"counsel patients about drug regimens and possible side effects or interactions with other substances such as food supplements, over-the-counter (otc) medications, or herbal remedies.","Veilede pasienter om legemiddelbruk og mulige bivirkninger eller interaksjoner med andre stoffer som kosttilskudd, reseptfrie legemidler eller naturmidler.",manual 2026-09-07
"educate patients about self-management of acute or chronic illnesses, tailoring instructions to patients' individual circumstances.","Lære pasienter å mestre akutt eller kronisk sykdom på egen hånd, med veiledning tilpasset den enkeltes situasjon.",manual 2026-09-07
teach patient education programs that include information required to make informed health care and treatment decisions.,Undervise i pasientopplæringsprogrammer som gir informasjonen pasientene trenger for å ta informerte valg om helsehjelp og behandling.,manual 2026-09-07
"provide patients with information needed to promote health, reduce risk factors, or prevent disease or disability.","Gi pasienter informasjon som trengs for å fremme helse, redusere risikofaktorer eller forebygge sykdom og funksjonsnedsettelse.",manual 2026-09-07
design patient education programs that include information required to make informed health care and treatment decisions.,Utforme pasientopplæringsprogrammer som gir informasjonen pasientene trenger for å ta informerte valg om helsehjelp og behandling.,manual 2026-09-07
"develop treatment plans based on scientific rationale, standards of care, and professional practice guidelines.","Utarbeide behandlingsplaner basert på vitenskapelig grunnlag, behandlingsstandarder og faglige retningslinjer.",manual 2026-09-07
manage newborn care during the first weeks of life.,Ha ansvar for pleie av nyfødte i de første leveukene.,manual 2026-09-07
develop and implement individualized plans for health care management.,Utarbeide og iverksette individuelle planer for oppfølging av helsehjelp.,manual 2026-09-07
"explain procedures to patients, family members, staff members or others.","Forklare prosedyrer for pasienter, pårørende, ansatte eller andre.",manual 2026-09-07
"provide patients with direct family planning services such as inserting intrauterine devices, dispensing oral contraceptives, and fitting cervical barriers including cervical caps or diaphragms.","Gi pasienter prevensjonstjenester som innsetting av spiral, utlevering av p-piller og tilpasning av pessar eller livmorhalshette.",manual 2026-09-07
"publish educational information for other pharmacists, doctors, or patients.","Publisere opplæringsmateriell for andre farmasøyter, leger eller pasienter.",manual 2026-09-07
"advise customers on the selection of medication brands, medical equipment, or healthcare supplies.","Gi kunder råd om valg av legemiddelmerker, medisinsk utstyr eller helseartikler.",manual 2026-09-07
"develop and present health education and promotion programs, such as training workshops, conferences, and school or community presentations.","Utvikle og holde helseopplysnings- og helsefremmende programmer som kurs, konferanser og presentasjoner for skoler eller lokalsamfunn.",manual 2026-09-07
conduct safety training or education programs and demonstrate the use of safety equipment.,Gjennomføre sikkerhetsopplæring og demonstrere bruk av verneutstyr.,manual 2026-09-07
provide new-employee health and safety orientations and develop materials for these presentations.,Gi nyansatte opplæring i helse og sikkerhet og utarbeide materiell til disse presentasjonene.,manual 2026-09-07
recommend methods to increase lifestyle physical activity.,Anbefale metoder for å øke fysisk aktivitet i hverdagen.,manual 2026-09-07
explain exercise program or physiological testing procedures to participants.,Forklare treningsprogram eller fysiologiske testprosedyrer for deltakerne.,manual 2026-09-07
"teach courses or seminars related to exercise or diet for patients, athletes, or community groups.","Holde kurs eller seminarer om trening eller kosthold for pasienter, idrettsutøvere eller lokale grupper.",manual 2026-09-07
"plan, prepare, or carry out individually designed programs of physical treatment to maintain, improve, or restore physical functioning, alleviate pain, or prevent physical dysfunction in patients.","Planlegge, forberede og gjennomføre individuelt tilpassede fysikalske behandlingsopplegg for å bevare, bedre eller gjenopprette fysisk funksjon, lindre smerte eller forebygge funksjonssvikt hos pasienter.",manual 2026-09-07
"educate athletes or coaches on techniques to improve athletic performance, such as heart rate monitoring, recovery techniques, hydration strategies, or training limits.","Lære idrettsutøvere eller trenere teknikker som bedrer prestasjonen, som pulsmåling, restitusjonsteknikker, væskestrategier og treningsgrenser.",manual 2026-09-07
"identify and document goals, anticipated progress, and plans for reevaluation.","Fastsette og dokumentere mål, forventet fremgang og planer for ny vurdering.",manual 2026-09-07
"develop curriculum and prepare manuals, visual aids, course outlines, and other materials used in teaching.","Utvikle læreplaner og utarbeide håndbøker, visuelle hjelpemidler, kursoversikter og annet undervisningsmateriell.",manual 2026-09-07
"advise food service managers and organizations on sanitation, safety procedures, menu development, budgeting, and planning to assist with the establishment, operation, and evaluation of food service facilities and nutrition programs.","Gi råd til ledere og organisasjoner i serveringsbransjen om hygiene, sikkerhetsrutiner, menyutvikling, budsjettering og planlegging for å bistå ved etablering, drift og evaluering av serveringssteder og ernæringsprogrammer.",manual 2026-09-07
plan and prepare grant proposals to request program funding.,Planlegge og utarbeide søknader om tilskudd til finansiering av programmer.,manual 2026-09-07
monitor patients' progress and adjust treatments accordingly.,Følge med på pasientenes fremgang og justere behandlingen deretter.,manual 2026-09-07
"provide consultation, support, or education to groups such as parents and teachers.","Gi rådgivning, støtte eller opplæring til grupper som foreldre og lærere.",manual 2026-09-07
"refer clients to services, such as eye care, health care, rehabilitation, and counseling, to enhance visual and life functioning or when condition exceeds scope of practice.","Henvise klienter til tjenester som øyehelse, helsehjelp, rehabilitering og rådgivning for å bedre syns- og livsfunksjon, eller når tilstanden ligger utenfor eget fagområde.",manual 2026-09-07
"counsel patients about nutrition, exercise, sleeping habits, stress management, or other matters.","Veilede pasienter om kosthold, trening, søvnvaner, stressmestring og andre forhold.",manual 2026-09-07
"prepare and deliver lectures to undergraduate or graduate students on topics such as abnormal psychology, cognitive processes, and work motivation.","Forberede og holde forelesninger for bachelor- og masterstudenter om emner som psykopatologi, kognitive prosesser og arbeidsmotivasjon.",manual 2026-09-07
"prepare and deliver lectures to undergraduate or graduate students on topics such as mechanics, hydraulics, and robotics.","Forberede og holde forelesninger for bachelor- og masterstudenter om emner som mekanikk, hydraulikk og robotikk.",manual 2026-09-07
"prepare and deliver lectures to undergraduate or graduate students on topics such as anatomy, therapeutic recreation, and conditioning theory.","Forberede og holde forelesninger for bachelor- og masterstudenter om emner som anatomi, terapeutisk fritidsaktivitet og treningslære.",manual 2026-09-07
"prepare and deliver lectures to undergraduate or graduate students on topics such as family behavior, child and adolescent mental health, and social intervention evaluation.","Forberede og holde forelesninger for bachelor- og masterstudenter om emner som familieatferd, psykisk helse hos barn og unge og evaluering av sosiale tiltak.",manual 2026-09-07
"prepare and deliver lectures to undergraduate or graduate students and the community on topics such as ethics, logic, and contemporary religious thought.","Forberede og holde forelesninger for bachelor- og masterstudenter og allmennheten om emner som etikk, logikk og moderne religiøs tenkning.",manual 2026-09-07
"supervise independent or group projects, field placements, laboratory work, or other training.","Veilede selvstendige prosjekter eller gruppeprosjekter, praksisplasser, laboratoriearbeid eller annen opplæring.",manual 2026-09-07
"guide and counsel students with adjustment or academic problems, or special academic interests.","Veilede og rådgi studenter med tilpasningsproblemer, faglige problemer eller særskilte faglige interesser.",manual 2026-09-07
"advise students on course selection, career decisions, and other academic and vocational concerns.","Gi studenter råd om emnevalg, karrierevalg og andre faglige og yrkesmessige spørsmål.",manual 2026-09-07
provide individualized instruction and tutorial or remedial instruction.,Gi individuell undervisning og støtte- eller spesialundervisning.,manual 2026-09-07
"plan and supervise class projects, field trips, visits by guest speakers, or other experiential activities, and guide students in learning from those activities.","Planlegge og lede klasseprosjekter, ekskursjoner, gjesteforelesninger og andre praktiske aktiviteter, og veilede elevene i å lære av dem.",manual 2026-09-07
assign and grade class work and homework.,Gi og vurdere skolearbeid og lekser.,manual 2026-09-07
administer standardized ability and achievement tests and interpret results to determine students' strengths and areas of need.,Gjennomføre standardiserte evne- og kunnskapsprøver og tolke resultatene for å finne elevenes sterke sider og behov.,manual 2026-09-07
"prepare objectives and outlines for courses of study, following curriculum guidelines or requirements of states and schools.",Utarbeide mål og oversikter for undervisningsopplegg i tråd med læreplaner og krav fra delstater og skoler.,manual 2026-09-07
meet with parents and guardians to discuss their children's progress and to determine priorities for their children and their resource needs.,Møte foreldre og foresatte for å drøfte barnas fremgang og avklare prioriteringer og ressursbehov for barna.,manual 2026-09-07
"sponsor extracurricular activities such as clubs, student organizations, and academic contests.","Være ansvarlig for fritidsaktiviteter som klubber, elevorganisasjoner og faglige konkurranser.",manual 2026-09-07
prepare reports on students and activities as required by administration.,Utarbeide rapporter om elever og aktiviteter etter krav fra administrasjonen.,manual 2026-09-07
"coordinate and supervise extracurricular activities, such as clubs, student organizations, and academic contests.","Koordinere og lede fritidsaktiviteter som klubber, elevorganisasjoner og faglige konkurranser.",manual 2026-09-07
"confer with parents or guardians, teachers, counselors, and administrators to resolve students' behavioral and academic problems.","Samarbeide med foreldre eller foresatte, lærere, rådgivere og administrasjon for å løse elevenes atferdsmessige og faglige problemer.",manual 2026-09-07
"organize and lead activities designed to promote physical, mental, and social development, such as games, arts and crafts, music, and storytelling.","Organisere og lede aktiviteter som fremmer fysisk, mental og sosial utvikling, som lek, forming, musikk og historiefortelling.",manual 2026-09-07
"collaborate with other teachers and administrators in the development, evaluation, and revision of preschool programs.","Samarbeide med andre lærere og administrasjon om å utvikle, evaluere og revidere barnehageprogrammer.",manual 2026-09-07
"organize and lead activities designed to promote physical, mental, and social development, such as games, arts and crafts, music, storytelling, and field trips.","Organisere og lede aktiviteter som fremmer fysisk, mental og sosial utvikling, som lek, forming, musikk, historiefortelling og utflukter.",manual 2026-09-07
guide and counsel students with adjustment or academic problems or special academic interests.,"Veilede og rådgi elever med tilpasningsproblemer, faglige problemer eller særskilte faglige interesser.",manual 2026-09-07
"prepare, administer, and grade tests and assignments to evaluate children's progress.","Utarbeide, gjennomføre og vurdere prøver og oppgaver for å evaluere barnas fremgang.",manual 2026-09-07
"confer with other staff members to plan and schedule lessons promoting learning, following approved curricula.","Samarbeide med andre ansatte om å planlegge og legge opp undervisning som fremmer læring, i tråd med godkjente læreplaner.",manual 2026-09-07
advise and teach students.,Veilede og undervise studenter.,manual 2026-09-07
teach instructors to use instructional technology or to integrate technology with teaching.,Lære opp undervisere i å bruke undervisningsteknologi eller integrere teknologi i undervisningen.,manual 2026-09-07
develop instruction or training roadmaps for online and blended learning programs.,Utvikle undervisnings- eller opplæringsplaner for nettbaserte og kombinerte læringsprogrammer.,manual 2026-09-07
"define instructional, learning, or performance objectives.","Definere undervisnings-, lærings- eller prestasjonsmål.",manual 2026-09-07
provide additional instruction in vocational areas.,Gi ekstra undervisning i yrkesfag.,manual 2026-09-07
"prepare objectives, outlines, or other materials for courses of study following curriculum guidelines or school or state requirements.","Utarbeide mål, oversikter og annet materiell for undervisningsopplegg i tråd med læreplaner og krav fra skole eller delstat.",manual 2026-09-07
"teach students personal development skills such as goal setting, independence, and self-advocacy.","Lære elever ferdigheter for personlig utvikling som målsetting, selvstendighet og å tale egen sak.",manual 2026-09-07
"communicate behavioral observations and student progress reports to students, parents, teachers, or administrators.","Formidle atferdsobservasjoner og fremdriftsrapporter til elever, foreldre, lærere eller administrasjon.",manual 2026-09-07
"research or recommend textbooks, software, equipment, or other learning materials to complement tutoring.","Undersøke eller anbefale lærebøker, programvare, utstyr eller annet læremateriell som supplerer leksehjelpen.",manual 2026-09-07
"advise students on internships, prospective employers, and job placement services.","Gi studenter råd om praksisplasser, mulige arbeidsgivere og jobbformidlingstjenester.",manual 2026-09-07
"teach students study skills, note-taking skills, and test-taking strategies.","Lære elever studieteknikk, notatteknikk og prøvestrategier.",manual 2026-09-07
"prepare instructional program objectives, outlines, and lesson plans.","Utarbeide mål, oversikter og undervisningsplaner for opplæringsprogrammer.",manual 2026-09-07
"prepare and facilitate tutoring workshops, collaborative projects, or academic support sessions for small groups of students.","Forberede og lede leksehjelpsverksteder, samarbeidsprosjekter eller faglige støttetimer for små elevgrupper.",manual 2026-09-07
"provide feedback to students using positive reinforcement techniques to encourage, motivate, or build confidence in students.","Gi elevene tilbakemelding med positiv forsterkning for å oppmuntre, motivere og bygge selvtillit.",manual 2026-09-07
"maintain records of students' assessment results, progress, feedback, or school performance, ensuring confidentiality of all records.","Føre oversikt over elevenes vurderingsresultater, fremgang, tilbakemeldinger og skoleprestasjoner, og sikre at alle opplysninger behandles konfidensielt.",manual 2026-09-07
"design, plan, organize, or direct orientation and training programs for employees or customers.","Utforme, planlegge, organisere eller lede introduksjons- og opplæringsprogrammer for ansatte eller kunder.",manual 2026-09-07
"counsel individuals to help them understand and overcome personal, social, or behavioral problems affecting their educational or vocational situations.","Veilede enkeltpersoner slik at de forstår og overvinner personlige, sosiale eller atferdsmessige problemer som påvirker utdannings- eller arbeidssituasjonen.",manual 2026-09-07
provide information for teachers and staff members involved in helping students or graduates identify and pursue employment opportunities.,Gi informasjon til lærere og ansatte som hjelper studenter eller nyutdannede med å finne og søke jobbmuligheter.,manual 2026-09-07
"provide advice and technical assistance with cost analysis, fiscal allocation, and budget preparation.","Gi råd og faglig bistand til kostnadsanalyse, fordeling av midler og budsjettarbeid.",manual 2026-09-07
prepare forms and manuals for accounting and bookkeeping personnel and direct their work activities.,Utarbeide skjemaer og håndbøker for regnskaps- og bokføringsmedarbeidere og lede arbeidet deres.,manual 2026-09-07
prepare detailed reports on audit findings.,Utarbeide detaljerte rapporter om revisjonsfunn.,manual 2026-09-07
"conduct seminars or workshops on financial planning topics, such as retirement planning, estate planning, or the evaluation of severance packages.","Holde seminarer eller kurs om økonomisk planlegging, som pensjonsplanlegging, arveplanlegging og vurdering av sluttpakker.",manual 2026-09-07
"prepare reports, exhibits and other supporting schedules that detail an institution's safety and soundness, compliance with laws and regulations, and recommended solutions to questionable financial conditions.","Utarbeide rapporter, vedlegg og andre underlagsdokumenter som beskriver institusjonens soliditet, etterlevelse av lover og forskrifter, og anbefalte løsninger på tvilsomme økonomiske forhold.",manual 2026-09-07
"determine feasibility of designing new facilities or modifying existing facilities, based on factors such as cost, available space, schedule, technical requirements, or ergonomics.","Vurdere om det er gjennomførbart å prosjektere nye anlegg eller endre eksisterende, ut fra faktorer som kostnad, tilgjengelig plass, tidsplan, tekniske krav og ergonomi.",manual 2026-09-07
support the development of training materials and technical manuals.,Bidra til utvikling av opplæringsmateriell og tekniske håndbøker.,manual 2026-09-07
"develop and implement technical project management tools, such as plans, schedules, and responsibility and compliance matrices.","Utvikle og innføre verktøy for teknisk prosjektstyring, som planer, tidsplaner og ansvars- og etterlevelsesmatriser.",manual 2026-09-07
"develop logistic metrics, internal analysis tools, or key performance indicators for business units.","Utvikle logistikkmål, interne analyseverktøy eller nøkkelindikatorer for forretningsenheter.",manual 2026-09-07
propose logistics solutions for customers.,Foreslå logistikkløsninger for kunder.,manual 2026-09-07
identify or develop business rules or standard operating procedures to streamline operating processes.,Identifisere eller utvikle forretningsregler eller standardprosedyrer for å effektivisere driftsprosessene.,manual 2026-09-07
"design security policies, programs, or practices to ensure adequate security relating to issues such as protection of assets, alarm response, and access card use.","Utforme sikkerhetsregler, -programmer og -rutiner som sikrer tilstrekkelig sikkerhet på områder som vern av verdier, alarmutrykning og bruk av adgangskort.",manual 2026-09-07
"stay abreast of changes in import or export laws or regulations by reading current literature, attending meetings or conferences, or conferring with colleagues.","Holde seg oppdatert på endringer i import- og eksportregelverket ved å lese faglitteratur, delta på møter eller konferanser, eller rådføre seg med kolleger.",manual 2026-09-07
"select and purchase technical web services, such as web hosting services, online merchant accounts, shopping cart software, payment gateway software, or spyware.","Velge og kjøpe tekniske nettjenester som webhotell, nettbutikkontoer, handlekurvprogramvare, betalingsløsninger eller spionprogramvare.",manual 2026-09-07
review employment applications and job orders to match applicants with job requirements.,Gjennomgå jobbsøknader og stillingsoppdrag for å matche søkere med kravene til stillingen.,manual 2026-09-07
"select qualified job applicants or refer them to managers, making hiring recommendations when appropriate.","Velge ut kvalifiserte søkere eller henvise dem til ledere, og gi tilsettingsanbefalinger der det er aktuelt.",manual 2026-09-07
adapt text to accommodate musical requirements of composers and singers.,Tilpasse tekst til de musikalske kravene fra komponister og sangere.,manual 2026-09-07
"invent names for products and write the slogans that appear on packaging, brochures and other promotional material.","Finne på produktnavn og skrive slagordene som brukes på emballasje, brosjyrer og annet reklamemateriell.",manual 2026-09-07
"write words to fit musical compositions, including lyrics for operas, musical plays, and choral works.","Skrive tekster til musikkverk, blant annet til operaer, musikaler og korverk.",manual 2026-09-07
prepare or deliver speeches to further public relations objectives.,Forberede eller holde taler som fremmer PR-målene.,manual 2026-09-07
confer with other managers to identify trends or key group interests or concerns or to provide advice on business decisions.,"Rådføre seg med andre ledere for å identifisere trender eller viktige gruppeinteresser og bekymringer, eller for å gi råd om forretningsbeslutninger.",manual 2026-09-07
"select or assist customers in selecting products based on customer needs, product specifications, and applicable regulations.","Velge produkter eller hjelpe kunder med å velge produkter ut fra kundens behov, produktspesifikasjoner og gjeldende regelverk.",manual 2026-09-07
"visit establishments, such as pharmacies, to determine product sales.",Besøke virksomheter som apotek for å kartlegge produktsalget.,manual 2026-09-07
advise customers on product usage to improve production.,Gi kunder råd om produktbruk for å bedre produksjonen.,manual 2026-09-07
"attend sales or trade meetings or read related publications to obtain information about market conditions, business trends, environmental regulations, or industry developments.","Delta på salgs- eller bransjemøter eller lese fagpublikasjoner for å skaffe informasjon om markedsforhold, forretningstrender, miljøregelverk og utviklingen i bransjen.",manual 2026-09-07
confer with customers and engineers to assess equipment needs and to determine system requirements.,Rådføre seg med kunder og ingeniører for å vurdere utstyrsbehov og fastsette systemkrav.,manual 2026-09-07
recommend new equipment or software packages.,Anbefale nytt utstyr eller nye programvarepakker.,manual 2026-09-07
"evaluate factors such as reporting formats required, cost constraints, or need for security restrictions to determine hardware configuration.","Vurdere faktorer som nødvendige rapportformater, kostnadsrammer og behov for sikkerhetsbegrensninger for å fastsette maskinvarekonfigurasjon.",manual 2026-09-07
"provide clear, detailed descriptions of web site specifications, such as product features, activities, software, communication protocols, programming languages, and operating systems software and hardware.","Gi klare og detaljerte beskrivelser av nettstedsspesifikasjoner som produktfunksjoner, aktiviteter, programvare, kommunikasjonsprotokoller, programmeringsspråk, operativsystemer og maskinvare.",manual 2026-09-07
"design and implement web site security measures, such as firewalls or message encryption.","Utforme og innføre sikkerhetstiltak for nettsteder, som brannmurer eller kryptering av meldinger.",manual 2026-09-07
"research, document, rate, or select alternatives for web architecture or technologies.","Undersøke, dokumentere, vurdere eller velge alternativer for webarkitektur eller webteknologi.",manual 2026-09-07
collaborate with computer manufacturers and other users to develop new programming methods.,Samarbeide med datamaskinprodusenter og andre brukere om å utvikle nye programmeringsmetoder.,manual 2026-09-07
write or contribute to instructions or manuals to guide end users.,Skrive eller bidra til veiledninger eller håndbøker for sluttbrukere.,manual 2026-09-07
consult with multiple stakeholders to define requirements and implement online features.,Rådføre seg med ulike interessenter for å definere krav og innføre nettfunksjoner.,manual 2026-09-07
"search electronic sources, such as databases or repositories, or manual sources for information.","Søke etter informasjon i elektroniske kilder som databaser og arkiver, eller i manuelle kilder.",manual 2026-09-07
"develop transactional web applications, using web programming software and knowledge of programming languages, such as hypertext markup language (html) and extensible markup language (xml).",Utvikle transaksjonsbaserte nettapplikasjoner ved hjelp av webprogrammeringsverktøy og kunnskap om språk som HTML og XML.,manual 2026-09-07
provide technical guidance or support for the development or troubleshooting of systems.,Gi teknisk veiledning eller støtte ved utvikling eller feilsøking av systemer.,manual 2026-09-07
"design databases to support business applications, ensuring system scalability, security, performance and reliability.","Utforme databaser som støtter forretningsapplikasjoner, og sikre skalerbarhet, sikkerhet, ytelse og pålitelighet.",manual 2026-09-07
"determine supplementary virtual features, such as currency, item catalog, menu design, and audio direction.","Fastsette supplerende virtuelle funksjoner som valuta, gjenstandskatalog, menydesign og lydregi.",manual 2026-09-07
evaluate or recommend software for testing or bug tracking.,Vurdere eller anbefale programvare for testing eller feilsporing.,manual 2026-09-07
identify and evaluate industry trends in database systems to serve as a source of information and advice for upper management.,Identifisere og vurdere bransjetrender innen databasesystemer for å være en kilde til informasjon og råd for toppledelsen.,manual 2026-09-07
"establish and calculate optimum values for database parameters, using manuals and calculator.",Fastsette og beregne optimale verdier for databaseparametere ved hjelp av håndbøker og kalkulator.,manual 2026-09-07
"research new technologies by attending seminars, reading trade articles, or taking classes, and implement or recommend the implementation of new technologies.","Undersøke ny teknologi gjennom seminarer, fagartikler eller kurs, og innføre eller anbefale innføring av ny teknologi.",manual 2026-09-07
"recommend changes to improve systems and network configurations, and determine hardware or software requirements related to such changes.","Anbefale endringer som forbedrer system- og nettverkskonfigurasjoner, og fastsette hvilke maskin- eller programvarekrav endringene medfører.",manual 2026-09-07
"instruct in use of voice, video, and data communications systems.","Gi opplæring i bruk av tale-, video- og datakommunikasjonssystemer.",manual 2026-09-07
"prepare detailed network specifications, including diagrams, charts, equipment configurations, or recommended technologies.","Utarbeide detaljerte nettverksspesifikasjoner med diagrammer, oversikter, utstyrskonfigurasjoner og anbefalte teknologier.",manual 2026-09-07
"communicate with telecommunications vendors to obtain pricing and technical specifications for available hardware, software, or services.","Kontakte teleleverandører for å innhente priser og tekniske spesifikasjoner for tilgjengelig maskinvare, programvare eller tjenester.",manual 2026-09-07
"develop and write procedures for installation, use, or troubleshooting of communications hardware or software.","Utvikle og skrive prosedyrer for installasjon, bruk og feilsøking av kommunikasjonsmaskinvare og -programvare.",manual 2026-09-07
prepare design presentations and proposals for staff or customers.,Utarbeide designpresentasjoner og forslag til ansatte eller kunder.,manual 2026-09-07
"consult with users, administrators, and engineers to identify business and technical requirements for proposed system modifications or technology purchases.","Rådføre seg med brukere, administratorer og ingeniører for å kartlegge forretningsmessige og tekniske krav til foreslåtte systemendringer eller teknologiinnkjøp.",manual 2026-09-07
"prepare legal briefs and opinions, and file appeals in state and federal courts of appeal.","Utarbeide prosesskriv og juridiske betenkninger, og inngi anker til delstatlige og føderale ankedomstoler.",manual 2026-09-07
"advise clients concerning business transactions, claim liability, advisability of prosecuting or defending lawsuits, or legal rights and obligations.","Gi klienter råd om forretningstransaksjoner, erstatningsansvar, om det er tilrådelig å reise eller forsvare søksmål, og om juridiske rettigheter og plikter.",manual 2026-09-07
"prepare and draft legal documents, such as wills, deeds, patent applications, mortgages, leases, and contracts.","Utarbeide juridiske dokumenter som testamenter, skjøter, patentsøknader, pantedokumenter, leiekontrakter og avtaler.",manual 2026-09-07
evaluate findings and develop strategies and arguments in preparation for presentation of cases.,Vurdere funn og utvikle strategier og argumenter som forberedelse til å føre saker.,manual 2026-09-07
write decisions on cases.,Skrive avgjørelser i saker.,manual 2026-09-07
"use mediation techniques to facilitate communication between disputants, to further parties' understanding of different perspectives, and to guide parties toward mutual agreement.","Bruke meklingsteknikker for å lette kommunikasjonen mellom partene, øke forståelsen for ulike perspektiver og lede partene mot enighet.",manual 2026-09-07
"confer with disputants to clarify issues, identify underlying concerns, and develop an understanding of their respective needs and interests.","Snakke med partene i tvisten for å klargjøre spørsmålene, avdekke underliggende bekymringer og forstå partenes behov og interesser.",manual 2026-09-07
"write and review grant proposals, journal articles, institutional reports, and publicity materials.","Skrive og gjennomgå tilskuddssøknader, tidsskriftartikler, institusjonsrapporter og informasjonsmateriell.",manual 2026-09-07
research and record the origins and historical significance of archival materials.,Undersøke og dokumentere opphavet til og den historiske betydningen av arkivmateriale.,manual 2026-09-07
"schedule events and organize details, including refreshment, entertainment, decorations, and the collection of any fees.","Planlegge arrangementer og organisere detaljer som servering, underholdning, dekorasjoner og innkreving av eventuelle avgifter.",manual 2026-09-07
produce rough and finished graphics and graphic designs.,Lage både skisser og ferdig grafikk og grafisk design.,manual 2026-09-07
"instruct users in the selection, use, and design of audio-visual materials and assist them in the preparation of instructional materials and the rehearsal of presentations.","Veilede brukere i valg, bruk og utforming av audiovisuelt materiell, og hjelpe dem med å utarbeide undervisningsmateriell og øve på presentasjoner.",manual 2026-09-07
"author or publish professional articles, internal documents, and instructional materials.","Skrive eller publisere fagartikler, interne dokumenter og undervisningsmateriell.",manual 2026-09-07
"set up, adjust, and operate audio-visual equipment, such as cameras, film and slide projectors, and recording equipment, for meetings, events, classes, seminars, and video conferences.","Rigge, justere og betjene audiovisuelt utstyr som kameraer, film- og lysbildeprosjektorer og opptaksutstyr til møter, arrangementer, undervisning, seminarer og videokonferanser.",manual 2026-09-07
write proposals for research or project grants.,Skrive søknader om forsknings- eller prosjektmidler.,manual 2026-09-07
"develop manuals, texts, workbooks, or related materials for use in conjunction with production materials.","Utvikle håndbøker, tekster, arbeidsbøker eller lignende materiell til bruk sammen med produksjonsmateriellet.",manual 2026-09-07
"determine formats, approaches, content, levels, and mediums necessary to meet production objectives effectively and within budgetary constraints.","Fastsette hvilke formater, tilnærminger, innhold, nivåer og medier som trengs for å nå produksjonsmålene effektivt og innenfor budsjettet.",manual 2026-09-07
"provide advice and consultation on economic relationships to businesses, public and private agencies, and other employers.","Gi råd og veiledning om økonomiske sammenhenger til bedrifter, offentlige og private etater og andre arbeidsgivere.",manual 2026-09-07
supervise research projects and students' study projects.,Veilede forskningsprosjekter og studentenes studieprosjekter.,manual 2026-09-07
conduct research on economic issues and disseminate research findings through technical reports or scientific articles in journals.,Forske på økonomiske spørsmål og formidle funnene gjennom fagrapporter eller vitenskapelige tidsskriftartikler.,manual 2026-09-07
"formulate recommendations, policies, or plans to solve economic problems or to interpret markets.","Formulere anbefalinger, retningslinjer eller planer for å løse økonomiske problemer eller tolke markeder.",manual 2026-09-07
"explain the origins and physical, social, or cultural development of humans, including physical attributes, cultural traditions, beliefs, languages, resource management practices, and settlement patterns.","Forklare menneskets opprinnelse og fysiske, sosiale og kulturelle utvikling, herunder fysiske trekk, kulturelle tradisjoner, trosforestillinger, språk, ressursforvaltning og bosettingsmønstre.",manual 2026-09-07
"develop, implement, and evaluate methods of data collection, such as questionnaires or interviews.","Utvikle, gjennomføre og evaluere datainnsamlingsmetoder som spørreskjemaer eller intervjuer.",manual 2026-09-07
"plan and conduct research to develop and test theories about societal issues such as crime, group relations, poverty, and aging.","Planlegge og gjennomføre forskning for å utvikle og teste teorier om samfunnsspørsmål som kriminalitet, gruppeforhold, fattigdom og aldring.",manual 2026-09-07
examine museum collections of hominid fossils to classify anatomical and physiological variations and to determine how they fit into evolutionary theory.,Undersøke museumssamlinger av hominidfossiler for å klassifisere anatomiske og fysiologiske variasjoner og avgjøre hvordan de passer inn i evolusjonsteorien.,manual 2026-09-07
study archival collections of primary historical sources to help explain the origins and development of cultural patterns.,Studere arkivsamlinger av historiske primærkilder for å forklare opprinnelsen til og utviklingen av kulturelle mønstre.,manual 2026-09-07
formulate general rules that describe and predict the development and behavior of cultures and social institutions.,Formulere generelle regler som beskriver og forutsier utviklingen og atferden til kulturer og sosiale institusjoner.,manual 2026-09-07
"write drafts of legislative proposals, and prepare speeches, correspondence, and policy papers for governmental use.","Skrive utkast til lovforslag og utarbeide taler, korrespondanse og politiske notater til bruk i forvaltningen.",manual 2026-09-07
"gather historical data from sources such as archives, court records, diaries, news files, and photographs, as well as collect data sources such as books, pamphlets, and periodicals.","Samle historiske data fra kilder som arkiver, rettsprotokoller, dagbøker, avisarkiver og fotografier, og samle inn kilder som bøker, brosjyrer og tidsskrifter.",manual 2026-09-07
"determine which topics to research, or pursue research topics specified by clients or employers.","Bestemme hvilke temaer som skal undersøkes, eller arbeide med forskningstemaer fastsatt av oppdragsgivere eller arbeidsgivere.",manual 2026-09-07
"teach and conduct research in colleges, universities, museums, and other research agencies and schools.","Undervise og forske ved høyskoler, universiteter, museer og andre forskningsinstitusjoner og skoler.",manual 2026-09-07
"trace historical development in a particular field, such as social, cultural, political, or diplomatic history.","Spore den historiske utviklingen på et bestemt felt, som sosialhistorie, kulturhistorie, politisk historie eller diplomatisk historie.",manual 2026-09-07
"disseminate research results through academic publications, written reports, or public presentations.","Formidle forskningsresultater gjennom vitenskapelige publikasjoner, skriftlige rapporter eller offentlige presentasjoner.",manual 2026-09-07
"research the history of a particular country or region, or of a specific time period.","Forske på historien til et bestemt land eller en bestemt region, eller til en bestemt tidsperiode.",manual 2026-09-07
"advise management concerning personnel, managerial, and marketing policies and practices and their potential effects on organizational effectiveness and efficiency.","Gi ledelsen råd om personal-, ledelses- og markedsføringspolitikk og -praksis, og om hvordan disse kan påvirke organisasjonens effektivitet.",manual 2026-09-07
"identify psychological, emotional, or behavioral issues and diagnose disorders, using information obtained from interviews, tests, records, and reference materials.","Identifisere psykiske, emosjonelle eller atferdsmessige problemer og diagnostisere lidelser ut fra informasjon fra intervjuer, tester, journaler og referansemateriale.",manual 2026-09-07
"counsel individuals and groups regarding problems, such as stress, substance abuse, and family situations, to modify behavior or to improve personal, social, and vocational adjustment.","Veilede enkeltpersoner og grupper om problemer som stress, rusmisbruk og familieforhold for å endre atferd eller bedre personlig, sosial og yrkesmessig tilpasning.",manual 2026-09-07
"analyze data such as interview notes, test results, and reference manuals to identify symptoms and to diagnose the nature of clients' problems.","Analysere data som intervjunotater, testresultater og oppslagsverk for å identifisere symptomer og diagnostisere klientenes problemer.",manual 2026-09-07
provide psychological or administrative services and advice to private firms and community agencies regarding mental health programs or individual cases.,Gi psykologiske eller administrative tjenester og råd til private bedrifter og offentlige etater om programmer for psykisk helse eller enkeltsaker.,manual 2026-09-07
"locate barriers to client employment, such as inaccessible work sites, inflexible schedules, and transportation problems, and work with clients to develop strategies for overcoming these barriers.","Avdekke hindringer for klientenes sysselsetting, som utilgjengelige arbeidsplasser, lite fleksible arbeidstider og transportproblemer, og utvikle strategier sammen med klientene for å overvinne dem.",manual 2026-09-07
"instruct others in program methods, procedures, or functions.","Gi andre opplæring i programmets metoder, prosedyrer eller funksjoner.",manual 2026-09-07
"counsel clients and patients in individual and group sessions to help them overcome dependencies, recover from illness, and adjust to life.","Veilede klienter og pasienter individuelt og i grupper for å hjelpe dem med å overvinne avhengighet, komme seg etter sykdom og tilpasse seg livet.",manual 2026-09-07
"provide instructions to clients on how to obtain help with legal, financial, and other personal issues.","Veilede klienter i hvordan de kan få hjelp med juridiske, økonomiske og andre personlige spørsmål.",manual 2026-09-07
"provide public education and consultation to other professionals or groups regarding counseling services, issues, and methods.","Drive opplysningsarbeid og gi rådgivning til andre fagpersoner eller grupper om rådgivningstjenester, problemstillinger og metoder.",manual 2026-09-07
"educate clients or community members about mental or physical illness, abuse, medication, or available community resources.","Informere klienter eller innbyggere om psykisk eller fysisk sykdom, misbruk, medisinering og tilgjengelige hjelpetilbud.",manual 2026-09-07
"plan, organize, or lead structured programs of counseling, work, study, recreation, or social activities for clients.","Planlegge, organisere eller lede strukturerte opplegg for rådgivning, arbeid, studier, fritid eller sosiale aktiviteter for klienter.",manual 2026-09-07
prepare and deliver sermons or other talks.,Forberede og holde prekener eller andre taler.,manual 2026-09-07
"counsel individuals or groups concerning their spiritual, emotional, or personal needs.","Veilede enkeltpersoner eller grupper om åndelige, emosjonelle eller personlige behov.",manual 2026-09-07
"counsel individuals regarding interpersonal, health, financial, or religious problems.","Veilede enkeltpersoner om mellommenneskelige, helsemessige, økonomiske eller religiøse problemer.",manual 2026-09-07
pray and promote spirituality.,Be og fremme åndelighet.,manual 2026-09-07
prepare people for participation in religious ceremonies.,Forberede mennesker på deltakelse i religiøse seremonier.,manual 2026-09-07
"schedule special events such as camps, conferences, meetings, seminars, or retreats.","Planlegge spesielle arrangementer som leirer, konferanser, møter, seminarer eller retreater.",manual 2026-09-07
plan or lead religious education programs.,Planlegge eller lede religiøse opplæringsprogrammer.,manual 2026-09-07
"study and interpret religious laws, doctrines, or traditions.","Studere og tolke religiøse lover, læresetninger eller tradisjoner.",manual 2026-09-07
"organize or engage in interfaith, community, civic, educational, or recreational activities sponsored by or related to religious programs.","Organisere eller delta i tverreligiøse, lokale, samfunnsmessige, pedagogiske eller fritidsrettede aktiviteter i regi av eller knyttet til religiøse programmer.",manual 2026-09-07
"review published materials and recommend revisions or changes in scope, format, content, and methods of reproduction and binding.","Gjennomgå publisert materiell og anbefale revisjoner eller endringer i omfang, format, innhold og metoder for trykking og innbinding.",manual 2026-09-07
"report on specialized fields such as medicine, green technology, environmental issues, science, politics, sports, arts, consumer affairs, business, religion, crime, or education.","Rapportere fra spesialfelt som medisin, grønn teknologi, miljøspørsmål, vitenskap, politikk, sport, kunst, forbrukersaker, næringsliv, religion, kriminalitet eller utdanning.",manual 2026-09-07
"develop story or content ideas, considering reader or audience appeal.",Utvikle ideer til saker eller innhold med tanke på hva som appellerer til lesere eller publikum.,manual 2026-09-07
"report news stories for publication or broadcast, describing the background and details of events.","Rapportere nyhetssaker for publisering eller kringkasting, med beskrivelse av bakgrunnen for og detaljene i hendelsene.",manual 2026-09-07
"compile terminology and information to be used in translations, including technical terms such as those for legal or medical material.","Samle terminologi og informasjon til bruk i oversettelser, inkludert fagtermer for juridisk eller medisinsk materiale.",manual 2026-09-07
discuss translation requirements with clients and determine any fees to be charged for services provided.,Drøfte krav til oversettelsen med kunder og fastsette eventuelle honorarer for tjenestene.,manual 2026-09-07
"check original texts or confer with authors to ensure that translations retain the content, meaning, and feeling of the original material.","Kontrollere originaltekster eller rådføre seg med forfattere for å sikre at oversettelsen bevarer innholdet, meningen og stemningen i originalen.",manual 2026-09-07
check translations of technical terms and terminology to ensure that they are accurate and remain consistent throughout translation revisions.,Kontrollere oversettelser av fagtermer og terminologi for å sikre at de er korrekte og brukes konsekvent gjennom alle revisjoner.,manual 2026-09-07
"use materials such as pens and ink, watercolors, charcoal, oil, or computer software to create artwork.","Bruke materialer som penn og blekk, akvarell, kull, olje eller programvare til å lage kunstverk.",manual 2026-09-07
"integrate and develop visual elements, such as line, space, mass, color, and perspective, to produce desired effects, such as the illustration of ideas, emotions, or moods.","Kombinere og utvikle visuelle elementer som linje, rom, masse, farge og perspektiv for å oppnå ønskede effekter, som å illustrere ideer, følelser eller stemninger.",manual 2026-09-07
"create sketches, profiles, or likenesses of posed subjects or photographs, using any combination of freehand drawing, mechanical assembly kits, and computer imaging.","Lage skisser, profiler eller portretter av poserende modeller eller fotografier ved hjelp av frihåndstegning, mekaniske byggesett og digital bildebehandling.",manual 2026-09-07
"create functional or decorative objects by hand, using a variety of methods and materials.",Lage bruksgjenstander eller dekorative gjenstander for hånd med ulike metoder og materialer.,manual 2026-09-07
"maintain portfolios of artistic work to demonstrate styles, interests, and abilities.","Vedlikeholde porteføljer med kunstnerisk arbeid som viser stil, interesser og ferdigheter.",manual 2026-09-07
"create and prepare sketches and model drawings of cartoon characters, providing details from memory, live models, manufactured products, or reference materials.","Lage skisser og modelltegninger av tegneseriefigurer, med detaljer fra hukommelsen, levende modeller, produkter eller referansemateriale.",manual 2026-09-07
provide entertainment at special events by performing activities such as drawing cartoons.,"Underholde ved spesielle arrangementer, for eksempel ved å tegne karikaturer.",manual 2026-09-07
"write music for commercial mediums, including advertising jingles or film soundtracks.","Skrive musikk for kommersielle medier, som reklamejingler og filmmusikk.",manual 2026-09-07
"interpret or modify music, applying knowledge of harmony, melody, rhythm, and voice production to individualize presentations and maintain audience interest.","Tolke eller bearbeide musikk ved hjelp av kunnskap om harmoni, melodi, rytme og stemmebruk for å gi fremføringen et personlig preg og holde på publikums interesse.",manual 2026-09-07
study films or scripts to determine how musical scores can be used to create desired effects or moods.,Studere filmer eller manus for å avgjøre hvordan musikk kan brukes til å skape ønskede effekter eller stemninger.,manual 2026-09-07
"research particular roles to find out more about a character, or the time and place in which a piece is set.",Undersøke bestemte roller for å lære mer om en karakter eller om tiden og stedet et stykke utspiller seg i.,manual 2026-09-07
confer with producers and directors to define the nature and placement of film or television music.,"Rådføre seg med produsenter og regissører om hva slags musikk film- eller TV-produksjonen skal ha, og hvor den skal plasseres.",manual 2026-09-07
seek out and learn new music suitable for live performance or recording.,Finne og lære seg ny musikk som egner seg for konserter eller innspilling.,manual 2026-09-07
"arrange music composed by others, changing the music to achieve desired effects.",Arrangere musikk komponert av andre og endre den for å oppnå ønskede effekter.,manual 2026-09-07
"apply elements of music theory to create musical and tonal structures, including harmonies and melodies.","Bruke musikkteori til å skape musikalske og tonale strukturer, som harmonier og melodier.",manual 2026-09-07
"rewrite original musical scores in different musical styles by changing rhythms, harmonies, or tempos.","Omskrive originale partiturer i andre musikkstiler ved å endre rytmer, harmonier eller tempo.",manual 2026-09-07
"write musical scores for orchestras, bands, choral groups, or individual instrumentalists or vocalists, using knowledge of music theory and of instrumental and vocal capabilities.","Skrive partiturer for orkestre, band, kor eller enkeltmusikere og sangere, med bruk av kunnskap om musikkteori og om instrumentenes og stemmenes muligheter.",manual 2026-09-07
"provide the musical background for live shows such as ballets, operas, musical theatre, and cabarets.","Stå for musikken til sceneforestillinger som ballett, opera, musikaler og kabareter.",manual 2026-09-07
"teach students, dancers, and other performers about rhythm and interpretive movement.","Undervise elever, dansere og andre utøvere i rytme og bevegelsesuttrykk.",manual 2026-09-07
prepare detailed storyboards showing sequence and timing of story development for television production.,Utarbeide detaljerte storyboards som viser rekkefølge og timing i historien for TV-produksjoner.,manual 2026-09-07
"consult with writers, producers, or actors about script changes or ""workshop"" scripts, through rehearsal with writers and actors to create final drafts.","Rådføre seg med forfattere, produsenter eller skuespillere om manusendringer, eller bearbeide manus gjennom prøver med forfattere og skuespillere for å lage endelige utkast.",manual 2026-09-07
"confer with clients to determine objectives, budget, background information, and presentation approaches, styles, and techniques.","Rådføre seg med kunder for å avklare mål, budsjett, bakgrunnsinformasjon og tilnærming, stil og teknikk for presentasjonen.",manual 2026-09-07
"research production topics using the internet, video archives, and other informational sources.","Undersøke temaer for produksjoner ved hjelp av internett, videoarkiver og andre informasjonskilder.",manual 2026-09-07
confer with producers and directors concerning layout or editing approaches needed to increase dramatic or entertainment value of productions.,Rådføre seg med produsenter og regissører om oppsett eller klippemetoder som kan øke produksjonens dramatiske verdi eller underholdningsverdi.,manual 2026-09-07
"mark up, paste, and complete layouts and write typography instructions to prepare materials for typesetting or printing.","Merke opp, montere og ferdigstille layout og skrive typografiske anvisninger for å klargjøre materiale til setting eller trykking.",manual 2026-09-07
read scripts and confer with producers to determine the types and numbers of performers required for a given production.,Lese manus og rådføre seg med produsenter for å avgjøre hvilke og hvor mange utøvere en produksjon trenger.,manual 2026-09-07
locate guests to appear on talk or interview shows.,Finne gjester til talkshow eller intervjuprogrammer.,manual 2026-09-07
draft detailed dimensional drawings and design layouts for projects and to ensure conformance to specifications.,Utarbeide detaljerte måltegninger og designoppsett for prosjekter og sikre samsvar med spesifikasjonene.,manual 2026-09-07
"sample and test air to identify gasses, such as bromine, ozone, or sulfur dioxide, or particulates, such as mold, dust, or allergens.","Ta luftprøver og teste dem for gasser som brom, ozon og svoveldioksid, eller partikler som mugg, støv og allergener.",manual 2026-09-07
"assist engineers in the design, configuration, or application of robotic systems.","Bistå ingeniører med utforming, konfigurering eller bruk av robotsystemer.",manual 2026-09-07
"provide technical assistance in resolving electrical engineering problems encountered before, during, or after construction.","Gi teknisk bistand til å løse elektrotekniske problemer som oppstår før, under eller etter bygging.",manual 2026-09-07
"provide user applications or engineering support or recommendations for new or existing equipment with regard to installation, upgrades, or enhancements.","Gi brukerstøtte, teknisk støtte eller anbefalinger for nytt eller eksisterende utstyr når det gjelder installasjon, oppgraderinger eller forbedringer.",manual 2026-09-07
identify solutions to on-site technical design problems involving electrical systems equipment.,Finne løsninger på tekniske designproblemer med elektrisk utstyr ute på anlegget.,manual 2026-09-07
"adjust or replace defective or improperly functioning circuitry or electronics components, using hand tools or soldering iron.",Justere eller skifte defekte eller feilfungerende kretser eller elektronikkomponenter med håndverktøy eller loddebolt.,manual 2026-09-07
"select electronics equipment, components, or systems to meet functional specifications.","Velge elektronisk utstyr, komponenter eller systemer som oppfyller funksjonelle spesifikasjoner.",manual 2026-09-07
"prepare specifications, designs, or sketches for machines, components, or systems related to the generation, transmission, or use of mechanical or fluid energy.","Utarbeide spesifikasjoner, tegninger eller skisser for maskiner, komponenter eller systemer knyttet til produksjon, overføring eller bruk av mekanisk eller hydraulisk energi.",manual 2026-09-07
"select and use laboratory, operational, or diagnostic techniques or test equipment to assess electromechanical circuits, equipment, processes, systems, or subsystems.","Velge og bruke laboratorie-, drifts- eller diagnoseteknikker og testutstyr for å vurdere elektromekaniske kretser, utstyr, prosesser, systemer eller delsystemer.",manual 2026-09-07
"select electromechanical equipment, materials, components, or systems to meet functional specifications.","Velge elektromekanisk utstyr, materialer, komponenter eller systemer som oppfyller funksjonelle spesifikasjoner.",manual 2026-09-07
"integrate software or hardware components, using computer, microprocessor, or control architecture.","Integrere programvare- eller maskinvarekomponenter ved hjelp av datamaskin-, mikroprosessor- eller styringsarkitektur.",manual 2026-09-07
prepare cost and materials estimates or project schedules.,Utarbeide kostnads- og materialoverslag eller fremdriftsplaner.,manual 2026-09-07
"assist nanoscientists, engineers, or technologists in writing process specifications or documentation.","Bistå nanoforskere, ingeniører eller teknologer med å skrive prosesspesifikasjoner eller dokumentasjon.",manual 2026-09-07
"draw rough and detailed scale plans for foundations, buildings, and structures, based on preliminary concepts, sketches, engineering calculations, specification sheets, and other data.","Tegne grove og detaljerte målestokkriktige planer for fundamenter, bygninger og konstruksjoner basert på foreløpige konsepter, skisser, ingeniørberegninger, spesifikasjonsark og andre data.",manual 2026-09-07
prepare colored drawings of landscape and interior designs for presentation to client.,Lage fargetegninger av landskaps- og interiørdesign til presentasjon for kunden.,manual 2026-09-07
assemble documentation packages and produce drawing sets which are checked by an engineer or an architect.,Sette sammen dokumentasjonspakker og lage tegningssett som kontrolleres av en ingeniør eller arkitekt.,manual 2026-09-07
"interact with the public to answer traffic-related questions, respond to complaints or requests, or discuss traffic control ordinances, plans, policies, or procedures.","Svare publikum på trafikkrelaterte spørsmål, følge opp klager eller henvendelser, og drøfte trafikkforskrifter, planer, retningslinjer eller rutiner.",manual 2026-09-07
evaluate new technologies and methods to make recommendations regarding their use.,Vurdere nye teknologier og metoder og gi anbefalinger om bruken av dem.,manual 2026-09-07
"provide technical assistance to installers, technicians, or other solar professionals in areas such as solar electric systems, solar thermal systems, electrical systems, and mechanical systems.","Gi teknisk bistand til montører, teknikere og andre solenergifagfolk på områder som solcelleanlegg, solfangeranlegg, elektriske anlegg og mekaniske anlegg.",manual 2026-09-07
"provide assistance to food scientists or technologists in research and development, production technology, or quality control.","Bistå næringsmiddelforskere eller -teknologer med forskning og utvikling, produksjonsteknologi eller kvalitetskontroll.",manual 2026-09-07
"provide information about, and enforce, regulations such as those concerning environmental protection, resource utilization, fire safety and accident prevention.","Informere om og håndheve regelverk for blant annet miljøvern, ressursbruk, brannsikkerhet og ulykkesforebygging.",manual 2026-09-07
"compute or estimate cash, payroll, transportation, personnel, or storage requirements.","Beregne eller anslå behov for kontanter, lønnsmidler, transport, personale eller lagerplass.",manual 2026-09-07
explain test procedures and safety precautions to patients and provide them with assistance during test procedures.,"Forklare pasienter undersøkelsesprosedyrer og sikkerhetstiltak, og hjelpe dem under undersøkelsen.",manual 2026-09-07
"operate ultrasound equipment to produce and record images of the motion, shape, and composition of blood, organs, tissues, or bodily masses, such as fluid accumulations.","Betjene ultralydutstyr for å lage og registrere bilder av bevegelse, form og sammensetning i blod, organer, vev eller andre strukturer i kroppen, som væskeansamlinger.",manual 2026-09-07
"explain magnetic resonance imaging (mri) procedures to patients, patient representatives, or family members.","Forklare MR-undersøkelser for pasienter, pasientrepresentanter eller pårørende.",manual 2026-09-07
explain procedures and observe patients to ensure safety and comfort during scan.,Forklare prosedyrer og observere pasienter for å sikre trygghet og komfort under skanningen.,manual 2026-09-07
"provide technical information about test results to physicians, family members, or researchers.","Gi teknisk informasjon om prøveresultater til leger, pårørende eller forskere.",manual 2026-09-07
"prepare standard volumetric solutions or reagents to be combined with samples, following standardized formulas or experimental procedures.","Tilberede standardløsninger eller reagenser som skal blandes med prøver, etter standardiserte oppskrifter eller forsøksprosedyrer.",manual 2026-09-07
recommend the use of vitamin and mineral supplements to enhance the health of patients and children.,Anbefale vitamin- og mineraltilskudd for å bedre helsen til pasienter og barn.,manual 2026-09-07
"provide, or refer patients to other providers for, education or counseling on topics such as genetic testing, newborn care, contraception, and breastfeeding.","Gi opplæring eller veiledning om temaer som gentesting, spedbarnsstell, prevensjon og amming, eller henvise pasienter til andre for slik veiledning.",manual 2026-09-07
provide information about community health and social resources.,Informere om lokale helse- og sosialtilbud.,manual 2026-09-07
treat patients' symptoms with alternative health care methods such as herbs and hydrotherapy.,Behandle pasienters symptomer med alternative metoder som urter og hydroterapi.,manual 2026-09-07
provide postpartum patients with contraceptive and family planning information.,Gi informasjon om prevensjon og familieplanlegging til kvinner som nylig har født.,manual 2026-09-07
"identify, monitor, or treat pregnancy-related problems such as hypertension, gestational diabetes, pre-term labor, and retarded fetal growth.","Oppdage, overvåke eller behandle svangerskapsrelaterte problemer som høyt blodtrykk, svangerskapsdiabetes, for tidlig fødsel og hemmet fostervekst.",manual 2026-09-07
counsel women regarding the nutritional requirements of pregnancy.,Veilede kvinner om ernæringsbehov under svangerskapet.,manual 2026-09-07
"provide information or counseling regarding issues such as animal health care, behavior problems, or nutrition.","Gi informasjon eller veiledning om temaer som dyrehelse, atferdsproblemer eller ernæring.",manual 2026-09-07
provide postoperative instructions prescribed by dentist.,Gi pasienten instruksjoner etter inngrepet slik tannlegen har foreskrevet.,manual 2026-09-07
"explain treatment procedures, medications, diets, or physicians' instructions to patients.","Forklare pasienter behandlingsprosedyrer, legemidler, dietter eller legens instruksjoner.",manual 2026-09-07
change dressings on wounds.,Skifte bandasje på sår.,manual 2026-09-07
"educate the public about health issues or enforce health legislation to prevent disease, to promote health, or to help people understand health protection procedures and regulations.","Opplyse publikum om helsespørsmål eller håndheve helselovgivning for å forebygge sykdom, fremme helse eller hjelpe folk å forstå helsevernrutiner og regelverk.",manual 2026-09-07
"prepare documents to be used in legal proceedings, testifying in such proceedings when necessary.",Utarbeide dokumenter til bruk i rettssaker og vitne i slike saker ved behov.,manual 2026-09-07
"educate patients and their families about their conditions and teach appropriate disease management techniques, such as breathing exercises or the use of medications or respiratory equipment.","Lære pasienter og pårørende om sykdommen og om egnede mestringsteknikker, som pusteøvelser eller bruk av legemidler og pusteutstyr.",manual 2026-09-07
explain treatment procedures to patients to gain cooperation and allay fears.,Forklare pasienter behandlingsprosedyrer for å oppnå samarbeid og dempe frykt.,manual 2026-09-07
explain testing procedures to patients to obtain cooperation and reduce anxiety.,Forklare pasienter undersøkelsesprosedyrer for å oppnå samarbeid og redusere engstelse.,manual 2026-09-07
explain treatment procedures to patients.,Forklare behandlingsprosedyrer for pasienter.,manual 2026-09-07
explain stock market terms or trading practices to clients.,Forklare kunder aksjemarkedsbegreper eller handelspraksis.,manual 2026-09-07
"supply the latest price quotes on any security, as well as information on the activities or financial positions of the corporations issuing these securities.",Oppgi siste kurser på verdipapirer og informasjon om virksomheten og den økonomiske stillingen til selskapene som har utstedt dem.,manual 2026-09-07
prepare forms or agreements to complete sales.,Utarbeide skjemaer eller avtaler for å fullføre salg.,manual 2026-09-07
prepare financial reports to monitor client or corporate finances.,Utarbeide økonomirapporter for å følge opp kunders eller selskapets økonomi.,manual 2026-09-07
inform and advise concerned parties regarding fluctuations or securities transactions affecting plans or accounts.,Informere og gi råd til berørte parter om svingninger eller verdipapirtransaksjoner som påvirker planer eller kontoer.,manual 2026-09-07
prepare documents needed to implement plans selected by clients.,Utarbeide dokumentene som trengs for å gjennomføre planene kundene har valgt.,manual 2026-09-07
"explain general financial topics to clients, such as credit report ratings, bankruptcy laws, consumer protection laws, wage attachments, or collection actions.","Forklare kunder generelle økonomiske temaer som kredittvurdering, konkurslovgivning, forbrukervern, lønnstrekk og inkasso.",manual 2026-09-07
calculate amount of debt and funds available to plan methods of payoff and to estimate time for debt liquidation.,Beregne gjeld og tilgjengelige midler for å planlegge nedbetaling og anslå hvor lang tid det tar å bli gjeldfri.,manual 2026-09-07
"teach courses or seminars on topics such as budgeting, managing personal finances, or financial literacy.","Holde kurs eller seminarer om temaer som budsjettering, privatøkonomi og økonomisk forståelse.",manual 2026-09-07
"estimate time for debt repayment given amount of debt, interest rates, and available funds.","Anslå nedbetalingstid for gjeld ut fra gjeldens størrelse, rente og tilgjengelige midler.",manual 2026-09-07
analyze potential loan markets to find opportunities to promote loans and financial services.,Analysere mulige lånemarkeder for å finne muligheter til å markedsføre lån og finansielle tjenester.,manual 2026-09-07
"review changes to financial, family, or employment situations to determine whether changes to existing debt management plans, spending plans, or budgets are needed.","Gjennomgå endringer i økonomi, familie- eller jobbsituasjon for å avgjøre om gjeldsordninger, forbruksplaner eller budsjetter må justeres.",manual 2026-09-07
prepare written documents to establish contracts with or communicate financial recommendations to clients.,Utarbeide skriftlige dokumenter for å inngå avtaler med kunder eller formidle økonomiske anbefalinger til dem.,manual 2026-09-07
"calculate, prepare, and issue bills, invoices, account statements, and other financial statements according to established procedures.","Beregne, utarbeide og sende ut regninger, fakturaer, kontoutskrifter og andre økonomiske oppstillinger etter fastlagte rutiner.",manual 2026-09-07
compute deductions for income and social security taxes.,Beregne trekk for inntektsskatt og trygdeavgift.,manual 2026-09-07
"examine the type and location of nearby services, such as shopping centers, schools, parks, and other neighborhood features, to evaluate their impact on property values.","Undersøke hvilke tilbud som finnes i nærområdet, som kjøpesentre, skoler og parker, og hvor de ligger, for å vurdere hvordan de påvirker eiendomsverdiene.",manual 2026-09-07
explain necessary bookkeeping requirements for customer to implement and provide group insurance program.,Forklare kunden hvilke regnskapskrav som gjelder for å innføre og tilby en kollektiv forsikringsordning.,manual 2026-09-07
formulate pricing policies on merchandise according to profitability requirements.,Utforme prispolitikk for varer ut fra lønnsomhetskrav.,manual 2026-09-07
"identify prospective customers by using business directories, following leads from existing clients, participating in organizations and clubs, and attending trade shows and conferences.","Finne potensielle kunder gjennom bedriftskataloger, tips fra eksisterende kunder, deltakelse i organisasjoner og klubber og besøk på messer og konferanser.",manual 2026-09-07
"negotiate, renegotiate, and administer contracts with suppliers, vendors, and other representatives.","Forhandle, reforhandle og forvalte kontrakter med leverandører og andre representanter.",manual 2026-09-07
"analyze price proposals, financial reports, and other data and information to determine reasonable prices.","Analysere pristilbud, økonomirapporter og andre data for å fastsette rimelige priser.",manual 2026-09-07
"prepare documents, such as work orders, bills of lading, or shipping orders, to route materials.","Utarbeide dokumenter som arbeidsordrer, fraktbrev og forsendelsesordrer for å styre materialflyten.",manual 2026-09-07
advise clients on transportation and payment methods.,Gi kunder råd om transport- og betalingsmåter.,manual 2026-09-07
"consult with customers to determine objectives and requirements for events such as meetings, conferences, and conventions.","Avklare mål og krav for arrangementer som møter, konferanser og kongresser med kundene.",manual 2026-09-07
"plan and develop programs, agendas, budgets, and services according to customer requirements.","Planlegge og utvikle program, agenda, budsjett og tjenester etter kundens krav.",manual 2026-09-07
"advise management on organizing, preparing, or implementing recruiting or retention programs.","Gi ledelsen råd om å organisere, forberede eller gjennomføre programmer for rekruttering eller for å beholde ansatte.",manual 2026-09-07
"address employee relations issues, such as harassment allegations, work complaints, or other employee concerns.","Håndtere personalsaker som trakasseringsvarsler, klager på arbeidsforhold og andre bekymringer fra ansatte.",manual 2026-09-07
"provide management with information or training related to interviewing, performance appraisals, counseling techniques, or documentation of performance issues.","Gi ledelsen informasjon eller opplæring om intervjuteknikk, prestasjonsvurderinger, veiledningsteknikker og dokumentasjon av prestasjonsproblemer.",manual 2026-09-07
"manage and oversee operations, maintenance, administration, and improvement of commercial, industrial, or residential properties.","Lede og føre tilsyn med drift, vedlikehold, forvaltning og forbedring av nærings-, industri- eller boligeiendommer.",manual 2026-09-07
"answer clients' questions regarding construction work, financing, maintenance, repairs, and appraisals.","Svare på kunders spørsmål om byggearbeid, finansiering, vedlikehold, reparasjoner og takst.",manual 2026-09-07
"negotiate the sale, lease, or development of property and complete or review appropriate documents and forms.","Forhandle om salg, utleie eller utvikling av eiendom, og fylle ut eller gjennomgå nødvendige dokumenter og skjemaer.",manual 2026-09-07
rent properties or manage rental properties.,Leie ut eiendommer eller forvalte utleieeiendommer.,manual 2026-09-07
"act as an intermediary in negotiations between buyers and sellers, generally representing one or the other.","Være mellommann i forhandlinger mellom kjøpere og selgere, som regel på vegne av én av partene.",manual 2026-09-07
advise clients on financial and legal matters such as investments and taxes.,Gi kunder råd om økonomiske og juridiske spørsmål som investeringer og skatt.,manual 2026-09-07
"confer with clients to develop strategies for their careers, and to explain actions taken on their behalf.",Drøfte karrierestrategier med klienter og forklare hva som er gjort på deres vegne.,manual 2026-09-07
"structure or negotiate deals, such as corporate mergers, sales, or acquisitions.","Strukturere eller forhandle avtaler som fusjoner, salg eller oppkjøp.",manual 2026-09-07
prepare all materials for transactions or execution of deals.,Klargjøre alt materiale for transaksjoner eller gjennomføring av avtaler.,manual 2026-09-07
"compute figures such as balances, totals, or commissions.","Beregne tall som saldoer, summer eller provisjoner.",manual 2026-09-07
interpret and communicate work procedures and company policies to staff.,Tolke og formidle arbeidsrutiner og bedriftens retningslinjer til de ansatte.,manual 2026-09-07
"design, implement, or evaluate staff training and development programs, customer service initiatives, or performance measurement criteria.","Utforme, innføre eller evaluere opplærings- og utviklingsprogrammer for ansatte, kundeservicetiltak eller kriterier for resultatmåling.",manual 2026-09-07
"develop or update procedures, policies, or standards.","Utvikle eller oppdatere rutiner, retningslinjer eller standarder.",manual 2026-09-07
"prepare and process legal documents and papers, such as summonses, subpoenas, complaints, appeals, motions, and pretrial agreements.","Utarbeide og behandle juridiske dokumenter som stevninger, vitneinnkallinger, søksmål, anker, begjæringer og avtaler inngått før hovedforhandling.",manual 2026-09-07
"organize and maintain law libraries, documents, and case files.","Organisere og vedlikeholde juridiske biblioteker, dokumenter og saksmapper.",manual 2026-09-07
provide clerical support to other departments.,Gi kontorstøtte til andre avdelinger.,manual 2026-09-07
"prepare correspondence, reports of inspections or investigations or recommendations for action.","Utarbeide korrespondanse, rapporter fra tilsyn eller undersøkelser, og anbefalinger om tiltak.",manual 2026-09-07
prepare correspondence to inform concerned parties of licensing decisions or appeals processes.,Skrive brev for å informere berørte parter om lisensvedtak eller klageadgang.,manual 2026-09-07
"respond to questions and inquiries, such as those concerning service charges and capacity fees, or refer them to supervisors.","Svare på spørsmål og henvendelser, for eksempel om gebyrer og tilknytningsavgifter, eller videreformidle dem til overordnede.",manual 2026-09-07
provide information concerning the circumstances of death to relatives of the deceased.,Informere pårørende om omstendighetene rundt dødsfallet.,manual 2026-09-07
"advise project teams on subjects such as premarket regulatory requirements, export and labeling requirements, or clinical study compliance issues.","Gi prosjektgrupper råd om temaer som regulatoriske krav før markedsføring, eksport- og merkekrav eller etterlevelse i kliniske studier.",manual 2026-09-07
"participate in the recruitment of employees through job fairs, career days, or advertising plans.","Delta i rekruttering av ansatte gjennom jobbmesser, karrieredager eller annonsering.",manual 2026-09-07
"install systems of recording costs or other financial and budgetary data or provide advice on such systems, based on examination of current financial records.","Innføre systemer for registrering av kostnader og andre økonomi- og budsjettdata, eller gi råd om slike systemer, basert på gjennomgang av gjeldende regnskap.",manual 2026-09-07
answer questions from taxpayers and assist them in completing tax forms.,Svare på spørsmål fra skattytere og hjelpe dem med å fylle ut skatteskjemaer.,manual 2026-09-07
"interpret and explain information such as eligibility requirements, application details, payment methods, and applicants' legal rights.","Tolke og forklare informasjon som vilkår for å kvalifisere, søknadsdetaljer, betalingsmåter og søkernes rettigheter.",manual 2026-09-07
"answer questions or provide advice to the public regarding licensing policies, procedures, or regulations.","Svare på spørsmål eller gi publikum råd om retningslinjer, rutiner eller regelverk for lisenser og tillatelser.",manual 2026-09-07
explain procedures or forms to parties in cases or to the general public.,Forklare prosedyrer eller skjemaer for parter i saker eller for publikum.,manual 2026-09-07
"respond to requests for information from the public, other municipalities, state officials, or state and federal legislative offices.","Besvare informasjonsforespørsler fra publikum, andre kommuner, delstatsmyndigheter eller delstatlige og føderale lovgivende organer.",manual 2026-09-07
"answer inquiries from the general public regarding judicial procedures, court appearances, trial dates, adjournments, outstanding warrants, summonses, subpoenas, witness fees, or payment of fines.","Svare publikum på spørsmål om rettsprosedyrer, oppmøte i retten, rettsdatoer, utsettelser, utestående arrestordrer, stevninger, vitneinnkallinger, vitnegodtgjørelse eller betaling av bøter.",manual 2026-09-07
inform customers by mail or telephone of additional steps they need to take to obtain licenses.,Informere kunder per post eller telefon om hva mer de må gjøre for å få lisens.,manual 2026-09-07
"prepare charges or responses to charges, or information for court cases, according to formalized procedures.","Utarbeide tiltaler eller tilsvar til tiltaler, eller informasjon til rettssaker, etter formaliserte prosedyrer.",manual 2026-09-07
"inspect cargo, baggage, and personal articles entering or leaving u.s. for compliance with revenue laws and u.s. customs regulations.","Kontrollere last, bagasje og personlige eiendeler inn og ut av USA for å sikre at avgiftslover og amerikanske tollregler er fulgt.",manual 2026-09-07
"interpret and explain laws and regulations to travelers, prospective immigrants, shippers, and manufacturers.","Tolke og forklare lover og forskrifter for reisende, potensielle innvandrere, transportører og produsenter.",manual 2026-09-07
"prepare legal documents, including briefs, pleadings, appeals, wills, contracts, and real estate closing statements.","Utarbeide juridiske dokumenter som prosesskriv, stevninger, anker, testamenter, kontrakter og oppgjørsoppstillinger ved eiendomshandel.",manual 2026-09-07
"prepare affidavits or other documents, such as legal correspondence, and organize and maintain documents in paper or electronic filing system.","Utarbeide erklæringer og andre dokumenter, som juridisk korrespondanse, og organisere og vedlikeholde dokumenter i papirbasert eller elektronisk arkiv.",manual 2026-09-07
"prepare briefs, legal memoranda, or statements of issues involved in cases, including appropriate suggestions or recommendations.","Utarbeide prosesskriv, juridiske notater eller redegjørelser for sakens spørsmål, med forslag eller anbefalinger.",manual 2026-09-07
"draft or proofread judicial opinions, decisions, or citations.","Utarbeide eller korrekturlese domsbegrunnelser, avgjørelser eller rettskildehenvisninger.",manual 2026-09-07
observe clients' food selections and recommend alternate economical and nutritional food choices.,Observere klienters matvalg og anbefale rimeligere og mer næringsrike alternativer.,manual 2026-09-07
"assist in planning food budgets, using charts or sample budgets.",Hjelpe til med å planlegge matbudsjetter ved hjelp av tabeller eller eksempelbudsjetter.,manual 2026-09-07
assist in locating housing for displaced individuals.,Hjelpe til med å finne bolig til personer som har mistet hjemmet sitt.,manual 2026-09-07
"instruct individuals or groups in sports rules, game strategies, and performance principles, such as specific ways of moving the body, hands, or feet, to achieve desired results.","Undervise enkeltpersoner eller grupper i idrettsregler, spillstrategier og prestasjonsprinsipper, som bestemte måter å bevege kroppen, hendene eller føttene på for å oppnå ønskede resultater.",manual 2026-09-07
"provide training direction, encouragement, motivation, and nutritional advice to prepare athletes for games, competitive events, or tours.","Gi treningsveiledning, oppmuntring, motivasjon og kostholdsråd for å forberede utøvere til kamper, konkurranser eller turneer.",manual 2026-09-07
plan and direct physical conditioning programs that will enable athletes to achieve maximum performance.,Planlegge og lede fysiske treningsprogrammer som gjør at utøverne kan yte maksimalt.,manual 2026-09-07
"explain and demonstrate the use of sports and training equipment, such as trampolines or weights.",Forklare og demonstrere bruk av idretts- og treningsutstyr som trampoliner og vekter.,manual 2026-09-07
explain and enforce safety rules and regulations.,Forklare og håndheve sikkerhetsregler.,manual 2026-09-07
develop training programs or routines designed to improve athletic performance.,Utvikle treningsprogrammer eller øvelser som skal forbedre idrettsprestasjoner.,manual 2026-09-07
instruct participants in maintaining exertion levels to maximize benefits from exercise routines.,Veilede deltakerne i å holde riktig intensitet for å få mest mulig ut av treningen.,manual 2026-09-07
"recommend special diets to improve athletes' health, increase their stamina, or alter their weight.","Anbefale spesialdietter for å bedre utøvernes helse, øke utholdenheten eller endre vekten.",manual 2026-09-07
advise participants in use of heat or ultraviolet treatments and hot baths.,Gi deltakerne råd om bruk av varme- eller UV-behandling og varme bad.,manual 2026-09-07
teach proper breathing techniques used during physical exertion.,Lære bort riktig pusteteknikk under fysisk anstrengelse.,manual 2026-09-07
advise athletes on the proper use of equipment.,Gi utøvere råd om riktig bruk av utstyr.,manual 2026-09-07
"advise client on interior design factors such as space planning, layout and use of furnishings or equipment, and color coordination.","Gi kunden råd om interiørdesign, som romplanlegging, plassering og bruk av møbler og utstyr og fargesammensetning.",manual 2026-09-07
"design and produce displays and materials that can be used to decorate windows, interior displays, or event locations such as streets and fairgrounds.","Utforme og produsere utstillinger og materiell til dekorasjon av vinduer, innendørs utstillinger eller arrangementssteder som gater og messeområder.",manual 2026-09-07
"confer with client to determine factors affecting planning interior environments, such as budget, architectural preferences, and purpose and function.","Avklare med kunden hvilke faktorer som påvirker planleggingen av interiøret, som budsjett, arkitektoniske preferanser og formål og funksjon.",manual 2026-09-07
select and purchase lumber and hardware necessary for set construction.,Velge og kjøpe inn trelast og beslag som trengs til bygging av kulisser.,manual 2026-09-07
"direct and coordinate construction, erection, or decoration activities in order to ensure that sets or exhibits meet design, budget, and schedule requirements.","Lede og koordinere bygging, montering og dekorering for å sikre at kulisser eller utstillinger oppfyller krav til design, budsjett og fremdrift.",manual 2026-09-07
"read scripts in order to determine location, set, and design requirements.","Lese manus for å avgjøre hvilke krav som stilles til innspillingssted, kulisser og design.",manual 2026-09-07
"prepare sketches, floor plans, or models of proposed displays.","Lage skisser, plantegninger eller modeller av foreslåtte utstillinger.",manual 2026-09-07
"help patrons find and use library resources, such as reference materials, audio-visual equipment, computers, and other electronic resources and provide technical assistance when needed.","Hjelpe brukere med å finne og bruke bibliotekets ressurser, som oppslagsverk, audiovisuelt utstyr, datamaskiner og andre elektroniske ressurser, og gi teknisk hjelp ved behov.",manual 2026-09-07
"study object documentation or conduct standard chemical and physical tests to ascertain the object's age, composition, original appearance, need for treatment or restoration, and appropriate preservation method.","Studere dokumentasjon om gjenstander eller utføre standard kjemiske og fysiske tester for å fastslå gjenstandens alder, sammensetning, opprinnelige utseende, behov for behandling eller restaurering og egnet konserveringsmetode.",manual 2026-09-07
"train workers in food preparation, and in service, sanitation, and safety procedures.","Lære opp ansatte i matlaging, servering, hygiene og sikkerhetsrutiner.",manual 2026-09-07
"specify food portions and courses, production and time sequences, and workstation and equipment arrangements.","Fastsette porsjoner og retter, produksjonsrekkefølge og tidsplan, og plassering av arbeidsstasjoner og utstyr.",manual 2026-09-07
"analyze recipes to assign prices to menu items, based on food, labor, and overhead costs.","Analysere oppskrifter for å prise menyretter ut fra råvare-, lønns- og driftskostnader.",manual 2026-09-07
"plan, direct, or supervise the food preparation or cooking activities of multiple kitchens or restaurants in an establishment such as a restaurant chain, hospital, or hotel.","Planlegge, lede eller føre tilsyn med matlagingen i flere kjøkken eller restauranter i en virksomhet som en restaurantkjede, et sykehus eller et hotell.",manual 2026-09-07
"prepare evaluations of software or hardware, and recommend improvements or upgrades.",Utarbeide vurderinger av programvare eller maskinvare og anbefale forbedringer eller oppgraderinger.,manual 2026-09-07
"develop training materials and procedures, or train users in the proper use of hardware or software.","Utvikle opplæringsmateriell og rutiner, eller lære opp brukere i riktig bruk av maskinvare eller programvare.",manual 2026-09-07
"create or revise user instructions, procedures, or manuals.","Lage eller revidere brukerveiledninger, rutiner eller håndbøker.",manual 2026-09-07
"determine formats, approaches, content, levels, and mediums to effectively meet objectives within budgetary constraints, using research, knowledge, and training.","Bestemme format, tilnærming, innhold, nivå og medium for å nå målene effektivt innenfor budsjettet, basert på undersøkelser, kunnskap og opplæring.",manual 2026-09-07
"set up, test, and adjust recording equipment for recording sessions and live performances.","Rigge, teste og justere opptaksutstyr til innspillinger og konserter.",manual 2026-09-07
write new scripts for broadcasts.,Skrive nye manus til sendinger.,manual 2026-09-07
"edit broadcast material electronically, using computers.",Redigere sendemateriale elektronisk på datamaskin.,manual 2026-09-07
diagnose and resolve media system problems.,Diagnostisere og løse problemer med mediesystemer.,manual 2026-09-07
"plan and develop pre-production ideas into outlines, scripts, story boards, and graphics, using own ideas or specifications of assignments.","Planlegge og utvikle ideer i forproduksjonen til synopsis, manus, storyboard og grafikk, ut fra egne ideer eller oppdragets spesifikasjoner.",manual 2026-09-07
"compute and verify totals on report forms, requisitions, or bills, using adding machine or calculator.","Beregne og kontrollere summer på rapportskjemaer, rekvisisjoner eller regninger med regnemaskin eller kalkulator.",manual 2026-09-07
"compute financial fees, interest, and service charges.","Beregne gebyrer, renter og omkostninger.",manual 2026-09-07
"answer questions regarding mail regulations and procedures, postage rates, and post office boxes.","Svare på spørsmål om postregler og -rutiner, porto og postbokser.",manual 2026-09-07
evaluate workers' performance and prepare written performance evaluations.,Vurdere ansattes arbeidsprestasjoner og skrive skriftlige vurderinger.,manual 2026-09-07
compile or develop materials to submit to granting or other funding organizations.,Sette sammen eller utarbeide materiale til søknader hos tilskuddsgivere og andre finansieringskilder.,manual 2026-09-07
"prepare materials for charitable events, such as fundraising envelopes, bid sheets, or gift bags.","Klargjøre materiell til veldedighetsarrangementer, som innsamlingskonvolutter, budskjemaer og gaveposer.",manual 2026-09-07
write reports or prepare presentations to communicate fundraising program data.,Skrive rapporter eller lage presentasjoner for å formidle data om innsamlingsarbeidet.,manual 2026-09-07
identify and build relationships with potential donors.,Finne og bygge relasjoner til potensielle givere.,manual 2026-09-07
"solicit cash or in-kind donations or sponsorships from individual, business, or government donors.","Be om pengegaver, naturalgaver eller sponsing fra privatpersoner, bedrifter eller offentlige givere.",manual 2026-09-07
write and send letters of thanks to donors.,Skrive og sende takkebrev til givere.,manual 2026-09-07
develop fundraising activity plans that maximize participation or contributions and minimize costs.,Utvikle planer for innsamlingsaktiviteter som gir størst mulig deltakelse eller bidrag til lavest mulig kostnad.,manual 2026-09-07
provide clients with assistance in preparing required travel documents and forms.,Hjelpe kunder med å fylle ut nødvendige reisedokumenter og skjemaer.,manual 2026-09-07
"compute cost of travel and accommodations, using calculator, computer, carrier tariff books, and hotel rate books, or quote package tour's costs.","Beregne kostnader for reise og overnatting ved hjelp av kalkulator, datamaskin, transportørenes takstbøker og hotellprislister, eller oppgi pris på pakkereiser.",manual 2026-09-07
review insurance policy terms to determine whether a particular loss is covered by insurance.,Gjennomgå forsikringsvilkår for å avgjøre om et bestemt tap er dekket av forsikringen.,manual 2026-09-07
"provide consultation or training to volunteers or staff on topics such as guest relations, patients' rights, and medical issues.","Gi veiledning eller opplæring til frivillige eller ansatte om temaer som gjestebehandling, pasientrettigheter og medisinske spørsmål.",manual 2026-09-07
schedule space or equipment for special programs and prepare lists of participants.,Reservere lokaler eller utstyr til spesielle programmer og utarbeide deltakerlister.,manual 2026-09-07
"calculate and quote rates for tours, stocks, insurance policies, or other products or services.","Beregne og oppgi priser på reiser, aksjer, forsikringer eller andre produkter og tjenester.",manual 2026-09-07
"provide business services for guests, such as sending or receiving faxes or shipping packages.","Tilby forretningstjenester til gjester, som sending og mottak av faks eller forsendelse av pakker.",manual 2026-09-07
compose correspondence requesting medical information and records.,Skrive brev med forespørsel om medisinske opplysninger og journaler.,manual 2026-09-07
type acknowledgment letters to persons sending correspondence.,Skrive bekreftelsesbrev til personer som har sendt henvendelser.,manual 2026-09-07
estimate market value of products or services.,Anslå markedsverdien av produkter eller tjenester.,manual 2026-09-07
review insurance policy to determine coverage.,Gjennomgå forsikringsavtalen for å fastslå dekningen.,manual 2026-09-07
prepare insurance claim forms or related documents and review them for completeness.,Fylle ut skademeldinger og tilhørende dokumenter og kontrollere at de er fullstendige.,manual 2026-09-07
"answer customers' questions, and explain available services such as deposit accounts, bonds, and securities.","Svare på kunders spørsmål og forklare tilgjengelige tjenester som innskuddskontoer, obligasjoner og verdipapirer.",manual 2026-09-07
"perform clerical tasks, such as answering phones or distributing mail.",Utføre kontoroppgaver som å svare på telefon og fordele post.,manual 2026-09-07
"calculate, review, and correct errors on interest, principal, payment, and closing costs, using computers or calculators.","Beregne, kontrollere og rette feil i renter, hovedstol, avdrag og oppgjørskostnader ved hjelp av datamaskin eller kalkulator.",manual 2026-09-07
"prepare reports of findings and recommendations, using typewriters or computers.",Skrive rapporter med funn og anbefalinger på skrivemaskin eller datamaskin.,manual 2026-09-07
"provide information to employees and managers on payroll matters, tax issues, benefit plans, and collective agreement provisions.","Informere ansatte og ledere om lønnsspørsmål, skatt, ytelsesordninger og bestemmelser i tariffavtaler.",manual 2026-09-07
"compute wages and deductions, and enter data into computers.",Beregne lønn og trekk og registrere dataene på datamaskin.,manual 2026-09-07
"prepare measurement tables and conversion charts, using standard formulas.",Utarbeide måltabeller og omregningstabeller ved hjelp av standardformler.,manual 2026-09-07
compute prices of items or groups of items.,Beregne priser på varer eller varegrupper.,manual 2026-09-07
"calculate figures, such as required amounts of labor or materials, manufacturing costs, or wages, using pricing schedules, adding machines, calculators, or computers.","Beregne tall som nødvendig arbeidsmengde eller materialbehov, produksjonskostnader eller lønn ved hjelp av prislister, regnemaskiner, kalkulatorer eller datamaskiner.",manual 2026-09-07
"advise personnel about traffic problems, such as construction areas, accidents, congestion, weather conditions, or other hazards.","Informere personalet om trafikkproblemer som veiarbeid, ulykker, kø, værforhold og andre farer.",manual 2026-09-07
"instruct patrons on how to use reference sources, card catalogs, and automated information systems.","Veilede brukere i bruk av oppslagsverk, kortkataloger og elektroniske informasjonssystemer.",manual 2026-09-07
answer customers' questions about postal services and regulations.,Svare på kunders spørsmål om posttjenester og postregler.,manual 2026-09-07
process and review employment applications to evaluate qualifications or eligibility of applicants.,Behandle og gjennomgå jobbsøknader for å vurdere søkernes kvalifikasjoner eller om de oppfyller kravene.,manual 2026-09-07
inform job applicants of their acceptance or rejection of employment.,Informere jobbsøkere om at de har fått eller ikke fått stillingen.,manual 2026-09-07
"answer passengers' questions about flights, aircraft, weather, travel routes and services, arrival times, or schedules.","Svare på passasjerers spørsmål om flyvninger, fly, vær, reiseruter og tjenester, ankomsttider og rutetider.",manual 2026-09-07
speak foreign languages to communicate with foreign visitors.,Snakke fremmedspråk for å kommunisere med utenlandske besøkende.,manual 2026-09-07
give advice on sightseeing and shopping.,Gi råd om sightseeing og shopping.,manual 2026-09-07
"provide tourists with assistance in obtaining permits and documents such as visas, passports, and health certificates, and in converting currency.","Hjelpe turister med å skaffe tillatelser og dokumenter som visum, pass og helseattester, og med å veksle valuta.",manual 2026-09-07
"arrange for tour or expedition details such as accommodations, transportation, equipment, and the availability of medical personnel.","Ordne detaljer for turer eller ekspedisjoner, som overnatting, transport, utstyr og tilgang på helsepersonell.",manual 2026-09-07
"provide information about wildlife varieties and habitats, as well as any relevant regulations, such as those pertaining to hunting and fishing.","Gi informasjon om dyrearter og leveområder samt relevante regler, for eksempel for jakt og fiske.",manual 2026-09-07
"weigh, measure, and mix ingredients according to recipes or personal judgment, using various kitchen utensils and equipment.","Veie, måle og blande ingredienser etter oppskrift eller eget skjønn med ulike kjøkkenredskaper og utstyr.",manual 2026-09-07
"bake, roast, broil, and steam meats, fish, vegetables, and other foods.","Bake, steke, grille og dampe kjøtt, fisk, grønnsaker og andre matvarer.",manual 2026-09-07
"ensure food is stored and cooked at correct temperature by regulating temperature of ovens, broilers, grills, and roasters.","Sørge for at mat oppbevares og tilberedes ved riktig temperatur ved å regulere temperaturen i ovner, griller og stekeapparater.",manual 2026-09-07
"grill, cook, and fry foods such as french fries, eggs, and pancakes.","Grille, koke og steke mat som pommes frites, egg og pannekaker.",manual 2026-09-07
plan work on orders so that items served together are finished at the same time.,"Planlegge arbeidet med bestillinger slik at retter som serveres sammen, blir ferdige samtidig.",manual 2026-09-07
shop for or order food and kitchen supplies and equipment.,"Handle inn eller bestille mat, kjøkkenrekvisita og utstyr.",manual 2026-09-07
"clean, cut, and cook meat, fish, or poultry.","Rense, skjære opp og tilberede kjøtt, fisk og fjærkre.",manual 2026-09-07
"take orders from customers and cook foods requiring short preparation times, according to customer requirements.",Ta imot bestillinger fra kunder og tilberede retter med kort tilberedningstid etter kundens ønsker.,manual 2026-09-07
describe and recommend wines to customers.,Beskrive og anbefale viner til kundene.,manual 2026-09-07
"explain how various menu items are prepared, describing ingredients and cooking methods.","Forklare hvordan ulike retter på menyen tilberedes, med beskrivelse av ingredienser og tilberedningsmetoder.",manual 2026-09-07
"provide guests with information about local areas, including giving directions.","Gi gjester informasjon om nærområdet, inkludert veibeskrivelser.",manual 2026-09-07
"mix ingredients, such as liquor, soda, water, sugar, and bitters, to prepare cocktails and other drinks.","Blande ingredienser som brennevin, brus, vann, sukker og bitter for å lage cocktailer og andre drinker.",manual 2026-09-07
create drink recipes.,Lage drinkoppskrifter.,manual 2026-09-07
advise clients about colors and types of makeup and instruct them in makeup application techniques.,Gi kunder råd om farger og typer sminke og lære dem sminketeknikker.,manual 2026-09-07
offer counsel and comfort to bereaved families or friends.,Gi råd og trøst til etterlatte familier og venner.,manual 2026-09-07
"conduct training programs to develop or maintain desired animal behaviors for competition, entertainment, obedience, security, riding, or related purposes.","Gjennomføre treningsprogrammer for å utvikle eller opprettholde ønsket atferd hos dyr til konkurranse, underholdning, lydighet, vakthold, ridning eller lignende formål.",manual 2026-09-07
develop program plans for individuals or assist in plan development.,Utarbeide tiltaksplaner for enkeltpersoner eller bistå i planarbeidet.,manual 2026-09-07
provide requested information on students' progress and the development of case plans.,Gi etterspurt informasjon om elevenes fremgang og utarbeidelsen av tiltaksplaner.,manual 2026-09-07
"organize, lead, and promote interest in recreational activities, such as arts, crafts, sports, games, camping, and hobbies.","Organisere, lede og skape interesse for fritidsaktiviteter som kunst, håndverk, idrett, spill, camping og hobbyer.",manual 2026-09-07
develop prospect lists.,Utarbeide lister over potensielle kunder.,manual 2026-09-07
compute and record totals of transactions.,Beregne og registrere totalsummer for transaksjoner.,manual 2026-09-07
suggest specific product purchases to meet customers' needs.,Foreslå konkrete produkter som dekker kundenes behov.,manual 2026-09-07
identify interested and qualified customers to provide them with additional information.,Identifisere interesserte og kvalifiserte kunder for å gi dem mer informasjon.,manual 2026-09-07
write articles or pamphlets about products.,Skrive artikler eller brosjyrer om produkter.,manual 2026-09-07
adjust sales scripts to better target the needs and interests of specific individuals.,Tilpasse salgsmanus for å treffe enkeltpersoners behov og interesser bedre.,manual 2026-09-07
operate car washes.,Betjene bilvaskeanlegg.,manual 2026-09-07
test and charge batteries.,Teste og lade batterier.,manual 2026-09-07
provide customers with information about local roads or highways.,Gi kunder informasjon om lokale veier og hovedveier.,manual 2026-09-07
"prepare or serve menu items, such as sandwiches or salads.","Tilberede eller servere retter fra menyen, som smørbrød og salater.",manual 2026-09-07
"cook food or prepare food items, such as sandwiches, salads, and ice cream dishes, using standard formulas or following directions.","Lage mat eller tilberede retter som smørbrød, salater og isdesserter etter standardoppskrifter eller instruksjoner.",manual 2026-09-07
"prepare daily food items, and cook simple foods and beverages, such as sandwiches, salads, soups, pizza, or coffee, using proper safety precautions and sanitary measures.","Tilberede dagens retter og lage enkel mat og drikke som smørbrød, salater, supper, pizza og kaffe, med riktige sikkerhets- og hygienetiltak.",manual 2026-09-07
"prepare or serve hot or cold beverages, such as coffee, espresso drinks, blended coffees, or teas.","Tilberede eller servere varme og kalde drikker som kaffe, espressodrikker, blandede kaffedrikker og te.",manual 2026-09-07
advise customers on use and care of merchandise.,Gi kunder råd om bruk og vedlikehold av varene.,manual 2026-09-07
answer telephones to provide information and receive orders.,Besvare telefoner for å gi informasjon og ta imot bestillinger.,manual 2026-09-07
help children with homework and school work.,Hjelpe barn med lekser og skolearbeid.,manual 2026-09-07
"communicate with children's parents or guardians about daily activities, behaviors, and related issues.","Kommunisere med barnas foreldre eller foresatte om daglige aktiviteter, atferd og relaterte spørsmål.",manual 2026-09-07
"observe children's behavior for irregularities, take temperature, transport children to doctor, or administer medications, as directed, to maintain children's health.","Observere barnas atferd for å oppdage avvik, ta temperatur, kjøre barn til lege eller gi medisiner etter instruks for å ivareta barnas helse.",manual 2026-09-07
create developmentally appropriate lesson plans.,Lage undervisningsopplegg tilpasset barnas utviklingsnivå.,manual 2026-09-07
help develop or monitor family schedule.,Bidra til å lage eller følge opp familiens timeplan.,manual 2026-09-07
"conduct demonstrations to teach such skills as sports, dancing, and handicrafts.","Demonstrere for å lære bort ferdigheter som idrett, dans og håndarbeid.",manual 2026-09-07
"plan, prepare, and develop various teaching aids such as bibliographies, charts, and graphs.","Planlegge, forberede og utvikle ulike undervisningshjelpemidler som litteraturlister, tabeller og diagrammer.",manual 2026-09-07
"present subject matter to students under the direction and guidance of teachers, using lectures, discussions, or supervised role-playing methods.","Presentere fagstoff for elever under lærerens ledelse og veiledning, gjennom forelesninger, diskusjoner eller rollespill.",manual 2026-09-07
"grade homework and tests, and compute and record results, using answer sheets or electronic marking devices.",Rette lekser og prøver og beregne og registrere resultater ved hjelp av fasit eller elektroniske retteverktøy.,manual 2026-09-07
maintain computers in classrooms and laboratories and assist students with hardware and software use.,Vedlikeholde datamaskiner i klasserom og laboratorier og hjelpe elever med bruk av maskinvare og programvare.,manual 2026-09-07
"provide information such as directions, visiting hours, or patient status information to visitors or callers.","Gi besøkende eller innringere informasjon om veibeskrivelser, besøkstider og pasientenes tilstand.",manual 2026-09-07
explain medical instructions to patients or family members.,Forklare medisinske instruksjoner for pasienter eller pårørende.,manual 2026-09-07
"plan, shop for, or prepare nutritious meals or assist families in planning, shopping for, or preparing nutritious meals.","Planlegge, handle inn til eller tilberede næringsrike måltider, eller hjelpe familier med dette.",manual 2026-09-07
"provide patients and families with emotional support and instruction in areas such as caring for infants, preparing healthy meals, living independently, or adapting to disability or illness.","Gi pasienter og familier emosjonell støtte og veiledning i områder som spedbarnsstell, sunne måltider, selvstendig livsførsel og tilpasning til funksjonsnedsettelse eller sykdom.",manual 2026-09-07
"observe patients' attendance, progress, attitudes, and accomplishments and record and maintain information in client records.","Observere pasientenes oppmøte, fremgang, holdninger og resultater og registrere og vedlikeholde opplysninger i klientjournaler.",manual 2026-09-07
greet customers and help them locate merchandise.,Ta imot kunder og hjelpe dem med å finne varer.,manual 2026-09-07
inform and educate the public about fire prevention.,Informere og opplyse allmennheten om brannforebygging.,manual 2026-09-07
provide directions and respond to passenger inquiries.,Gi veibeskrivelser og svare på henvendelser fra passasjerer.,manual 2026-09-07
answer inquiries from the public concerning animal control operations.,Besvare henvendelser fra publikum om dyrekontroll.,manual 2026-09-07
prepare written reports on investigations.,Utarbeide skriftlige rapporter om undersøkelser.,manual 2026-09-07
"prepare and maintain time or payroll reports, as well as details of personnel actions, such as performance evaluations, hires, promotions, or disciplinary actions.","Utarbeide og vedlikeholde timelister og lønnsrapporter samt opplysninger om personalsaker som medarbeidervurderinger, ansettelser, forfremmelser og disiplinærtiltak.",manual 2026-09-07
wet concrete surface and rub with stone to smooth surface and obtain specified finish.,Fukte betongoverflaten og gni med stein for å glatte overflaten og oppnå ønsket finish.,manual 2026-09-07
"explain recommendations, policies, procedures, requirements, or other related information to residents or building owners.","Forklare anbefalinger, retningslinjer, rutiner, krav og annen relevant informasjon for beboere eller huseiere.",manual 2026-09-07
confer with customers to determine project requirements or to provide cost estimates.,Rådføre seg med kunder for å avklare prosjektkrav eller gi kostnadsoverslag.,manual 2026-09-07
prepare cost estimates for clients.,Utarbeide kostnadsoverslag for kunder.,manual 2026-09-07
"maintain or repair plumbing by replacing defective washers, replacing or mending broken pipes, or opening clogged drains.","Vedlikeholde eller reparere rørsystemer ved å skifte defekte pakninger, skifte eller tette ødelagte rør og åpne tette avløp.",manual 2026-09-07
calculate costs or savings for water- or energy-efficient appliances or systems.,Beregne kostnader eller besparelser ved vann- eller energieffektive apparater og anlegg.,manual 2026-09-07
insulate shells and cabinets of systems.,Isolere kapslinger og skap på anleggene.,manual 2026-09-07
"repair or service heating, ventilating, and air conditioning (hvac) systems to improve efficiency, such as by changing filters, cleaning ducts, or refilling non-toxic refrigerants.","Reparere eller vedlikeholde varme-, ventilasjons- og kjøleanlegg (HVAC) for å bedre effektiviteten, for eksempel ved å skifte filtre, rense kanaler eller etterfylle ugiftige kjølemedier.",manual 2026-09-07
"calculate dimensions or tolerances, using instruments such as micrometers or vernier calipers.",Beregne mål eller toleranser med instrumenter som mikrometer og skyvelære.,manual 2026-09-07
"implement changes to machine programs and enter new specifications, using computers.",Gjennomføre endringer i maskinprogrammer og legge inn nye spesifikasjoner ved hjelp av datamaskin.,manual 2026-09-07
confer with customers to obtain descriptions of vehicle problems and to discuss work to be performed and future repair requirements.,Rådføre seg med kunder for å få beskrivelser av problemer med kjøretøyet og drøfte arbeidet som skal utføres og fremtidige reparasjonsbehov.,manual 2026-09-07
"listen to engines, examine vehicle frames, or confer with customers to determine nature and extent of malfunction or damage.","Lytte til motorer, undersøke kjøretøyrammer eller rådføre seg med kunder for å fastslå art og omfang av feil eller skader.",manual 2026-09-07
explain proper operation of vehicle systems to customers.,Forklare kundene riktig bruk av kjøretøyets systemer.,manual 2026-09-07
"perform routine and scheduled maintenance services, such as oil changes, lubrications, and tune-ups.","Utføre rutinemessig og planlagt vedlikehold som oljeskift, smøring og motorjustering.",manual 2026-09-07
"diagnose faults or malfunctions to determine required repairs, using engine diagnostic equipment such as computerized test equipment and calibration devices.",Diagnostisere feil for å fastslå nødvendige reparasjoner ved hjelp av motordiagnoseutstyr som datastyrt testutstyr og kalibreringsinstrumenter.,manual 2026-09-07
"research and analyze reference materials, and consult with interested parties in order to develop new products or modify existing designs.",Undersøke og analysere referansemateriale og rådføre seg med berørte parter for å utvikle nye produkter eller endre eksisterende design.,manual 2026-09-07
"convert various types of files for printing or for the internet, using computer software.",Konvertere ulike filtyper for trykk eller internett ved hjelp av programvare.,manual 2026-09-07
"diagnose malfunctioning systems, apparatus, or components, using test equipment and hand tools to locate the cause of a breakdown and correct the problem.","Diagnostisere feil i systemer, apparater eller komponenter med testutstyr og håndverktøy for å finne årsaken til driftsstans og rette problemet.",manual 2026-09-07
"perform business management duties, such as maintaining records or files, preparing reports, or ordering supplies or equipment.","Utføre administrative oppgaver som å føre registre og arkiver, utarbeide rapporter og bestille rekvisita eller utstyr.",manual 2026-09-07
consult with clients to assess risks and to determine security requirements.,Rådføre seg med kunder for å vurdere risiko og fastsette sikkerhetskrav.,manual 2026-09-07
"measure velocity, horsepower, revolutions per minute (rpm), amperage, circuitry, and voltage of units or parts to diagnose problems, using ammeters, voltmeters, wattmeters, and other testing devices.","Måle hastighet, hestekrefter, turtall, strømstyrke, kretser og spenning på enheter eller deler for å diagnostisere problemer, ved hjelp av amperemeter, voltmeter, wattmeter og annet testutstyr.",manual 2026-09-07
"inspect and test electrical systems and equipment to locate and diagnose malfunctions, using visual inspections, testing devices, and computer software.","Inspisere og teste elektriske anlegg og utstyr for å finne og diagnostisere feil ved hjelp av visuell inspeksjon, testinstrumenter og programvare.",manual 2026-09-07
read service guides to find information needed to perform repairs.,Lese servicehåndbøker for å finne informasjonen som trengs for å utføre reparasjoner.,manual 2026-09-07
"advise customers concerning equipment operation, maintenance, or programming.","Gi kunder råd om bruk, vedlikehold og programmering av utstyr.",manual 2026-09-07
develop new recipes for baked goods.,Utvikle nye oppskrifter på bakervarer.,manual 2026-09-07
adapt the quantity of ingredients to match the amount of items to be baked.,Tilpasse mengden ingredienser til antallet som skal bakes.,manual 2026-09-07
"measure or weigh flour or other ingredients to prepare batters, doughs, fillings, or icings, using scales or graduated containers.","Måle eller veie mel og andre ingredienser til rører, deiger, fyll og glasur med vekt eller målebeger.",manual 2026-09-07
"follow recipes to produce food products of specified flavor, texture, clarity, bouquet, or color.","Følge oppskrifter for å lage matprodukter med angitt smak, konsistens, klarhet, aroma eller farge.",manual 2026-09-07
formulate or modify recipes for specific kinds of food products.,Utforme eller endre oppskrifter for bestemte typer matprodukter.,manual 2026-09-07
"interpret legal requirements, provide safety information, or recommend compliance procedures to contractors, craft workers, engineers, or property owners.","Tolke lovkrav, gi sikkerhetsinformasjon og anbefale rutiner for regeletterlevelse overfor entreprenører, håndverkere, ingeniører og eiendomseiere.",manual 2026-09-07
"greet passengers, provide information, and answer questions concerning fares, schedules, transfers, and routings.","Ta imot passasjerer, gi informasjon og svare på spørsmål om billettpriser, rutetider, overganger og reiseruter.",manual 2026-09-07
"answer questions from passengers concerning train rules, stations, and timetable information.","Svare på spørsmål fra passasjerer om regler på toget, stasjoner og rutetider.",manual 2026-09-07
read maps and follow written and verbal geographic directions.,Lese kart og følge skriftlige og muntlige veibeskrivelser.,manual 2026-09-07
read and interpret maps to determine vehicle routes.,Lese og tolke kart for å fastsette kjøreruter.,manual 2026-09-07
"participate in the inspection, grading, sorting, storage, and post-harvest treatment of crops.","Delta i inspeksjon, klassifisering, sortering, lagring og etterbehandling av avlinger.",manual 2026-09-07
advise customers on plant selection or care.,Gi kunder råd om valg og stell av planter.,manual 2026-09-07
"participate in the hiring process by reviewing credentials, conducting interviews, or making hiring decisions or recommendations.","Delta i ansettelsesprosessen ved å vurdere kvalifikasjoner, gjennomføre intervjuer og ta eller anbefale ansettelsesbeslutninger.",manual 2026-09-07
"provide assistance in balancing books, tracking, monitoring, or projecting a unit's budget needs and in developing unit policies and procedures.","Bistå med å avstemme regnskap, følge opp og anslå enhetens budsjettbehov og utarbeide enhetens retningslinjer og rutiner.",manual 2026-09-07
"counsel employees in work-related activities, personal growth, or career development.","Veilede ansatte i arbeidsrelaterte oppgaver, personlig utvikling og karriereutvikling.",manual 2026-09-07
"implement grant-funded projects, monitoring and reporting progress in accordance with sponsoring agency requirements.","Gjennomføre prosjekter finansiert med tilskudd, og følge opp og rapportere fremdrift i tråd med kravene fra finansieringskilden.",manual 2026-09-07
store food in designated containers and storage areas to prevent spoilage.,Oppbevare mat i angitte beholdere og lagerområder for å hindre at den blir ødelagt.,manual 2026-09-07
"receive and store food supplies, equipment, and utensils in refrigerators, cupboards, and other storage areas.","Ta imot og plassere matvarer, utstyr og redskaper i kjøleskap, skap og andre lagerområder.",manual 2026-09-07
keep records of the quantities of food used.,Føre oversikt over mengden mat som brukes.,manual 2026-09-07
clean or prepare various foods for cooking or serving.,Rense eller klargjøre ulike matvarer for tilberedning eller servering.,manual 2026-09-07
"diagnose mechanical problems and determine how to correct them, checking blueprints, repair manuals, or parts catalogs, as necessary.","Diagnostisere mekaniske problemer og finne ut hvordan de skal rettes, ved behov med hjelp av tegninger, reparasjonshåndbøker eller delekataloger.",manual 2026-09-07
test and treat water supply.,Teste og behandle vannforsyningen.,manual 2026-09-07
diagnose electrical problems and install and rewire electrical components.,Diagnostisere elektriske feil og montere og koble om elektriske komponenter.,manual 2026-09-07
"provide customer assistance and information, such as giving directions or handling wheelchairs.","Hjelpe og informere kunder, for eksempel ved å gi veibeskrivelser eller håndtere rullestoler.",manual 2026-09-07
