task_name,count,pct
access computerized financial information to answer general questions as well as those related to specific accounts.,29.0,0.0030699590742697203
act as an intermediary in negotiations between buyers and sellers over property prices and settlement details and during the closing of sales.,65.0,0.0068809427526735105
"act as an intermediary in negotiations between buyers and sellers, generally representing one or the other.",100.0,0.010586065773343863
adapt instructional content or delivery methods for different levels or types of learners.,167.0,0.01767872984148425
adapt teaching methods and instructional materials to meet students' varying needs and interests.,39.0,0.0041285656516041064
adapt text to accommodate musical requirements of composers and singers.,36.0,0.0038109836784037906
"adapt translations to students' cognitive and grade levels, collaborating with educational team members as necessary.",44.0,0.0046578689402713
"address the relationships of quantities, magnitudes, and forms through the use of numbers and symbols.",477.0,0.05049553373885023
"administer and score applicant and employee aptitude, personality, and interest assessment instruments.",17.0,0.001799631181468457
administer document and system access rights and revision control to ensure security of system and integrity of master documents.,65.0,0.0068809427526735105
"administer highway planning, construction, or maintenance.",36.0,0.0038109836784037906
administer online purchasing systems.,237.0,0.025088975882824955
administer standardized ability and achievement tests and interpret results to determine students' strengths and areas of need.,96.0,0.010162623142410107
"administer, dispense, or prescribe natural medicines such as food or botanical extracts, herbs, dietary supplements, vitamins, nutraceuticals, and amino acids.",17.0,0.001799631181468457
"administer, proctor, or score academic or diagnostic assessments.",425.0,0.04499077953671142
advise and teach students.,16.0,0.001693770523735018
"advise business or other groups on local, national, or international factors affecting the buying or selling of products or services.",39.0,0.0041285656516041064
"advise clients concerning business transactions, claim liability, advisability of prosecuting or defending lawsuits, or legal rights and obligations.",40.0,0.0042344263093375455
advise clients on how they could be helped by counseling.,184.0,0.01947836102295271
"advise clients on market conditions, prices, mortgages, legal requirements and related matters.",232.0,0.024559672594157762
advise corporations on issues involving corporate image projects or problems.,804.0,0.08511196881768465
advise customer about or perform maintenance of software system.,20.0,0.0021172131546687727
"advise customers concerning equipment operation, maintenance, or programming.",20.0,0.0021172131546687727
advise customers of necessary actions and strategies for debt repayment.,33.0,0.0034934017052034748
"advise food service managers and organizations on sanitation, safety procedures, menu development, budgeting, and planning to assist with the establishment, operation, and evaluation of food service facilities and nutrition programs.",18.0,0.0019054918392018953
"advise management concerning personnel, managerial, and marketing policies and practices and their potential effects on organizational effectiveness and efficiency.",60.0,0.006351639464006318
"advise management regarding customer satisfaction, product performance, or suggestions for product improvements.",53.0,0.005610614859872247
advise or assist in obtaining patents or meeting other legal requirements.,27.0,0.002858237758802843
"advise or instruct patients regarding preventive dental care, the causes and treatment of dental problems, or oral health care services.",88.0,0.0093157378805426
"advise patients and their families on nutritional principles, dietary plans and diet modifications, and food selection and preparation.",22.0,0.00232893447013565
advise students on academic and vocational curricula and career issues.,22.0,0.00232893447013565
advise students on academic and vocational curricula and on career issues.,84.0,0.008892295249608844
"advise students on academic and vocational curricula, and on career issues.",25.0,0.002646516443335966
"advise students on academic and vocational curricula, career issues, and laboratory and field research.",16.0,0.001693770523735018
"align, adjust, or calibrate equipment according to specifications.",19.0,0.002011352496935334
analyze all aspects of corporate logistics to determine the most cost-effective or efficient means of transporting products or supplies.,124.0,0.013126721558946392
"analyze and characterize user experiences and institutional settings to assist consumer product developers, technology developers, and software engineers with the design of innovative products and services.",20.0,0.0021172131546687727
analyze and classify risks and investments to determine their potential impacts on companies.,326.0,0.034510574421101
analyze and evaluate patient data or test findings to diagnose nature or extent of mental disorder.,17.0,0.001799631181468457
analyze and evaluate robotic systems or prototypes.,31.0,0.003281680389736598
"analyze and evaluate security operations to identify risks or opportunities for improvement through auditing, review, or assessment.",1881.0,0.19912389719659807
"analyze and interpret patient, nursing, or information systems data to improve nursing services.",37.0,0.003916844336137229
"analyze and interpret patients' histories, symptoms, physical findings, or diagnostic information to develop appropriate diagnoses.",466.0,0.049331066503782404
"analyze and interpret results from tests such as microbial or parasite tests, urine analyses, hormonal assays, fine needle aspirations (fnas), and polymerase chain reactions (pcrs).",1045.0,0.11062438733144336
analyze and record personnel or operational data and write related activity reports.,15.0,0.0015879098660015795
"analyze and record test data to issue reports that use charts, graphs, or narratives.",2494.0,0.26401648038719594
analyze and report computer network security breaches or attempted breaches.,679.0,0.07187938660100483
"analyze applicants' financial status, credit, and property evaluations to determine feasibility of granting loans.",19.0,0.002011352496935334
"analyze archival data such as birth, death, and disease records.",16.0,0.001693770523735018
analyze available data and consult with other scientists to determine parameters of experimentation and suitability of analytical models.,136.0,0.014397049451747655
"analyze business operations, trends, costs, revenues, financial commitments, and obligations to project future revenues and expenses or to provide advice.",147.0,0.015561516686815477
analyze characteristics of animals to identify and classify them.,1735.0,0.183668241167516
analyze clinical data using appropriate statistical tools.,15.0,0.0015879098660015795
"analyze clinical or survey data using statistical approaches such as longitudinal analysis, mixed effect modeling, logistic regression analyses, and model building techniques.",15.0,0.0015879098660015795
"analyze competitive market strategies through analysis of related product, market, or share trends.",96.0,0.010162623142410107
"analyze complex systems to determine potential for further development, production, interoperability, compatibility, or usefulness in a particular area, such as aviation.",112.0,0.011856393666145127
"analyze computer and information technologies to determine applicability to nursing practice, education, administration and research.",23.0,0.0024347951278690886
"analyze corporate intelligence data to identify trends, patterns, or warnings indicating threats to security of people, assets, information, or infrastructure.",517.0,0.05472996004818777
analyze credit data and financial statements to determine the degree of risk involved in extending credit or lending money.,64.0,0.006775082094940072
"analyze data from surveys, old records, or case studies, using statistical software.",473.0,0.050072091107916473
"analyze data such as interview notes, test results, and reference manuals to identify symptoms and to diagnose the nature of clients' problems.",79.0,0.008362991960941651
analyze data to assess distance learning program status or to inform decisions for distance learning programs.,24.0,0.0025406557856025268
analyze data to determine answers to questions from customers or members of the public.,908.0,0.09612147722196228
analyze data to determine feasibility of product proposals.,160.0,0.016937705237350182
analyze data to determine the effectiveness of treatments or therapy approaches.,34.0,0.003599262362936914
"analyze data to determine validity, quality, and scientific significance and to interpret correlations between human activities and environmental effects.",28.0,0.0029640984165362817
"analyze determinants responsible for specific inherited traits, and devise methods for altering traits or producing new traits.",26.0,0.0027523771010694044
analyze developments in specific field to determine need for revisions in previously published materials and development of new material.,299.0,0.03165233666229815
"analyze electronics system requirements, capacity, cost, or customer needs to determine project feasibility.",25.0,0.002646516443335966
analyze equipment performance records to assess equipment functioning.,48.0,0.0050813115712050536
"analyze expenditures and other financial information to develop plans, policies, or budgets for increasing profits or improving services.",44.0,0.0046578689402713
analyze experimental data and interpret results to write reports and summaries of findings.,2027.0,0.2145795532256801
"analyze financial data to detect irregularities in areas such as billing trends, financial relationships, and regulatory compliance procedures.",38.0,0.004022704993870668
analyze financial information obtained from clients to determine strategies for meeting clients' financial objectives.,360.0,0.038109836784037905
analyze financial or operational performance of companies facing financial difficulties to identify or recommend remedies.,58.0,0.006139918148539441
"analyze geographic information systems (gis) data to identify spatial relationships or display results of analyses, using maps, graphs, or tabular data.",54.0,0.005716475517605686
analyze information gathered by investigation and report findings and recommendations.,22.0,0.00232893447013565
analyze information obtained from management to conceptualize and define operational problems.,863.0,0.09135774762395754
"analyze information processing or computation needs and plan and design computer systems, using techniques such as structured analysis, data modeling and information engineering.",343.0,0.03631020560256945
"analyze information to determine, recommend, and plan computer specifications and layouts, and peripheral equipment modifications.",314.0,0.033240246528299724
"analyze information to determine, recommend, and plan installation of a new system or modification of an existing system.",156.0,0.016514262606416426
"analyze information to determine, recommend, and plan layout, including type of computers and peripheral equipment modifications.",529.0,0.05600028794098904
"analyze job requirements and content to establish criteria for classification, selection, training, and other related personnel functions.",48.0,0.0050813115712050536
analyze laboratory findings to check the accuracy of the results.,255.0,0.026994467722026853
"analyze large molecular datasets such as raw microarray data, genomic sequence data, and proteomics data for clinical or basic research purposes.",384.0,0.04065049256964043
analyze market conditions to determine optimum times to execute securities transactions.,850.0,0.08998155907342284
"analyze network data to determine network usage, disk space availability, or server function.",73.0,0.007727828014541019
"analyze operations to evaluate performance of a company or its staff in meeting objectives or to determine areas of potential cost reduction, program improvement, or policy change.",1751.0,0.18536201169125102
analyze or evaluate dental needs to determine changes or trends in patterns of dental disease.,24.0,0.0025406557856025268
"analyze or interpret logistics data involving customer service, forecasting, procurement, manufacturing, inventory, transportation, or warehousing.",487.0,0.05155414031618461
"analyze or manipulate bioinformatics data using software packages, statistical applications, or data mining techniques.",32.0,0.003387541047470036
analyze or synthesize client data to draw conclusions or make recommendations for therapy.,71.0,0.007516106699074142
"analyze organic or inorganic compounds to determine chemical or physical properties, composition, structure, relationships, or reactions, using chromatography, spectroscopy, or spectrophotometry techniques.",1555.0,0.16461332277549706
"analyze organizational, occupational, and industrial data to facilitate organizational functions and provide technical information to business, industry, and government.",5661.0,0.599277183428996
analyze patrons' hair and other physical features to determine and recommend beauty treatment or suggest hair styles.,41.0,0.004340286967070984
analyze patrons' requests to determine needed information and assist in furnishing or locating that information.,79.0,0.008362991960941651
"analyze performance data to determine effectiveness of instructional systems, courses, or instructional materials.",123.0,0.01302086090121295
analyze physical findings and medical histories to make diagnoses according to oriental medicine traditions.,25.0,0.002646516443335966
analyze potential loan markets to find opportunities to promote loans and financial services.,49.0,0.0051871722289384935
analyze prescribing trends to monitor patient compliance and to prevent excessive usage or harmful interactions.,21.0,0.002223073812402211
"analyze price proposals, financial reports, and other data and information to determine reasonable prices.",36.0,0.0038109836784037906
analyze problems to develop solutions involving computer hardware and software.,91.0,0.009633319853742914
analyze product complaints and make recommendations regarding their reportability.,30.0,0.003175819732003159
"analyze records, reports, test results, or examination information to diagnose medical condition of patient.",812.0,0.08595885407955216
"analyze research data to determine its significance, using computers.",598.0,0.0633046733245963
analyze samples of biological material for chemical content or reaction.,63.0,0.006669221437206634
analyze statistical data and reports to identify and determine causes of personnel problems and develop recommendations for improvement of organization's personnel policies and practices.,23.0,0.0024347951278690886
analyze system performance or operational requirements.,935.0,0.09897971498076513
analyze target companies or investment opportunities to inform investment decisions.,763.0,0.08077168185061367
analyze technology trends to identify markets for future product development or to improve sales of existing products.,15.0,0.0015879098660015795
"analyze test data, making computations as necessary, to determine test results.",2494.0,0.26401648038719594
analyze test results and develop a treatment plan.,20.0,0.0021172131546687727
"analyze the financial details of past, present, and expected operations to identify development opportunities and areas where improvement is needed.",43.0,0.004552008282537861
"analyze the layout, instrumentation, or function of electrical generation or transmission facilities.",52.0,0.005504754202138809
"analyze training needs to design employee development, language training and health and safety programs.",15.0,0.0015879098660015795
analyze training needs to develop new training programs or modify and improve existing programs.,56.0,0.005928196833072563
"analyze trends in sales prices, construction costs, and rents, to assess property values or determine the accuracy of assessments.",44.0,0.0046578689402713
analyze user needs and recommend appropriate hardware.,89.0,0.009421598538276038
analyze user needs and software requirements to determine feasibility of design within time and cost constraints.,9785.0,1.0358465359216968
"analyze, interpret, or create graphical representations of energy data, using engineering software.",218.0,0.02307762338588962
"analyze, interpret, or disseminate system performance data.",699.0,0.0739965997556736
"announce musical selections, station breaks, commercials, or public service information, and accept requests from listening audience.",21.0,0.002223073812402211
answer applicants' questions about benefits and claim procedures.,83.0,0.008786434591875406
answer clients' questions about the purposes and details of financial plans and strategies.,76.0,0.008045409987741337
"answer clients' questions regarding construction work, financing, maintenance, repairs, and appraisals.",62.0,0.006563360779473196
"answer customer inquiries or explain cost, availability, policies, and procedures of facilities.",59.0,0.006245778806272879
answer customers' questions about merchandise and advise customers on merchandise selection.,323.0,0.03419299244790068
"answer customers' questions about products, prices, availability, or credit terms.",1782.0,0.18864369208098763
"answer customers' questions about products, prices, availability, product uses, and credit terms.",986.0,0.10437860852517049
"answer customers' questions, and explain available services such as deposit accounts, bonds, and securities.",32.0,0.003387541047470036
"answer customers' questions, and provide information on procedures or policies.",2114.0,0.22378943044848923
"answer incoming calls, greeting callers, providing information, transferring calls or taking messages as necessary.",236.0,0.024983115225091515
"answer inquiries concerning the progress of medical cases, within the limits of confidentiality laws.",39.0,0.0041285656516041064
"answer inquiries from current or prospective customers regarding methods, materials, or price ranges.",223.0,0.023606926674556813
answer inquiries from the public concerning animal control operations.,26.0,0.0027523771010694044
"answer inquiries pertaining to hotel policies and services, and resolve occupants' complaints.",158.0,0.016725983921883302
"answer inquiries regarding information such as schedules, accommodations, procedures, and policies.",297.0,0.03144061534683128
answer inquiries regarding shipping or mailing policies.,18.0,0.0019054918392018953
"answer passengers' questions about flights, aircraft, weather, travel routes and services, arrival times, or schedules.",37.0,0.003916844336137229
answer patients' calls and determine how to assist them.,15.0,0.0015879098660015795
answer questions about product features and benefits.,321.0,0.0339812711324338
answer questions about records or files.,36.0,0.0038109836784037906
answer questions from the public and media.,137.0,0.014502910109481093
"answer questions or provide advice to the public regarding licensing policies, procedures, or regulations.",31.0,0.003281680389736598
"answer questions regarding examinations, eligibility, salaries, benefits, and other pertinent information.",22.0,0.00232893447013565
answer questions regarding the store and its merchandise.,23.0,0.0024347951278690886
answer telephone calls and respond to inquiries or transfer calls.,145.0,0.0153497953713486
answer telephone calls from potential customers who have been solicited through advertisements.,35.0,0.003705123020670352
answer telephones and direct calls to appropriate staff.,113.0,0.011962254323878565
"answer telephones and give information to callers, take messages, or transfer calls to appropriate individuals.",609.0,0.06446914055966411
answer telephones and schedule appointments.,22.0,0.00232893447013565
answer telephones to provide information and receive orders.,33.0,0.0034934017052034748
"answer telephones, and route calls or deliver messages.",89.0,0.009421598538276038
"answer telephones, direct calls, and take messages.",323.0,0.03419299244790068
"answer telephones, responding to questions or requests.",335.0,0.03546332034070194
answer user inquiries regarding computer software or hardware operation to resolve problems.,121.0,0.012809139585746074
apply customer feedback to service improvement efforts.,147.0,0.015561516686815477
"apply mathematical or statistical techniques to address practical issues in finance, such as derivative valuation, securities trading, risk management, or financial market regulation.",66.0,0.0069868034104069495
"apply modeling or quantitative analysis to forecast events, such as human decisions or behaviors, the structure or processes of organizations, or the attitudes or actions of human groups.",25.0,0.002646516443335966
"apply prepared specimen and control to appropriate grid, run instrumentation, and produce analyzable results.",23.0,0.0024347951278690886
"apply relevant laws, regulations, policies, or precedents to reach conclusions.",43.0,0.004552008282537861
"apply story development, directing, cinematography, and editing to animation to create storyboards that show the flow of the animation and map out key scenes and characters.",29.0,0.0030699590742697203
"appraise property values, assessing income potential when relevant.",58.0,0.006139918148539441
"appraise, evaluate, and inventory real property and equipment, recording information such as the description, value, and location of property.",35.0,0.003705123020670352
"approve, reject, or coordinate the approval or rejection of lines of credit or commercial, real estate, or personal loans.",34.0,0.003599262362936914
"arrange conference, meeting, or travel reservations for office personnel.",68.0,0.007198524725873828
"arrange financing of deals from sources such as financial institutions, agencies, or public or private companies.",25.0,0.002646516443335966
arrange for advertising or posting of job vacancies and notify eligible workers of position availability.,55.0,0.005822336175339125
"arrange for debt repayment or establish repayment schedules, based on customers' financial situations.",39.0,0.0041285656516041064
arrange merchandise and sales promotion displays or issue sales promotion materials to customers.,23.0,0.0024347951278690886
"arrange tours, taxis, or restaurant reservations for customers.",26.0,0.0027523771010694044
"ask questions in accordance with instructions to obtain various specified information, such as person's name, address, age, religious preference, or state of residency.",163.0,0.0172552872105505
ask questions that will help clients identify their feelings and behaviors.,110.0,0.01164467235067825
"assemble and compile documents for loan closings, such as title abstracts, insurance forms, loan forms, and tax receipts.",28.0,0.0029640984165362817
"assemble, maintain, or distribute information for library or record systems.",22.0,0.00232893447013565
"assess clients' overall financial situation by reviewing income, assets, debts, expenses, credit reports, or other financial information.",54.0,0.005716475517605686
assess companies as investments for clients by examining company facilities.,27.0,0.002858237758802843
"assess cost effectiveness of products, projects or services, tracking actual costs relative to bids as the project develops.",16.0,0.001693770523735018
"assess current or future customer needs and priorities through communicating directly with customers, conducting surveys, or other methods.",128.0,0.013550164189880145
"assess effectiveness and efficiency of instruction according to ease of instructional technology use and student learning, knowledge transfer, and satisfaction.",31.0,0.003281680389736598
"assess nutritional needs, diet restrictions and current health plans to develop and implement dietary-care plans and provide nutritional counseling.",58.0,0.006139918148539441
assess patients for risk of suicide attempts.,42.0,0.004446147624804422
"assess project feasibility by analyzing technology, resource needs, and market demand.",40.0,0.0042344263093375455
assess risks to mitigate potential consequences of incidents and develop a plan to respond to incidents.,190.0,0.020113524969353338
assess the nature and level of threats so that the scope of the problem can be determined.,327.0,0.03461643507883443
assess the usefulness of pre-developed application packages and adapt them to a user environment.,2048.0,0.2168026270380823
assess training needs of staff and arrange for or provide appropriate instruction.,16.0,0.001693770523735018
"assess training needs through surveys, interviews with employees, focus groups, or consultation with managers, instructors, or customer representatives.",60.0,0.006351639464006318
assign or schedule tasks to meet work priorities and goals.,28.0,0.0029640984165362817
"assign work to employees, based on material or worker requirements of specific jobs.",31.0,0.003281680389736598
assist customers by providing information and resolving their complaints.,254.0,0.026888607064293413
"assist customers, such as responding to customer complaints and updating them about back-ordered parts.",25.0,0.002646516443335966
assist in laying out material for publication.,37.0,0.003916844336137229
"assist in the assessment, acquisition, or deployment of new electronic document management systems.",39.0,0.0041285656516041064
assist patients in organizing their health care system activities.,42.0,0.004446147624804422
assist students who need extra help with their coursework outside of class.,2053.0,0.21733193032674952
attempt to sell additional merchandise or services to prospective or current customers by telephone or through visits.,44.0,0.0046578689402713
"attend sales or trade meetings or read related publications to obtain information about market conditions, business trends, environmental regulations, or industry developments.",67.0,0.007092664068140388
"attend to the needs of the bereaved, such as by offering comfort, counseling, or after care programs.",62.0,0.006563360779473196
back up network data.,19.0,0.002011352496935334
"book transportation and hotel reservations, using computer terminal or telephone.",57.0,0.0060340574908060015
"break systems into their component parts, assign numerical values to each component, and examine the mathematical relationships between them.",189.0,0.0200076643116199
broadcast weather reports and warnings.,40.0,0.0042344263093375455
build and update digital databases.,73.0,0.007727828014541019
"buy or sell stocks, bonds, commodity futures, foreign currencies, or other securities on behalf of investment dealers.",117.0,0.01238569695481232
calculate amount of debt and funds available to plan methods of payoff and to estimate time for debt liquidation.,16.0,0.001693770523735018
"calculate amounts of required materials and estimate costs, based on surface measurements or work orders.",48.0,0.0050813115712050536
"calculate figures, such as required amounts of labor or materials, manufacturing costs, or wages, using pricing schedules, adding machines, calculators, or computers.",15.0,0.0015879098660015795
"calculate test result values, using standard formulas.",22.0,0.00232893447013565
calibrate data collection equipment.,23.0,0.0024347951278690886
calibrate testing instruments and installed or repaired equipment to prescribed specifications.,21.0,0.002223073812402211
calibrate testing instruments.,17.0,0.001799631181468457
"calibrate, troubleshoot, or repair equipment and correct malfunctions as needed.",30.0,0.003175819732003159
"calibrate, validate, or maintain laboratory equipment.",16.0,0.001693770523735018
"call on policyholders to deliver and explain policy, to analyze insurance program and suggest additions or changes, or to change beneficiaries.",39.0,0.0041285656516041064
call on prospective customers to explain company services or to solicit new business.,594.0,0.06288123069366255
"care for children or elderly persons by overseeing their activities, providing companionship, and assisting them with dressing, bathing, eating, and other needs.",39.0,0.0041285656516041064
"check completed work for spelling, grammar, punctuation, and format.",50.0,0.005293032886671932
"check data input or verify totals on forms prepared by others to detect errors in arithmetic, data entry, or procedures.",29.0,0.0030699590742697203
check dimensions of materials to be used and assign numbers to the materials.,43.0,0.004552008282537861
check import or export documentation to determine cargo contents and use tariff coding system to classify goods according to fee or tariff group.,29.0,0.0030699590742697203
"check reference materials, such as books, news files, or public records, to obtain relevant facts.",164.0,0.017361147868283935
"choose subject matter and suitable form to express personal feelings and experiences or ideas, or to narrate stories or events.",49.0,0.0051871722289384935
classify and catalog items according to content and purpose.,772.0,0.08172442777021462
"classify, record, and summarize numerical and financial data to compile and keep financial records, using journals and ledgers or computers.",638.0,0.06753909963393386
code data in preparation for computer entry.,408.0,0.04319114835524296
"code data prior to computer entry, using lists of codes.",885.0,0.09368668209409318
"code, classify, and catalog books, publications, films, audio-visual aids, and other library materials based on subject matter or standard library classification systems.",33.0,0.0034934017052034748
"code, evaluate, or interpret collected study data.",5357.0,0.5670955434780307
collaborate with artists to achieve appropriate visual style.,24.0,0.0025406557856025268
"collaborate with colleagues to exchange information, such as selling strategies or marketing information.",61.0,0.006457500121739756
collaborate with engineers or software developers to select appropriate design solutions or ensure the compatibility of system components.,27.0,0.002858237758802843
collaborate with field staff or customers to evaluate or diagnose problems and recommend possible solutions.,18.0,0.0019054918392018953
collaborate with management or users to develop e-commerce strategies and to integrate these strategies with web sites.,100.0,0.010586065773343863
"collaborate with sales teams to understand customer requirements, to promote the sale of company products, and to provide sales support.",201.0,0.021277992204421163
collaborate with search engine shopping specialists to place marketing content in desired online locations.,269.0,0.028476516930294987
collaborate with senior managers and decision makers to identify and solve a variety of problems and to clarify management objectives.,24.0,0.0025406557856025268
collaborate with software developers in the development and modification of commercial bioinformatics software.,16.0,0.001693770523735018
"collaborate with system architects, software architects, design analysts, and others to understand business or industry requirements.",327.0,0.03461643507883443
"collaborate with web, multimedia, or art design staffs to create multimedia web sites or other internet content that conforms to brand and company visual format.",282.0,0.029852705480829692
"collect and analyze data on customer demographics, preferences, needs, and buying habits to identify potential markets and factors affecting product demand.",1506.0,0.1594261505465586
"collect and analyze data to detect deficient controls, duplicated effort, extravagance, fraud, or non-compliance with laws, regulations, and management policies.",32.0,0.003387541047470036
"collect and analyze data to evaluate the effectiveness of academic programs and other services, such as behavioral management systems.",155.0,0.016408401948682986
"collect and analyze data, such as studying old records, tallying the number of outpatients entering each day or week, or participating in federal, state, or local population surveys as a census enumerator.",1327.0,0.14047709281227305
collect and analyze relevant data to identify real estate market trends.,38.0,0.004022704993870668
"collect and analyze security data to determine security needs, security program goals, or program accomplishments.",713.0,0.07547864896394174
"collect and analyze survey data, regulatory information, and data on demographic and employment trends to forecast enrollment patterns and curriculum change needs.",19.0,0.002011352496935334
"collect and analyze survey data, regulatory information, and demographic and employment trends to forecast enrollment patterns and the need for curriculum changes.",27.0,0.002858237758802843
"collect and analyze web metrics, such as visits, time on site, page views per visit, transaction volume and revenue, traffic mix, click-through rates, conversion rates, cost per acquisition, or cost per click.",75.0,0.007939549330007898
"collect and deposit money into accounts, disburse funds from cash accounts to pay bills or invoices, keep records of collections and disbursements, and ensure accounts are balanced.",15.0,0.0015879098660015795
"collect and report data on topics such as patient encounters and inter-institutional problems, making recommendations for change when appropriate.",15.0,0.0015879098660015795
"collect business intelligence data from available industry reports, public information, field reports, or purchased sources.",2960.0,0.3133475468909784
"collect data about existing client hardware, software, networking, or key business processes to inform implementation of radio frequency identification device (rfid) technology.",27.0,0.002858237758802843
"collect data about the attitudes, values, and behaviors of people in groups, using observation, interviews, and review of documents.",356.0,0.03768639415310415
"collect data relating to commercial or residential development, population, or power system interconnection to determine operating efficiency of electrical systems.",30.0,0.003175819732003159
collect data through surveys or experimentation.,228.0,0.024136229963224006
"collect information about clients through interviews, observation, or tests.",154.0,0.01630254129094955
"collect information about clients, using techniques such as testing, interviewing, discussion, and observation.",31.0,0.003281680389736598
"collect information about individuals or clients, using interviews, case histories, observational techniques, and other assessment methods.",58.0,0.006139918148539441
"collect information and make judgments through observation, interviews, and review of documents.",19.0,0.002011352496935334
collect or compile nanotechnology research or engineering data.,29.0,0.0030699590742697203
collect samples of materials or products for laboratory analysis.,21.0,0.002223073812402211
"collect samples of materials or products, checking them to ensure conformance to specifications or sending them to laboratories for analysis.",787.0,0.0833123376362162
"collect, record, and maintain patient information, such as medical histories, reports, and examination results.",273.0,0.028899959561228747
"collect, record, and maintain patient information, such as medical history, reports, and examination results.",198.0,0.02096041023122085
"collect, synthesize, analyze, manage, and report environmental data, such as pollution emission measurements, atmospheric monitoring measurements, meteorological or mineralogical information, or soil or water samples.",133.0,0.014079467478547337
combine secondary data sources with keyword research to more accurately profile and satisfy user intent.,25.0,0.002646516443335966
"communicate client assessment findings and recommendations in oral, written, audio, video, or other forms.",48.0,0.0050813115712050536
"communicate research or project results to other professionals or the public or teach related courses, seminars, or workshops.",57.0,0.0060340574908060015
"communicate security status, updates, and actual or potential problems, using established protocols.",30.0,0.003175819732003159
"communicate test results or technical information to patients, physicians, family members, or researchers.",16.0,0.001693770523735018
"communicate to faculty, students, or other users availability of, or changes to, distance learning courses or materials, programs, services, or applications.",17.0,0.001799631181468457
"communicate with clients to build rapport, acknowledge their progress, or reflect upon their reactions to musical experiences.",56.0,0.005928196833072563
"communicate with customers regarding orders, comments, and complaints.",17.0,0.001799631181468457
"communicate with customers, employees, and other individuals to answer questions, disseminate or explain information, take orders, and address complaints.",133.0,0.014079467478547337
"communicate with customers, sales staff, or marketing staff to determine customer needs.",19.0,0.002011352496935334
"communicate with dispatchers by radio, telephone, or computer to exchange information and receive requests for passenger service.",15.0,0.0015879098660015795
"communicate with or monitor service providers, such as ocean carriers, air freight forwarders, global consolidators, customs brokers, or trucking companies.",18.0,0.0019054918392018953
communicate with system users to ensure accounts are set up properly or to diagnose and solve operational problems.,35.0,0.003705123020670352
compare instrument pitches with tuning tool pitches to tune instruments.,22.0,0.00232893447013565
compare previously prepared bank statements with canceled checks and reconcile discrepancies.,22.0,0.00232893447013565
"compare prices, specifications, and delivery dates to determine the best bid among potential suppliers.",22.0,0.00232893447013565
compare suppliers' bills with bids and purchase orders to verify accuracy.,28.0,0.0029640984165362817
compile and analyze accounting records and other data to determine the financial resources required to implement a program.,19.0,0.002011352496935334
compile and analyze data obtained from monitoring or diagnostic tests.,1728.0,0.18292721656338196
compile and evaluate hydrologic information to prepare navigational charts and maps and to predict atmospheric conditions.,25.0,0.002646516443335966
compile and format image data to increase its usefulness.,840.0,0.08892295249608845
compile and interpret results of tests and analyses.,1043.0,0.11041266601597649
compile and maintain patients' medical records to document condition and treatment and to provide data for research or cost control and care improvement efforts.,124.0,0.013126721558946392
compile and prepare reports and documents pertaining to personnel activities.,15.0,0.0015879098660015795
"compile and record medical charts, reports, or correspondence, using typewriter or personal computer.",86.0,0.009104016565075722
"compile and study occupational, educational, and economic information to assist counselees in determining and carrying out vocational and educational objectives.",131.0,0.01386774616308046
"compile and write documentation of program development and subsequent revisions, inserting comments in the coded instructions so others can understand the program.",5955.0,0.630400216802627
compile bibliographies and prepare abstracts on subjects of interest to particular organizations or groups.,75.0,0.007939549330007898
compile bibliographies of specialized materials for outside reading assignments.,87.0,0.009209877222809162
"compile information about flights from flight plans, pilot reports, radar, or observations.",29.0,0.0030699590742697203
compile information or prepare reports on nanotechnology experiments or applications.,27.0,0.002858237758802843
compile laboratory test data and perform appropriate analyses.,114.0,0.012068114981612003
compile lists describing product or service offerings.,17.0,0.001799631181468457
"compile lists of books, periodicals, articles, and audio-visual materials on particular subjects.",57.0,0.0060340574908060015
compile or develop materials to submit to granting or other funding organizations.,36.0,0.0038109836784037906
"compile or maintain records of system operation, performance, and maintenance.",24.0,0.0025406557856025268
"compile reports, charts, or graphs that describe and interpret findings of analyses.",3592.0,0.38025148257851155
"compile statistical, financial, accounting, or auditing reports and tables pertaining to such matters as cash receipts, expenditures, accounts payable and receivable, and profits and losses.",108.0,0.011432951035211372
"compile statistics from source materials, such as production or sales records, quality-control or test records, time sheets, or survey sheets.",30.0,0.003175819732003159
"compile, administer, and grade examinations or assign this work to others.",206.0,0.02180729549308836
"compile, administer, and grade examinations, or assign this work to others.",676.0,0.07156180462780451
"compile, analyze, and report data to explain economic phenomena and forecast market trends, applying mathematical models and statistical techniques.",124.0,0.013126721558946392
"compile, log, or record testing or operational data for review and further analysis.",482.0,0.051024837027517415
"compile, record, and code results or data from interview or survey, using computer or specified form.",3168.0,0.3353665636995336
"compile, sort and verify the accuracy of data before it is entered.",298.0,0.031546476004564714
"complete and maintain accurate records or reports regarding the patients' histories and progress, services provided, or other required information.",26.0,0.0027523771010694044
complete and maintain necessary records.,45.0,0.004763729598004738
"complete contract forms, prepare change of address records, or issue service discontinuance orders, using computers.",23.0,0.0024347951278690886
complete form letters in response to requests or problems identified by correspondence.,180.0,0.019054918392018953
"complete loan applications, including credit analyses and summaries of loan requests, and submit to loan committees for approval.",51.0,0.00539889354440537
"complete models and simulations, using manual or automated tools, to analyze or predict system performance under different operating conditions.",217.0,0.02297176272815618
"complete work schedules, manage calendars, and arrange appointments.",103.0,0.01090364774654418
"comply with federal, state, and company policies, procedures, and regulations.",16.0,0.001693770523735018
"compose business correspondence for supervisors, managers, and professionals.",78.0,0.008257131303208213
"compose descriptions of merchandise for posting to online storefront, auction sites, or other shopping web sites.",550.0,0.058223361753391246
compose explanatory summaries of contents of books and other reference materials.,27.0,0.002858237758802843
"compose images of products, using video or still cameras, lighting equipment, props, or photo or video editing software.",260.0,0.027523771010694042
"compose letters in reply to correspondence concerning such items as requests for merchandise, damage claims, credit information requests, delinquent accounts, incorrect billing, or unsatisfactory service.",209.0,0.022124877466288675
"compose original music such as popular songs, symphonies, or sonatas.",65.0,0.0068809427526735105
"compound and dispense medications as prescribed by doctors and dentists, by calculating, weighing, measuring, and mixing ingredients, or oversee these activities.",58.0,0.006139918148539441
"compute and analyze data, using statistical formulas and computers or calculators.",368.0,0.03895672204590542
"compute cost of travel and accommodations, using calculator, computer, carrier tariff books, and hotel rate books, or quote package tour's costs.",22.0,0.00232893447013565
"compute data such as gear dimensions and machine settings, applying knowledge of shop mathematics.",122.0,0.012915000243479512
"compute dimensions, areas, volumes, and weights.",245.0,0.02593586114469246
"compute moisture or salt content, percentages of ingredients, formulas, or other product factors, using mathematical and chemical procedures.",121.0,0.012809139585746074
"compute prices for services and receive payment, or provide supervisors with billing information.",282.0,0.029852705480829692
"conduct and score oral, visual, written, or performance tests to determine applicant qualifications and notify applicants of their scores.",125.0,0.01323258221667983
"conduct applied research aimed at improvements in areas such as disease testing, crop quality, pharmaceuticals, and the harnessing of microbes to recycle waste.",115.0,0.012173975639345443
"conduct chemical analyses of substances such as acids, alcohols, and enzymes.",44.0,0.0046578689402713
"conduct classes, workshops, and demonstrations to teach principles, techniques, or methods in subjects, such as basic english language skills, life skills, and workforce entry skills.",451.0,0.04774315663778082
"conduct classes, workshops, and demonstrations, and provide individual instruction to teach topics and skills such as cooking, dancing, writing, physical fitness, photography, personal finance, and flying.",422.0,0.044673197563511104
conduct client or market surveys to obtain information about potential customers.,16.0,0.001693770523735018
"conduct demonstrations to teach such skills as sports, dancing, and handicrafts.",59.0,0.006245778806272879
conduct economic or commercial surveys to identify potential markets for products or services.,92.0,0.009739180511476354
conduct experimental or virtual studies to investigate characteristics and processing principles of potential microelectromechanical systems (mems) technology.,29.0,0.0030699590742697203
"conduct field surveys or study maps, graphs, diagrams, or other data to identify and correct power system problems.",18.0,0.0019054918392018953
"conduct historical research, and publish or present findings and theories.",43.0,0.004552008282537861
"conduct in-depth investigations of suspicious financial activity, such as suspected money-laundering efforts.",42.0,0.004446147624804422
"conduct individual, group, or family psychotherapy for those with chronic or acute mental disorders.",26.0,0.0027523771010694044
conduct internet-based and library research.,1118.0,0.11835221534598438
"conduct interviews or surveys of users or customers to collect information on topics such as requirements, needs, fatigue, ergonomics, or interfaces.",55.0,0.005822336175339125
"conduct logical analyses of business, scientific, engineering, and other technical problems, formulating mathematical models of problems for solution by computers.",4551.0,0.48177185334487926
"conduct market research analysis to identify search query trends, real-time search and news media activity, popular social media topics, electronic commerce trends, market opportunities, or competitor performance.",295.0,0.031228894031364397
conduct market research and analyze industry trends.,214.0,0.022654180754955865
conduct materials test and analysis using tools and equipment and applying engineering knowledge.,583.0,0.061716763458594726
"conduct medical research to aid in controlling and curing disease, to investigate new medications, and to develop and test new medical techniques.",25.0,0.002646516443335966
"conduct needs assessments or surveys to determine interest in, or satisfaction with, wellness and fitness programs, events, or services.",23.0,0.0024347951278690886
"conduct nutritional assessments of individuals, including obtaining and evaluating individuals' dietary histories, to plan nutritional programs.",69.0,0.007304385383607266
"conduct on-the-job training classes or training sessions to teach and demonstrate principles, techniques, procedures, or methods of designated subjects.",62.0,0.006563360779473196
"conduct online marketing initiatives, such as paid ad placement, affiliate programs, sponsorship programs, email promotions, or viral marketing campaigns on social media web sites.",41.0,0.004340286967070984
"conduct or oversee collection of corporate intelligence to avoid fraud, financial crime, cyber-attack, terrorism, and infrastructure failure.",131.0,0.01386774616308046
conduct own research in field of expertise.,48.0,0.0050813115712050536
conduct quality analyses of data inputs and resulting analyses or predictions.,1162.0,0.12301008428625569
conduct reference or background checks on job applicants.,18.0,0.0019054918392018953
"conduct reference searches, using printed materials and in-house and online databases.",224.0,0.023712787332290253
conduct research and interviews to determine which of a product's selling features should be promoted.,18.0,0.0019054918392018953
conduct research and present scientific findings.,52.0,0.005504754202138809
"conduct research in a particular field of knowledge and present findings in professional journals, books, electronic media, or at professional conferences.",395.0,0.04181495980470826
"conduct research in a particular field of knowledge and publish findings in books, professional journals, or electronic media.",394.0,0.04170909914697482
"conduct research in a particular field of knowledge and publish findings in professional journals, books, or electronic media.",1251.0,0.13243168282453172
"conduct research in a particular field of knowledge and publish findings in scholarly journals, books, or electronic media.",288.0,0.030487869427230325
"conduct research on consumer opinions and buying habits, and identify target audiences for green products, services, or technologies.",52.0,0.005504754202138809
"conduct research on consumer opinions and marketing strategies, collaborating with marketing professionals, statisticians, pollsters, and other professionals.",121.0,0.012809139585746074
conduct research on economic issues and disseminate research findings through technical reports or scientific articles in journals.,36.0,0.0038109836784037906
"conduct research or assist in the conduct of research, including the collection of information and samples, such as blood, water, soil, plants and animals.",176.0,0.0186314757610852
"conduct research that tests or analyzes the feasibility, design, operation, or performance of equipment, components, or systems.",30.0,0.003175819732003159
"conduct research to develop methodologies, instrumentation, and procedures for medical application, analyzing data and presenting findings to the scientific audience and general public.",32.0,0.003387541047470036
"conduct research to extend mathematical knowledge in traditional areas, such as algebra, geometry, probability, and logic.",372.0,0.03938016467683917
conduct research to gather information about survey topics.,1042.0,0.11030680535824305
conduct research to generate new knowledge that can be used to address learning and behavior issues.,88.0,0.0093157378805426
"conduct research to identify the goals, net worth, history of charitable donations, or other data related to potential donors, potential investors, or general donor markets.",68.0,0.007198524725873828
"conduct research, along with life scientists, chemists, and medical scientists, on the engineering aspects of the biological systems of humans and animals.",40.0,0.0042344263093375455
"conduct research, compile data, and prepare papers for consideration and presentation by executives, committees, and boards of directors.",384.0,0.04065049256964043
"conduct searches to find needed information, using such sources as the internet.",3373.0,0.3570679985348885
"conduct seminars or workshops on financial planning topics, such as retirement planning, estate planning, or the evaluation of severance packages.",43.0,0.004552008282537861
conduct social research.,55.0,0.005822336175339125
conduct specified laboratory tests.,44.0,0.0046578689402713
"conduct standardized biological, microbiological or biochemical tests and laboratory analyses to evaluate the quantity or quality of physical or chemical substances in food or other products.",19.0,0.002011352496935334
"conduct surveys and collect data, using methods such as interviews, questionnaires, focus groups, market analysis surveys, public opinion polls, literature reviews, and file reviews.",399.0,0.04223840243564202
"conduct threat or vulnerability analyses to determine probable frequency, criticality, consequence, or severity of natural or man-made disasters or criminal activity on the organization's profitability or delivery of products or services.",203.0,0.02148971351988804
confer with clients regarding the nature of the information processing or computation needs a computer program is to address.,998.0,0.10564893641797175
"confer with clients to determine objectives, budget, background information, and presentation approaches, styles, and techniques.",25.0,0.002646516443335966
"confer with clients to develop strategies for their careers, and to explain actions taken on their behalf.",152.0,0.016090819975482673
confer with clients to provide marketing or technical advice.,82.0,0.008680573934141967
"confer with clients, editors, writers, art directors, and other interested parties regarding the nature and content of artwork to be produced.",36.0,0.0038109836784037906
"confer with company officials to develop methods and procedures to increase sales, expand markets, and promote business.",56.0,0.005928196833072563
confer with customers and engineers to assess equipment needs and to determine system requirements.,22.0,0.00232893447013565
"confer with customers by telephone or in person to provide information about products or services, take or enter orders, cancel accounts, or obtain details of complaints.",669.0,0.07082078002367044
"confer with customers or supervising personnel to address questions, problems, or requests for service or equipment.",16.0,0.001693770523735018
confer with customers to assess customer needs or obtain feedback.,237.0,0.025088975882824955
confer with customers to determine the nature of malfunctions.,24.0,0.0025406557856025268
confer with customers to determine the nature of problems or to explain repairs.,25.0,0.002646516443335966
confer with customers to determine their service requirements and travel preferences.,58.0,0.006139918148539441
"confer with customers, supervisors, contractors, or other personnel to exchange information or to resolve problems.",24.0,0.0025406557856025268
"confer with establishment personnel, vendors, or customers to coordinate production or shipping activities and to resolve complaints or eliminate delays.",17.0,0.001799631181468457
confer with marketing and sales departments to define client requirements and expectations.,31.0,0.003281680389736598
confer with potential customers regarding equipment needs and advise customers on types of equipment to purchase.,46.0,0.004869590255738177
confer with research personnel to clarify or resolve problems and to develop or modify designs.,16.0,0.001693770523735018
"confer with scientists or engineers to conduct analyses of research projects, interpret test results, or develop nonstandard tests.",36.0,0.0038109836784037906
"confer with supervisory personnel, owners, contractors, or design professionals to discuss and resolve matters, such as work procedures, complaints, or construction problems.",15.0,0.0015879098660015795
"confer with systems analysts, engineers, programmers and others to design system and to obtain information on project limitations and capabilities, performance requirements and interfaces.",52.0,0.005504754202138809
"confer with users to analyze, configure, or troubleshoot applications.",54.0,0.005716475517605686
configure security settings or access permissions for groups or individuals.,852.0,0.09019328038888971
configure servers to meet functional specifications.,1610.0,0.1704356589508362
"configure, monitor, and maintain email applications or virus protection software.",30.0,0.003175819732003159
"consult sources such as rate books, manuals, or insurance company representatives to determine specific charges or information such as rules, regulations, or government tax and tariff information.",31.0,0.003281680389736598
"consult with advertising agencies or staff to arrange promotional campaigns in all types of media for products, organizations, or individuals.",27.0,0.002858237758802843
"consult with and advise physicians, educators, researchers, government health officials and others regarding medical applications of sciences, such as physics, biology, and chemistry.",43.0,0.004552008282537861
consult with and assist computer operators or system analysts to define and resolve problems in running computer programs.,242.0,0.025618279171492148
consult with clients after sales or contract signings to resolve problems and to provide ongoing support.,85.0,0.008998155907342284
consult with clients to assess risks and to determine security requirements.,94.0,0.00995090182694323
"consult with clients, vendors, personnel in other departments or construction foremen to discuss and formulate estimates and resolve issues.",52.0,0.005504754202138809
consult with customers about software system design and maintenance.,90.0,0.009527459196009476
"consult with customers or other departments on project status, proposals, or technical issues, such as software system design or maintenance.",25.0,0.002646516443335966
"consult with customers to determine objectives and requirements for events such as meetings, conferences, and conventions.",21.0,0.002223073812402211
consult with multiple stakeholders to define requirements and implement online features.,400.0,0.04234426309337545
"consult with researchers to analyze problems, recommend technology-based solutions, or determine computational strategies.",31.0,0.003281680389736598
"consult with users, management, vendors, and technicians to assess computing needs and system requirements.",130.0,0.013761885505347021
"consult with users, management, vendors, and technicians to determine computing needs and system requirements.",86.0,0.009104016565075722
"consult with writers, producers, or actors about script changes or ""workshop"" scripts, through rehearsal with writers and actors to create final drafts.",28.0,0.0029640984165362817
contact borrowers with delinquent accounts to obtain payment in full or to negotiate repayment plans.,30.0,0.003175819732003159
"contact businesses or private individuals by telephone to solicit sales for goods or services, or to request donations for charitable causes.",138.0,0.014608770767214532
contact carriers for rates or schedules.,28.0,0.0029640984165362817
"contact clients in person, by phone, or in writing to ensure they have completed required or recommended actions.",25.0,0.002646516443335966
contact clients periodically to determine any changes in their financial status.,20.0,0.0021172131546687727
contact creditors to explain clients' financial situations and to arrange for payment adjustments so that payments are feasible for clients and agreeable to creditors.,35.0,0.003705123020670352
contact customers to obtain or relay account information.,50.0,0.005293032886671932
contact customers to persuade them to purchase merchandise or services.,261.0,0.027629631668427482
contact job applicants to inform them of the status of their applications.,152.0,0.016090819975482673
contact new or existing customers to discuss how specific products or services can meet their needs.,3234.0,0.3423533671099405
contact organizations to explain services and facilities offered.,85.0,0.008998155907342284
"contact prospective customers to determine customer needs, present information, or explain available services.",2299.0,0.24337365212917542
contact prospective customers to present information and explain available services.,1752.0,0.18546787234898449
"contact regular and prospective customers to demonstrate products, explain product features, and solicit orders.",85.0,0.008998155907342284
"contribute to the compilation, organization, and production of protocols, clinical study reports, regulatory submissions, or other controlled documentation.",111.0,0.011750533008411689
"converse with customer to determine destination, mode of transportation, travel dates, financial considerations, and accommodations required.",144.0,0.015243934713615162
converse with customers to determine details of equipment problems.,20.0,0.0021172131546687727
"convert various types of files for printing or for the internet, using computer software.",151.0,0.015984959317749233
coordinate activities with other departments to ensure that services are provided in an efficient and timely manner.,37.0,0.003916844336137229
coordinate and link the computer systems within an organization to increase compatibility and so information can be shared.,39.0,0.0041285656516041064
coordinate appointments to show homes to prospective buyers.,136.0,0.014397049451747655
"coordinate communication between patients, family members, medical staff, administrative staff, or regulatory agencies.",28.0,0.0029640984165362817
coordinate due diligence processes and the negotiation or execution of purchase or sale agreements.,93.0,0.009845041169209793
coordinate implementation of computer system plan with establishment personnel and outside vendors.,394.0,0.04170909914697482
"coordinate or perform activities associated with shipping, receiving, distribution, or transportation.",130.0,0.013761885505347021
"coordinate sales or other promotional strategies with merchandising, operations, or inventory control staff to ensure product catalogs are current, accurate, and organized for best findability against user intent.",63.0,0.006669221437206634
"coordinate services for events, such as accommodation and transportation for participants, facilities, catering, signage, displays, special needs requirements, printing and event security.",57.0,0.0060340574908060015
"coordinate the activities of writers, directors, managers, and other personnel throughout the production process.",145.0,0.0153497953713486
"coordinate with developers to optimize web site architecture, server configuration, or page construction for search engine consumption and optimal visibility.",165.0,0.017467008526017375
"copy or summarize recorded documents, such as mortgages, trust deeds, and contracts, that affect property titles.",28.0,0.0029640984165362817
correct errors by making appropriate changes and rechecking the program to ensure that the desired results are produced.,11392.0,1.2059646128993329
correspond with insured or agent to obtain information or inform them of account status or changes.,17.0,0.001799631181468457
"correspond with online customers via electronic mail, telephone, or other electronic messaging to address questions or complaints about products, policies, or shipping methods.",71.0,0.007516106699074142
"counsel and provide guidance to students regarding personal, academic, vocational, or behavioral issues.",42.0,0.004446147624804422
"counsel clients and patients in individual and group sessions to help them overcome dependencies, recover from illness, and adjust to life.",81.0,0.00857471327640853
"counsel clients on personal and family financial problems, such as excessive spending or borrowing of funds.",60.0,0.006351639464006318
"counsel clients or patients, individually or in group sessions, to assist in overcoming dependencies, adjusting to life, or making changes.",104.0,0.011009508404277618
"counsel employees in work-related activities, personal growth, or career development.",31.0,0.003281680389736598
"counsel individuals and groups on basic rules of good nutrition, healthy eating habits, and nutrition monitoring to improve their quality of life.",56.0,0.005928196833072563
"counsel individuals and groups regarding problems, such as stress, substance abuse, and family situations, to modify behavior or to improve personal, social, and vocational adjustment.",87.0,0.009209877222809162
"counsel individuals regarding interpersonal, health, financial, or religious problems.",310.0,0.03281680389736597
"counsel individuals to help them understand and overcome personal, social, or behavioral problems affecting their educational or vocational situations.",20.0,0.0021172131546687727
"counsel patients about drug regimens and possible side effects or interactions with other substances such as food supplements, over-the-counter (otc) medications, or herbal remedies.",15.0,0.0015879098660015795
"counsel patients about nutrition, exercise, sleeping habits, stress management, or other matters.",31.0,0.003281680389736598
"counsel students regarding educational issues, such as course and program selection, class scheduling and registration, school adjustment, truancy, study habits, and career planning.",40.0,0.0042344263093375455
counsel workers about job and career-related issues.,120.0,0.012703278928012636
"create a grid of each site and draw and update maps of unit profiles, stratum surfaces, features, and findings.",30.0,0.003175819732003159
create and enforce database development standards.,30.0,0.003175819732003159
"create and maintain accessible, retrievable computer archives and databases, incorporating current advances in electronic information storage technology.",41.0,0.004340286967070984
"create and manage documentation, production schedules, prototyping goals, and communication plans in collaboration with production staff.",15.0,0.0015879098660015795
"create business intelligence tools or systems, including design of related databases, spreadsheets, or outputs.",202.0,0.021383852862154603
create client presentations of plan details.,45.0,0.004763729598004738
create content strategies for digital media.,143.0,0.015138074055881724
create custom illustrations or other graphic elements.,330.0,0.03493401705203475
create data management or error-checking procedures and user manuals.,20.0,0.0021172131546687727
"create data records for use in describing and analyzing social patterns and processes, using photography, videography, and audio recordings.",119.0,0.012597418270279197
"create debt management plans, spending plans, or budgets to assist clients to meet financial goals.",113.0,0.011962254323878565
create developmentally appropriate lesson plans.,28.0,0.0029640984165362817
create embedded software design programs.,24.0,0.0025406557856025268
"create finished art work as decoration, or to elucidate or substitute for spoken or written messages.",845.0,0.08945225578475563
"create marketing or outreach media, such as brochures or web sites, to communicate sustainability issues, procedures, or objectives.",29.0,0.0030699590742697203
create or administer training and awareness presentations or materials.,15.0,0.0015879098660015795
create or implement metadata processes and frameworks.,26.0,0.0027523771010694044
create or maintain database of customer accounts.,67.0,0.007092664068140388
"create photographic recordings of information, using equipment.",23.0,0.0024347951278690886
"create schematics and physical layouts of integrated microelectromechanical systems (mems) components or packaged assemblies consistent with process, functional, or package constraints.",31.0,0.003281680389736598
"create sculptures, statues, and other three-dimensional artwork by using abrasives and tools to shape, carve, and fabricate materials such as clay, stone, wood, or metal.",33.0,0.0034934017052034748
create searchable indices for web page content.,206.0,0.02180729549308836
"create supporting documentation, such as metadata and diagrams of entity relationships, business processes, and process flow.",251.0,0.026571025091093096
"create visual representations of geospatial data using complex procedures, such as analytical modeling, three-dimensional renderings, or plot creation.",57.0,0.0060340574908060015
"create, analyze, report, convert, or transfer data, using specialized applications program software.",9959.0,1.0542662903673152
"create, maintain, and enter information into databases.",778.0,0.08235959171661526
"create, populate, or maintain databases for tracking validation activities, test results, or validated systems.",92.0,0.009739180511476354
"customize insurance programs to suit individual customers, often covering a variety of risks.",90.0,0.009527459196009476
debug robotics programs.,190.0,0.020113524969353338
decline excessive risks.,72.0,0.007621967356807581
"define data requirements and gather and validate information, applying judgment and statistical tests.",176.0,0.0186314757610852
"define instructional, learning, or performance objectives.",29.0,0.0030699590742697203
define the goals of the system and devise flow charts and diagrams describing logical operational steps of programs.,327.0,0.03461643507883443
"deliver prepared sales talks, reading from scripts that describe products or services, to persuade potential customers to purchase a product or service or to make a donation.",16.0,0.001693770523735018
"demonstrate database technical functionality, such as performance, security and reliability.",167.0,0.01767872984148425
"demonstrate or explain products, methods, or services to persuade customers to purchase products or use services.",104.0,0.011009508404277618
demonstrate products to clients.,45.0,0.004763729598004738
"describe merchandise and explain use, operation, and care of merchandise to customers.",84.0,0.008892295249608844
"design and apply bioinformatics algorithms including unsupervised and supervised machine learning, dynamic programming, or graphic algorithms.",20.0,0.0021172131546687727
design and conduct evaluations and diagnostic studies to assess the quality and performance of health education programs.,21.0,0.002223073812402211
design and create special programs for tasks such as statistical analysis and data entry and cleaning.,1036.0,0.10967164141184242
"design and direct nuclear research projects to discover facts, to test or modify theoretical models, or to develop new theoretical models or new uses for current models.",25.0,0.002646516443335966
design and implement warehouse database structures.,101.0,0.010691926431077301
"design and implement web site security measures, such as firewalls or message encryption.",27.0,0.002858237758802843
"design and produce displays and materials that can be used to decorate windows, interior displays, or event locations such as streets and fairgrounds.",31.0,0.003281680389736598
"design complex graphics and animation, using independent judgment, creativity, and computer equipment.",259.0,0.027417910352960605
design computer simulations to model physical data so that it can be better understood.,50.0,0.005293032886671932
"design custom clothing and accessories for individuals, retailers, or theatrical, television, or film productions.",19.0,0.002011352496935334
"design customer interface of online storefront, using web programming or e-commerce software.",71.0,0.007516106699074142
"design database applications, such as interfaces, data transfer mechanisms, global temporary tables, data partitions, and function-based indexes to enable efficient access of the generic database structure.",427.0,0.04520250085217829
"design databases to support business applications, ensuring system scalability, security, performance and reliability.",667.0,0.07060905870820357
"design electronic components, software, products, or systems for commercial, industrial, medical, military, or scientific applications.",67.0,0.007092664068140388
"design forms for receiving, processing, or tracking data.",26.0,0.0027523771010694044
"design information storage and retrieval systems and develop procedures for collecting, organizing, interpreting, and classifying information.",346.0,0.03662778757576977
design instructional aids for stand-alone or instructor-led classroom or online use.,61.0,0.006457500121739756
"design learning products, including web-based aids or electronic performance support systems.",50.0,0.005293032886671932
design or develop automated testing tools.,1242.0,0.1314789369049308
"design or develop new equipment or methods for meteorological data collection, remote sensing, or related applications.",16.0,0.001693770523735018
"design or develop software systems, using scientific analysis and mathematical models to predict and measure outcome and consequences of design.",319.0,0.03376954981696693
design or implement products and services to mitigate risk or facilitate use of technology-based tools and methods.,15.0,0.0015879098660015795
design or implement web-based tools for querying large-scale biological databases.,34.0,0.003599262362936914
design patient education programs that include information required to make informed health care and treatment decisions.,30.0,0.003175819732003159
design research projects that apply valid scientific techniques and use information obtained from baselines or historical data to structure uncompromised and efficient analyses.,120.0,0.012703278928012636
"design robotic systems, such as automatic vehicle control, autonomous vehicles, advanced displays, advanced sensing, robotic platforms, computer vision, or telematics systems.",19.0,0.002011352496935334
"design security policies, programs, or practices to ensure adequate security relating to issues such as protection of assets, alarm response, and access card use.",173.0,0.018313893787884884
"design software to control robotic systems for applications, such as military defense or manufacturing.",95.0,0.010056762484676669
"design, build, or maintain web sites, using authoring or scripting languages, content creation tools, management tools, and digital media.",14989.0,1.5867453987665117
"design, conduct, and evaluate experimental operational models in cases where models cannot be developed from existing data.",30.0,0.003175819732003159
"design, configure, and test computer hardware, networking software and operating system software.",44.0,0.0046578689402713
"design, customize, and maintain databases, web pages, and local area networks.",17.0,0.001799631181468457
"design, develop and modify software systems, using scientific analysis and mathematical models to predict and measure outcome and consequences of design.",3276.0,0.34679951473474496
"design, develop, select, test, implement, and evaluate new or modified informatics solutions, data structures, and decision-support mechanisms to support patients, health care professionals, and their information management and human-computer and human-technology interactions within health care contexts.",131.0,0.01386774616308046
"design, implement, or maintain fraud detection tools or procedures.",239.0,0.02530069719829183
"design, implement, or operate comprehensive data warehouse systems to balance optimization of data access with batch loading and resource utilization factors, according to customer requirements.",61.0,0.006457500121739756
"design, install, or troubleshoot manufacturing equipment.",15.0,0.0015879098660015795
"design, organize, and deliver product awareness, skills transfer, or product education sessions for staff or suppliers.",20.0,0.0021172131546687727
"design, plan, organize, or direct orientation and training programs for employees or customers.",31.0,0.003281680389736598
"design, use, or maintain databases and software applications, such as geographic information systems (gis) mapping and artificial intelligence tools.",67.0,0.007092664068140388
determine and set product prices.,25.0,0.002646516443335966
determine computer software or hardware needed to set up or alter system.,21.0,0.002223073812402211
determine customers' financial services needs and prepare proposals to sell services that address these needs.,48.0,0.0050813115712050536
determine data collection methods to be employed in research projects or surveys.,253.0,0.026782746406559976
"determine desired images and picture composition, selecting and adjusting subjects, equipment, and lighting to achieve desired effects.",348.0,0.03683950889123665
determine efficient and cost-effective methods of moving goods from one location to another.,21.0,0.002223073812402211
"determine existence and amount of liability according to current laws, administrative and judicial precedents, and available evidence.",590.0,0.062457788062728795
determine guidelines that specify which source material is acceptable for use.,60.0,0.006351639464006318
determine location for product listings to maximize exposure to online traffic.,68.0,0.007198524725873828
"determine method of shipment and prepare bills of lading, invoices, and other shipping documents.",25.0,0.002646516443335966
determine policy contract provisions for each type of insurance.,44.0,0.0046578689402713
"determine schedules, sequences, and assignments for work activities, based on work priority, quantity of equipment, and skill of personnel.",15.0,0.0015879098660015795
"determine shipping methods, routes, or rates for materials to be shipped.",17.0,0.001799631181468457
"determine size and arrangement of illustrative material and copy, and select style and size of type.",92.0,0.009739180511476354
"determine sources of web page or server problems, and take action to correct such problems.",2483.0,0.26285201315212814
"determine supplementary virtual features, such as currency, item catalog, menu design, and audio direction.",1234.0,0.13063205164306327
determine which products or colors will improve clients' skin quality and appearance.,17.0,0.001799631181468457
"determine which topics to research, or pursue research topics specified by clients or employers.",79.0,0.008362991960941651
"develop advertising campaigns for a wide range of clients, working with an advertising agency's creative director and art director to determine the best way to present advertising information.",53.0,0.005610614859872247
develop an understanding of customers' needs and take actions to ensure that such needs are met.,123.0,0.01302086090121295
develop an understanding of fields to which statistical methods are to be applied to determine whether methods and results are appropriate.,31.0,0.003281680389736598
"develop and direct software system testing and validation procedures, programming, and documentation.",2208.0,0.2337403322754325
"develop and distribute newsletters, brochures, or other printed materials to share information with patients or medical staff.",21.0,0.002223073812402211
develop and document database architectures.,261.0,0.027629631668427482
develop and document style guidelines for web site content.,146.0,0.015455656029082039
"develop and implement data extraction procedures from other systems, such as administration, billing, or claims.",167.0,0.01767872984148425
develop and implement individualized plans for health care management.,61.0,0.006457500121739756
"develop and implement individualized treatment plans addressing family relationship problems, destructive patterns of behavior, and other personal issues.",16.0,0.001693770523735018
develop and implement policies and procedures for the operation of a department or establishment.,22.0,0.00232893447013565
develop and implement research quality control procedures.,52.0,0.005504754202138809
develop and implement solutions for network problems.,39.0,0.0041285656516041064
"develop and implement technical project management tools, such as plans, schedules, and responsibility and compliance matrices.",16.0,0.001693770523735018
"develop and interpret organizational goals, policies, and procedures.",31.0,0.003281680389736598
develop and maintain client relationships.,89.0,0.009421598538276038
develop and maintain computer databases.,320.0,0.033875410474700364
"develop and maintain computerized record management systems to store and process data such as personnel activities and information, and to produce reports.",115.0,0.012173975639345443
develop and maintain course websites.,21.0,0.002223073812402211
"develop and maintain the company's corporate image and identity, which includes the use of logos and signage.",271.0,0.02868823824576187
develop and modify astronomy-related programs for public presentation.,30.0,0.003175819732003159
"develop and organize training manuals, multimedia visual aids, and other educational materials.",99.0,0.010480205115610425
"develop and test experimental designs, sampling techniques, and analytical methods.",62.0,0.006563360779473196
"develop and test theories, using information from interviews, newspapers, periodicals, case law, historical papers, polls, or statistical sources.",100.0,0.010586065773343863
"develop and use multimedia course materials and other current technology, such as online courses.",47.0,0.004975450913471615
develop application-specific software.,4586.0,0.4854769763655496
develop applied software for the analysis and interpretation of geological data.,15.0,0.0015879098660015795
"develop approaches to the solution of groups' problems, based on research findings in sociology and related disciplines.",34.0,0.003599262362936914
"develop briefings, brochures, multimedia presentations, web pages, promotional products, technical illustrations, and computer artwork for use in products, technical manuals, literature, newsletters, and slide shows.",4315.0,0.45678873811978765
"develop business methods and procedures, including accounting systems, file systems, office systems, logistics systems, and production schedules.",160.0,0.016937705237350182
"develop calibration methodologies, test methodologies, or tools.",29.0,0.0030699590742697203
"develop client relationships and communicate with clients to explain proposals, present research findings, establish specifications, or discuss project status.",18.0,0.0019054918392018953
"develop communications materials, advertisements, presentations, or public relations initiatives to promote awareness of green products and technologies.",97.0,0.010268483800143547
develop concepts or creative ideas for craft objects.,194.0,0.020536967600287094
"develop contacts with individuals and organizations, and apply effective strategies and techniques to ensure their clients' success.",27.0,0.002858237758802843
"develop core analytical capabilities or model libraries, using advanced statistical, quantitative, or econometric techniques.",35.0,0.003705123020670352
develop criteria for the design and modification of survey instruments.,29.0,0.0030699590742697203
develop curricula and plan course content and methods of instruction.,142.0,0.015032213398148284
"develop curriculum and prepare manuals, visual aids, course outlines, and other materials used in teaching.",45.0,0.004763729598004738
"develop data model describing data elements and how they are used, following procedures and using pen, template or computer software.",157.0,0.016620123264149862
develop data models and databases.,174.0,0.018419754445618323
"develop data models for applications, metadata tables, views or related database structures.",298.0,0.031546476004564714
"develop data warehouse process models, including sourcing, loading, transformation, and extraction.",39.0,0.0041285656516041064
"develop database architectural strategies at the modeling, design and implementation stages to address business or industry requirements.",316.0,0.033451967843766604
develop databases that support web applications and web sites.,76.0,0.008045409987741337
"develop economic models, forecasts, or scenarios to predict future economic and environmental outcomes.",67.0,0.007092664068140388
"develop educational materials and programs for community agencies, local government, and state government.",47.0,0.004975450913471615
"develop exercise programs to improve participant strength, flexibility, endurance, or circulatory functioning, in accordance with exercise science standards, regulatory requirements, and credentialing requirements.",35.0,0.003705123020670352
"develop factors such as themes, plots, characterizations, psychological analyses, historical environments, action, and dialogue, to create material.",4582.0,0.48505353373461585
"develop financial plans, based on analysis of clients' financial status.",28.0,0.0029640984165362817
"develop formal documentation for microelectromechanical systems (mems) devices, including quality assurance guidance, quality control protocols, process control checklists, data collection, or reporting.",18.0,0.0019054918392018953
"develop graphics and layouts for product illustrations, company logos, and web sites.",17.0,0.001799631181468457
"develop ideas for creating dances, keeping notes and sketches to record influences.",61.0,0.006457500121739756
develop implementation plans that include analyses such as cost-benefit or return on investment (roi).,29.0,0.0030699590742697203
"develop individualized treatment plans for patients, considering patient preferences, clinical data, or the risks and benefits of therapies.",243.0,0.025724139829225584
develop instructional materials and conduct in-service and community-based educational programs.,199.0,0.021066270888954287
develop instructional materials and products for technology-based redesign of courses.,272.0,0.02879409890349531
develop instructional materials to be used by educators and instructors.,1969.0,0.20843963507714067
"develop instructional materials, such as lesson plans, handouts, or examinations.",1812.0,0.19181951181299078
develop instrumentation and software for astronomical observation and analysis.,27.0,0.002858237758802843
"develop lists of prospective clients from sources such as newspaper items, company records, local merchants, or customers.",43.0,0.004552008282537861
"develop manuals, texts, workbooks, or related materials for use in conjunction with production materials or for training.",21.0,0.002223073812402211
"develop marketing materials, proposals, or presentation to generate new work opportunities.",131.0,0.01386774616308046
develop mathematical or statistical models of phenomena to be used for analysis or for computational simulation.,120.0,0.012703278928012636
develop measurement tools to evaluate the effectiveness of instruction or training interventions.,73.0,0.007727828014541019
develop methods for integrating different products so they work properly together such as customizing commercial databases to fit specific needs.,1239.0,0.13116135493173045
"develop methods of assessing or measuring corporate performance in terms of environmental, social, and governance (esg) issues.",16.0,0.001693770523735018
"develop new business by contacting potential clients, making sales presentations, and writing proposals.",140.0,0.014820492082681408
develop new chemical engineering processes or production techniques.,29.0,0.0030699590742697203
"develop new food items for production, based on consumer feedback.",15.0,0.0015879098660015795
develop new methods to study the mechanisms of biological processes.,21.0,0.002223073812402211
"develop new or improved ways of preserving, processing, packaging, storing, and delivering foods, using knowledge of chemistry, microbiology, and other sciences.",16.0,0.001693770523735018
develop new principles and new relationships between existing mathematical principles to advance mathematical science.,105.0,0.011115369062011056
develop new software applications or customize existing applications to meet specific scientific project needs.,8244.0,0.8727152623544682
develop or analyze information to assess the current or future financial status of firms.,763.0,0.08077168185061367
develop or apply data mining and machine learning algorithms.,12909.0,1.3665552306809592
"develop or approve project plans, schedules, or budgets.",18.0,0.0019054918392018953
"develop or configure document management system features, such as user interfaces, access profiles, and document workflow procedures.",337.0,0.03567504165616882
develop or direct development of offering documents or marketing materials.,17.0,0.001799631181468457
develop or direct software system testing or validation procedures.,1817.0,0.192348815101658
develop or direct study courses or religious education programs within congregations.,33.0,0.0034934017052034748
develop or document style guidelines for web site content.,109.0,0.01153881169294481
develop or implement electronic maintenance programs or computer information management systems.,110.0,0.01164467235067825
develop or implement fund investment policies or strategies.,22.0,0.00232893447013565
develop or implement marketing strategies.,205.0,0.02170143483535492
"develop or implement policies or practices to ensure the privacy, confidentiality, or security of patient information.",192.0,0.020325246284820214
develop or implement procedures for ongoing web site revision.,821.0,0.08691159999915311
"develop or implement product-marketing strategies, including advertising campaigns or sales promotions.",72.0,0.007621967356807581
develop or implement risk-assessment models or methodologies.,84.0,0.008892295249608844
"develop or maintain applications that process biologically based data into searchable databases for purposes of analysis, calculation, or presentation.",168.0,0.017784590499217687
"develop or maintain archived procedures, procedural codes, or queries for applications.",76.0,0.008045409987741337
"develop or maintain cost estimates, forecasts, or cost models.",64.0,0.006775082094940072
develop or maintain internal or external company web sites.,2318.0,0.24538500462611074
"develop or maintain standards, such as organization, structure, or nomenclature, for the design of data warehouse elements, such as data architectures, models, tools, and databases.",34.0,0.003599262362936914
develop or maintain supplier or customer relationships.,15.0,0.0015879098660015795
"develop or manage integrated security controls to ensure confidentiality, accountability, recoverability, or audit ability of sensitive information, proprietary information, or information technology resources.",221.0,0.023395205359089937
"develop or recommend network security measures, such as firewalls, network security audits, or automated security probes.",65.0,0.0068809427526735105
"develop or revise business plans for online business, emphasizing factors such as product line, pricing, inventory, or marketing strategy.",35.0,0.003705123020670352
"develop or update project plans for information technology projects including information such as project objectives, technologies, systems, information specifications, schedules, funding, and staffing.",98.0,0.010374344457876987
"develop plans and estimate costs for installation of systems, utilization of facilities, or construction of structures.",25.0,0.002646516443335966
"develop pricing strategies, balancing firm objectives and customer satisfaction.",25.0,0.002646516443335966
"develop problem intervention procedures, using techniques such as interviews, consultations, role playing, and participant observation of group interactions.",41.0,0.004340286967070984
develop program plans for individuals or assist in plan development.,35.0,0.003705123020670352
develop prospect lists.,47.0,0.004975450913471615
"develop prospects from current commercial customers, referral leads, or sales or trade meetings.",39.0,0.0041285656516041064
"develop relationships and communicate with customers, site managers, developers, land owners, authorities, utility representatives, or residents.",40.0,0.0042344263093375455
develop software applications or programming to use for statistical modeling and graphic analysis.,140.0,0.014820492082681408
develop specialized computer software routines to customize and integrate image analysis.,655.0,0.0693387308154023
develop standards and guidelines to guide the use and acquisition of software and to protect vulnerable information.,696.0,0.0736790177824733
"develop story or content ideas, considering reader or audience appeal.",25.0,0.002646516443335966
"develop system engineering, software engineering, system integration, or distributed system architectures.",239.0,0.02530069719829183
develop system interaction or sequence diagrams.,62.0,0.006563360779473196
"develop teaching aids such as instructional software, multimedia visual aids, or study materials.",608.0,0.06436327990193069
"develop teaching materials, such as syllabi, visual aids, answer keys, supplementary notes, or course web sites.",490.0,0.05187172228938492
"develop teaching or training materials, such as handouts, study materials, or quizzes.",497.0,0.052612746893519
"develop tests, questionnaires, and procedures that measure the effectiveness of curricula and use these tools to determine whether program objectives are being met.",93.0,0.009845041169209793
develop theories based on personal observations or on observations and theories of other astronomers.,32.0,0.003387541047470036
develop training programs or routines designed to improve athletic performance.,27.0,0.002858237758802843
"develop transactional web applications, using web programming software and knowledge of programming languages, such as hypertext markup language (html) and extensible markup language (xml).",2773.0,0.2935516038948253
"develop treatment plans based on scientific rationale, standards of care, and professional practice guidelines.",32.0,0.003387541047470036
develop visual aids and charts for use in lectures or to present evidence in court.,24.0,0.0025406557856025268
"develop web site maps, application models, image templates, or page templates that meet project goals, user needs, or industry standards.",517.0,0.05472996004818777
"develop, administer and evaluate applicant tests.",31.0,0.003281680389736598
"develop, copy, or adapt designs for garments, and design patterns to fit measurements, applying knowledge of garment design, construction, styling, and fabric.",281.0,0.029746844823096256
"develop, implement or evaluate health information technology applications, tools, processes or structures to assist nurses with data management.",21.0,0.002223073812402211
"develop, implement, administer and evaluate personnel and labor relations programs, including performance appraisal, affirmative action and employment equity programs.",18.0,0.0019054918392018953
"develop, implement, modify, and document recordkeeping and accounting systems, making use of current computer technology.",363.0,0.03842741875723822
"develop, maintain, and analyze budgets, preparing periodic reports that compare budgeted costs to actual costs.",41.0,0.004340286967070984
"develop, maintain, and troubleshoot information access aids, such as databases, annotated bibliographies, web pages, electronic pathfinders, software programs, and online tutorials.",63.0,0.006669221437206634
"develop, or contribute to the development of, educational or outreach programs on the environment or climate change.",29.0,0.0030699590742697203
"develop, present, or respond to proposals for specific customer requirements, including request for proposal responses and industry-specific solutions.",88.0,0.0093157378805426
"develop, recommend, or manage security procedures for operations or processes, such as security call centers, system acquisition, development, and maintenance, access control, program models, or reporting tools.",261.0,0.027629631668427482
"develop, standardize, evaluate, or modify procedures, techniques, or tests used in the analysis of specimens or in medical laboratory experiments.",44.0,0.0046578689402713
"develop, test, or program new robots.",39.0,0.0041285656516041064
"devise and evaluate methods and procedures for collecting data, such as surveys, opinion polls, or questionnaires, or arrange to obtain existing data.",19.0,0.002011352496935334
devise testing methods to evaluate the effects of various conditions on particular materials.,22.0,0.00232893447013565
"devise trading, option, or hedge strategies.",132.0,0.013973606820813899
"diagnose and correct problems from remote locations, using special switchboards to find the sources of problems.",20.0,0.0021172131546687727
"diagnose diseases or study medical conditions using techniques such as gross pathology, histology, cytology, cytopathology, clinical chemistry, immunology, flow cytometry, and molecular biology.",247.0,0.026147582460159344
"diagnose malfunctioning systems, apparatus, or components, using test equipment and hand tools to locate the cause of a breakdown and correct the problem.",16.0,0.001693770523735018
"diagnose, test, or analyze the performance of electrical components, assemblies, or systems.",35.0,0.003705123020670352
"diagnose, troubleshoot, and resolve hardware, software, or other network and system problems, and replace defective components when necessary.",12843.0,1.3595684272705524
"direct and coordinate activities of personnel engaged in broadcast news, sports, or programming.",15.0,0.0015879098660015795
"direct crop production operations, such as planning, tilling, planting, fertilizing, cultivating, spraying, or harvesting.",16.0,0.001693770523735018
"direct insurance negotiations, select insurance brokers or carriers, and place insurance.",16.0,0.001693770523735018
"direct live broadcasts, films and recordings, or non-broadcast programming for public entertainment or education.",1226.0,0.12978516638119578
direct or conduct studies or research on issues affecting areas of responsibility.,30.0,0.003175819732003159
direct or coordinate activities of businesses involved with buying or selling investment products or financial services.,30.0,0.003175819732003159
direct or coordinate activities of project personnel.,158.0,0.016725983921883302
"direct or coordinate an organization's financial or budget activities to fund operations, maximize investments, or increase efficiency.",19.0,0.002011352496935334
direct or provide home health services.,57.0,0.0060340574908060015
direct software programming and development of documentation.,432.0,0.04573180414084549
"direct team activities, establishing task priorities, scheduling and tracking work assignments, providing guidance, and ensuring the availability of resources.",22.0,0.00232893447013565
"direct, coordinate, organize, or prioritize biological laboratory activities.",18.0,0.0019054918392018953
discuss the treatment of problems with clients.,887.0,0.09389840340956006
"display commercial, industrial, agricultural, and residential properties to clients and explain their features.",288.0,0.030487869427230325
"disseminate information regarding tools, reports, or metadata enhancements.",36.0,0.0038109836784037906
"document account activities, generate reports, and keep records of business transactions with customers and suppliers.",38.0,0.004022704993870668
"document activities and record information, such as the numbers of applications completed, presentations conducted, and persons assisted.",26.0,0.0027523771010694044
"document all database changes, modifications, or problems.",218.0,0.02307762338588962
"document and communicate database schemas, using accepted notations.",279.0,0.02953512350762938
document and evaluate transportation project needs and costs.,16.0,0.001693770523735018
"document computer security and emergency measures policies, procedures, and tests.",75.0,0.007939549330007898
"document data related to patients' care including assessment results, interventions, medications, patient responses, or treatment changes.",32.0,0.003387541047470036
"document design specifications, installation instructions, and other system-related information.",23.0,0.0024347951278690886
"document findings of study and prepare recommendations for implementation of new systems, procedures, or organizational changes.",155.0,0.016408401948682986
document help desk requests and resolutions.,106.0,0.011221229719744494
document methods used and write technical reports containing information collected.,292.0,0.030911312058164078
"document non-destructive testing (ndt) methods, processes, or results.",56.0,0.005928196833072563
"document patient information including session notes, progress notes, recommendations, and treatment plans.",26.0,0.0027523771010694044
"document patients' health histories, symptoms, physical conditions, or other diagnostic information.",15.0,0.0015879098660015795
"document patients' medical and psychological histories, physical assessment results, diagnoses, treatment plans, prescriptions, or outcomes.",25.0,0.002646516443335966
document patients' medical histories and assessment findings.,31.0,0.003281680389736598
"document quantity, quality, type, weight, test result data, and value of materials or products to maintain shipping, receiving, and production records and files.",18.0,0.0019054918392018953
"document robotic application development, maintenance, or changes.",17.0,0.001799631181468457
"document security transactions, such as purchases, sales, conversions, redemptions, or payments, using computers, accounting ledgers, or certificate records.",53.0,0.005610614859872247
"document software defects, using a bug tracking system, and report defects to software developers.",2506.0,0.26528680827999723
document technical functions and specifications for new or proposed content management systems.,64.0,0.006775082094940072
document technical specifications and operating standards for telecommunications equipment.,42.0,0.004446147624804422
"document test results, using cameras, spreadsheets, documents, or other tools.",223.0,0.023606926674556813
"document the performance, interpretation, or outcomes of all procedures performed.",312.0,0.03302852521283285
"document user support activity, such as system problems, corrective actions, resolution status, and completed equipment installations.",37.0,0.003916844336137229
"document, design, code, or test geographic information systems (gis) models, internet mapping solutions, or other applications.",24.0,0.0025406557856025268
"draw charts and graphs, using computer spreadsheets, to illustrate technical reports.",39.0,0.0041285656516041064
draw conclusions or make predictions based on data summaries or statistical analyses.,329.0,0.034828156394301306
"edit broadcast material electronically, using computers.",22.0,0.00232893447013565
"edit films and videotapes to insert music, dialogue, and sound effects, to arrange films into sequences, and to correct errors, using editing equipment.",221.0,0.023395205359089937
"edit graphics and photos, using pixel or bitmap editing, airbrushing, masking, or image retouching.",66.0,0.0069868034104069495
"edit instructional materials, such as books, simulation exercises, lesson plans, instructor guides, and tests.",150.0,0.015879098660015797
edit manuscripts for professional journals.,18.0,0.0019054918392018953
edit news material to ensure that it fits within available time or space.,96.0,0.010162623142410107
"edit or rewrite existing copy as necessary, and submit copy for approval by supervisor.",441.0,0.04668455006044644
"edit, standardize, or make changes to material prepared by other writers or establishment personnel.",3111.0,0.32933250620872756
"educate patients about diagnoses, prognoses, or treatments.",32.0,0.003387541047470036
"educate patients and family members about mental health and medical conditions, preventive health measures, medications, or treatment plans.",29.0,0.0030699590742697203
"educate the public about health issues or enforce health legislation to prevent disease, to promote health, or to help people understand health protection procedures and regulations.",16.0,0.001693770523735018
"electronically sort and compile text and numerical data, retrieving, updating, and merging documents as required.",176.0,0.0186314757610852
emphasize product features based on analyses of customers' needs and on technical knowledge of product capabilities and limitations.,64.0,0.006775082094940072
employ financial models to develop solutions to financial problems or to assess the financial or capital impact of transactions.,46.0,0.004869590255738177
"encourage clients to express their feelings and discuss what is happening in their lives, helping them to develop insight into themselves or their relationships.",222.0,0.023501066016823377
encourage individuals and family members to develop and use skills and strategies for confronting their problems in a constructive manner.,120.0,0.012703278928012636
enforce safety rules and regulations.,32.0,0.003387541047470036
"engineer, install, maintain, or repair security systems, programmable logic controls, or other security-related electronic systems.",34.0,0.003599262362936914
ensure adherence to safety rules and practices.,23.0,0.0024347951278690886
ensure payment for services by verifying benefits with the person's insurance provider or working out financing options.,17.0,0.001799631181468457
enter claims information into database systems.,464.0,0.049119345188315525
enter codes and instructions to program computer-controlled machinery.,460.0,0.04869590255738177
enter commands and observe system functioning to verify correct operations and detect errors.,148.0,0.015667377344548917
"enter commands or load control media, such as tapes, cards, or disks, into machine controllers to retrieve programmed instructions.",378.0,0.0400153286232398
enter data from analysis of medical tests or clinical results into computer for storage.,71.0,0.007516106699074142
enter data into computers for use in analyses or reports.,2475.0,0.26200512789026065
"enter data into geographic information systems (gis) databases, using techniques such as coordinate geometry, keyboard entry of tabular data, manual digitizing of maps, scanning or automatic conversion to vectors, or conversion of other sources of digital data.",19.0,0.002011352496935334
"enter data, such as demographic characteristics, history and extent of disease, diagnostic procedures, or treatment into computer.",64.0,0.006775082094940072
enter into record-keeping systems appropriate data needed to create new title records or update existing ones.,18.0,0.0019054918392018953
"enter patient, specimen, insurance, or billing information into computer.",45.0,0.004763729598004738
"enter text into computer keyboard and select the size and style of type, column width, and appropriate spacing for printed materials.",109.0,0.01153881169294481
"enter, position, and alter text size, using computers, to make up and arrange pages so that printed materials can be produced.",116.0,0.012279836297078881
"enter, store, and retrieve information on computer-aided equipment.",39.0,0.0041285656516041064
"establish and calculate optimum values for database parameters, using manuals and calculator.",18.0,0.0019054918392018953
establish and implement operational standards and procedures for the departments supervised.,15.0,0.0015879098660015795
"establish and maintain effective working relationships with clients, government officials, and media representatives and use these relationships to develop new business opportunities.",28.0,0.0029640984165362817
establish and maintain relationships with individual or business customers or provide assistance with problems these customers may encounter.,266.0,0.028158934957094674
establish tables of accounts and assign entries to proper accounts.,60.0,0.006351639464006318
estimate cost of completed work or of needed renovations or upgrades.,76.0,0.008045409987741337
"estimate labor, material, or construction costs for budget preparation purposes.",227.0,0.02403036930549057
estimate market value of products or services.,22.0,0.00232893447013565
"estimate material requirements and costs, and present design to client for approval.",35.0,0.003705123020670352
estimate materials and labor required to complete roofing jobs.,47.0,0.004975450913471615
"estimate or quote prices, credit or contract terms, warranties, and delivery dates.",44.0,0.0046578689402713
evaluate and approve selection of vendors by studying past performance or new advertisements.,24.0,0.0025406557856025268
evaluate and compare the relative quality of various securities in a given industry.,68.0,0.007198524725873828
"evaluate and grade examinations, assignments, or papers and record grades.",106.0,0.011221229719744494
"evaluate and grade students' class work, assignments, and papers.",1347.0,0.14259430596694184
"evaluate and grade students' class work, assignments, papers, and oral presentations.",183.0,0.01937250036521927
"evaluate and grade students' class work, laboratory and clinic work, assignments, and papers.",22.0,0.00232893447013565
"evaluate and grade students' class work, laboratory performance, assignments, and papers.",34.0,0.003599262362936914
"evaluate and grade students' class work, laboratory work, assignments, and papers.",67.0,0.007092664068140388
"evaluate and grade students' class work, laboratory work, projects, assignments, and papers.",55.0,0.005822336175339125
"evaluate and grade students' class work, performances, projects, assignments, and papers.",62.0,0.006563360779473196
"evaluate and grade students' work, including work performed in design studios.",15.0,0.0015879098660015795
evaluate and select providers of services according to customer requirements.,64.0,0.006775082094940072
"evaluate applications, records, or documents to gather information about eligibility or liability issues.",183.0,0.01937250036521927
evaluate appropriateness of received specimens for requested tests.,25.0,0.002646516443335966
"evaluate code to ensure that it is valid, is properly structured, meets industry standards, and is compatible with browsers, devices, or operating systems.",2884.0,0.30530213690323704
"evaluate construction methods and determine cost-effectiveness of plans, using computer models.",15.0,0.0015879098660015795
"evaluate current or emerging technologies to consider factors such as cost, portability, compatibility, or usability.",15.0,0.0015879098660015795
"evaluate curricula, teaching methods, and programs to determine their effectiveness, efficiency, and utilization, and to ensure that school activities comply with federal, state, and local regulations.",381.0,0.04033291059644012
evaluate data and write reports to validate or indicate deviations from existing standards.,45.0,0.004763729598004738
evaluate data processing proposals to assess project feasibility and requirements.,25.0,0.002646516443335966
evaluate effects of treatment at various stages and adjust treatments to achieve maximum benefit.,16.0,0.001693770523735018
evaluate employee performance and prepare performance appraisals.,151.0,0.015984959317749233
evaluate existing systems to determine effectiveness and suggest changes to meet organizational requirements.,187.0,0.019795942996153025
"evaluate factors such as reporting formats required, cost constraints, or need for security restrictions to determine hardware configuration.",44.0,0.0046578689402713
evaluate genetic data by performing appropriate mathematical or statistical calculations and analyses.,93.0,0.009845041169209793
evaluate information on applications to verify completeness and accuracy and to determine whether applicants are qualified to obtain desired licenses.,23.0,0.0024347951278690886
"evaluate instructor performance and the effectiveness of training programs, providing recommendations for improvement.",77.0,0.008151270645474775
"evaluate job positions, determining classification, exempt or non-exempt status, and salary.",17.0,0.001799631181468457
"evaluate local area network (lan) or wide area network (wan) performance data to ensure sufficient availability or speed, to identify network problems, or for disaster recovery purposes.",18.0,0.0019054918392018953
"evaluate material properties, using radio astronomy, voltage and amperage measurement, or rheometric flow measurement.",17.0,0.001799631181468457
"evaluate medical information to determine patients' risk factors, such as allergies to contrast agents, or to make decisions regarding the appropriateness of procedures.",24.0,0.0025406557856025268
evaluate mortgage options to help clients obtain financing at the best prevailing rates and terms.,46.0,0.004869590255738177
evaluate new technologies and methods to make recommendations regarding their use.,26.0,0.0027523771010694044
evaluate new technologies to enhance or complement current research.,15.0,0.0015879098660015795
"evaluate or make recommendations for standards of care or clinical operations, ensuring compliance with applicable regulations, ethics, legislation, or policies.",34.0,0.003599262362936914
evaluate or recommend server hardware or software.,278.0,0.02942926284989594
evaluate or recommend software for testing or bug tracking.,302.0,0.031969918635498466
evaluate power production or demand trends to identify opportunities for improved operations.,17.0,0.001799631181468457
"evaluate programs and policies, and make related recommendations to institutions and organizations.",93.0,0.009845041169209793
"evaluate recruitment or selection criteria to ensure conformance to professional, statistical, or testing standards, recommending revisions, as needed.",90.0,0.009527459196009476
evaluate sources of information to determine any limitations in terms of reliability or usability.,2722.0,0.28815271035041995
"evaluate students' or individuals' abilities, interests, and personality characteristics using tests, records, interviews, or professional sources.",79.0,0.008362991960941651
"evaluate technical specifications to identify equipment or systems best suited for intended use and possible purchase, based on specifications, user needs, or technical requirements.",24.0,0.0025406557856025268
evaluate the effectiveness of distance learning programs in promoting knowledge or skill acquisition.,30.0,0.003175819732003159
"evaluate the organization's technology use and needs and recommend improvements, such as hardware and software upgrades.",170.0,0.017996311814684567
"evaluate the performance of vendors, contract employees, or other service providers to ensure quality and cost-efficiency.",20.0,0.0021172131546687727
"evaluate the potential of new product developments or market opportunities, according to factors such as business plans, technologies, or market potential.",103.0,0.01090364774654418
"evaluate the use of technologies, such as global positioning systems (gps), radio-frequency identification (rfid), route navigation software, or satellite linkup systems, to improve transportation efficiency.",18.0,0.0019054918392018953
evaluate the work of staff and volunteers to ensure that programs are of appropriate quality and that resources are used effectively.,35.0,0.003705123020670352
"evaluate training materials prepared by instructors, such as outlines, text, or handouts.",19.0,0.002011352496935334
"evaluate vendor products and performance, negotiate contracts, and place orders.",27.0,0.002858237758802843
evaluate violations or problems discovered during inspections to determine appropriate regulatory actions or to provide advice on the development and prosecution of regulatory cases.,16.0,0.001693770523735018
"examine and analyze material for presence and concentration of contaminants, such as asbestos, using variety of microscopes.",289.0,0.03059373008496376
"examine cell samples to detect abnormalities in the color, shape, or size of cellular components and patterns.",204.0,0.02159557417762148
"examine chemical or biological samples to identify cell structures or to locate bacteria or extraneous material, using a microscope.",1098.0,0.1162350021913156
"examine claims investigated by insurance adjusters, further investigating questionable claims to determine whether to authorize payments.",27.0,0.002858237758802843
"examine completed objects to determine thicknesses of metal deposits, or measure thicknesses by using instruments such as micrometers.",53.0,0.005610614859872247
examine documents to determine degree of risk from such factors as applicant financial standing and value and condition of property.,20.0,0.0021172131546687727
"examine documents, materials, or products and monitor work processes to assess completeness, accuracy, and conformance to standards and specifications.",58.0,0.006139918148539441
"examine drawings, negatives, or photographic prints to determine coloring, shading, accenting, or other changes required for retouching or restoration.",58.0,0.006139918148539441
"examine immigration applications, visas, and passports and interview persons to determine eligibility for admission, residence, and travel in the u.s.",41.0,0.004340286967070984
examine income records and operating costs of income properties.,24.0,0.0025406557856025268
"examine letters from policyholders or agents, original insurance applications, and other company documents to determine if changes are needed and effects of changes.",58.0,0.006139918148539441
"examine merchandise to ensure correct pricing and display, and that it functions as advertised.",82.0,0.008680573934141967
examine merchandise to ensure that it is correctly priced and displayed and that it functions as advertised.,157.0,0.016620123264149862
examine microscopic samples to identify diseases or other abnormalities.,72.0,0.007621967356807581
examine objects to be included in exhibits in order to plan where and how to display them.,113.0,0.011962254323878565
"examine objects, systems, or facilities and analyze information to determine needed installations, services, or repairs.",45.0,0.004763729598004738
"examine or test samples of processed substances, or collect samples for laboratory testing, to ensure conformance to specifications.",365.0,0.0386391400727051
"examine parts for damage or excessive wear, using micrometers and gauges.",20.0,0.0021172131546687727
"examine physiological, morphological, and cultural characteristics, using microscope, to identify and classify microorganisms in human, water, and food specimens.",127.0,0.013444303532146706
examine records and interview workers to ensure recording of transactions and compliance with laws and regulations.,18.0,0.0019054918392018953
"examine records, reports, or other documents to establish facts or detect discrepancies.",288.0,0.030487869427230325
"examine records, tax returns, and related documents pertaining to settlement of decedent's estate.",28.0,0.0029640984165362817
"examine shipment contents and compare with records such as manifests, invoices, or orders to verify accuracy.",490.0,0.05187172228938492
examine societal issues and their relationship with both technical systems and the environment.,54.0,0.005716475517605686
examine specimens to detect abnormal hormone conditions.,355.0,0.037580533495370716
examine specimens using microscopes to evaluate specimen quality.,412.0,0.04361459098617672
"examine theories, such as those of probability and inference, to discover mathematical bases for new or improved methods of obtaining and evaluating numerical data.",20.0,0.0021172131546687727
examine titles to property to determine validity and act as company agent in transactions with property owners.,15.0,0.0015879098660015795
"examine, evaluate, or process loan applications.",147.0,0.015561516686815477
execute or manage social media campaigns to inform search marketing tactics.,67.0,0.007092664068140388
explain and demonstrate artistic techniques.,42.0,0.004446147624804422
"explain company personnel policies, benefits, and procedures to employees or job applicants.",18.0,0.0019054918392018953
"explain features, advantages, and disadvantages of various policies to promote sale of insurance plans.",21.0,0.002223073812402211
explain federal and state tax laws to individuals and companies.,75.0,0.007939549330007898
"explain general financial topics to clients, such as credit report ratings, bankruptcy laws, consumer protection laws, wage attachments, or collection actions.",53.0,0.005610614859872247
"explain policies, procedures, or services to patients using medical or administrative knowledge.",40.0,0.0042344263093375455
explain products or services and prices and demonstrate use of products.,81.0,0.00857471327640853
"explain products or services and prices, and answer questions from customers.",138.0,0.014608770767214532
"explain rental fees, policies, and procedures.",38.0,0.004022704993870668
"explain services or policies to clients, such as debt management program rules, the advantages and disadvantages of using services, or creditor concession policies.",78.0,0.008257131303208213
explain stock market terms or trading practices to clients.,50.0,0.005293032886671932
"explain the origins and physical, social, or cultural development of humans, including physical attributes, cultural traditions, beliefs, languages, resource management practices, and settlement patterns.",37.0,0.003916844336137229
explain to clients the personal financial advisor's responsibilities and the types of services to be provided.,89.0,0.009421598538276038
"explain treatment procedures, medications, diets, or physicians' instructions to patients.",15.0,0.0015879098660015795
"extend existing software programs, web-based interactive tools, or database queries as sequence management and analysis needs evolve.",1722.0,0.18229205261698134
file and maintain records.,24.0,0.0025406557856025268
"file and store completed documents on computer hard drive or disk, or maintain a computer filing system to store, retrieve, update and delete documents.",192.0,0.020325246284820214
file data and related information and maintain and update databases.,138.0,0.014608770767214532
"fill out and maintain client-related paperwork, including federal- and state-mandated forms, client diagnostic records, and progress notes.",18.0,0.0019054918392018953
follow ethical codes that protect the confidentiality of information.,32.0,0.003387541047470036
"forecast and track marketing and sales trends, analyzing collected data.",97.0,0.010268483800143547
"formulate mathematical or simulation models of problems, relating constants and variables, restrictions, alternatives, conflicting objectives, and their numerical parameters.",69.0,0.007304385383607266
"formulate recommendations, policies, or plans to solve economic problems or to interpret markets.",15.0,0.0015879098660015795
"formulate, direct, or coordinate marketing activities or policies to promote products or services, working with advertising or promotion managers.",112.0,0.011856393666145127
furnish taxpayers with sufficient information and advice to ensure correct tax form completion.,16.0,0.001693770523735018
"gather and analyze research data, such as statutes, decisions, and legal articles, codes, and documents.",59.0,0.006245778806272879
"gather and compile geographic data from sources including censuses, field observations, satellite imagery, aerial photographs, and existing maps.",125.0,0.01323258221667983
"gather and maintain patient information and records, including social or medical history obtained from patients, relatives, or other professionals.",22.0,0.00232893447013565
gather and organize information on problems or procedures.,39.0,0.0041285656516041064
gather and organize information to plan advertising campaigns.,267.0,0.02826479561482811
"gather data from sources such as surface or upper air stations, satellites, weather bureaus, or radar for use in meteorological reports or forecasts.",98.0,0.010374344457876987
"gather data on competitors and analyze their prices, sales, and method of marketing and distribution.",934.0,0.09887385432303167
"gather data pertaining to customer needs, and use the information to identify, predict, interpret, and evaluate system and network requirements.",44.0,0.0046578689402713
"gather historical data from sources such as archives, court records, diaries, news files, and photographs, as well as collect data sources such as books, pamphlets, and periodicals.",21.0,0.002223073812402211
"gather information about events through research, interviews, experience, or attendance at political, news, sports, artistic, social, or other functions.",28.0,0.0029640984165362817
gather information from prospective customers to identify their solar energy needs.,62.0,0.006563360779473196
gather information related to projects' environmental sustainability or operational efficiency.,15.0,0.0015879098660015795
"gather records pertinent to specific problems, review them for completeness and accuracy, and attach records to correspondence as necessary.",185.0,0.01958422168068615
"gather, analyze, correlate, or evaluate information from a variety of resources, such as law enforcement databases.",26.0,0.0027523771010694044
"gather, analyze, or document user feedback to locate or resolve sources of problems.",462.0,0.04890762387284865
"generate lists of properties for sale, their locations, descriptions, and available financing options, using computers.",200.0,0.021172131546687727
generate lists of properties that are compatible with buyers' needs and financial resources.,346.0,0.03662778757576977
generate or identify sales leads for green products and technologies.,21.0,0.002223073812402211
generate solar energy customer leads to develop new accounts.,28.0,0.0029640984165362817
"generate standard or custom reports summarizing business, financial, or economic data for review by executives, managers, clients, and other stakeholders.",853.0,0.09029914104662315
give advice on sightseeing and shopping.,25.0,0.002646516443335966
greet customers and ascertain what each customer wants or needs.,1035.0,0.10956578075410899
greet customers and ask about the quality of service they are receiving.,113.0,0.011962254323878565
greet customers and help them locate merchandise.,38.0,0.004022704993870668
greet customers entering establishments.,441.0,0.04668455006044644
"greet passengers, provide information, and answer questions concerning fares, schedules, transfers, and routings.",16.0,0.001693770523735018
greet visitors or callers and handle their inquiries or direct them to the appropriate persons according to their needs.,457.0,0.04837832058418145
"greet, register, and assign rooms to guests of hotels or motels.",54.0,0.005716475517605686
"guide and counsel students with adjustment or academic problems, or special academic interests.",43.0,0.004552008282537861
handle customer complaints and take appropriate action to resolve them.,484.0,0.051236558342984295
hear and resolve complaints from customers or the public.,89.0,0.009421598538276038
"help patrons find and use library resources, such as reference materials, audio-visual equipment, computers, and other electronic resources and provide technical assistance when needed.",15.0,0.0015879098660015795
help programmers and systems analysts test and debug new programs.,2097.0,0.22198979926702078
identify and analyze industry or geographic trends with business strategy implications.,21.0,0.002223073812402211
identify and compile database information to create maps in response to requests.,40.0,0.0042344263093375455
identify and report problems in obtaining valid data.,289.0,0.03059373008496376
identify and report safety concerns to maintain a safe shopping and working environment.,28.0,0.0029640984165362817
identify and respond to emergency physical or mental health situations.,95.0,0.010056762484676669
identify appropriate key performance indicators (kpis) and report key metrics from digital campaigns.,44.0,0.0046578689402713
identify energy savings opportunities and make recommendations to achieve more energy efficient operation.,15.0,0.0015879098660015795
identify funding sources and write grant proposals for eligible programs or services.,32.0,0.003387541047470036
identify group or individual target investors for a specific fund.,136.0,0.014397049451747655
"identify installation locations with proper orientation, area, solar access, or structural integrity for photovoltaic (pv) arrays.",33.0,0.0034934017052034748
identify interested and qualified customers to provide them with additional information.,290.0,0.0306995907426972
"identify key individual cultural collaborators, using reputational and positional selection techniques.",48.0,0.0050813115712050536
"identify key risks and mitigating factors of potential investments, such as asset types and values, legal and ownership structures, professional reputations, customer bases, or industry segments.",36.0,0.0038109836784037906
"identify main client groups and audiences, determine the best way to communicate publicity information to them, and develop and implement a communication plan.",16.0,0.001693770523735018
identify marketing channels for green products or services.,21.0,0.002223073812402211
identify methods for interfacing web application technologies with enterprise resource planning or other system software.,287.0,0.030382008769496885
identify new advertising markets and propose products to serve them.,16.0,0.001693770523735018
identify opportunities or develop channels for purchase or sale of securities or commodities.,42.0,0.004446147624804422
"identify or classify species of insects or allied forms, such as mites or spiders.",280.0,0.029640984165362816
identify or maintain links to and from other web sites and check links to ensure proper functioning.,65.0,0.0068809427526735105
"identify or monitor current and potential customers, using business intelligence tools.",26.0,0.0027523771010694044
identify or separate waste products or materials for recycling or reuse.,15.0,0.0015879098660015795
"identify potential clients, using advertising campaigns, mailing lists, or personal contacts.",122.0,0.012915000243479512
identify potential for loss and develop strategies to eliminate it.,181.0,0.019160779049752392
"identify prospective customers by using business directories, following leads from existing clients, participating in organizations and clubs, and attending trade shows and conferences.",104.0,0.011009508404277618
"identify prospective customers using business directories, leads from existing clients, participation in organizations, or trade show or conference attendance.",65.0,0.0068809427526735105
"identify psychological, emotional, or behavioral issues and diagnose disorders, using information obtained from interviews, tests, records, and reference materials.",16.0,0.001693770523735018
"identify relationships and trends in data, as well as any factors that could affect the results of research.",373.0,0.03948602533457261
"identify spatial coordinates, using remote sensing and global positioning system (gps) data.",20.0,0.0021172131546687727
"identify system data, hardware, or software components required to meet user needs.",61.0,0.006457500121739756
"identify target markets for designs, looking at factors such as age, gender, and socioeconomic status.",104.0,0.011009508404277618
"identify tissue structures or cell components to be used in the diagnosis, prevention, or treatment of diseases.",309.0,0.032710943239632535
"identify, collect, record or analyze data that are relevant to the nursing care of patients.",46.0,0.004869590255738177
"identify, compile, abstract, and code patient data, using standard classification systems.",719.0,0.07611381291034237
"identify, develop, or evaluate marketing strategy, based on knowledge of establishment objectives, market characteristics, and cost and markup factors.",160.0,0.016937705237350182
"identify, evaluate and recommend hardware or software technologies to achieve desired database performance.",117.0,0.01238569695481232
"identify, investigate, or resolve security breaches.",1043.0,0.11041266601597649
"identify, review, or select vendors or consultants to meet project needs.",31.0,0.003281680389736598
"identify, standardize, and communicate levels of access and security.",35.0,0.003705123020670352
"identify, track, or maintain metrics for trading system operations.",42.0,0.004446147624804422
"implement and provide technical support for voice services and equipment, such as private branch exchange, voice mail system, and telecom system.",33.0,0.0034934017052034748
"implement business rules via stored procedures, middleware, or other technologies.",114.0,0.012068114981612003
"implement changes to machine programs and enter new specifications, using computers.",214.0,0.022654180754955865
"implement controls to provide security for operating systems, software, and data.",597.0,0.06319881266686286
"implement corporate or departmental policies, procedures, and service standards in conjunction with management.",62.0,0.006563360779473196
"implement electronic document processing, retrieval, and distribution systems in collaboration with other information technology specialists.",81.0,0.00857471327640853
implement online customer service processes to ensure positive and consistent user experiences.,23.0,0.0024347951278690886
implement or monitor processes to reduce property or financial losses.,19.0,0.002011352496935334
"implement scanning or other automated data entry procedures, using imaging devices and document imaging software.",39.0,0.0041285656516041064
"implement security practices to preserve assets, minimize liabilities, or ensure customer privacy, using parallel servers, hardware redundancy, fail-safe technology, information encryption, or firewalls.",106.0,0.011221229719744494
"implement web site security measures, such as firewalls or message encryption.",34.0,0.003599262362936914
"import text and art elements, such as electronic clip art or electronic files from photographs that have been scanned or produced with a digital camera, using computer software.",42.0,0.004446147624804422
"improve search-related activities through ongoing analysis, experimentation, or optimization tests, using a/b or multivariate methods.",130.0,0.013761885505347021
"inform businesses, community groups, and governmental agencies about educational needs, available programs, and program policies.",34.0,0.003599262362936914
"inform clients of factors such as shipping options, timelines, transfers, or regulations affecting shipments.",16.0,0.001693770523735018
"inform customers by mail or telephone of order information, such as unit prices, shipping dates, and any anticipated delays.",38.0,0.004022704993870668
"inform customers of estimated delivery schedules, service contracts, warranties, or other information pertaining to purchased products.",48.0,0.0050813115712050536
"inform investment decisions by analyzing financial information to forecast business, industry, or economic conditions.",684.0,0.07240868988967203
"inform other traders, managers, or customers of market conditions, including volume, price, competition, or dynamics.",101.0,0.010691926431077301
"inform prospective purchasers about models, numbers, and prices of garments, the garments' designers, and where garments can be purchased.",22.0,0.00232893447013565
initiate market research studies or analyze their findings.,35.0,0.003705123020670352
"initiate, facilitate, and moderate classroom discussions.",20.0,0.0021172131546687727
"input data, such as file numbers, new or updated information, or document information codes into computer systems to support document and information retrieval.",186.0,0.019690082338419585
inspect and evaluate the physical condition of facilities to determine the type of work required.,22.0,0.00232893447013565
"inspect and test electrical or electronic systems to locate and diagnose malfunctions, using visual inspections and testing instruments such as oscilloscopes and voltmeters.",32.0,0.003387541047470036
inspect and verify dimensions and clearances of parts to ensure conformance to factory specifications.,266.0,0.028158934957094674
"inspect facilities to monitor compliance with regulations governing substances such as asbestos, lead, or wastewater.",42.0,0.004446147624804422
"inspect facilities, machinery, and safety equipment to identify and correct potential hazards, and to ensure safety regulation compliance.",38.0,0.004022704993870668
"inspect individual parts, assemblies, or installations, using measuring instruments, such as calipers, scales, or micrometers.",1060.0,0.11221229719744494
"inspect layouts and advertising copy and edit scripts, audio and video tapes, and other promotional material for adherence to specifications.",102.0,0.01079778708881074
inspect project sites to monitor progress and ensure conformance to design specifications and safety or sanitation standards.,27.0,0.002858237758802843
"inspect properties to evaluate construction, condition, special features, and functional design, and to take property measurements.",17.0,0.001799631181468457
"inspect security design features, installations, or programs to ensure compliance with applicable standards or regulations.",31.0,0.003281680389736598
"install and configure new equipment, including operating software or peripheral equipment.",187.0,0.019795942996153025
"install and perform minor repairs to hardware, software, or peripheral equipment, following design or installation specifications.",66.0,0.0069868034104069495
"install systems of recording costs or other financial and budgetary data or provide advice on such systems, based on examination of current financial records.",21.0,0.002223073812402211
"install updated software, and programs that maintain existing software or provide requested features such as time-correlated call routing.",321.0,0.0339812711324338
"install, adjust, and operate electronic equipment to record, edit, and transmit radio and television programs, motion pictures, video conferencing, or multimedia presentations.",15.0,0.0015879098660015795
"install, calibrate, operate, or maintain robots.",17.0,0.001799631181468457
"install, service, and repair electronic equipment or instruments such as televisions, radios, and videocassette recorders.",60.0,0.006351639464006318
"instruct individuals in career development techniques such as job search and application strategies, resume writing, and interview skills.",380.0,0.040227049938706676
"instruct individuals or groups in sports rules, game strategies, and performance principles, such as specific ways of moving the body, hands, or feet, to achieve desired results.",29.0,0.0030699590742697203
"instruct individuals or groups in the use of art media, such as paint, clay, or yarn.",24.0,0.0025406557856025268
"instruct others in program methods, procedures, or functions.",163.0,0.0172552872105505
instruct others in the selection and use of bioinformatics tools.,26.0,0.0027523771010694044
"instruct students in the knowledge and skills required in a specific occupation or occupational field, using a systematic plan of lectures, discussions, audio-visual presentations, and laboratory, shop and field studies.",214.0,0.022654180754955865
"instruct through lectures, discussions, and demonstrations in one or more subjects, such as english, mathematics, or social studies.",731.0,0.07738414080314364
"instruct users in the selection, use, and design of audio-visual materials and assist them in the preparation of instructional materials and the rehearsal of presentations.",30.0,0.003175819732003159
"integrate and develop visual elements, such as line, space, mass, color, and perspective, to produce desired effects, such as the illustration of ideas, emotions, or moods.",354.0,0.03747467283763727
integrate electrical systems with renewable energy systems to improve overall efficiency.,20.0,0.0021172131546687727
"integrate software or hardware components, using computer, microprocessor, or control architecture.",53.0,0.005610614859872247
"interact with clients to assist them in gaining insight, defining goals, and planning action to achieve effective personal, social, educational, and vocational development and adjustment.",1144.0,0.1211045924470538
"interpret and analyze policies, public issues, legislation, or the operations of governments, businesses, and organizations.",191.0,0.020219385627086778
"interpret and explain human resources policies, procedures, laws, standards, or regulations.",48.0,0.0050813115712050536
"interpret and explain plans and contract terms to representatives of the owner or developer, including administrative staff, workers, or clients.",29.0,0.0030699590742697203
"interpret and explain policies, rules, regulations, or laws to organizations, government or corporate officials, or individuals.",73.0,0.007727828014541019
interpret blueprints and drawings to determine specifications and to calculate the materials required.,16.0,0.001693770523735018
"interpret data on logistics elements, such as availability, maintainability, reliability, supply chain management, strategic sourcing or distribution, supplier management, or transportation.",254.0,0.026888607064293413
"interpret data on price, yield, stability, future investment-risk trends, economic influences, and other factors affecting investment programs.",445.0,0.04710799269138019
"interpret engineering drawings, sketches, or diagrams.",69.0,0.007304385383607266
"interpret engineering sketches, specifications, or drawings.",27.0,0.002858237758802843
interpret exercise program participant data to evaluate progress or identify needed program changes.,32.0,0.003387541047470036
interpret government regulations and applicable codes to ensure compliance.,332.0,0.03514573836750162
interpret imaging data and confer with other medical specialists to formulate diagnoses.,55.0,0.005822336175339125
interpret instrument readings to ascertain the depth of obstruction.,17.0,0.001799631181468457
interpret laboratory results and communicate findings to patients or physicians.,24.0,0.0025406557856025268
"interpret laws, rulings and regulations for individuals and businesses.",168.0,0.017784590499217687
interpret protocols and advise treating physicians on appropriate dosage modifications or treatment calculations based on patient characteristics.,16.0,0.001693770523735018
interpret regulatory rules or rule changes and ensure that they are communicated through corporate policies and procedures.,183.0,0.01937250036521927
interpret results of financial analysis procedures.,268.0,0.02837065627256155
interview applicants and request specified information for loan applications.,37.0,0.003916844336137229
interview clients to determine what kinds of properties they are seeking.,459.0,0.048590041899648335
"interview clients to obtain information about employment history, educational background, and career goals, and to identify barriers to employment.",68.0,0.007198524725873828
interview credit applicants by telephone or in person to obtain personal and financial data needed to complete credit report.,27.0,0.002858237758802843
"interview individuals, and research public databases in order to obtain information.",134.0,0.014185328136280775
"interview job applicants to obtain information on work history, training, education, or job skills.",751.0,0.07950135395781241
interview loan applicants to obtain personal and financial data and to assist in completing applications.,202.0,0.021383852862154603
interview patients or their representatives to identify problems relating to care.,19.0,0.002011352496935334
"interview patients to complete documents, case histories, or forms, such as intake or insurance forms.",18.0,0.0019054918392018953
"interview patients to obtain information such as complaints, symptoms, medical histories, and family histories.",23.0,0.0024347951278690886
interview people and keep track of their responses.,37.0,0.003916844336137229
"interview prospective clients to obtain data about their financial resources and needs, the physical condition of the person or property to be insured, and to discuss any existing coverage.",175.0,0.01852561510335176
"invent names for products and write the slogans that appear on packaging, brochures and other promotional material.",40.0,0.0042344263093375455
investigate and direct patient inquiries or complaints to appropriate medical staff members and follow up to ensure satisfactory resolution.,42.0,0.004446147624804422
"investigate and resolve complaints regarding food quality, service, or accommodations.",62.0,0.006563360779473196
investigate available investment opportunities to determine compatibility with client financial plans.,75.0,0.007939549330007898
"investigate characteristics such as cost, performance, or process capability of potential microelectromechanical systems (mems) device designs, using simulation or modeling software.",25.0,0.002646516443335966
investigate claimants for the possibility of fraud or abuse.,16.0,0.001693770523735018
investigate clients' financial and credit status to determine eligibility for financing.,18.0,0.0019054918392018953
investigate complaints regarding safety violations.,15.0,0.0015879098660015795
"investigate complaints, disturbances and violations and resolve problems following management rules and regulations.",26.0,0.0027523771010694044
investigate customer or public complaints to determine the nature and extent of problems.,647.0,0.0684918455535348
investigate customer problems referred by technical support.,76.0,0.008045409987741337
investigate illegal or suspicious activities.,19.0,0.002011352496935334
investigate or test specific construction project materials to determine compliance to specifications or standards.,260.0,0.027523771010694042
investigate product complaints and prepare documentation and submissions to appropriate regulatory agencies as necessary.,52.0,0.005504754202138809
"investigate products or markets to determine areas for opportunity or viability for merchandising specific products, using online or offline sources.",189.0,0.0200076643116199
"investigate theoretical or conceptual issues, such as the human design considerations of lunar landers or habitats.",68.0,0.007198524725873828
"investigate whether networks, workstations, the central processing unit of the system, or peripheral equipment are responding to a program's instructions.",228.0,0.024136229963224006
"investigate, evaluate, and settle claims, applying technical knowledge and human relations skills to effect fair and prompt disposal of cases and to contribute to a reduced loss ratio.",16.0,0.001693770523735018
issue shipping instructions and provide routing information to ensure that delivery times and locations are coordinated.,16.0,0.001693770523735018
keep informed of industry trends and deals.,205.0,0.02170143483535492
keep informed of new products and developments.,19.0,0.002011352496935334
"keep informed on industry news and trends, products, services, competitors, relevant information about legacy, existing, and emerging technologies, and the latest product-line developments.",18.0,0.0019054918392018953
"keep records and prepare reports detailing findings, investigative methods, and laboratory techniques.",35.0,0.003705123020670352
"keep records documenting animal health, diet, or behavior.",35.0,0.003705123020670352
"keep records of customer interactions or transactions, recording details of inquiries, complaints, or comments, as well as actions taken.",2159.0,0.22855316004649398
"keep records of room availability and guests' accounts, manually or using computers.",16.0,0.001693770523735018
"keep track of leave time, such as vacation, personal, and sick leave, for employees.",22.0,0.00232893447013565
key and program specified commands and engineering specifications into computer system to change functions and test final layout.,695.0,0.07357315712473984
key in processing instructions to program electronic equipment.,754.0,0.07981893593101273
learn about characters in scripts and their relationships to each other to develop role interpretations.,62.0,0.006563360779473196
learn about competitors' products or consumers' interests or concerns to answer questions or provide more complete information.,85.0,0.008998155907342284
listen and provide emotional support and encouragement to psychiatric patients.,70.0,0.007410246041340704
"listen to and resolve customer complaints regarding services, products, or personnel.",1028.0,0.10882475614997492
listen to and resolve customers' complaints regarding products or services.,708.0,0.07494934567527455
"locate and distribute resources, such as periodicals or curricula, to enhance the effectiveness of educational programs.",44.0,0.0046578689402713
locate and list addresses and households.,18.0,0.0019054918392018953
"locate and notify customers of delinquent accounts by mail, telephone, or personal visits to solicit payment.",104.0,0.011009508404277618
"locate and review research articles or environmental, historical, or technical reports.",290.0,0.0306995907426972
"locate barriers to client employment, such as inaccessible work sites, inflexible schedules, and transportation problems, and work with clients to develop strategies for overcoming these barriers.",17.0,0.001799631181468457
"locate files relating to specified design project in database library, load program into computer, and record completed job data.",58.0,0.006139918148539441
"locate library materials for patrons, including books, periodicals, tape cassettes, braille volumes, and pictures.",124.0,0.013126721558946392
"locate suppliers, using sources such as catalogs and the internet, and interview them to gather information about products to be ordered.",31.0,0.003281680389736598
locate unusual or unique information in response to specific requests.,238.0,0.025194836540558395
"locate vendors of materials, equipment or supplies, and interview them to determine product availability and terms of sales.",66.0,0.0069868034104069495
"maintain and administer computer networks and related computing environments including computer hardware, systems software, applications software, and all configurations.",136.0,0.014397049451747655
"maintain and review account records, updating and recategorizing them according to status changes.",26.0,0.0027523771010694044
maintain client databases.,21.0,0.002223073812402211
"maintain contact with kitchen staff, management, serving staff, and customers to ensure that dining details are handled properly and customers' concerns are addressed.",32.0,0.003387541047470036
"maintain current knowledge of organizational policies and procedures, federal and state policies and directives, and current accounting standards.",24.0,0.0025406557856025268
"maintain customer records, using automated systems.",199.0,0.021066270888954287
maintain familiarity with aspects of local real estate markets.,20.0,0.0021172131546687727
"maintain hardware and software, including computers, scanners, color copiers, and color laser printers.",33.0,0.0034934017052034748
maintain input or data quality of risk management systems.,53.0,0.005610614859872247
"maintain knowledge of tax code changes, and of accounting procedures and theory to properly evaluate financial information.",18.0,0.0019054918392018953
"maintain knowledge of, comply with, and enforce all institutional policies, rules, procedures, and regulations.",97.0,0.010268483800143547
"maintain library of model documents, templates, or other reusable knowledge assets.",16.0,0.001693770523735018
"maintain networks by performing activities such as file addition, deletion, or backup.",175.0,0.01852561510335176
maintain or modify all financial analytic models in use.,17.0,0.001799631181468457
maintain or modify existing geographic information systems (gis) databases.,16.0,0.001693770523735018
"maintain or update business intelligence tools, databases, dashboards, systems, or methods.",70.0,0.007410246041340704
"maintain or update records of client account activity, including financial transactions, counseling session notes, correspondence, document images, or client inquiries.",88.0,0.0093157378805426
"maintain portfolios of artistic work to demonstrate styles, interests, and abilities.",18.0,0.0019054918392018953
"maintain records of business transactions and product inventories, reporting data to companies or government agencies as necessary.",16.0,0.001693770523735018
"maintain records of sales, rental or usage activity, special permits issued, maintenance and operating costs, or property availability.",154.0,0.01630254129094955
maintain records of services provided and the effects of advice given.,16.0,0.001693770523735018
"maintain records, such as pharmacy files, patient profiles, charge system files, inventories, control records for radioactive nuclei, or registries of poisons, narcotics, or controlled drugs.",17.0,0.001799631181468457
maintain sales forecasting reports.,16.0,0.001693770523735018
"maintain understanding of current web technologies or programming practices through continuing education, reading, or participation in professional conferences, workshops, or groups.",52.0,0.005504754202138809
"maintain updated client records with plans, notes, appropriate forms, or related information.",30.0,0.003175819732003159
"make and confirm reservations for transportation and accommodations, using telephones, faxes, mail, and computers.",460.0,0.04869590255738177
make and confirm reservations.,273.0,0.028899959561228747
"make appointments, keep records, or perform other clerical duties in doctors' offices or clinics.",65.0,0.0068809427526735105
make bids or offers to buy or sell securities.,27.0,0.002858237758802843
"make clinical recommendations to physicians, other health care providers, insurance companies, patients, or health care organizations.",76.0,0.008045409987741337
make manuscript acceptance or revision recommendations to the publisher.,55.0,0.005822336175339125
make many quick changes backstage during fashion shows and yet maintain poised appearance before audiences.,15.0,0.0015879098660015795
make promotional appearances at public or private events to represent their employers.,65.0,0.0068809427526735105
make tentative diagnoses and decisions about management and treatment of patients.,42.0,0.004446147624804422
make transportation arrangements for sold or purchased commodities.,15.0,0.0015879098660015795
make travel arrangements for executives.,118.0,0.012491557612545758
make travel arrangements for sightseeing or other tours.,24.0,0.0025406557856025268
manage and maintain temporary or permanent lodging facilities.,17.0,0.001799631181468457
"manage client portfolios, keeping client plans up-to-date.",165.0,0.017467008526017375
manage investment funds to maximize return on client investments.,61.0,0.006457500121739756
manage or analyze data obtained from remote sensing systems to obtain meaningful results.,40.0,0.0042344263093375455
"manage or operate real estate offices, handling associated business details.",15.0,0.0015879098660015795
"manage project execution to ensure adherence to budget, schedule, and scope.",63.0,0.006669221437206634
manage projects or contribute to committee or team work.,33.0,0.0034934017052034748
"manage sales team including setting goals, providing incentives, and evaluating employee performance.",18.0,0.0019054918392018953
"manage security programs designed to protect personnel, facilities, and information.",113.0,0.011962254323878565
manage the coordination and overall integration of technical activities in architecture or engineering projects.,36.0,0.0038109836784037906
manage timely flow of business intelligence information to users.,26.0,0.0027523771010694044
manage user access to systems and equipment through account management and password administration.,131.0,0.01386774616308046
"manipulate and enhance scanned or digital images to create desired effects, using computers and specialized software.",350.0,0.03705123020670352
"manipulate publicly accessible, commercial, or proprietary genomic, proteomic, or post-genomic databases.",61.0,0.006457500121739756
"map data between source systems, data warehouses, and data marts.",149.0,0.015773238002282357
"mark copy to indicate and correct errors in type, arrangement, grammar, punctuation, or spelling, using standard printers' marks.",192.0,0.020325246284820214
"market bank products to individuals and firms, promoting bank services that may meet customers' needs.",180.0,0.019054918392018953
market or promote the casino to bring in business.,19.0,0.002011352496935334
measure and analyze system performance and operating parameters to assess operating condition of systems or equipment.,430.0,0.04552008282537861
measure and analyze web site usage data to maximize search engine returns or refine customer interfaces.,43.0,0.004552008282537861
"measure and verify levels of rock or gravel, bases, or other excavated material.",15.0,0.0015879098660015795
"measure completed workpieces to verify conformance to specifications, using micrometers, gauges, calipers, templates, or rulers.",73.0,0.007727828014541019
"measure dimensions of finished workpieces to ensure conformance to specifications, using precision measuring instruments, templates, and fixtures.",152.0,0.016090819975482673
"measure dimensions of products to verify conformance to specifications, using measuring instruments such as rulers, calipers, gauges, or micrometers.",367.0,0.03885086138817198
"measure or weigh materials, using rulers, calculators, and scales.",19.0,0.002011352496935334
"measure parts to determine tolerances, using precision measuring instruments such as micrometers, calipers, and verniers.",37.0,0.003916844336137229
"measure parts to verify specified dimensions or settings, such as camera shutter speed or light meter reading accuracy, using measuring instruments.",42.0,0.004446147624804422
"measure the effectiveness of marketing, advertising, and communications programs and strategies.",562.0,0.05949368964619251
"measure tolerances of assembled and salvageable parts for conformance to standards or specifications, using gauges, micrometers, and calipers.",48.0,0.0050813115712050536
"measure velocity, horsepower, revolutions per minute (rpm), amperage, circuitry, and voltage of units or parts to diagnose problems, using ammeters, voltmeters, wattmeters, and other testing devices.",22.0,0.00232893447013565
"meet with clients to discuss topics such as technical specifications, customized solutions, or operational problems.",20.0,0.0021172131546687727
modify and customize commercial programs for internal needs.,1451.0,0.15360381437121945
"modify computer security files to incorporate new software, correct errors, or change individual access status.",25.0,0.002646516443335966
modify existing databases and database management systems or direct programmers and analysts to make changes.,1424.0,0.1507455766124166
modify existing programs to enhance efficiency.,5715.0,0.6049936589466017
"modify existing software to correct errors, allow it to adapt to new hardware, or to improve its performance.",76473.0,8.095482078849251
"modify existing software to correct errors, to adapt it to new hardware, or to upgrade interfaces and improve performance.",54997.0,5.822018593365924
"modify or control biological systems to replace, augment, or sustain chemical or mechanical processes.",15.0,0.0015879098660015795
modify standard formulas so that they conform to project needs and data processing methods.,17.0,0.001799631181468457
"modify, maintain, and repair electronics equipment and systems to ensure that they function properly.",46.0,0.004869590255738177
monitor and analyze energy consumption.,26.0,0.0027523771010694044
"monitor and analyze network performance and data input/output reports to detect problems, identify inefficient use of computer resources, or perform capacity planning.",284.0,0.03006442679629657
monitor and analyze sales promotion results to determine cost effectiveness of promotion campaigns.,898.0,0.09506287064462789
"monitor and analyze sales records, trends, or economic conditions to anticipate consumer buying patterns and determine what the company will sell and how much inventory is needed.",74.0,0.007833688672274458
"monitor and analyze system performance, such as network traffic, security, and capacity.",15.0,0.0015879098660015795
"monitor and ensure a sound, ethical environment.",156.0,0.016514262606416426
monitor and follow applicable laws and regulations.,148.0,0.015667377344548917
"monitor and observe experiments, recording production and test data for evaluation by research personnel.",21.0,0.002223073812402211
monitor and record flow meter performance.,16.0,0.001693770523735018
monitor bug resolution efforts and track successes.,204.0,0.02159557417762148
"monitor changes affecting supply and demand, tracking market conditions, price trends, or futures markets.",102.0,0.01079778708881074
monitor competitors' sales activities by following their advertisements in newspapers or other media.,29.0,0.0030699590742697203
"monitor compliance with standard operating procedures for loss prevention, physical security, or risk management.",49.0,0.0051871722289384935
"monitor database performance and perform any necessary maintenance, upgrades, or repairs.",907.0,0.09601561656422884
monitor equipment to ensure proper operation.,153.0,0.01619668063321611
"monitor event activities to ensure compliance with applicable regulations and laws, satisfaction of participants, and resolution of any problems that arise.",71.0,0.007516106699074142
"monitor events, trends, and other circumstances, research specific subject areas, attend art exhibitions, and read art publications to develop ideas and keep current on art world activities.",146.0,0.015455656029082039
monitor financial market trends to ensure that client plans are responsive.,112.0,0.011856393666145127
monitor financial or operational performance of individual investments to ensure portfolios meet risk goals.,138.0,0.014608770767214532
"monitor fundamental economic, industrial, and corporate developments by analyzing information from financial publications and services, investment banking firms, government agencies, trade publications, company sources, or personal interviews.",125.0,0.01323258221667983
"monitor how the wind, heat, or cold affect the curing of the concrete throughout the entire process.",22.0,0.00232893447013565
monitor insurance claims to ensure they are settled equitably for both the client and the insurer.,18.0,0.0019054918392018953
"monitor market conditions, product innovations, and competitors' products, prices, and sales.",149.0,0.015773238002282357
monitor markets or positions.,171.0,0.018102172472418007
"monitor network performance to determine whether adjustments need to be made, and to determine where changes will need to be made in the future.",135.0,0.014291188794014214
"monitor operations to ensure that staff members comply with administrative policies and procedures, safety rules, union contracts, environmental policies, or government regulations.",2211.0,0.23405791424863281
monitor or record locations of goods in transit.,29.0,0.0030699590742697203
monitor or trace the location of goods.,98.0,0.010374344457876987
monitor or track project milestones and deliverables.,91.0,0.009633319853742914
monitor patients' conditions and progress and reevaluate treatments as necessary.,15.0,0.0015879098660015795
"monitor project activities to ensure that instructions are followed, deadlines are met, and schedules are maintained.",126.0,0.013338442874413268
monitor raw data quality during collection and make equipment corrections as necessary.,16.0,0.001693770523735018
monitor sales activities to ensure that customers receive satisfactory service and quality goods.,526.0,0.055682705967788716
monitor sales staff performance to ensure that goals are met.,339.0,0.03588676297163569
monitor sanitation practices to ensure that employees follow standards and regulations.,15.0,0.0015879098660015795
"monitor security policies, programs or procedures to ensure compliance with internal security policies, licensing requirements, or applicable government security requirements, policies, and directives.",40.0,0.0042344263093375455
monitor security system performance logs to identify problems and notify security specialists when problems occur.,38.0,0.004022704993870668
"monitor student performance or assist students in academic environments, such as classrooms, laboratories, or computing centers.",17.0,0.001799631181468457
"monitor systems for intrusions or denial of service attacks, and report security breaches to appropriate personnel.",125.0,0.01323258221667983
monitor use of data files and regulate access to safeguard information in computer files.,42.0,0.004446147624804422
"monitor work of contractors and subcontractors to ensure projects conform to plans, specifications, schedules, or budgets.",32.0,0.003387541047470036
"monitor, evaluate, and record client progress with respect to treatment goals.",27.0,0.002858237758802843
"monitor, record, and report symptoms or changes in patients' conditions.",44.0,0.0046578689402713
narrate presentations and productions.,50.0,0.005293032886671932
negotiate and arrange transport of goods with shipping or freight companies.,27.0,0.002858237758802843
negotiate prices or terms of sales or service agreements.,22.0,0.00232893447013565
"negotiate the sale, lease, or development of property and complete or review appropriate documents and forms.",28.0,0.0029640984165362817
none,38266.0,4.050863928827762
not_classified,76618.0,8.110831874220601
"observe and evaluate students' performance, behavior, social development, and physical health.",29.0,0.0030699590742697203
observe and evaluate students' work to determine progress and make suggestions for improvement.,289.0,0.03059373008496376
"observe and evaluate students' work to determine progress, provide feedback, and make suggestions for improvement.",745.0,0.07886619001141178
observe participants and inform them of corrective measures necessary for skill improvement.,26.0,0.0027523771010694044
"observe students' performance, and record relevant data to assess progress.",22.0,0.00232893447013565
"observe teaching methods and examine learning materials to evaluate and standardize curricula and teaching techniques, and to determine areas where improvement is needed.",134.0,0.014185328136280775
obtain agreements from property owners to place properties for sale with real estate firms.,43.0,0.004552008282537861
"obtain and analyze information on suspects, crimes, or disturbances to solve cases, to identify criminal activity, or to gather information for court cases.",19.0,0.002011352496935334
"obtain and compile copies of loan applicants' credit histories, corporate financial statements, and other financial information.",22.0,0.00232893447013565
"obtain and distribute updated information regarding domestic or international laws, guidelines, or standards.",18.0,0.0019054918392018953
"obtain and process information required for the provision of services, such as opening accounts, savings plans, and purchasing bonds.",15.0,0.0015879098660015795
"obtain and record patient identification, medical history, or test results.",22.0,0.00232893447013565
obtain credit information about prospective customers.,19.0,0.002011352496935334
"obtain customer information such as name, address, and payment method, and enter orders into computers.",122.0,0.012915000243479512
"obtain customers' names, addresses, and billing information, product numbers, and specifications of items to be purchased, and enter this information on order forms.",64.0,0.006775082094940072
"obtain problem descriptions from customers, and prepare cost estimates for repairs.",15.0,0.0015879098660015795
"obtain, compile and record patient medical data, including health history, progress notes and results of physical examination.",16.0,0.001693770523735018
"obtain, organize, or develop training procedure manuals, guides, or course materials, such as handouts or visual materials.",32.0,0.003387541047470036
offer advice on the purchase or sale of particular securities.,259.0,0.027417910352960605
"open, sort, and distribute incoming correspondence, including faxes and email.",20.0,0.0021172131546687727
operate and calibrate computer systems and devices to comply with test requirements and to perform data acquisition and analysis.,32.0,0.003387541047470036
operate and maintain audio-visual equipment.,33.0,0.0034934017052034748
"operate cameras, radios, or other surveillance equipment to intercept communications or document activities.",21.0,0.002223073812402211
"operate communication systems, such as telephone, switchboard, intercom, two-way radio, or public address.",19.0,0.002011352496935334
"operate computers programmed with accounting software to record, store, and analyze information.",35.0,0.003705123020670352
"operate desktop publishing software and equipment to design, lay out, and produce camera-ready copy.",72.0,0.007621967356807581
operate detecting devices to screen individuals and prevent passage of prohibited articles into restricted areas.,315.0,0.03334610718603317
operate equipment to demonstrate proper use or to analyze malfunctions.,31.0,0.003281680389736598
"operate office machines, such as photocopiers and scanners, facsimile machines, voice mail systems, and personal computers.",122.0,0.012915000243479512
"operate robots to perform customized tasks, such as environmental cleanup or explosive detection operations.",22.0,0.00232893447013565
operate spreadsheet programs and other types of software to load and manipulate data and to produce reports.,57.0,0.0060340574908060015
"operate telephone switchboard to answer, screen, or forward calls, providing information, taking messages, or scheduling appointments.",52.0,0.005504754202138809
"operate testing equipment, such as heat stress meters, octave band analyzers, motion analysis equipment, inclinometers, light meters, velometers, sling psychrometers, or colormetric detection tubes.",142.0,0.015032213398148284
"operate various types of equipment, such as computer scanning equipment, addressographs, mimeographs, optical character readers, and bar-code sorters.",26.0,0.0027523771010694044
"optimize digital assets, such as text, graphics, or multimedia assets, for search engine optimization (seo) or for display and usability on internet-connected devices.",98.0,0.010374344457876987
optimize shopping cart experience or web site conversion rates against key performance indicators (kpis).,92.0,0.009739180511476354
optimize web site exposure by analyzing search engine patterns to direct online placement of keywords or other content.,63.0,0.006669221437206634
order or purchase merchandise to maintain optimal inventory levels.,20.0,0.0021172131546687727
organize and label materials and display students' work.,22.0,0.00232893447013565
organize and maintain geospatial data and associated documentation.,33.0,0.0034934017052034748
"organize and work with detailed office or warehouse records, maintaining files for each policyholder, including policies that are to be reinstated or cancelled.",60.0,0.006351639464006318
"organize collections of books, publications, documents, audio-visual aids, and other reference materials for convenient access.",20.0,0.0021172131546687727
"organize information for publication and for other means of dissemination, such as use in cd-roms or internet sites.",1346.0,0.1424884453092084
"organize material and complete writing assignment according to set standards regarding order, clarity, conciseness, style, and terminology.",1438.0,0.15222762582068475
"organize or work with detailed office or warehouse records, using computers to enter, access, search or retrieve data.",23.0,0.0024347951278690886
organize public exhibits and displays to promote public awareness of diverse and distinctive cultural traditions.,48.0,0.0050813115712050536
"participate in all levels of bioproduct development, including proposing new products, performing market analyses, designing and performing experiments, and collaborating with operations and quality control teams during product launches.",81.0,0.00857471327640853
"participate in online forums or conferences to stay abreast of online retailing trends, techniques, or security threats.",20.0,0.0021172131546687727
"participate in research projects, conferences, or technical meetings.",39.0,0.0041285656516041064
"participate in student recruitment, registration, and placement activities.",56.0,0.005928196833072563
"participate in the hiring process by reviewing credentials, conducting interviews, or making hiring decisions or recommendations.",95.0,0.010056762484676669
participate in the work of subordinates to facilitate productivity or to overcome difficult aspects of work.,311.0,0.032922664555099415
"perform accounting and bookkeeping activities, such as invoicing, maintaining financial records, budgeting, and handling cash.",24.0,0.0025406557856025268
perform administrative duties such as serving as department head.,77.0,0.008151270645474775
"perform administrative duties, such as compiling and maintaining records, completing forms, preparing reports, or composing correspondence.",33.0,0.0034934017052034748
"perform administrative duties, such as preparing sales budgets and reports, keeping sales records, and filing expense account reports.",310.0,0.03281680389736597
"perform administrative or managerial functions, such as taking responsibility for a unit's staff, budget, planning, or long-range goals.",15.0,0.0015879098660015795
"perform administrative tasks such as applying for grants, developing budgets, negotiating contracts, and designing and printing programs and other promotional materials.",78.0,0.008257131303208213
"perform administrative tasks, such as accepting orders, scheduling appointments or meeting rooms, or sending and receiving faxes.",40.0,0.0042344263093375455
"perform before live audiences, or in television, radio, or movie productions.",68.0,0.007198524725873828
"perform clerical duties such as filing, typing, operating switchboards, and routing mail and messages.",20.0,0.0021172131546687727
"perform clerical duties, such as scheduling appointments, collecting data, or documenting health insurance billings.",37.0,0.003916844336137229
"perform complex calculations as part of the analysis and evaluation of data, using computers.",201.0,0.021277992204421163
"perform computer programming, data analysis, or software development for geographic information systems (gis) applications, including the maintenance of existing systems or research and development for future enhancements.",32.0,0.003387541047470036
"perform data entry and data retrieval services, providing data for inclusion in medical records and for transmission to physicians.",87.0,0.009209877222809162
"perform database verifications, using computers.",126.0,0.013338442874413268
"perform experiments and computer modeling to study the nature, structure, and physical and chemical properties of metals and their alloys, and their responses to applied forces.",47.0,0.004975450913471615
"perform financial calculations, such as amounts due, interest charges, balances, discounts, equity, and principal.",42.0,0.004446147624804422
"perform general administrative tasks, such as keeping records or writing reports.",21.0,0.002223073812402211
"perform geospatial data building, modeling, or analysis, using advanced spatial analysis, data manipulation, or cartography software.",59.0,0.006245778806272879
"perform initial debugging procedures by reviewing configuration files, logs, or code pieces to determine breakdown source.",10393.0,1.1002098158236278
perform laboratory analyses or physical inspections of samples to detect disease or to assess purity or cleanliness.,66.0,0.0069868034104069495
perform narration of productions or present announcements.,17.0,0.001799631181468457
perform needs assessments or consult with clients to determine the types of research and information required.,41.0,0.004340286967070984
"perform ongoing hardware and software maintenance operations, including installing or upgrading hardware or software.",257.0,0.02720618903749373
"perform or direct revision, repair, or expansion of existing programs to increase operating efficiency or adapt to new requirements.",6937.0,0.7343553826968637
"perform or evaluate research, such as detailed company or industry analyses, to inform financial forecasting, decision making, or valuation.",286.0,0.03027614811176345
"perform or interpret the outcomes of diagnostic imaging procedures including magnetic resonance imaging (mri), computer tomography (ct), positron emission tomography (pet), nuclear cardiology treadmill studies, mammography, or ultrasound.",35.0,0.003705123020670352
"perform patient services, such as answering the telephone or assisting patients with financial or medical questions.",36.0,0.0038109836784037906
"perform quality control audits to ensure accuracy, completeness, or proper usage of clinical systems and data.",25.0,0.002646516443335966
perform risk analyses so that appropriate countermeasures can be developed.,85.0,0.008998155907342284
perform risk assessments and execute tests of data processing system to ensure functioning of data processing activities and security measures.,724.0,0.07664311619900957
"perform routine system administrative functions such as troubleshooting, back-ups, and upgrades.",11710.0,1.2396283020585663
"perform searches for qualified job candidates, using sources such as computer databases, networking, internet recruiting resources, media advertisements, job fairs, recruiting firms, or employee referrals.",391.0,0.041391517173774504
perform securities valuation or pricing.,16.0,0.001693770523735018
perform security analyses of developed or packaged software components.,7623.0,0.8069757939020027
"perform statistical analyses, such as social network pattern analysis, network modeling, discrete event simulation, agent-based modeling, statistical natural language processing, computational sociology, mathematical optimization, or systems dynamics.",45.0,0.004763729598004738
"perform system analysis, data analysis or programming, using a variety of computer languages and procedures.",1573.0,0.16651881461469897
perform systems analysis and programming tasks to maintain and control the use of computer systems software as a systems programmer.,121.0,0.012809139585746074
"perform various administrative tasks, such as typing documents or answering telephone calls.",33.0,0.0034934017052034748
"perform various data entry or word processing tasks, such as updating phone directories, typing or proofreading documents, or creating schedules.",23.0,0.0024347951278690886
photograph objects for documentation.,71.0,0.007516106699074142
"plan and conduct activities for a balanced program of instruction, demonstration, and work time that provides students with opportunities to observe, question, and investigate.",69.0,0.007304385383607266
"plan and conduct research to develop and test theories about societal issues such as crime, group relations, poverty, and aging.",48.0,0.0050813115712050536
plan and conduct special research projects in area of interest or expertise.,87.0,0.009209877222809162
plan and coordinate advertising campaigns and sales promotions and prepare merchandise displays and advertising copy.,27.0,0.002858237758802843
plan and develop curricula and materials for training programs and conduct training.,38.0,0.004022704993870668
"plan and develop instructional methods and content for educational, vocational, or student activity programs.",64.0,0.006775082094940072
plan and develop new products and production processes.,16.0,0.001693770523735018
"plan and develop programs, agendas, budgets, and services according to customer requirements.",28.0,0.0029640984165362817
plan and execute advertising policies and strategies for organizations.,30.0,0.003175819732003159
plan and follow the most efficient routes for delivering goods.,74.0,0.007833688672274458
plan and formulate flight activities and test schedules and prepare flight evaluation reports.,15.0,0.0015879098660015795
plan and install upgrades of database management system software to enhance database performance.,55.0,0.005822336175339125
"plan and organize the acquisition, storage, and exhibition of collections and related materials, including the selection of exhibition themes and designs, and develop or install exhibit materials.",74.0,0.007833688672274458
"plan and prepare advertising and promotional material to increase sales of products or services, working with customers, company officials, sales departments, and advertising agencies.",522.0,0.055259263336854963
plan and prepare audio-visual teaching aids and methods for use in school systems.,15.0,0.0015879098660015795
"plan menus or diets or guide individuals or families in food selection, preparation, or menu planning, based upon nutritional needs and established guidelines.",73.0,0.007727828014541019
"plan or adjust routes based on changing conditions, using computer equipment, global positioning systems (gps) equipment, or other navigation devices to minimize fuel consumption and carbon emissions.",21.0,0.002223073812402211
"plan or conduct basic genomic and biological research related to areas such as regulation of gene expression, protein interactions, metabolic networks, and nucleic acid or protein complexes.",26.0,0.0027523771010694044
"plan or conduct market or public opinion research to test products or determine potential for product success, communicating results to client or management.",67.0,0.007092664068140388
"plan or design structures such as residences, office buildings, theatres, factories, or other structural properties in accordance with environmental, safety, or other regulations.",25.0,0.002646516443335966
"plan or develop research models, using knowledge of mathematical and statistical concepts.",72.0,0.007621967356807581
"plan or direct development or communication of programs to maintain favorable public or stockholder perceptions of an organization's accomplishments, agenda, or environmental responsibility.",165.0,0.017467008526017375
plan or direct research studies related to life sciences.,16.0,0.001693770523735018
plan or direct spa services and programs.,16.0,0.001693770523735018
plan parties or other special events and services.,521.0,0.05515340267912153
"plan pipe system layout, installation, or repair, according to specifications.",17.0,0.001799631181468457
"plan project arrangements or outlines, and organize material accordingly.",38.0,0.004022704993870668
"plan special events, parties, or meetings, which may include booking musicians or celebrities.",22.0,0.00232893447013565
"plan study of work problems and procedures, such as organizational change, communications, information flow, integrated production methods, inventory control, or cost analysis.",19.0,0.002011352496935334
"plan tour itineraries, applying knowledge of travel routes and destination sites.",101.0,0.010691926431077301
"plan, assemble, and stock product displays in retail stores, or make recommendations to retailers regarding product displays, promotional programs, and advertising.",23.0,0.0024347951278690886
"plan, coordinate and implement security measures to safeguard information in computer files against accidental or unauthorized damage, modification or disclosure.",103.0,0.01090364774654418
"plan, coordinate, and implement network security measures to protect data, software, and hardware.",135.0,0.014291188794014214
"plan, describe, arrange, and sell itinerary tour packages and promotional travel incentives offered by various travel carriers.",199.0,0.021066270888954287
"plan, develop, and provide training and staff development programs, using knowledge of the effectiveness of methods such as classroom training, demonstrations, on-the-job training, meetings, conferences, and workshops.",103.0,0.01090364774654418
"plan, develop, maintain, or operate a variety of health record indexes or storage and retrieval systems to collect, classify, store, or analyze information.",40.0,0.0042344263093375455
"plan, direct, and coordinate risk and insurance programs of establishments to control risks and losses.",27.0,0.002858237758802843
"plan, direct, and participate in recruitment and enrollment activities.",54.0,0.005716475517605686
"plan, direct, or supervise the food preparation or cooking activities of multiple kitchens or restaurants in an establishment such as a restaurant chain, hospital, or hotel.",30.0,0.003175819732003159
"plan, evaluate, and revise curricula, course content, and course materials and methods of instruction.",84.0,0.008892295249608844
"plan, evaluate, and revise curricula, course content, course materials, and methods of instruction.",72.0,0.007621967356807581
"plan, implement and administer programs and services in a health care or medical facility, including personnel administration, training, and coordination of medical, nursing and physical plant staff.",27.0,0.002858237758802843
"plan, organize, or direct activities concerned with the construction or maintenance of structures, facilities, or systems.",44.0,0.0046578689402713
"plan, organize, or lead structured programs of counseling, work, study, recreation, or social activities for clients.",18.0,0.0019054918392018953
"plan, prepare, and develop various teaching aids such as bibliographies, charts, and graphs.",19.0,0.002011352496935334
"plan, schedule, and coordinate general maintenance, major repairs, and remodeling or construction projects for commercial or residential properties.",22.0,0.00232893447013565
"plan, supervise, and conduct psychological research and write papers describing research results.",46.0,0.004869590255738177
"position text and art elements from a variety of databases in a visually appealing way to design print or web pages, using knowledge of type styles and size and layout patterns.",228.0,0.024136229963224006
"predict future gang, organized crime, or terrorist activity, using analyses of intelligence data.",20.0,0.0021172131546687727
"prepare activity reports to inform management of the status and implementation plans of programs, services, and quality initiatives.",37.0,0.003916844336137229
prepare all materials for transactions or execution of deals.,26.0,0.0027523771010694044
"prepare and administer written, oral, and performance tests and issue grades in accordance with performance.",15.0,0.0015879098660015795
"prepare and administer written, oral, and performance tests, and issue grades in accordance with performance.",28.0,0.0029640984165362817
"prepare and deliver lectures to undergraduate or graduate students and the community on topics such as ethics, logic, and contemporary religious thought.",72.0,0.007621967356807581
"prepare and deliver lectures to undergraduate or graduate students on topics such as abnormal psychology, cognitive processes, and work motivation.",78.0,0.008257131303208213
"prepare and deliver lectures to undergraduate or graduate students on topics such as anatomy, therapeutic recreation, and conditioning theory.",81.0,0.00857471327640853
"prepare and deliver lectures to undergraduate or graduate students on topics such as children's literature, learning and development, and reading instruction.",24.0,0.0025406557856025268
"prepare and deliver lectures to undergraduate or graduate students on topics such as family behavior, child and adolescent mental health, and social intervention evaluation.",61.0,0.006457500121739756
prepare and deliver lectures to undergraduate or graduate students on topics such as how to speak and write a foreign language and the cultural aspects of areas where a particular language is used.,1492.0,0.15794410133829043
"prepare and deliver lectures to undergraduate or graduate students on topics such as mechanics, hydraulics, and robotics.",66.0,0.0069868034104069495
"prepare and deliver lectures to undergraduate or graduate students on topics such as organic chemistry, analytical chemistry, and chemical separation.",41.0,0.004340286967070984
"prepare and deliver lectures to undergraduate or graduate students on topics such as poetry, novel structure, and translation and adaptation.",47.0,0.004975450913471615
"prepare and deliver lectures to undergraduate or graduate students on topics such as quantum mechanics, particle physics, and optics.",40.0,0.0042344263093375455
prepare and deliver sales presentations to new and existing customers to sell new advertising programs and to protect and increase existing advertising.,23.0,0.0024347951278690886
prepare and deliver sermons or other talks.,43.0,0.004552008282537861
prepare and deliver technical presentations that explain products or services to customers and prospective customers.,17.0,0.001799631181468457
"prepare and distribute health education materials, such as reports, bulletins, and visual aids, to address smoking, vaccines, and other public health concerns.",29.0,0.0030699590742697203
"prepare and draft legal documents, such as wills, deeds, patent applications, mortgages, leases, and contracts.",17.0,0.001799631181468457
"prepare and maintain a directory of suppliers, contractors and subcontractors.",29.0,0.0030699590742697203
"prepare and maintain records and reports of inventories, price lists, shortages, shipments, expenditures, and goods used or issued.",16.0,0.001693770523735018
"prepare and present summaries and analyses of survey data, including tables, graphs, and fact sheets that describe survey techniques and results.",519.0,0.054941681363654654
"prepare and process import and export documentation according to customs regulations, laws, or procedures.",34.0,0.003599262362936914
prepare and review operational reports or project progress reports.,18.0,0.0019054918392018953
"prepare applications and forms for applicants for such purposes as school enrollment, employment, and medical services.",28.0,0.0029640984165362817
prepare appropriate formatting to data sets as requested.,3424.0,0.36246689207929383
"prepare archival records, such as document descriptions, to allow easy access to information.",73.0,0.007727828014541019
prepare articles for publication or presentation at professional conferences.,22.0,0.00232893447013565
prepare collections of preserved specimens or microscopic slides for species identification and study of development or disease.,27.0,0.002858237758802843
prepare comprehensive interpretive reports of findings.,143.0,0.015138074055881724
prepare contract documents for building contractors.,27.0,0.002858237758802843
prepare copy and edit tape so that material is ready for broadcasting.,18.0,0.0019054918392018953
prepare cost estimates for clients.,37.0,0.003916844336137229
"prepare cost estimates, contracts, bidding documents, and technical reports for specific projects under an architect's supervision.",30.0,0.003175819732003159
"prepare data analysis listings and activity, performance, or progress reports.",804.0,0.08511196881768465
"prepare data for processing by organizing information, checking for any inaccuracies, and adjusting and weighting the raw data.",5163.0,0.5465585758777436
prepare design presentations and proposals for staff or customers.,22.0,0.00232893447013565
"prepare detailed network specifications, including diagrams, charts, equipment configurations, or recommended technologies.",25.0,0.002646516443335966
prepare detailed reports on audit findings.,18.0,0.0019054918392018953
"prepare detailed workflow charts and diagrams that describe input, output, and logical operation, and convert them into a series of instructions coded in a computer language.",251.0,0.026571025091093096
prepare diagnostic and treatment records.,31.0,0.003281680389736598
prepare diagnostic or treatment reports for other medical practitioners or therapists.,24.0,0.0025406557856025268
"prepare documentation or presentations, including charts, photos, or graphs.",75.0,0.007939549330007898
prepare documents needed to implement plans selected by clients.,27.0,0.002858237758802843
"prepare documents, such as invoices or warranties.",47.0,0.004975450913471615
"prepare evaluations of software or hardware, and recommend improvements or upgrades.",46.0,0.004869590255738177
prepare financial reports to monitor client or corporate finances.,30.0,0.003175819732003159
"prepare financial reports, such as reviews of portfolio positions.",49.0,0.0051871722289384935
prepare forms or agreements to complete sales.,34.0,0.003599262362936914
prepare functional or technical documentation for data warehouses.,35.0,0.003705123020670352
"prepare government or organizational reports on birth, death, and disease statistics, workforce evaluations, or the medical status of individuals.",31.0,0.003281680389736598
"prepare information regarding design, structure specifications, materials, color, equipment, estimated costs, or construction time.",26.0,0.0027523771010694044
"prepare instructional program objectives, outlines, and lesson plans.",17.0,0.001799631181468457
prepare insurance claim forms or related documents and review them for completeness.,17.0,0.001799631181468457
"prepare invoices, reports, memos, letters, financial statements, and other documents, using word processing, spreadsheet, database, or presentation software.",106.0,0.011221229719744494
"prepare itemized statements, bills, or invoices and record amounts due for items purchased or services rendered.",300.0,0.03175819732003159
"prepare legal briefs and opinions, and file appeals in state and federal courts of appeal.",18.0,0.0019054918392018953
prepare management reports defining and evaluating problems and recommending solutions.,308.0,0.0326050825818991
prepare meeting agendas or packets of related information.,37.0,0.003916844336137229
"prepare meeting agendas, attend meetings, and record and transcribe minutes.",62.0,0.006563360779473196
prepare merchandise for purchase or rental.,24.0,0.0025406557856025268
"prepare objectives, outlines, or other materials for courses of study following curriculum guidelines or school or state requirements.",24.0,0.0025406557856025268
"prepare objectives, outlines, or other materials for courses of study, following curriculum guidelines or requirements.",20.0,0.0021172131546687727
prepare operational or risk reports for management analysis.,15.0,0.0015879098660015795
prepare or alter presentation contents to target specific audiences.,24.0,0.0025406557856025268
prepare or calibrate equipment used to collect or analyze samples.,19.0,0.002011352496935334
"prepare or direct preparation of correspondence, reports, and operations, maintenance, and safety manuals.",45.0,0.004763729598004738
"prepare or direct preparation of financial statements, business activity reports, financial position forecasts, annual budgets, or reports required by regulatory agencies.",24.0,0.0025406557856025268
"prepare or edit organizational publications, such as employee newsletters or stockholders' reports, for internal or external audiences.",189.0,0.0200076643116199
"prepare or interpret for clients information such as investment performance reports, financial document summaries, or income projections.",117.0,0.01238569695481232
"prepare or maintain design, testing, or operational records and documentation.",32.0,0.003387541047470036
"prepare or monitor project schedules, budgets, or cost control systems.",15.0,0.0015879098660015795
"prepare or organize online storefront marketing material, including product descriptions or subject lines, optimizing content to search engine criteria.",75.0,0.007939549330007898
prepare or present technical or project status reports.,48.0,0.0050813115712050536
prepare or review engineering studies or specifications.,48.0,0.0050813115712050536
"prepare or serve menu items, such as sandwiches or salads.",15.0,0.0015879098660015795
prepare or validate documentation on automated logistics or maintenance-data reporting or management information systems.,24.0,0.0025406557856025268
"prepare patient, sterilize or disinfect instruments, set up instrument trays, prepare materials, or assist dentist during dental procedures.",34.0,0.003599262362936914
prepare project reports and other program or technical documentation.,46.0,0.004869590255738177
"prepare project status reports by collecting, analyzing, and summarizing information and trends.",209.0,0.022124877466288675
prepare publications and reports containing research findings.,44.0,0.0046578689402713
prepare reports and document project activities and data.,1314.0,0.13910090426173835
"prepare reports of activities, evaluations, recommendations, or decisions.",167.0,0.01767872984148425
"prepare reports of findings, illustrating data graphically and translating complex findings into written text.",183.0,0.01937250036521927
"prepare reports on activity, personnel, and information such as occupancy, hours worked, facility usage, work performed, and departmental expenses.",32.0,0.003387541047470036
prepare reports on logistics performance measures.,21.0,0.002223073812402211
prepare reports on non-destructive testing (ndt) results.,33.0,0.0034934017052034748
"prepare reports or correspondence concerning project specifications, activities, or status.",85.0,0.008998155907342284
"prepare reports or recommendations, based upon research outcomes.",681.0,0.0720911079164717
"prepare reports outlining past and future programs, including content.",46.0,0.004869590255738177
prepare reports regarding market conditions and merchandise costs.,55.0,0.005822336175339125
"prepare reports summarizing operational results, financial performance, or accomplishments of specified objectives, goals, or plans.",37.0,0.003916844336137229
prepare reports to be submitted to company's data processing department.,22.0,0.00232893447013565
prepare reports to document patients' care activities.,50.0,0.005293032886671932
"prepare reports, deliver presentations, or participate in program review activities to communicate engineering results or recommendations.",77.0,0.008151270645474775
"prepare reports, manuscripts, and meeting presentations.",197.0,0.02085454957348741
"prepare reports, manuscripts, proposals, and technical manuals for use by other scientists and requestors, such as sponsors and customers.",1586.0,0.16789500316523365
prepare requests for proposals or statements of work.,19.0,0.002011352496935334
prepare requirements documentation for use by software developers.,22.0,0.00232893447013565
"prepare research results for publication in form of journals, books, manuals, and film.",37.0,0.003916844336137229
prepare responses to correspondence containing routine inquiries.,242.0,0.025618279171492148
prepare results of experimental findings for presentation at professional conferences or in scientific journals.,54.0,0.005716475517605686
prepare sales contracts and order forms.,24.0,0.0025406557856025268
prepare sales presentations or proposals to explain product specifications or applications.,278.0,0.02942926284989594
"prepare specifications, designs, or sketches for machines, components, or systems related to the generation, transmission, or use of mechanical or fluid energy.",22.0,0.00232893447013565
"prepare statistical reports, narrative reports, or graphic presentations of information, such as tumor registry data for use by hospital staff, researchers, or other users.",48.0,0.0050813115712050536
"prepare study-related documentation such as protocol worksheets, procedural manuals, adverse event reports, institutional review board documents, and progress reports.",36.0,0.0038109836784037906
prepare system activity and performance reports.,100.0,0.010586065773343863
"prepare tables, graphs, fact sheets, and written reports summarizing research results.",348.0,0.03683950889123665
prepare technical reports and recommendations based upon research outcomes.,301.0,0.03186405797776503
"prepare technical reports, data summary documents, or research articles for scientific publication, regulatory submissions, or patent applications.",259.0,0.027417910352960605
"prepare written and oral reports describing research results, using illustrations, maps, appendices, and other information.",273.0,0.028899959561228747
"prepare written reports that estimate property values, outline methods by which the estimations were made, and meet appraisal standards.",26.0,0.0027523771010694044
"prepare, administer, and grade tests and assignments to evaluate students' progress.",177.0,0.018737336418818636
"prepare, administer, or grade tests or assignments to evaluate students' progress.",27.0,0.002858237758802843
"prepare, analyze, and verify annual reports, financial statements, and other records, using accepted accounting and statistical procedures to assess financial condition and facilitate financial planning.",374.0,0.03959188599230605
"prepare, examine, or analyze accounting records, financial statements, or other financial reports to assess accuracy, completeness, and conformance to reporting and procedural standards.",92.0,0.009739180511476354
"prepare, maintain, and review purchasing files, reports and price lists.",257.0,0.02720618903749373
"prepare, maintain, or update security procedures, security system drawings, or related documentation.",46.0,0.004869590255738177
"prepare, manipulate, and manage extensive databases.",445.0,0.04710799269138019
"prepare, rewrite and edit copy to improve readability, or supervise others who do this work.",5394.0,0.571012387814168
"prescribe individualized exercise programs, specifying equipment such as treadmill, exercise bicycle, ergometers, or perceptual goggles.",40.0,0.0042344263093375455
"present and explain proposals, reports, or findings to clients.",74.0,0.007833688672274458
"present and make recommendations regarding course design, technology, and instruction delivery options.",22.0,0.00232893447013565
present clients with information required to make informed health care and treatment decisions.,32.0,0.003387541047470036
"present information in audio-visual or interactive formats, using computers, television, audio-visual aids, or other equipment, materials, or technologies.",50.0,0.005293032886671932
"present information in audio-visual or interactive formats, using computers, televisions, audio-visual aids, or other equipment, materials, or technologies.",39.0,0.0041285656516041064
present information to customers about the energy efficiency or environmental impact of scientific or technical products.,93.0,0.009845041169209793
"present investment information, such as product risks, fees, or fund performance statistics.",262.0,0.02773549232616092
"present oral or written reports on general economic trends, individual corporations, and entire industries.",70.0,0.007410246041340704
present research findings to groups of people.,20.0,0.0021172131546687727
"present subject matter to students under the direction and guidance of teachers, using lectures, discussions, or supervised role-playing methods.",19.0,0.002011352496935334
process all correspondence and paperwork related to accounts.,20.0,0.0021172131546687727
process and prepare business or government forms.,82.0,0.008680573934141967
"process and prepare documents, such as business or government forms and expense reports.",1714.0,0.18144516735511382
"process and prepare memos, correspondence, travel vouchers, or other documents.",104.0,0.011009508404277618
process and record new insurance policies and claims.,314.0,0.033240246528299724
process and review employment applications to evaluate qualifications or eligibility of applicants.,1274.0,0.1348664779524008
"process and review environmental permits, licenses, or related materials.",29.0,0.0030699590742697203
"process clinical data, including receipt, entry, verification, or filing of information.",441.0,0.04668455006044644
"process data for analysis, using computers.",335.0,0.03546332034070194
"process large amounts of data for statistical modeling and graphic analysis, using computers.",217.0,0.02297176272815618
"process, prepare, and submit business or government forms, such as submitting applications for coverage to insurance carriers.",140.0,0.014820492082681408
"process, verify, and maintain personnel related documentation, including staffing, recruitment, training, grievances, performance evaluations, classifications, and employee leaves of absence.",55.0,0.005822336175339125
"procure, produce, and provide information on the safe operation of aircraft, such as flight planning publications, operations publications, charts and maps, and weather information.",25.0,0.002646516443335966
produce a computer-generated or film image for interpretation by a physician.,22.0,0.00232893447013565
"produce detailed images or measurement of objects, using tools such as scanning tunneling microscopes or oscilloscopes.",18.0,0.0019054918392018953
"produce medical reports, correspondence, records, patient-care information, statistics, medical research, and administrative material.",70.0,0.007410246041340704
"produce reports or presentations that outline findings, explain risk positions, or recommend changes.",36.0,0.0038109836784037906
produce rough and finished graphics and graphic designs.,165.0,0.017467008526017375
"produce up-to-the-minute information, using internal computer systems, to allow management to base decisions on actual, not historical, data.",174.0,0.018419754445618323
produce written summary reports of financial research results.,156.0,0.016514262606416426
"program and use computers to store, process, and analyze data.",23.0,0.0024347951278690886
program computerized graphic effects.,248.0,0.026253443117892784
program electronic equipment.,372.0,0.03938016467683917
promote awareness or use of alternative or renewable energy sources.,37.0,0.003916844336137229
"promote products in online communities through weblog or discussion-forum postings, e-mail marketing programs, or online advertising.",34.0,0.003599262362936914
"promote sales of properties through advertisements, open houses, and participation in multiple listing services.",139.0,0.01471463142494797
"proofread, edit, and revise translated materials.",110.0,0.01164467235067825
propose logistics solutions for customers.,33.0,0.0034934017052034748
"propose new or modified policies involving use of traditional and alternative fuels, transportation of goods, and other factors relating to climate and climate change.",22.0,0.00232893447013565
protect and control proprietary materials.,30.0,0.003175819732003159
provide additional instruction in vocational areas.,21.0,0.002223073812402211
"provide administrative support for projects by collecting data, providing project documentation, training staff, or performing other general administrative duties.",62.0,0.006563360779473196
"provide advice and consultation on economic relationships to businesses, public and private agencies, and other employers.",127.0,0.013444303532146706
"provide advice on transportation options, types of carriers, or shipping routes.",74.0,0.007833688672274458
provide advice or training to other technicians.,35.0,0.003705123020670352
"provide advice to clients on a contract basis, working as a consultant.",282.0,0.029852705480829692
provide aircrews with information and services needed for airfield management and flight planning.,28.0,0.0029640984165362817
provide application or analytical support to researchers or traders on issues such as valuations or data.,95.0,0.010056762484676669
provide assistance in the design of survey instruments such as questionnaires.,37.0,0.003916844336137229
"provide assistance or direction to other stockroom, warehouse, or storage yard workers.",18.0,0.0019054918392018953
"provide assistance to faculty and staff in duties such as teaching classes, conducting orientation programs, issuing transcripts, and scheduling events.",23.0,0.0024347951278690886
"provide assistance to food scientists or technologists in research and development, production technology, or quality control.",45.0,0.004763729598004738
provide assistance to students in college writing centers.,188.0,0.01990180365388646
"provide assistance with the preparation of project-related reports, manuscripts, and presentations.",19.0,0.002011352496935334
"provide clear, detailed descriptions of web site specifications, such as product features, activities, software, communication protocols, programming languages, and operating systems software and hardware.",43.0,0.004552008282537861
"provide clerks with information to print on price tags, such as price, mark-ups or mark-downs, manufacturer number, season code, or style number.",15.0,0.0015879098660015795
"provide clients with communication assistance, typing their correspondence or obtaining information for them.",76.0,0.008045409987741337
provide clinical services or health education to improve and maintain the oral health of patients or the general public.,125.0,0.01323258221667983
"provide consultation, support, or education to groups such as parents and teachers.",29.0,0.0030699590742697203
provide consulting services to other physicians.,17.0,0.001799631181468457
"provide current and prospective employees with information about policies, job duties, working conditions, wages, opportunities for promotion and employee benefits.",64.0,0.006775082094940072
"provide customer assistance and information, such as giving directions or handling wheelchairs.",35.0,0.003705123020670352
provide customer service by greeting and assisting customers and responding to customer inquiries and complaints.,674.0,0.07135008331233764
"provide customer support and education, working with users to identify needs, determine sources of problems, or to provide information on product use.",432.0,0.04573180414084549
"provide customer with brochures and publications containing travel information, such as local customs, points of interest, or foreign country regulations.",49.0,0.0051871722289384935
provide customers with cost estimates for equipment installation.,15.0,0.0015879098660015795
"provide customers with information on routes, gates, prices, timetables, terminals, or concourses.",40.0,0.0042344263093375455
"provide customers with information such as quotes, orders, sales, shipping, warranties, credit, funding options, incentives, or tax rebates.",153.0,0.01619668063321611
provide customers with ongoing technical support.,144.0,0.015243934713615162
"provide customers with travel suggestions and information sources, such as guides, directories, brochures, and maps.",295.0,0.031228894031364397
"provide direct care by performing comprehensive health assessments, developing differential diagnoses, conducting specialized tests, or prescribing medications or treatments.",25.0,0.002646516443335966
provide directions and respond to passenger inquiries.,15.0,0.0015879098660015795
"provide educational information about physical therapy or physical therapists, injury prevention, ergonomics, or ways to promote health.",22.0,0.00232893447013565
provide feedback and recommendations to developers on software usability and functionality.,2054.0,0.21743779098448296
"provide guests with information about local areas, including giving directions.",18.0,0.0019054918392018953
provide guidelines for implementing secure systems to customers or installation teams.,69.0,0.007304385383607266
provide individual support or counseling in general wellness or nutrition.,94.0,0.00995090182694323
provide individualized instruction and tutorial or remedial instruction.,20.0,0.0021172131546687727
"provide information about establishment, such as location of departments or offices, employees within the organization, or services provided.",31.0,0.003281680389736598
"provide information about facilities, entertainment options, and rules and regulations.",46.0,0.004869590255738177
"provide information about local features, such as shopping, dining, nightlife, or recreational destinations.",60.0,0.006351639464006318
"provide information about rental items, such as availability, operation, or description.",31.0,0.003281680389736598
"provide information and advice regarding drug interactions, side effects, dosage, and proper medication storage.",95.0,0.010056762484676669
"provide information and advice to the public regarding the selection, purchase, and care of products.",888.0,0.09400426406729351
provide information from the institution's holdings to other curators and to the public.,90.0,0.009527459196009476
"provide information or recommendations to farmers or other landowners regarding ways in which they can best use land, promote plant growth, or avoid or correct problems such as erosion.",21.0,0.002223073812402211
"provide information such as directions, visiting hours, or patient status information to visitors or callers.",71.0,0.007516106699074142
"provide information to employees and managers on payroll matters, tax issues, benefit plans, and collective agreement provisions.",24.0,0.0025406557856025268
"provide information, guidance, and preparation for the general equivalency diploma (ged) examination.",91.0,0.009633319853742914
"provide information, technical assistance, or training to supervisors, managers, or employees on topics such as employee supervision, hiring, grievance procedures, or staff development.",49.0,0.0051871722289384935
"provide instructions to clients on how to obtain help with legal, financial, and other personal issues.",21.0,0.002223073812402211
"provide logistics technology or information for effective and efficient support of product, equipment, or system manufacturing or service.",37.0,0.003916844336137229
"provide occupational, educational, and other information to individuals so that they can make educational and vocational plans.",470.0,0.04975450913471616
provide or coordinate troubleshooting support for data warehouses.,50.0,0.005293032886671932
"provide patients with information needed to promote health, reduce risk factors, or prevent disease or disability.",16.0,0.001693770523735018
"provide private instruction to individual or small groups of students to improve academic performance, improve occupational skills, or prepare for academic or occupational tests.",2009.0,0.2126740613864782
"provide product information, using lectures, films, charts, or slide shows.",111.0,0.011750533008411689
provide professional consulting services to government or industry.,589.0,0.06235192740499535
"provide professional consulting services to government, educational institutions, or industry.",500.0,0.05293032886671932
"provide project management services, including the provision and analysis of technical data.",22.0,0.00232893447013565
"provide protection for individuals, such as government leaders, political candidates, and visiting foreign dignitaries.",23.0,0.0024347951278690886
"provide regulatory guidance to departments or development project teams regarding design, development, evaluation, or marketing of products.",69.0,0.007304385383607266
provide road information to assist motorists.,52.0,0.005504754202138809
"provide scientific or technical guidance or expertise to scientists, engineers, technologists, technicians, or others, using knowledge of chemical, analytical, or biological processes as applied to micro and nanoscale systems.",25.0,0.002646516443335966
"provide services to customers, such as order placement or account information.",204.0,0.02159557417762148
"provide staff and users with assistance solving computer related problems, such as malfunctions and program problems.",75.0,0.007939549330007898
"provide statistical and computational tools for biologically based activities such as genetic analysis, measurement of gene expression, and gene function determination.",118.0,0.012491557612545758
"provide students with information on such topics as college degree programs and admission requirements, financial aid opportunities, trade and technical schools, and apprenticeship programs.",132.0,0.013973606820813899
"provide support and information to functional areas such as marketing, clinical monitoring, and medical affairs.",18.0,0.0019054918392018953
provide support to technical sales staff regarding product characteristics.,34.0,0.003599262362936914
provide system design and integration recommendations.,134.0,0.014185328136280775
"provide technical advice on the use of current instructional technologies, including computer-based training, desktop videoconferencing, multimedia, and distance learning technologies.",93.0,0.009845041169209793
"provide technical and non-technical support and services to clients or other staff members regarding the use, operation, and maintenance of equipment.",280.0,0.029640984165362816
provide technical customer service.,764.0,0.08087754250834711
provide technical expertise or support related to manufacturing.,16.0,0.001693770523735018
provide technical guidance or support for the development or troubleshooting of systems.,285.0,0.03017028745403001
"provide technical guidance or support to customers on topics such as nanosystem start-up, maintenance, or use.",111.0,0.011750533008411689
"provide technical information about solar power, solar systems, equipment, and services to potential customers or dealers.",25.0,0.002646516443335966
"provide technical or logistical support to users of distance learning classrooms, equipment, web sites, or services.",22.0,0.00232893447013565
provide technical support during software installation or configuration.,35.0,0.003705123020670352
"provide technical support for existing reports, dashboards, or other tools.",117.0,0.01238569695481232
provide technical support for robotic systems.,47.0,0.004975450913471615
provide technical support or assistance to chemists or engineers.,64.0,0.006775082094940072
provide technical support or instruction to staff or customers regarding electronics equipment standards.,104.0,0.011009508404277618
provide technical support to clients in the implementation of designed instruction or in task analyses and instructional systems design.,83.0,0.008786434591875406
provide technical support to junior staff or clients.,34.0,0.003599262362936914
"provide technical support to users or clients regarding the maintenance, development, or operation of geographic information systems (gis) databases, equipment, or applications.",19.0,0.002011352496935334
provide telephone support related to networking or connectivity issues.,40.0,0.0042344263093375455
"provide training direction, encouragement, motivation, and nutritional advice to prepare athletes for games, competitive events, or tours.",21.0,0.002223073812402211
"provide user applications or engineering support or recommendations for new or existing equipment with regard to installation, upgrades, or enhancements.",19.0,0.002011352496935334
provide user support by diagnosing network and device problems and implementing technical or procedural solutions.,271.0,0.02868823824576187
provide users with technical support for computer problems.,92.0,0.009739180511476354
"provide verbal or written project status reports to project teams, management, subcontractors, customers, or owners.",32.0,0.003387541047470036
"publish educational information for other pharmacists, doctors, or patients.",15.0,0.0015879098660015795
quote prices to customers.,40.0,0.0042344263093375455
"quote prices, credit terms, or other bid specifications.",42.0,0.004446147624804422
"read and analyze incoming memos, submissions, and reports to determine their significance and plan their distribution.",35.0,0.003705123020670352
read and effectively interpret small-scale maps and information from a computer screen to determine locations and provide directions.,57.0,0.0060340574908060015
"read and interpret blueprints, schematics, work specifications, drawings, or charts.",30.0,0.003175819732003159
"read and interpret blueprints, technical drawings, schematics, or computer-generated reports.",54.0,0.005716475517605686
"read and interpret schematic drawings, diagrams, blueprints, specifications, work orders, or reports to determine materials requirements or assembly instructions.",72.0,0.007621967356807581
read bills of lading to determine assignment details.,32.0,0.003387541047470036
"read blueprints or other specifications to determine methods of installation, work procedures, or material or tool requirements.",15.0,0.0015879098660015795
"read blueprints, illustrations, or specifications to determine layouts, sequences of operations, or identities or relationships of parts.",56.0,0.005928196833072563
read corporate reports and calculate ratios to determine best prospects for profit on stock purchases.,46.0,0.004869590255738177
"read current literature, attend meetings or conferences, and talk with colleagues to keep abreast of methodological or conceptual developments in fields such as biostatistics, pharmacology, life sciences, and social sciences.",27.0,0.002858237758802843
"read current literature, talk with colleagues, or participate in professional organizations or conferences to keep abreast of developments in genetics.",21.0,0.002223073812402211
"read current scientific or trade literature to stay abreast of scientific, industrial, or technological advances.",36.0,0.0038109836784037906
"read electric, gas, water, or steam consumption meters and enter data in route books or hand-held computers.",15.0,0.0015879098660015795
"read from sacred texts such as the bible, torah, or koran.",657.0,0.06955045213086918
"read from scripts or books to narrate action or to inform or entertain audiences, utilizing few or no stage props.",29.0,0.0030699590742697203
"read gauges or charts, and record data obtained.",53.0,0.005610614859872247
read incoming correspondence to ascertain nature of writers' concerns and to determine disposition of correspondence.,273.0,0.028899959561228747
"read manuals, periodicals, and technical reports to learn how to develop programs that meet staff and user requirements.",1616.0,0.17107082289723682
"read material to determine index items and arrange them alphabetically or topically, indicating page or chapter location.",152.0,0.016090819975482673
"read plans, instructions, or specifications to determine work activities.",42.0,0.004446147624804422
"read publications, attend showings, and study competing products and design styles and motifs to obtain perspective and generate design concepts.",79.0,0.008362991960941651
"read source documents such as canceled checks, sales reports, or bills, and enter data in specific data fields or onto tapes or disks for subsequent entry, using keyboards or scanners.",751.0,0.07950135395781241
"read specifications or blueprints to determine the locations, quantities, or sizes of materials required.",57.0,0.0060340574908060015
"read specifications, such as blueprints, charts, or schematics, to determine machine settings or adjustments.",465.0,0.04922520584604896
"read specifications, such as blueprints, to determine construction requirements or to plan procedures.",63.0,0.006669221437206634
read technical literature and participate in continuing education or professional associations to maintain awareness of current database technology and best practices.,22.0,0.00232893447013565
"read technical manuals, confer with users, or conduct computer diagnostics to investigate and resolve problems or to provide technical assistance and support.",155.0,0.016408401948682986
"read written materials, such as legal documents, scientific works, or news reports, and rewrite material into specified languages.",1407.0,0.14894594543094816
"read, evaluate and edit manuscripts or other materials submitted for publication and confer with authors regarding changes in content, style or organization, or publication.",2784.0,0.2947160711298932
receive and respond to customer complaints.,252.0,0.026676885748826536
"receive charge slips or credit applications by mail, or receive information from salespeople or merchants by telephone.",81.0,0.00857471327640853
"receive orders for services, such as rentals, repairs, dry cleaning, and storage.",40.0,0.0042344263093375455
"receive patients, schedule appointments, and maintain patient records.",26.0,0.0027523771010694044
"receive payment by cash, check, credit cards, vouchers, or automatic debits.",250.0,0.02646516443335966
receive payment or obtain credit authorization.,162.0,0.01714942655281706
"recommend actions related to historical art, such as which items to add to a collection or which items to display in an exhibit.",27.0,0.002858237758802843
"recommend and explain the use of cosmetics, lotions, and creams to soften and lubricate skin and enhance and restore natural appearance.",46.0,0.004869590255738177
recommend and provide advice on a wide variety of products and services.,262.0,0.02773549232616092
"recommend changes to improve systems and network configurations, and determine hardware or software requirements related to such changes.",21.0,0.002223073812402211
recommend design modifications to eliminate machine or system malfunctions.,24.0,0.0025406557856025268
"recommend financial products, such as stocks, bonds, mutual funds, or insurance.",464.0,0.049119345188315525
recommend improvements in security systems or procedures.,24.0,0.0025406557856025268
"recommend investments and investment timing to companies, investment firm staff, or the public.",208.0,0.022019016808555236
recommend merchandise or services that will meet customers' needs.,106.0,0.011221229719744494
"recommend methods for improving utilization of personnel, material, and utilities.",17.0,0.001799631181468457
recommend new equipment or software packages.,87.0,0.009209877222809162
recommend new systems and processes to improve operations.,17.0,0.001799631181468457
recommend procedures or equipment or software upgrades to increase data accessibility or ease of use.,17.0,0.001799631181468457
"recommend products to customers, based on customers' needs and interests.",134.0,0.014185328136280775
"recommend strategies for clients to meet their financial goals, such as borrowing money through loans or loan programs, declaring bankruptcy, making budget adjustments, or enrolling in debt management plans.",123.0,0.01302086090121295
recommend the use of vitamin and mineral supplements to enhance the health of patients and children.,26.0,0.0027523771010694044
"recommend, select, and help locate or obtain merchandise based on customer needs and desires.",1200.0,0.12703278928012637
reconcile records of bank transactions.,25.0,0.002646516443335966
"record and compile operating data, instrument readings, documentation, and results of laboratory analyses.",225.0,0.02381864799002369
"record and compile operational data by completing and maintaining forms, logs, or reports.",650.0,0.0688094275267351
record and edit the minutes of meetings and distribute to appropriate officials or staff members.,112.0,0.011856393666145127
record and process results of procedures.,321.0,0.0339812711324338
"record data from operations, testing, and production on specified forms.",243.0,0.025724139829225584
record facts to prepare reports that document incidents and activities.,455.0,0.048166599268714576
record food and fluid intake and output.,37.0,0.003916844336137229
"record guest comments or complaints, referring customers to managers as necessary.",41.0,0.004340286967070984
"record information such as computer operating time, problems that occurred, and actions taken.",183.0,0.01937250036521927
"record information such as personnel, production, or operational data on specified forms or reports.",371.0,0.039274304019105734
"record information, such as the number of products tested, meter readings, or dates and times of product production.",153.0,0.01619668063321611
"record laboratory or field data, including numerical data, test results, photographs, or summaries of visual observations.",474.0,0.05017795176564991
"record messages, suggesting rewording for clarity or conciseness.",92.0,0.009739180511476354
record operational data on specified forms.,100.0,0.010586065773343863
"record operational data, such as temperatures, pressures, ingredients used, processing times, or test results.",27.0,0.002858237758802843
record operational or production data on specified forms.,44.0,0.0046578689402713
record patients' medical information and vital signs.,30.0,0.003175819732003159
record symbols on computer storage media and use computer aided transcription to translate and display them as text.,265.0,0.028053074299361234
record test data and document fabrication techniques on reports.,64.0,0.006775082094940072
"record test data and prepare reports, summaries, or charts that interpret test results.",193.0,0.020431106942553654
"record test procedures and results, numerical and graphical data, and recommendations for changes in product or test methods.",298.0,0.031546476004564714
"record the exact locations and conditions of artifacts uncovered in diggings or surveys, using drawings and photographs as necessary.",1374.0,0.14545254372574468
"record the number, type, and cost of items sold to determine which items may be unpopular or less profitable.",19.0,0.002011352496935334
record treatment information in patient records.,17.0,0.001799631181468457
record work activities performed.,29.0,0.0030699590742697203
"record, process, and maintain patient data or treatment records and prepare reports.",48.0,0.0050813115712050536
"record, review, and compile operations records, test results, and gauge readings such as temperatures, pressures, concentrations, and flows.",82.0,0.008680573934141967
recruit and schedule research participants.,46.0,0.004869590255738177
recruit staff members.,30.0,0.003175819732003159
"recruit, interview, and select employees.",21.0,0.002223073812402211
"refer applicants to job openings or to interviews with other staff, in accordance with administrative guidelines or office procedures.",20.0,0.0021172131546687727
"refer exporters to experts in areas such as trade financing, international marketing, government export requirements, international banking, or marine insurance.",17.0,0.001799631181468457
refer unresolved customer grievances to designated departments for further investigation.,154.0,0.01630254129094955
"reformat documents, moving paragraphs or columns.",2861.0,0.30286734177536795
reinstall software programs or adjust settings on existing software to fix machine malfunctions.,1938.0,0.20515795468740408
"remotely monitor the flow of vehicles or inventory, using web-based logistics information systems to track vehicles or containers.",15.0,0.0015879098660015795
rent properties or manage rental properties.,48.0,0.0050813115712050536
"replace missing teeth and associated oral structures with permanent fixtures, such as implant-supported prostheses, crowns and bridges, or removable fixtures, such as dentures.",59.0,0.006245778806272879
report all positions or trading results.,16.0,0.001693770523735018
"report any pertinent information to the proper authorities in cases of child endangerment, neglect, or abuse.",41.0,0.004340286967070984
report results of statistical analyses in peer-reviewed papers and technical manuals.,19.0,0.002011352496935334
"report results of statistical analyses, including information in the form of graphs, charts, and tables.",196.0,0.020748688915753974
"research and analyze laws, regulations, policies, and precedent decisions to prepare for hearings and to determine conclusions.",81.0,0.00857471327640853
research and analyze member or community needs to determine program directions and goals.,47.0,0.004975450913471615
research and evaluate emerging instructional technologies or methods.,17.0,0.001799631181468457
research and identify potential customers for products or services.,1973.0,0.2088630777080744
"research and prepare manuscripts in support of public programming and the development of exhibits at historic sites, museums, libraries, and archives.",27.0,0.002858237758802843
"research equipment or component needs, sources, competitive prices, delivery times, or ongoing operational costs.",15.0,0.0015879098660015795
"research laws, regulations, policies, or precedent decisions to prepare for hearings.",33.0,0.0034934017052034748
research legal issues and write opinions on the issues.,33.0,0.0034934017052034748
research new financial products or analytics to determine their usefulness.,31.0,0.003281680389736598
"research or develop analytical tools to address issues such as portfolio construction or optimization, performance measurement, attribution, profit and loss measurement, or pricing models.",161.0,0.017043565895083622
research or investigate products to be presented to prepare for demonstrations.,17.0,0.001799631181468457
"research or recommend textbooks, software, equipment, or other learning materials to complement tutoring.",33.0,0.0034934017052034748
"research production topics using the internet, video archives, and other informational sources.",244.0,0.025830000486959024
"research the history of a particular country or region, or of a specific time period.",25.0,0.002646516443335966
"research, compile, analyze and organize information from maps, reports, investigations, and books for use in reports and special projects.",2568.0,0.2718501690594704
"research, compile, and prepare reports, manuals, correspondence, or other information required by management or governmental agencies.",69.0,0.007304385383607266
"research, document, rate, or select alternatives for web architecture or technologies.",21.0,0.002223073812402211
"research, evaluate, and prepare recommendations on curricula, instructional methods, and materials for school systems.",44.0,0.0046578689402713
"resolve any problems with itineraries, service, or accommodations.",45.0,0.004763729598004738
resolve customer complaints or answer customers' questions regarding policies and procedures.,305.0,0.03228750060869878
resolve customer complaints regarding problems such as payout errors.,100.0,0.010586065773343863
resolve customer complaints regarding sales and service.,474.0,0.05017795176564991
resolve customer complaints regarding worker performance or services rendered.,27.0,0.002858237758802843
resolve customer complaints.,123.0,0.01302086090121295
resolve customer or employee complaints.,29.0,0.0030699590742697203
"resolve customers' service or billing complaints by performing activities such as exchanging merchandise, refunding money, or adjusting bills.",583.0,0.061716763458594726
resolve discrepancies in accounting records.,46.0,0.004869590255738177
"resolve problems concerning transportation, logistics systems, imports or exports, or customer issues.",89.0,0.009421598538276038
respond to and resolve patrons' complaints.,53.0,0.005610614859872247
"respond to customer and supplier inquiries about order status, changes, or cancellations.",168.0,0.017784590499217687
"respond to customer complaints, legal inquiries, payment negotiations, or other post-service matters.",68.0,0.007198524725873828
"respond to customer complaints, taking action as necessary.",251.0,0.026571025091093096
respond to customer inquiries or complaints.,1992.0,0.21087443020500976
"respond to customer, public, or media requests for information about wellness programs or services.",21.0,0.002223073812402211
respond to customers' or shippers' questions and complaints regarding storage and distribution services.,47.0,0.004975450913471615
respond to general inquiries or requests from the public.,222.0,0.023501066016823377
respond to program error messages by finding and correcting problems or terminating the program.,2579.0,0.2730146362945382
respond to public inquiries and complaints.,21.0,0.002223073812402211
"respond to questions and inquiries, such as those concerning service charges and capacity fees, or refer them to supervisors.",30.0,0.003175819732003159
respond to requests for information from the media or designate an appropriate spokesperson or information source.,642.0,0.0679625422648676
"respond to requests for information from the public, other municipalities, state officials, or state and federal legislative offices.",26.0,0.0027523771010694044
"respond to user email inquiries, or set up automated systems to send responses.",98.0,0.010374344457876987
retrieve information from central databases for storage in a library's computer.,458.0,0.04848418124191489
"retrieve patient medical records for physicians, technicians, or other medical personnel.",73.0,0.007727828014541019
"retrieve, separate and sort program output as needed, and send data to specified users.",254.0,0.026888607064293413
"review advertising trends, consumer surveys, and other data regarding marketing of goods and services to determine the best way to promote products.",47.0,0.004975450913471615
"review all regulatory agency submission materials to ensure timeliness, accuracy, comprehensiveness, or compliance with regulatory standards.",21.0,0.002223073812402211
review all securities transactions to ensure accuracy of information and conformance to governing agency regulations.,24.0,0.0025406557856025268
"review and analyze computer printouts and performance indicators to locate code problems, and correct errors by correcting codes.",8984.0,0.9510521490772127
"review and analyze new, proposed, or revised laws, regulations, policies, and procedures to interpret their meaning and determine their impact.",226.0,0.02392450864775713
review and approve proofs submitted by composing room prior to publication production.,39.0,0.0041285656516041064
"review and edit transcribed reports or dictated material for spelling, grammar, clarity, consistency, and proper medical terminology.",116.0,0.012279836297078881
"review and evaluate new and current programs to determine their efficiency, effectiveness, and compliance with state, local, and federal regulations and recommend any necessary modifications.",16.0,0.001693770523735018
review and evaluate notes taken about news events to isolate pertinent facts and details.,21.0,0.002223073812402211
"review and interpret plans, blueprints, site layouts, specifications, or construction methods to ensure compliance to legal requirements and safety regulations.",23.0,0.0024347951278690886
"review and verify data, such as age, name, address, and principal sum and value of property on insurance applications and policies.",148.0,0.015667377344548917
"review blueprints, building codes, or specifications to determine work details or procedures.",54.0,0.005716475517605686
"review blueprints, sketches, or work orders to gather information about tasks to be completed.",27.0,0.002858237758802843
review books and journal articles for potential publication.,27.0,0.002858237758802843
"review catalogs, industry periodicals, directories, trade journals, and internet sites and consult with other department personnel to locate necessary goods and services.",21.0,0.002223073812402211
"review changes to financial, family, or employment situations to determine whether changes to existing debt management plans, spending plans, or budgets are needed.",20.0,0.0021172131546687727
"review class material with students by discussing text, working solutions to problems, or reviewing worksheets or other assignments.",1057.0,0.11189471522424461
review completed construction drawings and cost estimates for accuracy and conformity to standards and regulations.,25.0,0.002646516443335966
"review data about material assets, net worth, liabilities, capital stock, surplus, income, and expenditures.",121.0,0.012809139585746074
"review documents such as purchase orders, sales tickets, charge slips, or hospital records to compute fees or charges due.",209.0,0.022124877466288675
"review employer practices or employee data to ensure compliance with contracts on matters such as wages, hours, or conditions of employment.",21.0,0.002223073812402211
review employment applications and job orders to match applicants with job requirements.,420.0,0.044461476248044224
"review files, records, and other documents to obtain information to respond to requests.",296.0,0.031334754689097834
"review financial periodicals, stock and bond reports, business publications, or other material to identify potential investments for clients or to keep abreast of trends affecting market conditions.",48.0,0.0050813115712050536
"review financial statements, sales or activity reports, or other performance data to identify opportunities for cost reductions or service improvements.",118.0,0.012491557612545758
"review financial statements, sales or activity reports, or other performance data to measure productivity or goal achievement or to identify areas needing cost reduction or program improvement.",362.0,0.038321558099504785
review individual or commercial customer files to identify and select delinquent accounts for collection.,37.0,0.003916844336137229
review information about programs and schedules to ensure accuracy and provide such information to local media outlets.,26.0,0.0027523771010694044
"review instructional content, methods, and student evaluations to assess strengths and weaknesses, and to develop recommendations for course revision, development, or elimination.",244.0,0.025830000486959024
review legal publications and perform database searches to identify laws and court decisions relevant to pending cases.,15.0,0.0015879098660015795
review manuscripts for publication in books and professional journals.,241.0,0.025512418513758708
review materials such as marketing literature or user manuals to ensure that regulatory agency requirements are met.,59.0,0.006245778806272879
"review operating practices and procedures to determine whether improvements can be made in areas such as workflow, reporting procedures, or expenditures.",103.0,0.01090364774654418
review or evaluate proposals or bids to make recommendations regarding awarding of contracts.,68.0,0.007198524725873828
"review or update web page content or links in a timely manner, using appropriate tools.",467.0,0.049436927161515834
review papers for colleagues and scientific journals.,124.0,0.013126721558946392
review papers for publication in journals.,165.0,0.017467008526017375
"review papers or serve on editorial boards for scientific journals, and review grant proposals for federal agencies.",322.0,0.034087131790167244
"review papers or serve on editorial boards for scientific journals, and review grant proposals for various agencies.",413.0,0.043720451643910155
review procedures in database management system manuals for making changes to database.,70.0,0.007410246041340704
"review project activities and prepare and review research, testing, or operational reports.",53.0,0.005610614859872247
"review property listings, trade journals, and relevant literature, and attend conventions, seminars, and staff and association meetings to remain knowledgeable about real estate markets.",48.0,0.0050813115712050536
"review proposed study protocols to evaluate factors such as sample collection processes, data management plans, and potential subject risks.",48.0,0.0050813115712050536
"review published materials and recommend revisions or changes in scope, format, content, and methods of reproduction and binding.",65.0,0.0068809427526735105
"review records for completeness, accuracy, and compliance with regulations.",95.0,0.010056762484676669
review records or reports for clarity and completeness and maintain records or reports as required under federal law.,18.0,0.0019054918392018953
review reports of securities transactions or price lists to analyze market conditions.,146.0,0.015455656029082039
"review research or literature in art therapy, psychology, or related disciplines.",51.0,0.00539889354440537
review scientific proposals and research papers.,82.0,0.008680573934141967
"review software documentation to ensure technical accuracy, compliance, or completeness, or to mitigate risks.",6010.0,0.6362225529779661
review technical documents to ensure completeness and conformance to requirements.,17.0,0.001799631181468457
"review work orders, blueprints, specifications, or job samples to determine components, settings, and adjustments for cutting and slicing machines.",65.0,0.0068809427526735105
"review written, audio, or video copy and correct errors in content, grammar, or punctuation, following prescribed editorial style and formatting guidelines.",225.0,0.02381864799002369
"review, approve, or interpret genetic laboratory results.",96.0,0.010162623142410107
"review, classify, and record survey data in preparation for computer analysis.",13092.0,1.3859277310461786
"review, evaluate, and approve specifications for issuing and awarding bids.",100.0,0.010586065773343863
"review, recommend, or approve contracts or cost estimates.",17.0,0.001799631181468457
"revise existing marketing plans or campaigns for green products, technologies, or services.",16.0,0.001693770523735018
"revise programs or tapes to eliminate errors, and retest programs to check that problems have been solved.",4353.0,0.4608114431136584
revise work to meet editorial approval or to fit time or space requirements.,22.0,0.00232893447013565
"revise written material to meet personal standards and to satisfy needs of clients, publishers, directors, or producers.",28.0,0.0029640984165362817
scan or read incoming materials to determine how and where they should be classified or filed.,53.0,0.005610614859872247
"schedule and confirm appointments for clients, customers, or supervisors.",575.0,0.06086987819672721
"schedule and confirm patient diagnostic appointments, surgeries, or medical consultations.",58.0,0.006139918148539441
schedule and make appointments.,149.0,0.015773238002282357
schedule appointments and maintain and update appointment calendars.,98.0,0.010374344457876987
schedule appointments for patients.,331.0,0.035039877709768186
schedule appointments for sales representatives to meet with prospective customers or for customers to attend sales presentations.,57.0,0.0060340574908060015
schedule client appointments and accept payments.,16.0,0.001693770523735018
schedule client appointments.,67.0,0.007092664068140388
"schedule or dispatch workers, work crews, equipment, or service vehicles to appropriate locations, according to customer requests, specifications, or needs, using radios or telephones.",59.0,0.006245778806272879
"schedule special events such as camps, conferences, meetings, seminars, or retreats.",15.0,0.0015879098660015795
"screen job applicants, and hire new employees.",71.0,0.007516106699074142
"script, plan, and create animated narrative sequences under tight deadlines, using computer software and hand drawing techniques.",15.0,0.0015879098660015795
"search electronic sources, such as databases or repositories, or manual sources for information.",1931.0,0.20441693008327
"search for specific sets of stored, typed characters to make changes.",953.0,0.100885206819967
search scientific literature to select and modify methods and procedures most appropriate for genetic research goals.,89.0,0.009421598538276038
"search standard reference materials, including online sources and the internet, to answer patrons' reference questions.",731.0,0.07738414080314364
seek and provide information to help companies determine their position in the marketplace.,2834.0,0.30000910401656505
seek out new clients and develop clientele by networking to find new customers and generate lists of prospective clients.,54.0,0.005716475517605686
"select and assemble books, materials, supplies, and equipment for training, courses, or projects.",34.0,0.003599262362936914
"select and assemble equipment and required background properties, according to subjects, materials, and conditions.",25.0,0.002646516443335966
"select and edit documents for publication and display, applying knowledge of subject, literary expression, and presentation techniques.",1361.0,0.14407635517520997
select and obtain materials and supplies such as textbooks and laboratory equipment.,22.0,0.00232893447013565
select and obtain materials and supplies such as textbooks.,32.0,0.003387541047470036
"select and use laboratory, operational, or diagnostic techniques or test equipment to assess electromechanical circuits, equipment, processes, systems, or subsystems.",148.0,0.015667377344548917
select applicants meeting specified job requirements and refer them to hiring personnel.,30.0,0.003175819732003159
"select material most pertinent to presentation, and organize this material into appropriate formats.",82.0,0.008680573934141967
"select methods, techniques, or criteria for data warehousing evaluative procedures.",30.0,0.003175819732003159
"select or assist customers in selecting products based on customer needs, product specifications, and applicable regulations.",171.0,0.018102172472418007
select or direct the execution of trades.,51.0,0.00539889354440537
"select photographs, drawings, sketches, diagrams, and charts to illustrate material.",18.0,0.0019054918392018953
select plays or scripts for production and determine how material should be interpreted and performed.,44.0,0.0046578689402713
"select plays, scripts, books, or ideas to be produced.",85.0,0.008998155907342284
"select program content, in conjunction with producers and assistants, based on factors such as program specialties, audience tastes, or requests from the public.",153.0,0.01619668063321611
"select qualified job applicants or refer them to managers, making hiring recommendations when appropriate.",235.0,0.02487725456735808
select specific investments or investment mixes for purchase by an investment fund.,111.0,0.011750533008411689
select statistical tests for analyzing data.,66.0,0.0069868034104069495
"select the most suitable cleaning materials for different types of linens, furniture, flooring, and surfaces.",27.0,0.002858237758802843
"select, acquire, and maintain programs, music, films, and other needed materials and obtain legal clearances for their use as necessary.",47.0,0.004975450913471615
"sell products, services, or memberships.",20.0,0.0021172131546687727
"sell services or equipment, such as trusts, investments, or check processing services.",53.0,0.005610614859872247
sell travel packages.,22.0,0.00232893447013565
"sell, for a fee, real estate owned by others.",61.0,0.006457500121739756
"serve as liaisons between organizations, shareholders, and outside organizations.",22.0,0.00232893447013565
"set up and conduct chemical experiments, tests, and analyses, using techniques such as chromatography, spectroscopy, physical or chemical separation techniques, or microscopy.",75.0,0.007939549330007898
set up and conduct tests of complete units and components under operational conditions to investigate proposals for improving equipment performance.,29.0,0.0030699590742697203
"set up and operate specialized or standard test equipment to diagnose, test, or analyze the performance of electronic components, assemblies, or systems.",636.0,0.06732737831846697
"set up equipment for employee use, performing or ensuring proper installation of cables, operating systems, or appropriate software.",41.0,0.004340286967070984
"share information about religious issues by writing articles, giving speeches, or teaching.",155.0,0.016408401948682986
show patients to examination rooms and prepare them for the physician.,19.0,0.002011352496935334
"show, rent, or assign accommodations.",92.0,0.009739180511476354
solicit new business.,235.0,0.02487725456735808
solicit sales of new or additional services or products.,71.0,0.007516106699074142
speak foreign languages to communicate with foreign visitors.,30.0,0.003175819732003159
specify inputs accessed by the system and plan the distribution and use of the results.,101.0,0.010691926431077301
specify users and user access levels for each segment of database.,35.0,0.003705123020670352
stain tissue specimens with dyes or other chemicals to make cell details visible under microscopes.,16.0,0.001693770523735018
"stay abreast of changes in import or export laws or regulations by reading current literature, attending meetings or conferences, or conferring with colleagues.",46.0,0.004869590255738177
stay up-to-date on new regulations and current events regarding food science by reviewing scientific literature.,36.0,0.0038109836784037906
"store, retrieve, and manipulate data for analysis of system capabilities and requirements.",5241.0,0.5548157071809519
"structure or negotiate deals, such as corporate mergers, sales, or acquisitions.",108.0,0.011432951035211372
study and analyze information about alternative courses of action to determine which plan will offer the best outcomes.,83.0,0.008786434591875406
"study and interpret religious laws, doctrines, or traditions.",33.0,0.0034934017052034748
"study aquatic plants and animals and environmental conditions affecting them, such as radioactivity or pollution.",66.0,0.0069868034104069495
study archival collections of primary historical sources to help explain the origins and development of cultural patterns.,21.0,0.002223073812402211
"study artistic objects or graphic materials, such as models, sketches, or blueprints, to plan carving or cutting techniques.",28.0,0.0029640984165362817
"study basic principles of plant and animal life, such as origin, relationship, development, anatomy, and function.",216.0,0.022865902070422744
"study blueprints, design specifications, or manufacturers' recommendations to ascertain the configuration of heating or cooling equipment components and to ensure the proper installation of components.",15.0,0.0015879098660015795
"study celestial phenomena, using a variety of ground-based and space-borne telescopes and scientific instruments.",67.0,0.007092664068140388
"study consumers' reactions to new products and package designs, and to advertising efforts, using surveys and tests.",165.0,0.017467008526017375
study documentation or other information for new scientific or technical products.,536.0,0.0567413125451231
"study economic and statistical data in area of specialization, such as finance, labor, or agriculture.",188.0,0.01990180365388646
"study effects of various methods of processing, preserving, or packaging on composition or properties of foods.",22.0,0.00232893447013565
"study methods to improve aspects of foods, such as chemical composition, flavor, color, texture, nutritional value, and convenience.",56.0,0.005928196833072563
"study objects and structures recovered by excavation to identify, date, and authenticate them and to interpret their significance.",33.0,0.0034934017052034748
study the mutations in organisms that lead to cancer or other diseases.,19.0,0.002011352496935334
"study the objectives, promotional policies, or needs of organizations to develop public relations strategies that will influence public opinion or promote ideas, products, or services.",1351.0,0.14301774859787558
study the structure and composition of food or the changes foods undergo in storage and processing.,277.0,0.029323402192162503
"study, examine, and test acquisitions to authenticate their origin, composition, history, and to assess their current value.",1401.0,0.14831078148454752
suggest specific product purchases to meet customers' needs.,129.0,0.013656024847613583
"summarize pertinent legal or insurance details, or sections of statutes or case law from reference books so that they can be used in examinations, or as proofs or ready reference.",49.0,0.0051871722289384935
"supervise and coordinate activities of workers engaged in film editing, assembling, and recording activities.",28.0,0.0029640984165362817
"supply guests or travelers with directions, travel information, and other information, such as available services and points of interest.",44.0,0.0046578689402713
"supply the latest price quotes on any security, as well as information on the activities or financial positions of the corporations issuing these securities.",153.0,0.01619668063321611
"synthesize analyses of test results, and use the results to prepare technical reports of findings and recommendations.",491.0,0.051977582947118364
synthesize current business intelligence or trend data to support recommendations for action.,332.0,0.03514573836750162
take customer orders and convey them to other employees for preparation.,21.0,0.002223073812402211
"take customers' orders and write ordered items on tickets, giving ticket stubs to customers when needed to identify filled orders.",67.0,0.007092664068140388
"take dictation using shorthand, a stenotype machine, or headsets and transcribing machines.",191.0,0.020219385627086778
take dining reservations.,18.0,0.0019054918392018953
take food orders and relay orders to kitchens or serving counters so they can be filled.,82.0,0.008680573934141967
"take orders from customers and cook foods requiring short preparation times, according to customer requirements.",49.0,0.0051871722289384935
"take pictures of individuals, families, and small groups, either in studio or on location.",27.0,0.002858237758802843
take quote requests or orders from dealers or customers.,43.0,0.004552008282537861
teach biomedical engineering or disseminate knowledge about the field through writing or consulting.,18.0,0.0019054918392018953
teach classes and present self-help or information sessions on subjects related to education and career planning.,49.0,0.0051871722289384935
"teach courses or seminars on topics such as budgeting, managing personal finances, or financial literacy.",32.0,0.003387541047470036
teach in colleges and universities.,16.0,0.001693770523735018
teach patient education programs that include information required to make informed health care and treatment decisions.,19.0,0.002011352496935334
teach patients how to deal constructively with their emotions.,99.0,0.010480205115610425
teach political science.,25.0,0.002646516443335966
"teach socially acceptable behavior, employing techniques such as behavior modification or positive reinforcement.",21.0,0.002223073812402211
teach undergraduate level courses.,25.0,0.002646516443335966
telephone or write letters to respond to correspondence from customers or to follow up initial sales contacts.,51.0,0.00539889354440537
"tell jokes, perform comic dances, songs and skits, impersonate mannerisms and voices of others, contort face, and use other devices to amuse audiences.",41.0,0.004340286967070984
"test and analyze samples to determine their content and characteristics, using laboratory apparatus or testing equipment.",1646.0,0.17424664262923997
"test circuits and components of malfunctioning telecommunications equipment to isolate sources of malfunctions, using test meters, circuit diagrams, polarity probes, and other hand tools.",18.0,0.0019054918392018953
test connections to ensure that power supplies are adequate and that communications links function.,22.0,0.00232893447013565
"test equipment performance, focus of lens system, diaphragm alignment, lens mounts, or film transport, using precision gauges.",19.0,0.002011352496935334
"test experimental models under simulated operating conditions for purposes such as development, standardization, or feasibility of design.",17.0,0.001799631181468457
"test gas, chemicals, and air during processing to assess factors such as purity and moisture content, and to detect quality problems or gas or chemical leaks.",20.0,0.0021172131546687727
"test machines, components, materials, or products to determine characteristics such as performance, strength, or response to stress.",1268.0,0.13423131400600016
"test metals to determine conformance to specifications of mechanical strength, strength-weight ratio, ductility, magnetic and electrical properties, and resistance to abrasion, corrosion, heat, and cold.",29.0,0.0030699590742697203
test new and updated bioinformatics tools and software.,46.0,0.004869590255738177
test new food products and equipment.,47.0,0.004975450913471615
"test or calibrate components or equipment, following manufacturers' manuals and troubleshooting techniques, using hand tools, power tools, or measuring devices.",18.0,0.0019054918392018953
"test performance of electromechanical assemblies, using test instruments such as oscilloscopes, electronic voltmeters, or bridges.",66.0,0.0069868034104069495
"test programs or databases, correct errors, and make necessary modifications.",10691.0,1.1317562918281925
"test samples to determine viscosity, acidity, specific gravity, or degree of concentration, using test equipment such as viscometers, ph meters, or hydrometers.",21.0,0.002223073812402211
test security measures for final acceptance and implement or provide procedures for ongoing monitoring and evaluation of the measures.,95.0,0.010056762484676669
"test soils or materials to determine the adequacy and strength of foundations, concrete, asphalt, or steel.",32.0,0.003387541047470036
test system modifications to prepare for implementation.,722.0,0.07643139488354268
"test, maintain, and monitor computer programs and systems, including coordinating the installation of computer programs and systems.",1826.0,0.19330156102125895
"ticket, arrange, and display merchandise to promote sales.",35.0,0.003705123020670352
"track and analyze factors that affect price movement, such as trade policies, weather conditions, political developments, or supply and demand changes.",138.0,0.014608770767214532
track product flow from origin to final delivery.,25.0,0.002646516443335966
track program budgets and expenses and campaign response rates to evaluate each campaign based on program objectives and industry norms.,48.0,0.0050813115712050536
"track the status of requisitions, contracts, and orders.",54.0,0.005716475517605686
"track, compile, and analyze web site usage data.",75.0,0.007939549330007898
train instructors and supervisors in techniques and skills for training and dealing with employees.,17.0,0.001799631181468457
train or instruct employees in job duties or company policies or arrange for training to be provided.,20.0,0.0021172131546687727
train users and answer questions.,18.0,0.0019054918392018953
train users in details of system operation.,17.0,0.001799631181468457
"train workers in food preparation, and in service, sanitation, and safety procedures.",27.0,0.002858237758802843
transcribe medical reports.,99.0,0.010480205115610425
transcribe recorded messages or practitioners' diagnoses or recommendations into patients' medical records.,18.0,0.0019054918392018953
transcribe recorded proceedings in accordance with established formats.,536.0,0.0567413125451231
"translate data into numbers, equations, flow charts, graphs, or other forms.",280.0,0.029640984165362816
"transmit information or documents to customers, using computer, mail, or facsimile machine.",27.0,0.002858237758802843
troubleshoot network or connectivity problems for users or user groups.,1019.0,0.10787201023037397
"troubleshoot problems involving office equipment, such as computer hardware and software.",1907.0,0.2018762742976675
tutor and assist children individually or in small groups to help them master assignments and to reinforce learning concepts presented by teachers.,442.0,0.046790410718179874
"type, file, and duplicate materials.",151.0,0.015984959317749233
update and maintain content posted on the web.,365.0,0.0386391400727051
"update and maintain customer information records, such as beauty services provided.",32.0,0.003387541047470036
update automated test scripts to ensure currency.,559.0,0.05917610767299219
update client address and meter location information.,17.0,0.001799631181468457
"update operational records or licensing information, using computer terminals.",17.0,0.001799631181468457
"upload digital media, such as photos, video, or scanned images to online storefront, auction sites, or other shopping web sites.",19.0,0.002011352496935334
"use computer skills and software to manage web sites or databases, publish newsletters, or provide webinars.",649.0,0.06870356686900167
use computer software to generate new images.,684.0,0.07240868988967203
"use computers for various applications, such as database management or word processing.",3353.0,0.35495078538021974
"use computers, audio-visual aids, and other equipment and materials to supplement presentations.",66.0,0.0069868034104069495
"use data entry devices, such as optical scanners, to input data into computers for revision or editing.",389.0,0.04117979585830763
use informatics science to design or implement health information technology applications to resolve clinical or health care administrative problems.,137.0,0.014502910109481093
"use materials such as pens and ink, watercolors, charcoal, oil, or computer software to create artwork.",246.0,0.0260417218024259
"use mediation techniques to facilitate communication between disputants, to further parties' understanding of different perspectives, and to guide parties toward mutual agreement.",75.0,0.007939549330007898
use models to simulate the behavior of animated objects in the finished sequence.,2149.0,0.22749455346915962
use nondisciplinary tools and equipment such as a computer.,1102.0,0.11665844482224937
"use object-oriented programming languages, as well as client and server applications development processes and multimedia and internet technology.",96.0,0.010162623142410107
"use sales forecasting or strategic planning to ensure the sale and profitability of products, lines, or services, analyzing business developments and monitoring market trends.",31.0,0.003281680389736598
"use the computer in the analysis and solution of business problems, such as development of integrated production and inventory control and cost analysis systems.",447.0,0.04731971400684707
validate known intelligence with data from other sources.,17.0,0.001799631181468457
"verify adherence of documentation to customs, insurance, or regulatory requirements.",144.0,0.015243934713615162
"verify conformance of parts to stock lists or blueprints, using measuring instruments, such as calipers, gauges, or micrometers.",415.0,0.043932172959377035
"verify conformance of patterns or template dimensions to specifications, using measuring instruments such as calipers, scales, and micrometers.",42.0,0.004446147624804422
"verify dimensions and contours of models during hand-forming processes, using templates and measuring devices.",20.0,0.0021172131546687727
"verify dimensions of completed patterns, using templates, straightedges, calipers, or protractors.",43.0,0.004552008282537861
"verify dimensions of products, using measuring instruments, such as calipers, vernier gauges, or protractors.",75.0,0.007939549330007898
"verify dimensions, alignments, and clearances of finished parts for conformance to specifications, using measuring instruments such as calipers, gauge blocks, micrometers, and dial indicators.",38.0,0.004022704993870668
"verify stability, interoperability, portability, security, or scalability of system architecture.",32.0,0.003387541047470036
"verify that all firm and regulatory policies and procedures have been documented, implemented, and communicated.",31.0,0.003281680389736598
verify that software technology is in place to adequately provide oversight and monitoring in all required areas.,36.0,0.0038109836784037906
"weigh or measure materials and products, using scales or other measuring instruments, or read scales on conveyors that continually weigh products, to verify specified tonnages and prevent overloads.",15.0,0.0015879098660015795
"weigh or measure materials, equipment, or products to maintain relevant records, using volume meters, scales, rules, or calipers.",54.0,0.005716475517605686
"work as part of a healthcare team to assess patient needs, plan and modify care, and implement interventions.",18.0,0.0019054918392018953
write about and present research findings for a variety of specialized and general audiences.,65.0,0.0068809427526735105
"write advertising copy for use by publication, broadcast, or internet media to promote the sale of goods and services.",2731.0,0.2891054562700209
write and code logical and physical database descriptions and specify identifiers of database to management system or direct others in coding descriptions.,65.0,0.0068809427526735105
write and edit news stories from information collected by reporters and other sources.,330.0,0.03493401705203475
write and present reports of research findings.,44.0,0.0046578689402713
write and record orders for merchandise or enter orders into computers.,98.0,0.010374344457876987
"write and review product specifications, maintaining a working technical knowledge of the goods or services to be purchased.",121.0,0.012809139585746074
write articles and books.,16.0,0.001693770523735018
"write articles, bulletins, sales letters, speeches, and other related informative, marketing and promotional material.",255.0,0.026994467722026853
"write articles, manuals, and other publications and assist in the distribution of promotional literature about programs and facilities.",24.0,0.0025406557856025268
"write articles, manuals, and other publications, and assist in the distribution of promotional literature about facilities and programs.",41.0,0.004340286967070984
"write articles, white papers, and reports to share research findings and educate others.",89.0,0.009421598538276038
"write changes directly into compositions, or use computer software to make changes.",99.0,0.010480205115610425
write computer or microprocessor software programs.,590.0,0.062457788062728795
write computer programs or scripts to be used in querying databases.,2138.0,0.22633008623409182
write detailed analysis plans and descriptions of analyses and findings for research protocols or reports.,265.0,0.028053074299361234
write detailed functional specifications that document the hardware development process and support hardware introduction.,91.0,0.009633319853742914
"write drafts of legislative proposals, and prepare speeches, correspondence, and policy papers for governmental use.",40.0,0.0042344263093375455
write engineering specifications to clarify design details or functional criteria of experimental electronics units.,21.0,0.002223073812402211
"write humorous material for publication, or for performances such as comedy routines, gags, and comedy shows.",239.0,0.02530069719829183
write information in medical records or provide narrative summaries to communicate patient information to other health care providers.,37.0,0.003916844336137229
write instructional articles on designated subjects.,64.0,0.006775082094940072
"write interesting and effective press releases, prepare information for media kits, and develop and maintain company internet or intranet web pages.",245.0,0.02593586114469246
"write narrative, dramatic, lyric, or other types of poetry for publication.",1387.0,0.14682873227627938
"write new programs or modify existing programs to meet customer requirements, using current programming languages and technologies.",40678.0,4.306199835280817
"write or review security-related documents, such as incident reports, proposals, and tactical or strategic initiatives.",57.0,0.0060340574908060015
"write original or adapted material for dramas, comedies, puppet shows, narration, or other performances.",4551.0,0.48177185334487926
write press releases or other media communications to promote clients.,159.0,0.016831844579616742
write program code to analyze data using statistical analysis software.,477.0,0.05049553373885023
"write programs in the language of a machine's controller and store programs on media such as punch tapes, magnetic tapes, or disks.",342.0,0.036204344944836014
write reports on clients and maintain required paperwork.,22.0,0.00232893447013565
write reports on research findings and implications to contribute to general knowledge and to suggest potential changes in organizational functioning.,365.0,0.0386391400727051
write reports or notes to summarize testing procedures or outcomes for physicians or other medical professionals.,40.0,0.0042344263093375455
"write reports or record data on testing techniques, laboratory equipment, or specifications to assist engineers.",78.0,0.008257131303208213
write reports or research proposals.,102.0,0.01079778708881074
"write reports to summarize student performance, social growth, or physical development.",63.0,0.006669221437206634
"write reports, maintain research information, or perform clerical duties.",285.0,0.03017028745403001
write research reports and other publications to document and communicate research findings.,153.0,0.01619668063321611
"write reviews of literary, musical, or other artwork, based on knowledge, judgment, or experience.",241.0,0.025512418513758708
write sales outlines for use by staff.,133.0,0.014079467478547337
"write software programs for microcontrollers or computers in machine, assembly, or other languages.",57.0,0.0060340574908060015
"write speeches, press releases, or other promotional materials to increase awareness of the causes, missions, or goals of organizations seeking funds.",17.0,0.001799631181468457
write supporting code for web applications or web sites.,3167.0,0.33526070304180017
write technical documents or academic articles to communicate study results or economic forecasts.,82.0,0.008680573934141967
"write technical reports or other documentation, such as handbooks or bulletins, for use by engineering staff, management, or customers.",80.0,0.008468852618675091
write to customers in their terms and on their level so that the advertiser's sales message is more readily received.,22.0,0.00232893447013565
"write, analyze, review, and rewrite programs, using workflow chart and diagram, and applying knowledge of computer capabilities, subject matter, and symbolic logic.",6535.0,0.6917993982880215
"write, design, or edit web page content, or direct others producing content.",2451.0,0.25946447210465806
"write, present, and publish reports that record site history, methodology, and artifact analysis results, along with recommendations for conserving and interpreting findings.",5891.0,0.623625134707687
"write, review, or maintain engineering documentation.",109.0,0.01153881169294481
"write, update, and maintain computer programs or software packages to handle specific jobs such as tracking inventory, storing or retrieving data, or controlling other equipment.",11695.0,1.238040392192565
