task_name,collaboration,count,pct
access computerized financial information to answer general questions as well as those related to specific accounts.,directive,23.0,79.3103448275862
access computerized financial information to answer general questions as well as those related to specific accounts.,not_classified,6.0,20.689655172413794
act as an intermediary in negotiations between buyers and sellers over property prices and settlement details and during the closing of sales.,directive,52.0,80.0
act as an intermediary in negotiations between buyers and sellers over property prices and settlement details and during the closing of sales.,not_classified,13.0,20.0
"act as an intermediary in negotiations between buyers and sellers, generally representing one or the other.",directive,90.0,90.0
"act as an intermediary in negotiations between buyers and sellers, generally representing one or the other.",not_classified,10.0,10.0
adapt instructional content or delivery methods for different levels or types of learners.,directive,137.0,82.03592814371258
adapt instructional content or delivery methods for different levels or types of learners.,not_classified,30.0,17.964071856287426
adapt teaching methods and instructional materials to meet students' varying needs and interests.,directive,28.0,71.7948717948718
adapt teaching methods and instructional materials to meet students' varying needs and interests.,not_classified,11.0,28.205128205128204
adapt text to accommodate musical requirements of composers and singers.,directive,32.0,88.88888888888889
adapt text to accommodate musical requirements of composers and singers.,not_classified,4.0,11.11111111111111
"adapt translations to students' cognitive and grade levels, collaborating with educational team members as necessary.",directive,43.0,97.72727272727273
"adapt translations to students' cognitive and grade levels, collaborating with educational team members as necessary.",not_classified,1.0,2.272727272727273
"address the relationships of quantities, magnitudes, and forms through the use of numbers and symbols.",directive,387.0,81.13207547169812
"address the relationships of quantities, magnitudes, and forms through the use of numbers and symbols.",learning,16.0,3.3542976939203357
"address the relationships of quantities, magnitudes, and forms through the use of numbers and symbols.",none,23.0,4.821802935010482
"address the relationships of quantities, magnitudes, and forms through the use of numbers and symbols.",not_classified,10.0,2.0964360587002098
"address the relationships of quantities, magnitudes, and forms through the use of numbers and symbols.",task iteration,17.0,3.563941299790356
"address the relationships of quantities, magnitudes, and forms through the use of numbers and symbols.",validation,24.0,5.031446540880504
"administer and score applicant and employee aptitude, personality, and interest assessment instruments.",not_classified,17.0,100.0
administer document and system access rights and revision control to ensure security of system and integrity of master documents.,directive,41.0,63.07692307692307
administer document and system access rights and revision control to ensure security of system and integrity of master documents.,not_classified,24.0,36.92307692307693
"administer highway planning, construction, or maintenance.",directive,31.0,86.11111111111111
"administer highway planning, construction, or maintenance.",not_classified,5.0,13.88888888888889
administer online purchasing systems.,directive,189.0,79.74683544303798
administer online purchasing systems.,none,21.0,8.860759493670885
administer online purchasing systems.,not_classified,27.0,11.39240506329114
administer standardized ability and achievement tests and interpret results to determine students' strengths and areas of need.,directive,79.0,82.29166666666666
administer standardized ability and achievement tests and interpret results to determine students' strengths and areas of need.,not_classified,17.0,17.708333333333336
"administer, dispense, or prescribe natural medicines such as food or botanical extracts, herbs, dietary supplements, vitamins, nutraceuticals, and amino acids.",not_classified,17.0,100.0
"administer, proctor, or score academic or diagnostic assessments.",directive,284.0,66.82352941176471
"administer, proctor, or score academic or diagnostic assessments.",learning,20.0,4.705882352941177
"administer, proctor, or score academic or diagnostic assessments.",none,35.0,8.235294117647058
"administer, proctor, or score academic or diagnostic assessments.",not_classified,6.0,1.411764705882353
"administer, proctor, or score academic or diagnostic assessments.",validation,80.0,18.823529411764707
advise and teach students.,not_classified,16.0,100.0
"advise business or other groups on local, national, or international factors affecting the buying or selling of products or services.",directive,29.0,74.35897435897436
"advise business or other groups on local, national, or international factors affecting the buying or selling of products or services.",not_classified,10.0,25.64102564102564
"advise clients concerning business transactions, claim liability, advisability of prosecuting or defending lawsuits, or legal rights and obligations.",directive,19.0,47.5
"advise clients concerning business transactions, claim liability, advisability of prosecuting or defending lawsuits, or legal rights and obligations.",learning,17.0,42.5
"advise clients concerning business transactions, claim liability, advisability of prosecuting or defending lawsuits, or legal rights and obligations.",not_classified,4.0,10.0
advise clients on how they could be helped by counseling.,directive,57.0,30.978260869565215
advise clients on how they could be helped by counseling.,learning,44.0,23.91304347826087
advise clients on how they could be helped by counseling.,none,66.0,35.869565217391305
advise clients on how they could be helped by counseling.,not_classified,17.0,9.239130434782608
"advise clients on market conditions, prices, mortgages, legal requirements and related matters.",directive,167.0,71.98275862068965
"advise clients on market conditions, prices, mortgages, legal requirements and related matters.",learning,31.0,13.36206896551724
"advise clients on market conditions, prices, mortgages, legal requirements and related matters.",not_classified,34.0,14.655172413793101
advise corporations on issues involving corporate image projects or problems.,directive,790.0,98.2587064676617
advise corporations on issues involving corporate image projects or problems.,not_classified,14.0,1.7412935323383085
advise customer about or perform maintenance of software system.,not_classified,20.0,100.0
"advise customers concerning equipment operation, maintenance, or programming.",not_classified,20.0,100.0
advise customers of necessary actions and strategies for debt repayment.,directive,23.0,69.6969696969697
advise customers of necessary actions and strategies for debt repayment.,not_classified,10.0,30.303030303030305
"advise food service managers and organizations on sanitation, safety procedures, menu development, budgeting, and planning to assist with the establishment, operation, and evaluation of food service facilities and nutrition programs.",directive,18.0,100.0
"advise management concerning personnel, managerial, and marketing policies and practices and their potential effects on organizational effectiveness and efficiency.",directive,39.0,65.0
"advise management concerning personnel, managerial, and marketing policies and practices and their potential effects on organizational effectiveness and efficiency.",not_classified,21.0,35.0
"advise management regarding customer satisfaction, product performance, or suggestions for product improvements.",directive,49.0,92.45283018867924
"advise management regarding customer satisfaction, product performance, or suggestions for product improvements.",not_classified,4.0,7.547169811320755
advise or assist in obtaining patents or meeting other legal requirements.,directive,22.0,81.48148148148148
advise or assist in obtaining patents or meeting other legal requirements.,not_classified,5.0,18.51851851851852
"advise or instruct patients regarding preventive dental care, the causes and treatment of dental problems, or oral health care services.",directive,57.0,64.77272727272727
"advise or instruct patients regarding preventive dental care, the causes and treatment of dental problems, or oral health care services.",learning,15.0,17.045454545454543
"advise or instruct patients regarding preventive dental care, the causes and treatment of dental problems, or oral health care services.",not_classified,16.0,18.181818181818183
"advise patients and their families on nutritional principles, dietary plans and diet modifications, and food selection and preparation.",not_classified,22.0,100.0
advise students on academic and vocational curricula and career issues.,not_classified,22.0,100.0
advise students on academic and vocational curricula and on career issues.,directive,35.0,41.66666666666667
advise students on academic and vocational curricula and on career issues.,learning,21.0,25.0
advise students on academic and vocational curricula and on career issues.,none,17.0,20.238095238095237
advise students on academic and vocational curricula and on career issues.,not_classified,11.0,13.095238095238097
"advise students on academic and vocational curricula, and on career issues.",not_classified,25.0,100.0
"advise students on academic and vocational curricula, career issues, and laboratory and field research.",not_classified,16.0,100.0
"align, adjust, or calibrate equipment according to specifications.",not_classified,19.0,100.0
analyze all aspects of corporate logistics to determine the most cost-effective or efficient means of transporting products or supplies.,directive,116.0,93.54838709677419
analyze all aspects of corporate logistics to determine the most cost-effective or efficient means of transporting products or supplies.,not_classified,8.0,6.451612903225806
"analyze and characterize user experiences and institutional settings to assist consumer product developers, technology developers, and software engineers with the design of innovative products and services.",directive,20.0,100.0
analyze and classify risks and investments to determine their potential impacts on companies.,directive,314.0,96.31901840490798
analyze and classify risks and investments to determine their potential impacts on companies.,not_classified,12.0,3.6809815950920246
analyze and evaluate patient data or test findings to diagnose nature or extent of mental disorder.,not_classified,17.0,100.0
analyze and evaluate robotic systems or prototypes.,not_classified,31.0,100.0
"analyze and evaluate security operations to identify risks or opportunities for improvement through auditing, review, or assessment.",directive,1051.0,55.87453482190325
"analyze and evaluate security operations to identify risks or opportunities for improvement through auditing, review, or assessment.",feedback loop,39.0,2.073365231259968
"analyze and evaluate security operations to identify risks or opportunities for improvement through auditing, review, or assessment.",learning,35.0,1.8607123870281765
"analyze and evaluate security operations to identify risks or opportunities for improvement through auditing, review, or assessment.",none,532.0,28.28282828282828
"analyze and evaluate security operations to identify risks or opportunities for improvement through auditing, review, or assessment.",not_classified,14.0,0.7442849548112705
"analyze and evaluate security operations to identify risks or opportunities for improvement through auditing, review, or assessment.",validation,210.0,11.164274322169058
"analyze and interpret patient, nursing, or information systems data to improve nursing services.",directive,27.0,72.97297297297297
"analyze and interpret patient, nursing, or information systems data to improve nursing services.",not_classified,10.0,27.027027027027028
"analyze and interpret patients' histories, symptoms, physical findings, or diagnostic information to develop appropriate diagnoses.",directive,225.0,48.283261802575105
"analyze and interpret patients' histories, symptoms, physical findings, or diagnostic information to develop appropriate diagnoses.",learning,17.0,3.648068669527897
"analyze and interpret patients' histories, symptoms, physical findings, or diagnostic information to develop appropriate diagnoses.",not_classified,18.0,3.862660944206009
"analyze and interpret patients' histories, symptoms, physical findings, or diagnostic information to develop appropriate diagnoses.",task iteration,20.0,4.291845493562231
"analyze and interpret patients' histories, symptoms, physical findings, or diagnostic information to develop appropriate diagnoses.",validation,186.0,39.91416309012876
"analyze and interpret results from tests such as microbial or parasite tests, urine analyses, hormonal assays, fine needle aspirations (fnas), and polymerase chain reactions (pcrs).",directive,633.0,60.57416267942584
"analyze and interpret results from tests such as microbial or parasite tests, urine analyses, hormonal assays, fine needle aspirations (fnas), and polymerase chain reactions (pcrs).",none,169.0,16.172248803827753
"analyze and interpret results from tests such as microbial or parasite tests, urine analyses, hormonal assays, fine needle aspirations (fnas), and polymerase chain reactions (pcrs).",not_classified,25.0,2.3923444976076556
"analyze and interpret results from tests such as microbial or parasite tests, urine analyses, hormonal assays, fine needle aspirations (fnas), and polymerase chain reactions (pcrs).",validation,218.0,20.861244019138756
analyze and record personnel or operational data and write related activity reports.,not_classified,15.0,100.0
"analyze and record test data to issue reports that use charts, graphs, or narratives.",directive,1741.0,69.8075380914194
"analyze and record test data to issue reports that use charts, graphs, or narratives.",feedback loop,21.0,0.8420208500400962
"analyze and record test data to issue reports that use charts, graphs, or narratives.",learning,28.0,1.1226944667201284
"analyze and record test data to issue reports that use charts, graphs, or narratives.",none,385.0,15.437048917401764
"analyze and record test data to issue reports that use charts, graphs, or narratives.",task iteration,23.0,0.9222133119486768
"analyze and record test data to issue reports that use charts, graphs, or narratives.",validation,296.0,11.868484362469928
analyze and report computer network security breaches or attempted breaches.,directive,487.0,71.72312223858616
analyze and report computer network security breaches or attempted breaches.,none,105.0,15.463917525773196
analyze and report computer network security breaches or attempted breaches.,not_classified,26.0,3.829160530191458
analyze and report computer network security breaches or attempted breaches.,validation,61.0,8.98379970544919
"analyze applicants' financial status, credit, and property evaluations to determine feasibility of granting loans.",directive,18.0,94.73684210526315
"analyze applicants' financial status, credit, and property evaluations to determine feasibility of granting loans.",not_classified,1.0,5.263157894736842
"analyze archival data such as birth, death, and disease records.",not_classified,16.0,100.0
analyze available data and consult with other scientists to determine parameters of experimentation and suitability of analytical models.,directive,103.0,75.73529411764706
analyze available data and consult with other scientists to determine parameters of experimentation and suitability of analytical models.,none,19.0,13.970588235294118
analyze available data and consult with other scientists to determine parameters of experimentation and suitability of analytical models.,not_classified,14.0,10.294117647058822
"analyze business operations, trends, costs, revenues, financial commitments, and obligations to project future revenues and expenses or to provide advice.",directive,113.0,76.87074829931973
"analyze business operations, trends, costs, revenues, financial commitments, and obligations to project future revenues and expenses or to provide advice.",not_classified,18.0,12.244897959183673
"analyze business operations, trends, costs, revenues, financial commitments, and obligations to project future revenues and expenses or to provide advice.",task iteration,16.0,10.884353741496598
analyze characteristics of animals to identify and classify them.,directive,1545.0,89.04899135446685
analyze characteristics of animals to identify and classify them.,learning,22.0,1.2680115273775217
analyze characteristics of animals to identify and classify them.,none,90.0,5.187319884726225
analyze characteristics of animals to identify and classify them.,not_classified,2.0,0.11527377521613834
analyze characteristics of animals to identify and classify them.,task iteration,15.0,0.8645533141210375
analyze characteristics of animals to identify and classify them.,validation,61.0,3.515850144092219
analyze clinical data using appropriate statistical tools.,not_classified,15.0,100.0
"analyze clinical or survey data using statistical approaches such as longitudinal analysis, mixed effect modeling, logistic regression analyses, and model building techniques.",not_classified,15.0,100.0
"analyze competitive market strategies through analysis of related product, market, or share trends.",directive,80.0,83.33333333333334
"analyze competitive market strategies through analysis of related product, market, or share trends.",not_classified,16.0,16.666666666666664
"analyze complex systems to determine potential for further development, production, interoperability, compatibility, or usefulness in a particular area, such as aviation.",directive,75.0,66.96428571428571
"analyze complex systems to determine potential for further development, production, interoperability, compatibility, or usefulness in a particular area, such as aviation.",learning,17.0,15.178571428571427
"analyze complex systems to determine potential for further development, production, interoperability, compatibility, or usefulness in a particular area, such as aviation.",not_classified,20.0,17.857142857142858
"analyze computer and information technologies to determine applicability to nursing practice, education, administration and research.",directive,18.0,78.26086956521739
"analyze computer and information technologies to determine applicability to nursing practice, education, administration and research.",not_classified,5.0,21.73913043478261
"analyze corporate intelligence data to identify trends, patterns, or warnings indicating threats to security of people, assets, information, or infrastructure.",directive,451.0,87.2340425531915
"analyze corporate intelligence data to identify trends, patterns, or warnings indicating threats to security of people, assets, information, or infrastructure.",learning,16.0,3.0947775628626695
"analyze corporate intelligence data to identify trends, patterns, or warnings indicating threats to security of people, assets, information, or infrastructure.",none,29.0,5.609284332688588
"analyze corporate intelligence data to identify trends, patterns, or warnings indicating threats to security of people, assets, information, or infrastructure.",not_classified,5.0,0.9671179883945842
"analyze corporate intelligence data to identify trends, patterns, or warnings indicating threats to security of people, assets, information, or infrastructure.",validation,16.0,3.0947775628626695
analyze credit data and financial statements to determine the degree of risk involved in extending credit or lending money.,directive,62.0,96.875
analyze credit data and financial statements to determine the degree of risk involved in extending credit or lending money.,not_classified,2.0,3.125
"analyze data from surveys, old records, or case studies, using statistical software.",directive,390.0,82.4524312896406
"analyze data from surveys, old records, or case studies, using statistical software.",none,48.0,10.14799154334038
"analyze data from surveys, old records, or case studies, using statistical software.",not_classified,35.0,7.399577167019028
"analyze data such as interview notes, test results, and reference manuals to identify symptoms and to diagnose the nature of clients' problems.",directive,50.0,63.29113924050633
"analyze data such as interview notes, test results, and reference manuals to identify symptoms and to diagnose the nature of clients' problems.",not_classified,29.0,36.708860759493675
analyze data to assess distance learning program status or to inform decisions for distance learning programs.,directive,21.0,87.5
analyze data to assess distance learning program status or to inform decisions for distance learning programs.,not_classified,3.0,12.5
analyze data to determine answers to questions from customers or members of the public.,directive,771.0,84.91189427312776
analyze data to determine answers to questions from customers or members of the public.,none,87.0,9.581497797356828
analyze data to determine answers to questions from customers or members of the public.,not_classified,7.0,0.7709251101321586
analyze data to determine answers to questions from customers or members of the public.,validation,43.0,4.73568281938326
analyze data to determine feasibility of product proposals.,directive,153.0,95.625
analyze data to determine feasibility of product proposals.,not_classified,7.0,4.375
analyze data to determine the effectiveness of treatments or therapy approaches.,directive,27.0,79.41176470588235
analyze data to determine the effectiveness of treatments or therapy approaches.,not_classified,7.0,20.588235294117645
"analyze data to determine validity, quality, and scientific significance and to interpret correlations between human activities and environmental effects.",directive,25.0,89.28571428571429
"analyze data to determine validity, quality, and scientific significance and to interpret correlations between human activities and environmental effects.",not_classified,3.0,10.714285714285714
"analyze determinants responsible for specific inherited traits, and devise methods for altering traits or producing new traits.",directive,23.0,88.46153846153845
"analyze determinants responsible for specific inherited traits, and devise methods for altering traits or producing new traits.",not_classified,3.0,11.538461538461538
analyze developments in specific field to determine need for revisions in previously published materials and development of new material.,directive,241.0,80.60200668896321
analyze developments in specific field to determine need for revisions in previously published materials and development of new material.,learning,20.0,6.688963210702341
analyze developments in specific field to determine need for revisions in previously published materials and development of new material.,none,31.0,10.367892976588628
analyze developments in specific field to determine need for revisions in previously published materials and development of new material.,not_classified,7.0,2.341137123745819
"analyze electronics system requirements, capacity, cost, or customer needs to determine project feasibility.",directive,18.0,72.0
"analyze electronics system requirements, capacity, cost, or customer needs to determine project feasibility.",not_classified,7.0,28.000000000000004
analyze equipment performance records to assess equipment functioning.,directive,27.0,56.25
analyze equipment performance records to assess equipment functioning.,not_classified,21.0,43.75
"analyze expenditures and other financial information to develop plans, policies, or budgets for increasing profits or improving services.",directive,37.0,84.0909090909091
"analyze expenditures and other financial information to develop plans, policies, or budgets for increasing profits or improving services.",not_classified,7.0,15.909090909090908
analyze experimental data and interpret results to write reports and summaries of findings.,directive,1312.0,64.72619634928466
analyze experimental data and interpret results to write reports and summaries of findings.,feedback loop,48.0,2.3680315737543167
analyze experimental data and interpret results to write reports and summaries of findings.,learning,102.0,5.032067094227923
analyze experimental data and interpret results to write reports and summaries of findings.,none,280.0,13.813517513566847
analyze experimental data and interpret results to write reports and summaries of findings.,task iteration,37.0,1.8253576714356192
analyze experimental data and interpret results to write reports and summaries of findings.,validation,248.0,12.234829797730637
"analyze financial data to detect irregularities in areas such as billing trends, financial relationships, and regulatory compliance procedures.",directive,31.0,81.57894736842105
"analyze financial data to detect irregularities in areas such as billing trends, financial relationships, and regulatory compliance procedures.",not_classified,7.0,18.421052631578945
analyze financial information obtained from clients to determine strategies for meeting clients' financial objectives.,directive,315.0,87.5
analyze financial information obtained from clients to determine strategies for meeting clients' financial objectives.,not_classified,45.0,12.5
analyze financial or operational performance of companies facing financial difficulties to identify or recommend remedies.,directive,51.0,87.93103448275862
analyze financial or operational performance of companies facing financial difficulties to identify or recommend remedies.,not_classified,7.0,12.068965517241379
"analyze geographic information systems (gis) data to identify spatial relationships or display results of analyses, using maps, graphs, or tabular data.",directive,45.0,83.33333333333334
"analyze geographic information systems (gis) data to identify spatial relationships or display results of analyses, using maps, graphs, or tabular data.",not_classified,9.0,16.666666666666664
analyze information gathered by investigation and report findings and recommendations.,directive,18.0,81.81818181818183
analyze information gathered by investigation and report findings and recommendations.,not_classified,4.0,18.181818181818183
analyze information obtained from management to conceptualize and define operational problems.,directive,770.0,89.22363847045192
analyze information obtained from management to conceptualize and define operational problems.,learning,22.0,2.549246813441483
analyze information obtained from management to conceptualize and define operational problems.,none,27.0,3.1286210892236386
analyze information obtained from management to conceptualize and define operational problems.,not_classified,5.0,0.5793742757821553
analyze information obtained from management to conceptualize and define operational problems.,task iteration,20.0,2.317497103128621
analyze information obtained from management to conceptualize and define operational problems.,validation,19.0,2.20162224797219
"analyze information processing or computation needs and plan and design computer systems, using techniques such as structured analysis, data modeling and information engineering.",directive,255.0,74.34402332361516
"analyze information processing or computation needs and plan and design computer systems, using techniques such as structured analysis, data modeling and information engineering.",learning,18.0,5.247813411078718
"analyze information processing or computation needs and plan and design computer systems, using techniques such as structured analysis, data modeling and information engineering.",none,28.0,8.16326530612245
"analyze information processing or computation needs and plan and design computer systems, using techniques such as structured analysis, data modeling and information engineering.",not_classified,10.0,2.9154518950437316
"analyze information processing or computation needs and plan and design computer systems, using techniques such as structured analysis, data modeling and information engineering.",task iteration,32.0,9.329446064139942
"analyze information to determine, recommend, and plan computer specifications and layouts, and peripheral equipment modifications.",directive,214.0,68.15286624203821
"analyze information to determine, recommend, and plan computer specifications and layouts, and peripheral equipment modifications.",learning,60.0,19.10828025477707
"analyze information to determine, recommend, and plan computer specifications and layouts, and peripheral equipment modifications.",none,22.0,7.006369426751593
"analyze information to determine, recommend, and plan computer specifications and layouts, and peripheral equipment modifications.",not_classified,18.0,5.7324840764331215
"analyze information to determine, recommend, and plan installation of a new system or modification of an existing system.",directive,80.0,51.28205128205128
"analyze information to determine, recommend, and plan installation of a new system or modification of an existing system.",feedback loop,32.0,20.51282051282051
"analyze information to determine, recommend, and plan installation of a new system or modification of an existing system.",not_classified,44.0,28.205128205128204
"analyze information to determine, recommend, and plan layout, including type of computers and peripheral equipment modifications.",directive,362.0,68.43100189035917
"analyze information to determine, recommend, and plan layout, including type of computers and peripheral equipment modifications.",feedback loop,52.0,9.829867674858223
"analyze information to determine, recommend, and plan layout, including type of computers and peripheral equipment modifications.",learning,58.0,10.964083175803403
"analyze information to determine, recommend, and plan layout, including type of computers and peripheral equipment modifications.",none,23.0,4.3478260869565215
"analyze information to determine, recommend, and plan layout, including type of computers and peripheral equipment modifications.",not_classified,6.0,1.1342155009451798
"analyze information to determine, recommend, and plan layout, including type of computers and peripheral equipment modifications.",task iteration,28.0,5.293005671077505
"analyze job requirements and content to establish criteria for classification, selection, training, and other related personnel functions.",directive,48.0,100.0
analyze laboratory findings to check the accuracy of the results.,directive,61.0,23.92156862745098
analyze laboratory findings to check the accuracy of the results.,none,28.0,10.980392156862745
analyze laboratory findings to check the accuracy of the results.,not_classified,9.0,3.5294117647058822
analyze laboratory findings to check the accuracy of the results.,validation,157.0,61.568627450980394
"analyze large molecular datasets such as raw microarray data, genomic sequence data, and proteomics data for clinical or basic research purposes.",directive,325.0,84.63541666666666
"analyze large molecular datasets such as raw microarray data, genomic sequence data, and proteomics data for clinical or basic research purposes.",learning,20.0,5.208333333333334
"analyze large molecular datasets such as raw microarray data, genomic sequence data, and proteomics data for clinical or basic research purposes.",not_classified,24.0,6.25
"analyze large molecular datasets such as raw microarray data, genomic sequence data, and proteomics data for clinical or basic research purposes.",task iteration,15.0,3.90625
analyze market conditions to determine optimum times to execute securities transactions.,directive,784.0,92.23529411764706
analyze market conditions to determine optimum times to execute securities transactions.,learning,37.0,4.352941176470588
analyze market conditions to determine optimum times to execute securities transactions.,not_classified,29.0,3.4117647058823533
"analyze network data to determine network usage, disk space availability, or server function.",directive,47.0,64.38356164383562
"analyze network data to determine network usage, disk space availability, or server function.",not_classified,26.0,35.61643835616438
"analyze operations to evaluate performance of a company or its staff in meeting objectives or to determine areas of potential cost reduction, program improvement, or policy change.",directive,1494.0,85.32267275842375
"analyze operations to evaluate performance of a company or its staff in meeting objectives or to determine areas of potential cost reduction, program improvement, or policy change.",feedback loop,34.0,1.9417475728155338
"analyze operations to evaluate performance of a company or its staff in meeting objectives or to determine areas of potential cost reduction, program improvement, or policy change.",learning,39.0,2.227298686464877
"analyze operations to evaluate performance of a company or its staff in meeting objectives or to determine areas of potential cost reduction, program improvement, or policy change.",none,53.0,3.026841804683038
"analyze operations to evaluate performance of a company or its staff in meeting objectives or to determine areas of potential cost reduction, program improvement, or policy change.",task iteration,68.0,3.8834951456310676
"analyze operations to evaluate performance of a company or its staff in meeting objectives or to determine areas of potential cost reduction, program improvement, or policy change.",validation,63.0,3.597944031981725
analyze or evaluate dental needs to determine changes or trends in patterns of dental disease.,directive,15.0,62.5
analyze or evaluate dental needs to determine changes or trends in patterns of dental disease.,not_classified,9.0,37.5
"analyze or interpret logistics data involving customer service, forecasting, procurement, manufacturing, inventory, transportation, or warehousing.",directive,471.0,96.71457905544148
"analyze or interpret logistics data involving customer service, forecasting, procurement, manufacturing, inventory, transportation, or warehousing.",not_classified,16.0,3.285420944558522
"analyze or manipulate bioinformatics data using software packages, statistical applications, or data mining techniques.",directive,26.0,81.25
"analyze or manipulate bioinformatics data using software packages, statistical applications, or data mining techniques.",not_classified,6.0,18.75
analyze or synthesize client data to draw conclusions or make recommendations for therapy.,directive,57.0,80.28169014084507
analyze or synthesize client data to draw conclusions or make recommendations for therapy.,not_classified,14.0,19.718309859154928
"analyze organic or inorganic compounds to determine chemical or physical properties, composition, structure, relationships, or reactions, using chromatography, spectroscopy, or spectrophotometry techniques.",directive,1168.0,75.11254019292605
"analyze organic or inorganic compounds to determine chemical or physical properties, composition, structure, relationships, or reactions, using chromatography, spectroscopy, or spectrophotometry techniques.",feedback loop,25.0,1.607717041800643
"analyze organic or inorganic compounds to determine chemical or physical properties, composition, structure, relationships, or reactions, using chromatography, spectroscopy, or spectrophotometry techniques.",learning,83.0,5.337620578778135
"analyze organic or inorganic compounds to determine chemical or physical properties, composition, structure, relationships, or reactions, using chromatography, spectroscopy, or spectrophotometry techniques.",none,79.0,5.080385852090032
"analyze organic or inorganic compounds to determine chemical or physical properties, composition, structure, relationships, or reactions, using chromatography, spectroscopy, or spectrophotometry techniques.",task iteration,23.0,1.4790996784565917
"analyze organic or inorganic compounds to determine chemical or physical properties, composition, structure, relationships, or reactions, using chromatography, spectroscopy, or spectrophotometry techniques.",validation,177.0,11.382636655948552
"analyze organizational, occupational, and industrial data to facilitate organizational functions and provide technical information to business, industry, and government.",directive,3976.0,70.23494082317612
"analyze organizational, occupational, and industrial data to facilitate organizational functions and provide technical information to business, industry, and government.",feedback loop,48.0,0.8479067302596714
"analyze organizational, occupational, and industrial data to facilitate organizational functions and provide technical information to business, industry, and government.",learning,145.0,2.5613849143260907
"analyze organizational, occupational, and industrial data to facilitate organizational functions and provide technical information to business, industry, and government.",none,1109.0,19.590178413707825
"analyze organizational, occupational, and industrial data to facilitate organizational functions and provide technical information to business, industry, and government.",task iteration,53.0,0.9362303479950538
"analyze organizational, occupational, and industrial data to facilitate organizational functions and provide technical information to business, industry, and government.",validation,330.0,5.829358770535241
analyze patrons' hair and other physical features to determine and recommend beauty treatment or suggest hair styles.,directive,22.0,53.65853658536586
analyze patrons' hair and other physical features to determine and recommend beauty treatment or suggest hair styles.,not_classified,19.0,46.34146341463415
analyze patrons' requests to determine needed information and assist in furnishing or locating that information.,directive,55.0,69.62025316455697
analyze patrons' requests to determine needed information and assist in furnishing or locating that information.,learning,19.0,24.050632911392405
analyze patrons' requests to determine needed information and assist in furnishing or locating that information.,not_classified,5.0,6.329113924050633
"analyze performance data to determine effectiveness of instructional systems, courses, or instructional materials.",directive,95.0,77.23577235772358
"analyze performance data to determine effectiveness of instructional systems, courses, or instructional materials.",not_classified,11.0,8.94308943089431
"analyze performance data to determine effectiveness of instructional systems, courses, or instructional materials.",validation,17.0,13.821138211382115
analyze physical findings and medical histories to make diagnoses according to oriental medicine traditions.,not_classified,25.0,100.0
analyze potential loan markets to find opportunities to promote loans and financial services.,directive,40.0,81.63265306122449
analyze potential loan markets to find opportunities to promote loans and financial services.,not_classified,9.0,18.367346938775512
analyze prescribing trends to monitor patient compliance and to prevent excessive usage or harmful interactions.,directive,18.0,85.71428571428571
analyze prescribing trends to monitor patient compliance and to prevent excessive usage or harmful interactions.,not_classified,3.0,14.285714285714285
"analyze price proposals, financial reports, and other data and information to determine reasonable prices.",directive,32.0,88.88888888888889
"analyze price proposals, financial reports, and other data and information to determine reasonable prices.",not_classified,4.0,11.11111111111111
analyze problems to develop solutions involving computer hardware and software.,directive,57.0,62.637362637362635
analyze problems to develop solutions involving computer hardware and software.,not_classified,34.0,37.362637362637365
analyze product complaints and make recommendations regarding their reportability.,directive,26.0,86.66666666666667
analyze product complaints and make recommendations regarding their reportability.,not_classified,4.0,13.333333333333334
"analyze records, reports, test results, or examination information to diagnose medical condition of patient.",directive,411.0,50.61576354679803
"analyze records, reports, test results, or examination information to diagnose medical condition of patient.",feedback loop,22.0,2.70935960591133
"analyze records, reports, test results, or examination information to diagnose medical condition of patient.",learning,15.0,1.8472906403940887
"analyze records, reports, test results, or examination information to diagnose medical condition of patient.",not_classified,8.0,0.9852216748768473
"analyze records, reports, test results, or examination information to diagnose medical condition of patient.",task iteration,19.0,2.3399014778325125
"analyze records, reports, test results, or examination information to diagnose medical condition of patient.",validation,337.0,41.502463054187196
"analyze research data to determine its significance, using computers.",directive,431.0,72.07357859531773
"analyze research data to determine its significance, using computers.",feedback loop,16.0,2.6755852842809364
"analyze research data to determine its significance, using computers.",learning,25.0,4.1806020066889635
"analyze research data to determine its significance, using computers.",none,58.0,9.698996655518394
"analyze research data to determine its significance, using computers.",not_classified,10.0,1.6722408026755853
"analyze research data to determine its significance, using computers.",validation,58.0,9.698996655518394
analyze samples of biological material for chemical content or reaction.,directive,56.0,88.88888888888889
analyze samples of biological material for chemical content or reaction.,not_classified,7.0,11.11111111111111
analyze statistical data and reports to identify and determine causes of personnel problems and develop recommendations for improvement of organization's personnel policies and practices.,directive,19.0,82.6086956521739
analyze statistical data and reports to identify and determine causes of personnel problems and develop recommendations for improvement of organization's personnel policies and practices.,not_classified,4.0,17.391304347826086
analyze system performance or operational requirements.,directive,443.0,47.37967914438503
analyze system performance or operational requirements.,feedback loop,179.0,19.144385026737968
analyze system performance or operational requirements.,learning,95.0,10.16042780748663
analyze system performance or operational requirements.,none,114.0,12.192513368983956
analyze system performance or operational requirements.,task iteration,41.0,4.385026737967915
analyze system performance or operational requirements.,validation,63.0,6.737967914438503
analyze target companies or investment opportunities to inform investment decisions.,directive,722.0,94.62647444298821
analyze target companies or investment opportunities to inform investment decisions.,not_classified,26.0,3.4076015727391877
analyze target companies or investment opportunities to inform investment decisions.,validation,15.0,1.9659239842726082
analyze technology trends to identify markets for future product development or to improve sales of existing products.,not_classified,15.0,100.0
"analyze test data, making computations as necessary, to determine test results.",directive,1546.0,61.9887730553328
"analyze test data, making computations as necessary, to determine test results.",feedback loop,29.0,1.1627906976744187
"analyze test data, making computations as necessary, to determine test results.",learning,33.0,1.3231756214915797
"analyze test data, making computations as necessary, to determine test results.",none,475.0,19.04570970328789
"analyze test data, making computations as necessary, to determine test results.",task iteration,37.0,1.483560545308741
"analyze test data, making computations as necessary, to determine test results.",validation,374.0,14.995990376904572
analyze test results and develop a treatment plan.,directive,19.0,95.0
analyze test results and develop a treatment plan.,not_classified,1.0,5.0
"analyze the financial details of past, present, and expected operations to identify development opportunities and areas where improvement is needed.",directive,37.0,86.04651162790698
"analyze the financial details of past, present, and expected operations to identify development opportunities and areas where improvement is needed.",not_classified,6.0,13.953488372093023
"analyze the layout, instrumentation, or function of electrical generation or transmission facilities.",directive,42.0,80.76923076923077
"analyze the layout, instrumentation, or function of electrical generation or transmission facilities.",not_classified,10.0,19.230769230769234
"analyze training needs to design employee development, language training and health and safety programs.",not_classified,15.0,100.0
analyze training needs to develop new training programs or modify and improve existing programs.,directive,42.0,75.0
analyze training needs to develop new training programs or modify and improve existing programs.,not_classified,14.0,25.0
"analyze trends in sales prices, construction costs, and rents, to assess property values or determine the accuracy of assessments.",directive,41.0,93.18181818181817
"analyze trends in sales prices, construction costs, and rents, to assess property values or determine the accuracy of assessments.",not_classified,3.0,6.8181818181818175
analyze user needs and recommend appropriate hardware.,directive,74.0,83.14606741573034
analyze user needs and recommend appropriate hardware.,not_classified,15.0,16.853932584269664
analyze user needs and software requirements to determine feasibility of design within time and cost constraints.,directive,5910.0,60.398569238630564
analyze user needs and software requirements to determine feasibility of design within time and cost constraints.,feedback loop,231.0,2.3607562595809912
analyze user needs and software requirements to determine feasibility of design within time and cost constraints.,learning,1275.0,13.030148185998977
analyze user needs and software requirements to determine feasibility of design within time and cost constraints.,none,1599.0,16.341338783852834
analyze user needs and software requirements to determine feasibility of design within time and cost constraints.,task iteration,482.0,4.9259070005109855
analyze user needs and software requirements to determine feasibility of design within time and cost constraints.,validation,288.0,2.9432805314256516
"analyze, interpret, or create graphical representations of energy data, using engineering software.",directive,167.0,76.60550458715596
"analyze, interpret, or create graphical representations of energy data, using engineering software.",feedback loop,22.0,10.091743119266056
"analyze, interpret, or create graphical representations of energy data, using engineering software.",not_classified,29.0,13.302752293577983
"analyze, interpret, or disseminate system performance data.",directive,419.0,59.94277539341917
"analyze, interpret, or disseminate system performance data.",feedback loop,62.0,8.869814020028613
"analyze, interpret, or disseminate system performance data.",learning,48.0,6.866952789699571
"analyze, interpret, or disseminate system performance data.",none,109.0,15.593705293276109
"analyze, interpret, or disseminate system performance data.",task iteration,20.0,2.8612303290414878
"analyze, interpret, or disseminate system performance data.",validation,41.0,5.865522174535051
"announce musical selections, station breaks, commercials, or public service information, and accept requests from listening audience.",directive,17.0,80.95238095238095
"announce musical selections, station breaks, commercials, or public service information, and accept requests from listening audience.",not_classified,4.0,19.047619047619047
answer applicants' questions about benefits and claim procedures.,directive,56.0,67.46987951807229
answer applicants' questions about benefits and claim procedures.,not_classified,27.0,32.53012048192771
answer clients' questions about the purposes and details of financial plans and strategies.,directive,62.0,81.57894736842105
answer clients' questions about the purposes and details of financial plans and strategies.,not_classified,14.0,18.421052631578945
"answer clients' questions regarding construction work, financing, maintenance, repairs, and appraisals.",directive,41.0,66.12903225806451
"answer clients' questions regarding construction work, financing, maintenance, repairs, and appraisals.",not_classified,21.0,33.87096774193548
"answer customer inquiries or explain cost, availability, policies, and procedures of facilities.",directive,32.0,54.23728813559322
"answer customer inquiries or explain cost, availability, policies, and procedures of facilities.",learning,16.0,27.11864406779661
"answer customer inquiries or explain cost, availability, policies, and procedures of facilities.",not_classified,11.0,18.64406779661017
answer customers' questions about merchandise and advise customers on merchandise selection.,directive,277.0,85.75851393188854
answer customers' questions about merchandise and advise customers on merchandise selection.,none,21.0,6.5015479876160995
answer customers' questions about merchandise and advise customers on merchandise selection.,not_classified,25.0,7.739938080495357
"answer customers' questions about products, prices, availability, or credit terms.",directive,1138.0,63.86083052749719
"answer customers' questions about products, prices, availability, or credit terms.",feedback loop,33.0,1.8518518518518516
"answer customers' questions about products, prices, availability, or credit terms.",learning,405.0,22.727272727272727
"answer customers' questions about products, prices, availability, or credit terms.",none,172.0,9.652076318742985
"answer customers' questions about products, prices, availability, or credit terms.",task iteration,16.0,0.8978675645342313
"answer customers' questions about products, prices, availability, or credit terms.",validation,18.0,1.0101010101010102
"answer customers' questions about products, prices, availability, product uses, and credit terms.",directive,667.0,67.64705882352942
"answer customers' questions about products, prices, availability, product uses, and credit terms.",feedback loop,24.0,2.434077079107505
"answer customers' questions about products, prices, availability, product uses, and credit terms.",learning,197.0,19.97971602434077
"answer customers' questions about products, prices, availability, product uses, and credit terms.",none,72.0,7.302231237322515
"answer customers' questions about products, prices, availability, product uses, and credit terms.",not_classified,11.0,1.1156186612576064
"answer customers' questions about products, prices, availability, product uses, and credit terms.",validation,15.0,1.5212981744421907
"answer customers' questions, and explain available services such as deposit accounts, bonds, and securities.",directive,19.0,59.375
"answer customers' questions, and explain available services such as deposit accounts, bonds, and securities.",not_classified,13.0,40.625
"answer customers' questions, and provide information on procedures or policies.",directive,1060.0,50.14191106906338
"answer customers' questions, and provide information on procedures or policies.",feedback loop,52.0,2.459791863765374
"answer customers' questions, and provide information on procedures or policies.",learning,440.0,20.813623462630083
"answer customers' questions, and provide information on procedures or policies.",none,495.0,23.415326395458848
"answer customers' questions, and provide information on procedures or policies.",task iteration,21.0,0.9933774834437087
"answer customers' questions, and provide information on procedures or policies.",validation,46.0,2.1759697256385997
"answer incoming calls, greeting callers, providing information, transferring calls or taking messages as necessary.",directive,58.0,24.576271186440678
"answer incoming calls, greeting callers, providing information, transferring calls or taking messages as necessary.",none,177.0,75.0
"answer incoming calls, greeting callers, providing information, transferring calls or taking messages as necessary.",not_classified,1.0,0.423728813559322
"answer inquiries concerning the progress of medical cases, within the limits of confidentiality laws.",directive,25.0,64.1025641025641
"answer inquiries concerning the progress of medical cases, within the limits of confidentiality laws.",not_classified,14.0,35.8974358974359
"answer inquiries from current or prospective customers regarding methods, materials, or price ranges.",directive,72.0,32.28699551569507
"answer inquiries from current or prospective customers regarding methods, materials, or price ranges.",none,137.0,61.43497757847533
"answer inquiries from current or prospective customers regarding methods, materials, or price ranges.",not_classified,14.0,6.278026905829597
answer inquiries from the public concerning animal control operations.,none,23.0,88.46153846153845
answer inquiries from the public concerning animal control operations.,not_classified,3.0,11.538461538461538
"answer inquiries pertaining to hotel policies and services, and resolve occupants' complaints.",directive,119.0,75.31645569620254
"answer inquiries pertaining to hotel policies and services, and resolve occupants' complaints.",none,19.0,12.025316455696203
"answer inquiries pertaining to hotel policies and services, and resolve occupants' complaints.",not_classified,20.0,12.658227848101266
"answer inquiries regarding information such as schedules, accommodations, procedures, and policies.",directive,158.0,53.198653198653204
"answer inquiries regarding information such as schedules, accommodations, procedures, and policies.",learning,43.0,14.47811447811448
"answer inquiries regarding information such as schedules, accommodations, procedures, and policies.",none,85.0,28.619528619528616
"answer inquiries regarding information such as schedules, accommodations, procedures, and policies.",not_classified,11.0,3.7037037037037033
answer inquiries regarding shipping or mailing policies.,not_classified,18.0,100.0
"answer passengers' questions about flights, aircraft, weather, travel routes and services, arrival times, or schedules.",directive,28.0,75.67567567567568
"answer passengers' questions about flights, aircraft, weather, travel routes and services, arrival times, or schedules.",not_classified,9.0,24.324324324324326
answer patients' calls and determine how to assist them.,not_classified,15.0,100.0
answer questions about product features and benefits.,directive,252.0,78.50467289719626
answer questions about product features and benefits.,learning,59.0,18.38006230529595
answer questions about product features and benefits.,not_classified,10.0,3.115264797507788
answer questions about records or files.,directive,26.0,72.22222222222221
answer questions about records or files.,not_classified,10.0,27.77777777777778
answer questions from the public and media.,directive,130.0,94.8905109489051
answer questions from the public and media.,not_classified,7.0,5.109489051094891
"answer questions or provide advice to the public regarding licensing policies, procedures, or regulations.",directive,17.0,54.83870967741935
"answer questions or provide advice to the public regarding licensing policies, procedures, or regulations.",not_classified,14.0,45.16129032258064
"answer questions regarding examinations, eligibility, salaries, benefits, and other pertinent information.",directive,17.0,77.27272727272727
"answer questions regarding examinations, eligibility, salaries, benefits, and other pertinent information.",not_classified,5.0,22.727272727272727
answer questions regarding the store and its merchandise.,not_classified,23.0,100.0
answer telephone calls and respond to inquiries or transfer calls.,directive,34.0,23.448275862068964
answer telephone calls and respond to inquiries or transfer calls.,none,108.0,74.48275862068967
answer telephone calls and respond to inquiries or transfer calls.,not_classified,3.0,2.0689655172413794
answer telephone calls from potential customers who have been solicited through advertisements.,directive,26.0,74.28571428571429
answer telephone calls from potential customers who have been solicited through advertisements.,not_classified,9.0,25.71428571428571
answer telephones and direct calls to appropriate staff.,directive,78.0,69.02654867256636
answer telephones and direct calls to appropriate staff.,none,35.0,30.973451327433626
"answer telephones and give information to callers, take messages, or transfer calls to appropriate individuals.",directive,109.0,17.898193760262725
"answer telephones and give information to callers, take messages, or transfer calls to appropriate individuals.",none,495.0,81.2807881773399
"answer telephones and give information to callers, take messages, or transfer calls to appropriate individuals.",not_classified,5.0,0.8210180623973727
answer telephones and schedule appointments.,directive,15.0,68.18181818181817
answer telephones and schedule appointments.,not_classified,7.0,31.818181818181817
answer telephones to provide information and receive orders.,none,19.0,57.57575757575758
answer telephones to provide information and receive orders.,not_classified,14.0,42.42424242424242
"answer telephones, and route calls or deliver messages.",directive,25.0,28.08988764044944
"answer telephones, and route calls or deliver messages.",none,63.0,70.78651685393258
"answer telephones, and route calls or deliver messages.",not_classified,1.0,1.1235955056179776
"answer telephones, direct calls, and take messages.",directive,67.0,20.743034055727556
"answer telephones, direct calls, and take messages.",none,255.0,78.94736842105263
"answer telephones, direct calls, and take messages.",not_classified,1.0,0.30959752321981426
"answer telephones, responding to questions or requests.",directive,46.0,13.73134328358209
"answer telephones, responding to questions or requests.",none,289.0,86.26865671641791
answer user inquiries regarding computer software or hardware operation to resolve problems.,directive,70.0,57.85123966942148
answer user inquiries regarding computer software or hardware operation to resolve problems.,feedback loop,15.0,12.396694214876034
answer user inquiries regarding computer software or hardware operation to resolve problems.,learning,22.0,18.181818181818183
answer user inquiries regarding computer software or hardware operation to resolve problems.,not_classified,14.0,11.570247933884298
apply customer feedback to service improvement efforts.,directive,98.0,66.66666666666666
apply customer feedback to service improvement efforts.,none,15.0,10.204081632653061
apply customer feedback to service improvement efforts.,not_classified,5.0,3.4013605442176873
apply customer feedback to service improvement efforts.,validation,29.0,19.727891156462583
"apply mathematical or statistical techniques to address practical issues in finance, such as derivative valuation, securities trading, risk management, or financial market regulation.",directive,47.0,71.21212121212122
"apply mathematical or statistical techniques to address practical issues in finance, such as derivative valuation, securities trading, risk management, or financial market regulation.",not_classified,19.0,28.78787878787879
"apply modeling or quantitative analysis to forecast events, such as human decisions or behaviors, the structure or processes of organizations, or the attitudes or actions of human groups.",directive,23.0,92.0
"apply modeling or quantitative analysis to forecast events, such as human decisions or behaviors, the structure or processes of organizations, or the attitudes or actions of human groups.",not_classified,2.0,8.0
"apply prepared specimen and control to appropriate grid, run instrumentation, and produce analyzable results.",directive,19.0,82.6086956521739
"apply prepared specimen and control to appropriate grid, run instrumentation, and produce analyzable results.",not_classified,4.0,17.391304347826086
"apply relevant laws, regulations, policies, or precedents to reach conclusions.",directive,28.0,65.11627906976744
"apply relevant laws, regulations, policies, or precedents to reach conclusions.",not_classified,15.0,34.883720930232556
"apply story development, directing, cinematography, and editing to animation to create storyboards that show the flow of the animation and map out key scenes and characters.",directive,19.0,65.51724137931035
"apply story development, directing, cinematography, and editing to animation to create storyboards that show the flow of the animation and map out key scenes and characters.",not_classified,10.0,34.48275862068966
"appraise property values, assessing income potential when relevant.",directive,51.0,87.93103448275862
"appraise property values, assessing income potential when relevant.",not_classified,7.0,12.068965517241379
"appraise, evaluate, and inventory real property and equipment, recording information such as the description, value, and location of property.",directive,32.0,91.42857142857143
"appraise, evaluate, and inventory real property and equipment, recording information such as the description, value, and location of property.",not_classified,3.0,8.571428571428571
"approve, reject, or coordinate the approval or rejection of lines of credit or commercial, real estate, or personal loans.",directive,27.0,79.41176470588235
"approve, reject, or coordinate the approval or rejection of lines of credit or commercial, real estate, or personal loans.",not_classified,7.0,20.588235294117645
"arrange conference, meeting, or travel reservations for office personnel.",directive,45.0,66.17647058823529
"arrange conference, meeting, or travel reservations for office personnel.",not_classified,5.0,7.352941176470589
"arrange conference, meeting, or travel reservations for office personnel.",task iteration,18.0,26.47058823529412
"arrange financing of deals from sources such as financial institutions, agencies, or public or private companies.",directive,24.0,96.0
"arrange financing of deals from sources such as financial institutions, agencies, or public or private companies.",not_classified,1.0,4.0
arrange for advertising or posting of job vacancies and notify eligible workers of position availability.,directive,45.0,81.81818181818183
arrange for advertising or posting of job vacancies and notify eligible workers of position availability.,not_classified,10.0,18.181818181818183
"arrange for debt repayment or establish repayment schedules, based on customers' financial situations.",directive,31.0,79.48717948717949
"arrange for debt repayment or establish repayment schedules, based on customers' financial situations.",not_classified,8.0,20.51282051282051
arrange merchandise and sales promotion displays or issue sales promotion materials to customers.,directive,23.0,100.0
"arrange tours, taxis, or restaurant reservations for customers.",directive,25.0,96.15384615384616
"arrange tours, taxis, or restaurant reservations for customers.",not_classified,1.0,3.8461538461538463
"ask questions in accordance with instructions to obtain various specified information, such as person's name, address, age, religious preference, or state of residency.",directive,109.0,66.87116564417178
"ask questions in accordance with instructions to obtain various specified information, such as person's name, address, age, religious preference, or state of residency.",none,43.0,26.380368098159508
"ask questions in accordance with instructions to obtain various specified information, such as person's name, address, age, religious preference, or state of residency.",not_classified,11.0,6.748466257668712
ask questions that will help clients identify their feelings and behaviors.,learning,56.0,50.90909090909091
ask questions that will help clients identify their feelings and behaviors.,none,37.0,33.63636363636363
ask questions that will help clients identify their feelings and behaviors.,not_classified,17.0,15.454545454545453
"assemble and compile documents for loan closings, such as title abstracts, insurance forms, loan forms, and tax receipts.",directive,28.0,100.0
"assemble, maintain, or distribute information for library or record systems.",directive,15.0,68.18181818181817
"assemble, maintain, or distribute information for library or record systems.",not_classified,7.0,31.818181818181817
"assess clients' overall financial situation by reviewing income, assets, debts, expenses, credit reports, or other financial information.",directive,50.0,92.5925925925926
"assess clients' overall financial situation by reviewing income, assets, debts, expenses, credit reports, or other financial information.",not_classified,4.0,7.4074074074074066
assess companies as investments for clients by examining company facilities.,directive,27.0,100.0
"assess cost effectiveness of products, projects or services, tracking actual costs relative to bids as the project develops.",not_classified,16.0,100.0
"assess current or future customer needs and priorities through communicating directly with customers, conducting surveys, or other methods.",directive,120.0,93.75
"assess current or future customer needs and priorities through communicating directly with customers, conducting surveys, or other methods.",not_classified,8.0,6.25
"assess effectiveness and efficiency of instruction according to ease of instructional technology use and student learning, knowledge transfer, and satisfaction.",directive,22.0,70.96774193548387
"assess effectiveness and efficiency of instruction according to ease of instructional technology use and student learning, knowledge transfer, and satisfaction.",not_classified,9.0,29.03225806451613
"assess nutritional needs, diet restrictions and current health plans to develop and implement dietary-care plans and provide nutritional counseling.",directive,43.0,74.13793103448276
"assess nutritional needs, diet restrictions and current health plans to develop and implement dietary-care plans and provide nutritional counseling.",not_classified,15.0,25.862068965517242
assess patients for risk of suicide attempts.,none,23.0,54.761904761904766
assess patients for risk of suicide attempts.,not_classified,19.0,45.23809523809524
"assess project feasibility by analyzing technology, resource needs, and market demand.",directive,33.0,82.5
"assess project feasibility by analyzing technology, resource needs, and market demand.",not_classified,7.0,17.5
assess risks to mitigate potential consequences of incidents and develop a plan to respond to incidents.,directive,168.0,88.42105263157895
assess risks to mitigate potential consequences of incidents and develop a plan to respond to incidents.,not_classified,22.0,11.578947368421053
assess the nature and level of threats so that the scope of the problem can be determined.,directive,290.0,88.68501529051987
assess the nature and level of threats so that the scope of the problem can be determined.,none,17.0,5.198776758409786
assess the nature and level of threats so that the scope of the problem can be determined.,not_classified,20.0,6.116207951070336
assess the usefulness of pre-developed application packages and adapt them to a user environment.,directive,1556.0,75.9765625
assess the usefulness of pre-developed application packages and adapt them to a user environment.,feedback loop,70.0,3.41796875
assess the usefulness of pre-developed application packages and adapt them to a user environment.,learning,199.0,9.716796875
assess the usefulness of pre-developed application packages and adapt them to a user environment.,none,128.0,6.25
assess the usefulness of pre-developed application packages and adapt them to a user environment.,task iteration,57.0,2.783203125
assess the usefulness of pre-developed application packages and adapt them to a user environment.,validation,38.0,1.85546875
assess training needs of staff and arrange for or provide appropriate instruction.,not_classified,16.0,100.0
"assess training needs through surveys, interviews with employees, focus groups, or consultation with managers, instructors, or customer representatives.",directive,49.0,81.66666666666667
"assess training needs through surveys, interviews with employees, focus groups, or consultation with managers, instructors, or customer representatives.",not_classified,11.0,18.333333333333332
assign or schedule tasks to meet work priorities and goals.,directive,23.0,82.14285714285714
assign or schedule tasks to meet work priorities and goals.,not_classified,5.0,17.857142857142858
"assign work to employees, based on material or worker requirements of specific jobs.",directive,31.0,100.0
assist customers by providing information and resolving their complaints.,directive,166.0,65.35433070866141
assist customers by providing information and resolving their complaints.,feedback loop,17.0,6.692913385826772
assist customers by providing information and resolving their complaints.,none,40.0,15.748031496062993
assist customers by providing information and resolving their complaints.,not_classified,31.0,12.204724409448819
"assist customers, such as responding to customer complaints and updating them about back-ordered parts.",directive,17.0,68.0
"assist customers, such as responding to customer complaints and updating them about back-ordered parts.",not_classified,8.0,32.0
assist in laying out material for publication.,directive,32.0,86.48648648648648
assist in laying out material for publication.,not_classified,5.0,13.513513513513514
"assist in the assessment, acquisition, or deployment of new electronic document management systems.",directive,29.0,74.35897435897436
"assist in the assessment, acquisition, or deployment of new electronic document management systems.",not_classified,10.0,25.64102564102564
assist patients in organizing their health care system activities.,directive,31.0,73.80952380952381
assist patients in organizing their health care system activities.,not_classified,11.0,26.190476190476193
assist students who need extra help with their coursework outside of class.,directive,912.0,44.42279590842669
assist students who need extra help with their coursework outside of class.,feedback loop,37.0,1.8022406234778372
assist students who need extra help with their coursework outside of class.,learning,597.0,29.079396005845105
assist students who need extra help with their coursework outside of class.,none,217.0,10.569897710667316
assist students who need extra help with their coursework outside of class.,task iteration,221.0,10.764734534827083
assist students who need extra help with their coursework outside of class.,validation,69.0,3.360935216755967
attempt to sell additional merchandise or services to prospective or current customers by telephone or through visits.,directive,34.0,77.27272727272727
attempt to sell additional merchandise or services to prospective or current customers by telephone or through visits.,not_classified,10.0,22.727272727272727
"attend sales or trade meetings or read related publications to obtain information about market conditions, business trends, environmental regulations, or industry developments.",directive,48.0,71.64179104477611
"attend sales or trade meetings or read related publications to obtain information about market conditions, business trends, environmental regulations, or industry developments.",not_classified,19.0,28.35820895522388
"attend to the needs of the bereaved, such as by offering comfort, counseling, or after care programs.",none,46.0,74.19354838709677
"attend to the needs of the bereaved, such as by offering comfort, counseling, or after care programs.",not_classified,16.0,25.806451612903224
back up network data.,not_classified,19.0,100.0
"book transportation and hotel reservations, using computer terminal or telephone.",directive,35.0,61.40350877192983
"book transportation and hotel reservations, using computer terminal or telephone.",none,15.0,26.31578947368421
"book transportation and hotel reservations, using computer terminal or telephone.",not_classified,7.0,12.280701754385964
"break systems into their component parts, assign numerical values to each component, and examine the mathematical relationships between them.",directive,112.0,59.25925925925925
"break systems into their component parts, assign numerical values to each component, and examine the mathematical relationships between them.",feedback loop,15.0,7.936507936507936
"break systems into their component parts, assign numerical values to each component, and examine the mathematical relationships between them.",learning,15.0,7.936507936507936
"break systems into their component parts, assign numerical values to each component, and examine the mathematical relationships between them.",none,17.0,8.994708994708994
"break systems into their component parts, assign numerical values to each component, and examine the mathematical relationships between them.",not_classified,12.0,6.349206349206349
"break systems into their component parts, assign numerical values to each component, and examine the mathematical relationships between them.",validation,18.0,9.523809523809524
broadcast weather reports and warnings.,directive,38.0,95.0
broadcast weather reports and warnings.,not_classified,2.0,5.0
build and update digital databases.,directive,55.0,75.34246575342466
build and update digital databases.,not_classified,18.0,24.65753424657534
"buy or sell stocks, bonds, commodity futures, foreign currencies, or other securities on behalf of investment dealers.",directive,106.0,90.5982905982906
"buy or sell stocks, bonds, commodity futures, foreign currencies, or other securities on behalf of investment dealers.",not_classified,11.0,9.401709401709402
calculate amount of debt and funds available to plan methods of payoff and to estimate time for debt liquidation.,not_classified,16.0,100.0
"calculate amounts of required materials and estimate costs, based on surface measurements or work orders.",directive,36.0,75.0
"calculate amounts of required materials and estimate costs, based on surface measurements or work orders.",not_classified,12.0,25.0
"calculate figures, such as required amounts of labor or materials, manufacturing costs, or wages, using pricing schedules, adding machines, calculators, or computers.",not_classified,15.0,100.0
"calculate test result values, using standard formulas.",directive,16.0,72.72727272727273
"calculate test result values, using standard formulas.",not_classified,6.0,27.27272727272727
calibrate data collection equipment.,directive,15.0,65.21739130434783
calibrate data collection equipment.,not_classified,8.0,34.78260869565217
calibrate testing instruments and installed or repaired equipment to prescribed specifications.,not_classified,21.0,100.0
calibrate testing instruments.,not_classified,17.0,100.0
"calibrate, troubleshoot, or repair equipment and correct malfunctions as needed.",directive,16.0,53.333333333333336
"calibrate, troubleshoot, or repair equipment and correct malfunctions as needed.",not_classified,14.0,46.666666666666664
"calibrate, validate, or maintain laboratory equipment.",not_classified,16.0,100.0
"call on policyholders to deliver and explain policy, to analyze insurance program and suggest additions or changes, or to change beneficiaries.",directive,31.0,79.48717948717949
"call on policyholders to deliver and explain policy, to analyze insurance program and suggest additions or changes, or to change beneficiaries.",not_classified,8.0,20.51282051282051
call on prospective customers to explain company services or to solicit new business.,directive,545.0,91.75084175084174
call on prospective customers to explain company services or to solicit new business.,none,36.0,6.0606060606060606
call on prospective customers to explain company services or to solicit new business.,not_classified,13.0,2.1885521885521886
"care for children or elderly persons by overseeing their activities, providing companionship, and assisting them with dressing, bathing, eating, and other needs.",directive,19.0,48.717948717948715
"care for children or elderly persons by overseeing their activities, providing companionship, and assisting them with dressing, bathing, eating, and other needs.",none,16.0,41.02564102564102
"care for children or elderly persons by overseeing their activities, providing companionship, and assisting them with dressing, bathing, eating, and other needs.",not_classified,4.0,10.256410256410255
"check completed work for spelling, grammar, punctuation, and format.",directive,17.0,34.0
"check completed work for spelling, grammar, punctuation, and format.",not_classified,5.0,10.0
"check completed work for spelling, grammar, punctuation, and format.",validation,28.0,56.00000000000001
"check data input or verify totals on forms prepared by others to detect errors in arithmetic, data entry, or procedures.",directive,21.0,72.41379310344827
"check data input or verify totals on forms prepared by others to detect errors in arithmetic, data entry, or procedures.",not_classified,8.0,27.586206896551722
check dimensions of materials to be used and assign numbers to the materials.,directive,36.0,83.72093023255815
check dimensions of materials to be used and assign numbers to the materials.,not_classified,7.0,16.27906976744186
check import or export documentation to determine cargo contents and use tariff coding system to classify goods according to fee or tariff group.,directive,24.0,82.75862068965517
check import or export documentation to determine cargo contents and use tariff coding system to classify goods according to fee or tariff group.,not_classified,5.0,17.24137931034483
"check reference materials, such as books, news files, or public records, to obtain relevant facts.",directive,115.0,70.1219512195122
"check reference materials, such as books, news files, or public records, to obtain relevant facts.",learning,20.0,12.195121951219512
"check reference materials, such as books, news files, or public records, to obtain relevant facts.",not_classified,29.0,17.682926829268293
"choose subject matter and suitable form to express personal feelings and experiences or ideas, or to narrate stories or events.",directive,24.0,48.97959183673469
"choose subject matter and suitable form to express personal feelings and experiences or ideas, or to narrate stories or events.",none,18.0,36.734693877551024
"choose subject matter and suitable form to express personal feelings and experiences or ideas, or to narrate stories or events.",not_classified,7.0,14.285714285714285
classify and catalog items according to content and purpose.,directive,717.0,92.87564766839378
classify and catalog items according to content and purpose.,none,34.0,4.404145077720207
classify and catalog items according to content and purpose.,not_classified,21.0,2.7202072538860103
"classify, record, and summarize numerical and financial data to compile and keep financial records, using journals and ledgers or computers.",directive,545.0,85.42319749216301
"classify, record, and summarize numerical and financial data to compile and keep financial records, using journals and ledgers or computers.",feedback loop,53.0,8.307210031347962
"classify, record, and summarize numerical and financial data to compile and keep financial records, using journals and ledgers or computers.",not_classified,25.0,3.918495297805643
"classify, record, and summarize numerical and financial data to compile and keep financial records, using journals and ledgers or computers.",validation,15.0,2.3510971786833856
code data in preparation for computer entry.,directive,385.0,94.36274509803921
code data in preparation for computer entry.,none,15.0,3.6764705882352944
code data in preparation for computer entry.,not_classified,8.0,1.9607843137254901
"code data prior to computer entry, using lists of codes.",directive,821.0,92.7683615819209
"code data prior to computer entry, using lists of codes.",none,51.0,5.762711864406779
"code data prior to computer entry, using lists of codes.",not_classified,13.0,1.4689265536723164
"code, classify, and catalog books, publications, films, audio-visual aids, and other library materials based on subject matter or standard library classification systems.",directive,32.0,96.96969696969697
"code, classify, and catalog books, publications, films, audio-visual aids, and other library materials based on subject matter or standard library classification systems.",not_classified,1.0,3.0303030303030303
"code, evaluate, or interpret collected study data.",directive,4473.0,83.49822661937651
"code, evaluate, or interpret collected study data.",feedback loop,33.0,0.6160164271047228
"code, evaluate, or interpret collected study data.",learning,83.0,1.5493746499906664
"code, evaluate, or interpret collected study data.",none,474.0,8.848235952958746
"code, evaluate, or interpret collected study data.",task iteration,47.0,0.877356729512787
"code, evaluate, or interpret collected study data.",validation,247.0,4.610789621056561
collaborate with artists to achieve appropriate visual style.,directive,17.0,70.83333333333334
collaborate with artists to achieve appropriate visual style.,not_classified,7.0,29.166666666666668
"collaborate with colleagues to exchange information, such as selling strategies or marketing information.",directive,52.0,85.24590163934425
"collaborate with colleagues to exchange information, such as selling strategies or marketing information.",not_classified,9.0,14.754098360655737
collaborate with engineers or software developers to select appropriate design solutions or ensure the compatibility of system components.,directive,18.0,66.66666666666666
collaborate with engineers or software developers to select appropriate design solutions or ensure the compatibility of system components.,not_classified,9.0,33.33333333333333
collaborate with field staff or customers to evaluate or diagnose problems and recommend possible solutions.,directive,15.0,83.33333333333334
collaborate with field staff or customers to evaluate or diagnose problems and recommend possible solutions.,not_classified,3.0,16.666666666666664
collaborate with management or users to develop e-commerce strategies and to integrate these strategies with web sites.,directive,76.0,76.0
collaborate with management or users to develop e-commerce strategies and to integrate these strategies with web sites.,not_classified,24.0,24.0
"collaborate with sales teams to understand customer requirements, to promote the sale of company products, and to provide sales support.",directive,185.0,92.03980099502488
"collaborate with sales teams to understand customer requirements, to promote the sale of company products, and to provide sales support.",not_classified,16.0,7.960199004975125
collaborate with search engine shopping specialists to place marketing content in desired online locations.,directive,248.0,92.19330855018588
collaborate with search engine shopping specialists to place marketing content in desired online locations.,not_classified,21.0,7.806691449814126
collaborate with senior managers and decision makers to identify and solve a variety of problems and to clarify management objectives.,not_classified,24.0,100.0
collaborate with software developers in the development and modification of commercial bioinformatics software.,not_classified,16.0,100.0
"collaborate with system architects, software architects, design analysts, and others to understand business or industry requirements.",directive,149.0,45.56574923547401
"collaborate with system architects, software architects, design analysts, and others to understand business or industry requirements.",feedback loop,16.0,4.892966360856269
"collaborate with system architects, software architects, design analysts, and others to understand business or industry requirements.",learning,75.0,22.93577981651376
"collaborate with system architects, software architects, design analysts, and others to understand business or industry requirements.",none,43.0,13.149847094801222
"collaborate with system architects, software architects, design analysts, and others to understand business or industry requirements.",not_classified,8.0,2.4464831804281344
"collaborate with system architects, software architects, design analysts, and others to understand business or industry requirements.",task iteration,36.0,11.009174311926607
"collaborate with web, multimedia, or art design staffs to create multimedia web sites or other internet content that conforms to brand and company visual format.",directive,235.0,83.33333333333334
"collaborate with web, multimedia, or art design staffs to create multimedia web sites or other internet content that conforms to brand and company visual format.",not_classified,20.0,7.092198581560284
"collaborate with web, multimedia, or art design staffs to create multimedia web sites or other internet content that conforms to brand and company visual format.",task iteration,27.0,9.574468085106384
"collect and analyze data on customer demographics, preferences, needs, and buying habits to identify potential markets and factors affecting product demand.",directive,1318.0,87.51660026560425
"collect and analyze data on customer demographics, preferences, needs, and buying habits to identify potential markets and factors affecting product demand.",learning,37.0,2.456839309428951
"collect and analyze data on customer demographics, preferences, needs, and buying habits to identify potential markets and factors affecting product demand.",none,35.0,2.3240371845949537
"collect and analyze data on customer demographics, preferences, needs, and buying habits to identify potential markets and factors affecting product demand.",not_classified,9.0,0.5976095617529881
"collect and analyze data on customer demographics, preferences, needs, and buying habits to identify potential markets and factors affecting product demand.",task iteration,29.0,1.9256308100929616
"collect and analyze data on customer demographics, preferences, needs, and buying habits to identify potential markets and factors affecting product demand.",validation,78.0,5.179282868525896
"collect and analyze data to detect deficient controls, duplicated effort, extravagance, fraud, or non-compliance with laws, regulations, and management policies.",directive,28.0,87.5
"collect and analyze data to detect deficient controls, duplicated effort, extravagance, fraud, or non-compliance with laws, regulations, and management policies.",not_classified,4.0,12.5
"collect and analyze data to evaluate the effectiveness of academic programs and other services, such as behavioral management systems.",directive,123.0,79.35483870967742
"collect and analyze data to evaluate the effectiveness of academic programs and other services, such as behavioral management systems.",not_classified,32.0,20.64516129032258
"collect and analyze data, such as studying old records, tallying the number of outpatients entering each day or week, or participating in federal, state, or local population surveys as a census enumerator.",directive,1203.0,90.65561416729466
"collect and analyze data, such as studying old records, tallying the number of outpatients entering each day or week, or participating in federal, state, or local population surveys as a census enumerator.",feedback loop,16.0,1.2057272042200453
"collect and analyze data, such as studying old records, tallying the number of outpatients entering each day or week, or participating in federal, state, or local population surveys as a census enumerator.",learning,15.0,1.1303692539562924
"collect and analyze data, such as studying old records, tallying the number of outpatients entering each day or week, or participating in federal, state, or local population surveys as a census enumerator.",none,74.0,5.5764883195177095
"collect and analyze data, such as studying old records, tallying the number of outpatients entering each day or week, or participating in federal, state, or local population surveys as a census enumerator.",not_classified,19.0,1.4318010550113038
collect and analyze relevant data to identify real estate market trends.,directive,35.0,92.10526315789474
collect and analyze relevant data to identify real estate market trends.,not_classified,3.0,7.894736842105263
"collect and analyze security data to determine security needs, security program goals, or program accomplishments.",directive,542.0,76.01683029453015
"collect and analyze security data to determine security needs, security program goals, or program accomplishments.",none,115.0,16.129032258064516
"collect and analyze security data to determine security needs, security program goals, or program accomplishments.",not_classified,19.0,2.664796633941094
"collect and analyze security data to determine security needs, security program goals, or program accomplishments.",validation,37.0,5.189340813464235
"collect and analyze survey data, regulatory information, and data on demographic and employment trends to forecast enrollment patterns and curriculum change needs.",directive,16.0,84.21052631578947
"collect and analyze survey data, regulatory information, and data on demographic and employment trends to forecast enrollment patterns and curriculum change needs.",not_classified,3.0,15.789473684210526
"collect and analyze survey data, regulatory information, and demographic and employment trends to forecast enrollment patterns and the need for curriculum changes.",directive,23.0,85.18518518518519
"collect and analyze survey data, regulatory information, and demographic and employment trends to forecast enrollment patterns and the need for curriculum changes.",not_classified,4.0,14.814814814814813
"collect and analyze web metrics, such as visits, time on site, page views per visit, transaction volume and revenue, traffic mix, click-through rates, conversion rates, cost per acquisition, or cost per click.",directive,66.0,88.0
"collect and analyze web metrics, such as visits, time on site, page views per visit, transaction volume and revenue, traffic mix, click-through rates, conversion rates, cost per acquisition, or cost per click.",not_classified,9.0,12.0
"collect and deposit money into accounts, disburse funds from cash accounts to pay bills or invoices, keep records of collections and disbursements, and ensure accounts are balanced.",not_classified,15.0,100.0
"collect and report data on topics such as patient encounters and inter-institutional problems, making recommendations for change when appropriate.",not_classified,15.0,100.0
"collect business intelligence data from available industry reports, public information, field reports, or purchased sources.",directive,2786.0,94.12162162162161
"collect business intelligence data from available industry reports, public information, field reports, or purchased sources.",learning,20.0,0.6756756756756757
"collect business intelligence data from available industry reports, public information, field reports, or purchased sources.",none,58.0,1.9594594594594597
"collect business intelligence data from available industry reports, public information, field reports, or purchased sources.",not_classified,13.0,0.4391891891891892
"collect business intelligence data from available industry reports, public information, field reports, or purchased sources.",task iteration,26.0,0.8783783783783784
"collect business intelligence data from available industry reports, public information, field reports, or purchased sources.",validation,57.0,1.9256756756756759
"collect data about existing client hardware, software, networking, or key business processes to inform implementation of radio frequency identification device (rfid) technology.",directive,19.0,70.37037037037037
"collect data about existing client hardware, software, networking, or key business processes to inform implementation of radio frequency identification device (rfid) technology.",not_classified,8.0,29.629629629629626
"collect data about the attitudes, values, and behaviors of people in groups, using observation, interviews, and review of documents.",directive,302.0,84.8314606741573
"collect data about the attitudes, values, and behaviors of people in groups, using observation, interviews, and review of documents.",none,26.0,7.303370786516854
"collect data about the attitudes, values, and behaviors of people in groups, using observation, interviews, and review of documents.",not_classified,10.0,2.8089887640449436
"collect data about the attitudes, values, and behaviors of people in groups, using observation, interviews, and review of documents.",validation,18.0,5.056179775280898
"collect data relating to commercial or residential development, population, or power system interconnection to determine operating efficiency of electrical systems.",directive,26.0,86.66666666666667
"collect data relating to commercial or residential development, population, or power system interconnection to determine operating efficiency of electrical systems.",not_classified,4.0,13.333333333333334
collect data through surveys or experimentation.,directive,192.0,84.21052631578947
collect data through surveys or experimentation.,not_classified,36.0,15.789473684210526
"collect information about clients through interviews, observation, or tests.",directive,105.0,68.18181818181817
"collect information about clients through interviews, observation, or tests.",learning,20.0,12.987012987012985
"collect information about clients through interviews, observation, or tests.",not_classified,12.0,7.792207792207792
"collect information about clients through interviews, observation, or tests.",validation,17.0,11.03896103896104
"collect information about clients, using techniques such as testing, interviewing, discussion, and observation.",directive,15.0,48.38709677419355
"collect information about clients, using techniques such as testing, interviewing, discussion, and observation.",not_classified,16.0,51.61290322580645
"collect information about individuals or clients, using interviews, case histories, observational techniques, and other assessment methods.",none,23.0,39.6551724137931
"collect information about individuals or clients, using interviews, case histories, observational techniques, and other assessment methods.",not_classified,35.0,60.3448275862069
"collect information and make judgments through observation, interviews, and review of documents.",directive,15.0,78.94736842105263
"collect information and make judgments through observation, interviews, and review of documents.",not_classified,4.0,21.052631578947366
collect or compile nanotechnology research or engineering data.,directive,23.0,79.3103448275862
collect or compile nanotechnology research or engineering data.,not_classified,6.0,20.689655172413794
collect samples of materials or products for laboratory analysis.,directive,16.0,76.19047619047619
collect samples of materials or products for laboratory analysis.,not_classified,5.0,23.809523809523807
"collect samples of materials or products, checking them to ensure conformance to specifications or sending them to laboratories for analysis.",directive,684.0,86.9123252858958
"collect samples of materials or products, checking them to ensure conformance to specifications or sending them to laboratories for analysis.",none,23.0,2.9224904701397714
"collect samples of materials or products, checking them to ensure conformance to specifications or sending them to laboratories for analysis.",not_classified,14.0,1.7789072426937738
"collect samples of materials or products, checking them to ensure conformance to specifications or sending them to laboratories for analysis.",validation,66.0,8.386277001270647
"collect, record, and maintain patient information, such as medical histories, reports, and examination results.",directive,257.0,94.13919413919413
"collect, record, and maintain patient information, such as medical histories, reports, and examination results.",not_classified,16.0,5.86080586080586
"collect, record, and maintain patient information, such as medical history, reports, and examination results.",directive,179.0,90.40404040404042
"collect, record, and maintain patient information, such as medical history, reports, and examination results.",not_classified,19.0,9.595959595959595
"collect, synthesize, analyze, manage, and report environmental data, such as pollution emission measurements, atmospheric monitoring measurements, meteorological or mineralogical information, or soil or water samples.",directive,122.0,91.72932330827066
"collect, synthesize, analyze, manage, and report environmental data, such as pollution emission measurements, atmospheric monitoring measurements, meteorological or mineralogical information, or soil or water samples.",not_classified,11.0,8.270676691729323
combine secondary data sources with keyword research to more accurately profile and satisfy user intent.,directive,24.0,96.0
combine secondary data sources with keyword research to more accurately profile and satisfy user intent.,not_classified,1.0,4.0
"communicate client assessment findings and recommendations in oral, written, audio, video, or other forms.",directive,45.0,93.75
"communicate client assessment findings and recommendations in oral, written, audio, video, or other forms.",not_classified,3.0,6.25
"communicate research or project results to other professionals or the public or teach related courses, seminars, or workshops.",learning,41.0,71.9298245614035
"communicate research or project results to other professionals or the public or teach related courses, seminars, or workshops.",not_classified,16.0,28.07017543859649
"communicate security status, updates, and actual or potential problems, using established protocols.",none,17.0,56.666666666666664
"communicate security status, updates, and actual or potential problems, using established protocols.",not_classified,13.0,43.333333333333336
"communicate test results or technical information to patients, physicians, family members, or researchers.",not_classified,16.0,100.0
"communicate to faculty, students, or other users availability of, or changes to, distance learning courses or materials, programs, services, or applications.",not_classified,17.0,100.0
"communicate with clients to build rapport, acknowledge their progress, or reflect upon their reactions to musical experiences.",directive,16.0,28.57142857142857
"communicate with clients to build rapport, acknowledge their progress, or reflect upon their reactions to musical experiences.",none,39.0,69.64285714285714
"communicate with clients to build rapport, acknowledge their progress, or reflect upon their reactions to musical experiences.",not_classified,1.0,1.7857142857142856
"communicate with customers regarding orders, comments, and complaints.",directive,16.0,94.11764705882352
"communicate with customers regarding orders, comments, and complaints.",not_classified,1.0,5.88235294117647
"communicate with customers, employees, and other individuals to answer questions, disseminate or explain information, take orders, and address complaints.",directive,27.0,20.30075187969925
"communicate with customers, employees, and other individuals to answer questions, disseminate or explain information, take orders, and address complaints.",none,102.0,76.69172932330827
"communicate with customers, employees, and other individuals to answer questions, disseminate or explain information, take orders, and address complaints.",not_classified,4.0,3.007518796992481
"communicate with customers, sales staff, or marketing staff to determine customer needs.",not_classified,19.0,100.0
"communicate with dispatchers by radio, telephone, or computer to exchange information and receive requests for passenger service.",not_classified,15.0,100.0
"communicate with or monitor service providers, such as ocean carriers, air freight forwarders, global consolidators, customs brokers, or trucking companies.",not_classified,18.0,100.0
communicate with system users to ensure accounts are set up properly or to diagnose and solve operational problems.,directive,21.0,60.0
communicate with system users to ensure accounts are set up properly or to diagnose and solve operational problems.,not_classified,14.0,40.0
compare instrument pitches with tuning tool pitches to tune instruments.,not_classified,22.0,100.0
compare previously prepared bank statements with canceled checks and reconcile discrepancies.,directive,19.0,86.36363636363636
compare previously prepared bank statements with canceled checks and reconcile discrepancies.,not_classified,3.0,13.636363636363635
"compare prices, specifications, and delivery dates to determine the best bid among potential suppliers.",directive,20.0,90.9090909090909
"compare prices, specifications, and delivery dates to determine the best bid among potential suppliers.",not_classified,2.0,9.090909090909092
compare suppliers' bills with bids and purchase orders to verify accuracy.,directive,24.0,85.71428571428571
compare suppliers' bills with bids and purchase orders to verify accuracy.,not_classified,4.0,14.285714285714285
compile and analyze accounting records and other data to determine the financial resources required to implement a program.,directive,17.0,89.47368421052632
compile and analyze accounting records and other data to determine the financial resources required to implement a program.,not_classified,2.0,10.526315789473683
compile and analyze data obtained from monitoring or diagnostic tests.,directive,1290.0,74.65277777777779
compile and analyze data obtained from monitoring or diagnostic tests.,feedback loop,15.0,0.8680555555555556
compile and analyze data obtained from monitoring or diagnostic tests.,learning,15.0,0.8680555555555556
compile and analyze data obtained from monitoring or diagnostic tests.,none,294.0,17.01388888888889
compile and analyze data obtained from monitoring or diagnostic tests.,task iteration,17.0,0.9837962962962963
compile and analyze data obtained from monitoring or diagnostic tests.,validation,97.0,5.613425925925926
compile and evaluate hydrologic information to prepare navigational charts and maps and to predict atmospheric conditions.,directive,24.0,96.0
compile and evaluate hydrologic information to prepare navigational charts and maps and to predict atmospheric conditions.,not_classified,1.0,4.0
compile and format image data to increase its usefulness.,directive,787.0,93.69047619047619
compile and format image data to increase its usefulness.,none,35.0,4.166666666666666
compile and format image data to increase its usefulness.,not_classified,18.0,2.142857142857143
compile and interpret results of tests and analyses.,directive,807.0,77.37296260786194
compile and interpret results of tests and analyses.,learning,19.0,1.821668264621285
compile and interpret results of tests and analyses.,none,101.0,9.683604985618409
compile and interpret results of tests and analyses.,not_classified,14.0,1.342281879194631
compile and interpret results of tests and analyses.,task iteration,16.0,1.5340364333652923
compile and interpret results of tests and analyses.,validation,86.0,8.245445829338447
compile and maintain patients' medical records to document condition and treatment and to provide data for research or cost control and care improvement efforts.,directive,119.0,95.96774193548387
compile and maintain patients' medical records to document condition and treatment and to provide data for research or cost control and care improvement efforts.,not_classified,5.0,4.032258064516129
compile and prepare reports and documents pertaining to personnel activities.,not_classified,15.0,100.0
"compile and record medical charts, reports, or correspondence, using typewriter or personal computer.",directive,83.0,96.51162790697676
"compile and record medical charts, reports, or correspondence, using typewriter or personal computer.",not_classified,3.0,3.488372093023256
"compile and study occupational, educational, and economic information to assist counselees in determining and carrying out vocational and educational objectives.",directive,109.0,83.20610687022901
"compile and study occupational, educational, and economic information to assist counselees in determining and carrying out vocational and educational objectives.",not_classified,22.0,16.793893129770993
"compile and write documentation of program development and subsequent revisions, inserting comments in the coded instructions so others can understand the program.",directive,4621.0,77.59865659109991
"compile and write documentation of program development and subsequent revisions, inserting comments in the coded instructions so others can understand the program.",feedback loop,247.0,4.147774979009236
"compile and write documentation of program development and subsequent revisions, inserting comments in the coded instructions so others can understand the program.",learning,312.0,5.239294710327456
"compile and write documentation of program development and subsequent revisions, inserting comments in the coded instructions so others can understand the program.",none,289.0,4.853064651553317
"compile and write documentation of program development and subsequent revisions, inserting comments in the coded instructions so others can understand the program.",task iteration,437.0,7.3383711167086485
"compile and write documentation of program development and subsequent revisions, inserting comments in the coded instructions so others can understand the program.",validation,49.0,0.8228379513014275
compile bibliographies and prepare abstracts on subjects of interest to particular organizations or groups.,directive,62.0,82.66666666666667
compile bibliographies and prepare abstracts on subjects of interest to particular organizations or groups.,not_classified,13.0,17.333333333333336
compile bibliographies of specialized materials for outside reading assignments.,directive,71.0,81.60919540229885
compile bibliographies of specialized materials for outside reading assignments.,not_classified,16.0,18.39080459770115
"compile information about flights from flight plans, pilot reports, radar, or observations.",directive,28.0,96.55172413793103
"compile information about flights from flight plans, pilot reports, radar, or observations.",not_classified,1.0,3.4482758620689653
compile information or prepare reports on nanotechnology experiments or applications.,directive,22.0,81.48148148148148
compile information or prepare reports on nanotechnology experiments or applications.,not_classified,5.0,18.51851851851852
compile laboratory test data and perform appropriate analyses.,directive,72.0,63.1578947368421
compile laboratory test data and perform appropriate analyses.,not_classified,24.0,21.052631578947366
compile laboratory test data and perform appropriate analyses.,validation,18.0,15.789473684210526
compile lists describing product or service offerings.,directive,15.0,88.23529411764706
compile lists describing product or service offerings.,not_classified,2.0,11.76470588235294
"compile lists of books, periodicals, articles, and audio-visual materials on particular subjects.",directive,50.0,87.71929824561403
"compile lists of books, periodicals, articles, and audio-visual materials on particular subjects.",not_classified,7.0,12.280701754385964
compile or develop materials to submit to granting or other funding organizations.,directive,36.0,100.0
"compile or maintain records of system operation, performance, and maintenance.",directive,17.0,70.83333333333334
"compile or maintain records of system operation, performance, and maintenance.",not_classified,7.0,29.166666666666668
"compile reports, charts, or graphs that describe and interpret findings of analyses.",directive,3108.0,86.52561247216035
"compile reports, charts, or graphs that describe and interpret findings of analyses.",feedback loop,18.0,0.5011135857461024
"compile reports, charts, or graphs that describe and interpret findings of analyses.",learning,73.0,2.032293986636971
"compile reports, charts, or graphs that describe and interpret findings of analyses.",none,222.0,6.180400890868596
"compile reports, charts, or graphs that describe and interpret findings of analyses.",task iteration,48.0,1.3363028953229399
"compile reports, charts, or graphs that describe and interpret findings of analyses.",validation,123.0,3.424276169265034
"compile statistical, financial, accounting, or auditing reports and tables pertaining to such matters as cash receipts, expenditures, accounts payable and receivable, and profits and losses.",directive,96.0,88.88888888888889
"compile statistical, financial, accounting, or auditing reports and tables pertaining to such matters as cash receipts, expenditures, accounts payable and receivable, and profits and losses.",not_classified,12.0,11.11111111111111
"compile statistics from source materials, such as production or sales records, quality-control or test records, time sheets, or survey sheets.",directive,26.0,86.66666666666667
"compile statistics from source materials, such as production or sales records, quality-control or test records, time sheets, or survey sheets.",not_classified,4.0,13.333333333333334
"compile, administer, and grade examinations or assign this work to others.",directive,173.0,83.98058252427184
"compile, administer, and grade examinations or assign this work to others.",not_classified,33.0,16.019417475728158
"compile, administer, and grade examinations, or assign this work to others.",directive,549.0,81.21301775147928
"compile, administer, and grade examinations, or assign this work to others.",learning,22.0,3.2544378698224854
"compile, administer, and grade examinations, or assign this work to others.",none,19.0,2.8106508875739644
"compile, administer, and grade examinations, or assign this work to others.",not_classified,2.0,0.2958579881656805
"compile, administer, and grade examinations, or assign this work to others.",task iteration,17.0,2.514792899408284
"compile, administer, and grade examinations, or assign this work to others.",validation,67.0,9.911242603550296
"compile, analyze, and report data to explain economic phenomena and forecast market trends, applying mathematical models and statistical techniques.",directive,110.0,88.70967741935483
"compile, analyze, and report data to explain economic phenomena and forecast market trends, applying mathematical models and statistical techniques.",not_classified,14.0,11.29032258064516
"compile, log, or record testing or operational data for review and further analysis.",directive,411.0,85.26970954356847
"compile, log, or record testing or operational data for review and further analysis.",none,54.0,11.20331950207469
"compile, log, or record testing or operational data for review and further analysis.",not_classified,17.0,3.5269709543568464
"compile, record, and code results or data from interview or survey, using computer or specified form.",directive,2784.0,87.87878787878788
"compile, record, and code results or data from interview or survey, using computer or specified form.",learning,26.0,0.8207070707070708
"compile, record, and code results or data from interview or survey, using computer or specified form.",none,274.0,8.6489898989899
"compile, record, and code results or data from interview or survey, using computer or specified form.",not_classified,13.0,0.4103535353535354
"compile, record, and code results or data from interview or survey, using computer or specified form.",task iteration,24.0,0.7575757575757576
"compile, record, and code results or data from interview or survey, using computer or specified form.",validation,47.0,1.4835858585858586
"compile, sort and verify the accuracy of data before it is entered.",directive,270.0,90.60402684563759
"compile, sort and verify the accuracy of data before it is entered.",not_classified,10.0,3.3557046979865772
"compile, sort and verify the accuracy of data before it is entered.",validation,18.0,6.0402684563758395
"complete and maintain accurate records or reports regarding the patients' histories and progress, services provided, or other required information.",directive,21.0,80.76923076923077
"complete and maintain accurate records or reports regarding the patients' histories and progress, services provided, or other required information.",not_classified,5.0,19.230769230769234
complete and maintain necessary records.,directive,28.0,62.22222222222222
complete and maintain necessary records.,not_classified,17.0,37.77777777777778
"complete contract forms, prepare change of address records, or issue service discontinuance orders, using computers.",directive,19.0,82.6086956521739
"complete contract forms, prepare change of address records, or issue service discontinuance orders, using computers.",not_classified,4.0,17.391304347826086
complete form letters in response to requests or problems identified by correspondence.,directive,156.0,86.66666666666667
complete form letters in response to requests or problems identified by correspondence.,not_classified,24.0,13.333333333333334
"complete loan applications, including credit analyses and summaries of loan requests, and submit to loan committees for approval.",directive,45.0,88.23529411764706
"complete loan applications, including credit analyses and summaries of loan requests, and submit to loan committees for approval.",not_classified,6.0,11.76470588235294
"complete models and simulations, using manual or automated tools, to analyze or predict system performance under different operating conditions.",directive,129.0,59.44700460829493
"complete models and simulations, using manual or automated tools, to analyze or predict system performance under different operating conditions.",feedback loop,32.0,14.746543778801843
"complete models and simulations, using manual or automated tools, to analyze or predict system performance under different operating conditions.",learning,17.0,7.834101382488479
"complete models and simulations, using manual or automated tools, to analyze or predict system performance under different operating conditions.",none,21.0,9.67741935483871
"complete models and simulations, using manual or automated tools, to analyze or predict system performance under different operating conditions.",not_classified,18.0,8.294930875576037
"complete work schedules, manage calendars, and arrange appointments.",directive,79.0,76.69902912621359
"complete work schedules, manage calendars, and arrange appointments.",none,16.0,15.53398058252427
"complete work schedules, manage calendars, and arrange appointments.",not_classified,8.0,7.766990291262135
"comply with federal, state, and company policies, procedures, and regulations.",not_classified,16.0,100.0
"compose business correspondence for supervisors, managers, and professionals.",directive,60.0,76.92307692307693
"compose business correspondence for supervisors, managers, and professionals.",not_classified,1.0,1.282051282051282
"compose business correspondence for supervisors, managers, and professionals.",task iteration,17.0,21.794871794871796
"compose descriptions of merchandise for posting to online storefront, auction sites, or other shopping web sites.",directive,467.0,84.9090909090909
"compose descriptions of merchandise for posting to online storefront, auction sites, or other shopping web sites.",learning,29.0,5.2727272727272725
"compose descriptions of merchandise for posting to online storefront, auction sites, or other shopping web sites.",none,26.0,4.7272727272727275
"compose descriptions of merchandise for posting to online storefront, auction sites, or other shopping web sites.",not_classified,8.0,1.4545454545454546
"compose descriptions of merchandise for posting to online storefront, auction sites, or other shopping web sites.",task iteration,20.0,3.6363636363636362
compose explanatory summaries of contents of books and other reference materials.,directive,27.0,100.0
"compose images of products, using video or still cameras, lighting equipment, props, or photo or video editing software.",directive,236.0,90.76923076923077
"compose images of products, using video or still cameras, lighting equipment, props, or photo or video editing software.",not_classified,2.0,0.7692307692307693
"compose images of products, using video or still cameras, lighting equipment, props, or photo or video editing software.",task iteration,22.0,8.461538461538462
"compose letters in reply to correspondence concerning such items as requests for merchandise, damage claims, credit information requests, delinquent accounts, incorrect billing, or unsatisfactory service.",directive,147.0,70.33492822966507
"compose letters in reply to correspondence concerning such items as requests for merchandise, damage claims, credit information requests, delinquent accounts, incorrect billing, or unsatisfactory service.",none,19.0,9.090909090909092
"compose letters in reply to correspondence concerning such items as requests for merchandise, damage claims, credit information requests, delinquent accounts, incorrect billing, or unsatisfactory service.",not_classified,8.0,3.827751196172249
"compose letters in reply to correspondence concerning such items as requests for merchandise, damage claims, credit information requests, delinquent accounts, incorrect billing, or unsatisfactory service.",task iteration,35.0,16.74641148325359
"compose original music such as popular songs, symphonies, or sonatas.",directive,62.0,95.38461538461539
"compose original music such as popular songs, symphonies, or sonatas.",not_classified,3.0,4.615384615384616
"compound and dispense medications as prescribed by doctors and dentists, by calculating, weighing, measuring, and mixing ingredients, or oversee these activities.",directive,43.0,74.13793103448276
"compound and dispense medications as prescribed by doctors and dentists, by calculating, weighing, measuring, and mixing ingredients, or oversee these activities.",not_classified,15.0,25.862068965517242
"compute and analyze data, using statistical formulas and computers or calculators.",directive,310.0,84.23913043478261
"compute and analyze data, using statistical formulas and computers or calculators.",none,23.0,6.25
"compute and analyze data, using statistical formulas and computers or calculators.",not_classified,17.0,4.619565217391304
"compute and analyze data, using statistical formulas and computers or calculators.",validation,18.0,4.891304347826087
"compute cost of travel and accommodations, using calculator, computer, carrier tariff books, and hotel rate books, or quote package tour's costs.",directive,20.0,90.9090909090909
"compute cost of travel and accommodations, using calculator, computer, carrier tariff books, and hotel rate books, or quote package tour's costs.",not_classified,2.0,9.090909090909092
"compute data such as gear dimensions and machine settings, applying knowledge of shop mathematics.",directive,91.0,74.59016393442623
"compute data such as gear dimensions and machine settings, applying knowledge of shop mathematics.",not_classified,31.0,25.40983606557377
"compute dimensions, areas, volumes, and weights.",directive,198.0,80.81632653061224
"compute dimensions, areas, volumes, and weights.",none,15.0,6.122448979591836
"compute dimensions, areas, volumes, and weights.",not_classified,17.0,6.938775510204081
"compute dimensions, areas, volumes, and weights.",task iteration,15.0,6.122448979591836
"compute moisture or salt content, percentages of ingredients, formulas, or other product factors, using mathematical and chemical procedures.",directive,84.0,69.42148760330579
"compute moisture or salt content, percentages of ingredients, formulas, or other product factors, using mathematical and chemical procedures.",not_classified,37.0,30.57851239669421
"compute prices for services and receive payment, or provide supervisors with billing information.",directive,252.0,89.36170212765957
"compute prices for services and receive payment, or provide supervisors with billing information.",not_classified,30.0,10.638297872340425
"conduct and score oral, visual, written, or performance tests to determine applicant qualifications and notify applicants of their scores.",directive,69.0,55.2
"conduct and score oral, visual, written, or performance tests to determine applicant qualifications and notify applicants of their scores.",learning,16.0,12.8
"conduct and score oral, visual, written, or performance tests to determine applicant qualifications and notify applicants of their scores.",none,19.0,15.2
"conduct and score oral, visual, written, or performance tests to determine applicant qualifications and notify applicants of their scores.",not_classified,21.0,16.8
"conduct applied research aimed at improvements in areas such as disease testing, crop quality, pharmaceuticals, and the harnessing of microbes to recycle waste.",directive,93.0,80.8695652173913
"conduct applied research aimed at improvements in areas such as disease testing, crop quality, pharmaceuticals, and the harnessing of microbes to recycle waste.",not_classified,22.0,19.130434782608695
"conduct chemical analyses of substances such as acids, alcohols, and enzymes.",directive,34.0,77.27272727272727
"conduct chemical analyses of substances such as acids, alcohols, and enzymes.",not_classified,10.0,22.727272727272727
"conduct classes, workshops, and demonstrations to teach principles, techniques, or methods in subjects, such as basic english language skills, life skills, and workforce entry skills.",directive,246.0,54.54545454545454
"conduct classes, workshops, and demonstrations to teach principles, techniques, or methods in subjects, such as basic english language skills, life skills, and workforce entry skills.",learning,122.0,27.0509977827051
"conduct classes, workshops, and demonstrations to teach principles, techniques, or methods in subjects, such as basic english language skills, life skills, and workforce entry skills.",none,49.0,10.864745011086473
"conduct classes, workshops, and demonstrations to teach principles, techniques, or methods in subjects, such as basic english language skills, life skills, and workforce entry skills.",not_classified,16.0,3.5476718403547673
"conduct classes, workshops, and demonstrations to teach principles, techniques, or methods in subjects, such as basic english language skills, life skills, and workforce entry skills.",task iteration,18.0,3.9911308203991127
"conduct classes, workshops, and demonstrations, and provide individual instruction to teach topics and skills such as cooking, dancing, writing, physical fitness, photography, personal finance, and flying.",directive,188.0,44.54976303317535
"conduct classes, workshops, and demonstrations, and provide individual instruction to teach topics and skills such as cooking, dancing, writing, physical fitness, photography, personal finance, and flying.",feedback loop,19.0,4.502369668246446
"conduct classes, workshops, and demonstrations, and provide individual instruction to teach topics and skills such as cooking, dancing, writing, physical fitness, photography, personal finance, and flying.",learning,122.0,28.90995260663507
"conduct classes, workshops, and demonstrations, and provide individual instruction to teach topics and skills such as cooking, dancing, writing, physical fitness, photography, personal finance, and flying.",none,56.0,13.270142180094787
"conduct classes, workshops, and demonstrations, and provide individual instruction to teach topics and skills such as cooking, dancing, writing, physical fitness, photography, personal finance, and flying.",not_classified,4.0,0.9478672985781991
"conduct classes, workshops, and demonstrations, and provide individual instruction to teach topics and skills such as cooking, dancing, writing, physical fitness, photography, personal finance, and flying.",task iteration,33.0,7.819905213270142
conduct client or market surveys to obtain information about potential customers.,not_classified,16.0,100.0
"conduct demonstrations to teach such skills as sports, dancing, and handicrafts.",directive,24.0,40.67796610169492
"conduct demonstrations to teach such skills as sports, dancing, and handicrafts.",none,17.0,28.8135593220339
"conduct demonstrations to teach such skills as sports, dancing, and handicrafts.",not_classified,18.0,30.508474576271187
conduct economic or commercial surveys to identify potential markets for products or services.,directive,83.0,90.21739130434783
conduct economic or commercial surveys to identify potential markets for products or services.,not_classified,9.0,9.782608695652174
conduct experimental or virtual studies to investigate characteristics and processing principles of potential microelectromechanical systems (mems) technology.,not_classified,29.0,100.0
"conduct field surveys or study maps, graphs, diagrams, or other data to identify and correct power system problems.",not_classified,18.0,100.0
"conduct historical research, and publish or present findings and theories.",directive,25.0,58.139534883720934
"conduct historical research, and publish or present findings and theories.",not_classified,18.0,41.86046511627907
"conduct in-depth investigations of suspicious financial activity, such as suspected money-laundering efforts.",directive,33.0,78.57142857142857
"conduct in-depth investigations of suspicious financial activity, such as suspected money-laundering efforts.",not_classified,9.0,21.428571428571427
"conduct individual, group, or family psychotherapy for those with chronic or acute mental disorders.",learning,18.0,69.23076923076923
"conduct individual, group, or family psychotherapy for those with chronic or acute mental disorders.",not_classified,8.0,30.76923076923077
conduct internet-based and library research.,directive,932.0,83.36314847942755
conduct internet-based and library research.,learning,94.0,8.407871198568873
conduct internet-based and library research.,none,45.0,4.025044722719142
conduct internet-based and library research.,not_classified,8.0,0.7155635062611807
conduct internet-based and library research.,task iteration,22.0,1.9677996422182469
conduct internet-based and library research.,validation,17.0,1.520572450805009
"conduct interviews or surveys of users or customers to collect information on topics such as requirements, needs, fatigue, ergonomics, or interfaces.",directive,30.0,54.54545454545454
"conduct interviews or surveys of users or customers to collect information on topics such as requirements, needs, fatigue, ergonomics, or interfaces.",none,18.0,32.72727272727273
"conduct interviews or surveys of users or customers to collect information on topics such as requirements, needs, fatigue, ergonomics, or interfaces.",not_classified,7.0,12.727272727272727
"conduct logical analyses of business, scientific, engineering, and other technical problems, formulating mathematical models of problems for solution by computers.",directive,3337.0,73.32454405625137
"conduct logical analyses of business, scientific, engineering, and other technical problems, formulating mathematical models of problems for solution by computers.",feedback loop,156.0,3.4278180619644036
"conduct logical analyses of business, scientific, engineering, and other technical problems, formulating mathematical models of problems for solution by computers.",learning,247.0,5.427378598110305
"conduct logical analyses of business, scientific, engineering, and other technical problems, formulating mathematical models of problems for solution by computers.",none,510.0,11.206328279499012
"conduct logical analyses of business, scientific, engineering, and other technical problems, formulating mathematical models of problems for solution by computers.",task iteration,151.0,3.3179520984399034
"conduct logical analyses of business, scientific, engineering, and other technical problems, formulating mathematical models of problems for solution by computers.",validation,150.0,3.2959789057350033
"conduct market research analysis to identify search query trends, real-time search and news media activity, popular social media topics, electronic commerce trends, market opportunities, or competitor performance.",directive,253.0,85.76271186440678
"conduct market research analysis to identify search query trends, real-time search and news media activity, popular social media topics, electronic commerce trends, market opportunities, or competitor performance.",not_classified,25.0,8.47457627118644
"conduct market research analysis to identify search query trends, real-time search and news media activity, popular social media topics, electronic commerce trends, market opportunities, or competitor performance.",task iteration,17.0,5.762711864406779
conduct market research and analyze industry trends.,directive,180.0,84.11214953271028
conduct market research and analyze industry trends.,learning,19.0,8.878504672897195
conduct market research and analyze industry trends.,not_classified,15.0,7.009345794392523
conduct materials test and analysis using tools and equipment and applying engineering knowledge.,directive,479.0,82.16123499142367
conduct materials test and analysis using tools and equipment and applying engineering knowledge.,learning,28.0,4.802744425385934
conduct materials test and analysis using tools and equipment and applying engineering knowledge.,none,16.0,2.7444253859348198
conduct materials test and analysis using tools and equipment and applying engineering knowledge.,not_classified,13.0,2.2298456260720414
conduct materials test and analysis using tools and equipment and applying engineering knowledge.,task iteration,19.0,3.2590051457975986
conduct materials test and analysis using tools and equipment and applying engineering knowledge.,validation,28.0,4.802744425385934
"conduct medical research to aid in controlling and curing disease, to investigate new medications, and to develop and test new medical techniques.",directive,20.0,80.0
"conduct medical research to aid in controlling and curing disease, to investigate new medications, and to develop and test new medical techniques.",not_classified,5.0,20.0
"conduct needs assessments or surveys to determine interest in, or satisfaction with, wellness and fitness programs, events, or services.",none,15.0,65.21739130434783
"conduct needs assessments or surveys to determine interest in, or satisfaction with, wellness and fitness programs, events, or services.",not_classified,8.0,34.78260869565217
"conduct nutritional assessments of individuals, including obtaining and evaluating individuals' dietary histories, to plan nutritional programs.",directive,66.0,95.65217391304348
"conduct nutritional assessments of individuals, including obtaining and evaluating individuals' dietary histories, to plan nutritional programs.",not_classified,3.0,4.3478260869565215
"conduct on-the-job training classes or training sessions to teach and demonstrate principles, techniques, procedures, or methods of designated subjects.",learning,20.0,32.25806451612903
"conduct on-the-job training classes or training sessions to teach and demonstrate principles, techniques, procedures, or methods of designated subjects.",none,19.0,30.64516129032258
"conduct on-the-job training classes or training sessions to teach and demonstrate principles, techniques, procedures, or methods of designated subjects.",not_classified,23.0,37.096774193548384
"conduct online marketing initiatives, such as paid ad placement, affiliate programs, sponsorship programs, email promotions, or viral marketing campaigns on social media web sites.",directive,38.0,92.6829268292683
"conduct online marketing initiatives, such as paid ad placement, affiliate programs, sponsorship programs, email promotions, or viral marketing campaigns on social media web sites.",not_classified,3.0,7.317073170731707
"conduct or oversee collection of corporate intelligence to avoid fraud, financial crime, cyber-attack, terrorism, and infrastructure failure.",directive,115.0,87.78625954198473
"conduct or oversee collection of corporate intelligence to avoid fraud, financial crime, cyber-attack, terrorism, and infrastructure failure.",not_classified,16.0,12.213740458015266
conduct own research in field of expertise.,directive,31.0,64.58333333333334
conduct own research in field of expertise.,not_classified,17.0,35.41666666666667
conduct quality analyses of data inputs and resulting analyses or predictions.,directive,548.0,47.16006884681583
conduct quality analyses of data inputs and resulting analyses or predictions.,none,146.0,12.564543889845096
conduct quality analyses of data inputs and resulting analyses or predictions.,not_classified,16.0,1.376936316695353
conduct quality analyses of data inputs and resulting analyses or predictions.,task iteration,15.0,1.2908777969018932
conduct quality analyses of data inputs and resulting analyses or predictions.,validation,437.0,37.607573149741825
conduct reference or background checks on job applicants.,directive,15.0,83.33333333333334
conduct reference or background checks on job applicants.,not_classified,3.0,16.666666666666664
"conduct reference searches, using printed materials and in-house and online databases.",directive,151.0,67.41071428571429
"conduct reference searches, using printed materials and in-house and online databases.",learning,42.0,18.75
"conduct reference searches, using printed materials and in-house and online databases.",none,21.0,9.375
"conduct reference searches, using printed materials and in-house and online databases.",not_classified,10.0,4.464285714285714
conduct research and interviews to determine which of a product's selling features should be promoted.,directive,17.0,94.44444444444444
conduct research and interviews to determine which of a product's selling features should be promoted.,not_classified,1.0,5.555555555555555
conduct research and present scientific findings.,directive,32.0,61.53846153846154
conduct research and present scientific findings.,not_classified,20.0,38.46153846153847
"conduct research in a particular field of knowledge and present findings in professional journals, books, electronic media, or at professional conferences.",directive,268.0,67.84810126582278
"conduct research in a particular field of knowledge and present findings in professional journals, books, electronic media, or at professional conferences.",learning,79.0,20.0
"conduct research in a particular field of knowledge and present findings in professional journals, books, electronic media, or at professional conferences.",not_classified,31.0,7.848101265822785
"conduct research in a particular field of knowledge and present findings in professional journals, books, electronic media, or at professional conferences.",task iteration,17.0,4.30379746835443
"conduct research in a particular field of knowledge and publish findings in books, professional journals, or electronic media.",directive,295.0,74.8730964467005
"conduct research in a particular field of knowledge and publish findings in books, professional journals, or electronic media.",learning,44.0,11.16751269035533
"conduct research in a particular field of knowledge and publish findings in books, professional journals, or electronic media.",not_classified,32.0,8.121827411167512
"conduct research in a particular field of knowledge and publish findings in books, professional journals, or electronic media.",task iteration,23.0,5.83756345177665
"conduct research in a particular field of knowledge and publish findings in professional journals, books, or electronic media.",directive,957.0,76.49880095923261
"conduct research in a particular field of knowledge and publish findings in professional journals, books, or electronic media.",feedback loop,29.0,2.3181454836131095
"conduct research in a particular field of knowledge and publish findings in professional journals, books, or electronic media.",learning,124.0,9.91207034372502
"conduct research in a particular field of knowledge and publish findings in professional journals, books, or electronic media.",none,44.0,3.5171862509992007
"conduct research in a particular field of knowledge and publish findings in professional journals, books, or electronic media.",not_classified,1.0,0.07993605115907274
"conduct research in a particular field of knowledge and publish findings in professional journals, books, or electronic media.",task iteration,71.0,5.675459632294165
"conduct research in a particular field of knowledge and publish findings in professional journals, books, or electronic media.",validation,25.0,1.9984012789768184
"conduct research in a particular field of knowledge and publish findings in scholarly journals, books, or electronic media.",directive,211.0,73.26388888888889
"conduct research in a particular field of knowledge and publish findings in scholarly journals, books, or electronic media.",learning,39.0,13.541666666666666
"conduct research in a particular field of knowledge and publish findings in scholarly journals, books, or electronic media.",not_classified,23.0,7.986111111111111
"conduct research in a particular field of knowledge and publish findings in scholarly journals, books, or electronic media.",task iteration,15.0,5.208333333333334
"conduct research on consumer opinions and buying habits, and identify target audiences for green products, services, or technologies.",directive,42.0,80.76923076923077
"conduct research on consumer opinions and buying habits, and identify target audiences for green products, services, or technologies.",not_classified,10.0,19.230769230769234
"conduct research on consumer opinions and marketing strategies, collaborating with marketing professionals, statisticians, pollsters, and other professionals.",directive,96.0,79.33884297520662
"conduct research on consumer opinions and marketing strategies, collaborating with marketing professionals, statisticians, pollsters, and other professionals.",not_classified,25.0,20.66115702479339
conduct research on economic issues and disseminate research findings through technical reports or scientific articles in journals.,directive,25.0,69.44444444444444
conduct research on economic issues and disseminate research findings through technical reports or scientific articles in journals.,not_classified,11.0,30.555555555555557
"conduct research or assist in the conduct of research, including the collection of information and samples, such as blood, water, soil, plants and animals.",directive,138.0,78.4090909090909
"conduct research or assist in the conduct of research, including the collection of information and samples, such as blood, water, soil, plants and animals.",learning,23.0,13.068181818181818
"conduct research or assist in the conduct of research, including the collection of information and samples, such as blood, water, soil, plants and animals.",not_classified,15.0,8.522727272727272
"conduct research that tests or analyzes the feasibility, design, operation, or performance of equipment, components, or systems.",directive,17.0,56.666666666666664
"conduct research that tests or analyzes the feasibility, design, operation, or performance of equipment, components, or systems.",not_classified,13.0,43.333333333333336
"conduct research to develop methodologies, instrumentation, and procedures for medical application, analyzing data and presenting findings to the scientific audience and general public.",directive,26.0,81.25
"conduct research to develop methodologies, instrumentation, and procedures for medical application, analyzing data and presenting findings to the scientific audience and general public.",not_classified,6.0,18.75
"conduct research to extend mathematical knowledge in traditional areas, such as algebra, geometry, probability, and logic.",directive,274.0,73.65591397849462
"conduct research to extend mathematical knowledge in traditional areas, such as algebra, geometry, probability, and logic.",feedback loop,68.0,18.27956989247312
"conduct research to extend mathematical knowledge in traditional areas, such as algebra, geometry, probability, and logic.",not_classified,14.0,3.763440860215054
"conduct research to extend mathematical knowledge in traditional areas, such as algebra, geometry, probability, and logic.",task iteration,16.0,4.301075268817205
conduct research to gather information about survey topics.,directive,816.0,78.3109404990403
conduct research to gather information about survey topics.,learning,81.0,7.773512476007678
conduct research to gather information about survey topics.,none,98.0,9.404990403071018
conduct research to gather information about survey topics.,not_classified,22.0,2.111324376199616
conduct research to gather information about survey topics.,validation,25.0,2.399232245681382
conduct research to generate new knowledge that can be used to address learning and behavior issues.,directive,62.0,70.45454545454545
conduct research to generate new knowledge that can be used to address learning and behavior issues.,not_classified,26.0,29.545454545454547
"conduct research to identify the goals, net worth, history of charitable donations, or other data related to potential donors, potential investors, or general donor markets.",directive,66.0,97.05882352941177
"conduct research to identify the goals, net worth, history of charitable donations, or other data related to potential donors, potential investors, or general donor markets.",not_classified,2.0,2.941176470588235
"conduct research, along with life scientists, chemists, and medical scientists, on the engineering aspects of the biological systems of humans and animals.",directive,33.0,82.5
"conduct research, along with life scientists, chemists, and medical scientists, on the engineering aspects of the biological systems of humans and animals.",not_classified,7.0,17.5
"conduct research, compile data, and prepare papers for consideration and presentation by executives, committees, and boards of directors.",directive,318.0,82.8125
"conduct research, compile data, and prepare papers for consideration and presentation by executives, committees, and boards of directors.",learning,16.0,4.166666666666666
"conduct research, compile data, and prepare papers for consideration and presentation by executives, committees, and boards of directors.",not_classified,21.0,5.46875
"conduct research, compile data, and prepare papers for consideration and presentation by executives, committees, and boards of directors.",task iteration,29.0,7.552083333333333
"conduct searches to find needed information, using such sources as the internet.",directive,2947.0,87.37029350726357
"conduct searches to find needed information, using such sources as the internet.",feedback loop,32.0,0.9487103468722206
"conduct searches to find needed information, using such sources as the internet.",learning,128.0,3.7948413874888822
"conduct searches to find needed information, using such sources as the internet.",none,172.0,5.099318114438186
"conduct searches to find needed information, using such sources as the internet.",task iteration,24.0,0.7115327601541654
"conduct searches to find needed information, using such sources as the internet.",validation,70.0,2.0753038837829823
"conduct seminars or workshops on financial planning topics, such as retirement planning, estate planning, or the evaluation of severance packages.",directive,34.0,79.06976744186046
"conduct seminars or workshops on financial planning topics, such as retirement planning, estate planning, or the evaluation of severance packages.",not_classified,9.0,20.930232558139537
conduct social research.,directive,35.0,63.63636363636363
conduct social research.,not_classified,20.0,36.36363636363637
conduct specified laboratory tests.,directive,34.0,77.27272727272727
conduct specified laboratory tests.,not_classified,10.0,22.727272727272727
"conduct standardized biological, microbiological or biochemical tests and laboratory analyses to evaluate the quantity or quality of physical or chemical substances in food or other products.",directive,17.0,89.47368421052632
"conduct standardized biological, microbiological or biochemical tests and laboratory analyses to evaluate the quantity or quality of physical or chemical substances in food or other products.",not_classified,2.0,10.526315789473683
"conduct surveys and collect data, using methods such as interviews, questionnaires, focus groups, market analysis surveys, public opinion polls, literature reviews, and file reviews.",directive,311.0,77.94486215538848
"conduct surveys and collect data, using methods such as interviews, questionnaires, focus groups, market analysis surveys, public opinion polls, literature reviews, and file reviews.",none,53.0,13.283208020050125
"conduct surveys and collect data, using methods such as interviews, questionnaires, focus groups, market analysis surveys, public opinion polls, literature reviews, and file reviews.",not_classified,35.0,8.771929824561402
"conduct threat or vulnerability analyses to determine probable frequency, criticality, consequence, or severity of natural or man-made disasters or criminal activity on the organization's profitability or delivery of products or services.",directive,194.0,95.56650246305419
"conduct threat or vulnerability analyses to determine probable frequency, criticality, consequence, or severity of natural or man-made disasters or criminal activity on the organization's profitability or delivery of products or services.",not_classified,9.0,4.433497536945813
confer with clients regarding the nature of the information processing or computation needs a computer program is to address.,directive,329.0,32.965931863727455
confer with clients regarding the nature of the information processing or computation needs a computer program is to address.,learning,327.0,32.765531062124246
confer with clients regarding the nature of the information processing or computation needs a computer program is to address.,none,260.0,26.052104208416832
confer with clients regarding the nature of the information processing or computation needs a computer program is to address.,not_classified,13.0,1.3026052104208417
confer with clients regarding the nature of the information processing or computation needs a computer program is to address.,task iteration,52.0,5.210420841683367
confer with clients regarding the nature of the information processing or computation needs a computer program is to address.,validation,17.0,1.7034068136272544
"confer with clients to determine objectives, budget, background information, and presentation approaches, styles, and techniques.",directive,16.0,64.0
"confer with clients to determine objectives, budget, background information, and presentation approaches, styles, and techniques.",not_classified,9.0,36.0
"confer with clients to develop strategies for their careers, and to explain actions taken on their behalf.",directive,89.0,58.55263157894737
"confer with clients to develop strategies for their careers, and to explain actions taken on their behalf.",none,29.0,19.078947368421055
"confer with clients to develop strategies for their careers, and to explain actions taken on their behalf.",not_classified,18.0,11.842105263157894
"confer with clients to develop strategies for their careers, and to explain actions taken on their behalf.",task iteration,16.0,10.526315789473683
confer with clients to provide marketing or technical advice.,directive,46.0,56.09756097560976
confer with clients to provide marketing or technical advice.,not_classified,36.0,43.90243902439025
"confer with clients, editors, writers, art directors, and other interested parties regarding the nature and content of artwork to be produced.",directive,18.0,50.0
"confer with clients, editors, writers, art directors, and other interested parties regarding the nature and content of artwork to be produced.",not_classified,18.0,50.0
"confer with company officials to develop methods and procedures to increase sales, expand markets, and promote business.",directive,38.0,67.85714285714286
"confer with company officials to develop methods and procedures to increase sales, expand markets, and promote business.",not_classified,18.0,32.142857142857146
confer with customers and engineers to assess equipment needs and to determine system requirements.,directive,17.0,77.27272727272727
confer with customers and engineers to assess equipment needs and to determine system requirements.,not_classified,5.0,22.727272727272727
"confer with customers by telephone or in person to provide information about products or services, take or enter orders, cancel accounts, or obtain details of complaints.",directive,448.0,66.96562032884903
"confer with customers by telephone or in person to provide information about products or services, take or enter orders, cancel accounts, or obtain details of complaints.",feedback loop,30.0,4.484304932735426
"confer with customers by telephone or in person to provide information about products or services, take or enter orders, cancel accounts, or obtain details of complaints.",learning,29.0,4.334828101644246
"confer with customers by telephone or in person to provide information about products or services, take or enter orders, cancel accounts, or obtain details of complaints.",none,143.0,21.37518684603886
"confer with customers by telephone or in person to provide information about products or services, take or enter orders, cancel accounts, or obtain details of complaints.",not_classified,19.0,2.8400597907324365
"confer with customers or supervising personnel to address questions, problems, or requests for service or equipment.",not_classified,16.0,100.0
confer with customers to assess customer needs or obtain feedback.,directive,142.0,59.91561181434599
confer with customers to assess customer needs or obtain feedback.,none,63.0,26.582278481012654
confer with customers to assess customer needs or obtain feedback.,not_classified,32.0,13.502109704641349
confer with customers to determine the nature of malfunctions.,directive,19.0,79.16666666666666
confer with customers to determine the nature of malfunctions.,not_classified,5.0,20.833333333333336
confer with customers to determine the nature of problems or to explain repairs.,directive,19.0,76.0
confer with customers to determine the nature of problems or to explain repairs.,not_classified,6.0,24.0
confer with customers to determine their service requirements and travel preferences.,directive,46.0,79.3103448275862
confer with customers to determine their service requirements and travel preferences.,not_classified,12.0,20.689655172413794
"confer with customers, supervisors, contractors, or other personnel to exchange information or to resolve problems.",directive,16.0,66.66666666666666
"confer with customers, supervisors, contractors, or other personnel to exchange information or to resolve problems.",not_classified,8.0,33.33333333333333
"confer with establishment personnel, vendors, or customers to coordinate production or shipping activities and to resolve complaints or eliminate delays.",not_classified,17.0,100.0
confer with marketing and sales departments to define client requirements and expectations.,directive,27.0,87.09677419354838
confer with marketing and sales departments to define client requirements and expectations.,not_classified,4.0,12.903225806451612
confer with potential customers regarding equipment needs and advise customers on types of equipment to purchase.,directive,37.0,80.43478260869566
confer with potential customers regarding equipment needs and advise customers on types of equipment to purchase.,not_classified,9.0,19.565217391304348
confer with research personnel to clarify or resolve problems and to develop or modify designs.,not_classified,16.0,100.0
"confer with scientists or engineers to conduct analyses of research projects, interpret test results, or develop nonstandard tests.",directive,15.0,41.66666666666667
"confer with scientists or engineers to conduct analyses of research projects, interpret test results, or develop nonstandard tests.",not_classified,21.0,58.333333333333336
"confer with supervisory personnel, owners, contractors, or design professionals to discuss and resolve matters, such as work procedures, complaints, or construction problems.",not_classified,15.0,100.0
"confer with systems analysts, engineers, programmers and others to design system and to obtain information on project limitations and capabilities, performance requirements and interfaces.",directive,27.0,51.92307692307693
"confer with systems analysts, engineers, programmers and others to design system and to obtain information on project limitations and capabilities, performance requirements and interfaces.",not_classified,25.0,48.07692307692308
"confer with users to analyze, configure, or troubleshoot applications.",directive,42.0,77.77777777777779
"confer with users to analyze, configure, or troubleshoot applications.",not_classified,12.0,22.22222222222222
configure security settings or access permissions for groups or individuals.,directive,324.0,38.028169014084504
configure security settings or access permissions for groups or individuals.,feedback loop,15.0,1.7605633802816902
configure security settings or access permissions for groups or individuals.,learning,17.0,1.9953051643192488
configure security settings or access permissions for groups or individuals.,none,380.0,44.60093896713615
configure security settings or access permissions for groups or individuals.,not_classified,9.0,1.056338028169014
configure security settings or access permissions for groups or individuals.,validation,107.0,12.55868544600939
configure servers to meet functional specifications.,directive,820.0,50.931677018633536
configure servers to meet functional specifications.,feedback loop,497.0,30.869565217391305
configure servers to meet functional specifications.,learning,80.0,4.968944099378882
configure servers to meet functional specifications.,none,97.0,6.024844720496894
configure servers to meet functional specifications.,task iteration,85.0,5.279503105590062
configure servers to meet functional specifications.,validation,31.0,1.9254658385093166
"configure, monitor, and maintain email applications or virus protection software.",directive,22.0,73.33333333333333
"configure, monitor, and maintain email applications or virus protection software.",not_classified,8.0,26.666666666666668
"consult sources such as rate books, manuals, or insurance company representatives to determine specific charges or information such as rules, regulations, or government tax and tariff information.",directive,28.0,90.32258064516128
"consult sources such as rate books, manuals, or insurance company representatives to determine specific charges or information such as rules, regulations, or government tax and tariff information.",not_classified,3.0,9.67741935483871
"consult with advertising agencies or staff to arrange promotional campaigns in all types of media for products, organizations, or individuals.",directive,23.0,85.18518518518519
"consult with advertising agencies or staff to arrange promotional campaigns in all types of media for products, organizations, or individuals.",not_classified,4.0,14.814814814814813
"consult with and advise physicians, educators, researchers, government health officials and others regarding medical applications of sciences, such as physics, biology, and chemistry.",learning,24.0,55.81395348837209
"consult with and advise physicians, educators, researchers, government health officials and others regarding medical applications of sciences, such as physics, biology, and chemistry.",not_classified,19.0,44.18604651162791
consult with and assist computer operators or system analysts to define and resolve problems in running computer programs.,directive,59.0,24.380165289256198
consult with and assist computer operators or system analysts to define and resolve problems in running computer programs.,feedback loop,37.0,15.289256198347106
consult with and assist computer operators or system analysts to define and resolve problems in running computer programs.,learning,76.0,31.40495867768595
consult with and assist computer operators or system analysts to define and resolve problems in running computer programs.,none,54.0,22.31404958677686
consult with and assist computer operators or system analysts to define and resolve problems in running computer programs.,not_classified,16.0,6.6115702479338845
consult with clients after sales or contract signings to resolve problems and to provide ongoing support.,directive,45.0,52.94117647058824
consult with clients after sales or contract signings to resolve problems and to provide ongoing support.,none,19.0,22.35294117647059
consult with clients after sales or contract signings to resolve problems and to provide ongoing support.,not_classified,21.0,24.705882352941178
consult with clients to assess risks and to determine security requirements.,directive,88.0,93.61702127659575
consult with clients to assess risks and to determine security requirements.,not_classified,6.0,6.382978723404255
"consult with clients, vendors, personnel in other departments or construction foremen to discuss and formulate estimates and resolve issues.",directive,37.0,71.15384615384616
"consult with clients, vendors, personnel in other departments or construction foremen to discuss and formulate estimates and resolve issues.",not_classified,15.0,28.846153846153843
consult with customers about software system design and maintenance.,directive,37.0,41.11111111111111
consult with customers about software system design and maintenance.,learning,22.0,24.444444444444443
consult with customers about software system design and maintenance.,not_classified,13.0,14.444444444444443
consult with customers about software system design and maintenance.,task iteration,18.0,20.0
"consult with customers or other departments on project status, proposals, or technical issues, such as software system design or maintenance.",not_classified,25.0,100.0
"consult with customers to determine objectives and requirements for events such as meetings, conferences, and conventions.",not_classified,21.0,100.0
consult with multiple stakeholders to define requirements and implement online features.,directive,183.0,45.75
consult with multiple stakeholders to define requirements and implement online features.,feedback loop,17.0,4.25
consult with multiple stakeholders to define requirements and implement online features.,learning,103.0,25.75
consult with multiple stakeholders to define requirements and implement online features.,none,53.0,13.25
consult with multiple stakeholders to define requirements and implement online features.,not_classified,7.0,1.7500000000000002
consult with multiple stakeholders to define requirements and implement online features.,task iteration,37.0,9.25
"consult with researchers to analyze problems, recommend technology-based solutions, or determine computational strategies.",directive,19.0,61.29032258064516
"consult with researchers to analyze problems, recommend technology-based solutions, or determine computational strategies.",not_classified,12.0,38.70967741935484
"consult with users, management, vendors, and technicians to assess computing needs and system requirements.",directive,85.0,65.38461538461539
"consult with users, management, vendors, and technicians to assess computing needs and system requirements.",learning,16.0,12.307692307692308
"consult with users, management, vendors, and technicians to assess computing needs and system requirements.",not_classified,13.0,10.0
"consult with users, management, vendors, and technicians to assess computing needs and system requirements.",task iteration,16.0,12.307692307692308
"consult with users, management, vendors, and technicians to determine computing needs and system requirements.",directive,54.0,62.7906976744186
"consult with users, management, vendors, and technicians to determine computing needs and system requirements.",not_classified,32.0,37.2093023255814
"consult with writers, producers, or actors about script changes or ""workshop"" scripts, through rehearsal with writers and actors to create final drafts.",directive,17.0,60.71428571428571
"consult with writers, producers, or actors about script changes or ""workshop"" scripts, through rehearsal with writers and actors to create final drafts.",not_classified,11.0,39.285714285714285
contact borrowers with delinquent accounts to obtain payment in full or to negotiate repayment plans.,directive,19.0,63.33333333333333
contact borrowers with delinquent accounts to obtain payment in full or to negotiate repayment plans.,not_classified,11.0,36.666666666666664
"contact businesses or private individuals by telephone to solicit sales for goods or services, or to request donations for charitable causes.",directive,92.0,66.66666666666666
"contact businesses or private individuals by telephone to solicit sales for goods or services, or to request donations for charitable causes.",none,39.0,28.26086956521739
"contact businesses or private individuals by telephone to solicit sales for goods or services, or to request donations for charitable causes.",not_classified,7.0,5.072463768115942
contact carriers for rates or schedules.,directive,21.0,75.0
contact carriers for rates or schedules.,not_classified,7.0,25.0
"contact clients in person, by phone, or in writing to ensure they have completed required or recommended actions.",not_classified,25.0,100.0
contact clients periodically to determine any changes in their financial status.,not_classified,20.0,100.0
contact creditors to explain clients' financial situations and to arrange for payment adjustments so that payments are feasible for clients and agreeable to creditors.,directive,27.0,77.14285714285715
contact creditors to explain clients' financial situations and to arrange for payment adjustments so that payments are feasible for clients and agreeable to creditors.,not_classified,8.0,22.857142857142858
contact customers to obtain or relay account information.,directive,36.0,72.0
contact customers to obtain or relay account information.,not_classified,14.0,28.000000000000004
contact customers to persuade them to purchase merchandise or services.,directive,188.0,72.03065134099617
contact customers to persuade them to purchase merchandise or services.,none,54.0,20.689655172413794
contact customers to persuade them to purchase merchandise or services.,not_classified,19.0,7.2796934865900385
contact job applicants to inform them of the status of their applications.,directive,105.0,69.07894736842105
contact job applicants to inform them of the status of their applications.,none,42.0,27.631578947368425
contact job applicants to inform them of the status of their applications.,not_classified,5.0,3.289473684210526
contact new or existing customers to discuss how specific products or services can meet their needs.,directive,2592.0,80.14842300556586
contact new or existing customers to discuss how specific products or services can meet their needs.,feedback loop,48.0,1.4842300556586272
contact new or existing customers to discuss how specific products or services can meet their needs.,learning,146.0,4.5145330859616575
contact new or existing customers to discuss how specific products or services can meet their needs.,none,373.0,11.533704390847248
contact new or existing customers to discuss how specific products or services can meet their needs.,task iteration,54.0,1.6697588126159555
contact new or existing customers to discuss how specific products or services can meet their needs.,validation,21.0,0.6493506493506493
contact organizations to explain services and facilities offered.,directive,75.0,88.23529411764706
contact organizations to explain services and facilities offered.,not_classified,10.0,11.76470588235294
"contact prospective customers to determine customer needs, present information, or explain available services.",directive,2104.0,91.51805132666377
"contact prospective customers to determine customer needs, present information, or explain available services.",learning,20.0,0.8699434536755112
"contact prospective customers to determine customer needs, present information, or explain available services.",none,116.0,5.045672031317965
"contact prospective customers to determine customer needs, present information, or explain available services.",not_classified,17.0,0.7394519356241844
"contact prospective customers to determine customer needs, present information, or explain available services.",task iteration,42.0,1.8268812527185732
contact prospective customers to present information and explain available services.,directive,1539.0,87.84246575342466
contact prospective customers to present information and explain available services.,learning,36.0,2.054794520547945
contact prospective customers to present information and explain available services.,none,148.0,8.447488584474886
contact prospective customers to present information and explain available services.,not_classified,14.0,0.7990867579908676
contact prospective customers to present information and explain available services.,task iteration,15.0,0.8561643835616438
"contact regular and prospective customers to demonstrate products, explain product features, and solicit orders.",directive,71.0,83.52941176470588
"contact regular and prospective customers to demonstrate products, explain product features, and solicit orders.",not_classified,14.0,16.470588235294116
"contribute to the compilation, organization, and production of protocols, clinical study reports, regulatory submissions, or other controlled documentation.",directive,96.0,86.48648648648648
"contribute to the compilation, organization, and production of protocols, clinical study reports, regulatory submissions, or other controlled documentation.",not_classified,15.0,13.513513513513514
"converse with customer to determine destination, mode of transportation, travel dates, financial considerations, and accommodations required.",directive,95.0,65.97222222222221
"converse with customer to determine destination, mode of transportation, travel dates, financial considerations, and accommodations required.",none,28.0,19.444444444444446
"converse with customer to determine destination, mode of transportation, travel dates, financial considerations, and accommodations required.",not_classified,21.0,14.583333333333334
converse with customers to determine details of equipment problems.,not_classified,20.0,100.0
"convert various types of files for printing or for the internet, using computer software.",directive,148.0,98.01324503311258
"convert various types of files for printing or for the internet, using computer software.",not_classified,3.0,1.9867549668874174
coordinate activities with other departments to ensure that services are provided in an efficient and timely manner.,directive,20.0,54.054054054054056
coordinate activities with other departments to ensure that services are provided in an efficient and timely manner.,not_classified,17.0,45.94594594594595
coordinate and link the computer systems within an organization to increase compatibility and so information can be shared.,directive,29.0,74.35897435897436
coordinate and link the computer systems within an organization to increase compatibility and so information can be shared.,not_classified,10.0,25.64102564102564
coordinate appointments to show homes to prospective buyers.,directive,111.0,81.61764705882352
coordinate appointments to show homes to prospective buyers.,feedback loop,15.0,11.029411764705882
coordinate appointments to show homes to prospective buyers.,not_classified,10.0,7.352941176470589
"coordinate communication between patients, family members, medical staff, administrative staff, or regulatory agencies.",directive,21.0,75.0
"coordinate communication between patients, family members, medical staff, administrative staff, or regulatory agencies.",not_classified,7.0,25.0
coordinate due diligence processes and the negotiation or execution of purchase or sale agreements.,directive,86.0,92.47311827956989
coordinate due diligence processes and the negotiation or execution of purchase or sale agreements.,not_classified,7.0,7.526881720430108
coordinate implementation of computer system plan with establishment personnel and outside vendors.,directive,249.0,63.1979695431472
coordinate implementation of computer system plan with establishment personnel and outside vendors.,feedback loop,59.0,14.974619289340103
coordinate implementation of computer system plan with establishment personnel and outside vendors.,learning,23.0,5.83756345177665
coordinate implementation of computer system plan with establishment personnel and outside vendors.,none,40.0,10.152284263959391
coordinate implementation of computer system plan with establishment personnel and outside vendors.,not_classified,7.0,1.7766497461928936
coordinate implementation of computer system plan with establishment personnel and outside vendors.,task iteration,16.0,4.060913705583756
"coordinate or perform activities associated with shipping, receiving, distribution, or transportation.",directive,93.0,71.53846153846153
"coordinate or perform activities associated with shipping, receiving, distribution, or transportation.",none,28.0,21.53846153846154
"coordinate or perform activities associated with shipping, receiving, distribution, or transportation.",not_classified,9.0,6.923076923076923
"coordinate sales or other promotional strategies with merchandising, operations, or inventory control staff to ensure product catalogs are current, accurate, and organized for best findability against user intent.",directive,63.0,100.0
"coordinate services for events, such as accommodation and transportation for participants, facilities, catering, signage, displays, special needs requirements, printing and event security.",directive,36.0,63.1578947368421
"coordinate services for events, such as accommodation and transportation for participants, facilities, catering, signage, displays, special needs requirements, printing and event security.",not_classified,5.0,8.771929824561402
"coordinate services for events, such as accommodation and transportation for participants, facilities, catering, signage, displays, special needs requirements, printing and event security.",task iteration,16.0,28.07017543859649
"coordinate the activities of writers, directors, managers, and other personnel throughout the production process.",directive,88.0,60.689655172413794
"coordinate the activities of writers, directors, managers, and other personnel throughout the production process.",none,17.0,11.724137931034482
"coordinate the activities of writers, directors, managers, and other personnel throughout the production process.",not_classified,13.0,8.96551724137931
"coordinate the activities of writers, directors, managers, and other personnel throughout the production process.",task iteration,27.0,18.620689655172416
"coordinate with developers to optimize web site architecture, server configuration, or page construction for search engine consumption and optimal visibility.",directive,136.0,82.42424242424242
"coordinate with developers to optimize web site architecture, server configuration, or page construction for search engine consumption and optimal visibility.",not_classified,14.0,8.484848484848486
"coordinate with developers to optimize web site architecture, server configuration, or page construction for search engine consumption and optimal visibility.",task iteration,15.0,9.090909090909092
"copy or summarize recorded documents, such as mortgages, trust deeds, and contracts, that affect property titles.",directive,23.0,82.14285714285714
"copy or summarize recorded documents, such as mortgages, trust deeds, and contracts, that affect property titles.",not_classified,5.0,17.857142857142858
correct errors by making appropriate changes and rechecking the program to ensure that the desired results are produced.,directive,5510.0,48.36727528089887
correct errors by making appropriate changes and rechecking the program to ensure that the desired results are produced.,feedback loop,3686.0,32.356039325842694
correct errors by making appropriate changes and rechecking the program to ensure that the desired results are produced.,learning,191.0,1.676615168539326
correct errors by making appropriate changes and rechecking the program to ensure that the desired results are produced.,none,897.0,7.873946629213484
correct errors by making appropriate changes and rechecking the program to ensure that the desired results are produced.,task iteration,847.0,7.435042134831462
correct errors by making appropriate changes and rechecking the program to ensure that the desired results are produced.,validation,261.0,2.291081460674157
correspond with insured or agent to obtain information or inform them of account status or changes.,not_classified,17.0,100.0
"correspond with online customers via electronic mail, telephone, or other electronic messaging to address questions or complaints about products, policies, or shipping methods.",directive,32.0,45.07042253521127
"correspond with online customers via electronic mail, telephone, or other electronic messaging to address questions or complaints about products, policies, or shipping methods.",none,31.0,43.66197183098591
"correspond with online customers via electronic mail, telephone, or other electronic messaging to address questions or complaints about products, policies, or shipping methods.",not_classified,8.0,11.267605633802818
"counsel and provide guidance to students regarding personal, academic, vocational, or behavioral issues.",not_classified,42.0,100.0
"counsel clients and patients in individual and group sessions to help them overcome dependencies, recover from illness, and adjust to life.",directive,15.0,18.51851851851852
"counsel clients and patients in individual and group sessions to help them overcome dependencies, recover from illness, and adjust to life.",learning,36.0,44.44444444444444
"counsel clients and patients in individual and group sessions to help them overcome dependencies, recover from illness, and adjust to life.",none,17.0,20.98765432098765
"counsel clients and patients in individual and group sessions to help them overcome dependencies, recover from illness, and adjust to life.",not_classified,13.0,16.049382716049383
"counsel clients on personal and family financial problems, such as excessive spending or borrowing of funds.",directive,37.0,61.66666666666667
"counsel clients on personal and family financial problems, such as excessive spending or borrowing of funds.",not_classified,23.0,38.333333333333336
"counsel clients or patients, individually or in group sessions, to assist in overcoming dependencies, adjusting to life, or making changes.",learning,55.0,52.88461538461539
"counsel clients or patients, individually or in group sessions, to assist in overcoming dependencies, adjusting to life, or making changes.",none,24.0,23.076923076923077
"counsel clients or patients, individually or in group sessions, to assist in overcoming dependencies, adjusting to life, or making changes.",not_classified,25.0,24.03846153846154
"counsel employees in work-related activities, personal growth, or career development.",directive,20.0,64.51612903225806
"counsel employees in work-related activities, personal growth, or career development.",not_classified,11.0,35.483870967741936
"counsel individuals and groups on basic rules of good nutrition, healthy eating habits, and nutrition monitoring to improve their quality of life.",directive,30.0,53.57142857142857
"counsel individuals and groups on basic rules of good nutrition, healthy eating habits, and nutrition monitoring to improve their quality of life.",learning,23.0,41.07142857142857
"counsel individuals and groups on basic rules of good nutrition, healthy eating habits, and nutrition monitoring to improve their quality of life.",not_classified,3.0,5.357142857142857
"counsel individuals and groups regarding problems, such as stress, substance abuse, and family situations, to modify behavior or to improve personal, social, and vocational adjustment.",directive,19.0,21.839080459770116
"counsel individuals and groups regarding problems, such as stress, substance abuse, and family situations, to modify behavior or to improve personal, social, and vocational adjustment.",learning,49.0,56.32183908045977
"counsel individuals and groups regarding problems, such as stress, substance abuse, and family situations, to modify behavior or to improve personal, social, and vocational adjustment.",not_classified,19.0,21.839080459770116
"counsel individuals regarding interpersonal, health, financial, or religious problems.",directive,83.0,26.7741935483871
"counsel individuals regarding interpersonal, health, financial, or religious problems.",feedback loop,16.0,5.161290322580645
"counsel individuals regarding interpersonal, health, financial, or religious problems.",learning,66.0,21.29032258064516
"counsel individuals regarding interpersonal, health, financial, or religious problems.",none,106.0,34.193548387096776
"counsel individuals regarding interpersonal, health, financial, or religious problems.",not_classified,12.0,3.870967741935484
"counsel individuals regarding interpersonal, health, financial, or religious problems.",validation,27.0,8.709677419354838
"counsel individuals to help them understand and overcome personal, social, or behavioral problems affecting their educational or vocational situations.",not_classified,20.0,100.0
"counsel patients about drug regimens and possible side effects or interactions with other substances such as food supplements, over-the-counter (otc) medications, or herbal remedies.",not_classified,15.0,100.0
"counsel patients about nutrition, exercise, sleeping habits, stress management, or other matters.",not_classified,31.0,100.0
"counsel students regarding educational issues, such as course and program selection, class scheduling and registration, school adjustment, truancy, study habits, and career planning.",learning,18.0,45.0
"counsel students regarding educational issues, such as course and program selection, class scheduling and registration, school adjustment, truancy, study habits, and career planning.",not_classified,22.0,55.00000000000001
counsel workers about job and career-related issues.,directive,32.0,26.666666666666668
counsel workers about job and career-related issues.,learning,23.0,19.166666666666668
counsel workers about job and career-related issues.,none,52.0,43.333333333333336
counsel workers about job and career-related issues.,not_classified,13.0,10.833333333333334
"create a grid of each site and draw and update maps of unit profiles, stratum surfaces, features, and findings.",directive,28.0,93.33333333333333
"create a grid of each site and draw and update maps of unit profiles, stratum surfaces, features, and findings.",not_classified,2.0,6.666666666666667
create and enforce database development standards.,not_classified,30.0,100.0
"create and maintain accessible, retrievable computer archives and databases, incorporating current advances in electronic information storage technology.",directive,30.0,73.17073170731707
"create and maintain accessible, retrievable computer archives and databases, incorporating current advances in electronic information storage technology.",not_classified,11.0,26.82926829268293
"create and manage documentation, production schedules, prototyping goals, and communication plans in collaboration with production staff.",not_classified,15.0,100.0
"create business intelligence tools or systems, including design of related databases, spreadsheets, or outputs.",directive,168.0,83.16831683168317
"create business intelligence tools or systems, including design of related databases, spreadsheets, or outputs.",none,15.0,7.425742574257425
"create business intelligence tools or systems, including design of related databases, spreadsheets, or outputs.",not_classified,19.0,9.405940594059405
create client presentations of plan details.,directive,34.0,75.55555555555556
create client presentations of plan details.,not_classified,11.0,24.444444444444443
create content strategies for digital media.,directive,110.0,76.92307692307693
create content strategies for digital media.,not_classified,15.0,10.48951048951049
create content strategies for digital media.,task iteration,18.0,12.587412587412588
create custom illustrations or other graphic elements.,directive,202.0,61.212121212121204
create custom illustrations or other graphic elements.,none,17.0,5.151515151515151
create custom illustrations or other graphic elements.,not_classified,3.0,0.9090909090909091
create custom illustrations or other graphic elements.,task iteration,108.0,32.72727272727273
create data management or error-checking procedures and user manuals.,not_classified,20.0,100.0
"create data records for use in describing and analyzing social patterns and processes, using photography, videography, and audio recordings.",directive,108.0,90.75630252100841
"create data records for use in describing and analyzing social patterns and processes, using photography, videography, and audio recordings.",not_classified,11.0,9.243697478991598
"create debt management plans, spending plans, or budgets to assist clients to meet financial goals.",directive,95.0,84.070796460177
"create debt management plans, spending plans, or budgets to assist clients to meet financial goals.",not_classified,18.0,15.929203539823009
create developmentally appropriate lesson plans.,directive,21.0,75.0
create developmentally appropriate lesson plans.,not_classified,7.0,25.0
create embedded software design programs.,directive,20.0,83.33333333333334
create embedded software design programs.,not_classified,4.0,16.666666666666664
"create finished art work as decoration, or to elucidate or substitute for spoken or written messages.",directive,530.0,62.721893491124256
"create finished art work as decoration, or to elucidate or substitute for spoken or written messages.",none,104.0,12.307692307692308
"create finished art work as decoration, or to elucidate or substitute for spoken or written messages.",not_classified,32.0,3.7869822485207103
"create finished art work as decoration, or to elucidate or substitute for spoken or written messages.",task iteration,179.0,21.18343195266272
"create marketing or outreach media, such as brochures or web sites, to communicate sustainability issues, procedures, or objectives.",directive,22.0,75.86206896551724
"create marketing or outreach media, such as brochures or web sites, to communicate sustainability issues, procedures, or objectives.",not_classified,7.0,24.137931034482758
create or administer training and awareness presentations or materials.,not_classified,15.0,100.0
create or implement metadata processes and frameworks.,directive,18.0,69.23076923076923
create or implement metadata processes and frameworks.,not_classified,8.0,30.76923076923077
create or maintain database of customer accounts.,directive,46.0,68.65671641791045
create or maintain database of customer accounts.,not_classified,6.0,8.955223880597014
create or maintain database of customer accounts.,validation,15.0,22.388059701492537
"create photographic recordings of information, using equipment.",directive,21.0,91.30434782608695
"create photographic recordings of information, using equipment.",not_classified,2.0,8.695652173913043
"create schematics and physical layouts of integrated microelectromechanical systems (mems) components or packaged assemblies consistent with process, functional, or package constraints.",directive,21.0,67.74193548387096
"create schematics and physical layouts of integrated microelectromechanical systems (mems) components or packaged assemblies consistent with process, functional, or package constraints.",not_classified,10.0,32.25806451612903
"create sculptures, statues, and other three-dimensional artwork by using abrasives and tools to shape, carve, and fabricate materials such as clay, stone, wood, or metal.",directive,24.0,72.72727272727273
"create sculptures, statues, and other three-dimensional artwork by using abrasives and tools to shape, carve, and fabricate materials such as clay, stone, wood, or metal.",not_classified,9.0,27.27272727272727
create searchable indices for web page content.,directive,186.0,90.29126213592234
create searchable indices for web page content.,not_classified,20.0,9.70873786407767
"create supporting documentation, such as metadata and diagrams of entity relationships, business processes, and process flow.",directive,190.0,75.69721115537848
"create supporting documentation, such as metadata and diagrams of entity relationships, business processes, and process flow.",learning,28.0,11.155378486055776
"create supporting documentation, such as metadata and diagrams of entity relationships, business processes, and process flow.",not_classified,33.0,13.147410358565736
"create visual representations of geospatial data using complex procedures, such as analytical modeling, three-dimensional renderings, or plot creation.",directive,31.0,54.385964912280706
"create visual representations of geospatial data using complex procedures, such as analytical modeling, three-dimensional renderings, or plot creation.",not_classified,26.0,45.614035087719294
"create, analyze, report, convert, or transfer data, using specialized applications program software.",directive,7903.0,79.35535696355056
"create, analyze, report, convert, or transfer data, using specialized applications program software.",feedback loop,89.0,0.8936640224922181
"create, analyze, report, convert, or transfer data, using specialized applications program software.",learning,131.0,1.3153931117582087
"create, analyze, report, convert, or transfer data, using specialized applications program software.",none,1681.0,16.879204739431668
"create, analyze, report, convert, or transfer data, using specialized applications program software.",task iteration,60.0,0.6024701275228437
"create, analyze, report, convert, or transfer data, using specialized applications program software.",validation,95.0,0.9539110352445025
"create, maintain, and enter information into databases.",directive,585.0,75.19280205655528
"create, maintain, and enter information into databases.",feedback loop,79.0,10.154241645244216
"create, maintain, and enter information into databases.",none,77.0,9.897172236503856
"create, maintain, and enter information into databases.",not_classified,15.0,1.9280205655526992
"create, maintain, and enter information into databases.",task iteration,22.0,2.827763496143959
"create, populate, or maintain databases for tracking validation activities, test results, or validated systems.",directive,64.0,69.56521739130434
"create, populate, or maintain databases for tracking validation activities, test results, or validated systems.",not_classified,28.0,30.434782608695656
"customize insurance programs to suit individual customers, often covering a variety of risks.",directive,74.0,82.22222222222221
"customize insurance programs to suit individual customers, often covering a variety of risks.",not_classified,16.0,17.77777777777778
debug robotics programs.,directive,43.0,22.63157894736842
debug robotics programs.,feedback loop,94.0,49.473684210526315
debug robotics programs.,not_classified,25.0,13.157894736842104
debug robotics programs.,task iteration,28.0,14.736842105263156
decline excessive risks.,directive,18.0,25.0
decline excessive risks.,none,53.0,73.61111111111111
decline excessive risks.,not_classified,1.0,1.3888888888888888
"define data requirements and gather and validate information, applying judgment and statistical tests.",directive,135.0,76.70454545454545
"define data requirements and gather and validate information, applying judgment and statistical tests.",none,21.0,11.931818181818182
"define data requirements and gather and validate information, applying judgment and statistical tests.",not_classified,20.0,11.363636363636363
"define instructional, learning, or performance objectives.",not_classified,29.0,100.0
define the goals of the system and devise flow charts and diagrams describing logical operational steps of programs.,directive,204.0,62.38532110091744
define the goals of the system and devise flow charts and diagrams describing logical operational steps of programs.,learning,24.0,7.339449541284404
define the goals of the system and devise flow charts and diagrams describing logical operational steps of programs.,none,20.0,6.116207951070336
define the goals of the system and devise flow charts and diagrams describing logical operational steps of programs.,not_classified,18.0,5.5045871559633035
define the goals of the system and devise flow charts and diagrams describing logical operational steps of programs.,task iteration,61.0,18.654434250764528
"deliver prepared sales talks, reading from scripts that describe products or services, to persuade potential customers to purchase a product or service or to make a donation.",not_classified,16.0,100.0
"demonstrate database technical functionality, such as performance, security and reliability.",directive,74.0,44.31137724550898
"demonstrate database technical functionality, such as performance, security and reliability.",learning,47.0,28.143712574850298
"demonstrate database technical functionality, such as performance, security and reliability.",none,17.0,10.179640718562874
"demonstrate database technical functionality, such as performance, security and reliability.",not_classified,12.0,7.18562874251497
"demonstrate database technical functionality, such as performance, security and reliability.",validation,17.0,10.179640718562874
"demonstrate or explain products, methods, or services to persuade customers to purchase products or use services.",directive,83.0,79.8076923076923
"demonstrate or explain products, methods, or services to persuade customers to purchase products or use services.",not_classified,21.0,20.192307692307693
demonstrate products to clients.,directive,38.0,84.44444444444444
demonstrate products to clients.,not_classified,7.0,15.555555555555555
"describe merchandise and explain use, operation, and care of merchandise to customers.",directive,60.0,71.42857142857143
"describe merchandise and explain use, operation, and care of merchandise to customers.",learning,19.0,22.61904761904762
"describe merchandise and explain use, operation, and care of merchandise to customers.",not_classified,5.0,5.952380952380952
"design and apply bioinformatics algorithms including unsupervised and supervised machine learning, dynamic programming, or graphic algorithms.",not_classified,20.0,100.0
design and conduct evaluations and diagnostic studies to assess the quality and performance of health education programs.,directive,18.0,85.71428571428571
design and conduct evaluations and diagnostic studies to assess the quality and performance of health education programs.,not_classified,3.0,14.285714285714285
design and create special programs for tasks such as statistical analysis and data entry and cleaning.,directive,707.0,68.24324324324324
design and create special programs for tasks such as statistical analysis and data entry and cleaning.,feedback loop,36.0,3.474903474903475
design and create special programs for tasks such as statistical analysis and data entry and cleaning.,none,233.0,22.49034749034749
design and create special programs for tasks such as statistical analysis and data entry and cleaning.,not_classified,20.0,1.9305019305019304
design and create special programs for tasks such as statistical analysis and data entry and cleaning.,task iteration,40.0,3.861003861003861
"design and direct nuclear research projects to discover facts, to test or modify theoretical models, or to develop new theoretical models or new uses for current models.",directive,17.0,68.0
"design and direct nuclear research projects to discover facts, to test or modify theoretical models, or to develop new theoretical models or new uses for current models.",not_classified,8.0,32.0
design and implement warehouse database structures.,directive,47.0,46.53465346534654
design and implement warehouse database structures.,feedback loop,25.0,24.752475247524753
design and implement warehouse database structures.,not_classified,29.0,28.71287128712871
"design and implement web site security measures, such as firewalls or message encryption.",directive,16.0,59.25925925925925
"design and implement web site security measures, such as firewalls or message encryption.",not_classified,11.0,40.74074074074074
"design and produce displays and materials that can be used to decorate windows, interior displays, or event locations such as streets and fairgrounds.",directive,19.0,61.29032258064516
"design and produce displays and materials that can be used to decorate windows, interior displays, or event locations such as streets and fairgrounds.",not_classified,12.0,38.70967741935484
"design complex graphics and animation, using independent judgment, creativity, and computer equipment.",directive,166.0,64.0926640926641
"design complex graphics and animation, using independent judgment, creativity, and computer equipment.",not_classified,14.0,5.405405405405405
"design complex graphics and animation, using independent judgment, creativity, and computer equipment.",task iteration,79.0,30.501930501930502
design computer simulations to model physical data so that it can be better understood.,directive,39.0,78.0
design computer simulations to model physical data so that it can be better understood.,not_classified,11.0,22.0
"design custom clothing and accessories for individuals, retailers, or theatrical, television, or film productions.",not_classified,19.0,100.0
"design customer interface of online storefront, using web programming or e-commerce software.",directive,50.0,70.4225352112676
"design customer interface of online storefront, using web programming or e-commerce software.",not_classified,21.0,29.577464788732392
"design database applications, such as interfaces, data transfer mechanisms, global temporary tables, data partitions, and function-based indexes to enable efficient access of the generic database structure.",directive,294.0,68.85245901639344
"design database applications, such as interfaces, data transfer mechanisms, global temporary tables, data partitions, and function-based indexes to enable efficient access of the generic database structure.",feedback loop,52.0,12.177985948477751
"design database applications, such as interfaces, data transfer mechanisms, global temporary tables, data partitions, and function-based indexes to enable efficient access of the generic database structure.",learning,21.0,4.918032786885246
"design database applications, such as interfaces, data transfer mechanisms, global temporary tables, data partitions, and function-based indexes to enable efficient access of the generic database structure.",none,18.0,4.215456674473068
"design database applications, such as interfaces, data transfer mechanisms, global temporary tables, data partitions, and function-based indexes to enable efficient access of the generic database structure.",not_classified,4.0,0.936768149882904
"design database applications, such as interfaces, data transfer mechanisms, global temporary tables, data partitions, and function-based indexes to enable efficient access of the generic database structure.",task iteration,38.0,8.899297423887589
"design databases to support business applications, ensuring system scalability, security, performance and reliability.",directive,391.0,58.620689655172406
"design databases to support business applications, ensuring system scalability, security, performance and reliability.",feedback loop,102.0,15.292353823088456
"design databases to support business applications, ensuring system scalability, security, performance and reliability.",learning,38.0,5.697151424287856
"design databases to support business applications, ensuring system scalability, security, performance and reliability.",none,32.0,4.7976011994003
"design databases to support business applications, ensuring system scalability, security, performance and reliability.",not_classified,13.0,1.9490254872563717
"design databases to support business applications, ensuring system scalability, security, performance and reliability.",task iteration,91.0,13.6431784107946
"design electronic components, software, products, or systems for commercial, industrial, medical, military, or scientific applications.",directive,55.0,82.08955223880598
"design electronic components, software, products, or systems for commercial, industrial, medical, military, or scientific applications.",not_classified,12.0,17.91044776119403
"design forms for receiving, processing, or tracking data.",directive,22.0,84.61538461538461
"design forms for receiving, processing, or tracking data.",not_classified,4.0,15.384615384615385
"design information storage and retrieval systems and develop procedures for collecting, organizing, interpreting, and classifying information.",directive,274.0,79.1907514450867
"design information storage and retrieval systems and develop procedures for collecting, organizing, interpreting, and classifying information.",learning,21.0,6.069364161849711
"design information storage and retrieval systems and develop procedures for collecting, organizing, interpreting, and classifying information.",none,22.0,6.358381502890173
"design information storage and retrieval systems and develop procedures for collecting, organizing, interpreting, and classifying information.",not_classified,14.0,4.046242774566474
"design information storage and retrieval systems and develop procedures for collecting, organizing, interpreting, and classifying information.",task iteration,15.0,4.335260115606936
design instructional aids for stand-alone or instructor-led classroom or online use.,directive,51.0,83.60655737704919
design instructional aids for stand-alone or instructor-led classroom or online use.,not_classified,10.0,16.39344262295082
"design learning products, including web-based aids or electronic performance support systems.",directive,39.0,78.0
"design learning products, including web-based aids or electronic performance support systems.",not_classified,11.0,22.0
design or develop automated testing tools.,directive,944.0,76.00644122383254
design or develop automated testing tools.,feedback loop,118.0,9.500805152979067
design or develop automated testing tools.,learning,22.0,1.7713365539452495
design or develop automated testing tools.,none,85.0,6.843800322061192
design or develop automated testing tools.,not_classified,8.0,0.644122383252818
design or develop automated testing tools.,task iteration,65.0,5.233494363929147
"design or develop new equipment or methods for meteorological data collection, remote sensing, or related applications.",not_classified,16.0,100.0
"design or develop software systems, using scientific analysis and mathematical models to predict and measure outcome and consequences of design.",directive,263.0,82.44514106583071
"design or develop software systems, using scientific analysis and mathematical models to predict and measure outcome and consequences of design.",not_classified,26.0,8.150470219435736
"design or develop software systems, using scientific analysis and mathematical models to predict and measure outcome and consequences of design.",task iteration,30.0,9.404388714733543
design or implement products and services to mitigate risk or facilitate use of technology-based tools and methods.,not_classified,15.0,100.0
design or implement web-based tools for querying large-scale biological databases.,directive,27.0,79.41176470588235
design or implement web-based tools for querying large-scale biological databases.,not_classified,7.0,20.588235294117645
design patient education programs that include information required to make informed health care and treatment decisions.,directive,24.0,80.0
design patient education programs that include information required to make informed health care and treatment decisions.,not_classified,6.0,20.0
design research projects that apply valid scientific techniques and use information obtained from baselines or historical data to structure uncompromised and efficient analyses.,directive,109.0,90.83333333333333
design research projects that apply valid scientific techniques and use information obtained from baselines or historical data to structure uncompromised and efficient analyses.,not_classified,11.0,9.166666666666666
"design robotic systems, such as automatic vehicle control, autonomous vehicles, advanced displays, advanced sensing, robotic platforms, computer vision, or telematics systems.",not_classified,19.0,100.0
"design security policies, programs, or practices to ensure adequate security relating to issues such as protection of assets, alarm response, and access card use.",directive,100.0,57.80346820809249
"design security policies, programs, or practices to ensure adequate security relating to issues such as protection of assets, alarm response, and access card use.",feedback loop,29.0,16.76300578034682
"design security policies, programs, or practices to ensure adequate security relating to issues such as protection of assets, alarm response, and access card use.",none,20.0,11.560693641618498
"design security policies, programs, or practices to ensure adequate security relating to issues such as protection of assets, alarm response, and access card use.",not_classified,9.0,5.202312138728324
"design security policies, programs, or practices to ensure adequate security relating to issues such as protection of assets, alarm response, and access card use.",task iteration,15.0,8.670520231213873
"design software to control robotic systems for applications, such as military defense or manufacturing.",directive,51.0,53.68421052631579
"design software to control robotic systems for applications, such as military defense or manufacturing.",not_classified,25.0,26.31578947368421
"design software to control robotic systems for applications, such as military defense or manufacturing.",task iteration,19.0,20.0
"design, build, or maintain web sites, using authoring or scripting languages, content creation tools, management tools, and digital media.",directive,10194.0,68.0098739075322
"design, build, or maintain web sites, using authoring or scripting languages, content creation tools, management tools, and digital media.",feedback loop,2217.0,14.790846620855294
"design, build, or maintain web sites, using authoring or scripting languages, content creation tools, management tools, and digital media.",learning,99.0,0.6604843551938088
"design, build, or maintain web sites, using authoring or scripting languages, content creation tools, management tools, and digital media.",none,442.0,2.9488291413703385
"design, build, or maintain web sites, using authoring or scripting languages, content creation tools, management tools, and digital media.",task iteration,2005.0,13.37647608246047
"design, build, or maintain web sites, using authoring or scripting languages, content creation tools, management tools, and digital media.",validation,32.0,0.21348989258789777
"design, conduct, and evaluate experimental operational models in cases where models cannot be developed from existing data.",directive,18.0,60.0
"design, conduct, and evaluate experimental operational models in cases where models cannot be developed from existing data.",not_classified,12.0,40.0
"design, configure, and test computer hardware, networking software and operating system software.",directive,29.0,65.9090909090909
"design, configure, and test computer hardware, networking software and operating system software.",not_classified,15.0,34.090909090909086
"design, customize, and maintain databases, web pages, and local area networks.",not_classified,17.0,100.0
"design, develop and modify software systems, using scientific analysis and mathematical models to predict and measure outcome and consequences of design.",directive,2366.0,72.22222222222221
"design, develop and modify software systems, using scientific analysis and mathematical models to predict and measure outcome and consequences of design.",feedback loop,303.0,9.24908424908425
"design, develop and modify software systems, using scientific analysis and mathematical models to predict and measure outcome and consequences of design.",learning,65.0,1.984126984126984
"design, develop and modify software systems, using scientific analysis and mathematical models to predict and measure outcome and consequences of design.",none,171.0,5.21978021978022
"design, develop and modify software systems, using scientific analysis and mathematical models to predict and measure outcome and consequences of design.",task iteration,350.0,10.683760683760683
"design, develop and modify software systems, using scientific analysis and mathematical models to predict and measure outcome and consequences of design.",validation,21.0,0.641025641025641
"design, develop, select, test, implement, and evaluate new or modified informatics solutions, data structures, and decision-support mechanisms to support patients, health care professionals, and their information management and human-computer and human-technology interactions within health care contexts.",directive,86.0,65.64885496183206
"design, develop, select, test, implement, and evaluate new or modified informatics solutions, data structures, and decision-support mechanisms to support patients, health care professionals, and their information management and human-computer and human-technology interactions within health care contexts.",not_classified,45.0,34.35114503816794
"design, implement, or maintain fraud detection tools or procedures.",directive,228.0,95.39748953974896
"design, implement, or maintain fraud detection tools or procedures.",not_classified,11.0,4.602510460251046
"design, implement, or operate comprehensive data warehouse systems to balance optimization of data access with batch loading and resource utilization factors, according to customer requirements.",directive,39.0,63.934426229508205
"design, implement, or operate comprehensive data warehouse systems to balance optimization of data access with batch loading and resource utilization factors, according to customer requirements.",not_classified,22.0,36.0655737704918
"design, install, or troubleshoot manufacturing equipment.",not_classified,15.0,100.0
"design, organize, and deliver product awareness, skills transfer, or product education sessions for staff or suppliers.",directive,17.0,85.0
"design, organize, and deliver product awareness, skills transfer, or product education sessions for staff or suppliers.",not_classified,3.0,15.0
"design, plan, organize, or direct orientation and training programs for employees or customers.",directive,19.0,61.29032258064516
"design, plan, organize, or direct orientation and training programs for employees or customers.",not_classified,12.0,38.70967741935484
"design, use, or maintain databases and software applications, such as geographic information systems (gis) mapping and artificial intelligence tools.",directive,41.0,61.19402985074627
"design, use, or maintain databases and software applications, such as geographic information systems (gis) mapping and artificial intelligence tools.",not_classified,26.0,38.80597014925373
determine and set product prices.,directive,24.0,96.0
determine and set product prices.,not_classified,1.0,4.0
determine computer software or hardware needed to set up or alter system.,directive,16.0,76.19047619047619
determine computer software or hardware needed to set up or alter system.,not_classified,5.0,23.809523809523807
determine customers' financial services needs and prepare proposals to sell services that address these needs.,directive,46.0,95.83333333333334
determine customers' financial services needs and prepare proposals to sell services that address these needs.,not_classified,2.0,4.166666666666666
determine data collection methods to be employed in research projects or surveys.,directive,235.0,92.88537549407114
determine data collection methods to be employed in research projects or surveys.,not_classified,18.0,7.114624505928854
"determine desired images and picture composition, selecting and adjusting subjects, equipment, and lighting to achieve desired effects.",directive,334.0,95.97701149425288
"determine desired images and picture composition, selecting and adjusting subjects, equipment, and lighting to achieve desired effects.",not_classified,14.0,4.022988505747127
determine efficient and cost-effective methods of moving goods from one location to another.,directive,18.0,85.71428571428571
determine efficient and cost-effective methods of moving goods from one location to another.,not_classified,3.0,14.285714285714285
"determine existence and amount of liability according to current laws, administrative and judicial precedents, and available evidence.",directive,387.0,65.59322033898304
"determine existence and amount of liability according to current laws, administrative and judicial precedents, and available evidence.",feedback loop,17.0,2.8813559322033897
"determine existence and amount of liability according to current laws, administrative and judicial precedents, and available evidence.",learning,107.0,18.135593220338983
"determine existence and amount of liability according to current laws, administrative and judicial precedents, and available evidence.",none,18.0,3.050847457627119
"determine existence and amount of liability according to current laws, administrative and judicial precedents, and available evidence.",task iteration,41.0,6.9491525423728815
"determine existence and amount of liability according to current laws, administrative and judicial precedents, and available evidence.",validation,20.0,3.389830508474576
determine guidelines that specify which source material is acceptable for use.,directive,50.0,83.33333333333334
determine guidelines that specify which source material is acceptable for use.,not_classified,10.0,16.666666666666664
determine location for product listings to maximize exposure to online traffic.,directive,68.0,100.0
"determine method of shipment and prepare bills of lading, invoices, and other shipping documents.",directive,23.0,92.0
"determine method of shipment and prepare bills of lading, invoices, and other shipping documents.",not_classified,2.0,8.0
determine policy contract provisions for each type of insurance.,directive,38.0,86.36363636363636
determine policy contract provisions for each type of insurance.,not_classified,6.0,13.636363636363635
"determine schedules, sequences, and assignments for work activities, based on work priority, quantity of equipment, and skill of personnel.",not_classified,15.0,100.0
"determine shipping methods, routes, or rates for materials to be shipped.",not_classified,17.0,100.0
"determine size and arrangement of illustrative material and copy, and select style and size of type.",directive,85.0,92.3913043478261
"determine size and arrangement of illustrative material and copy, and select style and size of type.",not_classified,7.0,7.608695652173914
"determine sources of web page or server problems, and take action to correct such problems.",directive,1051.0,42.327829238824
"determine sources of web page or server problems, and take action to correct such problems.",feedback loop,1079.0,43.455497382198956
"determine sources of web page or server problems, and take action to correct such problems.",learning,135.0,5.436971405557793
"determine sources of web page or server problems, and take action to correct such problems.",none,104.0,4.18848167539267
"determine sources of web page or server problems, and take action to correct such problems.",task iteration,71.0,2.859444220700765
"determine sources of web page or server problems, and take action to correct such problems.",validation,43.0,1.7317760773258157
"determine supplementary virtual features, such as currency, item catalog, menu design, and audio direction.",directive,1017.0,82.41491085899514
"determine supplementary virtual features, such as currency, item catalog, menu design, and audio direction.",feedback loop,37.0,2.99837925445705
"determine supplementary virtual features, such as currency, item catalog, menu design, and audio direction.",learning,21.0,1.7017828200972445
"determine supplementary virtual features, such as currency, item catalog, menu design, and audio direction.",none,84.0,6.807131280388978
"determine supplementary virtual features, such as currency, item catalog, menu design, and audio direction.",not_classified,5.0,0.4051863857374392
"determine supplementary virtual features, such as currency, item catalog, menu design, and audio direction.",task iteration,70.0,5.6726094003241485
determine which products or colors will improve clients' skin quality and appearance.,not_classified,17.0,100.0
"determine which topics to research, or pursue research topics specified by clients or employers.",directive,50.0,63.29113924050633
"determine which topics to research, or pursue research topics specified by clients or employers.",none,21.0,26.582278481012654
"determine which topics to research, or pursue research topics specified by clients or employers.",not_classified,8.0,10.126582278481013
"develop advertising campaigns for a wide range of clients, working with an advertising agency's creative director and art director to determine the best way to present advertising information.",directive,41.0,77.35849056603774
"develop advertising campaigns for a wide range of clients, working with an advertising agency's creative director and art director to determine the best way to present advertising information.",not_classified,12.0,22.641509433962266
develop an understanding of customers' needs and take actions to ensure that such needs are met.,directive,70.0,56.91056910569105
develop an understanding of customers' needs and take actions to ensure that such needs are met.,none,41.0,33.33333333333333
develop an understanding of customers' needs and take actions to ensure that such needs are met.,not_classified,12.0,9.75609756097561
develop an understanding of fields to which statistical methods are to be applied to determine whether methods and results are appropriate.,directive,18.0,58.06451612903226
develop an understanding of fields to which statistical methods are to be applied to determine whether methods and results are appropriate.,not_classified,13.0,41.935483870967744
"develop and direct software system testing and validation procedures, programming, and documentation.",directive,1544.0,69.92753623188406
"develop and direct software system testing and validation procedures, programming, and documentation.",feedback loop,255.0,11.548913043478262
"develop and direct software system testing and validation procedures, programming, and documentation.",learning,40.0,1.8115942028985508
"develop and direct software system testing and validation procedures, programming, and documentation.",none,189.0,8.559782608695652
"develop and direct software system testing and validation procedures, programming, and documentation.",task iteration,92.0,4.166666666666666
"develop and direct software system testing and validation procedures, programming, and documentation.",validation,88.0,3.985507246376811
"develop and distribute newsletters, brochures, or other printed materials to share information with patients or medical staff.",directive,16.0,76.19047619047619
"develop and distribute newsletters, brochures, or other printed materials to share information with patients or medical staff.",not_classified,5.0,23.809523809523807
develop and document database architectures.,directive,161.0,61.68582375478927
develop and document database architectures.,feedback loop,20.0,7.662835249042145
develop and document database architectures.,learning,29.0,11.11111111111111
develop and document database architectures.,none,19.0,7.2796934865900385
develop and document database architectures.,not_classified,10.0,3.8314176245210727
develop and document database architectures.,task iteration,22.0,8.42911877394636
develop and document style guidelines for web site content.,directive,124.0,84.93150684931507
develop and document style guidelines for web site content.,not_classified,22.0,15.068493150684931
"develop and implement data extraction procedures from other systems, such as administration, billing, or claims.",directive,117.0,70.05988023952095
"develop and implement data extraction procedures from other systems, such as administration, billing, or claims.",feedback loop,23.0,13.77245508982036
"develop and implement data extraction procedures from other systems, such as administration, billing, or claims.",not_classified,27.0,16.16766467065868
develop and implement individualized plans for health care management.,directive,57.0,93.44262295081968
develop and implement individualized plans for health care management.,not_classified,4.0,6.557377049180328
"develop and implement individualized treatment plans addressing family relationship problems, destructive patterns of behavior, and other personal issues.",not_classified,16.0,100.0
develop and implement policies and procedures for the operation of a department or establishment.,not_classified,22.0,100.0
develop and implement research quality control procedures.,directive,16.0,30.76923076923077
develop and implement research quality control procedures.,not_classified,12.0,23.076923076923077
develop and implement research quality control procedures.,validation,24.0,46.15384615384615
develop and implement solutions for network problems.,directive,17.0,43.58974358974359
develop and implement solutions for network problems.,feedback loop,18.0,46.15384615384615
develop and implement solutions for network problems.,not_classified,4.0,10.256410256410255
"develop and implement technical project management tools, such as plans, schedules, and responsibility and compliance matrices.",directive,15.0,93.75
"develop and implement technical project management tools, such as plans, schedules, and responsibility and compliance matrices.",not_classified,1.0,6.25
"develop and interpret organizational goals, policies, and procedures.",directive,23.0,74.19354838709677
"develop and interpret organizational goals, policies, and procedures.",not_classified,8.0,25.806451612903224
develop and maintain client relationships.,directive,34.0,38.20224719101123
develop and maintain client relationships.,none,48.0,53.93258426966292
develop and maintain client relationships.,not_classified,7.0,7.865168539325842
develop and maintain computer databases.,directive,186.0,58.12500000000001
develop and maintain computer databases.,feedback loop,66.0,20.625
develop and maintain computer databases.,none,29.0,9.0625
develop and maintain computer databases.,not_classified,19.0,5.9375
develop and maintain computer databases.,task iteration,20.0,6.25
"develop and maintain computerized record management systems to store and process data such as personnel activities and information, and to produce reports.",directive,73.0,63.47826086956522
"develop and maintain computerized record management systems to store and process data such as personnel activities and information, and to produce reports.",feedback loop,21.0,18.26086956521739
"develop and maintain computerized record management systems to store and process data such as personnel activities and information, and to produce reports.",not_classified,21.0,18.26086956521739
develop and maintain course websites.,not_classified,21.0,100.0
"develop and maintain the company's corporate image and identity, which includes the use of logos and signage.",directive,200.0,73.80073800738008
"develop and maintain the company's corporate image and identity, which includes the use of logos and signage.",not_classified,33.0,12.177121771217712
"develop and maintain the company's corporate image and identity, which includes the use of logos and signage.",task iteration,38.0,14.022140221402212
develop and modify astronomy-related programs for public presentation.,directive,16.0,53.333333333333336
develop and modify astronomy-related programs for public presentation.,not_classified,14.0,46.666666666666664
"develop and organize training manuals, multimedia visual aids, and other educational materials.",directive,79.0,79.7979797979798
"develop and organize training manuals, multimedia visual aids, and other educational materials.",not_classified,4.0,4.040404040404041
"develop and organize training manuals, multimedia visual aids, and other educational materials.",task iteration,16.0,16.161616161616163
"develop and test experimental designs, sampling techniques, and analytical methods.",directive,47.0,75.80645161290323
"develop and test experimental designs, sampling techniques, and analytical methods.",not_classified,15.0,24.193548387096776
"develop and test theories, using information from interviews, newspapers, periodicals, case law, historical papers, polls, or statistical sources.",directive,65.0,65.0
"develop and test theories, using information from interviews, newspapers, periodicals, case law, historical papers, polls, or statistical sources.",learning,24.0,24.0
"develop and test theories, using information from interviews, newspapers, periodicals, case law, historical papers, polls, or statistical sources.",not_classified,11.0,11.0
"develop and use multimedia course materials and other current technology, such as online courses.",directive,40.0,85.1063829787234
"develop and use multimedia course materials and other current technology, such as online courses.",not_classified,7.0,14.893617021276595
develop application-specific software.,directive,3521.0,76.777147841256
develop application-specific software.,feedback loop,388.0,8.460532054077627
develop application-specific software.,learning,41.0,0.8940252943741823
develop application-specific software.,none,361.0,7.871783689489751
develop application-specific software.,not_classified,9.0,0.19624945486262538
develop application-specific software.,task iteration,266.0,5.800261665939817
develop applied software for the analysis and interpretation of geological data.,not_classified,15.0,100.0
"develop approaches to the solution of groups' problems, based on research findings in sociology and related disciplines.",directive,21.0,61.76470588235294
"develop approaches to the solution of groups' problems, based on research findings in sociology and related disciplines.",not_classified,13.0,38.23529411764706
"develop briefings, brochures, multimedia presentations, web pages, promotional products, technical illustrations, and computer artwork for use in products, technical manuals, literature, newsletters, and slide shows.",directive,3634.0,84.21784472769409
"develop briefings, brochures, multimedia presentations, web pages, promotional products, technical illustrations, and computer artwork for use in products, technical manuals, literature, newsletters, and slide shows.",feedback loop,35.0,0.8111239860950173
"develop briefings, brochures, multimedia presentations, web pages, promotional products, technical illustrations, and computer artwork for use in products, technical manuals, literature, newsletters, and slide shows.",learning,84.0,1.9466975666280417
"develop briefings, brochures, multimedia presentations, web pages, promotional products, technical illustrations, and computer artwork for use in products, technical manuals, literature, newsletters, and slide shows.",none,90.0,2.085747392815759
"develop briefings, brochures, multimedia presentations, web pages, promotional products, technical illustrations, and computer artwork for use in products, technical manuals, literature, newsletters, and slide shows.",task iteration,430.0,9.965237543453071
"develop briefings, brochures, multimedia presentations, web pages, promotional products, technical illustrations, and computer artwork for use in products, technical manuals, literature, newsletters, and slide shows.",validation,42.0,0.9733487833140209
"develop business methods and procedures, including accounting systems, file systems, office systems, logistics systems, and production schedules.",directive,123.0,76.875
"develop business methods and procedures, including accounting systems, file systems, office systems, logistics systems, and production schedules.",not_classified,12.0,7.5
"develop business methods and procedures, including accounting systems, file systems, office systems, logistics systems, and production schedules.",task iteration,25.0,15.625
"develop calibration methodologies, test methodologies, or tools.",directive,16.0,55.172413793103445
"develop calibration methodologies, test methodologies, or tools.",not_classified,13.0,44.827586206896555
"develop client relationships and communicate with clients to explain proposals, present research findings, establish specifications, or discuss project status.",not_classified,18.0,100.0
"develop communications materials, advertisements, presentations, or public relations initiatives to promote awareness of green products and technologies.",directive,90.0,92.78350515463917
"develop communications materials, advertisements, presentations, or public relations initiatives to promote awareness of green products and technologies.",not_classified,7.0,7.216494845360824
develop concepts or creative ideas for craft objects.,directive,144.0,74.22680412371135
develop concepts or creative ideas for craft objects.,none,22.0,11.34020618556701
develop concepts or creative ideas for craft objects.,not_classified,5.0,2.5773195876288657
develop concepts or creative ideas for craft objects.,task iteration,23.0,11.855670103092782
"develop contacts with individuals and organizations, and apply effective strategies and techniques to ensure their clients' success.",not_classified,27.0,100.0
"develop core analytical capabilities or model libraries, using advanced statistical, quantitative, or econometric techniques.",directive,22.0,62.857142857142854
"develop core analytical capabilities or model libraries, using advanced statistical, quantitative, or econometric techniques.",not_classified,13.0,37.142857142857146
develop criteria for the design and modification of survey instruments.,directive,24.0,82.75862068965517
develop criteria for the design and modification of survey instruments.,not_classified,5.0,17.24137931034483
develop curricula and plan course content and methods of instruction.,directive,99.0,69.71830985915493
develop curricula and plan course content and methods of instruction.,not_classified,15.0,10.56338028169014
develop curricula and plan course content and methods of instruction.,task iteration,28.0,19.718309859154928
"develop curriculum and prepare manuals, visual aids, course outlines, and other materials used in teaching.",directive,34.0,75.55555555555556
"develop curriculum and prepare manuals, visual aids, course outlines, and other materials used in teaching.",not_classified,11.0,24.444444444444443
"develop data model describing data elements and how they are used, following procedures and using pen, template or computer software.",directive,109.0,69.42675159235668
"develop data model describing data elements and how they are used, following procedures and using pen, template or computer software.",learning,15.0,9.554140127388536
"develop data model describing data elements and how they are used, following procedures and using pen, template or computer software.",not_classified,33.0,21.019108280254777
develop data models and databases.,directive,92.0,52.87356321839081
develop data models and databases.,none,40.0,22.988505747126435
develop data models and databases.,not_classified,25.0,14.367816091954023
develop data models and databases.,task iteration,17.0,9.770114942528735
"develop data models for applications, metadata tables, views or related database structures.",directive,205.0,68.79194630872483
"develop data models for applications, metadata tables, views or related database structures.",feedback loop,18.0,6.0402684563758395
"develop data models for applications, metadata tables, views or related database structures.",none,33.0,11.073825503355705
"develop data models for applications, metadata tables, views or related database structures.",not_classified,17.0,5.704697986577181
"develop data models for applications, metadata tables, views or related database structures.",task iteration,25.0,8.389261744966444
"develop data warehouse process models, including sourcing, loading, transformation, and extraction.",directive,20.0,51.28205128205128
"develop data warehouse process models, including sourcing, loading, transformation, and extraction.",not_classified,19.0,48.717948717948715
"develop database architectural strategies at the modeling, design and implementation stages to address business or industry requirements.",directive,157.0,49.68354430379747
"develop database architectural strategies at the modeling, design and implementation stages to address business or industry requirements.",feedback loop,34.0,10.759493670886076
"develop database architectural strategies at the modeling, design and implementation stages to address business or industry requirements.",learning,34.0,10.759493670886076
"develop database architectural strategies at the modeling, design and implementation stages to address business or industry requirements.",none,38.0,12.025316455696203
"develop database architectural strategies at the modeling, design and implementation stages to address business or industry requirements.",not_classified,12.0,3.79746835443038
"develop database architectural strategies at the modeling, design and implementation stages to address business or industry requirements.",task iteration,41.0,12.974683544303797
develop databases that support web applications and web sites.,directive,55.0,72.36842105263158
develop databases that support web applications and web sites.,not_classified,21.0,27.631578947368425
"develop economic models, forecasts, or scenarios to predict future economic and environmental outcomes.",directive,61.0,91.04477611940298
"develop economic models, forecasts, or scenarios to predict future economic and environmental outcomes.",not_classified,6.0,8.955223880597014
"develop educational materials and programs for community agencies, local government, and state government.",directive,43.0,91.48936170212765
"develop educational materials and programs for community agencies, local government, and state government.",not_classified,4.0,8.51063829787234
"develop exercise programs to improve participant strength, flexibility, endurance, or circulatory functioning, in accordance with exercise science standards, regulatory requirements, and credentialing requirements.",not_classified,35.0,100.0
"develop factors such as themes, plots, characterizations, psychological analyses, historical environments, action, and dialogue, to create material.",directive,2520.0,54.99781754692275
"develop factors such as themes, plots, characterizations, psychological analyses, historical environments, action, and dialogue, to create material.",feedback loop,234.0,5.106940200785683
"develop factors such as themes, plots, characterizations, psychological analyses, historical environments, action, and dialogue, to create material.",learning,24.0,0.5237887385421214
"develop factors such as themes, plots, characterizations, psychological analyses, historical environments, action, and dialogue, to create material.",none,687.0,14.993452640768224
"develop factors such as themes, plots, characterizations, psychological analyses, historical environments, action, and dialogue, to create material.",not_classified,1.0,0.021824530772588387
"develop factors such as themes, plots, characterizations, psychological analyses, historical environments, action, and dialogue, to create material.",task iteration,1116.0,24.356176342208645
"develop financial plans, based on analysis of clients' financial status.",directive,23.0,82.14285714285714
"develop financial plans, based on analysis of clients' financial status.",not_classified,5.0,17.857142857142858
"develop formal documentation for microelectromechanical systems (mems) devices, including quality assurance guidance, quality control protocols, process control checklists, data collection, or reporting.",directive,16.0,88.88888888888889
"develop formal documentation for microelectromechanical systems (mems) devices, including quality assurance guidance, quality control protocols, process control checklists, data collection, or reporting.",not_classified,2.0,11.11111111111111
"develop graphics and layouts for product illustrations, company logos, and web sites.",not_classified,17.0,100.0
"develop ideas for creating dances, keeping notes and sketches to record influences.",directive,41.0,67.21311475409836
"develop ideas for creating dances, keeping notes and sketches to record influences.",not_classified,20.0,32.78688524590164
develop implementation plans that include analyses such as cost-benefit or return on investment (roi).,directive,24.0,82.75862068965517
develop implementation plans that include analyses such as cost-benefit or return on investment (roi).,not_classified,5.0,17.24137931034483
"develop individualized treatment plans for patients, considering patient preferences, clinical data, or the risks and benefits of therapies.",directive,214.0,88.06584362139918
"develop individualized treatment plans for patients, considering patient preferences, clinical data, or the risks and benefits of therapies.",none,15.0,6.172839506172839
"develop individualized treatment plans for patients, considering patient preferences, clinical data, or the risks and benefits of therapies.",not_classified,14.0,5.761316872427984
develop instructional materials and conduct in-service and community-based educational programs.,directive,151.0,75.87939698492463
develop instructional materials and conduct in-service and community-based educational programs.,not_classified,14.0,7.035175879396985
develop instructional materials and conduct in-service and community-based educational programs.,task iteration,34.0,17.08542713567839
develop instructional materials and products for technology-based redesign of courses.,directive,222.0,81.61764705882352
develop instructional materials and products for technology-based redesign of courses.,not_classified,23.0,8.455882352941178
develop instructional materials and products for technology-based redesign of courses.,task iteration,27.0,9.926470588235293
develop instructional materials to be used by educators and instructors.,directive,1649.0,83.74809547993905
develop instructional materials to be used by educators and instructors.,feedback loop,34.0,1.7267648552564754
develop instructional materials to be used by educators and instructors.,learning,31.0,1.5744032503809042
develop instructional materials to be used by educators and instructors.,none,39.0,1.9807008633824275
develop instructional materials to be used by educators and instructors.,not_classified,4.0,0.20314880650076178
develop instructional materials to be used by educators and instructors.,task iteration,212.0,10.766886744540376
"develop instructional materials, such as lesson plans, handouts, or examinations.",directive,1518.0,83.77483443708608
"develop instructional materials, such as lesson plans, handouts, or examinations.",feedback loop,20.0,1.1037527593818985
"develop instructional materials, such as lesson plans, handouts, or examinations.",learning,22.0,1.2141280353200883
"develop instructional materials, such as lesson plans, handouts, or examinations.",none,22.0,1.2141280353200883
"develop instructional materials, such as lesson plans, handouts, or examinations.",not_classified,6.0,0.33112582781456956
"develop instructional materials, such as lesson plans, handouts, or examinations.",task iteration,224.0,12.362030905077264
develop instrumentation and software for astronomical observation and analysis.,not_classified,27.0,100.0
"develop lists of prospective clients from sources such as newspaper items, company records, local merchants, or customers.",directive,38.0,88.37209302325581
"develop lists of prospective clients from sources such as newspaper items, company records, local merchants, or customers.",not_classified,5.0,11.627906976744185
"develop manuals, texts, workbooks, or related materials for use in conjunction with production materials or for training.",directive,17.0,80.95238095238095
"develop manuals, texts, workbooks, or related materials for use in conjunction with production materials or for training.",not_classified,4.0,19.047619047619047
"develop marketing materials, proposals, or presentation to generate new work opportunities.",directive,111.0,84.7328244274809
"develop marketing materials, proposals, or presentation to generate new work opportunities.",not_classified,4.0,3.0534351145038165
"develop marketing materials, proposals, or presentation to generate new work opportunities.",task iteration,16.0,12.213740458015266
develop mathematical or statistical models of phenomena to be used for analysis or for computational simulation.,directive,87.0,72.5
develop mathematical or statistical models of phenomena to be used for analysis or for computational simulation.,feedback loop,16.0,13.333333333333334
develop mathematical or statistical models of phenomena to be used for analysis or for computational simulation.,not_classified,17.0,14.166666666666666
develop measurement tools to evaluate the effectiveness of instruction or training interventions.,directive,47.0,64.38356164383562
develop measurement tools to evaluate the effectiveness of instruction or training interventions.,not_classified,10.0,13.698630136986301
develop measurement tools to evaluate the effectiveness of instruction or training interventions.,validation,16.0,21.91780821917808
develop methods for integrating different products so they work properly together such as customizing commercial databases to fit specific needs.,directive,724.0,58.434221146085555
develop methods for integrating different products so they work properly together such as customizing commercial databases to fit specific needs.,feedback loop,217.0,17.51412429378531
develop methods for integrating different products so they work properly together such as customizing commercial databases to fit specific needs.,learning,73.0,5.89184826472962
develop methods for integrating different products so they work properly together such as customizing commercial databases to fit specific needs.,none,118.0,9.523809523809524
develop methods for integrating different products so they work properly together such as customizing commercial databases to fit specific needs.,not_classified,13.0,1.0492332526230832
develop methods for integrating different products so they work properly together such as customizing commercial databases to fit specific needs.,task iteration,94.0,7.586763518966909
"develop methods of assessing or measuring corporate performance in terms of environmental, social, and governance (esg) issues.",not_classified,16.0,100.0
"develop new business by contacting potential clients, making sales presentations, and writing proposals.",directive,131.0,93.57142857142857
"develop new business by contacting potential clients, making sales presentations, and writing proposals.",not_classified,9.0,6.428571428571428
develop new chemical engineering processes or production techniques.,directive,18.0,62.06896551724138
develop new chemical engineering processes or production techniques.,not_classified,11.0,37.93103448275862
"develop new food items for production, based on consumer feedback.",not_classified,15.0,100.0
develop new methods to study the mechanisms of biological processes.,not_classified,21.0,100.0
"develop new or improved ways of preserving, processing, packaging, storing, and delivering foods, using knowledge of chemistry, microbiology, and other sciences.",directive,15.0,93.75
"develop new or improved ways of preserving, processing, packaging, storing, and delivering foods, using knowledge of chemistry, microbiology, and other sciences.",not_classified,1.0,6.25
develop new principles and new relationships between existing mathematical principles to advance mathematical science.,directive,68.0,64.76190476190476
develop new principles and new relationships between existing mathematical principles to advance mathematical science.,feedback loop,20.0,19.047619047619047
develop new principles and new relationships between existing mathematical principles to advance mathematical science.,not_classified,17.0,16.19047619047619
develop new software applications or customize existing applications to meet specific scientific project needs.,directive,5996.0,72.73168364871422
develop new software applications or customize existing applications to meet specific scientific project needs.,feedback loop,967.0,11.729742843279961
develop new software applications or customize existing applications to meet specific scientific project needs.,learning,113.0,1.3706938379427462
develop new software applications or customize existing applications to meet specific scientific project needs.,none,452.0,5.482775351770985
develop new software applications or customize existing applications to meet specific scientific project needs.,task iteration,691.0,8.381853469189714
develop new software applications or customize existing applications to meet specific scientific project needs.,validation,25.0,0.3032508491023775
develop or analyze information to assess the current or future financial status of firms.,directive,678.0,88.85976408912188
develop or analyze information to assess the current or future financial status of firms.,learning,15.0,1.9659239842726082
develop or analyze information to assess the current or future financial status of firms.,none,21.0,2.7522935779816518
develop or analyze information to assess the current or future financial status of firms.,not_classified,17.0,2.2280471821756227
develop or analyze information to assess the current or future financial status of firms.,validation,32.0,4.193971166448231
develop or apply data mining and machine learning algorithms.,directive,10455.0,80.99000697188008
develop or apply data mining and machine learning algorithms.,feedback loop,483.0,3.7415756448989077
develop or apply data mining and machine learning algorithms.,learning,346.0,2.6803005654969403
develop or apply data mining and machine learning algorithms.,none,1044.0,8.087380897048572
develop or apply data mining and machine learning algorithms.,task iteration,315.0,2.4401580292818963
develop or apply data mining and machine learning algorithms.,validation,266.0,2.0605778913936015
"develop or approve project plans, schedules, or budgets.",directive,18.0,100.0
"develop or configure document management system features, such as user interfaces, access profiles, and document workflow procedures.",directive,278.0,82.49258160237389
"develop or configure document management system features, such as user interfaces, access profiles, and document workflow procedures.",feedback loop,15.0,4.451038575667656
"develop or configure document management system features, such as user interfaces, access profiles, and document workflow procedures.",none,20.0,5.934718100890208
"develop or configure document management system features, such as user interfaces, access profiles, and document workflow procedures.",not_classified,8.0,2.3738872403560833
"develop or configure document management system features, such as user interfaces, access profiles, and document workflow procedures.",task iteration,16.0,4.747774480712167
develop or direct development of offering documents or marketing materials.,not_classified,17.0,100.0
develop or direct software system testing or validation procedures.,directive,1252.0,68.90478811227297
develop or direct software system testing or validation procedures.,feedback loop,187.0,10.291689598238856
develop or direct software system testing or validation procedures.,learning,44.0,2.4215740231150247
develop or direct software system testing or validation procedures.,none,162.0,8.9157952669235
develop or direct software system testing or validation procedures.,task iteration,74.0,4.072647220693451
develop or direct software system testing or validation procedures.,validation,98.0,5.393505778756191
develop or direct study courses or religious education programs within congregations.,directive,21.0,63.63636363636363
develop or direct study courses or religious education programs within congregations.,not_classified,12.0,36.36363636363637
develop or document style guidelines for web site content.,directive,91.0,83.4862385321101
develop or document style guidelines for web site content.,not_classified,18.0,16.51376146788991
develop or implement electronic maintenance programs or computer information management systems.,directive,80.0,72.72727272727273
develop or implement electronic maintenance programs or computer information management systems.,not_classified,30.0,27.27272727272727
develop or implement fund investment policies or strategies.,directive,15.0,68.18181818181817
develop or implement fund investment policies or strategies.,not_classified,7.0,31.818181818181817
develop or implement marketing strategies.,directive,148.0,72.1951219512195
develop or implement marketing strategies.,not_classified,29.0,14.146341463414632
develop or implement marketing strategies.,task iteration,28.0,13.658536585365855
"develop or implement policies or practices to ensure the privacy, confidentiality, or security of patient information.",directive,141.0,73.4375
"develop or implement policies or practices to ensure the privacy, confidentiality, or security of patient information.",none,18.0,9.375
"develop or implement policies or practices to ensure the privacy, confidentiality, or security of patient information.",not_classified,33.0,17.1875
develop or implement procedures for ongoing web site revision.,directive,557.0,67.84409257003654
develop or implement procedures for ongoing web site revision.,feedback loop,108.0,13.15468940316687
develop or implement procedures for ongoing web site revision.,learning,34.0,4.141291108404385
develop or implement procedures for ongoing web site revision.,none,48.0,5.84652862362972
develop or implement procedures for ongoing web site revision.,not_classified,5.0,0.6090133982947624
develop or implement procedures for ongoing web site revision.,task iteration,69.0,8.404384896467722
"develop or implement product-marketing strategies, including advertising campaigns or sales promotions.",directive,56.0,77.77777777777779
"develop or implement product-marketing strategies, including advertising campaigns or sales promotions.",not_classified,16.0,22.22222222222222
develop or implement risk-assessment models or methodologies.,directive,68.0,80.95238095238095
develop or implement risk-assessment models or methodologies.,not_classified,16.0,19.047619047619047
"develop or maintain applications that process biologically based data into searchable databases for purposes of analysis, calculation, or presentation.",directive,126.0,75.0
"develop or maintain applications that process biologically based data into searchable databases for purposes of analysis, calculation, or presentation.",none,30.0,17.857142857142858
"develop or maintain applications that process biologically based data into searchable databases for purposes of analysis, calculation, or presentation.",not_classified,12.0,7.142857142857142
"develop or maintain archived procedures, procedural codes, or queries for applications.",directive,51.0,67.10526315789474
"develop or maintain archived procedures, procedural codes, or queries for applications.",not_classified,25.0,32.89473684210527
"develop or maintain cost estimates, forecasts, or cost models.",directive,50.0,78.125
"develop or maintain cost estimates, forecasts, or cost models.",not_classified,14.0,21.875
develop or maintain internal or external company web sites.,directive,1464.0,63.1578947368421
develop or maintain internal or external company web sites.,feedback loop,461.0,19.88783433994823
develop or maintain internal or external company web sites.,learning,58.0,2.5021570319240722
develop or maintain internal or external company web sites.,none,110.0,4.745470232959448
develop or maintain internal or external company web sites.,not_classified,13.0,0.5608283002588439
develop or maintain internal or external company web sites.,task iteration,212.0,9.1458153580673
"develop or maintain standards, such as organization, structure, or nomenclature, for the design of data warehouse elements, such as data architectures, models, tools, and databases.",directive,23.0,67.64705882352942
"develop or maintain standards, such as organization, structure, or nomenclature, for the design of data warehouse elements, such as data architectures, models, tools, and databases.",not_classified,11.0,32.35294117647059
develop or maintain supplier or customer relationships.,not_classified,15.0,100.0
"develop or manage integrated security controls to ensure confidentiality, accountability, recoverability, or audit ability of sensitive information, proprietary information, or information technology resources.",directive,104.0,47.05882352941176
"develop or manage integrated security controls to ensure confidentiality, accountability, recoverability, or audit ability of sensitive information, proprietary information, or information technology resources.",feedback loop,24.0,10.85972850678733
"develop or manage integrated security controls to ensure confidentiality, accountability, recoverability, or audit ability of sensitive information, proprietary information, or information technology resources.",none,49.0,22.171945701357465
"develop or manage integrated security controls to ensure confidentiality, accountability, recoverability, or audit ability of sensitive information, proprietary information, or information technology resources.",not_classified,24.0,10.85972850678733
"develop or manage integrated security controls to ensure confidentiality, accountability, recoverability, or audit ability of sensitive information, proprietary information, or information technology resources.",task iteration,20.0,9.049773755656108
"develop or recommend network security measures, such as firewalls, network security audits, or automated security probes.",directive,42.0,64.61538461538461
"develop or recommend network security measures, such as firewalls, network security audits, or automated security probes.",not_classified,23.0,35.38461538461539
"develop or revise business plans for online business, emphasizing factors such as product line, pricing, inventory, or marketing strategy.",directive,24.0,68.57142857142857
"develop or revise business plans for online business, emphasizing factors such as product line, pricing, inventory, or marketing strategy.",not_classified,11.0,31.428571428571427
"develop or update project plans for information technology projects including information such as project objectives, technologies, systems, information specifications, schedules, funding, and staffing.",directive,82.0,83.6734693877551
"develop or update project plans for information technology projects including information such as project objectives, technologies, systems, information specifications, schedules, funding, and staffing.",not_classified,16.0,16.3265306122449
"develop plans and estimate costs for installation of systems, utilization of facilities, or construction of structures.",directive,23.0,92.0
"develop plans and estimate costs for installation of systems, utilization of facilities, or construction of structures.",not_classified,2.0,8.0
"develop pricing strategies, balancing firm objectives and customer satisfaction.",directive,16.0,64.0
"develop pricing strategies, balancing firm objectives and customer satisfaction.",not_classified,9.0,36.0
"develop problem intervention procedures, using techniques such as interviews, consultations, role playing, and participant observation of group interactions.",not_classified,41.0,100.0
develop program plans for individuals or assist in plan development.,directive,15.0,42.857142857142854
develop program plans for individuals or assist in plan development.,not_classified,20.0,57.14285714285714
develop prospect lists.,directive,44.0,93.61702127659575
develop prospect lists.,not_classified,3.0,6.382978723404255
"develop prospects from current commercial customers, referral leads, or sales or trade meetings.",directive,37.0,94.87179487179486
"develop prospects from current commercial customers, referral leads, or sales or trade meetings.",not_classified,2.0,5.128205128205128
"develop relationships and communicate with customers, site managers, developers, land owners, authorities, utility representatives, or residents.",directive,28.0,70.0
"develop relationships and communicate with customers, site managers, developers, land owners, authorities, utility representatives, or residents.",not_classified,12.0,30.0
develop software applications or programming to use for statistical modeling and graphic analysis.,directive,98.0,70.0
develop software applications or programming to use for statistical modeling and graphic analysis.,not_classified,26.0,18.571428571428573
develop software applications or programming to use for statistical modeling and graphic analysis.,task iteration,16.0,11.428571428571429
develop specialized computer software routines to customize and integrate image analysis.,directive,509.0,77.70992366412214
develop specialized computer software routines to customize and integrate image analysis.,feedback loop,17.0,2.595419847328244
develop specialized computer software routines to customize and integrate image analysis.,none,102.0,15.572519083969466
develop specialized computer software routines to customize and integrate image analysis.,not_classified,4.0,0.6106870229007634
develop specialized computer software routines to customize and integrate image analysis.,task iteration,23.0,3.5114503816793894
develop standards and guidelines to guide the use and acquisition of software and to protect vulnerable information.,directive,349.0,50.143678160919535
develop standards and guidelines to guide the use and acquisition of software and to protect vulnerable information.,learning,25.0,3.5919540229885056
develop standards and guidelines to guide the use and acquisition of software and to protect vulnerable information.,none,213.0,30.603448275862068
develop standards and guidelines to guide the use and acquisition of software and to protect vulnerable information.,not_classified,18.0,2.586206896551724
develop standards and guidelines to guide the use and acquisition of software and to protect vulnerable information.,validation,91.0,13.07471264367816
"develop story or content ideas, considering reader or audience appeal.",directive,21.0,84.0
"develop story or content ideas, considering reader or audience appeal.",not_classified,4.0,16.0
"develop system engineering, software engineering, system integration, or distributed system architectures.",directive,167.0,69.8744769874477
"develop system engineering, software engineering, system integration, or distributed system architectures.",feedback loop,17.0,7.112970711297072
"develop system engineering, software engineering, system integration, or distributed system architectures.",not_classified,22.0,9.205020920502092
"develop system engineering, software engineering, system integration, or distributed system architectures.",task iteration,33.0,13.807531380753138
develop system interaction or sequence diagrams.,directive,45.0,72.58064516129032
develop system interaction or sequence diagrams.,not_classified,17.0,27.419354838709676
"develop teaching aids such as instructional software, multimedia visual aids, or study materials.",directive,504.0,82.89473684210526
"develop teaching aids such as instructional software, multimedia visual aids, or study materials.",learning,34.0,5.592105263157895
"develop teaching aids such as instructional software, multimedia visual aids, or study materials.",none,15.0,2.4671052631578947
"develop teaching aids such as instructional software, multimedia visual aids, or study materials.",not_classified,18.0,2.9605263157894735
"develop teaching aids such as instructional software, multimedia visual aids, or study materials.",task iteration,37.0,6.0855263157894735
"develop teaching materials, such as syllabi, visual aids, answer keys, supplementary notes, or course web sites.",directive,412.0,84.08163265306122
"develop teaching materials, such as syllabi, visual aids, answer keys, supplementary notes, or course web sites.",not_classified,12.0,2.4489795918367347
"develop teaching materials, such as syllabi, visual aids, answer keys, supplementary notes, or course web sites.",task iteration,66.0,13.46938775510204
"develop teaching or training materials, such as handouts, study materials, or quizzes.",directive,432.0,86.92152917505031
"develop teaching or training materials, such as handouts, study materials, or quizzes.",not_classified,18.0,3.6217303822937628
"develop teaching or training materials, such as handouts, study materials, or quizzes.",task iteration,47.0,9.456740442655935
"develop tests, questionnaires, and procedures that measure the effectiveness of curricula and use these tools to determine whether program objectives are being met.",directive,61.0,65.59139784946237
"develop tests, questionnaires, and procedures that measure the effectiveness of curricula and use these tools to determine whether program objectives are being met.",not_classified,8.0,8.60215053763441
"develop tests, questionnaires, and procedures that measure the effectiveness of curricula and use these tools to determine whether program objectives are being met.",validation,24.0,25.806451612903224
develop theories based on personal observations or on observations and theories of other astronomers.,directive,21.0,65.625
develop theories based on personal observations or on observations and theories of other astronomers.,not_classified,11.0,34.375
develop training programs or routines designed to improve athletic performance.,directive,23.0,85.18518518518519
develop training programs or routines designed to improve athletic performance.,not_classified,4.0,14.814814814814813
"develop transactional web applications, using web programming software and knowledge of programming languages, such as hypertext markup language (html) and extensible markup language (xml).",directive,1919.0,69.20302921024162
"develop transactional web applications, using web programming software and knowledge of programming languages, such as hypertext markup language (html) and extensible markup language (xml).",feedback loop,406.0,14.641182834475297
"develop transactional web applications, using web programming software and knowledge of programming languages, such as hypertext markup language (html) and extensible markup language (xml).",learning,42.0,1.5146051208077893
"develop transactional web applications, using web programming software and knowledge of programming languages, such as hypertext markup language (html) and extensible markup language (xml).",none,123.0,4.435629282365669
"develop transactional web applications, using web programming software and knowledge of programming languages, such as hypertext markup language (html) and extensible markup language (xml).",not_classified,4.0,0.144248106743599
"develop transactional web applications, using web programming software and knowledge of programming languages, such as hypertext markup language (html) and extensible markup language (xml).",task iteration,279.0,10.06130544536603
"develop treatment plans based on scientific rationale, standards of care, and professional practice guidelines.",directive,23.0,71.875
"develop treatment plans based on scientific rationale, standards of care, and professional practice guidelines.",not_classified,9.0,28.125
develop visual aids and charts for use in lectures or to present evidence in court.,directive,20.0,83.33333333333334
develop visual aids and charts for use in lectures or to present evidence in court.,not_classified,4.0,16.666666666666664
"develop web site maps, application models, image templates, or page templates that meet project goals, user needs, or industry standards.",directive,444.0,85.88007736943906
"develop web site maps, application models, image templates, or page templates that meet project goals, user needs, or industry standards.",feedback loop,16.0,3.0947775628626695
"develop web site maps, application models, image templates, or page templates that meet project goals, user needs, or industry standards.",none,20.0,3.8684719535783367
"develop web site maps, application models, image templates, or page templates that meet project goals, user needs, or industry standards.",not_classified,7.0,1.3539651837524178
"develop web site maps, application models, image templates, or page templates that meet project goals, user needs, or industry standards.",task iteration,30.0,5.802707930367505
"develop, administer and evaluate applicant tests.",directive,26.0,83.87096774193549
"develop, administer and evaluate applicant tests.",not_classified,5.0,16.129032258064516
"develop, copy, or adapt designs for garments, and design patterns to fit measurements, applying knowledge of garment design, construction, styling, and fabric.",directive,219.0,77.93594306049823
"develop, copy, or adapt designs for garments, and design patterns to fit measurements, applying knowledge of garment design, construction, styling, and fabric.",none,15.0,5.338078291814947
"develop, copy, or adapt designs for garments, and design patterns to fit measurements, applying knowledge of garment design, construction, styling, and fabric.",not_classified,15.0,5.338078291814947
"develop, copy, or adapt designs for garments, and design patterns to fit measurements, applying knowledge of garment design, construction, styling, and fabric.",task iteration,32.0,11.387900355871885
"develop, implement or evaluate health information technology applications, tools, processes or structures to assist nurses with data management.",not_classified,21.0,100.0
"develop, implement, administer and evaluate personnel and labor relations programs, including performance appraisal, affirmative action and employment equity programs.",directive,18.0,100.0
"develop, implement, modify, and document recordkeeping and accounting systems, making use of current computer technology.",directive,287.0,79.06336088154269
"develop, implement, modify, and document recordkeeping and accounting systems, making use of current computer technology.",feedback loop,38.0,10.46831955922865
"develop, implement, modify, and document recordkeeping and accounting systems, making use of current computer technology.",not_classified,38.0,10.46831955922865
"develop, maintain, and analyze budgets, preparing periodic reports that compare budgeted costs to actual costs.",directive,34.0,82.92682926829268
"develop, maintain, and analyze budgets, preparing periodic reports that compare budgeted costs to actual costs.",not_classified,7.0,17.073170731707318
"develop, maintain, and troubleshoot information access aids, such as databases, annotated bibliographies, web pages, electronic pathfinders, software programs, and online tutorials.",directive,35.0,55.55555555555556
"develop, maintain, and troubleshoot information access aids, such as databases, annotated bibliographies, web pages, electronic pathfinders, software programs, and online tutorials.",not_classified,28.0,44.44444444444444
"develop, or contribute to the development of, educational or outreach programs on the environment or climate change.",directive,22.0,75.86206896551724
"develop, or contribute to the development of, educational or outreach programs on the environment or climate change.",not_classified,7.0,24.137931034482758
"develop, present, or respond to proposals for specific customer requirements, including request for proposal responses and industry-specific solutions.",directive,77.0,87.5
"develop, present, or respond to proposals for specific customer requirements, including request for proposal responses and industry-specific solutions.",not_classified,11.0,12.5
"develop, recommend, or manage security procedures for operations or processes, such as security call centers, system acquisition, development, and maintenance, access control, program models, or reporting tools.",directive,125.0,47.89272030651341
"develop, recommend, or manage security procedures for operations or processes, such as security call centers, system acquisition, development, and maintenance, access control, program models, or reporting tools.",none,85.0,32.56704980842912
"develop, recommend, or manage security procedures for operations or processes, such as security call centers, system acquisition, development, and maintenance, access control, program models, or reporting tools.",not_classified,35.0,13.409961685823754
"develop, recommend, or manage security procedures for operations or processes, such as security call centers, system acquisition, development, and maintenance, access control, program models, or reporting tools.",validation,16.0,6.130268199233716
"develop, standardize, evaluate, or modify procedures, techniques, or tests used in the analysis of specimens or in medical laboratory experiments.",directive,31.0,70.45454545454545
"develop, standardize, evaluate, or modify procedures, techniques, or tests used in the analysis of specimens or in medical laboratory experiments.",not_classified,13.0,29.545454545454547
"develop, test, or program new robots.",directive,27.0,69.23076923076923
"develop, test, or program new robots.",not_classified,12.0,30.76923076923077
"devise and evaluate methods and procedures for collecting data, such as surveys, opinion polls, or questionnaires, or arrange to obtain existing data.",directive,15.0,78.94736842105263
"devise and evaluate methods and procedures for collecting data, such as surveys, opinion polls, or questionnaires, or arrange to obtain existing data.",not_classified,4.0,21.052631578947366
devise testing methods to evaluate the effects of various conditions on particular materials.,directive,16.0,72.72727272727273
devise testing methods to evaluate the effects of various conditions on particular materials.,not_classified,6.0,27.27272727272727
"devise trading, option, or hedge strategies.",directive,73.0,55.3030303030303
"devise trading, option, or hedge strategies.",learning,49.0,37.121212121212125
"devise trading, option, or hedge strategies.",not_classified,10.0,7.575757575757576
"diagnose and correct problems from remote locations, using special switchboards to find the sources of problems.",not_classified,20.0,100.0
"diagnose diseases or study medical conditions using techniques such as gross pathology, histology, cytology, cytopathology, clinical chemistry, immunology, flow cytometry, and molecular biology.",directive,165.0,66.80161943319838
"diagnose diseases or study medical conditions using techniques such as gross pathology, histology, cytology, cytopathology, clinical chemistry, immunology, flow cytometry, and molecular biology.",not_classified,25.0,10.121457489878543
"diagnose diseases or study medical conditions using techniques such as gross pathology, histology, cytology, cytopathology, clinical chemistry, immunology, flow cytometry, and molecular biology.",validation,57.0,23.076923076923077
"diagnose malfunctioning systems, apparatus, or components, using test equipment and hand tools to locate the cause of a breakdown and correct the problem.",not_classified,16.0,100.0
"diagnose, test, or analyze the performance of electrical components, assemblies, or systems.",not_classified,35.0,100.0
"diagnose, troubleshoot, and resolve hardware, software, or other network and system problems, and replace defective components when necessary.",directive,5220.0,40.64470918009811
"diagnose, troubleshoot, and resolve hardware, software, or other network and system problems, and replace defective components when necessary.",feedback loop,5414.0,42.15525967453087
"diagnose, troubleshoot, and resolve hardware, software, or other network and system problems, and replace defective components when necessary.",learning,942.0,7.3347348750291985
"diagnose, troubleshoot, and resolve hardware, software, or other network and system problems, and replace defective components when necessary.",none,815.0,6.345869345168574
"diagnose, troubleshoot, and resolve hardware, software, or other network and system problems, and replace defective components when necessary.",task iteration,207.0,1.6117729502452698
"diagnose, troubleshoot, and resolve hardware, software, or other network and system problems, and replace defective components when necessary.",validation,245.0,1.9076539749279764
"direct and coordinate activities of personnel engaged in broadcast news, sports, or programming.",not_classified,15.0,100.0
"direct crop production operations, such as planning, tilling, planting, fertilizing, cultivating, spraying, or harvesting.",not_classified,16.0,100.0
"direct insurance negotiations, select insurance brokers or carriers, and place insurance.",directive,15.0,93.75
"direct insurance negotiations, select insurance brokers or carriers, and place insurance.",not_classified,1.0,6.25
"direct live broadcasts, films and recordings, or non-broadcast programming for public entertainment or education.",directive,641.0,52.28384991843393
"direct live broadcasts, films and recordings, or non-broadcast programming for public entertainment or education.",feedback loop,134.0,10.929853181076671
"direct live broadcasts, films and recordings, or non-broadcast programming for public entertainment or education.",none,184.0,15.00815660685155
"direct live broadcasts, films and recordings, or non-broadcast programming for public entertainment or education.",not_classified,9.0,0.734094616639478
"direct live broadcasts, films and recordings, or non-broadcast programming for public entertainment or education.",task iteration,258.0,21.04404567699837
direct or conduct studies or research on issues affecting areas of responsibility.,directive,18.0,60.0
direct or conduct studies or research on issues affecting areas of responsibility.,not_classified,12.0,40.0
direct or coordinate activities of businesses involved with buying or selling investment products or financial services.,directive,16.0,53.333333333333336
direct or coordinate activities of businesses involved with buying or selling investment products or financial services.,not_classified,14.0,46.666666666666664
direct or coordinate activities of project personnel.,directive,110.0,69.62025316455697
direct or coordinate activities of project personnel.,feedback loop,19.0,12.025316455696203
direct or coordinate activities of project personnel.,none,18.0,11.39240506329114
direct or coordinate activities of project personnel.,not_classified,11.0,6.962025316455696
"direct or coordinate an organization's financial or budget activities to fund operations, maximize investments, or increase efficiency.",not_classified,19.0,100.0
direct or provide home health services.,directive,24.0,42.10526315789473
direct or provide home health services.,learning,17.0,29.82456140350877
direct or provide home health services.,not_classified,16.0,28.07017543859649
direct software programming and development of documentation.,directive,310.0,71.75925925925925
direct software programming and development of documentation.,feedback loop,41.0,9.49074074074074
direct software programming and development of documentation.,none,30.0,6.944444444444445
direct software programming and development of documentation.,not_classified,17.0,3.935185185185185
direct software programming and development of documentation.,task iteration,34.0,7.87037037037037
"direct team activities, establishing task priorities, scheduling and tracking work assignments, providing guidance, and ensuring the availability of resources.",not_classified,22.0,100.0
"direct, coordinate, organize, or prioritize biological laboratory activities.",not_classified,18.0,100.0
discuss the treatment of problems with clients.,directive,86.0,9.695603156708005
discuss the treatment of problems with clients.,feedback loop,50.0,5.636978579481398
discuss the treatment of problems with clients.,learning,287.0,32.35625704622323
discuss the treatment of problems with clients.,none,384.0,43.291995490417136
discuss the treatment of problems with clients.,task iteration,21.0,2.367531003382187
discuss the treatment of problems with clients.,validation,59.0,6.6516347237880495
"display commercial, industrial, agricultural, and residential properties to clients and explain their features.",directive,204.0,70.83333333333334
"display commercial, industrial, agricultural, and residential properties to clients and explain their features.",feedback loop,27.0,9.375
"display commercial, industrial, agricultural, and residential properties to clients and explain their features.",learning,17.0,5.902777777777778
"display commercial, industrial, agricultural, and residential properties to clients and explain their features.",none,23.0,7.986111111111111
"display commercial, industrial, agricultural, and residential properties to clients and explain their features.",not_classified,1.0,0.3472222222222222
"display commercial, industrial, agricultural, and residential properties to clients and explain their features.",task iteration,16.0,5.555555555555555
"disseminate information regarding tools, reports, or metadata enhancements.",directive,25.0,69.44444444444444
"disseminate information regarding tools, reports, or metadata enhancements.",not_classified,11.0,30.555555555555557
"document account activities, generate reports, and keep records of business transactions with customers and suppliers.",directive,35.0,92.10526315789474
"document account activities, generate reports, and keep records of business transactions with customers and suppliers.",not_classified,3.0,7.894736842105263
"document activities and record information, such as the numbers of applications completed, presentations conducted, and persons assisted.",directive,24.0,92.3076923076923
"document activities and record information, such as the numbers of applications completed, presentations conducted, and persons assisted.",not_classified,2.0,7.6923076923076925
"document all database changes, modifications, or problems.",directive,100.0,45.87155963302752
"document all database changes, modifications, or problems.",feedback loop,35.0,16.055045871559635
"document all database changes, modifications, or problems.",learning,20.0,9.174311926605505
"document all database changes, modifications, or problems.",none,32.0,14.678899082568808
"document all database changes, modifications, or problems.",not_classified,6.0,2.7522935779816518
"document all database changes, modifications, or problems.",validation,25.0,11.46788990825688
"document and communicate database schemas, using accepted notations.",directive,173.0,62.00716845878136
"document and communicate database schemas, using accepted notations.",learning,48.0,17.20430107526882
"document and communicate database schemas, using accepted notations.",none,28.0,10.03584229390681
"document and communicate database schemas, using accepted notations.",not_classified,30.0,10.75268817204301
document and evaluate transportation project needs and costs.,not_classified,16.0,100.0
"document computer security and emergency measures policies, procedures, and tests.",directive,53.0,70.66666666666667
"document computer security and emergency measures policies, procedures, and tests.",not_classified,22.0,29.333333333333332
"document data related to patients' care including assessment results, interventions, medications, patient responses, or treatment changes.",directive,26.0,81.25
"document data related to patients' care including assessment results, interventions, medications, patient responses, or treatment changes.",not_classified,6.0,18.75
"document design specifications, installation instructions, and other system-related information.",directive,21.0,91.30434782608695
"document design specifications, installation instructions, and other system-related information.",not_classified,2.0,8.695652173913043
"document findings of study and prepare recommendations for implementation of new systems, procedures, or organizational changes.",directive,113.0,72.90322580645162
"document findings of study and prepare recommendations for implementation of new systems, procedures, or organizational changes.",not_classified,3.0,1.935483870967742
"document findings of study and prepare recommendations for implementation of new systems, procedures, or organizational changes.",task iteration,39.0,25.161290322580644
document help desk requests and resolutions.,directive,86.0,81.13207547169812
document help desk requests and resolutions.,not_classified,20.0,18.867924528301888
document methods used and write technical reports containing information collected.,directive,194.0,66.43835616438356
document methods used and write technical reports containing information collected.,none,56.0,19.17808219178082
document methods used and write technical reports containing information collected.,not_classified,23.0,7.876712328767123
document methods used and write technical reports containing information collected.,validation,19.0,6.506849315068493
"document non-destructive testing (ndt) methods, processes, or results.",directive,43.0,76.78571428571429
"document non-destructive testing (ndt) methods, processes, or results.",not_classified,13.0,23.214285714285715
"document patient information including session notes, progress notes, recommendations, and treatment plans.",directive,20.0,76.92307692307693
"document patient information including session notes, progress notes, recommendations, and treatment plans.",not_classified,6.0,23.076923076923077
"document patients' health histories, symptoms, physical conditions, or other diagnostic information.",not_classified,15.0,100.0
"document patients' medical and psychological histories, physical assessment results, diagnoses, treatment plans, prescriptions, or outcomes.",directive,24.0,96.0
"document patients' medical and psychological histories, physical assessment results, diagnoses, treatment plans, prescriptions, or outcomes.",not_classified,1.0,4.0
document patients' medical histories and assessment findings.,directive,25.0,80.64516129032258
document patients' medical histories and assessment findings.,not_classified,6.0,19.35483870967742
"document quantity, quality, type, weight, test result data, and value of materials or products to maintain shipping, receiving, and production records and files.",directive,18.0,100.0
"document robotic application development, maintenance, or changes.",not_classified,17.0,100.0
"document security transactions, such as purchases, sales, conversions, redemptions, or payments, using computers, accounting ledgers, or certificate records.",directive,51.0,96.22641509433963
"document security transactions, such as purchases, sales, conversions, redemptions, or payments, using computers, accounting ledgers, or certificate records.",not_classified,2.0,3.7735849056603774
"document software defects, using a bug tracking system, and report defects to software developers.",directive,1309.0,52.23463687150838
"document software defects, using a bug tracking system, and report defects to software developers.",feedback loop,540.0,21.54828411811652
"document software defects, using a bug tracking system, and report defects to software developers.",learning,140.0,5.58659217877095
"document software defects, using a bug tracking system, and report defects to software developers.",none,312.0,12.450119712689546
"document software defects, using a bug tracking system, and report defects to software developers.",task iteration,40.0,1.596169193934557
"document software defects, using a bug tracking system, and report defects to software developers.",validation,165.0,6.584197924980048
document technical functions and specifications for new or proposed content management systems.,directive,47.0,73.4375
document technical functions and specifications for new or proposed content management systems.,not_classified,17.0,26.5625
document technical specifications and operating standards for telecommunications equipment.,directive,36.0,85.71428571428571
document technical specifications and operating standards for telecommunications equipment.,not_classified,6.0,14.285714285714285
"document test results, using cameras, spreadsheets, documents, or other tools.",directive,124.0,55.60538116591929
"document test results, using cameras, spreadsheets, documents, or other tools.",none,36.0,16.143497757847534
"document test results, using cameras, spreadsheets, documents, or other tools.",not_classified,13.0,5.829596412556054
"document test results, using cameras, spreadsheets, documents, or other tools.",validation,50.0,22.421524663677133
"document the performance, interpretation, or outcomes of all procedures performed.",directive,167.0,53.52564102564102
"document the performance, interpretation, or outcomes of all procedures performed.",none,57.0,18.269230769230766
"document the performance, interpretation, or outcomes of all procedures performed.",not_classified,14.0,4.487179487179487
"document the performance, interpretation, or outcomes of all procedures performed.",validation,74.0,23.717948717948715
"document user support activity, such as system problems, corrective actions, resolution status, and completed equipment installations.",directive,33.0,89.1891891891892
"document user support activity, such as system problems, corrective actions, resolution status, and completed equipment installations.",not_classified,4.0,10.81081081081081
"document, design, code, or test geographic information systems (gis) models, internet mapping solutions, or other applications.",not_classified,24.0,100.0
"draw charts and graphs, using computer spreadsheets, to illustrate technical reports.",directive,30.0,76.92307692307693
"draw charts and graphs, using computer spreadsheets, to illustrate technical reports.",not_classified,9.0,23.076923076923077
draw conclusions or make predictions based on data summaries or statistical analyses.,directive,238.0,72.3404255319149
draw conclusions or make predictions based on data summaries or statistical analyses.,none,34.0,10.33434650455927
draw conclusions or make predictions based on data summaries or statistical analyses.,not_classified,18.0,5.47112462006079
draw conclusions or make predictions based on data summaries or statistical analyses.,validation,39.0,11.854103343465045
"edit broadcast material electronically, using computers.",directive,19.0,86.36363636363636
"edit broadcast material electronically, using computers.",not_classified,3.0,13.636363636363635
"edit films and videotapes to insert music, dialogue, and sound effects, to arrange films into sequences, and to correct errors, using editing equipment.",directive,210.0,95.02262443438913
"edit films and videotapes to insert music, dialogue, and sound effects, to arrange films into sequences, and to correct errors, using editing equipment.",not_classified,11.0,4.97737556561086
"edit graphics and photos, using pixel or bitmap editing, airbrushing, masking, or image retouching.",directive,49.0,74.24242424242425
"edit graphics and photos, using pixel or bitmap editing, airbrushing, masking, or image retouching.",not_classified,17.0,25.757575757575758
"edit instructional materials, such as books, simulation exercises, lesson plans, instructor guides, and tests.",directive,95.0,63.33333333333333
"edit instructional materials, such as books, simulation exercises, lesson plans, instructor guides, and tests.",not_classified,18.0,12.0
"edit instructional materials, such as books, simulation exercises, lesson plans, instructor guides, and tests.",task iteration,37.0,24.666666666666668
edit manuscripts for professional journals.,not_classified,18.0,100.0
edit news material to ensure that it fits within available time or space.,directive,95.0,98.95833333333334
edit news material to ensure that it fits within available time or space.,not_classified,1.0,1.0416666666666665
"edit or rewrite existing copy as necessary, and submit copy for approval by supervisor.",directive,321.0,72.78911564625851
"edit or rewrite existing copy as necessary, and submit copy for approval by supervisor.",not_classified,1.0,0.22675736961451248
"edit or rewrite existing copy as necessary, and submit copy for approval by supervisor.",task iteration,77.0,17.46031746031746
"edit or rewrite existing copy as necessary, and submit copy for approval by supervisor.",validation,42.0,9.523809523809524
"edit, standardize, or make changes to material prepared by other writers or establishment personnel.",directive,2494.0,80.16714882674381
"edit, standardize, or make changes to material prepared by other writers or establishment personnel.",feedback loop,21.0,0.6750241080038573
"edit, standardize, or make changes to material prepared by other writers or establishment personnel.",none,64.0,2.0572163291546124
"edit, standardize, or make changes to material prepared by other writers or establishment personnel.",not_classified,6.0,0.19286403085824494
"edit, standardize, or make changes to material prepared by other writers or establishment personnel.",task iteration,486.0,15.62198649951784
"edit, standardize, or make changes to material prepared by other writers or establishment personnel.",validation,40.0,1.285760205721633
"educate patients about diagnoses, prognoses, or treatments.",learning,20.0,62.5
"educate patients about diagnoses, prognoses, or treatments.",not_classified,12.0,37.5
"educate patients and family members about mental health and medical conditions, preventive health measures, medications, or treatment plans.",directive,17.0,58.620689655172406
"educate patients and family members about mental health and medical conditions, preventive health measures, medications, or treatment plans.",not_classified,12.0,41.37931034482759
"educate the public about health issues or enforce health legislation to prevent disease, to promote health, or to help people understand health protection procedures and regulations.",not_classified,16.0,100.0
"electronically sort and compile text and numerical data, retrieving, updating, and merging documents as required.",directive,167.0,94.88636363636364
"electronically sort and compile text and numerical data, retrieving, updating, and merging documents as required.",not_classified,9.0,5.113636363636364
emphasize product features based on analyses of customers' needs and on technical knowledge of product capabilities and limitations.,directive,58.0,90.625
emphasize product features based on analyses of customers' needs and on technical knowledge of product capabilities and limitations.,not_classified,6.0,9.375
employ financial models to develop solutions to financial problems or to assess the financial or capital impact of transactions.,directive,34.0,73.91304347826086
employ financial models to develop solutions to financial problems or to assess the financial or capital impact of transactions.,not_classified,12.0,26.08695652173913
"encourage clients to express their feelings and discuss what is happening in their lives, helping them to develop insight into themselves or their relationships.",directive,24.0,10.81081081081081
"encourage clients to express their feelings and discuss what is happening in their lives, helping them to develop insight into themselves or their relationships.",learning,112.0,50.45045045045045
"encourage clients to express their feelings and discuss what is happening in their lives, helping them to develop insight into themselves or their relationships.",none,59.0,26.576576576576578
"encourage clients to express their feelings and discuss what is happening in their lives, helping them to develop insight into themselves or their relationships.",not_classified,27.0,12.162162162162163
encourage individuals and family members to develop and use skills and strategies for confronting their problems in a constructive manner.,directive,65.0,54.166666666666664
encourage individuals and family members to develop and use skills and strategies for confronting their problems in a constructive manner.,none,27.0,22.5
encourage individuals and family members to develop and use skills and strategies for confronting their problems in a constructive manner.,not_classified,28.0,23.333333333333332
enforce safety rules and regulations.,none,19.0,59.375
enforce safety rules and regulations.,not_classified,13.0,40.625
"engineer, install, maintain, or repair security systems, programmable logic controls, or other security-related electronic systems.",directive,17.0,50.0
"engineer, install, maintain, or repair security systems, programmable logic controls, or other security-related electronic systems.",not_classified,17.0,50.0
ensure adherence to safety rules and practices.,not_classified,23.0,100.0
ensure payment for services by verifying benefits with the person's insurance provider or working out financing options.,directive,15.0,88.23529411764706
ensure payment for services by verifying benefits with the person's insurance provider or working out financing options.,not_classified,2.0,11.76470588235294
enter claims information into database systems.,directive,260.0,56.03448275862068
enter claims information into database systems.,feedback loop,30.0,6.4655172413793105
enter claims information into database systems.,none,25.0,5.387931034482758
enter claims information into database systems.,not_classified,9.0,1.9396551724137931
enter claims information into database systems.,validation,140.0,30.17241379310345
enter codes and instructions to program computer-controlled machinery.,directive,252.0,54.78260869565217
enter codes and instructions to program computer-controlled machinery.,feedback loop,63.0,13.695652173913043
enter codes and instructions to program computer-controlled machinery.,none,134.0,29.130434782608695
enter codes and instructions to program computer-controlled machinery.,not_classified,11.0,2.391304347826087
enter commands and observe system functioning to verify correct operations and detect errors.,directive,52.0,35.13513513513514
enter commands and observe system functioning to verify correct operations and detect errors.,none,71.0,47.97297297297297
enter commands and observe system functioning to verify correct operations and detect errors.,not_classified,25.0,16.89189189189189
"enter commands or load control media, such as tapes, cards, or disks, into machine controllers to retrieve programmed instructions.",directive,202.0,53.43915343915344
"enter commands or load control media, such as tapes, cards, or disks, into machine controllers to retrieve programmed instructions.",feedback loop,26.0,6.878306878306878
"enter commands or load control media, such as tapes, cards, or disks, into machine controllers to retrieve programmed instructions.",none,144.0,38.095238095238095
"enter commands or load control media, such as tapes, cards, or disks, into machine controllers to retrieve programmed instructions.",not_classified,6.0,1.5873015873015872
enter data from analysis of medical tests or clinical results into computer for storage.,directive,70.0,98.59154929577466
enter data from analysis of medical tests or clinical results into computer for storage.,not_classified,1.0,1.4084507042253522
enter data into computers for use in analyses or reports.,directive,2267.0,91.5959595959596
enter data into computers for use in analyses or reports.,none,181.0,7.313131313131313
enter data into computers for use in analyses or reports.,not_classified,27.0,1.090909090909091
"enter data into geographic information systems (gis) databases, using techniques such as coordinate geometry, keyboard entry of tabular data, manual digitizing of maps, scanning or automatic conversion to vectors, or conversion of other sources of digital data.",directive,18.0,94.73684210526315
"enter data into geographic information systems (gis) databases, using techniques such as coordinate geometry, keyboard entry of tabular data, manual digitizing of maps, scanning or automatic conversion to vectors, or conversion of other sources of digital data.",not_classified,1.0,5.263157894736842
"enter data, such as demographic characteristics, history and extent of disease, diagnostic procedures, or treatment into computer.",directive,63.0,98.4375
"enter data, such as demographic characteristics, history and extent of disease, diagnostic procedures, or treatment into computer.",not_classified,1.0,1.5625
enter into record-keeping systems appropriate data needed to create new title records or update existing ones.,directive,17.0,94.44444444444444
enter into record-keeping systems appropriate data needed to create new title records or update existing ones.,not_classified,1.0,5.555555555555555
"enter patient, specimen, insurance, or billing information into computer.",directive,44.0,97.77777777777777
"enter patient, specimen, insurance, or billing information into computer.",not_classified,1.0,2.2222222222222223
"enter text into computer keyboard and select the size and style of type, column width, and appropriate spacing for printed materials.",directive,91.0,83.4862385321101
"enter text into computer keyboard and select the size and style of type, column width, and appropriate spacing for printed materials.",not_classified,18.0,16.51376146788991
"enter, position, and alter text size, using computers, to make up and arrange pages so that printed materials can be produced.",directive,98.0,84.48275862068965
"enter, position, and alter text size, using computers, to make up and arrange pages so that printed materials can be produced.",not_classified,18.0,15.517241379310345
"enter, store, and retrieve information on computer-aided equipment.",directive,34.0,87.17948717948718
"enter, store, and retrieve information on computer-aided equipment.",not_classified,5.0,12.82051282051282
"establish and calculate optimum values for database parameters, using manuals and calculator.",not_classified,18.0,100.0
establish and implement operational standards and procedures for the departments supervised.,not_classified,15.0,100.0
"establish and maintain effective working relationships with clients, government officials, and media representatives and use these relationships to develop new business opportunities.",directive,26.0,92.85714285714286
"establish and maintain effective working relationships with clients, government officials, and media representatives and use these relationships to develop new business opportunities.",not_classified,2.0,7.142857142857142
establish and maintain relationships with individual or business customers or provide assistance with problems these customers may encounter.,directive,95.0,35.714285714285715
establish and maintain relationships with individual or business customers or provide assistance with problems these customers may encounter.,none,155.0,58.27067669172933
establish and maintain relationships with individual or business customers or provide assistance with problems these customers may encounter.,not_classified,16.0,6.015037593984962
establish tables of accounts and assign entries to proper accounts.,directive,48.0,80.0
establish tables of accounts and assign entries to proper accounts.,not_classified,12.0,20.0
estimate cost of completed work or of needed renovations or upgrades.,directive,72.0,94.73684210526315
estimate cost of completed work or of needed renovations or upgrades.,not_classified,4.0,5.263157894736842
"estimate labor, material, or construction costs for budget preparation purposes.",directive,183.0,80.61674008810573
"estimate labor, material, or construction costs for budget preparation purposes.",not_classified,14.0,6.167400881057269
"estimate labor, material, or construction costs for budget preparation purposes.",task iteration,30.0,13.215859030837004
estimate market value of products or services.,directive,19.0,86.36363636363636
estimate market value of products or services.,not_classified,3.0,13.636363636363635
"estimate material requirements and costs, and present design to client for approval.",directive,28.0,80.0
"estimate material requirements and costs, and present design to client for approval.",not_classified,7.0,20.0
estimate materials and labor required to complete roofing jobs.,directive,39.0,82.97872340425532
estimate materials and labor required to complete roofing jobs.,not_classified,8.0,17.02127659574468
"estimate or quote prices, credit or contract terms, warranties, and delivery dates.",directive,39.0,88.63636363636364
"estimate or quote prices, credit or contract terms, warranties, and delivery dates.",not_classified,5.0,11.363636363636363
evaluate and approve selection of vendors by studying past performance or new advertisements.,directive,16.0,66.66666666666666
evaluate and approve selection of vendors by studying past performance or new advertisements.,not_classified,8.0,33.33333333333333
evaluate and compare the relative quality of various securities in a given industry.,directive,64.0,94.11764705882352
evaluate and compare the relative quality of various securities in a given industry.,not_classified,4.0,5.88235294117647
"evaluate and grade examinations, assignments, or papers and record grades.",directive,59.0,55.660377358490564
"evaluate and grade examinations, assignments, or papers and record grades.",not_classified,15.0,14.150943396226415
"evaluate and grade examinations, assignments, or papers and record grades.",validation,32.0,30.18867924528302
"evaluate and grade students' class work, assignments, and papers.",directive,812.0,60.28210838901262
"evaluate and grade students' class work, assignments, and papers.",learning,27.0,2.0044543429844097
"evaluate and grade students' class work, assignments, and papers.",none,69.0,5.122494432071269
"evaluate and grade students' class work, assignments, and papers.",not_classified,6.0,0.4454342984409799
"evaluate and grade students' class work, assignments, and papers.",task iteration,26.0,1.9302152932442462
"evaluate and grade students' class work, assignments, and papers.",validation,407.0,30.21529324424647
"evaluate and grade students' class work, assignments, papers, and oral presentations.",directive,130.0,71.03825136612022
"evaluate and grade students' class work, assignments, papers, and oral presentations.",not_classified,11.0,6.0109289617486334
"evaluate and grade students' class work, assignments, papers, and oral presentations.",validation,42.0,22.950819672131146
"evaluate and grade students' class work, laboratory and clinic work, assignments, and papers.",not_classified,22.0,100.0
"evaluate and grade students' class work, laboratory performance, assignments, and papers.",directive,21.0,61.76470588235294
"evaluate and grade students' class work, laboratory performance, assignments, and papers.",not_classified,13.0,38.23529411764706
"evaluate and grade students' class work, laboratory work, assignments, and papers.",directive,33.0,49.25373134328358
"evaluate and grade students' class work, laboratory work, assignments, and papers.",not_classified,7.0,10.44776119402985
"evaluate and grade students' class work, laboratory work, assignments, and papers.",validation,27.0,40.298507462686565
"evaluate and grade students' class work, laboratory work, projects, assignments, and papers.",directive,30.0,54.54545454545454
"evaluate and grade students' class work, laboratory work, projects, assignments, and papers.",not_classified,5.0,9.090909090909092
"evaluate and grade students' class work, laboratory work, projects, assignments, and papers.",validation,20.0,36.36363636363637
"evaluate and grade students' class work, performances, projects, assignments, and papers.",directive,41.0,66.12903225806451
"evaluate and grade students' class work, performances, projects, assignments, and papers.",not_classified,3.0,4.838709677419355
"evaluate and grade students' class work, performances, projects, assignments, and papers.",validation,18.0,29.03225806451613
"evaluate and grade students' work, including work performed in design studios.",not_classified,15.0,100.0
evaluate and select providers of services according to customer requirements.,directive,56.0,87.5
evaluate and select providers of services according to customer requirements.,not_classified,8.0,12.5
"evaluate applications, records, or documents to gather information about eligibility or liability issues.",directive,162.0,88.52459016393442
"evaluate applications, records, or documents to gather information about eligibility or liability issues.",not_classified,21.0,11.475409836065573
evaluate appropriateness of received specimens for requested tests.,not_classified,25.0,100.0
"evaluate code to ensure that it is valid, is properly structured, meets industry standards, and is compatible with browsers, devices, or operating systems.",directive,1684.0,58.391123439667126
"evaluate code to ensure that it is valid, is properly structured, meets industry standards, and is compatible with browsers, devices, or operating systems.",feedback loop,58.0,2.0110957004160888
"evaluate code to ensure that it is valid, is properly structured, meets industry standards, and is compatible with browsers, devices, or operating systems.",learning,134.0,4.64632454923717
"evaluate code to ensure that it is valid, is properly structured, meets industry standards, and is compatible with browsers, devices, or operating systems.",none,541.0,18.75866851595007
"evaluate code to ensure that it is valid, is properly structured, meets industry standards, and is compatible with browsers, devices, or operating systems.",task iteration,37.0,1.2829403606102634
"evaluate code to ensure that it is valid, is properly structured, meets industry standards, and is compatible with browsers, devices, or operating systems.",validation,430.0,14.909847434119278
"evaluate construction methods and determine cost-effectiveness of plans, using computer models.",not_classified,15.0,100.0
"evaluate current or emerging technologies to consider factors such as cost, portability, compatibility, or usability.",not_classified,15.0,100.0
"evaluate curricula, teaching methods, and programs to determine their effectiveness, efficiency, and utilization, and to ensure that school activities comply with federal, state, and local regulations.",directive,291.0,76.37795275590551
"evaluate curricula, teaching methods, and programs to determine their effectiveness, efficiency, and utilization, and to ensure that school activities comply with federal, state, and local regulations.",not_classified,18.0,4.724409448818897
"evaluate curricula, teaching methods, and programs to determine their effectiveness, efficiency, and utilization, and to ensure that school activities comply with federal, state, and local regulations.",validation,72.0,18.89763779527559
evaluate data and write reports to validate or indicate deviations from existing standards.,directive,22.0,48.888888888888886
evaluate data and write reports to validate or indicate deviations from existing standards.,not_classified,4.0,8.88888888888889
evaluate data and write reports to validate or indicate deviations from existing standards.,validation,19.0,42.22222222222222
evaluate data processing proposals to assess project feasibility and requirements.,directive,23.0,92.0
evaluate data processing proposals to assess project feasibility and requirements.,not_classified,2.0,8.0
evaluate effects of treatment at various stages and adjust treatments to achieve maximum benefit.,not_classified,16.0,100.0
evaluate employee performance and prepare performance appraisals.,directive,109.0,72.18543046357617
evaluate employee performance and prepare performance appraisals.,not_classified,10.0,6.622516556291391
evaluate employee performance and prepare performance appraisals.,validation,32.0,21.192052980132452
evaluate existing systems to determine effectiveness and suggest changes to meet organizational requirements.,directive,152.0,81.28342245989305
evaluate existing systems to determine effectiveness and suggest changes to meet organizational requirements.,not_classified,17.0,9.090909090909092
evaluate existing systems to determine effectiveness and suggest changes to meet organizational requirements.,validation,18.0,9.62566844919786
"evaluate factors such as reporting formats required, cost constraints, or need for security restrictions to determine hardware configuration.",directive,31.0,70.45454545454545
"evaluate factors such as reporting formats required, cost constraints, or need for security restrictions to determine hardware configuration.",not_classified,13.0,29.545454545454547
evaluate genetic data by performing appropriate mathematical or statistical calculations and analyses.,directive,79.0,84.94623655913979
evaluate genetic data by performing appropriate mathematical or statistical calculations and analyses.,not_classified,14.0,15.053763440860216
evaluate information on applications to verify completeness and accuracy and to determine whether applicants are qualified to obtain desired licenses.,directive,17.0,73.91304347826086
evaluate information on applications to verify completeness and accuracy and to determine whether applicants are qualified to obtain desired licenses.,not_classified,6.0,26.08695652173913
"evaluate instructor performance and the effectiveness of training programs, providing recommendations for improvement.",directive,59.0,76.62337662337663
"evaluate instructor performance and the effectiveness of training programs, providing recommendations for improvement.",not_classified,18.0,23.376623376623375
"evaluate job positions, determining classification, exempt or non-exempt status, and salary.",directive,16.0,94.11764705882352
"evaluate job positions, determining classification, exempt or non-exempt status, and salary.",not_classified,1.0,5.88235294117647
"evaluate local area network (lan) or wide area network (wan) performance data to ensure sufficient availability or speed, to identify network problems, or for disaster recovery purposes.",not_classified,18.0,100.0
"evaluate material properties, using radio astronomy, voltage and amperage measurement, or rheometric flow measurement.",not_classified,17.0,100.0
"evaluate medical information to determine patients' risk factors, such as allergies to contrast agents, or to make decisions regarding the appropriateness of procedures.",directive,18.0,75.0
"evaluate medical information to determine patients' risk factors, such as allergies to contrast agents, or to make decisions regarding the appropriateness of procedures.",not_classified,6.0,25.0
evaluate mortgage options to help clients obtain financing at the best prevailing rates and terms.,directive,34.0,73.91304347826086
evaluate mortgage options to help clients obtain financing at the best prevailing rates and terms.,not_classified,12.0,26.08695652173913
evaluate new technologies and methods to make recommendations regarding their use.,not_classified,26.0,100.0
evaluate new technologies to enhance or complement current research.,not_classified,15.0,100.0
"evaluate or make recommendations for standards of care or clinical operations, ensuring compliance with applicable regulations, ethics, legislation, or policies.",directive,26.0,76.47058823529412
"evaluate or make recommendations for standards of care or clinical operations, ensuring compliance with applicable regulations, ethics, legislation, or policies.",not_classified,8.0,23.52941176470588
evaluate or recommend server hardware or software.,directive,188.0,67.62589928057554
evaluate or recommend server hardware or software.,learning,39.0,14.028776978417264
evaluate or recommend server hardware or software.,none,26.0,9.352517985611511
evaluate or recommend server hardware or software.,not_classified,25.0,8.992805755395683
evaluate or recommend software for testing or bug tracking.,directive,220.0,72.84768211920529
evaluate or recommend software for testing or bug tracking.,learning,59.0,19.5364238410596
evaluate or recommend software for testing or bug tracking.,not_classified,23.0,7.6158940397351
evaluate power production or demand trends to identify opportunities for improved operations.,not_classified,17.0,100.0
"evaluate programs and policies, and make related recommendations to institutions and organizations.",directive,80.0,86.02150537634408
"evaluate programs and policies, and make related recommendations to institutions and organizations.",not_classified,13.0,13.978494623655912
"evaluate recruitment or selection criteria to ensure conformance to professional, statistical, or testing standards, recommending revisions, as needed.",directive,74.0,82.22222222222221
"evaluate recruitment or selection criteria to ensure conformance to professional, statistical, or testing standards, recommending revisions, as needed.",not_classified,16.0,17.77777777777778
evaluate sources of information to determine any limitations in terms of reliability or usability.,directive,1970.0,72.37325495958854
evaluate sources of information to determine any limitations in terms of reliability or usability.,learning,78.0,2.865540044085231
evaluate sources of information to determine any limitations in terms of reliability or usability.,none,294.0,10.80088170462895
evaluate sources of information to determine any limitations in terms of reliability or usability.,not_classified,16.0,0.5878030859662012
evaluate sources of information to determine any limitations in terms of reliability or usability.,validation,364.0,13.372520205731082
"evaluate students' or individuals' abilities, interests, and personality characteristics using tests, records, interviews, or professional sources.",directive,73.0,92.40506329113924
"evaluate students' or individuals' abilities, interests, and personality characteristics using tests, records, interviews, or professional sources.",not_classified,6.0,7.59493670886076
"evaluate technical specifications to identify equipment or systems best suited for intended use and possible purchase, based on specifications, user needs, or technical requirements.",directive,24.0,100.0
evaluate the effectiveness of distance learning programs in promoting knowledge or skill acquisition.,directive,18.0,60.0
evaluate the effectiveness of distance learning programs in promoting knowledge or skill acquisition.,not_classified,12.0,40.0
"evaluate the organization's technology use and needs and recommend improvements, such as hardware and software upgrades.",directive,104.0,61.1764705882353
"evaluate the organization's technology use and needs and recommend improvements, such as hardware and software upgrades.",learning,30.0,17.647058823529413
"evaluate the organization's technology use and needs and recommend improvements, such as hardware and software upgrades.",not_classified,36.0,21.176470588235293
"evaluate the performance of vendors, contract employees, or other service providers to ensure quality and cost-efficiency.",not_classified,20.0,100.0
"evaluate the potential of new product developments or market opportunities, according to factors such as business plans, technologies, or market potential.",directive,80.0,77.66990291262135
"evaluate the potential of new product developments or market opportunities, according to factors such as business plans, technologies, or market potential.",not_classified,23.0,22.330097087378643
"evaluate the use of technologies, such as global positioning systems (gps), radio-frequency identification (rfid), route navigation software, or satellite linkup systems, to improve transportation efficiency.",not_classified,18.0,100.0
evaluate the work of staff and volunteers to ensure that programs are of appropriate quality and that resources are used effectively.,directive,25.0,71.42857142857143
evaluate the work of staff and volunteers to ensure that programs are of appropriate quality and that resources are used effectively.,not_classified,10.0,28.57142857142857
"evaluate training materials prepared by instructors, such as outlines, text, or handouts.",not_classified,19.0,100.0
"evaluate vendor products and performance, negotiate contracts, and place orders.",directive,24.0,88.88888888888889
"evaluate vendor products and performance, negotiate contracts, and place orders.",not_classified,3.0,11.11111111111111
evaluate violations or problems discovered during inspections to determine appropriate regulatory actions or to provide advice on the development and prosecution of regulatory cases.,directive,15.0,93.75
evaluate violations or problems discovered during inspections to determine appropriate regulatory actions or to provide advice on the development and prosecution of regulatory cases.,not_classified,1.0,6.25
"examine and analyze material for presence and concentration of contaminants, such as asbestos, using variety of microscopes.",directive,242.0,83.73702422145328
"examine and analyze material for presence and concentration of contaminants, such as asbestos, using variety of microscopes.",none,23.0,7.958477508650519
"examine and analyze material for presence and concentration of contaminants, such as asbestos, using variety of microscopes.",not_classified,2.0,0.6920415224913495
"examine and analyze material for presence and concentration of contaminants, such as asbestos, using variety of microscopes.",validation,22.0,7.612456747404845
"examine cell samples to detect abnormalities in the color, shape, or size of cellular components and patterns.",directive,164.0,80.3921568627451
"examine cell samples to detect abnormalities in the color, shape, or size of cellular components and patterns.",not_classified,15.0,7.352941176470589
"examine cell samples to detect abnormalities in the color, shape, or size of cellular components and patterns.",validation,25.0,12.254901960784313
"examine chemical or biological samples to identify cell structures or to locate bacteria or extraneous material, using a microscope.",directive,922.0,83.97085610200364
"examine chemical or biological samples to identify cell structures or to locate bacteria or extraneous material, using a microscope.",none,64.0,5.828779599271402
"examine chemical or biological samples to identify cell structures or to locate bacteria or extraneous material, using a microscope.",not_classified,27.0,2.459016393442623
"examine chemical or biological samples to identify cell structures or to locate bacteria or extraneous material, using a microscope.",validation,85.0,7.741347905282331
"examine claims investigated by insurance adjusters, further investigating questionable claims to determine whether to authorize payments.",directive,16.0,59.25925925925925
"examine claims investigated by insurance adjusters, further investigating questionable claims to determine whether to authorize payments.",not_classified,11.0,40.74074074074074
"examine completed objects to determine thicknesses of metal deposits, or measure thicknesses by using instruments such as micrometers.",directive,25.0,47.16981132075472
"examine completed objects to determine thicknesses of metal deposits, or measure thicknesses by using instruments such as micrometers.",not_classified,28.0,52.83018867924528
examine documents to determine degree of risk from such factors as applicant financial standing and value and condition of property.,directive,20.0,100.0
"examine documents, materials, or products and monitor work processes to assess completeness, accuracy, and conformance to standards and specifications.",directive,48.0,82.75862068965517
"examine documents, materials, or products and monitor work processes to assess completeness, accuracy, and conformance to standards and specifications.",not_classified,10.0,17.24137931034483
"examine drawings, negatives, or photographic prints to determine coloring, shading, accenting, or other changes required for retouching or restoration.",directive,44.0,75.86206896551724
"examine drawings, negatives, or photographic prints to determine coloring, shading, accenting, or other changes required for retouching or restoration.",not_classified,14.0,24.137931034482758
"examine immigration applications, visas, and passports and interview persons to determine eligibility for admission, residence, and travel in the u.s.",directive,31.0,75.60975609756098
"examine immigration applications, visas, and passports and interview persons to determine eligibility for admission, residence, and travel in the u.s.",not_classified,10.0,24.390243902439025
examine income records and operating costs of income properties.,directive,19.0,79.16666666666666
examine income records and operating costs of income properties.,not_classified,5.0,20.833333333333336
"examine letters from policyholders or agents, original insurance applications, and other company documents to determine if changes are needed and effects of changes.",directive,51.0,87.93103448275862
"examine letters from policyholders or agents, original insurance applications, and other company documents to determine if changes are needed and effects of changes.",not_classified,7.0,12.068965517241379
"examine merchandise to ensure correct pricing and display, and that it functions as advertised.",directive,78.0,95.1219512195122
"examine merchandise to ensure correct pricing and display, and that it functions as advertised.",not_classified,4.0,4.878048780487805
examine merchandise to ensure that it is correctly priced and displayed and that it functions as advertised.,directive,154.0,98.08917197452229
examine merchandise to ensure that it is correctly priced and displayed and that it functions as advertised.,not_classified,3.0,1.910828025477707
examine microscopic samples to identify diseases or other abnormalities.,directive,54.0,75.0
examine microscopic samples to identify diseases or other abnormalities.,not_classified,18.0,25.0
examine objects to be included in exhibits in order to plan where and how to display them.,directive,96.0,84.95575221238938
examine objects to be included in exhibits in order to plan where and how to display them.,not_classified,17.0,15.04424778761062
"examine objects, systems, or facilities and analyze information to determine needed installations, services, or repairs.",directive,39.0,86.66666666666667
"examine objects, systems, or facilities and analyze information to determine needed installations, services, or repairs.",not_classified,6.0,13.333333333333334
"examine or test samples of processed substances, or collect samples for laboratory testing, to ensure conformance to specifications.",directive,254.0,69.58904109589041
"examine or test samples of processed substances, or collect samples for laboratory testing, to ensure conformance to specifications.",none,24.0,6.575342465753424
"examine or test samples of processed substances, or collect samples for laboratory testing, to ensure conformance to specifications.",not_classified,11.0,3.0136986301369864
"examine or test samples of processed substances, or collect samples for laboratory testing, to ensure conformance to specifications.",validation,76.0,20.82191780821918
"examine parts for damage or excessive wear, using micrometers and gauges.",directive,17.0,85.0
"examine parts for damage or excessive wear, using micrometers and gauges.",not_classified,3.0,15.0
"examine physiological, morphological, and cultural characteristics, using microscope, to identify and classify microorganisms in human, water, and food specimens.",directive,104.0,81.88976377952756
"examine physiological, morphological, and cultural characteristics, using microscope, to identify and classify microorganisms in human, water, and food specimens.",not_classified,23.0,18.11023622047244
examine records and interview workers to ensure recording of transactions and compliance with laws and regulations.,not_classified,18.0,100.0
"examine records, reports, or other documents to establish facts or detect discrepancies.",directive,220.0,76.38888888888889
"examine records, reports, or other documents to establish facts or detect discrepancies.",not_classified,10.0,3.4722222222222223
"examine records, reports, or other documents to establish facts or detect discrepancies.",validation,58.0,20.13888888888889
"examine records, tax returns, and related documents pertaining to settlement of decedent's estate.",directive,26.0,92.85714285714286
"examine records, tax returns, and related documents pertaining to settlement of decedent's estate.",not_classified,2.0,7.142857142857142
"examine shipment contents and compare with records such as manifests, invoices, or orders to verify accuracy.",directive,479.0,97.75510204081633
"examine shipment contents and compare with records such as manifests, invoices, or orders to verify accuracy.",not_classified,11.0,2.2448979591836733
examine societal issues and their relationship with both technical systems and the environment.,directive,43.0,79.62962962962963
examine societal issues and their relationship with both technical systems and the environment.,not_classified,11.0,20.37037037037037
examine specimens to detect abnormal hormone conditions.,directive,243.0,68.45070422535211
examine specimens to detect abnormal hormone conditions.,not_classified,24.0,6.760563380281689
examine specimens to detect abnormal hormone conditions.,validation,88.0,24.788732394366196
examine specimens using microscopes to evaluate specimen quality.,directive,327.0,79.36893203883496
examine specimens using microscopes to evaluate specimen quality.,none,19.0,4.611650485436893
examine specimens using microscopes to evaluate specimen quality.,not_classified,10.0,2.4271844660194173
examine specimens using microscopes to evaluate specimen quality.,validation,56.0,13.592233009708737
"examine theories, such as those of probability and inference, to discover mathematical bases for new or improved methods of obtaining and evaluating numerical data.",directive,15.0,75.0
"examine theories, such as those of probability and inference, to discover mathematical bases for new or improved methods of obtaining and evaluating numerical data.",not_classified,5.0,25.0
examine titles to property to determine validity and act as company agent in transactions with property owners.,not_classified,15.0,100.0
"examine, evaluate, or process loan applications.",directive,107.0,72.78911564625851
"examine, evaluate, or process loan applications.",none,30.0,20.408163265306122
"examine, evaluate, or process loan applications.",not_classified,10.0,6.802721088435375
execute or manage social media campaigns to inform search marketing tactics.,directive,51.0,76.11940298507463
execute or manage social media campaigns to inform search marketing tactics.,not_classified,16.0,23.88059701492537
explain and demonstrate artistic techniques.,directive,29.0,69.04761904761905
explain and demonstrate artistic techniques.,not_classified,13.0,30.952380952380953
"explain company personnel policies, benefits, and procedures to employees or job applicants.",not_classified,18.0,100.0
"explain features, advantages, and disadvantages of various policies to promote sale of insurance plans.",directive,18.0,85.71428571428571
"explain features, advantages, and disadvantages of various policies to promote sale of insurance plans.",not_classified,3.0,14.285714285714285
explain federal and state tax laws to individuals and companies.,directive,34.0,45.33333333333333
explain federal and state tax laws to individuals and companies.,learning,34.0,45.33333333333333
explain federal and state tax laws to individuals and companies.,not_classified,7.0,9.333333333333334
"explain general financial topics to clients, such as credit report ratings, bankruptcy laws, consumer protection laws, wage attachments, or collection actions.",directive,24.0,45.28301886792453
"explain general financial topics to clients, such as credit report ratings, bankruptcy laws, consumer protection laws, wage attachments, or collection actions.",learning,25.0,47.16981132075472
"explain general financial topics to clients, such as credit report ratings, bankruptcy laws, consumer protection laws, wage attachments, or collection actions.",not_classified,4.0,7.547169811320755
"explain policies, procedures, or services to patients using medical or administrative knowledge.",directive,23.0,57.49999999999999
"explain policies, procedures, or services to patients using medical or administrative knowledge.",not_classified,17.0,42.5
explain products or services and prices and demonstrate use of products.,directive,56.0,69.1358024691358
explain products or services and prices and demonstrate use of products.,learning,15.0,18.51851851851852
explain products or services and prices and demonstrate use of products.,not_classified,10.0,12.345679012345679
"explain products or services and prices, and answer questions from customers.",directive,87.0,63.04347826086957
"explain products or services and prices, and answer questions from customers.",learning,32.0,23.18840579710145
"explain products or services and prices, and answer questions from customers.",none,15.0,10.869565217391305
"explain products or services and prices, and answer questions from customers.",not_classified,4.0,2.898550724637681
"explain rental fees, policies, and procedures.",directive,21.0,55.26315789473685
"explain rental fees, policies, and procedures.",not_classified,17.0,44.73684210526316
"explain services or policies to clients, such as debt management program rules, the advantages and disadvantages of using services, or creditor concession policies.",directive,59.0,75.64102564102564
"explain services or policies to clients, such as debt management program rules, the advantages and disadvantages of using services, or creditor concession policies.",not_classified,19.0,24.358974358974358
explain stock market terms or trading practices to clients.,directive,17.0,34.0
explain stock market terms or trading practices to clients.,learning,31.0,62.0
explain stock market terms or trading practices to clients.,not_classified,2.0,4.0
"explain the origins and physical, social, or cultural development of humans, including physical attributes, cultural traditions, beliefs, languages, resource management practices, and settlement patterns.",directive,28.0,75.67567567567568
"explain the origins and physical, social, or cultural development of humans, including physical attributes, cultural traditions, beliefs, languages, resource management practices, and settlement patterns.",not_classified,9.0,24.324324324324326
explain to clients the personal financial advisor's responsibilities and the types of services to be provided.,directive,53.0,59.55056179775281
explain to clients the personal financial advisor's responsibilities and the types of services to be provided.,none,24.0,26.96629213483146
explain to clients the personal financial advisor's responsibilities and the types of services to be provided.,not_classified,12.0,13.48314606741573
"explain treatment procedures, medications, diets, or physicians' instructions to patients.",not_classified,15.0,100.0
"extend existing software programs, web-based interactive tools, or database queries as sequence management and analysis needs evolve.",directive,1097.0,63.70499419279907
"extend existing software programs, web-based interactive tools, or database queries as sequence management and analysis needs evolve.",feedback loop,257.0,14.92450638792102
"extend existing software programs, web-based interactive tools, or database queries as sequence management and analysis needs evolve.",learning,43.0,2.497096399535424
"extend existing software programs, web-based interactive tools, or database queries as sequence management and analysis needs evolve.",none,145.0,8.420441347270616
"extend existing software programs, web-based interactive tools, or database queries as sequence management and analysis needs evolve.",not_classified,11.0,0.6387921022067364
"extend existing software programs, web-based interactive tools, or database queries as sequence management and analysis needs evolve.",task iteration,169.0,9.814169570267131
file and maintain records.,directive,21.0,87.5
file and maintain records.,not_classified,3.0,12.5
"file and store completed documents on computer hard drive or disk, or maintain a computer filing system to store, retrieve, update and delete documents.",directive,156.0,81.25
"file and store completed documents on computer hard drive or disk, or maintain a computer filing system to store, retrieve, update and delete documents.",none,16.0,8.333333333333332
"file and store completed documents on computer hard drive or disk, or maintain a computer filing system to store, retrieve, update and delete documents.",not_classified,20.0,10.416666666666668
file data and related information and maintain and update databases.,directive,99.0,71.73913043478261
file data and related information and maintain and update databases.,feedback loop,15.0,10.869565217391305
file data and related information and maintain and update databases.,none,16.0,11.594202898550725
file data and related information and maintain and update databases.,not_classified,8.0,5.797101449275362
"fill out and maintain client-related paperwork, including federal- and state-mandated forms, client diagnostic records, and progress notes.",not_classified,18.0,100.0
follow ethical codes that protect the confidentiality of information.,none,20.0,62.5
follow ethical codes that protect the confidentiality of information.,not_classified,12.0,37.5
"forecast and track marketing and sales trends, analyzing collected data.",directive,80.0,82.4742268041237
"forecast and track marketing and sales trends, analyzing collected data.",not_classified,17.0,17.525773195876287
"formulate mathematical or simulation models of problems, relating constants and variables, restrictions, alternatives, conflicting objectives, and their numerical parameters.",directive,53.0,76.81159420289855
"formulate mathematical or simulation models of problems, relating constants and variables, restrictions, alternatives, conflicting objectives, and their numerical parameters.",not_classified,16.0,23.18840579710145
"formulate recommendations, policies, or plans to solve economic problems or to interpret markets.",not_classified,15.0,100.0
"formulate, direct, or coordinate marketing activities or policies to promote products or services, working with advertising or promotion managers.",directive,78.0,69.64285714285714
"formulate, direct, or coordinate marketing activities or policies to promote products or services, working with advertising or promotion managers.",not_classified,17.0,15.178571428571427
"formulate, direct, or coordinate marketing activities or policies to promote products or services, working with advertising or promotion managers.",task iteration,17.0,15.178571428571427
furnish taxpayers with sufficient information and advice to ensure correct tax form completion.,not_classified,16.0,100.0
"gather and analyze research data, such as statutes, decisions, and legal articles, codes, and documents.",directive,47.0,79.66101694915254
"gather and analyze research data, such as statutes, decisions, and legal articles, codes, and documents.",not_classified,12.0,20.33898305084746
"gather and compile geographic data from sources including censuses, field observations, satellite imagery, aerial photographs, and existing maps.",directive,111.0,88.8
"gather and compile geographic data from sources including censuses, field observations, satellite imagery, aerial photographs, and existing maps.",not_classified,14.0,11.200000000000001
"gather and maintain patient information and records, including social or medical history obtained from patients, relatives, or other professionals.",directive,19.0,86.36363636363636
"gather and maintain patient information and records, including social or medical history obtained from patients, relatives, or other professionals.",not_classified,3.0,13.636363636363635
gather and organize information on problems or procedures.,directive,34.0,87.17948717948718
gather and organize information on problems or procedures.,not_classified,5.0,12.82051282051282
gather and organize information to plan advertising campaigns.,directive,248.0,92.88389513108615
gather and organize information to plan advertising campaigns.,not_classified,19.0,7.116104868913857
"gather data from sources such as surface or upper air stations, satellites, weather bureaus, or radar for use in meteorological reports or forecasts.",directive,89.0,90.81632653061224
"gather data from sources such as surface or upper air stations, satellites, weather bureaus, or radar for use in meteorological reports or forecasts.",not_classified,9.0,9.183673469387756
"gather data on competitors and analyze their prices, sales, and method of marketing and distribution.",directive,872.0,93.36188436830835
"gather data on competitors and analyze their prices, sales, and method of marketing and distribution.",learning,25.0,2.676659528907923
"gather data on competitors and analyze their prices, sales, and method of marketing and distribution.",not_classified,18.0,1.9271948608137044
"gather data on competitors and analyze their prices, sales, and method of marketing and distribution.",task iteration,19.0,2.0342612419700217
"gather data pertaining to customer needs, and use the information to identify, predict, interpret, and evaluate system and network requirements.",directive,39.0,88.63636363636364
"gather data pertaining to customer needs, and use the information to identify, predict, interpret, and evaluate system and network requirements.",not_classified,5.0,11.363636363636363
"gather historical data from sources such as archives, court records, diaries, news files, and photographs, as well as collect data sources such as books, pamphlets, and periodicals.",directive,19.0,90.47619047619048
"gather historical data from sources such as archives, court records, diaries, news files, and photographs, as well as collect data sources such as books, pamphlets, and periodicals.",not_classified,2.0,9.523809523809524
"gather information about events through research, interviews, experience, or attendance at political, news, sports, artistic, social, or other functions.",directive,27.0,96.42857142857143
"gather information about events through research, interviews, experience, or attendance at political, news, sports, artistic, social, or other functions.",not_classified,1.0,3.571428571428571
gather information from prospective customers to identify their solar energy needs.,directive,39.0,62.903225806451616
gather information from prospective customers to identify their solar energy needs.,none,16.0,25.806451612903224
gather information from prospective customers to identify their solar energy needs.,not_classified,7.0,11.29032258064516
gather information related to projects' environmental sustainability or operational efficiency.,not_classified,15.0,100.0
"gather records pertinent to specific problems, review them for completeness and accuracy, and attach records to correspondence as necessary.",directive,129.0,69.72972972972973
"gather records pertinent to specific problems, review them for completeness and accuracy, and attach records to correspondence as necessary.",none,21.0,11.351351351351353
"gather records pertinent to specific problems, review them for completeness and accuracy, and attach records to correspondence as necessary.",not_classified,7.0,3.783783783783784
"gather records pertinent to specific problems, review them for completeness and accuracy, and attach records to correspondence as necessary.",validation,28.0,15.135135135135137
"gather, analyze, correlate, or evaluate information from a variety of resources, such as law enforcement databases.",directive,23.0,88.46153846153845
"gather, analyze, correlate, or evaluate information from a variety of resources, such as law enforcement databases.",not_classified,3.0,11.538461538461538
"gather, analyze, or document user feedback to locate or resolve sources of problems.",directive,336.0,72.72727272727273
"gather, analyze, or document user feedback to locate or resolve sources of problems.",none,66.0,14.285714285714285
"gather, analyze, or document user feedback to locate or resolve sources of problems.",not_classified,6.0,1.2987012987012987
"gather, analyze, or document user feedback to locate or resolve sources of problems.",validation,54.0,11.688311688311687
"generate lists of properties for sale, their locations, descriptions, and available financing options, using computers.",directive,182.0,91.0
"generate lists of properties for sale, their locations, descriptions, and available financing options, using computers.",not_classified,18.0,9.0
generate lists of properties that are compatible with buyers' needs and financial resources.,directive,259.0,74.85549132947978
generate lists of properties that are compatible with buyers' needs and financial resources.,feedback loop,29.0,8.38150289017341
generate lists of properties that are compatible with buyers' needs and financial resources.,none,35.0,10.115606936416185
generate lists of properties that are compatible with buyers' needs and financial resources.,not_classified,8.0,2.312138728323699
generate lists of properties that are compatible with buyers' needs and financial resources.,task iteration,15.0,4.335260115606936
generate or identify sales leads for green products and technologies.,directive,19.0,90.47619047619048
generate or identify sales leads for green products and technologies.,not_classified,2.0,9.523809523809524
generate solar energy customer leads to develop new accounts.,directive,28.0,100.0
"generate standard or custom reports summarizing business, financial, or economic data for review by executives, managers, clients, and other stakeholders.",directive,769.0,90.15240328253223
"generate standard or custom reports summarizing business, financial, or economic data for review by executives, managers, clients, and other stakeholders.",none,18.0,2.1101992966002343
"generate standard or custom reports summarizing business, financial, or economic data for review by executives, managers, clients, and other stakeholders.",not_classified,25.0,2.9308323563892147
"generate standard or custom reports summarizing business, financial, or economic data for review by executives, managers, clients, and other stakeholders.",task iteration,41.0,4.8065650644783116
give advice on sightseeing and shopping.,directive,19.0,76.0
give advice on sightseeing and shopping.,not_classified,6.0,24.0
greet customers and ascertain what each customer wants or needs.,directive,91.0,8.792270531400966
greet customers and ascertain what each customer wants or needs.,none,935.0,90.33816425120773
greet customers and ascertain what each customer wants or needs.,not_classified,9.0,0.8695652173913043
greet customers and ask about the quality of service they are receiving.,directive,22.0,19.469026548672566
greet customers and ask about the quality of service they are receiving.,none,90.0,79.64601769911505
greet customers and ask about the quality of service they are receiving.,not_classified,1.0,0.8849557522123894
greet customers and help them locate merchandise.,directive,25.0,65.78947368421053
greet customers and help them locate merchandise.,not_classified,13.0,34.21052631578947
greet customers entering establishments.,directive,34.0,7.709750566893423
greet customers entering establishments.,none,406.0,92.06349206349206
greet customers entering establishments.,not_classified,1.0,0.22675736961451248
"greet passengers, provide information, and answer questions concerning fares, schedules, transfers, and routings.",not_classified,16.0,100.0
greet visitors or callers and handle their inquiries or direct them to the appropriate persons according to their needs.,directive,62.0,13.566739606126916
greet visitors or callers and handle their inquiries or direct them to the appropriate persons according to their needs.,none,394.0,86.2144420131291
greet visitors or callers and handle their inquiries or direct them to the appropriate persons according to their needs.,not_classified,1.0,0.2188183807439825
"greet, register, and assign rooms to guests of hotels or motels.",directive,25.0,46.2962962962963
"greet, register, and assign rooms to guests of hotels or motels.",none,23.0,42.592592592592595
"greet, register, and assign rooms to guests of hotels or motels.",not_classified,6.0,11.11111111111111
"guide and counsel students with adjustment or academic problems, or special academic interests.",directive,16.0,37.2093023255814
"guide and counsel students with adjustment or academic problems, or special academic interests.",not_classified,27.0,62.7906976744186
handle customer complaints and take appropriate action to resolve them.,directive,295.0,60.9504132231405
handle customer complaints and take appropriate action to resolve them.,feedback loop,77.0,15.909090909090908
handle customer complaints and take appropriate action to resolve them.,none,88.0,18.181818181818183
handle customer complaints and take appropriate action to resolve them.,not_classified,24.0,4.958677685950414
hear and resolve complaints from customers or the public.,directive,47.0,52.80898876404494
hear and resolve complaints from customers or the public.,none,23.0,25.842696629213485
hear and resolve complaints from customers or the public.,not_classified,19.0,21.34831460674157
"help patrons find and use library resources, such as reference materials, audio-visual equipment, computers, and other electronic resources and provide technical assistance when needed.",not_classified,15.0,100.0
help programmers and systems analysts test and debug new programs.,directive,1069.0,50.97758702908918
help programmers and systems analysts test and debug new programs.,feedback loop,417.0,19.88555078683834
help programmers and systems analysts test and debug new programs.,learning,175.0,8.345255126371006
help programmers and systems analysts test and debug new programs.,none,294.0,14.020028612303289
help programmers and systems analysts test and debug new programs.,task iteration,68.0,3.2427277062470194
help programmers and systems analysts test and debug new programs.,validation,74.0,3.528850739151168
identify and analyze industry or geographic trends with business strategy implications.,not_classified,21.0,100.0
identify and compile database information to create maps in response to requests.,directive,36.0,90.0
identify and compile database information to create maps in response to requests.,not_classified,4.0,10.0
identify and report problems in obtaining valid data.,directive,132.0,45.674740484429066
identify and report problems in obtaining valid data.,feedback loop,18.0,6.228373702422145
identify and report problems in obtaining valid data.,none,75.0,25.951557093425603
identify and report problems in obtaining valid data.,not_classified,13.0,4.498269896193772
identify and report problems in obtaining valid data.,validation,51.0,17.647058823529413
identify and report safety concerns to maintain a safe shopping and working environment.,directive,15.0,53.57142857142857
identify and report safety concerns to maintain a safe shopping and working environment.,not_classified,13.0,46.42857142857143
identify and respond to emergency physical or mental health situations.,none,67.0,70.52631578947368
identify and respond to emergency physical or mental health situations.,not_classified,28.0,29.47368421052631
identify appropriate key performance indicators (kpis) and report key metrics from digital campaigns.,directive,34.0,77.27272727272727
identify appropriate key performance indicators (kpis) and report key metrics from digital campaigns.,not_classified,10.0,22.727272727272727
identify energy savings opportunities and make recommendations to achieve more energy efficient operation.,not_classified,15.0,100.0
identify funding sources and write grant proposals for eligible programs or services.,directive,30.0,93.75
identify funding sources and write grant proposals for eligible programs or services.,not_classified,2.0,6.25
identify group or individual target investors for a specific fund.,directive,123.0,90.44117647058823
identify group or individual target investors for a specific fund.,not_classified,13.0,9.558823529411764
"identify installation locations with proper orientation, area, solar access, or structural integrity for photovoltaic (pv) arrays.",directive,32.0,96.96969696969697
"identify installation locations with proper orientation, area, solar access, or structural integrity for photovoltaic (pv) arrays.",not_classified,1.0,3.0303030303030303
identify interested and qualified customers to provide them with additional information.,directive,225.0,77.58620689655173
identify interested and qualified customers to provide them with additional information.,none,54.0,18.620689655172416
identify interested and qualified customers to provide them with additional information.,not_classified,11.0,3.793103448275862
"identify key individual cultural collaborators, using reputational and positional selection techniques.",directive,45.0,93.75
"identify key individual cultural collaborators, using reputational and positional selection techniques.",not_classified,3.0,6.25
"identify key risks and mitigating factors of potential investments, such as asset types and values, legal and ownership structures, professional reputations, customer bases, or industry segments.",directive,32.0,88.88888888888889
"identify key risks and mitigating factors of potential investments, such as asset types and values, legal and ownership structures, professional reputations, customer bases, or industry segments.",not_classified,4.0,11.11111111111111
"identify main client groups and audiences, determine the best way to communicate publicity information to them, and develop and implement a communication plan.",not_classified,16.0,100.0
identify marketing channels for green products or services.,directive,21.0,100.0
identify methods for interfacing web application technologies with enterprise resource planning or other system software.,directive,226.0,78.74564459930313
identify methods for interfacing web application technologies with enterprise resource planning or other system software.,learning,32.0,11.149825783972126
identify methods for interfacing web application technologies with enterprise resource planning or other system software.,not_classified,29.0,10.104529616724738
identify new advertising markets and propose products to serve them.,directive,15.0,93.75
identify new advertising markets and propose products to serve them.,not_classified,1.0,6.25
identify opportunities or develop channels for purchase or sale of securities or commodities.,directive,40.0,95.23809523809523
identify opportunities or develop channels for purchase or sale of securities or commodities.,not_classified,2.0,4.761904761904762
"identify or classify species of insects or allied forms, such as mites or spiders.",directive,242.0,86.42857142857143
"identify or classify species of insects or allied forms, such as mites or spiders.",none,19.0,6.785714285714286
"identify or classify species of insects or allied forms, such as mites or spiders.",not_classified,19.0,6.785714285714286
identify or maintain links to and from other web sites and check links to ensure proper functioning.,directive,49.0,75.38461538461539
identify or maintain links to and from other web sites and check links to ensure proper functioning.,not_classified,16.0,24.615384615384617
"identify or monitor current and potential customers, using business intelligence tools.",directive,18.0,69.23076923076923
"identify or monitor current and potential customers, using business intelligence tools.",not_classified,8.0,30.76923076923077
identify or separate waste products or materials for recycling or reuse.,not_classified,15.0,100.0
"identify potential clients, using advertising campaigns, mailing lists, or personal contacts.",directive,116.0,95.08196721311475
"identify potential clients, using advertising campaigns, mailing lists, or personal contacts.",not_classified,6.0,4.918032786885246
identify potential for loss and develop strategies to eliminate it.,directive,160.0,88.39779005524862
identify potential for loss and develop strategies to eliminate it.,not_classified,21.0,11.602209944751381
"identify prospective customers by using business directories, following leads from existing clients, participating in organizations and clubs, and attending trade shows and conferences.",directive,92.0,88.46153846153845
"identify prospective customers by using business directories, following leads from existing clients, participating in organizations and clubs, and attending trade shows and conferences.",not_classified,12.0,11.538461538461538
"identify prospective customers using business directories, leads from existing clients, participation in organizations, or trade show or conference attendance.",directive,56.0,86.15384615384616
"identify prospective customers using business directories, leads from existing clients, participation in organizations, or trade show or conference attendance.",not_classified,9.0,13.846153846153847
"identify psychological, emotional, or behavioral issues and diagnose disorders, using information obtained from interviews, tests, records, and reference materials.",not_classified,16.0,100.0
"identify relationships and trends in data, as well as any factors that could affect the results of research.",directive,298.0,79.89276139410187
"identify relationships and trends in data, as well as any factors that could affect the results of research.",learning,19.0,5.093833780160858
"identify relationships and trends in data, as well as any factors that could affect the results of research.",none,18.0,4.825737265415549
"identify relationships and trends in data, as well as any factors that could affect the results of research.",not_classified,13.0,3.485254691689008
"identify relationships and trends in data, as well as any factors that could affect the results of research.",validation,25.0,6.702412868632708
"identify spatial coordinates, using remote sensing and global positioning system (gps) data.",directive,18.0,90.0
"identify spatial coordinates, using remote sensing and global positioning system (gps) data.",not_classified,2.0,10.0
"identify system data, hardware, or software components required to meet user needs.",directive,44.0,72.1311475409836
"identify system data, hardware, or software components required to meet user needs.",not_classified,17.0,27.86885245901639
"identify target markets for designs, looking at factors such as age, gender, and socioeconomic status.",directive,98.0,94.23076923076923
"identify target markets for designs, looking at factors such as age, gender, and socioeconomic status.",not_classified,6.0,5.769230769230769
"identify tissue structures or cell components to be used in the diagnosis, prevention, or treatment of diseases.",directive,240.0,77.66990291262135
"identify tissue structures or cell components to be used in the diagnosis, prevention, or treatment of diseases.",not_classified,17.0,5.501618122977346
"identify tissue structures or cell components to be used in the diagnosis, prevention, or treatment of diseases.",validation,52.0,16.828478964401295
"identify, collect, record or analyze data that are relevant to the nursing care of patients.",directive,41.0,89.13043478260869
"identify, collect, record or analyze data that are relevant to the nursing care of patients.",not_classified,5.0,10.869565217391305
"identify, compile, abstract, and code patient data, using standard classification systems.",directive,681.0,94.71488178025035
"identify, compile, abstract, and code patient data, using standard classification systems.",none,20.0,2.781641168289291
"identify, compile, abstract, and code patient data, using standard classification systems.",not_classified,18.0,2.5034770514603615
"identify, develop, or evaluate marketing strategy, based on knowledge of establishment objectives, market characteristics, and cost and markup factors.",directive,107.0,66.875
"identify, develop, or evaluate marketing strategy, based on knowledge of establishment objectives, market characteristics, and cost and markup factors.",not_classified,27.0,16.875
"identify, develop, or evaluate marketing strategy, based on knowledge of establishment objectives, market characteristics, and cost and markup factors.",task iteration,26.0,16.25
"identify, evaluate and recommend hardware or software technologies to achieve desired database performance.",directive,58.0,49.572649572649574
"identify, evaluate and recommend hardware or software technologies to achieve desired database performance.",learning,31.0,26.495726495726498
"identify, evaluate and recommend hardware or software technologies to achieve desired database performance.",not_classified,28.0,23.931623931623932
"identify, investigate, or resolve security breaches.",directive,682.0,65.38830297219559
"identify, investigate, or resolve security breaches.",feedback loop,63.0,6.0402684563758395
"identify, investigate, or resolve security breaches.",learning,21.0,2.013422818791946
"identify, investigate, or resolve security breaches.",none,176.0,16.874400767018216
"identify, investigate, or resolve security breaches.",not_classified,10.0,0.9587727708533078
"identify, investigate, or resolve security breaches.",validation,91.0,8.724832214765101
"identify, review, or select vendors or consultants to meet project needs.",directive,30.0,96.7741935483871
"identify, review, or select vendors or consultants to meet project needs.",not_classified,1.0,3.225806451612903
"identify, standardize, and communicate levels of access and security.",directive,16.0,45.714285714285715
"identify, standardize, and communicate levels of access and security.",not_classified,19.0,54.285714285714285
"identify, track, or maintain metrics for trading system operations.",directive,30.0,71.42857142857143
"identify, track, or maintain metrics for trading system operations.",not_classified,12.0,28.57142857142857
"implement and provide technical support for voice services and equipment, such as private branch exchange, voice mail system, and telecom system.",feedback loop,16.0,48.484848484848484
"implement and provide technical support for voice services and equipment, such as private branch exchange, voice mail system, and telecom system.",not_classified,17.0,51.515151515151516
"implement business rules via stored procedures, middleware, or other technologies.",directive,75.0,65.78947368421053
"implement business rules via stored procedures, middleware, or other technologies.",none,30.0,26.31578947368421
"implement business rules via stored procedures, middleware, or other technologies.",not_classified,9.0,7.894736842105263
"implement changes to machine programs and enter new specifications, using computers.",directive,141.0,65.88785046728972
"implement changes to machine programs and enter new specifications, using computers.",none,37.0,17.289719626168225
"implement changes to machine programs and enter new specifications, using computers.",not_classified,13.0,6.074766355140187
"implement changes to machine programs and enter new specifications, using computers.",task iteration,23.0,10.74766355140187
"implement controls to provide security for operating systems, software, and data.",directive,153.0,25.628140703517587
"implement controls to provide security for operating systems, software, and data.",feedback loop,15.0,2.512562814070352
"implement controls to provide security for operating systems, software, and data.",none,368.0,61.64154103852596
"implement controls to provide security for operating systems, software, and data.",not_classified,6.0,1.0050251256281406
"implement controls to provide security for operating systems, software, and data.",validation,55.0,9.212730318257957
"implement corporate or departmental policies, procedures, and service standards in conjunction with management.",directive,51.0,82.25806451612904
"implement corporate or departmental policies, procedures, and service standards in conjunction with management.",not_classified,11.0,17.741935483870968
"implement electronic document processing, retrieval, and distribution systems in collaboration with other information technology specialists.",directive,57.0,70.37037037037037
"implement electronic document processing, retrieval, and distribution systems in collaboration with other information technology specialists.",not_classified,24.0,29.629629629629626
implement online customer service processes to ensure positive and consistent user experiences.,not_classified,23.0,100.0
implement or monitor processes to reduce property or financial losses.,not_classified,19.0,100.0
"implement scanning or other automated data entry procedures, using imaging devices and document imaging software.",directive,36.0,92.3076923076923
"implement scanning or other automated data entry procedures, using imaging devices and document imaging software.",not_classified,3.0,7.6923076923076925
"implement security practices to preserve assets, minimize liabilities, or ensure customer privacy, using parallel servers, hardware redundancy, fail-safe technology, information encryption, or firewalls.",directive,52.0,49.056603773584904
"implement security practices to preserve assets, minimize liabilities, or ensure customer privacy, using parallel servers, hardware redundancy, fail-safe technology, information encryption, or firewalls.",feedback loop,18.0,16.9811320754717
"implement security practices to preserve assets, minimize liabilities, or ensure customer privacy, using parallel servers, hardware redundancy, fail-safe technology, information encryption, or firewalls.",none,27.0,25.471698113207548
"implement security practices to preserve assets, minimize liabilities, or ensure customer privacy, using parallel servers, hardware redundancy, fail-safe technology, information encryption, or firewalls.",not_classified,9.0,8.49056603773585
"implement web site security measures, such as firewalls or message encryption.",directive,20.0,58.82352941176471
"implement web site security measures, such as firewalls or message encryption.",not_classified,14.0,41.17647058823529
"import text and art elements, such as electronic clip art or electronic files from photographs that have been scanned or produced with a digital camera, using computer software.",directive,40.0,95.23809523809523
"import text and art elements, such as electronic clip art or electronic files from photographs that have been scanned or produced with a digital camera, using computer software.",not_classified,2.0,4.761904761904762
"improve search-related activities through ongoing analysis, experimentation, or optimization tests, using a/b or multivariate methods.",directive,99.0,76.15384615384615
"improve search-related activities through ongoing analysis, experimentation, or optimization tests, using a/b or multivariate methods.",not_classified,31.0,23.846153846153847
"inform businesses, community groups, and governmental agencies about educational needs, available programs, and program policies.",directive,27.0,79.41176470588235
"inform businesses, community groups, and governmental agencies about educational needs, available programs, and program policies.",not_classified,7.0,20.588235294117645
"inform clients of factors such as shipping options, timelines, transfers, or regulations affecting shipments.",directive,15.0,93.75
"inform clients of factors such as shipping options, timelines, transfers, or regulations affecting shipments.",not_classified,1.0,6.25
"inform customers by mail or telephone of order information, such as unit prices, shipping dates, and any anticipated delays.",directive,27.0,71.05263157894737
"inform customers by mail or telephone of order information, such as unit prices, shipping dates, and any anticipated delays.",not_classified,11.0,28.947368421052634
"inform customers of estimated delivery schedules, service contracts, warranties, or other information pertaining to purchased products.",directive,36.0,75.0
"inform customers of estimated delivery schedules, service contracts, warranties, or other information pertaining to purchased products.",not_classified,12.0,25.0
"inform investment decisions by analyzing financial information to forecast business, industry, or economic conditions.",directive,650.0,95.02923976608187
"inform investment decisions by analyzing financial information to forecast business, industry, or economic conditions.",not_classified,34.0,4.970760233918129
"inform other traders, managers, or customers of market conditions, including volume, price, competition, or dynamics.",directive,80.0,79.20792079207921
"inform other traders, managers, or customers of market conditions, including volume, price, competition, or dynamics.",not_classified,21.0,20.792079207920793
"inform prospective purchasers about models, numbers, and prices of garments, the garments' designers, and where garments can be purchased.",directive,19.0,86.36363636363636
"inform prospective purchasers about models, numbers, and prices of garments, the garments' designers, and where garments can be purchased.",not_classified,3.0,13.636363636363635
initiate market research studies or analyze their findings.,directive,27.0,77.14285714285715
initiate market research studies or analyze their findings.,not_classified,8.0,22.857142857142858
"initiate, facilitate, and moderate classroom discussions.",not_classified,20.0,100.0
"input data, such as file numbers, new or updated information, or document information codes into computer systems to support document and information retrieval.",directive,171.0,91.93548387096774
"input data, such as file numbers, new or updated information, or document information codes into computer systems to support document and information retrieval.",not_classified,15.0,8.064516129032258
inspect and evaluate the physical condition of facilities to determine the type of work required.,directive,19.0,86.36363636363636
inspect and evaluate the physical condition of facilities to determine the type of work required.,not_classified,3.0,13.636363636363635
"inspect and test electrical or electronic systems to locate and diagnose malfunctions, using visual inspections and testing instruments such as oscilloscopes and voltmeters.",not_classified,32.0,100.0
inspect and verify dimensions and clearances of parts to ensure conformance to factory specifications.,directive,114.0,42.857142857142854
inspect and verify dimensions and clearances of parts to ensure conformance to factory specifications.,none,58.0,21.804511278195488
inspect and verify dimensions and clearances of parts to ensure conformance to factory specifications.,not_classified,9.0,3.3834586466165413
inspect and verify dimensions and clearances of parts to ensure conformance to factory specifications.,validation,85.0,31.954887218045116
"inspect facilities to monitor compliance with regulations governing substances such as asbestos, lead, or wastewater.",directive,38.0,90.47619047619048
"inspect facilities to monitor compliance with regulations governing substances such as asbestos, lead, or wastewater.",not_classified,4.0,9.523809523809524
"inspect facilities, machinery, and safety equipment to identify and correct potential hazards, and to ensure safety regulation compliance.",directive,34.0,89.47368421052632
"inspect facilities, machinery, and safety equipment to identify and correct potential hazards, and to ensure safety regulation compliance.",not_classified,4.0,10.526315789473683
"inspect individual parts, assemblies, or installations, using measuring instruments, such as calipers, scales, or micrometers.",directive,667.0,62.924528301886795
"inspect individual parts, assemblies, or installations, using measuring instruments, such as calipers, scales, or micrometers.",none,119.0,11.226415094339623
"inspect individual parts, assemblies, or installations, using measuring instruments, such as calipers, scales, or micrometers.",not_classified,24.0,2.2641509433962264
"inspect individual parts, assemblies, or installations, using measuring instruments, such as calipers, scales, or micrometers.",validation,250.0,23.58490566037736
"inspect layouts and advertising copy and edit scripts, audio and video tapes, and other promotional material for adherence to specifications.",directive,83.0,81.37254901960785
"inspect layouts and advertising copy and edit scripts, audio and video tapes, and other promotional material for adherence to specifications.",not_classified,2.0,1.9607843137254901
"inspect layouts and advertising copy and edit scripts, audio and video tapes, and other promotional material for adherence to specifications.",validation,17.0,16.666666666666664
inspect project sites to monitor progress and ensure conformance to design specifications and safety or sanitation standards.,directive,22.0,81.48148148148148
inspect project sites to monitor progress and ensure conformance to design specifications and safety or sanitation standards.,not_classified,5.0,18.51851851851852
"inspect properties to evaluate construction, condition, special features, and functional design, and to take property measurements.",not_classified,17.0,100.0
"inspect security design features, installations, or programs to ensure compliance with applicable standards or regulations.",directive,20.0,64.51612903225806
"inspect security design features, installations, or programs to ensure compliance with applicable standards or regulations.",not_classified,11.0,35.483870967741936
"install and configure new equipment, including operating software or peripheral equipment.",directive,116.0,62.03208556149733
"install and configure new equipment, including operating software or peripheral equipment.",feedback loop,35.0,18.71657754010695
"install and configure new equipment, including operating software or peripheral equipment.",learning,19.0,10.16042780748663
"install and configure new equipment, including operating software or peripheral equipment.",not_classified,17.0,9.090909090909092
"install and perform minor repairs to hardware, software, or peripheral equipment, following design or installation specifications.",directive,37.0,56.060606060606055
"install and perform minor repairs to hardware, software, or peripheral equipment, following design or installation specifications.",feedback loop,22.0,33.33333333333333
"install and perform minor repairs to hardware, software, or peripheral equipment, following design or installation specifications.",not_classified,7.0,10.606060606060606
"install systems of recording costs or other financial and budgetary data or provide advice on such systems, based on examination of current financial records.",directive,15.0,71.42857142857143
"install systems of recording costs or other financial and budgetary data or provide advice on such systems, based on examination of current financial records.",not_classified,6.0,28.57142857142857
"install updated software, and programs that maintain existing software or provide requested features such as time-correlated call routing.",directive,234.0,72.89719626168224
"install updated software, and programs that maintain existing software or provide requested features such as time-correlated call routing.",feedback loop,40.0,12.461059190031152
"install updated software, and programs that maintain existing software or provide requested features such as time-correlated call routing.",none,27.0,8.411214953271028
"install updated software, and programs that maintain existing software or provide requested features such as time-correlated call routing.",not_classified,20.0,6.230529595015576
"install, adjust, and operate electronic equipment to record, edit, and transmit radio and television programs, motion pictures, video conferencing, or multimedia presentations.",not_classified,15.0,100.0
"install, calibrate, operate, or maintain robots.",not_classified,17.0,100.0
"install, service, and repair electronic equipment or instruments such as televisions, radios, and videocassette recorders.",directive,39.0,65.0
"install, service, and repair electronic equipment or instruments such as televisions, radios, and videocassette recorders.",not_classified,21.0,35.0
"instruct individuals in career development techniques such as job search and application strategies, resume writing, and interview skills.",directive,225.0,59.210526315789465
"instruct individuals in career development techniques such as job search and application strategies, resume writing, and interview skills.",learning,19.0,5.0
"instruct individuals in career development techniques such as job search and application strategies, resume writing, and interview skills.",none,38.0,10.0
"instruct individuals in career development techniques such as job search and application strategies, resume writing, and interview skills.",not_classified,10.0,2.631578947368421
"instruct individuals in career development techniques such as job search and application strategies, resume writing, and interview skills.",task iteration,88.0,23.157894736842106
"instruct individuals or groups in sports rules, game strategies, and performance principles, such as specific ways of moving the body, hands, or feet, to achieve desired results.",not_classified,29.0,100.0
"instruct individuals or groups in the use of art media, such as paint, clay, or yarn.",not_classified,24.0,100.0
"instruct others in program methods, procedures, or functions.",directive,85.0,52.14723926380368
"instruct others in program methods, procedures, or functions.",learning,40.0,24.539877300613497
"instruct others in program methods, procedures, or functions.",none,18.0,11.042944785276074
"instruct others in program methods, procedures, or functions.",not_classified,20.0,12.269938650306749
instruct others in the selection and use of bioinformatics tools.,not_classified,26.0,100.0
"instruct students in the knowledge and skills required in a specific occupation or occupational field, using a systematic plan of lectures, discussions, audio-visual presentations, and laboratory, shop and field studies.",directive,63.0,29.439252336448597
"instruct students in the knowledge and skills required in a specific occupation or occupational field, using a systematic plan of lectures, discussions, audio-visual presentations, and laboratory, shop and field studies.",learning,108.0,50.467289719626166
"instruct students in the knowledge and skills required in a specific occupation or occupational field, using a systematic plan of lectures, discussions, audio-visual presentations, and laboratory, shop and field studies.",not_classified,26.0,12.149532710280374
"instruct students in the knowledge and skills required in a specific occupation or occupational field, using a systematic plan of lectures, discussions, audio-visual presentations, and laboratory, shop and field studies.",task iteration,17.0,7.943925233644859
"instruct through lectures, discussions, and demonstrations in one or more subjects, such as english, mathematics, or social studies.",directive,298.0,40.766073871409034
"instruct through lectures, discussions, and demonstrations in one or more subjects, such as english, mathematics, or social studies.",learning,316.0,43.22845417236662
"instruct through lectures, discussions, and demonstrations in one or more subjects, such as english, mathematics, or social studies.",none,51.0,6.976744186046512
"instruct through lectures, discussions, and demonstrations in one or more subjects, such as english, mathematics, or social studies.",not_classified,18.0,2.462380300957592
"instruct through lectures, discussions, and demonstrations in one or more subjects, such as english, mathematics, or social studies.",task iteration,48.0,6.566347469220246
"instruct users in the selection, use, and design of audio-visual materials and assist them in the preparation of instructional materials and the rehearsal of presentations.",directive,26.0,86.66666666666667
"instruct users in the selection, use, and design of audio-visual materials and assist them in the preparation of instructional materials and the rehearsal of presentations.",not_classified,4.0,13.333333333333334
"integrate and develop visual elements, such as line, space, mass, color, and perspective, to produce desired effects, such as the illustration of ideas, emotions, or moods.",directive,260.0,73.44632768361582
"integrate and develop visual elements, such as line, space, mass, color, and perspective, to produce desired effects, such as the illustration of ideas, emotions, or moods.",none,22.0,6.214689265536723
"integrate and develop visual elements, such as line, space, mass, color, and perspective, to produce desired effects, such as the illustration of ideas, emotions, or moods.",not_classified,13.0,3.672316384180791
"integrate and develop visual elements, such as line, space, mass, color, and perspective, to produce desired effects, such as the illustration of ideas, emotions, or moods.",task iteration,59.0,16.666666666666664
integrate electrical systems with renewable energy systems to improve overall efficiency.,directive,15.0,75.0
integrate electrical systems with renewable energy systems to improve overall efficiency.,not_classified,5.0,25.0
"integrate software or hardware components, using computer, microprocessor, or control architecture.",directive,29.0,54.71698113207547
"integrate software or hardware components, using computer, microprocessor, or control architecture.",not_classified,24.0,45.28301886792453
"interact with clients to assist them in gaining insight, defining goals, and planning action to achieve effective personal, social, educational, and vocational development and adjustment.",directive,449.0,39.24825174825175
"interact with clients to assist them in gaining insight, defining goals, and planning action to achieve effective personal, social, educational, and vocational development and adjustment.",feedback loop,46.0,4.020979020979021
"interact with clients to assist them in gaining insight, defining goals, and planning action to achieve effective personal, social, educational, and vocational development and adjustment.",learning,252.0,22.02797202797203
"interact with clients to assist them in gaining insight, defining goals, and planning action to achieve effective personal, social, educational, and vocational development and adjustment.",none,304.0,26.573426573426573
"interact with clients to assist them in gaining insight, defining goals, and planning action to achieve effective personal, social, educational, and vocational development and adjustment.",task iteration,40.0,3.4965034965034967
"interact with clients to assist them in gaining insight, defining goals, and planning action to achieve effective personal, social, educational, and vocational development and adjustment.",validation,53.0,4.6328671328671325
"interpret and analyze policies, public issues, legislation, or the operations of governments, businesses, and organizations.",directive,165.0,86.38743455497382
"interpret and analyze policies, public issues, legislation, or the operations of governments, businesses, and organizations.",learning,16.0,8.37696335078534
"interpret and analyze policies, public issues, legislation, or the operations of governments, businesses, and organizations.",not_classified,10.0,5.2356020942408374
"interpret and explain human resources policies, procedures, laws, standards, or regulations.",directive,24.0,50.0
"interpret and explain human resources policies, procedures, laws, standards, or regulations.",learning,20.0,41.66666666666667
"interpret and explain human resources policies, procedures, laws, standards, or regulations.",not_classified,4.0,8.333333333333332
"interpret and explain plans and contract terms to representatives of the owner or developer, including administrative staff, workers, or clients.",directive,25.0,86.20689655172413
"interpret and explain plans and contract terms to representatives of the owner or developer, including administrative staff, workers, or clients.",not_classified,4.0,13.793103448275861
"interpret and explain policies, rules, regulations, or laws to organizations, government or corporate officials, or individuals.",directive,44.0,60.273972602739725
"interpret and explain policies, rules, regulations, or laws to organizations, government or corporate officials, or individuals.",learning,23.0,31.506849315068493
"interpret and explain policies, rules, regulations, or laws to organizations, government or corporate officials, or individuals.",not_classified,6.0,8.21917808219178
interpret blueprints and drawings to determine specifications and to calculate the materials required.,directive,15.0,93.75
interpret blueprints and drawings to determine specifications and to calculate the materials required.,not_classified,1.0,6.25
"interpret data on logistics elements, such as availability, maintainability, reliability, supply chain management, strategic sourcing or distribution, supplier management, or transportation.",directive,243.0,95.66929133858267
"interpret data on logistics elements, such as availability, maintainability, reliability, supply chain management, strategic sourcing or distribution, supplier management, or transportation.",not_classified,11.0,4.330708661417323
"interpret data on price, yield, stability, future investment-risk trends, economic influences, and other factors affecting investment programs.",directive,425.0,95.50561797752809
"interpret data on price, yield, stability, future investment-risk trends, economic influences, and other factors affecting investment programs.",not_classified,20.0,4.49438202247191
"interpret engineering drawings, sketches, or diagrams.",directive,64.0,92.7536231884058
"interpret engineering drawings, sketches, or diagrams.",not_classified,5.0,7.246376811594203
"interpret engineering sketches, specifications, or drawings.",directive,24.0,88.88888888888889
"interpret engineering sketches, specifications, or drawings.",not_classified,3.0,11.11111111111111
interpret exercise program participant data to evaluate progress or identify needed program changes.,directive,22.0,68.75
interpret exercise program participant data to evaluate progress or identify needed program changes.,not_classified,10.0,31.25
interpret government regulations and applicable codes to ensure compliance.,directive,265.0,79.81927710843374
interpret government regulations and applicable codes to ensure compliance.,learning,22.0,6.626506024096386
interpret government regulations and applicable codes to ensure compliance.,not_classified,11.0,3.313253012048193
interpret government regulations and applicable codes to ensure compliance.,validation,34.0,10.240963855421686
interpret imaging data and confer with other medical specialists to formulate diagnoses.,directive,49.0,89.0909090909091
interpret imaging data and confer with other medical specialists to formulate diagnoses.,not_classified,6.0,10.909090909090908
interpret instrument readings to ascertain the depth of obstruction.,not_classified,17.0,100.0
interpret laboratory results and communicate findings to patients or physicians.,not_classified,24.0,100.0
"interpret laws, rulings and regulations for individuals and businesses.",directive,69.0,41.07142857142857
"interpret laws, rulings and regulations for individuals and businesses.",learning,78.0,46.42857142857143
"interpret laws, rulings and regulations for individuals and businesses.",not_classified,21.0,12.5
interpret protocols and advise treating physicians on appropriate dosage modifications or treatment calculations based on patient characteristics.,not_classified,16.0,100.0
interpret regulatory rules or rule changes and ensure that they are communicated through corporate policies and procedures.,directive,135.0,73.77049180327869
interpret regulatory rules or rule changes and ensure that they are communicated through corporate policies and procedures.,not_classified,14.0,7.650273224043716
interpret regulatory rules or rule changes and ensure that they are communicated through corporate policies and procedures.,validation,34.0,18.579234972677597
interpret results of financial analysis procedures.,directive,215.0,80.22388059701493
interpret results of financial analysis procedures.,learning,15.0,5.597014925373134
interpret results of financial analysis procedures.,not_classified,11.0,4.104477611940299
interpret results of financial analysis procedures.,validation,27.0,10.074626865671641
interview applicants and request specified information for loan applications.,directive,23.0,62.16216216216216
interview applicants and request specified information for loan applications.,not_classified,14.0,37.83783783783784
interview clients to determine what kinds of properties they are seeking.,directive,218.0,47.49455337690632
interview clients to determine what kinds of properties they are seeking.,feedback loop,36.0,7.8431372549019605
interview clients to determine what kinds of properties they are seeking.,none,160.0,34.85838779956427
interview clients to determine what kinds of properties they are seeking.,not_classified,10.0,2.178649237472767
interview clients to determine what kinds of properties they are seeking.,task iteration,15.0,3.2679738562091507
interview clients to determine what kinds of properties they are seeking.,validation,20.0,4.357298474945534
"interview clients to obtain information about employment history, educational background, and career goals, and to identify barriers to employment.",directive,33.0,48.529411764705884
"interview clients to obtain information about employment history, educational background, and career goals, and to identify barriers to employment.",none,27.0,39.705882352941174
"interview clients to obtain information about employment history, educational background, and career goals, and to identify barriers to employment.",not_classified,8.0,11.76470588235294
interview credit applicants by telephone or in person to obtain personal and financial data needed to complete credit report.,none,16.0,59.25925925925925
interview credit applicants by telephone or in person to obtain personal and financial data needed to complete credit report.,not_classified,11.0,40.74074074074074
"interview individuals, and research public databases in order to obtain information.",directive,123.0,91.7910447761194
"interview individuals, and research public databases in order to obtain information.",not_classified,11.0,8.208955223880597
"interview job applicants to obtain information on work history, training, education, or job skills.",directive,353.0,47.003994673768304
"interview job applicants to obtain information on work history, training, education, or job skills.",learning,22.0,2.929427430093209
"interview job applicants to obtain information on work history, training, education, or job skills.",none,358.0,47.66977363515313
"interview job applicants to obtain information on work history, training, education, or job skills.",not_classified,18.0,2.396804260985353
interview loan applicants to obtain personal and financial data and to assist in completing applications.,directive,119.0,58.91089108910891
interview loan applicants to obtain personal and financial data and to assist in completing applications.,none,67.0,33.16831683168317
interview loan applicants to obtain personal and financial data and to assist in completing applications.,not_classified,16.0,7.920792079207921
interview patients or their representatives to identify problems relating to care.,not_classified,19.0,100.0
"interview patients to complete documents, case histories, or forms, such as intake or insurance forms.",not_classified,18.0,100.0
"interview patients to obtain information such as complaints, symptoms, medical histories, and family histories.",not_classified,23.0,100.0
interview people and keep track of their responses.,directive,22.0,59.45945945945946
interview people and keep track of their responses.,not_classified,15.0,40.54054054054054
"interview prospective clients to obtain data about their financial resources and needs, the physical condition of the person or property to be insured, and to discuss any existing coverage.",directive,127.0,72.57142857142857
"interview prospective clients to obtain data about their financial resources and needs, the physical condition of the person or property to be insured, and to discuss any existing coverage.",none,31.0,17.71428571428571
"interview prospective clients to obtain data about their financial resources and needs, the physical condition of the person or property to be insured, and to discuss any existing coverage.",not_classified,17.0,9.714285714285714
"invent names for products and write the slogans that appear on packaging, brochures and other promotional material.",directive,37.0,92.5
"invent names for products and write the slogans that appear on packaging, brochures and other promotional material.",not_classified,3.0,7.5
investigate and direct patient inquiries or complaints to appropriate medical staff members and follow up to ensure satisfactory resolution.,directive,27.0,64.28571428571429
investigate and direct patient inquiries or complaints to appropriate medical staff members and follow up to ensure satisfactory resolution.,none,15.0,35.714285714285715
"investigate and resolve complaints regarding food quality, service, or accommodations.",directive,50.0,80.64516129032258
"investigate and resolve complaints regarding food quality, service, or accommodations.",not_classified,12.0,19.35483870967742
investigate available investment opportunities to determine compatibility with client financial plans.,directive,71.0,94.66666666666667
investigate available investment opportunities to determine compatibility with client financial plans.,not_classified,4.0,5.333333333333334
"investigate characteristics such as cost, performance, or process capability of potential microelectromechanical systems (mems) device designs, using simulation or modeling software.",not_classified,25.0,100.0
investigate claimants for the possibility of fraud or abuse.,not_classified,16.0,100.0
investigate clients' financial and credit status to determine eligibility for financing.,not_classified,18.0,100.0
investigate complaints regarding safety violations.,not_classified,15.0,100.0
"investigate complaints, disturbances and violations and resolve problems following management rules and regulations.",directive,22.0,84.61538461538461
"investigate complaints, disturbances and violations and resolve problems following management rules and regulations.",not_classified,4.0,15.384615384615385
investigate customer or public complaints to determine the nature and extent of problems.,directive,602.0,93.04482225656878
investigate customer or public complaints to determine the nature and extent of problems.,none,17.0,2.627511591962906
investigate customer or public complaints to determine the nature and extent of problems.,not_classified,6.0,0.9273570324574961
investigate customer or public complaints to determine the nature and extent of problems.,validation,22.0,3.400309119010819
investigate customer problems referred by technical support.,directive,46.0,60.526315789473685
investigate customer problems referred by technical support.,not_classified,30.0,39.473684210526315
investigate illegal or suspicious activities.,not_classified,19.0,100.0
investigate or test specific construction project materials to determine compliance to specifications or standards.,directive,210.0,80.76923076923077
investigate or test specific construction project materials to determine compliance to specifications or standards.,not_classified,19.0,7.307692307692308
investigate or test specific construction project materials to determine compliance to specifications or standards.,validation,31.0,11.923076923076923
investigate product complaints and prepare documentation and submissions to appropriate regulatory agencies as necessary.,directive,51.0,98.07692307692307
investigate product complaints and prepare documentation and submissions to appropriate regulatory agencies as necessary.,not_classified,1.0,1.9230769230769231
"investigate products or markets to determine areas for opportunity or viability for merchandising specific products, using online or offline sources.",directive,179.0,94.70899470899471
"investigate products or markets to determine areas for opportunity or viability for merchandising specific products, using online or offline sources.",not_classified,10.0,5.291005291005291
"investigate theoretical or conceptual issues, such as the human design considerations of lunar landers or habitats.",directive,39.0,57.35294117647059
"investigate theoretical or conceptual issues, such as the human design considerations of lunar landers or habitats.",none,16.0,23.52941176470588
"investigate theoretical or conceptual issues, such as the human design considerations of lunar landers or habitats.",not_classified,13.0,19.11764705882353
"investigate whether networks, workstations, the central processing unit of the system, or peripheral equipment are responding to a program's instructions.",directive,122.0,53.50877192982456
"investigate whether networks, workstations, the central processing unit of the system, or peripheral equipment are responding to a program's instructions.",learning,28.0,12.280701754385964
"investigate whether networks, workstations, the central processing unit of the system, or peripheral equipment are responding to a program's instructions.",none,50.0,21.929824561403507
"investigate whether networks, workstations, the central processing unit of the system, or peripheral equipment are responding to a program's instructions.",not_classified,12.0,5.263157894736842
"investigate whether networks, workstations, the central processing unit of the system, or peripheral equipment are responding to a program's instructions.",validation,16.0,7.017543859649122
"investigate, evaluate, and settle claims, applying technical knowledge and human relations skills to effect fair and prompt disposal of cases and to contribute to a reduced loss ratio.",not_classified,16.0,100.0
issue shipping instructions and provide routing information to ensure that delivery times and locations are coordinated.,not_classified,16.0,100.0
keep informed of industry trends and deals.,directive,194.0,94.6341463414634
keep informed of industry trends and deals.,not_classified,11.0,5.365853658536586
keep informed of new products and developments.,directive,19.0,100.0
"keep informed on industry news and trends, products, services, competitors, relevant information about legacy, existing, and emerging technologies, and the latest product-line developments.",not_classified,18.0,100.0
"keep records and prepare reports detailing findings, investigative methods, and laboratory techniques.",directive,29.0,82.85714285714286
"keep records and prepare reports detailing findings, investigative methods, and laboratory techniques.",not_classified,6.0,17.142857142857142
"keep records documenting animal health, diet, or behavior.",directive,35.0,100.0
"keep records of customer interactions or transactions, recording details of inquiries, complaints, or comments, as well as actions taken.",directive,1473.0,68.2260305697082
"keep records of customer interactions or transactions, recording details of inquiries, complaints, or comments, as well as actions taken.",feedback loop,113.0,5.23390458545623
"keep records of customer interactions or transactions, recording details of inquiries, complaints, or comments, as well as actions taken.",learning,56.0,2.5937934228809634
"keep records of customer interactions or transactions, recording details of inquiries, complaints, or comments, as well as actions taken.",none,432.0,20.00926354793886
"keep records of customer interactions or transactions, recording details of inquiries, complaints, or comments, as well as actions taken.",not_classified,7.0,0.3242241778601204
"keep records of customer interactions or transactions, recording details of inquiries, complaints, or comments, as well as actions taken.",validation,78.0,3.6127836961556277
"keep records of room availability and guests' accounts, manually or using computers.",directive,15.0,93.75
"keep records of room availability and guests' accounts, manually or using computers.",not_classified,1.0,6.25
"keep track of leave time, such as vacation, personal, and sick leave, for employees.",directive,21.0,95.45454545454545
"keep track of leave time, such as vacation, personal, and sick leave, for employees.",not_classified,1.0,4.545454545454546
key and program specified commands and engineering specifications into computer system to change functions and test final layout.,directive,403.0,57.985611510791365
key and program specified commands and engineering specifications into computer system to change functions and test final layout.,feedback loop,37.0,5.323741007194244
key and program specified commands and engineering specifications into computer system to change functions and test final layout.,none,231.0,33.23741007194245
key and program specified commands and engineering specifications into computer system to change functions and test final layout.,not_classified,24.0,3.4532374100719423
key in processing instructions to program electronic equipment.,directive,396.0,52.51989389920424
key in processing instructions to program electronic equipment.,feedback loop,32.0,4.244031830238726
key in processing instructions to program electronic equipment.,none,306.0,40.58355437665783
key in processing instructions to program electronic equipment.,not_classified,20.0,2.6525198938992043
learn about characters in scripts and their relationships to each other to develop role interpretations.,directive,39.0,62.903225806451616
learn about characters in scripts and their relationships to each other to develop role interpretations.,not_classified,23.0,37.096774193548384
learn about competitors' products or consumers' interests or concerns to answer questions or provide more complete information.,directive,83.0,97.6470588235294
learn about competitors' products or consumers' interests or concerns to answer questions or provide more complete information.,not_classified,2.0,2.3529411764705883
listen and provide emotional support and encouragement to psychiatric patients.,directive,25.0,35.714285714285715
listen and provide emotional support and encouragement to psychiatric patients.,none,30.0,42.857142857142854
listen and provide emotional support and encouragement to psychiatric patients.,not_classified,15.0,21.428571428571427
"listen to and resolve customer complaints regarding services, products, or personnel.",directive,512.0,49.80544747081712
"listen to and resolve customer complaints regarding services, products, or personnel.",feedback loop,260.0,25.291828793774318
"listen to and resolve customer complaints regarding services, products, or personnel.",learning,50.0,4.863813229571985
"listen to and resolve customer complaints regarding services, products, or personnel.",none,173.0,16.828793774319067
"listen to and resolve customer complaints regarding services, products, or personnel.",not_classified,12.0,1.1673151750972763
"listen to and resolve customer complaints regarding services, products, or personnel.",validation,21.0,2.0428015564202333
listen to and resolve customers' complaints regarding products or services.,directive,372.0,52.54237288135594
listen to and resolve customers' complaints regarding products or services.,feedback loop,138.0,19.491525423728813
listen to and resolve customers' complaints regarding products or services.,learning,34.0,4.80225988700565
listen to and resolve customers' complaints regarding products or services.,none,138.0,19.491525423728813
listen to and resolve customers' complaints regarding products or services.,not_classified,5.0,0.7062146892655368
listen to and resolve customers' complaints regarding products or services.,validation,21.0,2.9661016949152543
"locate and distribute resources, such as periodicals or curricula, to enhance the effectiveness of educational programs.",directive,29.0,65.9090909090909
"locate and distribute resources, such as periodicals or curricula, to enhance the effectiveness of educational programs.",not_classified,15.0,34.090909090909086
locate and list addresses and households.,directive,18.0,100.0
"locate and notify customers of delinquent accounts by mail, telephone, or personal visits to solicit payment.",directive,84.0,80.76923076923077
"locate and notify customers of delinquent accounts by mail, telephone, or personal visits to solicit payment.",none,15.0,14.423076923076922
"locate and notify customers of delinquent accounts by mail, telephone, or personal visits to solicit payment.",not_classified,5.0,4.807692307692308
"locate and review research articles or environmental, historical, or technical reports.",directive,209.0,72.06896551724138
"locate and review research articles or environmental, historical, or technical reports.",learning,50.0,17.24137931034483
"locate and review research articles or environmental, historical, or technical reports.",none,19.0,6.551724137931035
"locate and review research articles or environmental, historical, or technical reports.",not_classified,12.0,4.137931034482759
"locate barriers to client employment, such as inaccessible work sites, inflexible schedules, and transportation problems, and work with clients to develop strategies for overcoming these barriers.",not_classified,17.0,100.0
"locate files relating to specified design project in database library, load program into computer, and record completed job data.",directive,37.0,63.793103448275865
"locate files relating to specified design project in database library, load program into computer, and record completed job data.",none,15.0,25.862068965517242
"locate files relating to specified design project in database library, load program into computer, and record completed job data.",not_classified,6.0,10.344827586206897
"locate library materials for patrons, including books, periodicals, tape cassettes, braille volumes, and pictures.",directive,106.0,85.48387096774194
"locate library materials for patrons, including books, periodicals, tape cassettes, braille volumes, and pictures.",not_classified,18.0,14.516129032258066
"locate suppliers, using sources such as catalogs and the internet, and interview them to gather information about products to be ordered.",directive,28.0,90.32258064516128
"locate suppliers, using sources such as catalogs and the internet, and interview them to gather information about products to be ordered.",not_classified,3.0,9.67741935483871
locate unusual or unique information in response to specific requests.,directive,189.0,79.41176470588235
locate unusual or unique information in response to specific requests.,none,27.0,11.344537815126051
locate unusual or unique information in response to specific requests.,not_classified,22.0,9.243697478991598
"locate vendors of materials, equipment or supplies, and interview them to determine product availability and terms of sales.",directive,63.0,95.45454545454545
"locate vendors of materials, equipment or supplies, and interview them to determine product availability and terms of sales.",not_classified,3.0,4.545454545454546
"maintain and administer computer networks and related computing environments including computer hardware, systems software, applications software, and all configurations.",directive,81.0,59.55882352941176
"maintain and administer computer networks and related computing environments including computer hardware, systems software, applications software, and all configurations.",feedback loop,20.0,14.705882352941178
"maintain and administer computer networks and related computing environments including computer hardware, systems software, applications software, and all configurations.",none,15.0,11.029411764705882
"maintain and administer computer networks and related computing environments including computer hardware, systems software, applications software, and all configurations.",not_classified,20.0,14.705882352941178
"maintain and review account records, updating and recategorizing them according to status changes.",directive,20.0,76.92307692307693
"maintain and review account records, updating and recategorizing them according to status changes.",not_classified,6.0,23.076923076923077
maintain client databases.,not_classified,21.0,100.0
"maintain contact with kitchen staff, management, serving staff, and customers to ensure that dining details are handled properly and customers' concerns are addressed.",directive,27.0,84.375
"maintain contact with kitchen staff, management, serving staff, and customers to ensure that dining details are handled properly and customers' concerns are addressed.",not_classified,5.0,15.625
"maintain current knowledge of organizational policies and procedures, federal and state policies and directives, and current accounting standards.",not_classified,24.0,100.0
"maintain customer records, using automated systems.",directive,175.0,87.93969849246231
"maintain customer records, using automated systems.",not_classified,24.0,12.060301507537687
maintain familiarity with aspects of local real estate markets.,directive,19.0,95.0
maintain familiarity with aspects of local real estate markets.,not_classified,1.0,5.0
"maintain hardware and software, including computers, scanners, color copiers, and color laser printers.",directive,21.0,63.63636363636363
"maintain hardware and software, including computers, scanners, color copiers, and color laser printers.",not_classified,12.0,36.36363636363637
maintain input or data quality of risk management systems.,directive,41.0,77.35849056603774
maintain input or data quality of risk management systems.,not_classified,12.0,22.641509433962266
"maintain knowledge of tax code changes, and of accounting procedures and theory to properly evaluate financial information.",not_classified,18.0,100.0
"maintain knowledge of, comply with, and enforce all institutional policies, rules, procedures, and regulations.",directive,74.0,76.28865979381443
"maintain knowledge of, comply with, and enforce all institutional policies, rules, procedures, and regulations.",not_classified,23.0,23.711340206185564
"maintain library of model documents, templates, or other reusable knowledge assets.",directive,16.0,100.0
"maintain networks by performing activities such as file addition, deletion, or backup.",directive,133.0,76.0
"maintain networks by performing activities such as file addition, deletion, or backup.",not_classified,42.0,24.0
maintain or modify all financial analytic models in use.,not_classified,17.0,100.0
maintain or modify existing geographic information systems (gis) databases.,not_classified,16.0,100.0
"maintain or update business intelligence tools, databases, dashboards, systems, or methods.",directive,57.0,81.42857142857143
"maintain or update business intelligence tools, databases, dashboards, systems, or methods.",not_classified,13.0,18.571428571428573
"maintain or update records of client account activity, including financial transactions, counseling session notes, correspondence, document images, or client inquiries.",directive,58.0,65.9090909090909
"maintain or update records of client account activity, including financial transactions, counseling session notes, correspondence, document images, or client inquiries.",not_classified,30.0,34.090909090909086
"maintain portfolios of artistic work to demonstrate styles, interests, and abilities.",not_classified,18.0,100.0
"maintain records of business transactions and product inventories, reporting data to companies or government agencies as necessary.",not_classified,16.0,100.0
"maintain records of sales, rental or usage activity, special permits issued, maintenance and operating costs, or property availability.",directive,124.0,80.51948051948052
"maintain records of sales, rental or usage activity, special permits issued, maintenance and operating costs, or property availability.",not_classified,30.0,19.480519480519483
maintain records of services provided and the effects of advice given.,not_classified,16.0,100.0
"maintain records, such as pharmacy files, patient profiles, charge system files, inventories, control records for radioactive nuclei, or registries of poisons, narcotics, or controlled drugs.",not_classified,17.0,100.0
maintain sales forecasting reports.,not_classified,16.0,100.0
"maintain understanding of current web technologies or programming practices through continuing education, reading, or participation in professional conferences, workshops, or groups.",directive,26.0,50.0
"maintain understanding of current web technologies or programming practices through continuing education, reading, or participation in professional conferences, workshops, or groups.",learning,17.0,32.69230769230769
"maintain understanding of current web technologies or programming practices through continuing education, reading, or participation in professional conferences, workshops, or groups.",not_classified,9.0,17.307692307692307
"maintain updated client records with plans, notes, appropriate forms, or related information.",directive,15.0,50.0
"maintain updated client records with plans, notes, appropriate forms, or related information.",not_classified,15.0,50.0
"make and confirm reservations for transportation and accommodations, using telephones, faxes, mail, and computers.",directive,367.0,79.78260869565217
"make and confirm reservations for transportation and accommodations, using telephones, faxes, mail, and computers.",feedback loop,21.0,4.565217391304348
"make and confirm reservations for transportation and accommodations, using telephones, faxes, mail, and computers.",none,51.0,11.08695652173913
"make and confirm reservations for transportation and accommodations, using telephones, faxes, mail, and computers.",not_classified,21.0,4.565217391304348
make and confirm reservations.,directive,210.0,76.92307692307693
make and confirm reservations.,none,42.0,15.384615384615385
make and confirm reservations.,not_classified,21.0,7.6923076923076925
"make appointments, keep records, or perform other clerical duties in doctors' offices or clinics.",directive,53.0,81.53846153846153
"make appointments, keep records, or perform other clerical duties in doctors' offices or clinics.",not_classified,12.0,18.461538461538463
make bids or offers to buy or sell securities.,directive,27.0,100.0
"make clinical recommendations to physicians, other health care providers, insurance companies, patients, or health care organizations.",directive,73.0,96.05263157894737
"make clinical recommendations to physicians, other health care providers, insurance companies, patients, or health care organizations.",not_classified,3.0,3.9473684210526314
make manuscript acceptance or revision recommendations to the publisher.,directive,26.0,47.27272727272727
make manuscript acceptance or revision recommendations to the publisher.,not_classified,8.0,14.545454545454545
make manuscript acceptance or revision recommendations to the publisher.,validation,21.0,38.18181818181819
make many quick changes backstage during fashion shows and yet maintain poised appearance before audiences.,not_classified,15.0,100.0
make promotional appearances at public or private events to represent their employers.,directive,52.0,80.0
make promotional appearances at public or private events to represent their employers.,not_classified,13.0,20.0
make tentative diagnoses and decisions about management and treatment of patients.,directive,24.0,57.14285714285714
make tentative diagnoses and decisions about management and treatment of patients.,not_classified,18.0,42.857142857142854
make transportation arrangements for sold or purchased commodities.,not_classified,15.0,100.0
make travel arrangements for executives.,directive,86.0,72.88135593220339
make travel arrangements for executives.,not_classified,14.0,11.864406779661017
make travel arrangements for executives.,task iteration,18.0,15.254237288135593
make travel arrangements for sightseeing or other tours.,directive,17.0,70.83333333333334
make travel arrangements for sightseeing or other tours.,not_classified,7.0,29.166666666666668
manage and maintain temporary or permanent lodging facilities.,not_classified,17.0,100.0
"manage client portfolios, keeping client plans up-to-date.",directive,144.0,87.27272727272727
"manage client portfolios, keeping client plans up-to-date.",not_classified,21.0,12.727272727272727
manage investment funds to maximize return on client investments.,directive,60.0,98.36065573770492
manage investment funds to maximize return on client investments.,not_classified,1.0,1.639344262295082
manage or analyze data obtained from remote sensing systems to obtain meaningful results.,directive,33.0,82.5
manage or analyze data obtained from remote sensing systems to obtain meaningful results.,not_classified,7.0,17.5
"manage or operate real estate offices, handling associated business details.",not_classified,15.0,100.0
"manage project execution to ensure adherence to budget, schedule, and scope.",directive,40.0,63.49206349206349
"manage project execution to ensure adherence to budget, schedule, and scope.",not_classified,23.0,36.507936507936506
manage projects or contribute to committee or team work.,directive,24.0,72.72727272727273
manage projects or contribute to committee or team work.,not_classified,9.0,27.27272727272727
"manage sales team including setting goals, providing incentives, and evaluating employee performance.",directive,17.0,94.44444444444444
"manage sales team including setting goals, providing incentives, and evaluating employee performance.",not_classified,1.0,5.555555555555555
"manage security programs designed to protect personnel, facilities, and information.",directive,69.0,61.06194690265486
"manage security programs designed to protect personnel, facilities, and information.",none,29.0,25.663716814159294
"manage security programs designed to protect personnel, facilities, and information.",not_classified,15.0,13.274336283185843
manage the coordination and overall integration of technical activities in architecture or engineering projects.,directive,22.0,61.111111111111114
manage the coordination and overall integration of technical activities in architecture or engineering projects.,not_classified,14.0,38.88888888888889
manage timely flow of business intelligence information to users.,directive,22.0,84.61538461538461
manage timely flow of business intelligence information to users.,not_classified,4.0,15.384615384615385
manage user access to systems and equipment through account management and password administration.,directive,55.0,41.98473282442748
manage user access to systems and equipment through account management and password administration.,feedback loop,18.0,13.740458015267176
manage user access to systems and equipment through account management and password administration.,none,35.0,26.717557251908396
manage user access to systems and equipment through account management and password administration.,not_classified,23.0,17.557251908396946
"manipulate and enhance scanned or digital images to create desired effects, using computers and specialized software.",directive,251.0,71.71428571428572
"manipulate and enhance scanned or digital images to create desired effects, using computers and specialized software.",not_classified,20.0,5.714285714285714
"manipulate and enhance scanned or digital images to create desired effects, using computers and specialized software.",task iteration,79.0,22.57142857142857
"manipulate publicly accessible, commercial, or proprietary genomic, proteomic, or post-genomic databases.",directive,51.0,83.60655737704919
"manipulate publicly accessible, commercial, or proprietary genomic, proteomic, or post-genomic databases.",not_classified,10.0,16.39344262295082
"map data between source systems, data warehouses, and data marts.",directive,112.0,75.16778523489933
"map data between source systems, data warehouses, and data marts.",not_classified,37.0,24.832214765100673
"mark copy to indicate and correct errors in type, arrangement, grammar, punctuation, or spelling, using standard printers' marks.",directive,115.0,59.895833333333336
"mark copy to indicate and correct errors in type, arrangement, grammar, punctuation, or spelling, using standard printers' marks.",not_classified,23.0,11.979166666666668
"mark copy to indicate and correct errors in type, arrangement, grammar, punctuation, or spelling, using standard printers' marks.",validation,54.0,28.125
"market bank products to individuals and firms, promoting bank services that may meet customers' needs.",directive,153.0,85.0
"market bank products to individuals and firms, promoting bank services that may meet customers' needs.",not_classified,27.0,15.0
market or promote the casino to bring in business.,directive,18.0,94.73684210526315
market or promote the casino to bring in business.,not_classified,1.0,5.263157894736842
measure and analyze system performance and operating parameters to assess operating condition of systems or equipment.,directive,287.0,66.74418604651163
measure and analyze system performance and operating parameters to assess operating condition of systems or equipment.,feedback loop,40.0,9.30232558139535
measure and analyze system performance and operating parameters to assess operating condition of systems or equipment.,learning,23.0,5.348837209302325
measure and analyze system performance and operating parameters to assess operating condition of systems or equipment.,none,41.0,9.534883720930234
measure and analyze system performance and operating parameters to assess operating condition of systems or equipment.,task iteration,15.0,3.488372093023256
measure and analyze system performance and operating parameters to assess operating condition of systems or equipment.,validation,24.0,5.5813953488372094
measure and analyze web site usage data to maximize search engine returns or refine customer interfaces.,directive,40.0,93.02325581395348
measure and analyze web site usage data to maximize search engine returns or refine customer interfaces.,not_classified,3.0,6.976744186046512
"measure and verify levels of rock or gravel, bases, or other excavated material.",not_classified,15.0,100.0
"measure completed workpieces to verify conformance to specifications, using micrometers, gauges, calipers, templates, or rulers.",directive,48.0,65.75342465753424
"measure completed workpieces to verify conformance to specifications, using micrometers, gauges, calipers, templates, or rulers.",not_classified,8.0,10.95890410958904
"measure completed workpieces to verify conformance to specifications, using micrometers, gauges, calipers, templates, or rulers.",validation,17.0,23.28767123287671
"measure dimensions of finished workpieces to ensure conformance to specifications, using precision measuring instruments, templates, and fixtures.",directive,107.0,70.39473684210526
"measure dimensions of finished workpieces to ensure conformance to specifications, using precision measuring instruments, templates, and fixtures.",not_classified,16.0,10.526315789473683
"measure dimensions of finished workpieces to ensure conformance to specifications, using precision measuring instruments, templates, and fixtures.",validation,29.0,19.078947368421055
"measure dimensions of products to verify conformance to specifications, using measuring instruments such as rulers, calipers, gauges, or micrometers.",directive,280.0,76.29427792915531
"measure dimensions of products to verify conformance to specifications, using measuring instruments such as rulers, calipers, gauges, or micrometers.",none,21.0,5.722070844686648
"measure dimensions of products to verify conformance to specifications, using measuring instruments such as rulers, calipers, gauges, or micrometers.",not_classified,19.0,5.177111716621254
"measure dimensions of products to verify conformance to specifications, using measuring instruments such as rulers, calipers, gauges, or micrometers.",validation,47.0,12.806539509536785
"measure or weigh materials, using rulers, calculators, and scales.",directive,18.0,94.73684210526315
"measure or weigh materials, using rulers, calculators, and scales.",not_classified,1.0,5.263157894736842
"measure parts to determine tolerances, using precision measuring instruments such as micrometers, calipers, and verniers.",directive,29.0,78.37837837837837
"measure parts to determine tolerances, using precision measuring instruments such as micrometers, calipers, and verniers.",not_classified,8.0,21.62162162162162
"measure parts to verify specified dimensions or settings, such as camera shutter speed or light meter reading accuracy, using measuring instruments.",directive,32.0,76.19047619047619
"measure parts to verify specified dimensions or settings, such as camera shutter speed or light meter reading accuracy, using measuring instruments.",not_classified,10.0,23.809523809523807
"measure the effectiveness of marketing, advertising, and communications programs and strategies.",directive,463.0,82.38434163701068
"measure the effectiveness of marketing, advertising, and communications programs and strategies.",learning,16.0,2.8469750889679712
"measure the effectiveness of marketing, advertising, and communications programs and strategies.",not_classified,15.0,2.6690391459074734
"measure the effectiveness of marketing, advertising, and communications programs and strategies.",task iteration,32.0,5.6939501779359425
"measure the effectiveness of marketing, advertising, and communications programs and strategies.",validation,36.0,6.405693950177936
"measure tolerances of assembled and salvageable parts for conformance to standards or specifications, using gauges, micrometers, and calipers.",directive,25.0,52.083333333333336
"measure tolerances of assembled and salvageable parts for conformance to standards or specifications, using gauges, micrometers, and calipers.",not_classified,4.0,8.333333333333332
"measure tolerances of assembled and salvageable parts for conformance to standards or specifications, using gauges, micrometers, and calipers.",validation,19.0,39.58333333333333
"measure velocity, horsepower, revolutions per minute (rpm), amperage, circuitry, and voltage of units or parts to diagnose problems, using ammeters, voltmeters, wattmeters, and other testing devices.",not_classified,22.0,100.0
"meet with clients to discuss topics such as technical specifications, customized solutions, or operational problems.",directive,17.0,85.0
"meet with clients to discuss topics such as technical specifications, customized solutions, or operational problems.",not_classified,3.0,15.0
modify and customize commercial programs for internal needs.,directive,1007.0,69.40041350792558
modify and customize commercial programs for internal needs.,feedback loop,189.0,13.02549965541006
modify and customize commercial programs for internal needs.,learning,30.0,2.067539627842867
modify and customize commercial programs for internal needs.,none,54.0,3.7215713301171607
modify and customize commercial programs for internal needs.,not_classified,5.0,0.34458993797381116
modify and customize commercial programs for internal needs.,task iteration,166.0,11.44038594073053
"modify computer security files to incorporate new software, correct errors, or change individual access status.",directive,16.0,64.0
"modify computer security files to incorporate new software, correct errors, or change individual access status.",not_classified,9.0,36.0
modify existing databases and database management systems or direct programmers and analysts to make changes.,directive,773.0,54.28370786516854
modify existing databases and database management systems or direct programmers and analysts to make changes.,feedback loop,361.0,25.35112359550562
modify existing databases and database management systems or direct programmers and analysts to make changes.,learning,37.0,2.598314606741573
modify existing databases and database management systems or direct programmers and analysts to make changes.,none,64.0,4.49438202247191
modify existing databases and database management systems or direct programmers and analysts to make changes.,task iteration,163.0,11.446629213483146
modify existing databases and database management systems or direct programmers and analysts to make changes.,validation,26.0,1.8258426966292134
modify existing programs to enhance efficiency.,directive,3249.0,56.85039370078741
modify existing programs to enhance efficiency.,feedback loop,1128.0,19.73753280839895
modify existing programs to enhance efficiency.,learning,124.0,2.1697287839020123
modify existing programs to enhance efficiency.,none,325.0,5.68678915135608
modify existing programs to enhance efficiency.,task iteration,840.0,14.698162729658792
modify existing programs to enhance efficiency.,validation,49.0,0.8573928258967628
"modify existing software to correct errors, allow it to adapt to new hardware, or to improve its performance.",directive,34902.0,45.6396375191244
"modify existing software to correct errors, allow it to adapt to new hardware, or to improve its performance.",feedback loop,28333.0,37.04967766401214
"modify existing software to correct errors, allow it to adapt to new hardware, or to improve its performance.",learning,1129.0,1.476338053953683
"modify existing software to correct errors, allow it to adapt to new hardware, or to improve its performance.",none,3708.0,4.848770154172061
"modify existing software to correct errors, allow it to adapt to new hardware, or to improve its performance.",task iteration,7852.0,10.267676173289919
"modify existing software to correct errors, allow it to adapt to new hardware, or to improve its performance.",validation,549.0,0.7179004354478051
"modify existing software to correct errors, to adapt it to new hardware, or to upgrade interfaces and improve performance.",directive,25336.0,46.067967343673295
"modify existing software to correct errors, to adapt it to new hardware, or to upgrade interfaces and improve performance.",feedback loop,19904.0,36.191064967180026
"modify existing software to correct errors, to adapt it to new hardware, or to upgrade interfaces and improve performance.",learning,810.0,1.4728076076876921
"modify existing software to correct errors, to adapt it to new hardware, or to upgrade interfaces and improve performance.",none,2607.0,4.740258559557794
"modify existing software to correct errors, to adapt it to new hardware, or to upgrade interfaces and improve performance.",task iteration,5927.0,10.776951470080185
"modify existing software to correct errors, to adapt it to new hardware, or to upgrade interfaces and improve performance.",validation,413.0,0.7509500518210084
"modify or control biological systems to replace, augment, or sustain chemical or mechanical processes.",not_classified,15.0,100.0
modify standard formulas so that they conform to project needs and data processing methods.,directive,15.0,88.23529411764706
modify standard formulas so that they conform to project needs and data processing methods.,not_classified,2.0,11.76470588235294
"modify, maintain, and repair electronics equipment and systems to ensure that they function properly.",directive,26.0,56.52173913043478
"modify, maintain, and repair electronics equipment and systems to ensure that they function properly.",not_classified,20.0,43.47826086956522
monitor and analyze energy consumption.,directive,22.0,84.61538461538461
monitor and analyze energy consumption.,not_classified,4.0,15.384615384615385
"monitor and analyze network performance and data input/output reports to detect problems, identify inefficient use of computer resources, or perform capacity planning.",directive,177.0,62.323943661971825
"monitor and analyze network performance and data input/output reports to detect problems, identify inefficient use of computer resources, or perform capacity planning.",feedback loop,47.0,16.549295774647888
"monitor and analyze network performance and data input/output reports to detect problems, identify inefficient use of computer resources, or perform capacity planning.",none,38.0,13.380281690140844
"monitor and analyze network performance and data input/output reports to detect problems, identify inefficient use of computer resources, or perform capacity planning.",not_classified,22.0,7.746478873239436
monitor and analyze sales promotion results to determine cost effectiveness of promotion campaigns.,directive,703.0,78.28507795100222
monitor and analyze sales promotion results to determine cost effectiveness of promotion campaigns.,learning,90.0,10.022271714922049
monitor and analyze sales promotion results to determine cost effectiveness of promotion campaigns.,none,19.0,2.1158129175946545
monitor and analyze sales promotion results to determine cost effectiveness of promotion campaigns.,not_classified,12.0,1.3363028953229399
monitor and analyze sales promotion results to determine cost effectiveness of promotion campaigns.,task iteration,35.0,3.8975501113585747
monitor and analyze sales promotion results to determine cost effectiveness of promotion campaigns.,validation,39.0,4.342984409799555
"monitor and analyze sales records, trends, or economic conditions to anticipate consumer buying patterns and determine what the company will sell and how much inventory is needed.",directive,59.0,79.72972972972973
"monitor and analyze sales records, trends, or economic conditions to anticipate consumer buying patterns and determine what the company will sell and how much inventory is needed.",not_classified,15.0,20.27027027027027
"monitor and analyze system performance, such as network traffic, security, and capacity.",not_classified,15.0,100.0
"monitor and ensure a sound, ethical environment.",directive,128.0,82.05128205128204
"monitor and ensure a sound, ethical environment.",none,19.0,12.179487179487179
"monitor and ensure a sound, ethical environment.",not_classified,9.0,5.769230769230769
monitor and follow applicable laws and regulations.,directive,122.0,82.43243243243244
monitor and follow applicable laws and regulations.,not_classified,8.0,5.405405405405405
monitor and follow applicable laws and regulations.,validation,18.0,12.162162162162163
"monitor and observe experiments, recording production and test data for evaluation by research personnel.",not_classified,21.0,100.0
monitor and record flow meter performance.,not_classified,16.0,100.0
monitor bug resolution efforts and track successes.,directive,106.0,51.9607843137255
monitor bug resolution efforts and track successes.,feedback loop,35.0,17.15686274509804
monitor bug resolution efforts and track successes.,none,36.0,17.647058823529413
monitor bug resolution efforts and track successes.,not_classified,27.0,13.23529411764706
"monitor changes affecting supply and demand, tracking market conditions, price trends, or futures markets.",directive,96.0,94.11764705882352
"monitor changes affecting supply and demand, tracking market conditions, price trends, or futures markets.",not_classified,6.0,5.88235294117647
monitor competitors' sales activities by following their advertisements in newspapers or other media.,directive,29.0,100.0
"monitor compliance with standard operating procedures for loss prevention, physical security, or risk management.",directive,38.0,77.55102040816327
"monitor compliance with standard operating procedures for loss prevention, physical security, or risk management.",not_classified,11.0,22.448979591836736
"monitor database performance and perform any necessary maintenance, upgrades, or repairs.",directive,376.0,41.45534729878721
"monitor database performance and perform any necessary maintenance, upgrades, or repairs.",feedback loop,307.0,33.84785005512679
"monitor database performance and perform any necessary maintenance, upgrades, or repairs.",learning,92.0,10.143329658213892
"monitor database performance and perform any necessary maintenance, upgrades, or repairs.",none,74.0,8.158765159867695
"monitor database performance and perform any necessary maintenance, upgrades, or repairs.",task iteration,25.0,2.7563395810363835
"monitor database performance and perform any necessary maintenance, upgrades, or repairs.",validation,33.0,3.6383682469680267
monitor equipment to ensure proper operation.,directive,88.0,57.51633986928104
monitor equipment to ensure proper operation.,feedback loop,17.0,11.11111111111111
monitor equipment to ensure proper operation.,none,40.0,26.143790849673206
monitor equipment to ensure proper operation.,not_classified,8.0,5.228758169934641
"monitor event activities to ensure compliance with applicable regulations and laws, satisfaction of participants, and resolution of any problems that arise.",directive,54.0,76.05633802816901
"monitor event activities to ensure compliance with applicable regulations and laws, satisfaction of participants, and resolution of any problems that arise.",not_classified,17.0,23.943661971830984
"monitor events, trends, and other circumstances, research specific subject areas, attend art exhibitions, and read art publications to develop ideas and keep current on art world activities.",directive,134.0,91.78082191780823
"monitor events, trends, and other circumstances, research specific subject areas, attend art exhibitions, and read art publications to develop ideas and keep current on art world activities.",not_classified,12.0,8.21917808219178
monitor financial market trends to ensure that client plans are responsive.,directive,92.0,82.14285714285714
monitor financial market trends to ensure that client plans are responsive.,not_classified,20.0,17.857142857142858
monitor financial or operational performance of individual investments to ensure portfolios meet risk goals.,directive,115.0,83.33333333333334
monitor financial or operational performance of individual investments to ensure portfolios meet risk goals.,not_classified,23.0,16.666666666666664
"monitor fundamental economic, industrial, and corporate developments by analyzing information from financial publications and services, investment banking firms, government agencies, trade publications, company sources, or personal interviews.",directive,112.0,89.60000000000001
"monitor fundamental economic, industrial, and corporate developments by analyzing information from financial publications and services, investment banking firms, government agencies, trade publications, company sources, or personal interviews.",not_classified,13.0,10.4
"monitor how the wind, heat, or cold affect the curing of the concrete throughout the entire process.",not_classified,22.0,100.0
monitor insurance claims to ensure they are settled equitably for both the client and the insurer.,directive,15.0,83.33333333333334
monitor insurance claims to ensure they are settled equitably for both the client and the insurer.,not_classified,3.0,16.666666666666664
"monitor market conditions, product innovations, and competitors' products, prices, and sales.",directive,134.0,89.93288590604027
"monitor market conditions, product innovations, and competitors' products, prices, and sales.",not_classified,15.0,10.06711409395973
monitor markets or positions.,directive,155.0,90.64327485380117
monitor markets or positions.,not_classified,16.0,9.35672514619883
"monitor network performance to determine whether adjustments need to be made, and to determine where changes will need to be made in the future.",directive,85.0,62.96296296296296
"monitor network performance to determine whether adjustments need to be made, and to determine where changes will need to be made in the future.",feedback loop,27.0,20.0
"monitor network performance to determine whether adjustments need to be made, and to determine where changes will need to be made in the future.",not_classified,23.0,17.037037037037038
"monitor operations to ensure that staff members comply with administrative policies and procedures, safety rules, union contracts, environmental policies, or government regulations.",directive,1884.0,85.21031207598372
"monitor operations to ensure that staff members comply with administrative policies and procedures, safety rules, union contracts, environmental policies, or government regulations.",none,203.0,9.181365897783808
"monitor operations to ensure that staff members comply with administrative policies and procedures, safety rules, union contracts, environmental policies, or government regulations.",not_classified,9.0,0.40705563093622793
"monitor operations to ensure that staff members comply with administrative policies and procedures, safety rules, union contracts, environmental policies, or government regulations.",validation,115.0,5.201266395296246
monitor or record locations of goods in transit.,directive,23.0,79.3103448275862
monitor or record locations of goods in transit.,not_classified,6.0,20.689655172413794
monitor or trace the location of goods.,directive,70.0,71.42857142857143
monitor or trace the location of goods.,none,24.0,24.489795918367346
monitor or trace the location of goods.,not_classified,4.0,4.081632653061225
monitor or track project milestones and deliverables.,directive,49.0,53.84615384615385
monitor or track project milestones and deliverables.,none,18.0,19.78021978021978
monitor or track project milestones and deliverables.,not_classified,24.0,26.373626373626376
monitor patients' conditions and progress and reevaluate treatments as necessary.,not_classified,15.0,100.0
"monitor project activities to ensure that instructions are followed, deadlines are met, and schedules are maintained.",directive,70.0,55.55555555555556
"monitor project activities to ensure that instructions are followed, deadlines are met, and schedules are maintained.",feedback loop,18.0,14.285714285714285
"monitor project activities to ensure that instructions are followed, deadlines are met, and schedules are maintained.",none,21.0,16.666666666666664
"monitor project activities to ensure that instructions are followed, deadlines are met, and schedules are maintained.",not_classified,17.0,13.492063492063492
monitor raw data quality during collection and make equipment corrections as necessary.,not_classified,16.0,100.0
monitor sales activities to ensure that customers receive satisfactory service and quality goods.,directive,454.0,86.31178707224335
monitor sales activities to ensure that customers receive satisfactory service and quality goods.,not_classified,19.0,3.6121673003802277
monitor sales activities to ensure that customers receive satisfactory service and quality goods.,validation,53.0,10.076045627376425
monitor sales staff performance to ensure that goals are met.,directive,304.0,89.67551622418878
monitor sales staff performance to ensure that goals are met.,not_classified,7.0,2.0648967551622417
monitor sales staff performance to ensure that goals are met.,validation,28.0,8.259587020648967
monitor sanitation practices to ensure that employees follow standards and regulations.,not_classified,15.0,100.0
"monitor security policies, programs or procedures to ensure compliance with internal security policies, licensing requirements, or applicable government security requirements, policies, and directives.",directive,32.0,80.0
"monitor security policies, programs or procedures to ensure compliance with internal security policies, licensing requirements, or applicable government security requirements, policies, and directives.",not_classified,8.0,20.0
monitor security system performance logs to identify problems and notify security specialists when problems occur.,directive,27.0,71.05263157894737
monitor security system performance logs to identify problems and notify security specialists when problems occur.,not_classified,11.0,28.947368421052634
"monitor student performance or assist students in academic environments, such as classrooms, laboratories, or computing centers.",not_classified,17.0,100.0
"monitor systems for intrusions or denial of service attacks, and report security breaches to appropriate personnel.",directive,72.0,57.599999999999994
"monitor systems for intrusions or denial of service attacks, and report security breaches to appropriate personnel.",none,29.0,23.200000000000003
"monitor systems for intrusions or denial of service attacks, and report security breaches to appropriate personnel.",not_classified,24.0,19.2
monitor use of data files and regulate access to safeguard information in computer files.,none,25.0,59.523809523809526
monitor use of data files and regulate access to safeguard information in computer files.,not_classified,17.0,40.476190476190474
"monitor work of contractors and subcontractors to ensure projects conform to plans, specifications, schedules, or budgets.",directive,27.0,84.375
"monitor work of contractors and subcontractors to ensure projects conform to plans, specifications, schedules, or budgets.",not_classified,5.0,15.625
"monitor, evaluate, and record client progress with respect to treatment goals.",directive,21.0,77.77777777777779
"monitor, evaluate, and record client progress with respect to treatment goals.",not_classified,6.0,22.22222222222222
"monitor, record, and report symptoms or changes in patients' conditions.",directive,25.0,56.81818181818182
"monitor, record, and report symptoms or changes in patients' conditions.",not_classified,19.0,43.18181818181818
narrate presentations and productions.,directive,31.0,62.0
narrate presentations and productions.,not_classified,19.0,38.0
negotiate and arrange transport of goods with shipping or freight companies.,directive,15.0,55.55555555555556
negotiate and arrange transport of goods with shipping or freight companies.,not_classified,12.0,44.44444444444444
negotiate prices or terms of sales or service agreements.,directive,16.0,72.72727272727273
negotiate prices or terms of sales or service agreements.,not_classified,6.0,27.27272727272727
"negotiate the sale, lease, or development of property and complete or review appropriate documents and forms.",directive,23.0,82.14285714285714
"negotiate the sale, lease, or development of property and complete or review appropriate documents and forms.",not_classified,5.0,17.857142857142858
none,directive,28413.0,74.25129357654315
none,feedback loop,470.0,1.2282443945016464
none,learning,1451.0,3.791877907280615
none,none,5805.0,15.170124915068206
none,task iteration,1147.0,2.997438979773167
none,validation,980.0,2.5610202268332203
"observe and evaluate students' performance, behavior, social development, and physical health.",directive,18.0,62.06896551724138
"observe and evaluate students' performance, behavior, social development, and physical health.",not_classified,11.0,37.93103448275862
observe and evaluate students' work to determine progress and make suggestions for improvement.,directive,153.0,52.94117647058824
observe and evaluate students' work to determine progress and make suggestions for improvement.,none,35.0,12.110726643598616
observe and evaluate students' work to determine progress and make suggestions for improvement.,not_classified,25.0,8.650519031141869
observe and evaluate students' work to determine progress and make suggestions for improvement.,validation,76.0,26.297577854671278
"observe and evaluate students' work to determine progress, provide feedback, and make suggestions for improvement.",directive,364.0,48.85906040268456
"observe and evaluate students' work to determine progress, provide feedback, and make suggestions for improvement.",learning,34.0,4.563758389261745
"observe and evaluate students' work to determine progress, provide feedback, and make suggestions for improvement.",none,75.0,10.06711409395973
"observe and evaluate students' work to determine progress, provide feedback, and make suggestions for improvement.",not_classified,14.0,1.8791946308724832
"observe and evaluate students' work to determine progress, provide feedback, and make suggestions for improvement.",task iteration,40.0,5.369127516778524
"observe and evaluate students' work to determine progress, provide feedback, and make suggestions for improvement.",validation,218.0,29.261744966442954
observe participants and inform them of corrective measures necessary for skill improvement.,not_classified,26.0,100.0
"observe students' performance, and record relevant data to assess progress.",directive,18.0,81.81818181818183
"observe students' performance, and record relevant data to assess progress.",not_classified,4.0,18.181818181818183
"observe teaching methods and examine learning materials to evaluate and standardize curricula and teaching techniques, and to determine areas where improvement is needed.",directive,102.0,76.11940298507463
"observe teaching methods and examine learning materials to evaluate and standardize curricula and teaching techniques, and to determine areas where improvement is needed.",not_classified,6.0,4.477611940298507
"observe teaching methods and examine learning materials to evaluate and standardize curricula and teaching techniques, and to determine areas where improvement is needed.",validation,26.0,19.402985074626866
obtain agreements from property owners to place properties for sale with real estate firms.,directive,32.0,74.4186046511628
obtain agreements from property owners to place properties for sale with real estate firms.,not_classified,11.0,25.581395348837212
"obtain and analyze information on suspects, crimes, or disturbances to solve cases, to identify criminal activity, or to gather information for court cases.",not_classified,19.0,100.0
"obtain and compile copies of loan applicants' credit histories, corporate financial statements, and other financial information.",directive,19.0,86.36363636363636
"obtain and compile copies of loan applicants' credit histories, corporate financial statements, and other financial information.",not_classified,3.0,13.636363636363635
"obtain and distribute updated information regarding domestic or international laws, guidelines, or standards.",not_classified,18.0,100.0
"obtain and process information required for the provision of services, such as opening accounts, savings plans, and purchasing bonds.",not_classified,15.0,100.0
"obtain and record patient identification, medical history, or test results.",directive,21.0,95.45454545454545
"obtain and record patient identification, medical history, or test results.",not_classified,1.0,4.545454545454546
obtain credit information about prospective customers.,not_classified,19.0,100.0
"obtain customer information such as name, address, and payment method, and enter orders into computers.",directive,82.0,67.21311475409836
"obtain customer information such as name, address, and payment method, and enter orders into computers.",none,23.0,18.852459016393443
"obtain customer information such as name, address, and payment method, and enter orders into computers.",not_classified,17.0,13.934426229508196
"obtain customers' names, addresses, and billing information, product numbers, and specifications of items to be purchased, and enter this information on order forms.",directive,47.0,73.4375
"obtain customers' names, addresses, and billing information, product numbers, and specifications of items to be purchased, and enter this information on order forms.",not_classified,17.0,26.5625
"obtain problem descriptions from customers, and prepare cost estimates for repairs.",not_classified,15.0,100.0
"obtain, compile and record patient medical data, including health history, progress notes and results of physical examination.",directive,15.0,93.75
"obtain, compile and record patient medical data, including health history, progress notes and results of physical examination.",not_classified,1.0,6.25
"obtain, organize, or develop training procedure manuals, guides, or course materials, such as handouts or visual materials.",directive,28.0,87.5
"obtain, organize, or develop training procedure manuals, guides, or course materials, such as handouts or visual materials.",not_classified,4.0,12.5
offer advice on the purchase or sale of particular securities.,directive,230.0,88.8030888030888
offer advice on the purchase or sale of particular securities.,learning,18.0,6.94980694980695
offer advice on the purchase or sale of particular securities.,not_classified,11.0,4.247104247104247
"open, sort, and distribute incoming correspondence, including faxes and email.",directive,17.0,85.0
"open, sort, and distribute incoming correspondence, including faxes and email.",not_classified,3.0,15.0
operate and calibrate computer systems and devices to comply with test requirements and to perform data acquisition and analysis.,directive,31.0,96.875
operate and calibrate computer systems and devices to comply with test requirements and to perform data acquisition and analysis.,not_classified,1.0,3.125
operate and maintain audio-visual equipment.,directive,31.0,93.93939393939394
operate and maintain audio-visual equipment.,not_classified,2.0,6.0606060606060606
"operate cameras, radios, or other surveillance equipment to intercept communications or document activities.",directive,21.0,100.0
"operate communication systems, such as telephone, switchboard, intercom, two-way radio, or public address.",not_classified,19.0,100.0
"operate computers programmed with accounting software to record, store, and analyze information.",directive,27.0,77.14285714285715
"operate computers programmed with accounting software to record, store, and analyze information.",not_classified,8.0,22.857142857142858
"operate desktop publishing software and equipment to design, lay out, and produce camera-ready copy.",directive,53.0,73.61111111111111
"operate desktop publishing software and equipment to design, lay out, and produce camera-ready copy.",not_classified,4.0,5.555555555555555
"operate desktop publishing software and equipment to design, lay out, and produce camera-ready copy.",task iteration,15.0,20.833333333333336
operate detecting devices to screen individuals and prevent passage of prohibited articles into restricted areas.,directive,172.0,54.6031746031746
operate detecting devices to screen individuals and prevent passage of prohibited articles into restricted areas.,none,102.0,32.38095238095238
operate detecting devices to screen individuals and prevent passage of prohibited articles into restricted areas.,not_classified,5.0,1.5873015873015872
operate detecting devices to screen individuals and prevent passage of prohibited articles into restricted areas.,validation,36.0,11.428571428571429
operate equipment to demonstrate proper use or to analyze malfunctions.,directive,25.0,80.64516129032258
operate equipment to demonstrate proper use or to analyze malfunctions.,not_classified,6.0,19.35483870967742
"operate office machines, such as photocopiers and scanners, facsimile machines, voice mail systems, and personal computers.",directive,102.0,83.60655737704919
"operate office machines, such as photocopiers and scanners, facsimile machines, voice mail systems, and personal computers.",not_classified,20.0,16.39344262295082
"operate robots to perform customized tasks, such as environmental cleanup or explosive detection operations.",directive,18.0,81.81818181818183
"operate robots to perform customized tasks, such as environmental cleanup or explosive detection operations.",not_classified,4.0,18.181818181818183
operate spreadsheet programs and other types of software to load and manipulate data and to produce reports.,directive,47.0,82.45614035087719
operate spreadsheet programs and other types of software to load and manipulate data and to produce reports.,not_classified,10.0,17.543859649122805
"operate telephone switchboard to answer, screen, or forward calls, providing information, taking messages, or scheduling appointments.",directive,41.0,78.84615384615384
"operate telephone switchboard to answer, screen, or forward calls, providing information, taking messages, or scheduling appointments.",not_classified,11.0,21.153846153846153
"operate testing equipment, such as heat stress meters, octave band analyzers, motion analysis equipment, inclinometers, light meters, velometers, sling psychrometers, or colormetric detection tubes.",directive,105.0,73.94366197183099
"operate testing equipment, such as heat stress meters, octave band analyzers, motion analysis equipment, inclinometers, light meters, velometers, sling psychrometers, or colormetric detection tubes.",not_classified,37.0,26.056338028169012
"operate various types of equipment, such as computer scanning equipment, addressographs, mimeographs, optical character readers, and bar-code sorters.",directive,24.0,92.3076923076923
"operate various types of equipment, such as computer scanning equipment, addressographs, mimeographs, optical character readers, and bar-code sorters.",not_classified,2.0,7.6923076923076925
"optimize digital assets, such as text, graphics, or multimedia assets, for search engine optimization (seo) or for display and usability on internet-connected devices.",directive,87.0,88.77551020408163
"optimize digital assets, such as text, graphics, or multimedia assets, for search engine optimization (seo) or for display and usability on internet-connected devices.",not_classified,11.0,11.224489795918368
optimize shopping cart experience or web site conversion rates against key performance indicators (kpis).,directive,76.0,82.6086956521739
optimize shopping cart experience or web site conversion rates against key performance indicators (kpis).,not_classified,16.0,17.391304347826086
optimize web site exposure by analyzing search engine patterns to direct online placement of keywords or other content.,directive,60.0,95.23809523809523
optimize web site exposure by analyzing search engine patterns to direct online placement of keywords or other content.,not_classified,3.0,4.761904761904762
order or purchase merchandise to maintain optimal inventory levels.,directive,17.0,85.0
order or purchase merchandise to maintain optimal inventory levels.,not_classified,3.0,15.0
organize and label materials and display students' work.,directive,19.0,86.36363636363636
organize and label materials and display students' work.,not_classified,3.0,13.636363636363635
organize and maintain geospatial data and associated documentation.,directive,31.0,93.93939393939394
organize and maintain geospatial data and associated documentation.,not_classified,2.0,6.0606060606060606
"organize and work with detailed office or warehouse records, maintaining files for each policyholder, including policies that are to be reinstated or cancelled.",directive,49.0,81.66666666666667
"organize and work with detailed office or warehouse records, maintaining files for each policyholder, including policies that are to be reinstated or cancelled.",not_classified,11.0,18.333333333333332
"organize collections of books, publications, documents, audio-visual aids, and other reference materials for convenient access.",directive,18.0,90.0
"organize collections of books, publications, documents, audio-visual aids, and other reference materials for convenient access.",not_classified,2.0,10.0
"organize information for publication and for other means of dissemination, such as use in cd-roms or internet sites.",directive,1150.0,85.43833580980683
"organize information for publication and for other means of dissemination, such as use in cd-roms or internet sites.",feedback loop,18.0,1.337295690936107
"organize information for publication and for other means of dissemination, such as use in cd-roms or internet sites.",none,74.0,5.49777117384844
"organize information for publication and for other means of dissemination, such as use in cd-roms or internet sites.",not_classified,4.0,0.2971768202080238
"organize information for publication and for other means of dissemination, such as use in cd-roms or internet sites.",task iteration,100.0,7.429420505200595
"organize material and complete writing assignment according to set standards regarding order, clarity, conciseness, style, and terminology.",directive,1154.0,80.25034770514604
"organize material and complete writing assignment according to set standards regarding order, clarity, conciseness, style, and terminology.",learning,47.0,3.2684283727399164
"organize material and complete writing assignment according to set standards regarding order, clarity, conciseness, style, and terminology.",none,113.0,7.858136300417246
"organize material and complete writing assignment according to set standards regarding order, clarity, conciseness, style, and terminology.",not_classified,11.0,0.764951321279555
"organize material and complete writing assignment according to set standards regarding order, clarity, conciseness, style, and terminology.",task iteration,88.0,6.11961057023644
"organize material and complete writing assignment according to set standards regarding order, clarity, conciseness, style, and terminology.",validation,25.0,1.7385257301808066
"organize or work with detailed office or warehouse records, using computers to enter, access, search or retrieve data.",directive,23.0,100.0
organize public exhibits and displays to promote public awareness of diverse and distinctive cultural traditions.,directive,43.0,89.58333333333334
organize public exhibits and displays to promote public awareness of diverse and distinctive cultural traditions.,not_classified,5.0,10.416666666666668
"participate in all levels of bioproduct development, including proposing new products, performing market analyses, designing and performing experiments, and collaborating with operations and quality control teams during product launches.",directive,77.0,95.06172839506173
"participate in all levels of bioproduct development, including proposing new products, performing market analyses, designing and performing experiments, and collaborating with operations and quality control teams during product launches.",not_classified,4.0,4.938271604938271
"participate in online forums or conferences to stay abreast of online retailing trends, techniques, or security threats.",not_classified,20.0,100.0
"participate in research projects, conferences, or technical meetings.",directive,28.0,71.7948717948718
"participate in research projects, conferences, or technical meetings.",not_classified,11.0,28.205128205128204
"participate in student recruitment, registration, and placement activities.",directive,30.0,53.57142857142857
"participate in student recruitment, registration, and placement activities.",not_classified,26.0,46.42857142857143
"participate in the hiring process by reviewing credentials, conducting interviews, or making hiring decisions or recommendations.",directive,76.0,80.0
"participate in the hiring process by reviewing credentials, conducting interviews, or making hiring decisions or recommendations.",not_classified,19.0,20.0
participate in the work of subordinates to facilitate productivity or to overcome difficult aspects of work.,directive,211.0,67.84565916398714
participate in the work of subordinates to facilitate productivity or to overcome difficult aspects of work.,feedback loop,17.0,5.466237942122187
participate in the work of subordinates to facilitate productivity or to overcome difficult aspects of work.,learning,24.0,7.717041800643088
participate in the work of subordinates to facilitate productivity or to overcome difficult aspects of work.,none,24.0,7.717041800643088
participate in the work of subordinates to facilitate productivity or to overcome difficult aspects of work.,not_classified,14.0,4.501607717041801
participate in the work of subordinates to facilitate productivity or to overcome difficult aspects of work.,task iteration,21.0,6.752411575562702
"perform accounting and bookkeeping activities, such as invoicing, maintaining financial records, budgeting, and handling cash.",directive,18.0,75.0
"perform accounting and bookkeeping activities, such as invoicing, maintaining financial records, budgeting, and handling cash.",not_classified,6.0,25.0
perform administrative duties such as serving as department head.,directive,72.0,93.5064935064935
perform administrative duties such as serving as department head.,not_classified,5.0,6.493506493506493
"perform administrative duties, such as compiling and maintaining records, completing forms, preparing reports, or composing correspondence.",directive,27.0,81.81818181818183
"perform administrative duties, such as compiling and maintaining records, completing forms, preparing reports, or composing correspondence.",not_classified,6.0,18.181818181818183
"perform administrative duties, such as preparing sales budgets and reports, keeping sales records, and filing expense account reports.",directive,283.0,91.29032258064517
"perform administrative duties, such as preparing sales budgets and reports, keeping sales records, and filing expense account reports.",not_classified,27.0,8.709677419354838
"perform administrative or managerial functions, such as taking responsibility for a unit's staff, budget, planning, or long-range goals.",not_classified,15.0,100.0
"perform administrative tasks such as applying for grants, developing budgets, negotiating contracts, and designing and printing programs and other promotional materials.",directive,61.0,78.2051282051282
"perform administrative tasks such as applying for grants, developing budgets, negotiating contracts, and designing and printing programs and other promotional materials.",not_classified,17.0,21.794871794871796
"perform administrative tasks, such as accepting orders, scheduling appointments or meeting rooms, or sending and receiving faxes.",directive,27.0,67.5
"perform administrative tasks, such as accepting orders, scheduling appointments or meeting rooms, or sending and receiving faxes.",not_classified,13.0,32.5
"perform before live audiences, or in television, radio, or movie productions.",directive,20.0,29.411764705882355
"perform before live audiences, or in television, radio, or movie productions.",none,35.0,51.470588235294116
"perform before live audiences, or in television, radio, or movie productions.",not_classified,13.0,19.11764705882353
"perform clerical duties such as filing, typing, operating switchboards, and routing mail and messages.",directive,16.0,80.0
"perform clerical duties such as filing, typing, operating switchboards, and routing mail and messages.",not_classified,4.0,20.0
"perform clerical duties, such as scheduling appointments, collecting data, or documenting health insurance billings.",directive,35.0,94.5945945945946
"perform clerical duties, such as scheduling appointments, collecting data, or documenting health insurance billings.",not_classified,2.0,5.405405405405405
"perform complex calculations as part of the analysis and evaluation of data, using computers.",directive,152.0,75.62189054726367
"perform complex calculations as part of the analysis and evaluation of data, using computers.",not_classified,19.0,9.45273631840796
"perform complex calculations as part of the analysis and evaluation of data, using computers.",validation,30.0,14.925373134328357
"perform computer programming, data analysis, or software development for geographic information systems (gis) applications, including the maintenance of existing systems or research and development for future enhancements.",directive,15.0,46.875
"perform computer programming, data analysis, or software development for geographic information systems (gis) applications, including the maintenance of existing systems or research and development for future enhancements.",not_classified,17.0,53.125
"perform data entry and data retrieval services, providing data for inclusion in medical records and for transmission to physicians.",directive,82.0,94.25287356321839
"perform data entry and data retrieval services, providing data for inclusion in medical records and for transmission to physicians.",not_classified,5.0,5.747126436781609
"perform database verifications, using computers.",directive,61.0,48.41269841269841
"perform database verifications, using computers.",not_classified,27.0,21.428571428571427
"perform database verifications, using computers.",validation,38.0,30.158730158730158
"perform experiments and computer modeling to study the nature, structure, and physical and chemical properties of metals and their alloys, and their responses to applied forces.",directive,41.0,87.2340425531915
"perform experiments and computer modeling to study the nature, structure, and physical and chemical properties of metals and their alloys, and their responses to applied forces.",not_classified,6.0,12.76595744680851
"perform financial calculations, such as amounts due, interest charges, balances, discounts, equity, and principal.",directive,30.0,71.42857142857143
"perform financial calculations, such as amounts due, interest charges, balances, discounts, equity, and principal.",not_classified,12.0,28.57142857142857
"perform general administrative tasks, such as keeping records or writing reports.",not_classified,21.0,100.0
"perform geospatial data building, modeling, or analysis, using advanced spatial analysis, data manipulation, or cartography software.",directive,36.0,61.016949152542374
"perform geospatial data building, modeling, or analysis, using advanced spatial analysis, data manipulation, or cartography software.",not_classified,23.0,38.983050847457626
"perform initial debugging procedures by reviewing configuration files, logs, or code pieces to determine breakdown source.",directive,4412.0,42.45165014913884
"perform initial debugging procedures by reviewing configuration files, logs, or code pieces to determine breakdown source.",feedback loop,2540.0,24.439526604445298
"perform initial debugging procedures by reviewing configuration files, logs, or code pieces to determine breakdown source.",learning,893.0,8.592321755027422
"perform initial debugging procedures by reviewing configuration files, logs, or code pieces to determine breakdown source.",none,1692.0,16.28018858847301
"perform initial debugging procedures by reviewing configuration files, logs, or code pieces to determine breakdown source.",task iteration,224.0,2.1552968344077743
"perform initial debugging procedures by reviewing configuration files, logs, or code pieces to determine breakdown source.",validation,632.0,6.081016068507649
perform laboratory analyses or physical inspections of samples to detect disease or to assess purity or cleanliness.,directive,58.0,87.87878787878788
perform laboratory analyses or physical inspections of samples to detect disease or to assess purity or cleanliness.,not_classified,8.0,12.121212121212121
perform narration of productions or present announcements.,not_classified,17.0,100.0
perform needs assessments or consult with clients to determine the types of research and information required.,directive,36.0,87.8048780487805
perform needs assessments or consult with clients to determine the types of research and information required.,not_classified,5.0,12.195121951219512
"perform ongoing hardware and software maintenance operations, including installing or upgrading hardware or software.",directive,173.0,67.31517509727627
"perform ongoing hardware and software maintenance operations, including installing or upgrading hardware or software.",feedback loop,52.0,20.233463035019454
"perform ongoing hardware and software maintenance operations, including installing or upgrading hardware or software.",not_classified,32.0,12.45136186770428
"perform or direct revision, repair, or expansion of existing programs to increase operating efficiency or adapt to new requirements.",directive,4274.0,61.611647686319735
"perform or direct revision, repair, or expansion of existing programs to increase operating efficiency or adapt to new requirements.",feedback loop,1273.0,18.350872134928643
"perform or direct revision, repair, or expansion of existing programs to increase operating efficiency or adapt to new requirements.",learning,126.0,1.8163471241170535
"perform or direct revision, repair, or expansion of existing programs to increase operating efficiency or adapt to new requirements.",none,406.0,5.852674066599395
"perform or direct revision, repair, or expansion of existing programs to increase operating efficiency or adapt to new requirements.",task iteration,791.0,11.402623612512613
"perform or direct revision, repair, or expansion of existing programs to increase operating efficiency or adapt to new requirements.",validation,67.0,0.9658353755225603
"perform or evaluate research, such as detailed company or industry analyses, to inform financial forecasting, decision making, or valuation.",directive,243.0,84.96503496503497
"perform or evaluate research, such as detailed company or industry analyses, to inform financial forecasting, decision making, or valuation.",not_classified,43.0,15.034965034965033
"perform or interpret the outcomes of diagnostic imaging procedures including magnetic resonance imaging (mri), computer tomography (ct), positron emission tomography (pet), nuclear cardiology treadmill studies, mammography, or ultrasound.",directive,30.0,85.71428571428571
"perform or interpret the outcomes of diagnostic imaging procedures including magnetic resonance imaging (mri), computer tomography (ct), positron emission tomography (pet), nuclear cardiology treadmill studies, mammography, or ultrasound.",not_classified,5.0,14.285714285714285
"perform patient services, such as answering the telephone or assisting patients with financial or medical questions.",directive,24.0,66.66666666666666
"perform patient services, such as answering the telephone or assisting patients with financial or medical questions.",not_classified,12.0,33.33333333333333
"perform quality control audits to ensure accuracy, completeness, or proper usage of clinical systems and data.",directive,21.0,84.0
"perform quality control audits to ensure accuracy, completeness, or proper usage of clinical systems and data.",not_classified,4.0,16.0
perform risk analyses so that appropriate countermeasures can be developed.,directive,77.0,90.58823529411765
perform risk analyses so that appropriate countermeasures can be developed.,not_classified,8.0,9.411764705882353
perform risk assessments and execute tests of data processing system to ensure functioning of data processing activities and security measures.,directive,463.0,63.95027624309392
perform risk assessments and execute tests of data processing system to ensure functioning of data processing activities and security measures.,feedback loop,110.0,15.193370165745856
perform risk assessments and execute tests of data processing system to ensure functioning of data processing activities and security measures.,learning,31.0,4.281767955801105
perform risk assessments and execute tests of data processing system to ensure functioning of data processing activities and security measures.,none,63.0,8.701657458563536
perform risk assessments and execute tests of data processing system to ensure functioning of data processing activities and security measures.,task iteration,28.0,3.867403314917127
perform risk assessments and execute tests of data processing system to ensure functioning of data processing activities and security measures.,validation,29.0,4.005524861878453
"perform routine system administrative functions such as troubleshooting, back-ups, and upgrades.",directive,5991.0,51.161400512382585
"perform routine system administrative functions such as troubleshooting, back-ups, and upgrades.",feedback loop,1527.0,13.040136635354399
"perform routine system administrative functions such as troubleshooting, back-ups, and upgrades.",learning,553.0,4.722459436379163
"perform routine system administrative functions such as troubleshooting, back-ups, and upgrades.",none,3233.0,27.608881298035865
"perform routine system administrative functions such as troubleshooting, back-ups, and upgrades.",task iteration,139.0,1.1870196413321947
"perform routine system administrative functions such as troubleshooting, back-ups, and upgrades.",validation,267.0,2.2801024765157987
"perform searches for qualified job candidates, using sources such as computer databases, networking, internet recruiting resources, media advertisements, job fairs, recruiting firms, or employee referrals.",directive,282.0,72.1227621483376
"perform searches for qualified job candidates, using sources such as computer databases, networking, internet recruiting resources, media advertisements, job fairs, recruiting firms, or employee referrals.",none,96.0,24.55242966751918
"perform searches for qualified job candidates, using sources such as computer databases, networking, internet recruiting resources, media advertisements, job fairs, recruiting firms, or employee referrals.",not_classified,13.0,3.324808184143223
perform securities valuation or pricing.,not_classified,16.0,100.0
perform security analyses of developed or packaged software components.,directive,3254.0,42.68660632296996
perform security analyses of developed or packaged software components.,feedback loop,51.0,0.6690279417552145
perform security analyses of developed or packaged software components.,learning,37.0,0.4853732126459399
perform security analyses of developed or packaged software components.,none,3370.0,44.208316935589664
perform security analyses of developed or packaged software components.,task iteration,16.0,0.20989111898202809
perform security analyses of developed or packaged software components.,validation,895.0,11.740784468057196
"perform statistical analyses, such as social network pattern analysis, network modeling, discrete event simulation, agent-based modeling, statistical natural language processing, computational sociology, mathematical optimization, or systems dynamics.",directive,34.0,75.55555555555556
"perform statistical analyses, such as social network pattern analysis, network modeling, discrete event simulation, agent-based modeling, statistical natural language processing, computational sociology, mathematical optimization, or systems dynamics.",not_classified,11.0,24.444444444444443
"perform system analysis, data analysis or programming, using a variety of computer languages and procedures.",directive,880.0,55.94405594405595
"perform system analysis, data analysis or programming, using a variety of computer languages and procedures.",feedback loop,33.0,2.097902097902098
"perform system analysis, data analysis or programming, using a variety of computer languages and procedures.",learning,177.0,11.252383979656706
"perform system analysis, data analysis or programming, using a variety of computer languages and procedures.",none,447.0,28.417037507946596
"perform system analysis, data analysis or programming, using a variety of computer languages and procedures.",not_classified,14.0,0.8900190718372537
"perform system analysis, data analysis or programming, using a variety of computer languages and procedures.",validation,22.0,1.3986013986013985
perform systems analysis and programming tasks to maintain and control the use of computer systems software as a systems programmer.,directive,77.0,63.63636363636363
perform systems analysis and programming tasks to maintain and control the use of computer systems software as a systems programmer.,none,19.0,15.702479338842975
perform systems analysis and programming tasks to maintain and control the use of computer systems software as a systems programmer.,not_classified,25.0,20.66115702479339
"perform various administrative tasks, such as typing documents or answering telephone calls.",directive,25.0,75.75757575757575
"perform various administrative tasks, such as typing documents or answering telephone calls.",not_classified,8.0,24.242424242424242
"perform various data entry or word processing tasks, such as updating phone directories, typing or proofreading documents, or creating schedules.",directive,16.0,69.56521739130434
"perform various data entry or word processing tasks, such as updating phone directories, typing or proofreading documents, or creating schedules.",not_classified,7.0,30.434782608695656
photograph objects for documentation.,directive,67.0,94.36619718309859
photograph objects for documentation.,not_classified,4.0,5.633802816901409
"plan and conduct activities for a balanced program of instruction, demonstration, and work time that provides students with opportunities to observe, question, and investigate.",directive,37.0,53.62318840579711
"plan and conduct activities for a balanced program of instruction, demonstration, and work time that provides students with opportunities to observe, question, and investigate.",not_classified,32.0,46.3768115942029
"plan and conduct research to develop and test theories about societal issues such as crime, group relations, poverty, and aging.",directive,34.0,70.83333333333334
"plan and conduct research to develop and test theories about societal issues such as crime, group relations, poverty, and aging.",not_classified,14.0,29.166666666666668
plan and conduct special research projects in area of interest or expertise.,directive,64.0,73.5632183908046
plan and conduct special research projects in area of interest or expertise.,not_classified,23.0,26.436781609195403
plan and coordinate advertising campaigns and sales promotions and prepare merchandise displays and advertising copy.,directive,23.0,85.18518518518519
plan and coordinate advertising campaigns and sales promotions and prepare merchandise displays and advertising copy.,not_classified,4.0,14.814814814814813
plan and develop curricula and materials for training programs and conduct training.,directive,29.0,76.31578947368422
plan and develop curricula and materials for training programs and conduct training.,not_classified,9.0,23.684210526315788
"plan and develop instructional methods and content for educational, vocational, or student activity programs.",directive,36.0,56.25
"plan and develop instructional methods and content for educational, vocational, or student activity programs.",not_classified,28.0,43.75
plan and develop new products and production processes.,not_classified,16.0,100.0
"plan and develop programs, agendas, budgets, and services according to customer requirements.",directive,18.0,64.28571428571429
"plan and develop programs, agendas, budgets, and services according to customer requirements.",not_classified,10.0,35.714285714285715
plan and execute advertising policies and strategies for organizations.,directive,23.0,76.66666666666667
plan and execute advertising policies and strategies for organizations.,not_classified,7.0,23.333333333333332
plan and follow the most efficient routes for delivering goods.,directive,65.0,87.83783783783784
plan and follow the most efficient routes for delivering goods.,not_classified,9.0,12.162162162162163
plan and formulate flight activities and test schedules and prepare flight evaluation reports.,not_classified,15.0,100.0
plan and install upgrades of database management system software to enhance database performance.,directive,29.0,52.72727272727272
plan and install upgrades of database management system software to enhance database performance.,not_classified,26.0,47.27272727272727
"plan and organize the acquisition, storage, and exhibition of collections and related materials, including the selection of exhibition themes and designs, and develop or install exhibit materials.",directive,56.0,75.67567567567568
"plan and organize the acquisition, storage, and exhibition of collections and related materials, including the selection of exhibition themes and designs, and develop or install exhibit materials.",not_classified,3.0,4.054054054054054
"plan and organize the acquisition, storage, and exhibition of collections and related materials, including the selection of exhibition themes and designs, and develop or install exhibit materials.",task iteration,15.0,20.27027027027027
"plan and prepare advertising and promotional material to increase sales of products or services, working with customers, company officials, sales departments, and advertising agencies.",directive,435.0,83.33333333333334
"plan and prepare advertising and promotional material to increase sales of products or services, working with customers, company officials, sales departments, and advertising agencies.",not_classified,21.0,4.022988505747127
"plan and prepare advertising and promotional material to increase sales of products or services, working with customers, company officials, sales departments, and advertising agencies.",task iteration,66.0,12.643678160919542
plan and prepare audio-visual teaching aids and methods for use in school systems.,directive,15.0,100.0
"plan menus or diets or guide individuals or families in food selection, preparation, or menu planning, based upon nutritional needs and established guidelines.",directive,60.0,82.1917808219178
"plan menus or diets or guide individuals or families in food selection, preparation, or menu planning, based upon nutritional needs and established guidelines.",not_classified,13.0,17.80821917808219
"plan or adjust routes based on changing conditions, using computer equipment, global positioning systems (gps) equipment, or other navigation devices to minimize fuel consumption and carbon emissions.",directive,17.0,80.95238095238095
"plan or adjust routes based on changing conditions, using computer equipment, global positioning systems (gps) equipment, or other navigation devices to minimize fuel consumption and carbon emissions.",not_classified,4.0,19.047619047619047
"plan or conduct basic genomic and biological research related to areas such as regulation of gene expression, protein interactions, metabolic networks, and nucleic acid or protein complexes.",directive,19.0,73.07692307692307
"plan or conduct basic genomic and biological research related to areas such as regulation of gene expression, protein interactions, metabolic networks, and nucleic acid or protein complexes.",not_classified,7.0,26.923076923076923
"plan or conduct market or public opinion research to test products or determine potential for product success, communicating results to client or management.",directive,58.0,86.56716417910447
"plan or conduct market or public opinion research to test products or determine potential for product success, communicating results to client or management.",not_classified,9.0,13.432835820895523
"plan or design structures such as residences, office buildings, theatres, factories, or other structural properties in accordance with environmental, safety, or other regulations.",directive,21.0,84.0
"plan or design structures such as residences, office buildings, theatres, factories, or other structural properties in accordance with environmental, safety, or other regulations.",not_classified,4.0,16.0
"plan or develop research models, using knowledge of mathematical and statistical concepts.",directive,61.0,84.72222222222221
"plan or develop research models, using knowledge of mathematical and statistical concepts.",not_classified,11.0,15.277777777777779
"plan or direct development or communication of programs to maintain favorable public or stockholder perceptions of an organization's accomplishments, agenda, or environmental responsibility.",directive,159.0,96.36363636363636
"plan or direct development or communication of programs to maintain favorable public or stockholder perceptions of an organization's accomplishments, agenda, or environmental responsibility.",not_classified,6.0,3.6363636363636362
plan or direct research studies related to life sciences.,not_classified,16.0,100.0
plan or direct spa services and programs.,not_classified,16.0,100.0
plan parties or other special events and services.,directive,421.0,80.80614203454894
plan parties or other special events and services.,feedback loop,15.0,2.8790786948176583
plan parties or other special events and services.,none,40.0,7.677543186180421
plan parties or other special events and services.,not_classified,10.0,1.9193857965451053
plan parties or other special events and services.,task iteration,35.0,6.71785028790787
"plan pipe system layout, installation, or repair, according to specifications.",directive,17.0,100.0
"plan project arrangements or outlines, and organize material accordingly.",directive,34.0,89.47368421052632
"plan project arrangements or outlines, and organize material accordingly.",not_classified,4.0,10.526315789473683
"plan special events, parties, or meetings, which may include booking musicians or celebrities.",directive,15.0,68.18181818181817
"plan special events, parties, or meetings, which may include booking musicians or celebrities.",not_classified,7.0,31.818181818181817
"plan study of work problems and procedures, such as organizational change, communications, information flow, integrated production methods, inventory control, or cost analysis.",directive,15.0,78.94736842105263
"plan study of work problems and procedures, such as organizational change, communications, information flow, integrated production methods, inventory control, or cost analysis.",not_classified,4.0,21.052631578947366
"plan tour itineraries, applying knowledge of travel routes and destination sites.",directive,76.0,75.24752475247524
"plan tour itineraries, applying knowledge of travel routes and destination sites.",not_classified,8.0,7.920792079207921
"plan tour itineraries, applying knowledge of travel routes and destination sites.",task iteration,17.0,16.831683168316832
"plan, assemble, and stock product displays in retail stores, or make recommendations to retailers regarding product displays, promotional programs, and advertising.",directive,22.0,95.65217391304348
"plan, assemble, and stock product displays in retail stores, or make recommendations to retailers regarding product displays, promotional programs, and advertising.",not_classified,1.0,4.3478260869565215
"plan, coordinate and implement security measures to safeguard information in computer files against accidental or unauthorized damage, modification or disclosure.",directive,54.0,52.42718446601942
"plan, coordinate and implement security measures to safeguard information in computer files against accidental or unauthorized damage, modification or disclosure.",feedback loop,15.0,14.563106796116504
"plan, coordinate and implement security measures to safeguard information in computer files against accidental or unauthorized damage, modification or disclosure.",none,19.0,18.446601941747574
"plan, coordinate and implement security measures to safeguard information in computer files against accidental or unauthorized damage, modification or disclosure.",not_classified,15.0,14.563106796116504
"plan, coordinate, and implement network security measures to protect data, software, and hardware.",directive,72.0,53.333333333333336
"plan, coordinate, and implement network security measures to protect data, software, and hardware.",feedback loop,22.0,16.296296296296298
"plan, coordinate, and implement network security measures to protect data, software, and hardware.",none,18.0,13.333333333333334
"plan, coordinate, and implement network security measures to protect data, software, and hardware.",not_classified,23.0,17.037037037037038
"plan, describe, arrange, and sell itinerary tour packages and promotional travel incentives offered by various travel carriers.",directive,156.0,78.39195979899498
"plan, describe, arrange, and sell itinerary tour packages and promotional travel incentives offered by various travel carriers.",not_classified,21.0,10.552763819095476
"plan, describe, arrange, and sell itinerary tour packages and promotional travel incentives offered by various travel carriers.",task iteration,22.0,11.055276381909549
"plan, develop, and provide training and staff development programs, using knowledge of the effectiveness of methods such as classroom training, demonstrations, on-the-job training, meetings, conferences, and workshops.",directive,44.0,42.71844660194174
"plan, develop, and provide training and staff development programs, using knowledge of the effectiveness of methods such as classroom training, demonstrations, on-the-job training, meetings, conferences, and workshops.",learning,16.0,15.53398058252427
"plan, develop, and provide training and staff development programs, using knowledge of the effectiveness of methods such as classroom training, demonstrations, on-the-job training, meetings, conferences, and workshops.",none,16.0,15.53398058252427
"plan, develop, and provide training and staff development programs, using knowledge of the effectiveness of methods such as classroom training, demonstrations, on-the-job training, meetings, conferences, and workshops.",not_classified,5.0,4.854368932038835
"plan, develop, and provide training and staff development programs, using knowledge of the effectiveness of methods such as classroom training, demonstrations, on-the-job training, meetings, conferences, and workshops.",task iteration,22.0,21.35922330097087
"plan, develop, maintain, or operate a variety of health record indexes or storage and retrieval systems to collect, classify, store, or analyze information.",directive,29.0,72.5
"plan, develop, maintain, or operate a variety of health record indexes or storage and retrieval systems to collect, classify, store, or analyze information.",not_classified,11.0,27.500000000000004
"plan, direct, and coordinate risk and insurance programs of establishments to control risks and losses.",directive,20.0,74.07407407407408
"plan, direct, and coordinate risk and insurance programs of establishments to control risks and losses.",not_classified,7.0,25.925925925925924
"plan, direct, and participate in recruitment and enrollment activities.",directive,26.0,48.148148148148145
"plan, direct, and participate in recruitment and enrollment activities.",not_classified,28.0,51.85185185185185
"plan, direct, or supervise the food preparation or cooking activities of multiple kitchens or restaurants in an establishment such as a restaurant chain, hospital, or hotel.",directive,26.0,86.66666666666667
"plan, direct, or supervise the food preparation or cooking activities of multiple kitchens or restaurants in an establishment such as a restaurant chain, hospital, or hotel.",not_classified,4.0,13.333333333333334
"plan, evaluate, and revise curricula, course content, and course materials and methods of instruction.",directive,53.0,63.095238095238095
"plan, evaluate, and revise curricula, course content, and course materials and methods of instruction.",not_classified,12.0,14.285714285714285
"plan, evaluate, and revise curricula, course content, and course materials and methods of instruction.",task iteration,19.0,22.61904761904762
"plan, evaluate, and revise curricula, course content, course materials, and methods of instruction.",directive,44.0,61.111111111111114
"plan, evaluate, and revise curricula, course content, course materials, and methods of instruction.",not_classified,10.0,13.88888888888889
"plan, evaluate, and revise curricula, course content, course materials, and methods of instruction.",task iteration,18.0,25.0
"plan, implement and administer programs and services in a health care or medical facility, including personnel administration, training, and coordination of medical, nursing and physical plant staff.",directive,22.0,81.48148148148148
"plan, implement and administer programs and services in a health care or medical facility, including personnel administration, training, and coordination of medical, nursing and physical plant staff.",not_classified,5.0,18.51851851851852
"plan, organize, or direct activities concerned with the construction or maintenance of structures, facilities, or systems.",directive,30.0,68.18181818181817
"plan, organize, or direct activities concerned with the construction or maintenance of structures, facilities, or systems.",not_classified,14.0,31.818181818181817
"plan, organize, or lead structured programs of counseling, work, study, recreation, or social activities for clients.",not_classified,18.0,100.0
"plan, prepare, and develop various teaching aids such as bibliographies, charts, and graphs.",directive,17.0,89.47368421052632
"plan, prepare, and develop various teaching aids such as bibliographies, charts, and graphs.",not_classified,2.0,10.526315789473683
"plan, schedule, and coordinate general maintenance, major repairs, and remodeling or construction projects for commercial or residential properties.",directive,17.0,77.27272727272727
"plan, schedule, and coordinate general maintenance, major repairs, and remodeling or construction projects for commercial or residential properties.",not_classified,5.0,22.727272727272727
"plan, supervise, and conduct psychological research and write papers describing research results.",directive,24.0,52.17391304347826
"plan, supervise, and conduct psychological research and write papers describing research results.",not_classified,22.0,47.82608695652174
"position text and art elements from a variety of databases in a visually appealing way to design print or web pages, using knowledge of type styles and size and layout patterns.",directive,151.0,66.22807017543859
"position text and art elements from a variety of databases in a visually appealing way to design print or web pages, using knowledge of type styles and size and layout patterns.",not_classified,11.0,4.824561403508771
"position text and art elements from a variety of databases in a visually appealing way to design print or web pages, using knowledge of type styles and size and layout patterns.",task iteration,66.0,28.947368421052634
"predict future gang, organized crime, or terrorist activity, using analyses of intelligence data.",not_classified,20.0,100.0
"prepare activity reports to inform management of the status and implementation plans of programs, services, and quality initiatives.",directive,33.0,89.1891891891892
"prepare activity reports to inform management of the status and implementation plans of programs, services, and quality initiatives.",not_classified,4.0,10.81081081081081
prepare all materials for transactions or execution of deals.,directive,21.0,80.76923076923077
prepare all materials for transactions or execution of deals.,not_classified,5.0,19.230769230769234
"prepare and administer written, oral, and performance tests and issue grades in accordance with performance.",not_classified,15.0,100.0
"prepare and administer written, oral, and performance tests, and issue grades in accordance with performance.",directive,21.0,75.0
"prepare and administer written, oral, and performance tests, and issue grades in accordance with performance.",not_classified,7.0,25.0
"prepare and deliver lectures to undergraduate or graduate students and the community on topics such as ethics, logic, and contemporary religious thought.",directive,19.0,26.38888888888889
"prepare and deliver lectures to undergraduate or graduate students and the community on topics such as ethics, logic, and contemporary religious thought.",learning,40.0,55.55555555555556
"prepare and deliver lectures to undergraduate or graduate students and the community on topics such as ethics, logic, and contemporary religious thought.",not_classified,13.0,18.055555555555554
"prepare and deliver lectures to undergraduate or graduate students on topics such as abnormal psychology, cognitive processes, and work motivation.",directive,26.0,33.33333333333333
"prepare and deliver lectures to undergraduate or graduate students on topics such as abnormal psychology, cognitive processes, and work motivation.",learning,51.0,65.38461538461539
"prepare and deliver lectures to undergraduate or graduate students on topics such as abnormal psychology, cognitive processes, and work motivation.",not_classified,1.0,1.282051282051282
"prepare and deliver lectures to undergraduate or graduate students on topics such as anatomy, therapeutic recreation, and conditioning theory.",directive,32.0,39.50617283950617
"prepare and deliver lectures to undergraduate or graduate students on topics such as anatomy, therapeutic recreation, and conditioning theory.",learning,45.0,55.55555555555556
"prepare and deliver lectures to undergraduate or graduate students on topics such as anatomy, therapeutic recreation, and conditioning theory.",not_classified,4.0,4.938271604938271
"prepare and deliver lectures to undergraduate or graduate students on topics such as children's literature, learning and development, and reading instruction.",not_classified,24.0,100.0
"prepare and deliver lectures to undergraduate or graduate students on topics such as family behavior, child and adolescent mental health, and social intervention evaluation.",directive,28.0,45.90163934426229
"prepare and deliver lectures to undergraduate or graduate students on topics such as family behavior, child and adolescent mental health, and social intervention evaluation.",learning,26.0,42.62295081967213
"prepare and deliver lectures to undergraduate or graduate students on topics such as family behavior, child and adolescent mental health, and social intervention evaluation.",not_classified,7.0,11.475409836065573
prepare and deliver lectures to undergraduate or graduate students on topics such as how to speak and write a foreign language and the cultural aspects of areas where a particular language is used.,directive,658.0,44.10187667560322
prepare and deliver lectures to undergraduate or graduate students on topics such as how to speak and write a foreign language and the cultural aspects of areas where a particular language is used.,learning,537.0,35.99195710455764
prepare and deliver lectures to undergraduate or graduate students on topics such as how to speak and write a foreign language and the cultural aspects of areas where a particular language is used.,none,164.0,10.991957104557642
prepare and deliver lectures to undergraduate or graduate students on topics such as how to speak and write a foreign language and the cultural aspects of areas where a particular language is used.,not_classified,13.0,0.871313672922252
prepare and deliver lectures to undergraduate or graduate students on topics such as how to speak and write a foreign language and the cultural aspects of areas where a particular language is used.,task iteration,48.0,3.2171581769436997
prepare and deliver lectures to undergraduate or graduate students on topics such as how to speak and write a foreign language and the cultural aspects of areas where a particular language is used.,validation,72.0,4.825737265415549
"prepare and deliver lectures to undergraduate or graduate students on topics such as mechanics, hydraulics, and robotics.",directive,22.0,33.33333333333333
"prepare and deliver lectures to undergraduate or graduate students on topics such as mechanics, hydraulics, and robotics.",learning,32.0,48.484848484848484
"prepare and deliver lectures to undergraduate or graduate students on topics such as mechanics, hydraulics, and robotics.",not_classified,12.0,18.181818181818183
"prepare and deliver lectures to undergraduate or graduate students on topics such as organic chemistry, analytical chemistry, and chemical separation.",directive,20.0,48.78048780487805
"prepare and deliver lectures to undergraduate or graduate students on topics such as organic chemistry, analytical chemistry, and chemical separation.",learning,16.0,39.02439024390244
"prepare and deliver lectures to undergraduate or graduate students on topics such as organic chemistry, analytical chemistry, and chemical separation.",not_classified,5.0,12.195121951219512
"prepare and deliver lectures to undergraduate or graduate students on topics such as poetry, novel structure, and translation and adaptation.",directive,28.0,59.57446808510638
"prepare and deliver lectures to undergraduate or graduate students on topics such as poetry, novel structure, and translation and adaptation.",learning,16.0,34.04255319148936
"prepare and deliver lectures to undergraduate or graduate students on topics such as poetry, novel structure, and translation and adaptation.",not_classified,3.0,6.382978723404255
"prepare and deliver lectures to undergraduate or graduate students on topics such as quantum mechanics, particle physics, and optics.",directive,20.0,50.0
"prepare and deliver lectures to undergraduate or graduate students on topics such as quantum mechanics, particle physics, and optics.",not_classified,20.0,50.0
prepare and deliver sales presentations to new and existing customers to sell new advertising programs and to protect and increase existing advertising.,directive,20.0,86.95652173913044
prepare and deliver sales presentations to new and existing customers to sell new advertising programs and to protect and increase existing advertising.,not_classified,3.0,13.043478260869565
prepare and deliver sermons or other talks.,directive,23.0,53.48837209302325
prepare and deliver sermons or other talks.,not_classified,2.0,4.651162790697675
prepare and deliver sermons or other talks.,task iteration,18.0,41.86046511627907
prepare and deliver technical presentations that explain products or services to customers and prospective customers.,directive,17.0,100.0
"prepare and distribute health education materials, such as reports, bulletins, and visual aids, to address smoking, vaccines, and other public health concerns.",directive,26.0,89.65517241379311
"prepare and distribute health education materials, such as reports, bulletins, and visual aids, to address smoking, vaccines, and other public health concerns.",not_classified,3.0,10.344827586206897
"prepare and draft legal documents, such as wills, deeds, patent applications, mortgages, leases, and contracts.",not_classified,17.0,100.0
"prepare and maintain a directory of suppliers, contractors and subcontractors.",directive,27.0,93.10344827586206
"prepare and maintain a directory of suppliers, contractors and subcontractors.",not_classified,2.0,6.896551724137931
"prepare and maintain records and reports of inventories, price lists, shortages, shipments, expenditures, and goods used or issued.",directive,15.0,93.75
"prepare and maintain records and reports of inventories, price lists, shortages, shipments, expenditures, and goods used or issued.",not_classified,1.0,6.25
"prepare and present summaries and analyses of survey data, including tables, graphs, and fact sheets that describe survey techniques and results.",directive,472.0,90.94412331406551
"prepare and present summaries and analyses of survey data, including tables, graphs, and fact sheets that describe survey techniques and results.",none,28.0,5.394990366088632
"prepare and present summaries and analyses of survey data, including tables, graphs, and fact sheets that describe survey techniques and results.",not_classified,19.0,3.6608863198458574
"prepare and process import and export documentation according to customs regulations, laws, or procedures.",directive,29.0,85.29411764705883
"prepare and process import and export documentation according to customs regulations, laws, or procedures.",not_classified,5.0,14.705882352941178
prepare and review operational reports or project progress reports.,directive,17.0,94.44444444444444
prepare and review operational reports or project progress reports.,not_classified,1.0,5.555555555555555
"prepare applications and forms for applicants for such purposes as school enrollment, employment, and medical services.",directive,19.0,67.85714285714286
"prepare applications and forms for applicants for such purposes as school enrollment, employment, and medical services.",not_classified,9.0,32.142857142857146
prepare appropriate formatting to data sets as requested.,directive,2911.0,85.01752336448598
prepare appropriate formatting to data sets as requested.,feedback loop,19.0,0.5549065420560747
prepare appropriate formatting to data sets as requested.,learning,28.0,0.8177570093457943
prepare appropriate formatting to data sets as requested.,none,390.0,11.39018691588785
prepare appropriate formatting to data sets as requested.,task iteration,53.0,1.5478971962616823
prepare appropriate formatting to data sets as requested.,validation,23.0,0.6717289719626168
"prepare archival records, such as document descriptions, to allow easy access to information.",directive,66.0,90.41095890410958
"prepare archival records, such as document descriptions, to allow easy access to information.",not_classified,7.0,9.58904109589041
prepare articles for publication or presentation at professional conferences.,directive,18.0,81.81818181818183
prepare articles for publication or presentation at professional conferences.,not_classified,4.0,18.181818181818183
prepare collections of preserved specimens or microscopic slides for species identification and study of development or disease.,directive,25.0,92.5925925925926
prepare collections of preserved specimens or microscopic slides for species identification and study of development or disease.,not_classified,2.0,7.4074074074074066
prepare comprehensive interpretive reports of findings.,directive,114.0,79.72027972027972
prepare comprehensive interpretive reports of findings.,not_classified,29.0,20.27972027972028
prepare contract documents for building contractors.,directive,24.0,88.88888888888889
prepare contract documents for building contractors.,not_classified,3.0,11.11111111111111
prepare copy and edit tape so that material is ready for broadcasting.,not_classified,18.0,100.0
prepare cost estimates for clients.,directive,28.0,75.67567567567568
prepare cost estimates for clients.,not_classified,9.0,24.324324324324326
"prepare cost estimates, contracts, bidding documents, and technical reports for specific projects under an architect's supervision.",directive,26.0,86.66666666666667
"prepare cost estimates, contracts, bidding documents, and technical reports for specific projects under an architect's supervision.",not_classified,4.0,13.333333333333334
"prepare data analysis listings and activity, performance, or progress reports.",directive,668.0,83.08457711442786
"prepare data analysis listings and activity, performance, or progress reports.",none,106.0,13.184079601990051
"prepare data analysis listings and activity, performance, or progress reports.",not_classified,30.0,3.731343283582089
"prepare data for processing by organizing information, checking for any inaccuracies, and adjusting and weighting the raw data.",directive,4637.0,89.81212473368197
"prepare data for processing by organizing information, checking for any inaccuracies, and adjusting and weighting the raw data.",feedback loop,17.0,0.3292659306604687
"prepare data for processing by organizing information, checking for any inaccuracies, and adjusting and weighting the raw data.",learning,16.0,0.30989734650397055
"prepare data for processing by organizing information, checking for any inaccuracies, and adjusting and weighting the raw data.",none,415.0,8.037962424946736
"prepare data for processing by organizing information, checking for any inaccuracies, and adjusting and weighting the raw data.",task iteration,28.0,0.5423203563819484
"prepare data for processing by organizing information, checking for any inaccuracies, and adjusting and weighting the raw data.",validation,50.0,0.9684292078249079
prepare design presentations and proposals for staff or customers.,directive,16.0,72.72727272727273
prepare design presentations and proposals for staff or customers.,not_classified,6.0,27.27272727272727
"prepare detailed network specifications, including diagrams, charts, equipment configurations, or recommended technologies.",directive,18.0,72.0
"prepare detailed network specifications, including diagrams, charts, equipment configurations, or recommended technologies.",not_classified,7.0,28.000000000000004
prepare detailed reports on audit findings.,not_classified,18.0,100.0
"prepare detailed workflow charts and diagrams that describe input, output, and logical operation, and convert them into a series of instructions coded in a computer language.",directive,205.0,81.67330677290838
"prepare detailed workflow charts and diagrams that describe input, output, and logical operation, and convert them into a series of instructions coded in a computer language.",not_classified,22.0,8.764940239043826
"prepare detailed workflow charts and diagrams that describe input, output, and logical operation, and convert them into a series of instructions coded in a computer language.",task iteration,24.0,9.56175298804781
prepare diagnostic and treatment records.,directive,29.0,93.54838709677419
prepare diagnostic and treatment records.,not_classified,2.0,6.451612903225806
prepare diagnostic or treatment reports for other medical practitioners or therapists.,directive,22.0,91.66666666666666
prepare diagnostic or treatment reports for other medical practitioners or therapists.,not_classified,2.0,8.333333333333332
"prepare documentation or presentations, including charts, photos, or graphs.",directive,62.0,82.66666666666667
"prepare documentation or presentations, including charts, photos, or graphs.",not_classified,13.0,17.333333333333336
prepare documents needed to implement plans selected by clients.,directive,22.0,81.48148148148148
prepare documents needed to implement plans selected by clients.,not_classified,5.0,18.51851851851852
"prepare documents, such as invoices or warranties.",directive,37.0,78.72340425531915
"prepare documents, such as invoices or warranties.",not_classified,10.0,21.27659574468085
"prepare evaluations of software or hardware, and recommend improvements or upgrades.",directive,29.0,63.04347826086957
"prepare evaluations of software or hardware, and recommend improvements or upgrades.",not_classified,17.0,36.95652173913043
prepare financial reports to monitor client or corporate finances.,directive,25.0,83.33333333333334
prepare financial reports to monitor client or corporate finances.,not_classified,5.0,16.666666666666664
"prepare financial reports, such as reviews of portfolio positions.",directive,44.0,89.79591836734694
"prepare financial reports, such as reviews of portfolio positions.",not_classified,5.0,10.204081632653061
prepare forms or agreements to complete sales.,directive,27.0,79.41176470588235
prepare forms or agreements to complete sales.,not_classified,7.0,20.588235294117645
prepare functional or technical documentation for data warehouses.,directive,22.0,62.857142857142854
prepare functional or technical documentation for data warehouses.,not_classified,13.0,37.142857142857146
"prepare government or organizational reports on birth, death, and disease statistics, workforce evaluations, or the medical status of individuals.",directive,28.0,90.32258064516128
"prepare government or organizational reports on birth, death, and disease statistics, workforce evaluations, or the medical status of individuals.",not_classified,3.0,9.67741935483871
"prepare information regarding design, structure specifications, materials, color, equipment, estimated costs, or construction time.",directive,23.0,88.46153846153845
"prepare information regarding design, structure specifications, materials, color, equipment, estimated costs, or construction time.",not_classified,3.0,11.538461538461538
"prepare instructional program objectives, outlines, and lesson plans.",not_classified,17.0,100.0
prepare insurance claim forms or related documents and review them for completeness.,directive,16.0,94.11764705882352
prepare insurance claim forms or related documents and review them for completeness.,not_classified,1.0,5.88235294117647
"prepare invoices, reports, memos, letters, financial statements, and other documents, using word processing, spreadsheet, database, or presentation software.",directive,81.0,76.41509433962264
"prepare invoices, reports, memos, letters, financial statements, and other documents, using word processing, spreadsheet, database, or presentation software.",not_classified,25.0,23.58490566037736
"prepare itemized statements, bills, or invoices and record amounts due for items purchased or services rendered.",directive,193.0,64.33333333333333
"prepare itemized statements, bills, or invoices and record amounts due for items purchased or services rendered.",feedback loop,61.0,20.333333333333332
"prepare itemized statements, bills, or invoices and record amounts due for items purchased or services rendered.",not_classified,30.0,10.0
"prepare itemized statements, bills, or invoices and record amounts due for items purchased or services rendered.",validation,16.0,5.333333333333334
"prepare legal briefs and opinions, and file appeals in state and federal courts of appeal.",not_classified,18.0,100.0
prepare management reports defining and evaluating problems and recommending solutions.,directive,254.0,82.46753246753246
prepare management reports defining and evaluating problems and recommending solutions.,not_classified,25.0,8.116883116883116
prepare management reports defining and evaluating problems and recommending solutions.,task iteration,29.0,9.415584415584416
prepare meeting agendas or packets of related information.,directive,34.0,91.8918918918919
prepare meeting agendas or packets of related information.,not_classified,3.0,8.108108108108109
"prepare meeting agendas, attend meetings, and record and transcribe minutes.",directive,58.0,93.54838709677419
"prepare meeting agendas, attend meetings, and record and transcribe minutes.",not_classified,4.0,6.451612903225806
prepare merchandise for purchase or rental.,directive,23.0,95.83333333333334
prepare merchandise for purchase or rental.,not_classified,1.0,4.166666666666666
"prepare objectives, outlines, or other materials for courses of study following curriculum guidelines or school or state requirements.",directive,20.0,83.33333333333334
"prepare objectives, outlines, or other materials for courses of study following curriculum guidelines or school or state requirements.",not_classified,4.0,16.666666666666664
"prepare objectives, outlines, or other materials for courses of study, following curriculum guidelines or requirements.",directive,17.0,85.0
"prepare objectives, outlines, or other materials for courses of study, following curriculum guidelines or requirements.",not_classified,3.0,15.0
prepare operational or risk reports for management analysis.,directive,15.0,100.0
prepare or alter presentation contents to target specific audiences.,directive,21.0,87.5
prepare or alter presentation contents to target specific audiences.,not_classified,3.0,12.5
prepare or calibrate equipment used to collect or analyze samples.,directive,16.0,84.21052631578947
prepare or calibrate equipment used to collect or analyze samples.,not_classified,3.0,15.789473684210526
"prepare or direct preparation of correspondence, reports, and operations, maintenance, and safety manuals.",directive,28.0,62.22222222222222
"prepare or direct preparation of correspondence, reports, and operations, maintenance, and safety manuals.",not_classified,2.0,4.444444444444445
"prepare or direct preparation of correspondence, reports, and operations, maintenance, and safety manuals.",task iteration,15.0,33.33333333333333
"prepare or direct preparation of financial statements, business activity reports, financial position forecasts, annual budgets, or reports required by regulatory agencies.",directive,19.0,79.16666666666666
"prepare or direct preparation of financial statements, business activity reports, financial position forecasts, annual budgets, or reports required by regulatory agencies.",not_classified,5.0,20.833333333333336
"prepare or edit organizational publications, such as employee newsletters or stockholders' reports, for internal or external audiences.",directive,146.0,77.24867724867724
"prepare or edit organizational publications, such as employee newsletters or stockholders' reports, for internal or external audiences.",not_classified,9.0,4.761904761904762
"prepare or edit organizational publications, such as employee newsletters or stockholders' reports, for internal or external audiences.",task iteration,34.0,17.989417989417987
"prepare or interpret for clients information such as investment performance reports, financial document summaries, or income projections.",directive,112.0,95.72649572649573
"prepare or interpret for clients information such as investment performance reports, financial document summaries, or income projections.",not_classified,5.0,4.273504273504273
"prepare or maintain design, testing, or operational records and documentation.",directive,28.0,87.5
"prepare or maintain design, testing, or operational records and documentation.",not_classified,4.0,12.5
"prepare or monitor project schedules, budgets, or cost control systems.",not_classified,15.0,100.0
"prepare or organize online storefront marketing material, including product descriptions or subject lines, optimizing content to search engine criteria.",directive,71.0,94.66666666666667
"prepare or organize online storefront marketing material, including product descriptions or subject lines, optimizing content to search engine criteria.",not_classified,4.0,5.333333333333334
prepare or present technical or project status reports.,directive,34.0,70.83333333333334
prepare or present technical or project status reports.,not_classified,14.0,29.166666666666668
prepare or review engineering studies or specifications.,directive,29.0,60.416666666666664
prepare or review engineering studies or specifications.,not_classified,19.0,39.58333333333333
"prepare or serve menu items, such as sandwiches or salads.",not_classified,15.0,100.0
prepare or validate documentation on automated logistics or maintenance-data reporting or management information systems.,directive,24.0,100.0
"prepare patient, sterilize or disinfect instruments, set up instrument trays, prepare materials, or assist dentist during dental procedures.",directive,30.0,88.23529411764706
"prepare patient, sterilize or disinfect instruments, set up instrument trays, prepare materials, or assist dentist during dental procedures.",not_classified,4.0,11.76470588235294
prepare project reports and other program or technical documentation.,directive,37.0,80.43478260869566
prepare project reports and other program or technical documentation.,not_classified,9.0,19.565217391304348
"prepare project status reports by collecting, analyzing, and summarizing information and trends.",directive,176.0,84.21052631578947
"prepare project status reports by collecting, analyzing, and summarizing information and trends.",not_classified,33.0,15.789473684210526
prepare publications and reports containing research findings.,directive,34.0,77.27272727272727
prepare publications and reports containing research findings.,not_classified,10.0,22.727272727272727
prepare reports and document project activities and data.,directive,1153.0,87.74733637747336
prepare reports and document project activities and data.,none,105.0,7.9908675799086755
prepare reports and document project activities and data.,not_classified,15.0,1.141552511415525
prepare reports and document project activities and data.,task iteration,15.0,1.141552511415525
prepare reports and document project activities and data.,validation,26.0,1.97869101978691
"prepare reports of activities, evaluations, recommendations, or decisions.",directive,135.0,80.83832335329342
"prepare reports of activities, evaluations, recommendations, or decisions.",none,17.0,10.179640718562874
"prepare reports of activities, evaluations, recommendations, or decisions.",not_classified,15.0,8.982035928143713
"prepare reports of findings, illustrating data graphically and translating complex findings into written text.",directive,140.0,76.50273224043715
"prepare reports of findings, illustrating data graphically and translating complex findings into written text.",not_classified,43.0,23.497267759562842
"prepare reports on activity, personnel, and information such as occupancy, hours worked, facility usage, work performed, and departmental expenses.",directive,32.0,100.0
prepare reports on logistics performance measures.,directive,19.0,90.47619047619048
prepare reports on logistics performance measures.,not_classified,2.0,9.523809523809524
prepare reports on non-destructive testing (ndt) results.,directive,23.0,69.6969696969697
prepare reports on non-destructive testing (ndt) results.,not_classified,10.0,30.303030303030305
"prepare reports or correspondence concerning project specifications, activities, or status.",directive,70.0,82.35294117647058
"prepare reports or correspondence concerning project specifications, activities, or status.",not_classified,15.0,17.647058823529413
"prepare reports or recommendations, based upon research outcomes.",directive,553.0,81.20411160058737
"prepare reports or recommendations, based upon research outcomes.",learning,25.0,3.671071953010279
"prepare reports or recommendations, based upon research outcomes.",none,30.0,4.405286343612335
"prepare reports or recommendations, based upon research outcomes.",not_classified,6.0,0.881057268722467
"prepare reports or recommendations, based upon research outcomes.",task iteration,23.0,3.3773861967694567
"prepare reports or recommendations, based upon research outcomes.",validation,44.0,6.4610866372980915
"prepare reports outlining past and future programs, including content.",directive,41.0,89.13043478260869
"prepare reports outlining past and future programs, including content.",not_classified,5.0,10.869565217391305
prepare reports regarding market conditions and merchandise costs.,directive,43.0,78.18181818181819
prepare reports regarding market conditions and merchandise costs.,not_classified,12.0,21.818181818181817
"prepare reports summarizing operational results, financial performance, or accomplishments of specified objectives, goals, or plans.",directive,31.0,83.78378378378379
"prepare reports summarizing operational results, financial performance, or accomplishments of specified objectives, goals, or plans.",not_classified,6.0,16.216216216216218
prepare reports to be submitted to company's data processing department.,directive,18.0,81.81818181818183
prepare reports to be submitted to company's data processing department.,not_classified,4.0,18.181818181818183
prepare reports to document patients' care activities.,directive,48.0,96.0
prepare reports to document patients' care activities.,not_classified,2.0,4.0
"prepare reports, deliver presentations, or participate in program review activities to communicate engineering results or recommendations.",directive,68.0,88.31168831168831
"prepare reports, deliver presentations, or participate in program review activities to communicate engineering results or recommendations.",not_classified,9.0,11.688311688311687
"prepare reports, manuscripts, and meeting presentations.",directive,157.0,79.69543147208121
"prepare reports, manuscripts, and meeting presentations.",not_classified,40.0,20.304568527918782
"prepare reports, manuscripts, proposals, and technical manuals for use by other scientists and requestors, such as sponsors and customers.",directive,1354.0,85.37200504413619
"prepare reports, manuscripts, proposals, and technical manuals for use by other scientists and requestors, such as sponsors and customers.",learning,35.0,2.2068095838587642
"prepare reports, manuscripts, proposals, and technical manuals for use by other scientists and requestors, such as sponsors and customers.",none,79.0,4.981084489281211
"prepare reports, manuscripts, proposals, and technical manuals for use by other scientists and requestors, such as sponsors and customers.",not_classified,8.0,0.5044136191677175
"prepare reports, manuscripts, proposals, and technical manuals for use by other scientists and requestors, such as sponsors and customers.",task iteration,47.0,2.9634300126103406
"prepare reports, manuscripts, proposals, and technical manuals for use by other scientists and requestors, such as sponsors and customers.",validation,63.0,3.9722572509457756
prepare requests for proposals or statements of work.,directive,19.0,100.0
prepare requirements documentation for use by software developers.,directive,18.0,81.81818181818183
prepare requirements documentation for use by software developers.,not_classified,4.0,18.181818181818183
"prepare research results for publication in form of journals, books, manuals, and film.",directive,27.0,72.97297297297297
"prepare research results for publication in form of journals, books, manuals, and film.",not_classified,10.0,27.027027027027028
prepare responses to correspondence containing routine inquiries.,directive,191.0,78.92561983471074
prepare responses to correspondence containing routine inquiries.,none,23.0,9.50413223140496
prepare responses to correspondence containing routine inquiries.,not_classified,13.0,5.371900826446281
prepare responses to correspondence containing routine inquiries.,task iteration,15.0,6.198347107438017
prepare results of experimental findings for presentation at professional conferences or in scientific journals.,directive,46.0,85.18518518518519
prepare results of experimental findings for presentation at professional conferences or in scientific journals.,not_classified,8.0,14.814814814814813
prepare sales contracts and order forms.,directive,23.0,95.83333333333334
prepare sales contracts and order forms.,not_classified,1.0,4.166666666666666
prepare sales presentations or proposals to explain product specifications or applications.,directive,252.0,90.64748201438849
prepare sales presentations or proposals to explain product specifications or applications.,not_classified,26.0,9.352517985611511
"prepare specifications, designs, or sketches for machines, components, or systems related to the generation, transmission, or use of mechanical or fluid energy.",directive,15.0,68.18181818181817
"prepare specifications, designs, or sketches for machines, components, or systems related to the generation, transmission, or use of mechanical or fluid energy.",not_classified,7.0,31.818181818181817
"prepare statistical reports, narrative reports, or graphic presentations of information, such as tumor registry data for use by hospital staff, researchers, or other users.",directive,42.0,87.5
"prepare statistical reports, narrative reports, or graphic presentations of information, such as tumor registry data for use by hospital staff, researchers, or other users.",not_classified,6.0,12.5
"prepare study-related documentation such as protocol worksheets, procedural manuals, adverse event reports, institutional review board documents, and progress reports.",directive,33.0,91.66666666666666
"prepare study-related documentation such as protocol worksheets, procedural manuals, adverse event reports, institutional review board documents, and progress reports.",not_classified,3.0,8.333333333333332
prepare system activity and performance reports.,directive,76.0,76.0
prepare system activity and performance reports.,not_classified,24.0,24.0
"prepare tables, graphs, fact sheets, and written reports summarizing research results.",directive,301.0,86.49425287356321
"prepare tables, graphs, fact sheets, and written reports summarizing research results.",not_classified,29.0,8.333333333333332
"prepare tables, graphs, fact sheets, and written reports summarizing research results.",task iteration,18.0,5.172413793103448
prepare technical reports and recommendations based upon research outcomes.,directive,241.0,80.06644518272425
prepare technical reports and recommendations based upon research outcomes.,not_classified,22.0,7.308970099667775
prepare technical reports and recommendations based upon research outcomes.,task iteration,23.0,7.641196013289036
prepare technical reports and recommendations based upon research outcomes.,validation,15.0,4.983388704318937
"prepare technical reports, data summary documents, or research articles for scientific publication, regulatory submissions, or patent applications.",directive,197.0,76.06177606177607
"prepare technical reports, data summary documents, or research articles for scientific publication, regulatory submissions, or patent applications.",none,20.0,7.722007722007722
"prepare technical reports, data summary documents, or research articles for scientific publication, regulatory submissions, or patent applications.",not_classified,24.0,9.266409266409266
"prepare technical reports, data summary documents, or research articles for scientific publication, regulatory submissions, or patent applications.",task iteration,18.0,6.94980694980695
"prepare written and oral reports describing research results, using illustrations, maps, appendices, and other information.",directive,225.0,82.41758241758241
"prepare written and oral reports describing research results, using illustrations, maps, appendices, and other information.",learning,15.0,5.4945054945054945
"prepare written and oral reports describing research results, using illustrations, maps, appendices, and other information.",not_classified,33.0,12.087912087912088
"prepare written reports that estimate property values, outline methods by which the estimations were made, and meet appraisal standards.",directive,17.0,65.38461538461539
"prepare written reports that estimate property values, outline methods by which the estimations were made, and meet appraisal standards.",not_classified,9.0,34.61538461538461
"prepare, administer, and grade tests and assignments to evaluate students' progress.",directive,122.0,68.92655367231639
"prepare, administer, and grade tests and assignments to evaluate students' progress.",none,16.0,9.03954802259887
"prepare, administer, and grade tests and assignments to evaluate students' progress.",not_classified,10.0,5.649717514124294
"prepare, administer, and grade tests and assignments to evaluate students' progress.",validation,29.0,16.38418079096045
"prepare, administer, or grade tests or assignments to evaluate students' progress.",not_classified,27.0,100.0
"prepare, analyze, and verify annual reports, financial statements, and other records, using accepted accounting and statistical procedures to assess financial condition and facilitate financial planning.",directive,345.0,92.24598930481284
"prepare, analyze, and verify annual reports, financial statements, and other records, using accepted accounting and statistical procedures to assess financial condition and facilitate financial planning.",not_classified,12.0,3.2085561497326207
"prepare, analyze, and verify annual reports, financial statements, and other records, using accepted accounting and statistical procedures to assess financial condition and facilitate financial planning.",validation,17.0,4.545454545454546
"prepare, examine, or analyze accounting records, financial statements, or other financial reports to assess accuracy, completeness, and conformance to reporting and procedural standards.",directive,75.0,81.52173913043478
"prepare, examine, or analyze accounting records, financial statements, or other financial reports to assess accuracy, completeness, and conformance to reporting and procedural standards.",not_classified,17.0,18.478260869565215
"prepare, maintain, and review purchasing files, reports and price lists.",directive,251.0,97.66536964980544
"prepare, maintain, and review purchasing files, reports and price lists.",not_classified,6.0,2.3346303501945527
"prepare, maintain, or update security procedures, security system drawings, or related documentation.",directive,24.0,52.17391304347826
"prepare, maintain, or update security procedures, security system drawings, or related documentation.",none,16.0,34.78260869565217
"prepare, maintain, or update security procedures, security system drawings, or related documentation.",not_classified,6.0,13.043478260869565
"prepare, manipulate, and manage extensive databases.",directive,381.0,85.61797752808988
"prepare, manipulate, and manage extensive databases.",feedback loop,28.0,6.292134831460674
"prepare, manipulate, and manage extensive databases.",not_classified,17.0,3.8202247191011236
"prepare, manipulate, and manage extensive databases.",task iteration,19.0,4.269662921348314
"prepare, rewrite and edit copy to improve readability, or supervise others who do this work.",directive,4679.0,86.74453096032629
"prepare, rewrite and edit copy to improve readability, or supervise others who do this work.",learning,18.0,0.33370411568409347
"prepare, rewrite and edit copy to improve readability, or supervise others who do this work.",none,165.0,3.0589543937708563
"prepare, rewrite and edit copy to improve readability, or supervise others who do this work.",not_classified,10.0,0.18539117538005193
"prepare, rewrite and edit copy to improve readability, or supervise others who do this work.",task iteration,459.0,8.509454949944383
"prepare, rewrite and edit copy to improve readability, or supervise others who do this work.",validation,63.0,1.1679644048943272
"prescribe individualized exercise programs, specifying equipment such as treadmill, exercise bicycle, ergometers, or perceptual goggles.",directive,24.0,60.0
"prescribe individualized exercise programs, specifying equipment such as treadmill, exercise bicycle, ergometers, or perceptual goggles.",not_classified,16.0,40.0
"present and explain proposals, reports, or findings to clients.",directive,55.0,74.32432432432432
"present and explain proposals, reports, or findings to clients.",not_classified,19.0,25.675675675675674
"present and make recommendations regarding course design, technology, and instruction delivery options.",directive,18.0,81.81818181818183
"present and make recommendations regarding course design, technology, and instruction delivery options.",not_classified,4.0,18.181818181818183
present clients with information required to make informed health care and treatment decisions.,directive,21.0,65.625
present clients with information required to make informed health care and treatment decisions.,not_classified,11.0,34.375
"present information in audio-visual or interactive formats, using computers, television, audio-visual aids, or other equipment, materials, or technologies.",directive,44.0,88.0
"present information in audio-visual or interactive formats, using computers, television, audio-visual aids, or other equipment, materials, or technologies.",not_classified,6.0,12.0
"present information in audio-visual or interactive formats, using computers, televisions, audio-visual aids, or other equipment, materials, or technologies.",directive,38.0,97.43589743589743
"present information in audio-visual or interactive formats, using computers, televisions, audio-visual aids, or other equipment, materials, or technologies.",not_classified,1.0,2.564102564102564
present information to customers about the energy efficiency or environmental impact of scientific or technical products.,directive,90.0,96.7741935483871
present information to customers about the energy efficiency or environmental impact of scientific or technical products.,not_classified,3.0,3.225806451612903
"present investment information, such as product risks, fees, or fund performance statistics.",directive,203.0,77.48091603053436
"present investment information, such as product risks, fees, or fund performance statistics.",learning,39.0,14.885496183206106
"present investment information, such as product risks, fees, or fund performance statistics.",not_classified,20.0,7.633587786259542
"present oral or written reports on general economic trends, individual corporations, and entire industries.",directive,63.0,90.0
"present oral or written reports on general economic trends, individual corporations, and entire industries.",not_classified,7.0,10.0
present research findings to groups of people.,not_classified,20.0,100.0
"present subject matter to students under the direction and guidance of teachers, using lectures, discussions, or supervised role-playing methods.",not_classified,19.0,100.0
process all correspondence and paperwork related to accounts.,not_classified,20.0,100.0
process and prepare business or government forms.,directive,65.0,79.26829268292683
process and prepare business or government forms.,not_classified,17.0,20.73170731707317
"process and prepare documents, such as business or government forms and expense reports.",directive,1539.0,89.7899649941657
"process and prepare documents, such as business or government forms and expense reports.",none,124.0,7.234539089848307
"process and prepare documents, such as business or government forms and expense reports.",not_classified,19.0,1.1085180863477246
"process and prepare documents, such as business or government forms and expense reports.",task iteration,32.0,1.8669778296382729
"process and prepare memos, correspondence, travel vouchers, or other documents.",directive,87.0,83.65384615384616
"process and prepare memos, correspondence, travel vouchers, or other documents.",not_classified,17.0,16.346153846153847
process and record new insurance policies and claims.,directive,256.0,81.52866242038218
process and record new insurance policies and claims.,none,46.0,14.64968152866242
process and record new insurance policies and claims.,not_classified,12.0,3.821656050955414
process and review employment applications to evaluate qualifications or eligibility of applicants.,directive,1203.0,94.42700156985872
process and review employment applications to evaluate qualifications or eligibility of applicants.,none,37.0,2.904238618524333
process and review employment applications to evaluate qualifications or eligibility of applicants.,not_classified,19.0,1.4913657770800628
process and review employment applications to evaluate qualifications or eligibility of applicants.,validation,15.0,1.1773940345368918
"process and review environmental permits, licenses, or related materials.",directive,25.0,86.20689655172413
"process and review environmental permits, licenses, or related materials.",not_classified,4.0,13.793103448275861
"process clinical data, including receipt, entry, verification, or filing of information.",directive,397.0,90.02267573696146
"process clinical data, including receipt, entry, verification, or filing of information.",none,38.0,8.616780045351474
"process clinical data, including receipt, entry, verification, or filing of information.",not_classified,6.0,1.3605442176870748
"process data for analysis, using computers.",directive,268.0,80.0
"process data for analysis, using computers.",none,46.0,13.73134328358209
"process data for analysis, using computers.",not_classified,21.0,6.26865671641791
"process large amounts of data for statistical modeling and graphic analysis, using computers.",directive,171.0,78.80184331797236
"process large amounts of data for statistical modeling and graphic analysis, using computers.",not_classified,46.0,21.19815668202765
"process, prepare, and submit business or government forms, such as submitting applications for coverage to insurance carriers.",directive,122.0,87.14285714285714
"process, prepare, and submit business or government forms, such as submitting applications for coverage to insurance carriers.",not_classified,18.0,12.857142857142856
"process, verify, and maintain personnel related documentation, including staffing, recruitment, training, grievances, performance evaluations, classifications, and employee leaves of absence.",directive,45.0,81.81818181818183
"process, verify, and maintain personnel related documentation, including staffing, recruitment, training, grievances, performance evaluations, classifications, and employee leaves of absence.",not_classified,10.0,18.181818181818183
"procure, produce, and provide information on the safe operation of aircraft, such as flight planning publications, operations publications, charts and maps, and weather information.",directive,21.0,84.0
"procure, produce, and provide information on the safe operation of aircraft, such as flight planning publications, operations publications, charts and maps, and weather information.",not_classified,4.0,16.0
produce a computer-generated or film image for interpretation by a physician.,directive,21.0,95.45454545454545
produce a computer-generated or film image for interpretation by a physician.,not_classified,1.0,4.545454545454546
"produce detailed images or measurement of objects, using tools such as scanning tunneling microscopes or oscilloscopes.",directive,17.0,94.44444444444444
"produce detailed images or measurement of objects, using tools such as scanning tunneling microscopes or oscilloscopes.",not_classified,1.0,5.555555555555555
"produce medical reports, correspondence, records, patient-care information, statistics, medical research, and administrative material.",directive,62.0,88.57142857142857
"produce medical reports, correspondence, records, patient-care information, statistics, medical research, and administrative material.",not_classified,8.0,11.428571428571429
"produce reports or presentations that outline findings, explain risk positions, or recommend changes.",directive,32.0,88.88888888888889
"produce reports or presentations that outline findings, explain risk positions, or recommend changes.",not_classified,4.0,11.11111111111111
produce rough and finished graphics and graphic designs.,directive,122.0,73.93939393939394
produce rough and finished graphics and graphic designs.,not_classified,6.0,3.6363636363636362
produce rough and finished graphics and graphic designs.,task iteration,37.0,22.424242424242426
"produce up-to-the-minute information, using internal computer systems, to allow management to base decisions on actual, not historical, data.",directive,115.0,66.0919540229885
"produce up-to-the-minute information, using internal computer systems, to allow management to base decisions on actual, not historical, data.",not_classified,37.0,21.26436781609195
"produce up-to-the-minute information, using internal computer systems, to allow management to base decisions on actual, not historical, data.",validation,22.0,12.643678160919542
produce written summary reports of financial research results.,directive,142.0,91.02564102564102
produce written summary reports of financial research results.,not_classified,14.0,8.974358974358974
"program and use computers to store, process, and analyze data.",directive,20.0,86.95652173913044
"program and use computers to store, process, and analyze data.",not_classified,3.0,13.043478260869565
program computerized graphic effects.,directive,186.0,75.0
program computerized graphic effects.,not_classified,22.0,8.870967741935484
program computerized graphic effects.,task iteration,40.0,16.129032258064516
program electronic equipment.,directive,231.0,62.096774193548384
program electronic equipment.,feedback loop,31.0,8.333333333333332
program electronic equipment.,none,84.0,22.58064516129032
program electronic equipment.,not_classified,11.0,2.956989247311828
program electronic equipment.,task iteration,15.0,4.032258064516129
promote awareness or use of alternative or renewable energy sources.,directive,30.0,81.08108108108108
promote awareness or use of alternative or renewable energy sources.,not_classified,7.0,18.91891891891892
"promote products in online communities through weblog or discussion-forum postings, e-mail marketing programs, or online advertising.",directive,32.0,94.11764705882352
"promote products in online communities through weblog or discussion-forum postings, e-mail marketing programs, or online advertising.",not_classified,2.0,5.88235294117647
"promote sales of properties through advertisements, open houses, and participation in multiple listing services.",directive,112.0,80.57553956834532
"promote sales of properties through advertisements, open houses, and participation in multiple listing services.",not_classified,12.0,8.633093525179856
"promote sales of properties through advertisements, open houses, and participation in multiple listing services.",task iteration,15.0,10.79136690647482
"proofread, edit, and revise translated materials.",directive,69.0,62.727272727272734
"proofread, edit, and revise translated materials.",not_classified,4.0,3.6363636363636362
"proofread, edit, and revise translated materials.",task iteration,18.0,16.363636363636363
"proofread, edit, and revise translated materials.",validation,19.0,17.272727272727273
propose logistics solutions for customers.,directive,27.0,81.81818181818183
propose logistics solutions for customers.,not_classified,6.0,18.181818181818183
"propose new or modified policies involving use of traditional and alternative fuels, transportation of goods, and other factors relating to climate and climate change.",directive,15.0,68.18181818181817
"propose new or modified policies involving use of traditional and alternative fuels, transportation of goods, and other factors relating to climate and climate change.",not_classified,7.0,31.818181818181817
protect and control proprietary materials.,directive,19.0,63.33333333333333
protect and control proprietary materials.,not_classified,11.0,36.666666666666664
provide additional instruction in vocational areas.,not_classified,21.0,100.0
"provide administrative support for projects by collecting data, providing project documentation, training staff, or performing other general administrative duties.",directive,47.0,75.80645161290323
"provide administrative support for projects by collecting data, providing project documentation, training staff, or performing other general administrative duties.",not_classified,15.0,24.193548387096776
"provide advice and consultation on economic relationships to businesses, public and private agencies, and other employers.",directive,58.0,45.66929133858268
"provide advice and consultation on economic relationships to businesses, public and private agencies, and other employers.",learning,31.0,24.409448818897637
"provide advice and consultation on economic relationships to businesses, public and private agencies, and other employers.",not_classified,19.0,14.960629921259844
"provide advice and consultation on economic relationships to businesses, public and private agencies, and other employers.",task iteration,19.0,14.960629921259844
"provide advice on transportation options, types of carriers, or shipping routes.",directive,62.0,83.78378378378379
"provide advice on transportation options, types of carriers, or shipping routes.",not_classified,12.0,16.216216216216218
provide advice or training to other technicians.,directive,33.0,94.28571428571428
provide advice or training to other technicians.,not_classified,2.0,5.714285714285714
"provide advice to clients on a contract basis, working as a consultant.",directive,167.0,59.21985815602837
"provide advice to clients on a contract basis, working as a consultant.",learning,40.0,14.184397163120568
"provide advice to clients on a contract basis, working as a consultant.",none,15.0,5.319148936170213
"provide advice to clients on a contract basis, working as a consultant.",not_classified,18.0,6.382978723404255
"provide advice to clients on a contract basis, working as a consultant.",task iteration,42.0,14.893617021276595
provide aircrews with information and services needed for airfield management and flight planning.,directive,23.0,82.14285714285714
provide aircrews with information and services needed for airfield management and flight planning.,not_classified,5.0,17.857142857142858
provide application or analytical support to researchers or traders on issues such as valuations or data.,directive,74.0,77.89473684210526
provide application or analytical support to researchers or traders on issues such as valuations or data.,not_classified,21.0,22.105263157894736
provide assistance in the design of survey instruments such as questionnaires.,directive,22.0,59.45945945945946
provide assistance in the design of survey instruments such as questionnaires.,not_classified,15.0,40.54054054054054
"provide assistance or direction to other stockroom, warehouse, or storage yard workers.",not_classified,18.0,100.0
"provide assistance to faculty and staff in duties such as teaching classes, conducting orientation programs, issuing transcripts, and scheduling events.",directive,19.0,82.6086956521739
"provide assistance to faculty and staff in duties such as teaching classes, conducting orientation programs, issuing transcripts, and scheduling events.",not_classified,4.0,17.391304347826086
"provide assistance to food scientists or technologists in research and development, production technology, or quality control.",directive,40.0,88.88888888888889
"provide assistance to food scientists or technologists in research and development, production technology, or quality control.",not_classified,5.0,11.11111111111111
provide assistance to students in college writing centers.,directive,128.0,68.08510638297872
provide assistance to students in college writing centers.,not_classified,28.0,14.893617021276595
provide assistance to students in college writing centers.,task iteration,32.0,17.02127659574468
"provide assistance with the preparation of project-related reports, manuscripts, and presentations.",directive,16.0,84.21052631578947
"provide assistance with the preparation of project-related reports, manuscripts, and presentations.",not_classified,3.0,15.789473684210526
"provide clear, detailed descriptions of web site specifications, such as product features, activities, software, communication protocols, programming languages, and operating systems software and hardware.",directive,32.0,74.4186046511628
"provide clear, detailed descriptions of web site specifications, such as product features, activities, software, communication protocols, programming languages, and operating systems software and hardware.",not_classified,11.0,25.581395348837212
"provide clerks with information to print on price tags, such as price, mark-ups or mark-downs, manufacturer number, season code, or style number.",not_classified,15.0,100.0
"provide clients with communication assistance, typing their correspondence or obtaining information for them.",directive,36.0,47.368421052631575
"provide clients with communication assistance, typing their correspondence or obtaining information for them.",none,18.0,23.684210526315788
"provide clients with communication assistance, typing their correspondence or obtaining information for them.",not_classified,4.0,5.263157894736842
"provide clients with communication assistance, typing their correspondence or obtaining information for them.",task iteration,18.0,23.684210526315788
provide clinical services or health education to improve and maintain the oral health of patients or the general public.,directive,83.0,66.4
provide clinical services or health education to improve and maintain the oral health of patients or the general public.,learning,15.0,12.0
provide clinical services or health education to improve and maintain the oral health of patients or the general public.,none,17.0,13.600000000000001
provide clinical services or health education to improve and maintain the oral health of patients or the general public.,not_classified,10.0,8.0
"provide consultation, support, or education to groups such as parents and teachers.",not_classified,29.0,100.0
provide consulting services to other physicians.,not_classified,17.0,100.0
"provide current and prospective employees with information about policies, job duties, working conditions, wages, opportunities for promotion and employee benefits.",directive,49.0,76.5625
"provide current and prospective employees with information about policies, job duties, working conditions, wages, opportunities for promotion and employee benefits.",not_classified,15.0,23.4375
"provide customer assistance and information, such as giving directions or handling wheelchairs.",directive,21.0,60.0
"provide customer assistance and information, such as giving directions or handling wheelchairs.",not_classified,14.0,40.0
provide customer service by greeting and assisting customers and responding to customer inquiries and complaints.,directive,300.0,44.510385756676556
provide customer service by greeting and assisting customers and responding to customer inquiries and complaints.,feedback loop,24.0,3.5608308605341246
provide customer service by greeting and assisting customers and responding to customer inquiries and complaints.,learning,36.0,5.341246290801187
provide customer service by greeting and assisting customers and responding to customer inquiries and complaints.,none,297.0,44.06528189910979
provide customer service by greeting and assisting customers and responding to customer inquiries and complaints.,not_classified,17.0,2.522255192878338
"provide customer support and education, working with users to identify needs, determine sources of problems, or to provide information on product use.",directive,222.0,51.388888888888886
"provide customer support and education, working with users to identify needs, determine sources of problems, or to provide information on product use.",feedback loop,35.0,8.101851851851851
"provide customer support and education, working with users to identify needs, determine sources of problems, or to provide information on product use.",learning,39.0,9.027777777777777
"provide customer support and education, working with users to identify needs, determine sources of problems, or to provide information on product use.",none,97.0,22.453703703703702
"provide customer support and education, working with users to identify needs, determine sources of problems, or to provide information on product use.",not_classified,7.0,1.6203703703703702
"provide customer support and education, working with users to identify needs, determine sources of problems, or to provide information on product use.",validation,32.0,7.4074074074074066
"provide customer with brochures and publications containing travel information, such as local customs, points of interest, or foreign country regulations.",directive,40.0,81.63265306122449
"provide customer with brochures and publications containing travel information, such as local customs, points of interest, or foreign country regulations.",not_classified,9.0,18.367346938775512
provide customers with cost estimates for equipment installation.,not_classified,15.0,100.0
"provide customers with information on routes, gates, prices, timetables, terminals, or concourses.",directive,28.0,70.0
"provide customers with information on routes, gates, prices, timetables, terminals, or concourses.",not_classified,12.0,30.0
"provide customers with information such as quotes, orders, sales, shipping, warranties, credit, funding options, incentives, or tax rebates.",directive,125.0,81.69934640522875
"provide customers with information such as quotes, orders, sales, shipping, warranties, credit, funding options, incentives, or tax rebates.",not_classified,28.0,18.30065359477124
provide customers with ongoing technical support.,directive,75.0,52.083333333333336
provide customers with ongoing technical support.,feedback loop,31.0,21.52777777777778
provide customers with ongoing technical support.,none,21.0,14.583333333333334
provide customers with ongoing technical support.,not_classified,17.0,11.805555555555555
"provide customers with travel suggestions and information sources, such as guides, directories, brochures, and maps.",directive,253.0,85.76271186440678
"provide customers with travel suggestions and information sources, such as guides, directories, brochures, and maps.",not_classified,42.0,14.237288135593221
"provide direct care by performing comprehensive health assessments, developing differential diagnoses, conducting specialized tests, or prescribing medications or treatments.",not_classified,25.0,100.0
provide directions and respond to passenger inquiries.,not_classified,15.0,100.0
"provide educational information about physical therapy or physical therapists, injury prevention, ergonomics, or ways to promote health.",not_classified,22.0,100.0
provide feedback and recommendations to developers on software usability and functionality.,directive,867.0,42.21032132424538
provide feedback and recommendations to developers on software usability and functionality.,feedback loop,141.0,6.864654333008763
provide feedback and recommendations to developers on software usability and functionality.,learning,255.0,12.414800389483933
provide feedback and recommendations to developers on software usability and functionality.,none,441.0,21.470301850048685
provide feedback and recommendations to developers on software usability and functionality.,task iteration,123.0,5.988315481986368
provide feedback and recommendations to developers on software usability and functionality.,validation,227.0,11.051606621226874
"provide guests with information about local areas, including giving directions.",not_classified,18.0,100.0
provide guidelines for implementing secure systems to customers or installation teams.,directive,39.0,56.52173913043478
provide guidelines for implementing secure systems to customers or installation teams.,learning,24.0,34.78260869565217
provide guidelines for implementing secure systems to customers or installation teams.,not_classified,6.0,8.695652173913043
provide individual support or counseling in general wellness or nutrition.,directive,46.0,48.93617021276596
provide individual support or counseling in general wellness or nutrition.,learning,28.0,29.78723404255319
provide individual support or counseling in general wellness or nutrition.,not_classified,20.0,21.27659574468085
provide individualized instruction and tutorial or remedial instruction.,not_classified,20.0,100.0
"provide information about establishment, such as location of departments or offices, employees within the organization, or services provided.",directive,23.0,74.19354838709677
"provide information about establishment, such as location of departments or offices, employees within the organization, or services provided.",not_classified,8.0,25.806451612903224
"provide information about facilities, entertainment options, and rules and regulations.",directive,43.0,93.47826086956522
"provide information about facilities, entertainment options, and rules and regulations.",not_classified,3.0,6.521739130434782
"provide information about local features, such as shopping, dining, nightlife, or recreational destinations.",directive,48.0,80.0
"provide information about local features, such as shopping, dining, nightlife, or recreational destinations.",not_classified,12.0,20.0
"provide information about rental items, such as availability, operation, or description.",directive,23.0,74.19354838709677
"provide information about rental items, such as availability, operation, or description.",not_classified,8.0,25.806451612903224
"provide information and advice regarding drug interactions, side effects, dosage, and proper medication storage.",directive,66.0,69.47368421052632
"provide information and advice regarding drug interactions, side effects, dosage, and proper medication storage.",not_classified,29.0,30.526315789473685
"provide information and advice to the public regarding the selection, purchase, and care of products.",directive,702.0,79.05405405405406
"provide information and advice to the public regarding the selection, purchase, and care of products.",learning,107.0,12.04954954954955
"provide information and advice to the public regarding the selection, purchase, and care of products.",none,41.0,4.617117117117117
"provide information and advice to the public regarding the selection, purchase, and care of products.",not_classified,7.0,0.7882882882882882
"provide information and advice to the public regarding the selection, purchase, and care of products.",task iteration,16.0,1.8018018018018018
"provide information and advice to the public regarding the selection, purchase, and care of products.",validation,15.0,1.6891891891891893
provide information from the institution's holdings to other curators and to the public.,directive,78.0,86.66666666666667
provide information from the institution's holdings to other curators and to the public.,not_classified,12.0,13.333333333333334
"provide information or recommendations to farmers or other landowners regarding ways in which they can best use land, promote plant growth, or avoid or correct problems such as erosion.",not_classified,21.0,100.0
"provide information such as directions, visiting hours, or patient status information to visitors or callers.",directive,57.0,80.28169014084507
"provide information such as directions, visiting hours, or patient status information to visitors or callers.",not_classified,14.0,19.718309859154928
"provide information to employees and managers on payroll matters, tax issues, benefit plans, and collective agreement provisions.",directive,19.0,79.16666666666666
"provide information to employees and managers on payroll matters, tax issues, benefit plans, and collective agreement provisions.",not_classified,5.0,20.833333333333336
"provide information, guidance, and preparation for the general equivalency diploma (ged) examination.",directive,50.0,54.94505494505495
"provide information, guidance, and preparation for the general equivalency diploma (ged) examination.",learning,26.0,28.57142857142857
"provide information, guidance, and preparation for the general equivalency diploma (ged) examination.",not_classified,15.0,16.483516483516482
"provide information, technical assistance, or training to supervisors, managers, or employees on topics such as employee supervision, hiring, grievance procedures, or staff development.",directive,33.0,67.3469387755102
"provide information, technical assistance, or training to supervisors, managers, or employees on topics such as employee supervision, hiring, grievance procedures, or staff development.",learning,16.0,32.6530612244898
"provide instructions to clients on how to obtain help with legal, financial, and other personal issues.",not_classified,21.0,100.0
"provide logistics technology or information for effective and efficient support of product, equipment, or system manufacturing or service.",directive,35.0,94.5945945945946
"provide logistics technology or information for effective and efficient support of product, equipment, or system manufacturing or service.",not_classified,2.0,5.405405405405405
"provide occupational, educational, and other information to individuals so that they can make educational and vocational plans.",directive,334.0,71.06382978723404
"provide occupational, educational, and other information to individuals so that they can make educational and vocational plans.",learning,93.0,19.78723404255319
"provide occupational, educational, and other information to individuals so that they can make educational and vocational plans.",none,26.0,5.531914893617021
"provide occupational, educational, and other information to individuals so that they can make educational and vocational plans.",not_classified,17.0,3.6170212765957444
provide or coordinate troubleshooting support for data warehouses.,directive,16.0,32.0
provide or coordinate troubleshooting support for data warehouses.,not_classified,34.0,68.0
"provide patients with information needed to promote health, reduce risk factors, or prevent disease or disability.",not_classified,16.0,100.0
"provide private instruction to individual or small groups of students to improve academic performance, improve occupational skills, or prepare for academic or occupational tests.",directive,719.0,35.788949726231955
"provide private instruction to individual or small groups of students to improve academic performance, improve occupational skills, or prepare for academic or occupational tests.",feedback loop,35.0,1.7421602787456445
"provide private instruction to individual or small groups of students to improve academic performance, improve occupational skills, or prepare for academic or occupational tests.",learning,851.0,42.35938277750124
"provide private instruction to individual or small groups of students to improve academic performance, improve occupational skills, or prepare for academic or occupational tests.",none,150.0,7.466401194624191
"provide private instruction to individual or small groups of students to improve academic performance, improve occupational skills, or prepare for academic or occupational tests.",not_classified,3.0,0.14932802389248384
"provide private instruction to individual or small groups of students to improve academic performance, improve occupational skills, or prepare for academic or occupational tests.",task iteration,160.0,7.964161274265804
"provide private instruction to individual or small groups of students to improve academic performance, improve occupational skills, or prepare for academic or occupational tests.",validation,91.0,4.529616724738676
"provide product information, using lectures, films, charts, or slide shows.",directive,107.0,96.3963963963964
"provide product information, using lectures, films, charts, or slide shows.",not_classified,4.0,3.6036036036036037
provide professional consulting services to government or industry.,directive,385.0,65.36502546689303
provide professional consulting services to government or industry.,learning,95.0,16.129032258064516
provide professional consulting services to government or industry.,none,19.0,3.225806451612903
provide professional consulting services to government or industry.,not_classified,23.0,3.904923599320883
provide professional consulting services to government or industry.,task iteration,67.0,11.37521222410866
"provide professional consulting services to government, educational institutions, or industry.",directive,324.0,64.8
"provide professional consulting services to government, educational institutions, or industry.",learning,69.0,13.8
"provide professional consulting services to government, educational institutions, or industry.",none,34.0,6.800000000000001
"provide professional consulting services to government, educational institutions, or industry.",not_classified,16.0,3.2
"provide professional consulting services to government, educational institutions, or industry.",task iteration,57.0,11.4
"provide project management services, including the provision and analysis of technical data.",directive,15.0,68.18181818181817
"provide project management services, including the provision and analysis of technical data.",not_classified,7.0,31.818181818181817
"provide protection for individuals, such as government leaders, political candidates, and visiting foreign dignitaries.",not_classified,23.0,100.0
"provide regulatory guidance to departments or development project teams regarding design, development, evaluation, or marketing of products.",directive,46.0,66.66666666666666
"provide regulatory guidance to departments or development project teams regarding design, development, evaluation, or marketing of products.",not_classified,23.0,33.33333333333333
provide road information to assist motorists.,directive,32.0,61.53846153846154
provide road information to assist motorists.,not_classified,20.0,38.46153846153847
"provide scientific or technical guidance or expertise to scientists, engineers, technologists, technicians, or others, using knowledge of chemical, analytical, or biological processes as applied to micro and nanoscale systems.",not_classified,25.0,100.0
"provide services to customers, such as order placement or account information.",directive,150.0,73.52941176470588
"provide services to customers, such as order placement or account information.",none,39.0,19.11764705882353
"provide services to customers, such as order placement or account information.",not_classified,15.0,7.352941176470589
"provide staff and users with assistance solving computer related problems, such as malfunctions and program problems.",directive,55.0,73.33333333333333
"provide staff and users with assistance solving computer related problems, such as malfunctions and program problems.",not_classified,20.0,26.666666666666668
"provide statistical and computational tools for biologically based activities such as genetic analysis, measurement of gene expression, and gene function determination.",directive,92.0,77.96610169491525
"provide statistical and computational tools for biologically based activities such as genetic analysis, measurement of gene expression, and gene function determination.",not_classified,26.0,22.033898305084744
"provide students with information on such topics as college degree programs and admission requirements, financial aid opportunities, trade and technical schools, and apprenticeship programs.",directive,78.0,59.09090909090909
"provide students with information on such topics as college degree programs and admission requirements, financial aid opportunities, trade and technical schools, and apprenticeship programs.",learning,36.0,27.27272727272727
"provide students with information on such topics as college degree programs and admission requirements, financial aid opportunities, trade and technical schools, and apprenticeship programs.",not_classified,18.0,13.636363636363635
"provide support and information to functional areas such as marketing, clinical monitoring, and medical affairs.",directive,17.0,94.44444444444444
"provide support and information to functional areas such as marketing, clinical monitoring, and medical affairs.",not_classified,1.0,5.555555555555555
provide support to technical sales staff regarding product characteristics.,directive,27.0,79.41176470588235
provide support to technical sales staff regarding product characteristics.,not_classified,7.0,20.588235294117645
provide system design and integration recommendations.,directive,75.0,55.970149253731336
provide system design and integration recommendations.,learning,20.0,14.925373134328357
provide system design and integration recommendations.,not_classified,20.0,14.925373134328357
provide system design and integration recommendations.,task iteration,19.0,14.17910447761194
"provide technical advice on the use of current instructional technologies, including computer-based training, desktop videoconferencing, multimedia, and distance learning technologies.",directive,32.0,34.40860215053764
"provide technical advice on the use of current instructional technologies, including computer-based training, desktop videoconferencing, multimedia, and distance learning technologies.",learning,50.0,53.76344086021505
"provide technical advice on the use of current instructional technologies, including computer-based training, desktop videoconferencing, multimedia, and distance learning technologies.",not_classified,11.0,11.827956989247312
"provide technical and non-technical support and services to clients or other staff members regarding the use, operation, and maintenance of equipment.",directive,222.0,79.28571428571428
"provide technical and non-technical support and services to clients or other staff members regarding the use, operation, and maintenance of equipment.",none,23.0,8.214285714285714
"provide technical and non-technical support and services to clients or other staff members regarding the use, operation, and maintenance of equipment.",not_classified,20.0,7.142857142857142
"provide technical and non-technical support and services to clients or other staff members regarding the use, operation, and maintenance of equipment.",validation,15.0,5.357142857142857
provide technical customer service.,directive,481.0,62.95811518324608
provide technical customer service.,feedback loop,82.0,10.732984293193718
provide technical customer service.,learning,82.0,10.732984293193718
provide technical customer service.,none,95.0,12.43455497382199
provide technical customer service.,not_classified,6.0,0.7853403141361256
provide technical customer service.,validation,18.0,2.356020942408377
provide technical expertise or support related to manufacturing.,not_classified,16.0,100.0
provide technical guidance or support for the development or troubleshooting of systems.,directive,126.0,44.21052631578947
provide technical guidance or support for the development or troubleshooting of systems.,feedback loop,30.0,10.526315789473683
provide technical guidance or support for the development or troubleshooting of systems.,learning,72.0,25.263157894736842
provide technical guidance or support for the development or troubleshooting of systems.,none,16.0,5.614035087719298
provide technical guidance or support for the development or troubleshooting of systems.,not_classified,11.0,3.8596491228070176
provide technical guidance or support for the development or troubleshooting of systems.,task iteration,30.0,10.526315789473683
"provide technical guidance or support to customers on topics such as nanosystem start-up, maintenance, or use.",directive,84.0,75.67567567567568
"provide technical guidance or support to customers on topics such as nanosystem start-up, maintenance, or use.",not_classified,27.0,24.324324324324326
"provide technical information about solar power, solar systems, equipment, and services to potential customers or dealers.",not_classified,25.0,100.0
"provide technical or logistical support to users of distance learning classrooms, equipment, web sites, or services.",not_classified,22.0,100.0
provide technical support during software installation or configuration.,directive,26.0,74.28571428571429
provide technical support during software installation or configuration.,not_classified,9.0,25.71428571428571
"provide technical support for existing reports, dashboards, or other tools.",directive,87.0,74.35897435897436
"provide technical support for existing reports, dashboards, or other tools.",not_classified,30.0,25.64102564102564
provide technical support for robotic systems.,directive,15.0,31.914893617021278
provide technical support for robotic systems.,feedback loop,19.0,40.42553191489361
provide technical support for robotic systems.,not_classified,13.0,27.659574468085108
provide technical support or assistance to chemists or engineers.,directive,19.0,29.6875
provide technical support or assistance to chemists or engineers.,learning,21.0,32.8125
provide technical support or assistance to chemists or engineers.,not_classified,24.0,37.5
provide technical support or instruction to staff or customers regarding electronics equipment standards.,directive,77.0,74.03846153846155
provide technical support or instruction to staff or customers regarding electronics equipment standards.,not_classified,27.0,25.961538461538463
provide technical support to clients in the implementation of designed instruction or in task analyses and instructional systems design.,directive,28.0,33.734939759036145
provide technical support to clients in the implementation of designed instruction or in task analyses and instructional systems design.,learning,23.0,27.710843373493976
provide technical support to clients in the implementation of designed instruction or in task analyses and instructional systems design.,none,17.0,20.481927710843372
provide technical support to clients in the implementation of designed instruction or in task analyses and instructional systems design.,not_classified,15.0,18.072289156626507
provide technical support to junior staff or clients.,directive,24.0,70.58823529411765
provide technical support to junior staff or clients.,not_classified,10.0,29.411764705882355
"provide technical support to users or clients regarding the maintenance, development, or operation of geographic information systems (gis) databases, equipment, or applications.",not_classified,19.0,100.0
provide telephone support related to networking or connectivity issues.,directive,22.0,55.00000000000001
provide telephone support related to networking or connectivity issues.,feedback loop,15.0,37.5
provide telephone support related to networking or connectivity issues.,not_classified,3.0,7.5
"provide training direction, encouragement, motivation, and nutritional advice to prepare athletes for games, competitive events, or tours.",not_classified,21.0,100.0
"provide user applications or engineering support or recommendations for new or existing equipment with regard to installation, upgrades, or enhancements.",directive,16.0,84.21052631578947
"provide user applications or engineering support or recommendations for new or existing equipment with regard to installation, upgrades, or enhancements.",not_classified,3.0,15.789473684210526
provide user support by diagnosing network and device problems and implementing technical or procedural solutions.,directive,144.0,53.13653136531366
provide user support by diagnosing network and device problems and implementing technical or procedural solutions.,feedback loop,59.0,21.771217712177123
provide user support by diagnosing network and device problems and implementing technical or procedural solutions.,none,39.0,14.391143911439114
provide user support by diagnosing network and device problems and implementing technical or procedural solutions.,not_classified,29.0,10.70110701107011
provide users with technical support for computer problems.,directive,49.0,53.2608695652174
provide users with technical support for computer problems.,none,16.0,17.391304347826086
provide users with technical support for computer problems.,not_classified,27.0,29.347826086956523
"provide verbal or written project status reports to project teams, management, subcontractors, customers, or owners.",directive,20.0,62.5
"provide verbal or written project status reports to project teams, management, subcontractors, customers, or owners.",not_classified,12.0,37.5
"publish educational information for other pharmacists, doctors, or patients.",not_classified,15.0,100.0
quote prices to customers.,directive,34.0,85.0
quote prices to customers.,not_classified,6.0,15.0
"quote prices, credit terms, or other bid specifications.",directive,37.0,88.09523809523809
"quote prices, credit terms, or other bid specifications.",not_classified,5.0,11.904761904761903
"read and analyze incoming memos, submissions, and reports to determine their significance and plan their distribution.",directive,30.0,85.71428571428571
"read and analyze incoming memos, submissions, and reports to determine their significance and plan their distribution.",not_classified,5.0,14.285714285714285
read and effectively interpret small-scale maps and information from a computer screen to determine locations and provide directions.,directive,46.0,80.7017543859649
read and effectively interpret small-scale maps and information from a computer screen to determine locations and provide directions.,not_classified,11.0,19.298245614035086
"read and interpret blueprints, schematics, work specifications, drawings, or charts.",directive,28.0,93.33333333333333
"read and interpret blueprints, schematics, work specifications, drawings, or charts.",not_classified,2.0,6.666666666666667
"read and interpret blueprints, technical drawings, schematics, or computer-generated reports.",directive,47.0,87.03703703703704
"read and interpret blueprints, technical drawings, schematics, or computer-generated reports.",not_classified,7.0,12.962962962962962
"read and interpret schematic drawings, diagrams, blueprints, specifications, work orders, or reports to determine materials requirements or assembly instructions.",directive,68.0,94.44444444444444
"read and interpret schematic drawings, diagrams, blueprints, specifications, work orders, or reports to determine materials requirements or assembly instructions.",not_classified,4.0,5.555555555555555
read bills of lading to determine assignment details.,directive,30.0,93.75
read bills of lading to determine assignment details.,not_classified,2.0,6.25
"read blueprints or other specifications to determine methods of installation, work procedures, or material or tool requirements.",not_classified,15.0,100.0
"read blueprints, illustrations, or specifications to determine layouts, sequences of operations, or identities or relationships of parts.",directive,56.0,100.0
read corporate reports and calculate ratios to determine best prospects for profit on stock purchases.,directive,45.0,97.82608695652173
read corporate reports and calculate ratios to determine best prospects for profit on stock purchases.,not_classified,1.0,2.1739130434782608
"read current literature, attend meetings or conferences, and talk with colleagues to keep abreast of methodological or conceptual developments in fields such as biostatistics, pharmacology, life sciences, and social sciences.",directive,18.0,66.66666666666666
"read current literature, attend meetings or conferences, and talk with colleagues to keep abreast of methodological or conceptual developments in fields such as biostatistics, pharmacology, life sciences, and social sciences.",not_classified,9.0,33.33333333333333
"read current literature, talk with colleagues, or participate in professional organizations or conferences to keep abreast of developments in genetics.",directive,15.0,71.42857142857143
"read current literature, talk with colleagues, or participate in professional organizations or conferences to keep abreast of developments in genetics.",not_classified,6.0,28.57142857142857
"read current scientific or trade literature to stay abreast of scientific, industrial, or technological advances.",directive,25.0,69.44444444444444
"read current scientific or trade literature to stay abreast of scientific, industrial, or technological advances.",not_classified,11.0,30.555555555555557
"read electric, gas, water, or steam consumption meters and enter data in route books or hand-held computers.",not_classified,15.0,100.0
"read from sacred texts such as the bible, torah, or koran.",directive,532.0,80.97412480974124
"read from sacred texts such as the bible, torah, or koran.",learning,64.0,9.74124809741248
"read from sacred texts such as the bible, torah, or koran.",none,22.0,3.34855403348554
"read from sacred texts such as the bible, torah, or koran.",not_classified,3.0,0.45662100456621
"read from sacred texts such as the bible, torah, or koran.",task iteration,36.0,5.47945205479452
"read from scripts or books to narrate action or to inform or entertain audiences, utilizing few or no stage props.",directive,15.0,51.724137931034484
"read from scripts or books to narrate action or to inform or entertain audiences, utilizing few or no stage props.",not_classified,14.0,48.275862068965516
"read gauges or charts, and record data obtained.",directive,50.0,94.33962264150944
"read gauges or charts, and record data obtained.",not_classified,3.0,5.660377358490567
read incoming correspondence to ascertain nature of writers' concerns and to determine disposition of correspondence.,directive,209.0,76.55677655677655
read incoming correspondence to ascertain nature of writers' concerns and to determine disposition of correspondence.,none,61.0,22.344322344322347
read incoming correspondence to ascertain nature of writers' concerns and to determine disposition of correspondence.,not_classified,3.0,1.098901098901099
"read manuals, periodicals, and technical reports to learn how to develop programs that meet staff and user requirements.",directive,852.0,52.722772277227726
"read manuals, periodicals, and technical reports to learn how to develop programs that meet staff and user requirements.",feedback loop,17.0,1.051980198019802
"read manuals, periodicals, and technical reports to learn how to develop programs that meet staff and user requirements.",learning,584.0,36.13861386138614
"read manuals, periodicals, and technical reports to learn how to develop programs that meet staff and user requirements.",none,145.0,8.972772277227723
"read manuals, periodicals, and technical reports to learn how to develop programs that meet staff and user requirements.",not_classified,18.0,1.1138613861386137
"read material to determine index items and arrange them alphabetically or topically, indicating page or chapter location.",directive,132.0,86.8421052631579
"read material to determine index items and arrange them alphabetically or topically, indicating page or chapter location.",not_classified,20.0,13.157894736842104
"read plans, instructions, or specifications to determine work activities.",directive,37.0,88.09523809523809
"read plans, instructions, or specifications to determine work activities.",not_classified,5.0,11.904761904761903
"read publications, attend showings, and study competing products and design styles and motifs to obtain perspective and generate design concepts.",directive,69.0,87.34177215189874
"read publications, attend showings, and study competing products and design styles and motifs to obtain perspective and generate design concepts.",not_classified,10.0,12.658227848101266
"read source documents such as canceled checks, sales reports, or bills, and enter data in specific data fields or onto tapes or disks for subsequent entry, using keyboards or scanners.",directive,712.0,94.8069241011984
"read source documents such as canceled checks, sales reports, or bills, and enter data in specific data fields or onto tapes or disks for subsequent entry, using keyboards or scanners.",feedback loop,20.0,2.6631158455392807
"read source documents such as canceled checks, sales reports, or bills, and enter data in specific data fields or onto tapes or disks for subsequent entry, using keyboards or scanners.",not_classified,19.0,2.5299600532623168
"read specifications or blueprints to determine the locations, quantities, or sizes of materials required.",directive,53.0,92.98245614035088
"read specifications or blueprints to determine the locations, quantities, or sizes of materials required.",not_classified,4.0,7.017543859649122
"read specifications, such as blueprints, charts, or schematics, to determine machine settings or adjustments.",directive,317.0,68.17204301075269
"read specifications, such as blueprints, charts, or schematics, to determine machine settings or adjustments.",none,131.0,28.172043010752688
"read specifications, such as blueprints, charts, or schematics, to determine machine settings or adjustments.",not_classified,17.0,3.655913978494624
"read specifications, such as blueprints, to determine construction requirements or to plan procedures.",directive,59.0,93.65079365079364
"read specifications, such as blueprints, to determine construction requirements or to plan procedures.",not_classified,4.0,6.349206349206349
read technical literature and participate in continuing education or professional associations to maintain awareness of current database technology and best practices.,not_classified,22.0,100.0
"read technical manuals, confer with users, or conduct computer diagnostics to investigate and resolve problems or to provide technical assistance and support.",directive,111.0,71.61290322580646
"read technical manuals, confer with users, or conduct computer diagnostics to investigate and resolve problems or to provide technical assistance and support.",none,18.0,11.612903225806452
"read technical manuals, confer with users, or conduct computer diagnostics to investigate and resolve problems or to provide technical assistance and support.",not_classified,26.0,16.7741935483871
"read written materials, such as legal documents, scientific works, or news reports, and rewrite material into specified languages.",directive,1319.0,93.7455579246624
"read written materials, such as legal documents, scientific works, or news reports, and rewrite material into specified languages.",none,32.0,2.2743425728500357
"read written materials, such as legal documents, scientific works, or news reports, and rewrite material into specified languages.",not_classified,10.0,0.7107320540156361
"read written materials, such as legal documents, scientific works, or news reports, and rewrite material into specified languages.",task iteration,46.0,3.269367448471926
"read, evaluate and edit manuscripts or other materials submitted for publication and confer with authors regarding changes in content, style or organization, or publication.",directive,1770.0,63.577586206896555
"read, evaluate and edit manuscripts or other materials submitted for publication and confer with authors regarding changes in content, style or organization, or publication.",learning,53.0,1.903735632183908
"read, evaluate and edit manuscripts or other materials submitted for publication and confer with authors regarding changes in content, style or organization, or publication.",none,139.0,4.9928160919540225
"read, evaluate and edit manuscripts or other materials submitted for publication and confer with authors regarding changes in content, style or organization, or publication.",not_classified,9.0,0.3232758620689655
"read, evaluate and edit manuscripts or other materials submitted for publication and confer with authors regarding changes in content, style or organization, or publication.",task iteration,88.0,3.1609195402298855
"read, evaluate and edit manuscripts or other materials submitted for publication and confer with authors regarding changes in content, style or organization, or publication.",validation,725.0,26.041666666666668
receive and respond to customer complaints.,directive,174.0,69.04761904761905
receive and respond to customer complaints.,none,63.0,25.0
receive and respond to customer complaints.,not_classified,15.0,5.952380952380952
"receive charge slips or credit applications by mail, or receive information from salespeople or merchants by telephone.",directive,68.0,83.9506172839506
"receive charge slips or credit applications by mail, or receive information from salespeople or merchants by telephone.",not_classified,13.0,16.049382716049383
"receive orders for services, such as rentals, repairs, dry cleaning, and storage.",directive,34.0,85.0
"receive orders for services, such as rentals, repairs, dry cleaning, and storage.",not_classified,6.0,15.0
"receive patients, schedule appointments, and maintain patient records.",directive,19.0,73.07692307692307
"receive patients, schedule appointments, and maintain patient records.",not_classified,7.0,26.923076923076923
"receive payment by cash, check, credit cards, vouchers, or automatic debits.",directive,212.0,84.8
"receive payment by cash, check, credit cards, vouchers, or automatic debits.",none,18.0,7.199999999999999
"receive payment by cash, check, credit cards, vouchers, or automatic debits.",not_classified,20.0,8.0
receive payment or obtain credit authorization.,directive,144.0,88.88888888888889
receive payment or obtain credit authorization.,not_classified,18.0,11.11111111111111
"recommend actions related to historical art, such as which items to add to a collection or which items to display in an exhibit.",directive,23.0,85.18518518518519
"recommend actions related to historical art, such as which items to add to a collection or which items to display in an exhibit.",not_classified,4.0,14.814814814814813
"recommend and explain the use of cosmetics, lotions, and creams to soften and lubricate skin and enhance and restore natural appearance.",directive,39.0,84.78260869565217
"recommend and explain the use of cosmetics, lotions, and creams to soften and lubricate skin and enhance and restore natural appearance.",not_classified,7.0,15.217391304347828
recommend and provide advice on a wide variety of products and services.,directive,209.0,79.77099236641222
recommend and provide advice on a wide variety of products and services.,learning,23.0,8.778625954198473
recommend and provide advice on a wide variety of products and services.,none,18.0,6.870229007633588
recommend and provide advice on a wide variety of products and services.,not_classified,12.0,4.580152671755725
"recommend changes to improve systems and network configurations, and determine hardware or software requirements related to such changes.",not_classified,21.0,100.0
recommend design modifications to eliminate machine or system malfunctions.,directive,15.0,62.5
recommend design modifications to eliminate machine or system malfunctions.,not_classified,9.0,37.5
"recommend financial products, such as stocks, bonds, mutual funds, or insurance.",directive,414.0,89.22413793103449
"recommend financial products, such as stocks, bonds, mutual funds, or insurance.",not_classified,29.0,6.25
"recommend financial products, such as stocks, bonds, mutual funds, or insurance.",task iteration,21.0,4.525862068965517
recommend improvements in security systems or procedures.,not_classified,24.0,100.0
"recommend investments and investment timing to companies, investment firm staff, or the public.",directive,198.0,95.1923076923077
"recommend investments and investment timing to companies, investment firm staff, or the public.",not_classified,10.0,4.807692307692308
recommend merchandise or services that will meet customers' needs.,directive,72.0,67.9245283018868
recommend merchandise or services that will meet customers' needs.,not_classified,34.0,32.075471698113205
"recommend methods for improving utilization of personnel, material, and utilities.",not_classified,17.0,100.0
recommend new equipment or software packages.,directive,80.0,91.95402298850574
recommend new equipment or software packages.,not_classified,7.0,8.045977011494253
recommend new systems and processes to improve operations.,not_classified,17.0,100.0
recommend procedures or equipment or software upgrades to increase data accessibility or ease of use.,not_classified,17.0,100.0
"recommend products to customers, based on customers' needs and interests.",directive,84.0,62.68656716417911
"recommend products to customers, based on customers' needs and interests.",learning,16.0,11.940298507462686
"recommend products to customers, based on customers' needs and interests.",not_classified,34.0,25.37313432835821
"recommend strategies for clients to meet their financial goals, such as borrowing money through loans or loan programs, declaring bankruptcy, making budget adjustments, or enrolling in debt management plans.",directive,87.0,70.73170731707317
"recommend strategies for clients to meet their financial goals, such as borrowing money through loans or loan programs, declaring bankruptcy, making budget adjustments, or enrolling in debt management plans.",learning,20.0,16.260162601626014
"recommend strategies for clients to meet their financial goals, such as borrowing money through loans or loan programs, declaring bankruptcy, making budget adjustments, or enrolling in debt management plans.",not_classified,16.0,13.008130081300814
recommend the use of vitamin and mineral supplements to enhance the health of patients and children.,directive,16.0,61.53846153846154
recommend the use of vitamin and mineral supplements to enhance the health of patients and children.,not_classified,10.0,38.46153846153847
"recommend, select, and help locate or obtain merchandise based on customer needs and desires.",directive,1084.0,90.33333333333333
"recommend, select, and help locate or obtain merchandise based on customer needs and desires.",feedback loop,23.0,1.9166666666666665
"recommend, select, and help locate or obtain merchandise based on customer needs and desires.",learning,29.0,2.4166666666666665
"recommend, select, and help locate or obtain merchandise based on customer needs and desires.",none,22.0,1.8333333333333333
"recommend, select, and help locate or obtain merchandise based on customer needs and desires.",not_classified,2.0,0.16666666666666669
"recommend, select, and help locate or obtain merchandise based on customer needs and desires.",task iteration,40.0,3.3333333333333335
reconcile records of bank transactions.,directive,22.0,88.0
reconcile records of bank transactions.,not_classified,3.0,12.0
"record and compile operating data, instrument readings, documentation, and results of laboratory analyses.",directive,117.0,52.0
"record and compile operating data, instrument readings, documentation, and results of laboratory analyses.",none,96.0,42.66666666666667
"record and compile operating data, instrument readings, documentation, and results of laboratory analyses.",not_classified,12.0,5.333333333333334
"record and compile operational data by completing and maintaining forms, logs, or reports.",directive,380.0,58.46153846153847
"record and compile operational data by completing and maintaining forms, logs, or reports.",none,248.0,38.15384615384615
"record and compile operational data by completing and maintaining forms, logs, or reports.",not_classified,22.0,3.3846153846153846
record and edit the minutes of meetings and distribute to appropriate officials or staff members.,directive,103.0,91.96428571428571
record and edit the minutes of meetings and distribute to appropriate officials or staff members.,not_classified,9.0,8.035714285714286
record and process results of procedures.,directive,175.0,54.51713395638629
record and process results of procedures.,none,101.0,31.464174454828658
record and process results of procedures.,not_classified,7.0,2.1806853582554515
record and process results of procedures.,validation,38.0,11.838006230529595
"record data from operations, testing, and production on specified forms.",directive,127.0,52.2633744855967
"record data from operations, testing, and production on specified forms.",none,109.0,44.8559670781893
"record data from operations, testing, and production on specified forms.",not_classified,7.0,2.880658436213992
record facts to prepare reports that document incidents and activities.,directive,368.0,80.87912087912088
record facts to prepare reports that document incidents and activities.,none,64.0,14.065934065934066
record facts to prepare reports that document incidents and activities.,not_classified,23.0,5.054945054945055
record food and fluid intake and output.,directive,32.0,86.48648648648648
record food and fluid intake and output.,not_classified,5.0,13.513513513513514
"record guest comments or complaints, referring customers to managers as necessary.",directive,38.0,92.6829268292683
"record guest comments or complaints, referring customers to managers as necessary.",not_classified,3.0,7.317073170731707
"record information such as computer operating time, problems that occurred, and actions taken.",directive,134.0,73.224043715847
"record information such as computer operating time, problems that occurred, and actions taken.",feedback loop,18.0,9.836065573770492
"record information such as computer operating time, problems that occurred, and actions taken.",none,22.0,12.021857923497267
"record information such as computer operating time, problems that occurred, and actions taken.",not_classified,9.0,4.918032786885246
"record information such as personnel, production, or operational data on specified forms or reports.",directive,298.0,80.3234501347709
"record information such as personnel, production, or operational data on specified forms or reports.",none,66.0,17.78975741239892
"record information such as personnel, production, or operational data on specified forms or reports.",not_classified,7.0,1.8867924528301887
"record information, such as the number of products tested, meter readings, or dates and times of product production.",directive,114.0,74.50980392156863
"record information, such as the number of products tested, meter readings, or dates and times of product production.",none,34.0,22.22222222222222
"record information, such as the number of products tested, meter readings, or dates and times of product production.",not_classified,5.0,3.2679738562091507
"record laboratory or field data, including numerical data, test results, photographs, or summaries of visual observations.",directive,359.0,75.73839662447257
"record laboratory or field data, including numerical data, test results, photographs, or summaries of visual observations.",none,95.0,20.042194092827003
"record laboratory or field data, including numerical data, test results, photographs, or summaries of visual observations.",not_classified,20.0,4.219409282700422
"record messages, suggesting rewording for clarity or conciseness.",directive,68.0,73.91304347826086
"record messages, suggesting rewording for clarity or conciseness.",not_classified,24.0,26.08695652173913
record operational data on specified forms.,directive,66.0,66.0
record operational data on specified forms.,none,32.0,32.0
record operational data on specified forms.,not_classified,2.0,2.0
"record operational data, such as temperatures, pressures, ingredients used, processing times, or test results.",directive,16.0,59.25925925925925
"record operational data, such as temperatures, pressures, ingredients used, processing times, or test results.",not_classified,11.0,40.74074074074074
record operational or production data on specified forms.,directive,28.0,63.63636363636363
record operational or production data on specified forms.,not_classified,16.0,36.36363636363637
record patients' medical information and vital signs.,directive,29.0,96.66666666666667
record patients' medical information and vital signs.,not_classified,1.0,3.3333333333333335
record symbols on computer storage media and use computer aided transcription to translate and display them as text.,directive,255.0,96.22641509433963
record symbols on computer storage media and use computer aided transcription to translate and display them as text.,not_classified,10.0,3.7735849056603774
record test data and document fabrication techniques on reports.,directive,42.0,65.625
record test data and document fabrication techniques on reports.,not_classified,22.0,34.375
"record test data and prepare reports, summaries, or charts that interpret test results.",directive,155.0,80.31088082901555
"record test data and prepare reports, summaries, or charts that interpret test results.",not_classified,18.0,9.32642487046632
"record test data and prepare reports, summaries, or charts that interpret test results.",validation,20.0,10.362694300518134
"record test procedures and results, numerical and graphical data, and recommendations for changes in product or test methods.",directive,154.0,51.67785234899329
"record test procedures and results, numerical and graphical data, and recommendations for changes in product or test methods.",none,64.0,21.476510067114095
"record test procedures and results, numerical and graphical data, and recommendations for changes in product or test methods.",not_classified,11.0,3.691275167785235
"record test procedures and results, numerical and graphical data, and recommendations for changes in product or test methods.",validation,69.0,23.154362416107382
"record the exact locations and conditions of artifacts uncovered in diggings or surveys, using drawings and photographs as necessary.",directive,1191.0,86.68122270742357
"record the exact locations and conditions of artifacts uncovered in diggings or surveys, using drawings and photographs as necessary.",none,124.0,9.024745269286754
"record the exact locations and conditions of artifacts uncovered in diggings or surveys, using drawings and photographs as necessary.",not_classified,18.0,1.3100436681222707
"record the exact locations and conditions of artifacts uncovered in diggings or surveys, using drawings and photographs as necessary.",validation,41.0,2.9839883551673942
"record the number, type, and cost of items sold to determine which items may be unpopular or less profitable.",directive,18.0,94.73684210526315
"record the number, type, and cost of items sold to determine which items may be unpopular or less profitable.",not_classified,1.0,5.263157894736842
record treatment information in patient records.,directive,16.0,94.11764705882352
record treatment information in patient records.,not_classified,1.0,5.88235294117647
record work activities performed.,directive,22.0,75.86206896551724
record work activities performed.,not_classified,7.0,24.137931034482758
"record, process, and maintain patient data or treatment records and prepare reports.",directive,39.0,81.25
"record, process, and maintain patient data or treatment records and prepare reports.",not_classified,9.0,18.75
"record, review, and compile operations records, test results, and gauge readings such as temperatures, pressures, concentrations, and flows.",directive,53.0,64.63414634146342
"record, review, and compile operations records, test results, and gauge readings such as temperatures, pressures, concentrations, and flows.",none,18.0,21.951219512195124
"record, review, and compile operations records, test results, and gauge readings such as temperatures, pressures, concentrations, and flows.",not_classified,11.0,13.414634146341465
recruit and schedule research participants.,directive,27.0,58.69565217391305
recruit and schedule research participants.,not_classified,19.0,41.30434782608695
recruit staff members.,directive,24.0,80.0
recruit staff members.,not_classified,6.0,20.0
"recruit, interview, and select employees.",not_classified,21.0,100.0
"refer applicants to job openings or to interviews with other staff, in accordance with administrative guidelines or office procedures.",not_classified,20.0,100.0
"refer exporters to experts in areas such as trade financing, international marketing, government export requirements, international banking, or marine insurance.",directive,16.0,94.11764705882352
"refer exporters to experts in areas such as trade financing, international marketing, government export requirements, international banking, or marine insurance.",not_classified,1.0,5.88235294117647
refer unresolved customer grievances to designated departments for further investigation.,directive,132.0,85.71428571428571
refer unresolved customer grievances to designated departments for further investigation.,none,15.0,9.740259740259742
refer unresolved customer grievances to designated departments for further investigation.,not_classified,7.0,4.545454545454546
"reformat documents, moving paragraphs or columns.",directive,2454.0,85.77420482348829
"reformat documents, moving paragraphs or columns.",feedback loop,15.0,0.5242922055225445
"reformat documents, moving paragraphs or columns.",none,149.0,5.207969241523943
"reformat documents, moving paragraphs or columns.",not_classified,6.0,0.20971688220901785
"reformat documents, moving paragraphs or columns.",task iteration,182.0,6.3614120936735405
"reformat documents, moving paragraphs or columns.",validation,55.0,1.9224047535826634
reinstall software programs or adjust settings on existing software to fix machine malfunctions.,directive,780.0,40.24767801857585
reinstall software programs or adjust settings on existing software to fix machine malfunctions.,feedback loop,954.0,49.22600619195047
reinstall software programs or adjust settings on existing software to fix machine malfunctions.,learning,50.0,2.5799793601651184
reinstall software programs or adjust settings on existing software to fix machine malfunctions.,none,63.0,3.2507739938080498
reinstall software programs or adjust settings on existing software to fix machine malfunctions.,task iteration,70.0,3.611971104231166
reinstall software programs or adjust settings on existing software to fix machine malfunctions.,validation,21.0,1.08359133126935
"remotely monitor the flow of vehicles or inventory, using web-based logistics information systems to track vehicles or containers.",not_classified,15.0,100.0
rent properties or manage rental properties.,directive,38.0,79.16666666666666
rent properties or manage rental properties.,not_classified,10.0,20.833333333333336
"replace missing teeth and associated oral structures with permanent fixtures, such as implant-supported prostheses, crowns and bridges, or removable fixtures, such as dentures.",directive,42.0,71.1864406779661
"replace missing teeth and associated oral structures with permanent fixtures, such as implant-supported prostheses, crowns and bridges, or removable fixtures, such as dentures.",none,15.0,25.423728813559322
"replace missing teeth and associated oral structures with permanent fixtures, such as implant-supported prostheses, crowns and bridges, or removable fixtures, such as dentures.",not_classified,2.0,3.389830508474576
report all positions or trading results.,not_classified,16.0,100.0
"report any pertinent information to the proper authorities in cases of child endangerment, neglect, or abuse.",directive,21.0,51.21951219512195
"report any pertinent information to the proper authorities in cases of child endangerment, neglect, or abuse.",none,18.0,43.90243902439025
"report any pertinent information to the proper authorities in cases of child endangerment, neglect, or abuse.",not_classified,2.0,4.878048780487805
report results of statistical analyses in peer-reviewed papers and technical manuals.,directive,19.0,100.0
"report results of statistical analyses, including information in the form of graphs, charts, and tables.",directive,168.0,85.71428571428571
"report results of statistical analyses, including information in the form of graphs, charts, and tables.",not_classified,28.0,14.285714285714285
"research and analyze laws, regulations, policies, and precedent decisions to prepare for hearings and to determine conclusions.",directive,42.0,51.85185185185185
"research and analyze laws, regulations, policies, and precedent decisions to prepare for hearings and to determine conclusions.",learning,27.0,33.33333333333333
"research and analyze laws, regulations, policies, and precedent decisions to prepare for hearings and to determine conclusions.",not_classified,12.0,14.814814814814813
research and analyze member or community needs to determine program directions and goals.,directive,40.0,85.1063829787234
research and analyze member or community needs to determine program directions and goals.,not_classified,7.0,14.893617021276595
research and evaluate emerging instructional technologies or methods.,not_classified,17.0,100.0
research and identify potential customers for products or services.,directive,1816.0,92.04257475924987
research and identify potential customers for products or services.,none,92.0,4.66294982260517
research and identify potential customers for products or services.,not_classified,29.0,1.4698428788646731
research and identify potential customers for products or services.,task iteration,36.0,1.824632539280284
"research and prepare manuscripts in support of public programming and the development of exhibits at historic sites, museums, libraries, and archives.",directive,24.0,88.88888888888889
"research and prepare manuscripts in support of public programming and the development of exhibits at historic sites, museums, libraries, and archives.",not_classified,3.0,11.11111111111111
"research equipment or component needs, sources, competitive prices, delivery times, or ongoing operational costs.",not_classified,15.0,100.0
"research laws, regulations, policies, or precedent decisions to prepare for hearings.",directive,17.0,51.515151515151516
"research laws, regulations, policies, or precedent decisions to prepare for hearings.",not_classified,16.0,48.484848484848484
research legal issues and write opinions on the issues.,directive,20.0,60.60606060606061
research legal issues and write opinions on the issues.,not_classified,13.0,39.39393939393939
research new financial products or analytics to determine their usefulness.,directive,24.0,77.41935483870968
research new financial products or analytics to determine their usefulness.,not_classified,7.0,22.58064516129032
"research or develop analytical tools to address issues such as portfolio construction or optimization, performance measurement, attribution, profit and loss measurement, or pricing models.",directive,122.0,75.77639751552795
"research or develop analytical tools to address issues such as portfolio construction or optimization, performance measurement, attribution, profit and loss measurement, or pricing models.",learning,15.0,9.316770186335404
"research or develop analytical tools to address issues such as portfolio construction or optimization, performance measurement, attribution, profit and loss measurement, or pricing models.",not_classified,24.0,14.906832298136646
research or investigate products to be presented to prepare for demonstrations.,directive,16.0,94.11764705882352
research or investigate products to be presented to prepare for demonstrations.,not_classified,1.0,5.88235294117647
"research or recommend textbooks, software, equipment, or other learning materials to complement tutoring.",not_classified,33.0,100.0
"research production topics using the internet, video archives, and other informational sources.",directive,206.0,84.42622950819673
"research production topics using the internet, video archives, and other informational sources.",learning,30.0,12.295081967213115
"research production topics using the internet, video archives, and other informational sources.",not_classified,8.0,3.278688524590164
"research the history of a particular country or region, or of a specific time period.",directive,22.0,88.0
"research the history of a particular country or region, or of a specific time period.",not_classified,3.0,12.0
"research, compile, analyze and organize information from maps, reports, investigations, and books for use in reports and special projects.",directive,2243.0,87.34423676012462
"research, compile, analyze and organize information from maps, reports, investigations, and books for use in reports and special projects.",feedback loop,24.0,0.9345794392523363
"research, compile, analyze and organize information from maps, reports, investigations, and books for use in reports and special projects.",learning,120.0,4.672897196261682
"research, compile, analyze and organize information from maps, reports, investigations, and books for use in reports and special projects.",none,89.0,3.465732087227414
"research, compile, analyze and organize information from maps, reports, investigations, and books for use in reports and special projects.",task iteration,59.0,2.297507788161994
"research, compile, analyze and organize information from maps, reports, investigations, and books for use in reports and special projects.",validation,33.0,1.2850467289719625
"research, compile, and prepare reports, manuals, correspondence, or other information required by management or governmental agencies.",directive,58.0,84.05797101449275
"research, compile, and prepare reports, manuals, correspondence, or other information required by management or governmental agencies.",not_classified,11.0,15.942028985507244
"research, document, rate, or select alternatives for web architecture or technologies.",directive,17.0,80.95238095238095
"research, document, rate, or select alternatives for web architecture or technologies.",not_classified,4.0,19.047619047619047
"research, evaluate, and prepare recommendations on curricula, instructional methods, and materials for school systems.",directive,37.0,84.0909090909091
"research, evaluate, and prepare recommendations on curricula, instructional methods, and materials for school systems.",not_classified,7.0,15.909090909090908
"resolve any problems with itineraries, service, or accommodations.",directive,36.0,80.0
"resolve any problems with itineraries, service, or accommodations.",not_classified,9.0,20.0
resolve customer complaints or answer customers' questions regarding policies and procedures.,directive,176.0,57.70491803278689
resolve customer complaints or answer customers' questions regarding policies and procedures.,feedback loop,46.0,15.081967213114755
resolve customer complaints or answer customers' questions regarding policies and procedures.,learning,34.0,11.147540983606557
resolve customer complaints or answer customers' questions regarding policies and procedures.,none,32.0,10.491803278688524
resolve customer complaints or answer customers' questions regarding policies and procedures.,not_classified,17.0,5.573770491803279
resolve customer complaints regarding problems such as payout errors.,directive,59.0,59.0
resolve customer complaints regarding problems such as payout errors.,feedback loop,22.0,22.0
resolve customer complaints regarding problems such as payout errors.,not_classified,19.0,19.0
resolve customer complaints regarding sales and service.,directive,271.0,57.17299578059072
resolve customer complaints regarding sales and service.,feedback loop,115.0,24.261603375527425
resolve customer complaints regarding sales and service.,learning,24.0,5.063291139240507
resolve customer complaints regarding sales and service.,none,47.0,9.915611814345992
resolve customer complaints regarding sales and service.,not_classified,17.0,3.5864978902953584
resolve customer complaints regarding worker performance or services rendered.,directive,17.0,62.96296296296296
resolve customer complaints regarding worker performance or services rendered.,not_classified,10.0,37.03703703703704
resolve customer complaints.,directive,75.0,60.97560975609756
resolve customer complaints.,feedback loop,22.0,17.88617886178862
resolve customer complaints.,none,19.0,15.447154471544716
resolve customer complaints.,not_classified,7.0,5.691056910569105
resolve customer or employee complaints.,not_classified,29.0,100.0
"resolve customers' service or billing complaints by performing activities such as exchanging merchandise, refunding money, or adjusting bills.",directive,422.0,72.38421955403086
"resolve customers' service or billing complaints by performing activities such as exchanging merchandise, refunding money, or adjusting bills.",feedback loop,54.0,9.262435677530018
"resolve customers' service or billing complaints by performing activities such as exchanging merchandise, refunding money, or adjusting bills.",learning,27.0,4.631217838765009
"resolve customers' service or billing complaints by performing activities such as exchanging merchandise, refunding money, or adjusting bills.",none,66.0,11.320754716981133
"resolve customers' service or billing complaints by performing activities such as exchanging merchandise, refunding money, or adjusting bills.",not_classified,14.0,2.401372212692967
resolve discrepancies in accounting records.,directive,36.0,78.26086956521739
resolve discrepancies in accounting records.,not_classified,10.0,21.73913043478261
"resolve problems concerning transportation, logistics systems, imports or exports, or customer issues.",directive,71.0,79.7752808988764
"resolve problems concerning transportation, logistics systems, imports or exports, or customer issues.",not_classified,18.0,20.224719101123593
respond to and resolve patrons' complaints.,directive,31.0,58.490566037735846
respond to and resolve patrons' complaints.,not_classified,22.0,41.509433962264154
"respond to customer and supplier inquiries about order status, changes, or cancellations.",directive,140.0,83.33333333333334
"respond to customer and supplier inquiries about order status, changes, or cancellations.",not_classified,28.0,16.666666666666664
"respond to customer complaints, legal inquiries, payment negotiations, or other post-service matters.",directive,52.0,76.47058823529412
"respond to customer complaints, legal inquiries, payment negotiations, or other post-service matters.",not_classified,16.0,23.52941176470588
"respond to customer complaints, taking action as necessary.",directive,158.0,62.94820717131474
"respond to customer complaints, taking action as necessary.",feedback loop,23.0,9.163346613545817
"respond to customer complaints, taking action as necessary.",none,55.0,21.91235059760956
"respond to customer complaints, taking action as necessary.",not_classified,15.0,5.9760956175298805
respond to customer inquiries or complaints.,directive,1249.0,62.70080321285141
respond to customer inquiries or complaints.,feedback loop,96.0,4.819277108433735
respond to customer inquiries or complaints.,learning,106.0,5.321285140562249
respond to customer inquiries or complaints.,none,469.0,23.54417670682731
respond to customer inquiries or complaints.,task iteration,19.0,0.9538152610441768
respond to customer inquiries or complaints.,validation,53.0,2.6606425702811247
"respond to customer, public, or media requests for information about wellness programs or services.",directive,21.0,100.0
respond to customers' or shippers' questions and complaints regarding storage and distribution services.,directive,32.0,68.08510638297872
respond to customers' or shippers' questions and complaints regarding storage and distribution services.,not_classified,15.0,31.914893617021278
respond to general inquiries or requests from the public.,directive,52.0,23.423423423423422
respond to general inquiries or requests from the public.,learning,19.0,8.558558558558559
respond to general inquiries or requests from the public.,none,143.0,64.41441441441441
respond to general inquiries or requests from the public.,not_classified,8.0,3.6036036036036037
respond to program error messages by finding and correcting problems or terminating the program.,directive,763.0,29.58511050794882
respond to program error messages by finding and correcting problems or terminating the program.,feedback loop,646.0,25.04846839860411
respond to program error messages by finding and correcting problems or terminating the program.,learning,118.0,4.575416828227995
respond to program error messages by finding and correcting problems or terminating the program.,none,908.0,35.20744474602559
respond to program error messages by finding and correcting problems or terminating the program.,task iteration,95.0,3.683598293912369
respond to program error messages by finding and correcting problems or terminating the program.,validation,49.0,1.8999612252811167
respond to public inquiries and complaints.,not_classified,21.0,100.0
"respond to questions and inquiries, such as those concerning service charges and capacity fees, or refer them to supervisors.",not_classified,30.0,100.0
respond to requests for information from the media or designate an appropriate spokesperson or information source.,directive,637.0,99.22118380062305
respond to requests for information from the media or designate an appropriate spokesperson or information source.,not_classified,5.0,0.778816199376947
"respond to requests for information from the public, other municipalities, state officials, or state and federal legislative offices.",directive,23.0,88.46153846153845
"respond to requests for information from the public, other municipalities, state officials, or state and federal legislative offices.",not_classified,3.0,11.538461538461538
"respond to user email inquiries, or set up automated systems to send responses.",directive,44.0,44.89795918367347
"respond to user email inquiries, or set up automated systems to send responses.",none,51.0,52.04081632653062
"respond to user email inquiries, or set up automated systems to send responses.",not_classified,3.0,3.061224489795918
retrieve information from central databases for storage in a library's computer.,directive,352.0,76.85589519650655
retrieve information from central databases for storage in a library's computer.,feedback loop,15.0,3.2751091703056767
retrieve information from central databases for storage in a library's computer.,learning,47.0,10.262008733624455
retrieve information from central databases for storage in a library's computer.,none,37.0,8.078602620087336
retrieve information from central databases for storage in a library's computer.,not_classified,7.0,1.5283842794759825
"retrieve patient medical records for physicians, technicians, or other medical personnel.",directive,72.0,98.63013698630137
"retrieve patient medical records for physicians, technicians, or other medical personnel.",not_classified,1.0,1.36986301369863
"retrieve, separate and sort program output as needed, and send data to specified users.",directive,209.0,82.28346456692913
"retrieve, separate and sort program output as needed, and send data to specified users.",none,20.0,7.874015748031496
"retrieve, separate and sort program output as needed, and send data to specified users.",not_classified,25.0,9.84251968503937
"review advertising trends, consumer surveys, and other data regarding marketing of goods and services to determine the best way to promote products.",directive,43.0,91.48936170212765
"review advertising trends, consumer surveys, and other data regarding marketing of goods and services to determine the best way to promote products.",not_classified,4.0,8.51063829787234
"review all regulatory agency submission materials to ensure timeliness, accuracy, comprehensiveness, or compliance with regulatory standards.",directive,16.0,76.19047619047619
"review all regulatory agency submission materials to ensure timeliness, accuracy, comprehensiveness, or compliance with regulatory standards.",not_classified,5.0,23.809523809523807
review all securities transactions to ensure accuracy of information and conformance to governing agency regulations.,directive,20.0,83.33333333333334
review all securities transactions to ensure accuracy of information and conformance to governing agency regulations.,not_classified,4.0,16.666666666666664
"review and analyze computer printouts and performance indicators to locate code problems, and correct errors by correcting codes.",directive,4051.0,45.091273374888694
"review and analyze computer printouts and performance indicators to locate code problems, and correct errors by correcting codes.",feedback loop,1380.0,15.360641139804097
"review and analyze computer printouts and performance indicators to locate code problems, and correct errors by correcting codes.",learning,463.0,5.153606411398041
"review and analyze computer printouts and performance indicators to locate code problems, and correct errors by correcting codes.",none,1926.0,21.438112199465717
"review and analyze computer printouts and performance indicators to locate code problems, and correct errors by correcting codes.",task iteration,252.0,2.8049866429207477
"review and analyze computer printouts and performance indicators to locate code problems, and correct errors by correcting codes.",validation,912.0,10.151380231522706
"review and analyze new, proposed, or revised laws, regulations, policies, and procedures to interpret their meaning and determine their impact.",directive,190.0,84.070796460177
"review and analyze new, proposed, or revised laws, regulations, policies, and procedures to interpret their meaning and determine their impact.",learning,16.0,7.079646017699115
"review and analyze new, proposed, or revised laws, regulations, policies, and procedures to interpret their meaning and determine their impact.",not_classified,20.0,8.849557522123893
review and approve proofs submitted by composing room prior to publication production.,directive,29.0,74.35897435897436
review and approve proofs submitted by composing room prior to publication production.,not_classified,10.0,25.64102564102564
"review and edit transcribed reports or dictated material for spelling, grammar, clarity, consistency, and proper medical terminology.",directive,77.0,66.37931034482759
"review and edit transcribed reports or dictated material for spelling, grammar, clarity, consistency, and proper medical terminology.",not_classified,12.0,10.344827586206897
"review and edit transcribed reports or dictated material for spelling, grammar, clarity, consistency, and proper medical terminology.",validation,27.0,23.275862068965516
"review and evaluate new and current programs to determine their efficiency, effectiveness, and compliance with state, local, and federal regulations and recommend any necessary modifications.",directive,15.0,93.75
"review and evaluate new and current programs to determine their efficiency, effectiveness, and compliance with state, local, and federal regulations and recommend any necessary modifications.",not_classified,1.0,6.25
review and evaluate notes taken about news events to isolate pertinent facts and details.,not_classified,21.0,100.0
"review and interpret plans, blueprints, site layouts, specifications, or construction methods to ensure compliance to legal requirements and safety regulations.",directive,20.0,86.95652173913044
"review and interpret plans, blueprints, site layouts, specifications, or construction methods to ensure compliance to legal requirements and safety regulations.",not_classified,3.0,13.043478260869565
"review and verify data, such as age, name, address, and principal sum and value of property on insurance applications and policies.",directive,135.0,91.21621621621621
"review and verify data, such as age, name, address, and principal sum and value of property on insurance applications and policies.",not_classified,13.0,8.783783783783784
"review blueprints, building codes, or specifications to determine work details or procedures.",directive,49.0,90.74074074074075
"review blueprints, building codes, or specifications to determine work details or procedures.",not_classified,5.0,9.25925925925926
"review blueprints, sketches, or work orders to gather information about tasks to be completed.",directive,27.0,100.0
review books and journal articles for potential publication.,directive,16.0,59.25925925925925
review books and journal articles for potential publication.,not_classified,11.0,40.74074074074074
"review catalogs, industry periodicals, directories, trade journals, and internet sites and consult with other department personnel to locate necessary goods and services.",directive,21.0,100.0
"review changes to financial, family, or employment situations to determine whether changes to existing debt management plans, spending plans, or budgets are needed.",directive,17.0,85.0
"review changes to financial, family, or employment situations to determine whether changes to existing debt management plans, spending plans, or budgets are needed.",not_classified,3.0,15.0
"review class material with students by discussing text, working solutions to problems, or reviewing worksheets or other assignments.",directive,690.0,65.27909176915799
"review class material with students by discussing text, working solutions to problems, or reviewing worksheets or other assignments.",learning,208.0,19.67833491012299
"review class material with students by discussing text, working solutions to problems, or reviewing worksheets or other assignments.",none,34.0,3.216650898770104
"review class material with students by discussing text, working solutions to problems, or reviewing worksheets or other assignments.",not_classified,3.0,0.28382213812677387
"review class material with students by discussing text, working solutions to problems, or reviewing worksheets or other assignments.",task iteration,87.0,8.230842005676443
"review class material with students by discussing text, working solutions to problems, or reviewing worksheets or other assignments.",validation,35.0,3.3112582781456954
review completed construction drawings and cost estimates for accuracy and conformity to standards and regulations.,directive,21.0,84.0
review completed construction drawings and cost estimates for accuracy and conformity to standards and regulations.,not_classified,4.0,16.0
"review data about material assets, net worth, liabilities, capital stock, surplus, income, and expenditures.",directive,110.0,90.9090909090909
"review data about material assets, net worth, liabilities, capital stock, surplus, income, and expenditures.",not_classified,11.0,9.090909090909092
"review documents such as purchase orders, sales tickets, charge slips, or hospital records to compute fees or charges due.",directive,172.0,82.29665071770334
"review documents such as purchase orders, sales tickets, charge slips, or hospital records to compute fees or charges due.",feedback loop,21.0,10.047846889952153
"review documents such as purchase orders, sales tickets, charge slips, or hospital records to compute fees or charges due.",not_classified,16.0,7.655502392344498
"review employer practices or employee data to ensure compliance with contracts on matters such as wages, hours, or conditions of employment.",directive,17.0,80.95238095238095
"review employer practices or employee data to ensure compliance with contracts on matters such as wages, hours, or conditions of employment.",not_classified,4.0,19.047619047619047
review employment applications and job orders to match applicants with job requirements.,directive,376.0,89.52380952380953
review employment applications and job orders to match applicants with job requirements.,none,33.0,7.857142857142857
review employment applications and job orders to match applicants with job requirements.,not_classified,11.0,2.619047619047619
"review files, records, and other documents to obtain information to respond to requests.",directive,227.0,76.6891891891892
"review files, records, and other documents to obtain information to respond to requests.",none,48.0,16.216216216216218
"review files, records, and other documents to obtain information to respond to requests.",not_classified,1.0,0.33783783783783783
"review files, records, and other documents to obtain information to respond to requests.",validation,20.0,6.756756756756757
"review financial periodicals, stock and bond reports, business publications, or other material to identify potential investments for clients or to keep abreast of trends affecting market conditions.",directive,45.0,93.75
"review financial periodicals, stock and bond reports, business publications, or other material to identify potential investments for clients or to keep abreast of trends affecting market conditions.",not_classified,3.0,6.25
"review financial statements, sales or activity reports, or other performance data to identify opportunities for cost reductions or service improvements.",directive,98.0,83.05084745762711
"review financial statements, sales or activity reports, or other performance data to identify opportunities for cost reductions or service improvements.",not_classified,20.0,16.94915254237288
"review financial statements, sales or activity reports, or other performance data to measure productivity or goal achievement or to identify areas needing cost reduction or program improvement.",directive,312.0,86.1878453038674
"review financial statements, sales or activity reports, or other performance data to measure productivity or goal achievement or to identify areas needing cost reduction or program improvement.",not_classified,11.0,3.0386740331491713
"review financial statements, sales or activity reports, or other performance data to measure productivity or goal achievement or to identify areas needing cost reduction or program improvement.",task iteration,20.0,5.524861878453039
"review financial statements, sales or activity reports, or other performance data to measure productivity or goal achievement or to identify areas needing cost reduction or program improvement.",validation,19.0,5.248618784530387
review individual or commercial customer files to identify and select delinquent accounts for collection.,directive,29.0,78.37837837837837
review individual or commercial customer files to identify and select delinquent accounts for collection.,not_classified,8.0,21.62162162162162
review information about programs and schedules to ensure accuracy and provide such information to local media outlets.,directive,25.0,96.15384615384616
review information about programs and schedules to ensure accuracy and provide such information to local media outlets.,not_classified,1.0,3.8461538461538463
"review instructional content, methods, and student evaluations to assess strengths and weaknesses, and to develop recommendations for course revision, development, or elimination.",directive,143.0,58.606557377049185
"review instructional content, methods, and student evaluations to assess strengths and weaknesses, and to develop recommendations for course revision, development, or elimination.",not_classified,30.0,12.295081967213115
"review instructional content, methods, and student evaluations to assess strengths and weaknesses, and to develop recommendations for course revision, development, or elimination.",validation,71.0,29.098360655737704
review legal publications and perform database searches to identify laws and court decisions relevant to pending cases.,not_classified,15.0,100.0
review manuscripts for publication in books and professional journals.,directive,119.0,49.37759336099585
review manuscripts for publication in books and professional journals.,none,17.0,7.053941908713693
review manuscripts for publication in books and professional journals.,not_classified,13.0,5.394190871369295
review manuscripts for publication in books and professional journals.,validation,92.0,38.17427385892116
review materials such as marketing literature or user manuals to ensure that regulatory agency requirements are met.,directive,43.0,72.88135593220339
review materials such as marketing literature or user manuals to ensure that regulatory agency requirements are met.,not_classified,16.0,27.11864406779661
"review operating practices and procedures to determine whether improvements can be made in areas such as workflow, reporting procedures, or expenditures.",directive,82.0,79.6116504854369
"review operating practices and procedures to determine whether improvements can be made in areas such as workflow, reporting procedures, or expenditures.",not_classified,21.0,20.388349514563107
review or evaluate proposals or bids to make recommendations regarding awarding of contracts.,directive,64.0,94.11764705882352
review or evaluate proposals or bids to make recommendations regarding awarding of contracts.,not_classified,4.0,5.88235294117647
"review or update web page content or links in a timely manner, using appropriate tools.",directive,422.0,90.36402569593149
"review or update web page content or links in a timely manner, using appropriate tools.",none,19.0,4.068522483940043
"review or update web page content or links in a timely manner, using appropriate tools.",not_classified,26.0,5.567451820128479
review papers for colleagues and scientific journals.,directive,79.0,63.70967741935484
review papers for colleagues and scientific journals.,not_classified,8.0,6.451612903225806
review papers for colleagues and scientific journals.,validation,37.0,29.838709677419356
review papers for publication in journals.,directive,102.0,61.81818181818181
review papers for publication in journals.,not_classified,23.0,13.939393939393941
review papers for publication in journals.,validation,40.0,24.242424242424242
"review papers or serve on editorial boards for scientific journals, and review grant proposals for federal agencies.",directive,167.0,51.86335403726709
"review papers or serve on editorial boards for scientific journals, and review grant proposals for federal agencies.",none,34.0,10.559006211180124
"review papers or serve on editorial boards for scientific journals, and review grant proposals for federal agencies.",not_classified,21.0,6.521739130434782
"review papers or serve on editorial boards for scientific journals, and review grant proposals for federal agencies.",validation,100.0,31.05590062111801
"review papers or serve on editorial boards for scientific journals, and review grant proposals for various agencies.",directive,212.0,51.3317191283293
"review papers or serve on editorial boards for scientific journals, and review grant proposals for various agencies.",none,53.0,12.832929782082324
"review papers or serve on editorial boards for scientific journals, and review grant proposals for various agencies.",not_classified,15.0,3.631961259079903
"review papers or serve on editorial boards for scientific journals, and review grant proposals for various agencies.",validation,133.0,32.20338983050847
review procedures in database management system manuals for making changes to database.,directive,25.0,35.714285714285715
review procedures in database management system manuals for making changes to database.,learning,16.0,22.857142857142858
review procedures in database management system manuals for making changes to database.,not_classified,10.0,14.285714285714285
review procedures in database management system manuals for making changes to database.,validation,19.0,27.142857142857142
"review project activities and prepare and review research, testing, or operational reports.",directive,31.0,58.490566037735846
"review project activities and prepare and review research, testing, or operational reports.",not_classified,22.0,41.509433962264154
"review property listings, trade journals, and relevant literature, and attend conventions, seminars, and staff and association meetings to remain knowledgeable about real estate markets.",directive,46.0,95.83333333333334
"review property listings, trade journals, and relevant literature, and attend conventions, seminars, and staff and association meetings to remain knowledgeable about real estate markets.",not_classified,2.0,4.166666666666666
"review proposed study protocols to evaluate factors such as sample collection processes, data management plans, and potential subject risks.",directive,34.0,70.83333333333334
"review proposed study protocols to evaluate factors such as sample collection processes, data management plans, and potential subject risks.",not_classified,14.0,29.166666666666668
"review published materials and recommend revisions or changes in scope, format, content, and methods of reproduction and binding.",directive,44.0,67.6923076923077
"review published materials and recommend revisions or changes in scope, format, content, and methods of reproduction and binding.",not_classified,21.0,32.30769230769231
"review records for completeness, accuracy, and compliance with regulations.",directive,44.0,46.31578947368421
"review records for completeness, accuracy, and compliance with regulations.",not_classified,4.0,4.2105263157894735
"review records for completeness, accuracy, and compliance with regulations.",validation,47.0,49.473684210526315
review records or reports for clarity and completeness and maintain records or reports as required under federal law.,not_classified,18.0,100.0
review reports of securities transactions or price lists to analyze market conditions.,directive,136.0,93.15068493150685
review reports of securities transactions or price lists to analyze market conditions.,not_classified,10.0,6.8493150684931505
"review research or literature in art therapy, psychology, or related disciplines.",directive,34.0,66.66666666666666
"review research or literature in art therapy, psychology, or related disciplines.",not_classified,17.0,33.33333333333333
review scientific proposals and research papers.,directive,64.0,78.04878048780488
review scientific proposals and research papers.,not_classified,18.0,21.951219512195124
"review software documentation to ensure technical accuracy, compliance, or completeness, or to mitigate risks.",directive,3691.0,61.414309484193005
"review software documentation to ensure technical accuracy, compliance, or completeness, or to mitigate risks.",feedback loop,149.0,2.4792013311148087
"review software documentation to ensure technical accuracy, compliance, or completeness, or to mitigate risks.",learning,503.0,8.369384359400998
"review software documentation to ensure technical accuracy, compliance, or completeness, or to mitigate risks.",none,789.0,13.12811980033278
"review software documentation to ensure technical accuracy, compliance, or completeness, or to mitigate risks.",task iteration,183.0,3.0449251247920133
"review software documentation to ensure technical accuracy, compliance, or completeness, or to mitigate risks.",validation,695.0,11.564059900166388
review technical documents to ensure completeness and conformance to requirements.,directive,17.0,100.0
"review work orders, blueprints, specifications, or job samples to determine components, settings, and adjustments for cutting and slicing machines.",directive,52.0,80.0
"review work orders, blueprints, specifications, or job samples to determine components, settings, and adjustments for cutting and slicing machines.",not_classified,13.0,20.0
"review written, audio, or video copy and correct errors in content, grammar, or punctuation, following prescribed editorial style and formatting guidelines.",directive,201.0,89.33333333333333
"review written, audio, or video copy and correct errors in content, grammar, or punctuation, following prescribed editorial style and formatting guidelines.",not_classified,8.0,3.5555555555555554
"review written, audio, or video copy and correct errors in content, grammar, or punctuation, following prescribed editorial style and formatting guidelines.",task iteration,16.0,7.111111111111111
"review, approve, or interpret genetic laboratory results.",directive,73.0,76.04166666666666
"review, approve, or interpret genetic laboratory results.",not_classified,3.0,3.125
"review, approve, or interpret genetic laboratory results.",validation,20.0,20.833333333333336
"review, classify, and record survey data in preparation for computer analysis.",directive,11618.0,88.74121600977696
"review, classify, and record survey data in preparation for computer analysis.",feedback loop,40.0,0.30553009471432935
"review, classify, and record survey data in preparation for computer analysis.",learning,92.0,0.7027192178429575
"review, classify, and record survey data in preparation for computer analysis.",none,1003.0,7.661167124961808
"review, classify, and record survey data in preparation for computer analysis.",task iteration,48.0,0.36663611365719523
"review, classify, and record survey data in preparation for computer analysis.",validation,291.0,2.222731439046746
"review, evaluate, and approve specifications for issuing and awarding bids.",directive,98.0,98.0
"review, evaluate, and approve specifications for issuing and awarding bids.",not_classified,2.0,2.0
"review, recommend, or approve contracts or cost estimates.",not_classified,17.0,100.0
"revise existing marketing plans or campaigns for green products, technologies, or services.",not_classified,16.0,100.0
"revise programs or tapes to eliminate errors, and retest programs to check that problems have been solved.",directive,2056.0,47.23179416494372
"revise programs or tapes to eliminate errors, and retest programs to check that problems have been solved.",feedback loop,1746.0,40.11026878015162
"revise programs or tapes to eliminate errors, and retest programs to check that problems have been solved.",learning,88.0,2.0215943027796923
"revise programs or tapes to eliminate errors, and retest programs to check that problems have been solved.",none,259.0,5.9499195956811395
"revise programs or tapes to eliminate errors, and retest programs to check that problems have been solved.",task iteration,133.0,3.0553641167011256
"revise programs or tapes to eliminate errors, and retest programs to check that problems have been solved.",validation,71.0,1.6310590397427063
revise work to meet editorial approval or to fit time or space requirements.,directive,20.0,90.9090909090909
revise work to meet editorial approval or to fit time or space requirements.,not_classified,2.0,9.090909090909092
"revise written material to meet personal standards and to satisfy needs of clients, publishers, directors, or producers.",directive,27.0,96.42857142857143
"revise written material to meet personal standards and to satisfy needs of clients, publishers, directors, or producers.",not_classified,1.0,3.571428571428571
scan or read incoming materials to determine how and where they should be classified or filed.,directive,45.0,84.90566037735849
scan or read incoming materials to determine how and where they should be classified or filed.,not_classified,8.0,15.09433962264151
"schedule and confirm appointments for clients, customers, or supervisors.",directive,428.0,74.43478260869566
"schedule and confirm appointments for clients, customers, or supervisors.",feedback loop,46.0,8.0
"schedule and confirm appointments for clients, customers, or supervisors.",none,89.0,15.478260869565217
"schedule and confirm appointments for clients, customers, or supervisors.",not_classified,12.0,2.086956521739131
"schedule and confirm patient diagnostic appointments, surgeries, or medical consultations.",directive,48.0,82.75862068965517
"schedule and confirm patient diagnostic appointments, surgeries, or medical consultations.",not_classified,10.0,17.24137931034483
schedule and make appointments.,directive,113.0,75.83892617449665
schedule and make appointments.,none,22.0,14.76510067114094
schedule and make appointments.,not_classified,14.0,9.395973154362416
schedule appointments and maintain and update appointment calendars.,directive,79.0,80.61224489795919
schedule appointments and maintain and update appointment calendars.,none,16.0,16.3265306122449
schedule appointments and maintain and update appointment calendars.,not_classified,3.0,3.061224489795918
schedule appointments for patients.,directive,255.0,77.0392749244713
schedule appointments for patients.,feedback loop,16.0,4.833836858006042
schedule appointments for patients.,none,45.0,13.595166163141995
schedule appointments for patients.,not_classified,15.0,4.531722054380665
schedule appointments for sales representatives to meet with prospective customers or for customers to attend sales presentations.,directive,51.0,89.47368421052632
schedule appointments for sales representatives to meet with prospective customers or for customers to attend sales presentations.,not_classified,6.0,10.526315789473683
schedule client appointments and accept payments.,not_classified,16.0,100.0
schedule client appointments.,directive,47.0,70.1492537313433
schedule client appointments.,not_classified,20.0,29.850746268656714
"schedule or dispatch workers, work crews, equipment, or service vehicles to appropriate locations, according to customer requests, specifications, or needs, using radios or telephones.",directive,32.0,54.23728813559322
"schedule or dispatch workers, work crews, equipment, or service vehicles to appropriate locations, according to customer requests, specifications, or needs, using radios or telephones.",none,24.0,40.67796610169492
"schedule or dispatch workers, work crews, equipment, or service vehicles to appropriate locations, according to customer requests, specifications, or needs, using radios or telephones.",not_classified,3.0,5.084745762711865
"schedule special events such as camps, conferences, meetings, seminars, or retreats.",not_classified,15.0,100.0
"screen job applicants, and hire new employees.",directive,57.0,80.28169014084507
"screen job applicants, and hire new employees.",not_classified,14.0,19.718309859154928
"script, plan, and create animated narrative sequences under tight deadlines, using computer software and hand drawing techniques.",not_classified,15.0,100.0
"search electronic sources, such as databases or repositories, or manual sources for information.",directive,1437.0,74.41740031071984
"search electronic sources, such as databases or repositories, or manual sources for information.",learning,301.0,15.587778353184877
"search electronic sources, such as databases or repositories, or manual sources for information.",none,131.0,6.784049715173484
"search electronic sources, such as databases or repositories, or manual sources for information.",not_classified,13.0,0.6732263076126359
"search electronic sources, such as databases or repositories, or manual sources for information.",task iteration,23.0,1.1910926980838943
"search electronic sources, such as databases or repositories, or manual sources for information.",validation,26.0,1.3464526152252718
"search for specific sets of stored, typed characters to make changes.",directive,673.0,70.61909758656874
"search for specific sets of stored, typed characters to make changes.",learning,34.0,3.5676810073452256
"search for specific sets of stored, typed characters to make changes.",none,217.0,22.770199370409234
"search for specific sets of stored, typed characters to make changes.",not_classified,29.0,3.04302203567681
search scientific literature to select and modify methods and procedures most appropriate for genetic research goals.,directive,69.0,77.52808988764045
search scientific literature to select and modify methods and procedures most appropriate for genetic research goals.,not_classified,20.0,22.47191011235955
"search standard reference materials, including online sources and the internet, to answer patrons' reference questions.",directive,480.0,65.66347469220246
"search standard reference materials, including online sources and the internet, to answer patrons' reference questions.",learning,144.0,19.699042407660738
"search standard reference materials, including online sources and the internet, to answer patrons' reference questions.",none,65.0,8.891928864569083
"search standard reference materials, including online sources and the internet, to answer patrons' reference questions.",not_classified,13.0,1.7783857729138166
"search standard reference materials, including online sources and the internet, to answer patrons' reference questions.",validation,29.0,3.9671682626538987
seek and provide information to help companies determine their position in the marketplace.,directive,2714.0,95.76570218772054
seek and provide information to help companies determine their position in the marketplace.,learning,41.0,1.4467184191954834
seek and provide information to help companies determine their position in the marketplace.,none,27.0,0.9527170077628794
seek and provide information to help companies determine their position in the marketplace.,not_classified,14.0,0.4940014114326041
seek and provide information to help companies determine their position in the marketplace.,validation,38.0,1.340860973888497
seek out new clients and develop clientele by networking to find new customers and generate lists of prospective clients.,directive,39.0,72.22222222222221
seek out new clients and develop clientele by networking to find new customers and generate lists of prospective clients.,not_classified,15.0,27.77777777777778
"select and assemble books, materials, supplies, and equipment for training, courses, or projects.",directive,26.0,76.47058823529412
"select and assemble books, materials, supplies, and equipment for training, courses, or projects.",not_classified,8.0,23.52941176470588
"select and assemble equipment and required background properties, according to subjects, materials, and conditions.",directive,25.0,100.0
"select and edit documents for publication and display, applying knowledge of subject, literary expression, and presentation techniques.",directive,1231.0,90.44819985304923
"select and edit documents for publication and display, applying knowledge of subject, literary expression, and presentation techniques.",none,37.0,2.718589272593681
"select and edit documents for publication and display, applying knowledge of subject, literary expression, and presentation techniques.",not_classified,26.0,1.9103600293901544
"select and edit documents for publication and display, applying knowledge of subject, literary expression, and presentation techniques.",task iteration,67.0,4.922850844966936
select and obtain materials and supplies such as textbooks and laboratory equipment.,directive,21.0,95.45454545454545
select and obtain materials and supplies such as textbooks and laboratory equipment.,not_classified,1.0,4.545454545454546
select and obtain materials and supplies such as textbooks.,directive,29.0,90.625
select and obtain materials and supplies such as textbooks.,not_classified,3.0,9.375
"select and use laboratory, operational, or diagnostic techniques or test equipment to assess electromechanical circuits, equipment, processes, systems, or subsystems.",directive,82.0,55.4054054054054
"select and use laboratory, operational, or diagnostic techniques or test equipment to assess electromechanical circuits, equipment, processes, systems, or subsystems.",none,34.0,22.972972972972975
"select and use laboratory, operational, or diagnostic techniques or test equipment to assess electromechanical circuits, equipment, processes, systems, or subsystems.",not_classified,32.0,21.62162162162162
select applicants meeting specified job requirements and refer them to hiring personnel.,directive,21.0,70.0
select applicants meeting specified job requirements and refer them to hiring personnel.,not_classified,9.0,30.0
"select material most pertinent to presentation, and organize this material into appropriate formats.",directive,74.0,90.2439024390244
"select material most pertinent to presentation, and organize this material into appropriate formats.",not_classified,8.0,9.75609756097561
"select methods, techniques, or criteria for data warehousing evaluative procedures.",directive,23.0,76.66666666666667
"select methods, techniques, or criteria for data warehousing evaluative procedures.",not_classified,7.0,23.333333333333332
"select or assist customers in selecting products based on customer needs, product specifications, and applicable regulations.",directive,124.0,72.51461988304094
"select or assist customers in selecting products based on customer needs, product specifications, and applicable regulations.",not_classified,30.0,17.543859649122805
"select or assist customers in selecting products based on customer needs, product specifications, and applicable regulations.",task iteration,17.0,9.941520467836257
select or direct the execution of trades.,directive,46.0,90.19607843137256
select or direct the execution of trades.,not_classified,5.0,9.803921568627452
"select photographs, drawings, sketches, diagrams, and charts to illustrate material.",not_classified,18.0,100.0
select plays or scripts for production and determine how material should be interpreted and performed.,directive,31.0,70.45454545454545
select plays or scripts for production and determine how material should be interpreted and performed.,not_classified,13.0,29.545454545454547
"select plays, scripts, books, or ideas to be produced.",directive,64.0,75.29411764705883
"select plays, scripts, books, or ideas to be produced.",not_classified,21.0,24.705882352941178
"select program content, in conjunction with producers and assistants, based on factors such as program specialties, audience tastes, or requests from the public.",directive,137.0,89.54248366013073
"select program content, in conjunction with producers and assistants, based on factors such as program specialties, audience tastes, or requests from the public.",not_classified,16.0,10.457516339869281
"select qualified job applicants or refer them to managers, making hiring recommendations when appropriate.",directive,186.0,79.14893617021276
"select qualified job applicants or refer them to managers, making hiring recommendations when appropriate.",none,33.0,14.042553191489363
"select qualified job applicants or refer them to managers, making hiring recommendations when appropriate.",not_classified,16.0,6.808510638297872
select specific investments or investment mixes for purchase by an investment fund.,directive,101.0,90.990990990991
select specific investments or investment mixes for purchase by an investment fund.,not_classified,10.0,9.00900900900901
select statistical tests for analyzing data.,directive,52.0,78.78787878787878
select statistical tests for analyzing data.,not_classified,14.0,21.21212121212121
"select the most suitable cleaning materials for different types of linens, furniture, flooring, and surfaces.",directive,21.0,77.77777777777779
"select the most suitable cleaning materials for different types of linens, furniture, flooring, and surfaces.",not_classified,6.0,22.22222222222222
"select, acquire, and maintain programs, music, films, and other needed materials and obtain legal clearances for their use as necessary.",directive,45.0,95.74468085106383
"select, acquire, and maintain programs, music, films, and other needed materials and obtain legal clearances for their use as necessary.",not_classified,2.0,4.25531914893617
"sell products, services, or memberships.",not_classified,20.0,100.0
"sell services or equipment, such as trusts, investments, or check processing services.",directive,40.0,75.47169811320755
"sell services or equipment, such as trusts, investments, or check processing services.",not_classified,13.0,24.528301886792452
sell travel packages.,directive,16.0,72.72727272727273
sell travel packages.,not_classified,6.0,27.27272727272727
"sell, for a fee, real estate owned by others.",directive,46.0,75.40983606557377
"sell, for a fee, real estate owned by others.",not_classified,15.0,24.59016393442623
"serve as liaisons between organizations, shareholders, and outside organizations.",directive,16.0,72.72727272727273
"serve as liaisons between organizations, shareholders, and outside organizations.",not_classified,6.0,27.27272727272727
"set up and conduct chemical experiments, tests, and analyses, using techniques such as chromatography, spectroscopy, physical or chemical separation techniques, or microscopy.",directive,55.0,73.33333333333333
"set up and conduct chemical experiments, tests, and analyses, using techniques such as chromatography, spectroscopy, physical or chemical separation techniques, or microscopy.",not_classified,20.0,26.666666666666668
set up and conduct tests of complete units and components under operational conditions to investigate proposals for improving equipment performance.,directive,19.0,65.51724137931035
set up and conduct tests of complete units and components under operational conditions to investigate proposals for improving equipment performance.,not_classified,10.0,34.48275862068966
"set up and operate specialized or standard test equipment to diagnose, test, or analyze the performance of electronic components, assemblies, or systems.",directive,372.0,58.490566037735846
"set up and operate specialized or standard test equipment to diagnose, test, or analyze the performance of electronic components, assemblies, or systems.",feedback loop,25.0,3.930817610062893
"set up and operate specialized or standard test equipment to diagnose, test, or analyze the performance of electronic components, assemblies, or systems.",learning,32.0,5.031446540880504
"set up and operate specialized or standard test equipment to diagnose, test, or analyze the performance of electronic components, assemblies, or systems.",none,118.0,18.553459119496853
"set up and operate specialized or standard test equipment to diagnose, test, or analyze the performance of electronic components, assemblies, or systems.",task iteration,15.0,2.358490566037736
"set up and operate specialized or standard test equipment to diagnose, test, or analyze the performance of electronic components, assemblies, or systems.",validation,74.0,11.635220125786164
"set up equipment for employee use, performing or ensuring proper installation of cables, operating systems, or appropriate software.",directive,28.0,68.29268292682927
"set up equipment for employee use, performing or ensuring proper installation of cables, operating systems, or appropriate software.",not_classified,13.0,31.70731707317073
"share information about religious issues by writing articles, giving speeches, or teaching.",directive,70.0,45.16129032258064
"share information about religious issues by writing articles, giving speeches, or teaching.",learning,56.0,36.12903225806451
"share information about religious issues by writing articles, giving speeches, or teaching.",none,19.0,12.258064516129032
"share information about religious issues by writing articles, giving speeches, or teaching.",not_classified,10.0,6.451612903225806
show patients to examination rooms and prepare them for the physician.,not_classified,19.0,100.0
"show, rent, or assign accommodations.",directive,81.0,88.04347826086956
"show, rent, or assign accommodations.",not_classified,11.0,11.956521739130435
solicit new business.,directive,214.0,91.06382978723404
solicit new business.,none,16.0,6.808510638297872
solicit new business.,not_classified,5.0,2.127659574468085
solicit sales of new or additional services or products.,directive,60.0,84.50704225352112
solicit sales of new or additional services or products.,not_classified,11.0,15.492957746478872
speak foreign languages to communicate with foreign visitors.,none,19.0,63.33333333333333
speak foreign languages to communicate with foreign visitors.,not_classified,11.0,36.666666666666664
specify inputs accessed by the system and plan the distribution and use of the results.,directive,91.0,90.0990099009901
specify inputs accessed by the system and plan the distribution and use of the results.,not_classified,10.0,9.900990099009901
specify users and user access levels for each segment of database.,directive,25.0,71.42857142857143
specify users and user access levels for each segment of database.,not_classified,10.0,28.57142857142857
stain tissue specimens with dyes or other chemicals to make cell details visible under microscopes.,not_classified,16.0,100.0
"stay abreast of changes in import or export laws or regulations by reading current literature, attending meetings or conferences, or conferring with colleagues.",directive,32.0,69.56521739130434
"stay abreast of changes in import or export laws or regulations by reading current literature, attending meetings or conferences, or conferring with colleagues.",not_classified,14.0,30.434782608695656
stay up-to-date on new regulations and current events regarding food science by reviewing scientific literature.,directive,28.0,77.77777777777779
stay up-to-date on new regulations and current events regarding food science by reviewing scientific literature.,not_classified,8.0,22.22222222222222
"store, retrieve, and manipulate data for analysis of system capabilities and requirements.",directive,4104.0,78.30566685746994
"store, retrieve, and manipulate data for analysis of system capabilities and requirements.",feedback loop,136.0,2.594924632703682
"store, retrieve, and manipulate data for analysis of system capabilities and requirements.",learning,158.0,3.0146918526998667
"store, retrieve, and manipulate data for analysis of system capabilities and requirements.",none,709.0,13.52795268078611
"store, retrieve, and manipulate data for analysis of system capabilities and requirements.",task iteration,80.0,1.5264262545315779
"store, retrieve, and manipulate data for analysis of system capabilities and requirements.",validation,54.0,1.030337721808815
"structure or negotiate deals, such as corporate mergers, sales, or acquisitions.",directive,95.0,87.96296296296296
"structure or negotiate deals, such as corporate mergers, sales, or acquisitions.",not_classified,13.0,12.037037037037036
study and analyze information about alternative courses of action to determine which plan will offer the best outcomes.,directive,62.0,74.69879518072288
study and analyze information about alternative courses of action to determine which plan will offer the best outcomes.,not_classified,21.0,25.301204819277107
"study and interpret religious laws, doctrines, or traditions.",directive,26.0,78.78787878787878
"study and interpret religious laws, doctrines, or traditions.",not_classified,7.0,21.21212121212121
"study aquatic plants and animals and environmental conditions affecting them, such as radioactivity or pollution.",directive,44.0,66.66666666666666
"study aquatic plants and animals and environmental conditions affecting them, such as radioactivity or pollution.",not_classified,22.0,33.33333333333333
study archival collections of primary historical sources to help explain the origins and development of cultural patterns.,directive,19.0,90.47619047619048
study archival collections of primary historical sources to help explain the origins and development of cultural patterns.,not_classified,2.0,9.523809523809524
"study artistic objects or graphic materials, such as models, sketches, or blueprints, to plan carving or cutting techniques.",directive,24.0,85.71428571428571
"study artistic objects or graphic materials, such as models, sketches, or blueprints, to plan carving or cutting techniques.",not_classified,4.0,14.285714285714285
"study basic principles of plant and animal life, such as origin, relationship, development, anatomy, and function.",directive,172.0,79.62962962962963
"study basic principles of plant and animal life, such as origin, relationship, development, anatomy, and function.",learning,21.0,9.722222222222223
"study basic principles of plant and animal life, such as origin, relationship, development, anatomy, and function.",not_classified,23.0,10.648148148148149
"study blueprints, design specifications, or manufacturers' recommendations to ascertain the configuration of heating or cooling equipment components and to ensure the proper installation of components.",not_classified,15.0,100.0
"study celestial phenomena, using a variety of ground-based and space-borne telescopes and scientific instruments.",directive,45.0,67.16417910447761
"study celestial phenomena, using a variety of ground-based and space-borne telescopes and scientific instruments.",not_classified,22.0,32.83582089552239
"study consumers' reactions to new products and package designs, and to advertising efforts, using surveys and tests.",directive,153.0,92.72727272727272
"study consumers' reactions to new products and package designs, and to advertising efforts, using surveys and tests.",not_classified,12.0,7.2727272727272725
study documentation or other information for new scientific or technical products.,directive,386.0,72.01492537313433
study documentation or other information for new scientific or technical products.,learning,64.0,11.940298507462686
study documentation or other information for new scientific or technical products.,none,56.0,10.44776119402985
study documentation or other information for new scientific or technical products.,validation,30.0,5.597014925373134
"study economic and statistical data in area of specialization, such as finance, labor, or agriculture.",directive,160.0,85.1063829787234
"study economic and statistical data in area of specialization, such as finance, labor, or agriculture.",not_classified,28.0,14.893617021276595
"study effects of various methods of processing, preserving, or packaging on composition or properties of foods.",directive,16.0,72.72727272727273
"study effects of various methods of processing, preserving, or packaging on composition or properties of foods.",not_classified,6.0,27.27272727272727
"study methods to improve aspects of foods, such as chemical composition, flavor, color, texture, nutritional value, and convenience.",directive,44.0,78.57142857142857
"study methods to improve aspects of foods, such as chemical composition, flavor, color, texture, nutritional value, and convenience.",not_classified,12.0,21.428571428571427
"study objects and structures recovered by excavation to identify, date, and authenticate them and to interpret their significance.",directive,28.0,84.84848484848484
"study objects and structures recovered by excavation to identify, date, and authenticate them and to interpret their significance.",not_classified,5.0,15.151515151515152
study the mutations in organisms that lead to cancer or other diseases.,not_classified,19.0,100.0
"study the objectives, promotional policies, or needs of organizations to develop public relations strategies that will influence public opinion or promote ideas, products, or services.",directive,1320.0,97.70540340488527
"study the objectives, promotional policies, or needs of organizations to develop public relations strategies that will influence public opinion or promote ideas, products, or services.",not_classified,31.0,2.29459659511473
study the structure and composition of food or the changes foods undergo in storage and processing.,directive,244.0,88.08664259927798
study the structure and composition of food or the changes foods undergo in storage and processing.,learning,15.0,5.415162454873646
study the structure and composition of food or the changes foods undergo in storage and processing.,not_classified,18.0,6.4981949458483745
"study, examine, and test acquisitions to authenticate their origin, composition, history, and to assess their current value.",directive,883.0,63.026409707351895
"study, examine, and test acquisitions to authenticate their origin, composition, history, and to assess their current value.",learning,26.0,1.8558172733761598
"study, examine, and test acquisitions to authenticate their origin, composition, history, and to assess their current value.",none,285.0,20.342612419700217
"study, examine, and test acquisitions to authenticate their origin, composition, history, and to assess their current value.",not_classified,11.0,0.7851534618129907
"study, examine, and test acquisitions to authenticate their origin, composition, history, and to assess their current value.",task iteration,18.0,1.284796573875803
"study, examine, and test acquisitions to authenticate their origin, composition, history, and to assess their current value.",validation,178.0,12.70521056388294
suggest specific product purchases to meet customers' needs.,directive,106.0,82.17054263565892
suggest specific product purchases to meet customers' needs.,not_classified,23.0,17.829457364341085
"summarize pertinent legal or insurance details, or sections of statutes or case law from reference books so that they can be used in examinations, or as proofs or ready reference.",directive,44.0,89.79591836734694
"summarize pertinent legal or insurance details, or sections of statutes or case law from reference books so that they can be used in examinations, or as proofs or ready reference.",not_classified,5.0,10.204081632653061
"supervise and coordinate activities of workers engaged in film editing, assembling, and recording activities.",directive,19.0,67.85714285714286
"supervise and coordinate activities of workers engaged in film editing, assembling, and recording activities.",not_classified,9.0,32.142857142857146
"supply guests or travelers with directions, travel information, and other information, such as available services and points of interest.",directive,35.0,79.54545454545455
"supply guests or travelers with directions, travel information, and other information, such as available services and points of interest.",not_classified,9.0,20.454545454545457
"supply the latest price quotes on any security, as well as information on the activities or financial positions of the corporations issuing these securities.",directive,141.0,92.15686274509804
"supply the latest price quotes on any security, as well as information on the activities or financial positions of the corporations issuing these securities.",not_classified,12.0,7.8431372549019605
"synthesize analyses of test results, and use the results to prepare technical reports of findings and recommendations.",directive,366.0,74.54175152749491
"synthesize analyses of test results, and use the results to prepare technical reports of findings and recommendations.",none,36.0,7.3319755600814664
"synthesize analyses of test results, and use the results to prepare technical reports of findings and recommendations.",not_classified,23.0,4.684317718940937
"synthesize analyses of test results, and use the results to prepare technical reports of findings and recommendations.",validation,66.0,13.441955193482688
synthesize current business intelligence or trend data to support recommendations for action.,directive,273.0,82.2289156626506
synthesize current business intelligence or trend data to support recommendations for action.,learning,23.0,6.927710843373494
synthesize current business intelligence or trend data to support recommendations for action.,not_classified,20.0,6.024096385542169
synthesize current business intelligence or trend data to support recommendations for action.,task iteration,16.0,4.819277108433735
take customer orders and convey them to other employees for preparation.,directive,16.0,76.19047619047619
take customer orders and convey them to other employees for preparation.,not_classified,5.0,23.809523809523807
"take customers' orders and write ordered items on tickets, giving ticket stubs to customers when needed to identify filled orders.",directive,53.0,79.1044776119403
"take customers' orders and write ordered items on tickets, giving ticket stubs to customers when needed to identify filled orders.",not_classified,14.0,20.8955223880597
"take dictation using shorthand, a stenotype machine, or headsets and transcribing machines.",directive,171.0,89.52879581151832
"take dictation using shorthand, a stenotype machine, or headsets and transcribing machines.",not_classified,20.0,10.471204188481675
take dining reservations.,not_classified,18.0,100.0
take food orders and relay orders to kitchens or serving counters so they can be filled.,directive,59.0,71.95121951219512
take food orders and relay orders to kitchens or serving counters so they can be filled.,not_classified,23.0,28.04878048780488
"take orders from customers and cook foods requiring short preparation times, according to customer requirements.",directive,41.0,83.6734693877551
"take orders from customers and cook foods requiring short preparation times, according to customer requirements.",not_classified,8.0,16.3265306122449
"take pictures of individuals, families, and small groups, either in studio or on location.",not_classified,27.0,100.0
take quote requests or orders from dealers or customers.,directive,37.0,86.04651162790698
take quote requests or orders from dealers or customers.,not_classified,6.0,13.953488372093023
teach biomedical engineering or disseminate knowledge about the field through writing or consulting.,not_classified,18.0,100.0
teach classes and present self-help or information sessions on subjects related to education and career planning.,directive,20.0,40.816326530612244
teach classes and present self-help or information sessions on subjects related to education and career planning.,learning,20.0,40.816326530612244
teach classes and present self-help or information sessions on subjects related to education and career planning.,not_classified,9.0,18.367346938775512
"teach courses or seminars on topics such as budgeting, managing personal finances, or financial literacy.",directive,20.0,62.5
"teach courses or seminars on topics such as budgeting, managing personal finances, or financial literacy.",not_classified,12.0,37.5
teach in colleges and universities.,not_classified,16.0,100.0
teach patient education programs that include information required to make informed health care and treatment decisions.,not_classified,19.0,100.0
teach patients how to deal constructively with their emotions.,directive,44.0,44.44444444444444
teach patients how to deal constructively with their emotions.,learning,24.0,24.242424242424242
teach patients how to deal constructively with their emotions.,none,24.0,24.242424242424242
teach patients how to deal constructively with their emotions.,not_classified,7.0,7.07070707070707
teach political science.,not_classified,25.0,100.0
"teach socially acceptable behavior, employing techniques such as behavior modification or positive reinforcement.",not_classified,21.0,100.0
teach undergraduate level courses.,not_classified,25.0,100.0
telephone or write letters to respond to correspondence from customers or to follow up initial sales contacts.,directive,45.0,88.23529411764706
telephone or write letters to respond to correspondence from customers or to follow up initial sales contacts.,not_classified,6.0,11.76470588235294
"tell jokes, perform comic dances, songs and skits, impersonate mannerisms and voices of others, contort face, and use other devices to amuse audiences.",directive,31.0,75.60975609756098
"tell jokes, perform comic dances, songs and skits, impersonate mannerisms and voices of others, contort face, and use other devices to amuse audiences.",not_classified,10.0,24.390243902439025
"test and analyze samples to determine their content and characteristics, using laboratory apparatus or testing equipment.",directive,1397.0,84.87241798298906
"test and analyze samples to determine their content and characteristics, using laboratory apparatus or testing equipment.",none,102.0,6.1968408262454435
"test and analyze samples to determine their content and characteristics, using laboratory apparatus or testing equipment.",not_classified,33.0,2.0048602673147022
"test and analyze samples to determine their content and characteristics, using laboratory apparatus or testing equipment.",validation,114.0,6.925880923450791
"test circuits and components of malfunctioning telecommunications equipment to isolate sources of malfunctions, using test meters, circuit diagrams, polarity probes, and other hand tools.",not_classified,18.0,100.0
test connections to ensure that power supplies are adequate and that communications links function.,not_classified,22.0,100.0
"test equipment performance, focus of lens system, diaphragm alignment, lens mounts, or film transport, using precision gauges.",not_classified,19.0,100.0
"test experimental models under simulated operating conditions for purposes such as development, standardization, or feasibility of design.",not_classified,17.0,100.0
"test gas, chemicals, and air during processing to assess factors such as purity and moisture content, and to detect quality problems or gas or chemical leaks.",not_classified,20.0,100.0
"test machines, components, materials, or products to determine characteristics such as performance, strength, or response to stress.",directive,986.0,77.7602523659306
"test machines, components, materials, or products to determine characteristics such as performance, strength, or response to stress.",feedback loop,21.0,1.6561514195583598
"test machines, components, materials, or products to determine characteristics such as performance, strength, or response to stress.",learning,62.0,4.889589905362776
"test machines, components, materials, or products to determine characteristics such as performance, strength, or response to stress.",none,65.0,5.126182965299685
"test machines, components, materials, or products to determine characteristics such as performance, strength, or response to stress.",task iteration,27.0,2.1293375394321767
"test machines, components, materials, or products to determine characteristics such as performance, strength, or response to stress.",validation,107.0,8.438485804416404
"test metals to determine conformance to specifications of mechanical strength, strength-weight ratio, ductility, magnetic and electrical properties, and resistance to abrasion, corrosion, heat, and cold.",directive,28.0,96.55172413793103
"test metals to determine conformance to specifications of mechanical strength, strength-weight ratio, ductility, magnetic and electrical properties, and resistance to abrasion, corrosion, heat, and cold.",not_classified,1.0,3.4482758620689653
test new and updated bioinformatics tools and software.,directive,19.0,41.30434782608695
test new and updated bioinformatics tools and software.,not_classified,27.0,58.69565217391305
test new food products and equipment.,directive,44.0,93.61702127659575
test new food products and equipment.,not_classified,3.0,6.382978723404255
"test or calibrate components or equipment, following manufacturers' manuals and troubleshooting techniques, using hand tools, power tools, or measuring devices.",not_classified,18.0,100.0
"test performance of electromechanical assemblies, using test instruments such as oscilloscopes, electronic voltmeters, or bridges.",directive,41.0,62.121212121212125
"test performance of electromechanical assemblies, using test instruments such as oscilloscopes, electronic voltmeters, or bridges.",not_classified,25.0,37.878787878787875
"test programs or databases, correct errors, and make necessary modifications.",directive,5692.0,53.24104386867459
"test programs or databases, correct errors, and make necessary modifications.",feedback loop,2804.0,26.227668132073706
"test programs or databases, correct errors, and make necessary modifications.",learning,297.0,2.7780376017210737
"test programs or databases, correct errors, and make necessary modifications.",none,1119.0,10.466747731736975
"test programs or databases, correct errors, and make necessary modifications.",task iteration,308.0,2.880927883266299
"test programs or databases, correct errors, and make necessary modifications.",validation,471.0,4.405574782527359
"test samples to determine viscosity, acidity, specific gravity, or degree of concentration, using test equipment such as viscometers, ph meters, or hydrometers.",directive,20.0,95.23809523809523
"test samples to determine viscosity, acidity, specific gravity, or degree of concentration, using test equipment such as viscometers, ph meters, or hydrometers.",not_classified,1.0,4.761904761904762
test security measures for final acceptance and implement or provide procedures for ongoing monitoring and evaluation of the measures.,directive,34.0,35.78947368421053
test security measures for final acceptance and implement or provide procedures for ongoing monitoring and evaluation of the measures.,none,41.0,43.15789473684211
test security measures for final acceptance and implement or provide procedures for ongoing monitoring and evaluation of the measures.,not_classified,20.0,21.052631578947366
"test soils or materials to determine the adequacy and strength of foundations, concrete, asphalt, or steel.",directive,29.0,90.625
"test soils or materials to determine the adequacy and strength of foundations, concrete, asphalt, or steel.",not_classified,3.0,9.375
test system modifications to prepare for implementation.,directive,439.0,60.803324099722985
test system modifications to prepare for implementation.,feedback loop,101.0,13.988919667590027
test system modifications to prepare for implementation.,learning,16.0,2.21606648199446
test system modifications to prepare for implementation.,none,100.0,13.850415512465375
test system modifications to prepare for implementation.,task iteration,15.0,2.0775623268698062
test system modifications to prepare for implementation.,validation,51.0,7.063711911357341
"test, maintain, and monitor computer programs and systems, including coordinating the installation of computer programs and systems.",directive,1084.0,59.36473165388828
"test, maintain, and monitor computer programs and systems, including coordinating the installation of computer programs and systems.",feedback loop,159.0,8.707557502738226
"test, maintain, and monitor computer programs and systems, including coordinating the installation of computer programs and systems.",learning,54.0,2.9572836801752467
"test, maintain, and monitor computer programs and systems, including coordinating the installation of computer programs and systems.",none,356.0,19.49616648411829
"test, maintain, and monitor computer programs and systems, including coordinating the installation of computer programs and systems.",task iteration,25.0,1.3691128148959473
"test, maintain, and monitor computer programs and systems, including coordinating the installation of computer programs and systems.",validation,148.0,8.105147864184008
"ticket, arrange, and display merchandise to promote sales.",directive,34.0,97.14285714285714
"ticket, arrange, and display merchandise to promote sales.",not_classified,1.0,2.857142857142857
"track and analyze factors that affect price movement, such as trade policies, weather conditions, political developments, or supply and demand changes.",directive,126.0,91.30434782608695
"track and analyze factors that affect price movement, such as trade policies, weather conditions, political developments, or supply and demand changes.",not_classified,12.0,8.695652173913043
track product flow from origin to final delivery.,directive,23.0,92.0
track product flow from origin to final delivery.,not_classified,2.0,8.0
track program budgets and expenses and campaign response rates to evaluate each campaign based on program objectives and industry norms.,directive,38.0,79.16666666666666
track program budgets and expenses and campaign response rates to evaluate each campaign based on program objectives and industry norms.,not_classified,10.0,20.833333333333336
"track the status of requisitions, contracts, and orders.",directive,50.0,92.5925925925926
"track the status of requisitions, contracts, and orders.",not_classified,4.0,7.4074074074074066
"track, compile, and analyze web site usage data.",directive,49.0,65.33333333333333
"track, compile, and analyze web site usage data.",none,22.0,29.333333333333332
"track, compile, and analyze web site usage data.",not_classified,4.0,5.333333333333334
train instructors and supervisors in techniques and skills for training and dealing with employees.,not_classified,17.0,100.0
train or instruct employees in job duties or company policies or arrange for training to be provided.,not_classified,20.0,100.0
train users and answer questions.,directive,15.0,83.33333333333334
train users and answer questions.,not_classified,3.0,16.666666666666664
train users in details of system operation.,not_classified,17.0,100.0
"train workers in food preparation, and in service, sanitation, and safety procedures.",directive,18.0,66.66666666666666
"train workers in food preparation, and in service, sanitation, and safety procedures.",not_classified,9.0,33.33333333333333
transcribe medical reports.,directive,93.0,93.93939393939394
transcribe medical reports.,not_classified,6.0,6.0606060606060606
transcribe recorded messages or practitioners' diagnoses or recommendations into patients' medical records.,not_classified,18.0,100.0
transcribe recorded proceedings in accordance with established formats.,directive,478.0,89.17910447761194
transcribe recorded proceedings in accordance with established formats.,none,43.0,8.022388059701493
transcribe recorded proceedings in accordance with established formats.,not_classified,15.0,2.798507462686567
"translate data into numbers, equations, flow charts, graphs, or other forms.",directive,267.0,95.35714285714286
"translate data into numbers, equations, flow charts, graphs, or other forms.",not_classified,13.0,4.642857142857143
"transmit information or documents to customers, using computer, mail, or facsimile machine.",directive,22.0,81.48148148148148
"transmit information or documents to customers, using computer, mail, or facsimile machine.",not_classified,5.0,18.51851851851852
troubleshoot network or connectivity problems for users or user groups.,directive,452.0,44.35721295387635
troubleshoot network or connectivity problems for users or user groups.,feedback loop,391.0,38.37095191364082
troubleshoot network or connectivity problems for users or user groups.,learning,78.0,7.654563297350343
troubleshoot network or connectivity problems for users or user groups.,none,64.0,6.280667320902846
troubleshoot network or connectivity problems for users or user groups.,task iteration,16.0,1.5701668302257115
troubleshoot network or connectivity problems for users or user groups.,validation,18.0,1.7664376840039255
"troubleshoot problems involving office equipment, such as computer hardware and software.",directive,748.0,39.22391190351337
"troubleshoot problems involving office equipment, such as computer hardware and software.",feedback loop,635.0,33.29837441006817
"troubleshoot problems involving office equipment, such as computer hardware and software.",learning,263.0,13.791295228106975
"troubleshoot problems involving office equipment, such as computer hardware and software.",none,163.0,8.54745673833246
"troubleshoot problems involving office equipment, such as computer hardware and software.",task iteration,36.0,1.8877818563188253
"troubleshoot problems involving office equipment, such as computer hardware and software.",validation,62.0,3.2511798636601994
tutor and assist children individually or in small groups to help them master assignments and to reinforce learning concepts presented by teachers.,directive,159.0,35.97285067873303
tutor and assist children individually or in small groups to help them master assignments and to reinforce learning concepts presented by teachers.,learning,206.0,46.60633484162896
tutor and assist children individually or in small groups to help them master assignments and to reinforce learning concepts presented by teachers.,none,29.0,6.561085972850679
tutor and assist children individually or in small groups to help them master assignments and to reinforce learning concepts presented by teachers.,not_classified,5.0,1.1312217194570136
tutor and assist children individually or in small groups to help them master assignments and to reinforce learning concepts presented by teachers.,task iteration,25.0,5.656108597285068
tutor and assist children individually or in small groups to help them master assignments and to reinforce learning concepts presented by teachers.,validation,18.0,4.072398190045249
"type, file, and duplicate materials.",directive,134.0,88.74172185430463
"type, file, and duplicate materials.",not_classified,17.0,11.258278145695364
update and maintain content posted on the web.,directive,301.0,82.46575342465754
update and maintain content posted on the web.,none,40.0,10.95890410958904
update and maintain content posted on the web.,not_classified,24.0,6.575342465753424
"update and maintain customer information records, such as beauty services provided.",directive,23.0,71.875
"update and maintain customer information records, such as beauty services provided.",not_classified,9.0,28.125
update automated test scripts to ensure currency.,directive,370.0,66.18962432915922
update automated test scripts to ensure currency.,feedback loop,91.0,16.27906976744186
update automated test scripts to ensure currency.,none,46.0,8.228980322003578
update automated test scripts to ensure currency.,not_classified,18.0,3.2200357781753133
update automated test scripts to ensure currency.,task iteration,34.0,6.082289803220036
update client address and meter location information.,not_classified,17.0,100.0
"update operational records or licensing information, using computer terminals.",not_classified,17.0,100.0
"upload digital media, such as photos, video, or scanned images to online storefront, auction sites, or other shopping web sites.",not_classified,19.0,100.0
"use computer skills and software to manage web sites or databases, publish newsletters, or provide webinars.",directive,561.0,86.4406779661017
"use computer skills and software to manage web sites or databases, publish newsletters, or provide webinars.",learning,28.0,4.314329738058552
"use computer skills and software to manage web sites or databases, publish newsletters, or provide webinars.",none,31.0,4.776579352850539
"use computer skills and software to manage web sites or databases, publish newsletters, or provide webinars.",not_classified,8.0,1.2326656394453006
"use computer skills and software to manage web sites or databases, publish newsletters, or provide webinars.",task iteration,21.0,3.2357473035439135
use computer software to generate new images.,directive,539.0,78.80116959064327
use computer software to generate new images.,not_classified,25.0,3.654970760233918
use computer software to generate new images.,task iteration,120.0,17.543859649122805
"use computers for various applications, such as database management or word processing.",directive,2896.0,86.37041455413062
"use computers for various applications, such as database management or word processing.",feedback loop,37.0,1.103489412466448
"use computers for various applications, such as database management or word processing.",learning,83.0,2.4753951685058158
"use computers for various applications, such as database management or word processing.",none,266.0,7.933194154488518
"use computers for various applications, such as database management or word processing.",not_classified,9.0,0.26841634357291977
"use computers for various applications, such as database management or word processing.",task iteration,62.0,1.8490903668356695
"use computers, audio-visual aids, and other equipment and materials to supplement presentations.",directive,48.0,72.72727272727273
"use computers, audio-visual aids, and other equipment and materials to supplement presentations.",not_classified,18.0,27.27272727272727
"use data entry devices, such as optical scanners, to input data into computers for revision or editing.",directive,365.0,93.83033419023135
"use data entry devices, such as optical scanners, to input data into computers for revision or editing.",not_classified,24.0,6.169665809768637
use informatics science to design or implement health information technology applications to resolve clinical or health care administrative problems.,directive,97.0,70.8029197080292
use informatics science to design or implement health information technology applications to resolve clinical or health care administrative problems.,not_classified,40.0,29.1970802919708
"use materials such as pens and ink, watercolors, charcoal, oil, or computer software to create artwork.",directive,127.0,51.6260162601626
"use materials such as pens and ink, watercolors, charcoal, oil, or computer software to create artwork.",none,20.0,8.130081300813007
"use materials such as pens and ink, watercolors, charcoal, oil, or computer software to create artwork.",not_classified,12.0,4.878048780487805
"use materials such as pens and ink, watercolors, charcoal, oil, or computer software to create artwork.",task iteration,87.0,35.36585365853659
"use mediation techniques to facilitate communication between disputants, to further parties' understanding of different perspectives, and to guide parties toward mutual agreement.",directive,21.0,28.000000000000004
"use mediation techniques to facilitate communication between disputants, to further parties' understanding of different perspectives, and to guide parties toward mutual agreement.",none,39.0,52.0
"use mediation techniques to facilitate communication between disputants, to further parties' understanding of different perspectives, and to guide parties toward mutual agreement.",not_classified,15.0,20.0
use models to simulate the behavior of animated objects in the finished sequence.,directive,1785.0,83.06188925081433
use models to simulate the behavior of animated objects in the finished sequence.,feedback loop,90.0,4.187994416007445
use models to simulate the behavior of animated objects in the finished sequence.,learning,16.0,0.7445323406235459
use models to simulate the behavior of animated objects in the finished sequence.,none,171.0,7.957189390414146
use models to simulate the behavior of animated objects in the finished sequence.,not_classified,13.0,0.604932526756631
use models to simulate the behavior of animated objects in the finished sequence.,task iteration,74.0,3.4434620753839
use nondisciplinary tools and equipment such as a computer.,directive,859.0,77.9491833030853
use nondisciplinary tools and equipment such as a computer.,feedback loop,41.0,3.720508166969147
use nondisciplinary tools and equipment such as a computer.,learning,54.0,4.900181488203267
use nondisciplinary tools and equipment such as a computer.,none,127.0,11.524500907441016
use nondisciplinary tools and equipment such as a computer.,not_classified,21.0,1.9056261343012704
"use object-oriented programming languages, as well as client and server applications development processes and multimedia and internet technology.",directive,83.0,86.45833333333334
"use object-oriented programming languages, as well as client and server applications development processes and multimedia and internet technology.",not_classified,13.0,13.541666666666666
"use sales forecasting or strategic planning to ensure the sale and profitability of products, lines, or services, analyzing business developments and monitoring market trends.",directive,21.0,67.74193548387096
"use sales forecasting or strategic planning to ensure the sale and profitability of products, lines, or services, analyzing business developments and monitoring market trends.",not_classified,10.0,32.25806451612903
"use the computer in the analysis and solution of business problems, such as development of integrated production and inventory control and cost analysis systems.",directive,276.0,61.74496644295302
"use the computer in the analysis and solution of business problems, such as development of integrated production and inventory control and cost analysis systems.",feedback loop,18.0,4.026845637583892
"use the computer in the analysis and solution of business problems, such as development of integrated production and inventory control and cost analysis systems.",learning,53.0,11.856823266219239
"use the computer in the analysis and solution of business problems, such as development of integrated production and inventory control and cost analysis systems.",none,76.0,17.002237136465325
"use the computer in the analysis and solution of business problems, such as development of integrated production and inventory control and cost analysis systems.",not_classified,5.0,1.1185682326621924
"use the computer in the analysis and solution of business problems, such as development of integrated production and inventory control and cost analysis systems.",task iteration,19.0,4.250559284116331
validate known intelligence with data from other sources.,not_classified,17.0,100.0
"verify adherence of documentation to customs, insurance, or regulatory requirements.",directive,121.0,84.02777777777779
"verify adherence of documentation to customs, insurance, or regulatory requirements.",validation,23.0,15.972222222222221
"verify conformance of parts to stock lists or blueprints, using measuring instruments, such as calipers, gauges, or micrometers.",directive,262.0,63.132530120481924
"verify conformance of parts to stock lists or blueprints, using measuring instruments, such as calipers, gauges, or micrometers.",none,44.0,10.602409638554217
"verify conformance of parts to stock lists or blueprints, using measuring instruments, such as calipers, gauges, or micrometers.",not_classified,15.0,3.614457831325301
"verify conformance of parts to stock lists or blueprints, using measuring instruments, such as calipers, gauges, or micrometers.",validation,94.0,22.650602409638555
"verify conformance of patterns or template dimensions to specifications, using measuring instruments such as calipers, scales, and micrometers.",directive,22.0,52.38095238095239
"verify conformance of patterns or template dimensions to specifications, using measuring instruments such as calipers, scales, and micrometers.",not_classified,20.0,47.61904761904761
"verify dimensions and contours of models during hand-forming processes, using templates and measuring devices.",not_classified,20.0,100.0
"verify dimensions of completed patterns, using templates, straightedges, calipers, or protractors.",directive,17.0,39.53488372093023
"verify dimensions of completed patterns, using templates, straightedges, calipers, or protractors.",not_classified,9.0,20.930232558139537
"verify dimensions of completed patterns, using templates, straightedges, calipers, or protractors.",validation,17.0,39.53488372093023
"verify dimensions of products, using measuring instruments, such as calipers, vernier gauges, or protractors.",directive,49.0,65.33333333333333
"verify dimensions of products, using measuring instruments, such as calipers, vernier gauges, or protractors.",not_classified,9.0,12.0
"verify dimensions of products, using measuring instruments, such as calipers, vernier gauges, or protractors.",validation,17.0,22.666666666666664
"verify dimensions, alignments, and clearances of finished parts for conformance to specifications, using measuring instruments such as calipers, gauge blocks, micrometers, and dial indicators.",directive,19.0,50.0
"verify dimensions, alignments, and clearances of finished parts for conformance to specifications, using measuring instruments such as calipers, gauge blocks, micrometers, and dial indicators.",not_classified,4.0,10.526315789473683
"verify dimensions, alignments, and clearances of finished parts for conformance to specifications, using measuring instruments such as calipers, gauge blocks, micrometers, and dial indicators.",validation,15.0,39.473684210526315
"verify stability, interoperability, portability, security, or scalability of system architecture.",directive,26.0,81.25
"verify stability, interoperability, portability, security, or scalability of system architecture.",not_classified,6.0,18.75
"verify that all firm and regulatory policies and procedures have been documented, implemented, and communicated.",directive,20.0,64.51612903225806
"verify that all firm and regulatory policies and procedures have been documented, implemented, and communicated.",not_classified,11.0,35.483870967741936
verify that software technology is in place to adequately provide oversight and monitoring in all required areas.,directive,20.0,55.55555555555556
verify that software technology is in place to adequately provide oversight and monitoring in all required areas.,not_classified,16.0,44.44444444444444
"weigh or measure materials and products, using scales or other measuring instruments, or read scales on conveyors that continually weigh products, to verify specified tonnages and prevent overloads.",not_classified,15.0,100.0
"weigh or measure materials, equipment, or products to maintain relevant records, using volume meters, scales, rules, or calipers.",directive,50.0,92.5925925925926
"weigh or measure materials, equipment, or products to maintain relevant records, using volume meters, scales, rules, or calipers.",not_classified,4.0,7.4074074074074066
"work as part of a healthcare team to assess patient needs, plan and modify care, and implement interventions.",directive,15.0,83.33333333333334
"work as part of a healthcare team to assess patient needs, plan and modify care, and implement interventions.",not_classified,3.0,16.666666666666664
write about and present research findings for a variety of specialized and general audiences.,directive,29.0,44.61538461538462
write about and present research findings for a variety of specialized and general audiences.,learning,30.0,46.15384615384615
write about and present research findings for a variety of specialized and general audiences.,not_classified,6.0,9.230769230769232
"write advertising copy for use by publication, broadcast, or internet media to promote the sale of goods and services.",directive,2422.0,88.68546320029293
"write advertising copy for use by publication, broadcast, or internet media to promote the sale of goods and services.",none,53.0,1.9406810692054193
"write advertising copy for use by publication, broadcast, or internet media to promote the sale of goods and services.",not_classified,23.0,0.8421823507872574
"write advertising copy for use by publication, broadcast, or internet media to promote the sale of goods and services.",task iteration,233.0,8.53167337971439
write and code logical and physical database descriptions and specify identifiers of database to management system or direct others in coding descriptions.,directive,52.0,80.0
write and code logical and physical database descriptions and specify identifiers of database to management system or direct others in coding descriptions.,not_classified,13.0,20.0
write and edit news stories from information collected by reporters and other sources.,directive,323.0,97.87878787878788
write and edit news stories from information collected by reporters and other sources.,not_classified,7.0,2.1212121212121215
write and present reports of research findings.,directive,36.0,81.81818181818183
write and present reports of research findings.,not_classified,8.0,18.181818181818183
write and record orders for merchandise or enter orders into computers.,directive,84.0,85.71428571428571
write and record orders for merchandise or enter orders into computers.,not_classified,14.0,14.285714285714285
"write and review product specifications, maintaining a working technical knowledge of the goods or services to be purchased.",directive,118.0,97.52066115702479
"write and review product specifications, maintaining a working technical knowledge of the goods or services to be purchased.",not_classified,3.0,2.479338842975207
write articles and books.,directive,16.0,100.0
"write articles, bulletins, sales letters, speeches, and other related informative, marketing and promotional material.",directive,218.0,85.49019607843137
"write articles, bulletins, sales letters, speeches, and other related informative, marketing and promotional material.",not_classified,16.0,6.2745098039215685
"write articles, bulletins, sales letters, speeches, and other related informative, marketing and promotional material.",task iteration,21.0,8.235294117647058
"write articles, manuals, and other publications and assist in the distribution of promotional literature about programs and facilities.",directive,19.0,79.16666666666666
"write articles, manuals, and other publications and assist in the distribution of promotional literature about programs and facilities.",not_classified,5.0,20.833333333333336
"write articles, manuals, and other publications, and assist in the distribution of promotional literature about facilities and programs.",directive,32.0,78.04878048780488
"write articles, manuals, and other publications, and assist in the distribution of promotional literature about facilities and programs.",not_classified,9.0,21.951219512195124
"write articles, white papers, and reports to share research findings and educate others.",directive,46.0,51.68539325842697
"write articles, white papers, and reports to share research findings and educate others.",learning,31.0,34.831460674157306
"write articles, white papers, and reports to share research findings and educate others.",not_classified,12.0,13.48314606741573
"write changes directly into compositions, or use computer software to make changes.",directive,52.0,52.52525252525253
"write changes directly into compositions, or use computer software to make changes.",not_classified,27.0,27.27272727272727
"write changes directly into compositions, or use computer software to make changes.",task iteration,20.0,20.2020202020202
write computer or microprocessor software programs.,directive,387.0,65.59322033898304
write computer or microprocessor software programs.,feedback loop,67.0,11.35593220338983
write computer or microprocessor software programs.,none,84.0,14.237288135593221
write computer or microprocessor software programs.,not_classified,11.0,1.864406779661017
write computer or microprocessor software programs.,task iteration,41.0,6.9491525423728815
write computer programs or scripts to be used in querying databases.,directive,1430.0,66.88493919550982
write computer programs or scripts to be used in querying databases.,feedback loop,114.0,5.332086061739944
write computer programs or scripts to be used in querying databases.,learning,37.0,1.7305893358278763
write computer programs or scripts to be used in querying databases.,none,482.0,22.5444340505145
write computer programs or scripts to be used in querying databases.,not_classified,9.0,0.420954162768943
write computer programs or scripts to be used in querying databases.,task iteration,66.0,3.086997193638915
write detailed analysis plans and descriptions of analyses and findings for research protocols or reports.,directive,212.0,80.0
write detailed analysis plans and descriptions of analyses and findings for research protocols or reports.,not_classified,53.0,20.0
write detailed functional specifications that document the hardware development process and support hardware introduction.,directive,68.0,74.72527472527473
write detailed functional specifications that document the hardware development process and support hardware introduction.,not_classified,8.0,8.791208791208792
write detailed functional specifications that document the hardware development process and support hardware introduction.,task iteration,15.0,16.483516483516482
"write drafts of legislative proposals, and prepare speeches, correspondence, and policy papers for governmental use.",directive,37.0,92.5
"write drafts of legislative proposals, and prepare speeches, correspondence, and policy papers for governmental use.",not_classified,3.0,7.5
write engineering specifications to clarify design details or functional criteria of experimental electronics units.,not_classified,21.0,100.0
"write humorous material for publication, or for performances such as comedy routines, gags, and comedy shows.",directive,204.0,85.35564853556485
"write humorous material for publication, or for performances such as comedy routines, gags, and comedy shows.",none,23.0,9.623430962343097
"write humorous material for publication, or for performances such as comedy routines, gags, and comedy shows.",not_classified,12.0,5.02092050209205
write information in medical records or provide narrative summaries to communicate patient information to other health care providers.,directive,35.0,94.5945945945946
write information in medical records or provide narrative summaries to communicate patient information to other health care providers.,not_classified,2.0,5.405405405405405
write instructional articles on designated subjects.,directive,58.0,90.625
write instructional articles on designated subjects.,not_classified,6.0,9.375
"write interesting and effective press releases, prepare information for media kits, and develop and maintain company internet or intranet web pages.",directive,148.0,60.40816326530612
"write interesting and effective press releases, prepare information for media kits, and develop and maintain company internet or intranet web pages.",none,57.0,23.26530612244898
"write interesting and effective press releases, prepare information for media kits, and develop and maintain company internet or intranet web pages.",not_classified,2.0,0.8163265306122449
"write interesting and effective press releases, prepare information for media kits, and develop and maintain company internet or intranet web pages.",task iteration,38.0,15.510204081632653
"write narrative, dramatic, lyric, or other types of poetry for publication.",directive,804.0,57.96683489545782
"write narrative, dramatic, lyric, or other types of poetry for publication.",feedback loop,20.0,1.4419610670511895
"write narrative, dramatic, lyric, or other types of poetry for publication.",none,247.0,17.80821917808219
"write narrative, dramatic, lyric, or other types of poetry for publication.",not_classified,7.0,0.5046863734679163
"write narrative, dramatic, lyric, or other types of poetry for publication.",task iteration,309.0,22.27829848594088
"write new programs or modify existing programs to meet customer requirements, using current programming languages and technologies.",directive,27584.0,67.81061015782487
"write new programs or modify existing programs to meet customer requirements, using current programming languages and technologies.",feedback loop,6113.0,15.02777914351738
"write new programs or modify existing programs to meet customer requirements, using current programming languages and technologies.",learning,412.0,1.0128324893062588
"write new programs or modify existing programs to meet customer requirements, using current programming languages and technologies.",none,2197.0,5.400953832538473
"write new programs or modify existing programs to meet customer requirements, using current programming languages and technologies.",task iteration,4230.0,10.39874133438222
"write new programs or modify existing programs to meet customer requirements, using current programming languages and technologies.",validation,142.0,0.34908304243079796
"write or review security-related documents, such as incident reports, proposals, and tactical or strategic initiatives.",directive,45.0,78.94736842105263
"write or review security-related documents, such as incident reports, proposals, and tactical or strategic initiatives.",not_classified,12.0,21.052631578947366
"write original or adapted material for dramas, comedies, puppet shows, narration, or other performances.",directive,2766.0,60.77785102175346
"write original or adapted material for dramas, comedies, puppet shows, narration, or other performances.",feedback loop,148.0,3.2520325203252036
"write original or adapted material for dramas, comedies, puppet shows, narration, or other performances.",learning,19.0,0.4174906613931004
"write original or adapted material for dramas, comedies, puppet shows, narration, or other performances.",none,640.0,14.062843331136014
"write original or adapted material for dramas, comedies, puppet shows, narration, or other performances.",not_classified,1.0,0.021973192704900023
"write original or adapted material for dramas, comedies, puppet shows, narration, or other performances.",task iteration,977.0,21.467809272687322
write press releases or other media communications to promote clients.,directive,111.0,69.81132075471697
write press releases or other media communications to promote clients.,none,21.0,13.20754716981132
write press releases or other media communications to promote clients.,not_classified,1.0,0.628930817610063
write press releases or other media communications to promote clients.,task iteration,26.0,16.352201257861633
write program code to analyze data using statistical analysis software.,directive,289.0,60.58700209643606
write program code to analyze data using statistical analysis software.,none,150.0,31.446540880503143
write program code to analyze data using statistical analysis software.,not_classified,23.0,4.821802935010482
write program code to analyze data using statistical analysis software.,task iteration,15.0,3.1446540880503147
"write programs in the language of a machine's controller and store programs on media such as punch tapes, magnetic tapes, or disks.",directive,283.0,82.7485380116959
"write programs in the language of a machine's controller and store programs on media such as punch tapes, magnetic tapes, or disks.",feedback loop,21.0,6.140350877192982
"write programs in the language of a machine's controller and store programs on media such as punch tapes, magnetic tapes, or disks.",none,21.0,6.140350877192982
"write programs in the language of a machine's controller and store programs on media such as punch tapes, magnetic tapes, or disks.",not_classified,17.0,4.970760233918129
write reports on clients and maintain required paperwork.,directive,20.0,90.9090909090909
write reports on clients and maintain required paperwork.,not_classified,2.0,9.090909090909092
write reports on research findings and implications to contribute to general knowledge and to suggest potential changes in organizational functioning.,directive,275.0,75.34246575342466
write reports on research findings and implications to contribute to general knowledge and to suggest potential changes in organizational functioning.,learning,30.0,8.21917808219178
write reports on research findings and implications to contribute to general knowledge and to suggest potential changes in organizational functioning.,none,18.0,4.931506849315069
write reports on research findings and implications to contribute to general knowledge and to suggest potential changes in organizational functioning.,not_classified,23.0,6.301369863013699
write reports on research findings and implications to contribute to general knowledge and to suggest potential changes in organizational functioning.,task iteration,19.0,5.205479452054795
write reports or notes to summarize testing procedures or outcomes for physicians or other medical professionals.,directive,38.0,95.0
write reports or notes to summarize testing procedures or outcomes for physicians or other medical professionals.,not_classified,2.0,5.0
"write reports or record data on testing techniques, laboratory equipment, or specifications to assist engineers.",directive,43.0,55.12820512820513
"write reports or record data on testing techniques, laboratory equipment, or specifications to assist engineers.",none,27.0,34.61538461538461
"write reports or record data on testing techniques, laboratory equipment, or specifications to assist engineers.",not_classified,8.0,10.256410256410255
write reports or research proposals.,directive,84.0,82.35294117647058
write reports or research proposals.,not_classified,18.0,17.647058823529413
"write reports to summarize student performance, social growth, or physical development.",directive,51.0,80.95238095238095
"write reports to summarize student performance, social growth, or physical development.",not_classified,12.0,19.047619047619047
"write reports, maintain research information, or perform clerical duties.",directive,210.0,73.68421052631578
"write reports, maintain research information, or perform clerical duties.",none,42.0,14.736842105263156
"write reports, maintain research information, or perform clerical duties.",not_classified,14.0,4.912280701754386
"write reports, maintain research information, or perform clerical duties.",validation,19.0,6.666666666666667
write research reports and other publications to document and communicate research findings.,directive,109.0,71.24183006535948
write research reports and other publications to document and communicate research findings.,learning,15.0,9.803921568627452
write research reports and other publications to document and communicate research findings.,not_classified,8.0,5.228758169934641
write research reports and other publications to document and communicate research findings.,task iteration,21.0,13.725490196078432
"write reviews of literary, musical, or other artwork, based on knowledge, judgment, or experience.",directive,209.0,86.72199170124482
"write reviews of literary, musical, or other artwork, based on knowledge, judgment, or experience.",not_classified,32.0,13.278008298755188
write sales outlines for use by staff.,directive,121.0,90.97744360902256
write sales outlines for use by staff.,not_classified,12.0,9.022556390977442
"write software programs for microcontrollers or computers in machine, assembly, or other languages.",directive,18.0,31.57894736842105
"write software programs for microcontrollers or computers in machine, assembly, or other languages.",feedback loop,28.0,49.122807017543856
"write software programs for microcontrollers or computers in machine, assembly, or other languages.",not_classified,11.0,19.298245614035086
"write speeches, press releases, or other promotional materials to increase awareness of the causes, missions, or goals of organizations seeking funds.",directive,15.0,88.23529411764706
"write speeches, press releases, or other promotional materials to increase awareness of the causes, missions, or goals of organizations seeking funds.",not_classified,2.0,11.76470588235294
write supporting code for web applications or web sites.,directive,2043.0,64.50899905273128
write supporting code for web applications or web sites.,feedback loop,527.0,16.64035364698453
write supporting code for web applications or web sites.,learning,56.0,1.768234922639722
write supporting code for web applications or web sites.,none,209.0,6.599305336280392
write supporting code for web applications or web sites.,task iteration,317.0,10.00947268708557
write supporting code for web applications or web sites.,validation,15.0,0.47363435427849704
write technical documents or academic articles to communicate study results or economic forecasts.,directive,63.0,76.82926829268293
write technical documents or academic articles to communicate study results or economic forecasts.,not_classified,19.0,23.170731707317074
"write technical reports or other documentation, such as handbooks or bulletins, for use by engineering staff, management, or customers.",directive,68.0,85.0
"write technical reports or other documentation, such as handbooks or bulletins, for use by engineering staff, management, or customers.",not_classified,12.0,15.0
write to customers in their terms and on their level so that the advertiser's sales message is more readily received.,directive,22.0,100.0
"write, analyze, review, and rewrite programs, using workflow chart and diagram, and applying knowledge of computer capabilities, subject matter, and symbolic logic.",directive,3326.0,50.89517980107116
"write, analyze, review, and rewrite programs, using workflow chart and diagram, and applying knowledge of computer capabilities, subject matter, and symbolic logic.",feedback loop,423.0,6.472838561591431
"write, analyze, review, and rewrite programs, using workflow chart and diagram, and applying knowledge of computer capabilities, subject matter, and symbolic logic.",learning,487.0,7.452180566182097
"write, analyze, review, and rewrite programs, using workflow chart and diagram, and applying knowledge of computer capabilities, subject matter, and symbolic logic.",none,1815.0,27.77352716143841
"write, analyze, review, and rewrite programs, using workflow chart and diagram, and applying knowledge of computer capabilities, subject matter, and symbolic logic.",task iteration,259.0,3.96327467482785
"write, analyze, review, and rewrite programs, using workflow chart and diagram, and applying knowledge of computer capabilities, subject matter, and symbolic logic.",validation,225.0,3.442999234889059
"write, design, or edit web page content, or direct others producing content.",directive,2093.0,85.3937168502652
"write, design, or edit web page content, or direct others producing content.",none,159.0,6.487148102815178
"write, design, or edit web page content, or direct others producing content.",not_classified,22.0,0.8975928192574459
"write, design, or edit web page content, or direct others producing content.",task iteration,138.0,5.630354957160343
"write, design, or edit web page content, or direct others producing content.",validation,39.0,1.591187270501836
"write, present, and publish reports that record site history, methodology, and artifact analysis results, along with recommendations for conserving and interpreting findings.",directive,4703.0,79.83364454252249
"write, present, and publish reports that record site history, methodology, and artifact analysis results, along with recommendations for conserving and interpreting findings.",feedback loop,15.0,0.2546257002206756
"write, present, and publish reports that record site history, methodology, and artifact analysis results, along with recommendations for conserving and interpreting findings.",learning,61.0,1.035477847564081
"write, present, and publish reports that record site history, methodology, and artifact analysis results, along with recommendations for conserving and interpreting findings.",none,234.0,3.9721609234425395
"write, present, and publish reports that record site history, methodology, and artifact analysis results, along with recommendations for conserving and interpreting findings.",task iteration,57.0,0.9675776608385672
"write, present, and publish reports that record site history, methodology, and artifact analysis results, along with recommendations for conserving and interpreting findings.",validation,821.0,13.936513325411646
"write, review, or maintain engineering documentation.",directive,78.0,71.55963302752293
"write, review, or maintain engineering documentation.",not_classified,31.0,28.440366972477065
"write, update, and maintain computer programs or software packages to handle specific jobs such as tracking inventory, storing or retrieving data, or controlling other equipment.",directive,7479.0,63.95040615647712
"write, update, and maintain computer programs or software packages to handle specific jobs such as tracking inventory, storing or retrieving data, or controlling other equipment.",feedback loop,1411.0,12.064985036340316
"write, update, and maintain computer programs or software packages to handle specific jobs such as tracking inventory, storing or retrieving data, or controlling other equipment.",learning,149.0,1.2740487387772552
"write, update, and maintain computer programs or software packages to handle specific jobs such as tracking inventory, storing or retrieving data, or controlling other equipment.",none,1856.0,15.870029927319369
"write, update, and maintain computer programs or software packages to handle specific jobs such as tracking inventory, storing or retrieving data, or controlling other equipment.",task iteration,760.0,6.4985036340316364
"write, update, and maintain computer programs or software packages to handle specific jobs such as tracking inventory, storing or retrieving data, or controlling other equipment.",validation,40.0,0.3420265070542967
