observation_date,adjustment,usage_pattern,age_bucket,No usage,Quintile 1 (least usage),Quintile 2,Quintile 3,Quintile 4,Quintile 5 (most usage)
2021-01-01,percap,Augmentation,21-30,81.68,80.22,88.69,76.69,91.04,85.3
2021-01-01,percap,Augmentation,31-40,82.6,81.77,92.37,87.36,88.22,88.68
2021-01-01,percap,Augmentation,41-50,81.24,82.55,90.91,89.11,91.13,88.74
2021-01-01,percap,Augmentation,51-60,86.43,86.08,91.34,88.16,91.33,91.91
2021-01-01,percap,Augmentation,All ages,82.9,82.42,90.85,85.58,90.49,88.4
2021-01-01,percap,Automation,21-30,81.68,85.55,86.12,88.49,84.73,81.56
2021-01-01,percap,Automation,31-40,82.6,88.2,87.8,87.18,90.11,89.52
2021-01-01,percap,Automation,41-50,81.24,88.82,88.71,89.23,92.14,88.09
2021-01-01,percap,Automation,51-60,86.43,89.1,92.57,90.36,90.65,88.69
2021-01-01,percap,Automation,All ages,82.9,87.88,88.61,88.79,89.83,86.9
2021-01-01,percap_sa,Augmentation,21-30,92.79,88.42,93.78,84.08,94.06,89.86
2021-01-01,percap_sa,Augmentation,31-40,93.55,90.14,97.09,92.84,92.89,92.91
2021-01-01,percap_sa,Augmentation,41-50,90.65,90.82,95.16,94.31,95.11,92.58
2021-01-01,percap_sa,Augmentation,51-60,94.13,92.85,95.34,92.69,94.87,95.6
2021-01-01,percap_sa,Augmentation,All ages,92.8,90.41,95.4,91.24,94.29,92.54
2021-01-01,percap_sa,Automation,21-30,92.79,92.19,90.56,91.99,89.92,88.98
2021-01-01,percap_sa,Automation,31-40,93.55,94.55,91.7,92.37,94.03,95.83
2021-01-01,percap_sa,Automation,41-50,90.65,94.8,92.38,93.97,95.58,93.85
2021-01-01,percap_sa,Automation,51-60,94.13,94.42,96.26,94.33,93.92,93.68
2021-01-01,percap_sa,Automation,All ages,92.8,94.0,92.55,93.12,93.66,93.11
2021-01-01,raw,Augmentation,21-30,81.74,80.28,88.76,76.74,91.11,85.36
2021-01-01,raw,Augmentation,31-40,79.88,79.08,89.32,84.48,85.31,85.76
2021-01-01,raw,Augmentation,41-50,81.66,82.98,91.38,89.57,91.6,89.2
2021-01-01,raw,Augmentation,51-60,84.0,83.66,88.77,85.68,88.76,89.33
2021-01-01,raw,Augmentation,All ages,81.73,81.26,89.57,84.38,89.22,87.16
2021-01-01,raw,Automation,21-30,81.74,85.62,86.19,88.56,84.79,81.63
2021-01-01,raw,Automation,31-40,79.88,85.3,84.9,84.31,87.14,86.57
2021-01-01,raw,Automation,41-50,81.66,89.27,89.17,89.69,92.61,88.55
2021-01-01,raw,Automation,51-60,84.0,86.6,89.97,87.82,88.1,86.2
2021-01-01,raw,Automation,All ages,81.73,86.64,87.37,87.54,88.57,85.67
2021-01-01,sa,Augmentation,21-30,92.86,88.49,93.85,84.15,94.14,89.93
2021-01-01,sa,Augmentation,31-40,90.32,87.03,93.74,89.64,89.69,89.71
2021-01-01,sa,Augmentation,41-50,91.12,91.28,95.65,94.8,95.6,93.05
2021-01-01,sa,Augmentation,51-60,91.37,90.13,92.55,89.97,92.09,92.79
2021-01-01,sa,Augmentation,All ages,91.42,89.07,93.99,89.89,92.89,91.17
2021-01-01,sa,Automation,21-30,92.86,92.26,90.63,92.07,89.99,89.05
2021-01-01,sa,Automation,31-40,90.32,91.29,88.54,89.18,90.79,92.53
2021-01-01,sa,Automation,41-50,91.12,95.28,92.85,94.45,96.06,94.33
2021-01-01,sa,Automation,51-60,91.37,91.65,93.43,91.57,91.16,90.93
2021-01-01,sa,Automation,All ages,91.42,92.6,91.18,91.74,92.27,91.74
2021-02-01,percap,Augmentation,21-30,86.3,83.67,90.91,80.23,89.71,86.72
2021-02-01,percap,Augmentation,31-40,87.17,86.45,94.8,90.9,90.68,90.51
2021-02-01,percap,Augmentation,41-50,85.6,86.95,93.23,92.26,93.28,90.55
2021-02-01,percap,Augmentation,51-60,90.86,90.6,93.58,91.3,93.44,93.48
2021-02-01,percap,Augmentation,All ages,87.4,86.66,93.16,88.93,91.72,90.06
2021-02-01,percap,Automation,21-30,86.3,89.1,88.16,87.24,87.84,84.73
2021-02-01,percap,Automation,31-40,87.17,91.9,90.01,89.44,92.69,93.02
2021-02-01,percap,Automation,41-50,85.6,91.99,90.61,91.66,94.0,91.52
2021-02-01,percap,Automation,51-60,90.86,92.12,94.43,92.61,93.03,91.82
2021-02-01,percap,Automation,All ages,87.4,91.26,90.63,89.98,92.24,90.21
2021-02-01,percap_sa,Augmentation,21-30,94.05,89.02,93.64,84.3,93.18,89.9
2021-02-01,percap_sa,Augmentation,31-40,94.38,91.12,97.18,93.37,93.12,93.11
2021-02-01,percap_sa,Augmentation,41-50,91.4,91.53,95.41,94.63,95.11,92.78
2021-02-01,percap_sa,Augmentation,51-60,95.54,93.83,95.48,93.34,94.82,95.48
2021-02-01,percap_sa,Augmentation,All ages,93.84,91.22,95.48,91.66,94.07,92.63
2021-02-01,percap_sa,Automation,21-30,94.05,93.21,90.97,91.07,90.18,88.58
2021-02-01,percap_sa,Automation,31-40,94.38,95.26,92.17,92.55,94.23,96.04
2021-02-01,percap_sa,Automation,41-50,91.4,95.15,92.6,94.28,95.35,94.24
2021-02-01,percap_sa,Automation,51-60,95.54,94.76,96.25,94.37,94.35,94.11
2021-02-01,percap_sa,Automation,All ages,93.84,94.61,92.84,92.94,93.81,93.25
2021-02-01,raw,Augmentation,21-30,86.36,83.74,90.98,80.3,89.78,86.79
2021-02-01,raw,Augmentation,31-40,84.29,83.6,91.67,87.9,87.69,87.52
2021-02-01,raw,Augmentation,41-50,86.04,87.4,93.71,92.74,93.76,91.02
2021-02-01,raw,Augmentation,51-60,88.3,88.06,90.95,88.74,90.81,90.85
2021-02-01,raw,Augmentation,All ages,86.17,85.44,91.85,87.68,90.43,88.8
2021-02-01,raw,Automation,21-30,86.36,89.17,88.23,87.3,87.91,84.79
2021-02-01,raw,Automation,31-40,84.29,88.88,87.04,86.5,89.64,89.95
2021-02-01,raw,Automation,41-50,86.04,92.46,91.07,92.13,94.48,91.99
2021-02-01,raw,Automation,51-60,88.3,89.53,91.77,90.01,90.41,89.24
2021-02-01,raw,Automation,All ages,86.17,89.98,89.35,88.71,90.94,88.94
2021-02-01,sa,Augmentation,21-30,94.12,89.09,93.72,84.36,93.25,89.97
2021-02-01,sa,Augmentation,31-40,91.27,88.11,93.98,90.3,90.05,90.04
2021-02-01,sa,Augmentation,41-50,91.87,92.0,95.9,95.12,95.6,93.26
2021-02-01,sa,Augmentation,51-60,92.86,91.2,92.8,90.71,92.16,92.8
2021-02-01,sa,Augmentation,All ages,92.52,89.93,94.13,90.37,92.74,91.33
2021-02-01,sa,Automation,21-30,94.12,93.28,91.04,91.13,90.25,88.64
2021-02-01,sa,Automation,31-40,91.27,92.12,89.13,89.5,91.12,92.88
2021-02-01,sa,Automation,41-50,91.87,95.64,93.08,94.76,95.84,94.73
2021-02-01,sa,Automation,51-60,92.86,92.09,93.55,91.72,91.7,91.47
2021-02-01,sa,Automation,All ages,92.52,93.28,91.53,91.63,92.48,91.94
2021-03-01,percap,Augmentation,21-30,87.64,84.27,92.05,80.22,88.98,87.8
2021-03-01,percap,Augmentation,31-40,87.76,86.98,95.43,91.84,91.12,91.31
2021-03-01,percap,Augmentation,41-50,86.87,87.79,93.89,93.35,93.62,91.35
2021-03-01,percap,Augmentation,51-60,91.5,90.95,94.23,92.07,93.85,93.86
2021-03-01,percap,Augmentation,All ages,88.38,87.25,93.93,89.65,91.8,90.87
2021-03-01,percap,Automation,21-30,87.64,89.35,89.44,87.08,88.01,85.34
2021-03-01,percap,Automation,31-40,87.76,92.1,91.1,90.11,93.59,93.53
2021-03-01,percap,Automation,41-50,86.87,92.33,91.75,92.25,94.74,92.28
2021-03-01,percap,Automation,51-60,91.5,92.26,95.0,93.2,93.77,92.36
2021-03-01,percap,Automation,All ages,88.38,91.5,91.67,90.35,92.92,90.82
2021-03-01,percap_sa,Augmentation,21-30,94.31,88.59,93.89,83.31,91.94,90.63
2021-03-01,percap_sa,Augmentation,31-40,93.62,90.7,96.92,93.54,92.95,93.2
2021-03-01,percap_sa,Augmentation,41-50,91.33,91.21,95.53,94.87,95.14,93.08
2021-03-01,percap_sa,Augmentation,51-60,95.48,93.17,95.59,93.34,94.81,95.18
2021-03-01,percap_sa,Augmentation,All ages,93.68,90.77,95.52,91.55,93.67,92.87
2021-03-01,percap_sa,Automation,21-30,94.31,93.03,91.75,90.23,90.51,87.77
2021-03-01,percap_sa,Automation,31-40,93.62,94.72,92.56,92.4,94.81,95.48
2021-03-01,percap_sa,Automation,41-50,91.33,94.69,93.35,94.27,95.69,94.21
2021-03-01,percap_sa,Automation,51-60,95.48,94.13,96.14,94.42,94.54,93.99
2021-03-01,percap_sa,Automation,All ages,93.68,94.17,93.31,92.64,94.18,92.84
2021-03-01,raw,Augmentation,21-30,87.71,84.33,92.12,80.28,89.05,87.87
2021-03-01,raw,Augmentation,31-40,84.87,84.11,92.29,88.81,88.12,88.3
2021-03-01,raw,Augmentation,41-50,87.32,88.24,94.37,93.83,94.11,91.82
2021-03-01,raw,Augmentation,51-60,88.93,88.39,91.59,89.48,91.21,91.22
2021-03-01,raw,Augmentation,All ages,87.13,86.02,92.61,88.39,90.5,89.59
2021-03-01,raw,Automation,21-30,87.71,89.42,89.51,87.15,88.08,85.4
2021-03-01,raw,Automation,31-40,84.87,89.07,88.09,87.14,90.5,90.45
2021-03-01,raw,Automation,41-50,87.32,92.8,92.22,92.72,95.23,92.76
2021-03-01,raw,Automation,51-60,88.93,89.66,92.33,90.58,91.14,89.76
2021-03-01,raw,Automation,All ages,87.13,90.21,90.38,89.08,91.61,89.54
2021-03-01,sa,Augmentation,21-30,94.38,88.65,93.95,83.37,92.0,90.69
2021-03-01,sa,Augmentation,31-40,90.68,87.86,93.87,90.61,90.03,90.28
2021-03-01,sa,Augmentation,41-50,91.8,91.69,96.02,95.36,95.63,93.57
2021-03-01,sa,Augmentation,51-60,92.92,90.67,93.03,90.83,92.26,92.63
2021-03-01,sa,Augmentation,All ages,92.43,89.55,94.25,90.33,92.42,91.63
2021-03-01,sa,Automation,21-30,94.38,93.1,91.82,90.3,90.58,87.83
2021-03-01,sa,Automation,31-40,90.68,91.74,89.66,89.5,91.83,92.48
2021-03-01,sa,Automation,41-50,91.8,95.18,93.83,94.75,96.19,94.7
2021-03-01,sa,Automation,51-60,92.92,91.6,93.56,91.89,92.01,91.46
2021-03-01,sa,Automation,All ages,92.43,92.91,92.06,91.4,92.92,91.6
2021-04-01,percap,Augmentation,21-30,86.39,83.62,91.03,78.58,87.7,87.36
2021-04-01,percap,Augmentation,31-40,86.12,85.43,93.99,89.95,90.01,90.35
2021-04-01,percap,Augmentation,41-50,85.58,86.44,92.8,92.15,92.63,90.83
2021-04-01,percap,Augmentation,51-60,89.91,89.68,93.04,91.21,92.83,93.35
2021-04-01,percap,Augmentation,All ages,86.94,86.05,92.74,88.24,90.68,90.23
2021-04-01,percap,Automation,21-30,86.39,89.34,88.39,85.64,87.29,84.15
2021-04-01,percap,Automation,31-40,86.12,90.91,89.89,88.71,92.26,91.93
2021-04-01,percap,Automation,41-50,85.58,91.51,90.82,91.08,93.86,91.17
2021-04-01,percap,Automation,51-60,89.91,91.68,93.94,92.04,93.05,91.23
2021-04-01,percap,Automation,All ages,86.94,90.84,90.6,89.02,92.01,89.54
2021-04-01,percap_sa,Augmentation,21-30,92.11,86.45,92.01,80.9,89.24,89.64
2021-04-01,percap_sa,Augmentation,31-40,91.68,88.84,95.3,91.81,91.77,91.94
2021-04-01,percap_sa,Augmentation,41-50,89.4,89.2,94.06,93.63,94.01,92.07
2021-04-01,percap_sa,Augmentation,51-60,93.56,91.93,94.3,92.45,93.88,94.42
2021-04-01,percap_sa,Augmentation,All ages,91.68,88.91,93.94,89.98,92.12,91.84
2021-04-01,percap_sa,Automation,21-30,92.11,92.17,90.06,87.28,90.12,85.48
2021-04-01,percap_sa,Automation,31-40,91.68,93.55,91.04,90.75,93.71,93.76
2021-04-01,percap_sa,Automation,41-50,89.4,93.61,91.91,92.76,94.78,92.8
2021-04-01,percap_sa,Automation,51-60,93.56,93.55,94.91,93.3,93.89,92.68
2021-04-01,percap_sa,Automation,All ages,91.68,93.23,91.83,90.7,93.38,91.11
2021-04-01,raw,Augmentation,21-30,86.4,83.63,91.04,78.59,87.71,87.37
2021-04-01,raw,Augmentation,31-40,83.56,82.89,91.19,87.27,87.33,87.66
2021-04-01,raw,Augmentation,41-50,85.91,86.78,93.16,92.51,92.99,91.18
2021-04-01,raw,Augmentation,51-60,87.7,87.48,90.76,88.97,90.55,91.06
2021-04-01,raw,Augmentation,All ages,85.82,84.95,91.55,87.11,89.51,89.08
2021-04-01,raw,Automation,21-30,86.4,89.35,88.4,85.65,87.3,84.16
2021-04-01,raw,Automation,31-40,83.56,88.2,87.21,86.07,89.52,89.2
2021-04-01,raw,Automation,41-50,85.91,91.87,91.17,91.44,94.23,91.53
2021-04-01,raw,Automation,51-60,87.7,89.42,91.64,89.78,90.77,88.99
2021-04-01,raw,Automation,All ages,85.82,89.67,89.44,87.88,90.83,88.39
2021-04-01,sa,Augmentation,21-30,92.12,86.46,92.02,80.92,89.25,89.65
2021-04-01,sa,Augmentation,31-40,88.82,86.07,92.32,88.94,88.91,89.07
2021-04-01,sa,Augmentation,41-50,89.73,89.52,94.4,93.97,94.36,92.41
2021-04-01,sa,Augmentation,51-60,91.17,89.58,91.89,90.09,91.48,92.0
2021-04-01,sa,Augmentation,All ages,90.44,87.71,92.67,88.76,90.88,90.59
2021-04-01,sa,Automation,21-30,92.12,92.19,90.08,87.29,90.14,85.49
2021-04-01,sa,Automation,31-40,88.82,90.63,88.2,87.92,90.78,90.84
2021-04-01,sa,Automation,41-50,89.73,93.95,92.25,93.1,95.13,93.14
2021-04-01,sa,Automation,51-60,91.17,91.15,92.48,90.91,91.49,90.3
2021-04-01,sa,Automation,All ages,90.44,91.97,90.59,89.48,92.11,89.88
2021-05-01,percap,Augmentation,21-30,90.09,85.65,92.24,79.8,89.49,88.26
2021-05-01,percap,Augmentation,31-40,88.73,87.22,95.01,90.85,91.02,91.28
2021-05-01,percap,Augmentation,41-50,86.69,87.51,93.59,92.86,93.39,91.44
2021-05-01,percap,Augmentation,51-60,92.61,91.51,94.38,92.04,93.69,93.92
2021-05-01,percap,Augmentation,All ages,89.49,87.74,93.82,89.15,91.82,91.01
2021-05-01,percap,Automation,21-30,90.09,90.97,88.85,87.52,88.34,85.49
2021-05-01,percap,Automation,31-40,88.73,92.32,90.65,89.94,93.11,92.94
2021-05-01,percap,Automation,41-50,86.69,92.48,91.3,91.99,94.53,91.91
2021-05-01,percap,Automation,51-60,92.61,93.29,94.65,93.07,93.67,92.41
2021-05-01,percap,Automation,All ages,89.49,92.24,91.2,90.34,92.78,90.61
2021-05-01,percap_sa,Augmentation,21-30,94.59,87.5,93.39,82.16,90.58,90.18
2021-05-01,percap_sa,Augmentation,31-40,92.59,89.74,96.4,92.45,92.82,92.4
2021-05-01,percap_sa,Augmentation,41-50,89.26,89.4,95.11,94.34,94.94,92.28
2021-05-01,percap_sa,Augmentation,51-60,95.31,92.95,95.7,93.24,94.83,94.44
2021-05-01,percap_sa,Augmentation,All ages,92.92,89.7,95.17,90.81,93.19,92.17
2021-05-01,percap_sa,Automation,21-30,94.59,92.94,90.83,88.49,91.88,86.77
2021-05-01,percap_sa,Automation,31-40,92.59,94.38,91.76,91.62,94.78,94.56
2021-05-01,percap_sa,Automation,41-50,89.26,94.02,92.38,93.52,95.76,93.57
2021-05-01,percap_sa,Automation,51-60,95.31,94.58,95.63,94.2,94.6,93.71
2021-05-01,percap_sa,Automation,All ages,92.92,93.98,92.5,91.65,94.44,92.08
2021-05-01,raw,Augmentation,21-30,90.1,85.66,92.25,79.81,89.5,88.26
2021-05-01,raw,Augmentation,31-40,86.09,84.62,92.18,88.15,88.32,88.57
2021-05-01,raw,Augmentation,41-50,87.03,87.86,93.96,93.22,93.76,91.8
2021-05-01,raw,Augmentation,51-60,90.34,89.26,92.06,89.78,91.39,91.61
2021-05-01,raw,Augmentation,All ages,88.34,86.61,92.62,88.0,90.64,89.84
2021-05-01,raw,Automation,21-30,90.1,90.98,88.86,87.53,88.35,85.49
2021-05-01,raw,Automation,31-40,86.09,89.57,87.96,87.26,90.34,90.18
2021-05-01,raw,Automation,41-50,87.03,92.84,91.66,92.35,94.9,92.27
2021-05-01,raw,Automation,51-60,90.34,91.0,92.32,90.79,91.37,90.14
2021-05-01,raw,Automation,All ages,88.34,91.06,90.03,89.19,91.59,89.44
2021-05-01,sa,Augmentation,21-30,94.6,87.51,93.4,82.17,90.59,90.19
2021-05-01,sa,Augmentation,31-40,89.84,87.08,93.54,89.71,90.07,89.66
2021-05-01,sa,Augmentation,41-50,89.59,89.73,95.47,94.69,95.29,92.62
2021-05-01,sa,Augmentation,51-60,92.99,90.68,93.37,90.96,92.52,92.13
2021-05-01,sa,Augmentation,All ages,91.73,88.55,93.95,89.65,92.0,90.99
2021-05-01,sa,Automation,21-30,94.6,92.95,90.84,88.5,91.89,86.78
2021-05-01,sa,Automation,31-40,89.84,91.58,89.04,88.9,91.96,91.75
2021-05-01,sa,Automation,41-50,89.59,94.38,92.73,93.87,96.12,93.92
2021-05-01,sa,Automation,51-60,92.99,92.28,93.29,91.9,92.29,91.42
2021-05-01,sa,Automation,All ages,91.73,92.78,91.31,90.48,93.23,90.9
2021-06-01,percap,Augmentation,21-30,91.46,90.77,91.82,80.92,95.18,89.44
2021-06-01,percap,Augmentation,31-40,89.2,88.19,91.63,86.72,88.32,88.54
2021-06-01,percap,Augmentation,41-50,87.66,86.62,89.27,87.37,88.38,87.79
2021-06-01,percap,Augmentation,51-60,91.29,89.47,89.31,85.85,88.05,90.0
2021-06-01,percap,Augmentation,All ages,89.94,88.84,90.6,85.38,90.29,88.93
2021-06-01,percap,Automation,21-30,91.46,92.28,88.07,93.8,85.47,87.36
2021-06-01,percap,Automation,31-40,89.2,90.1,87.14,89.12,86.97,90.11
2021-06-01,percap,Automation,41-50,87.66,89.67,86.94,88.83,87.15,87.71
2021-06-01,percap,Automation,51-60,91.29,89.83,90.54,88.81,86.13,87.02
2021-06-01,percap,Automation,All ages,89.94,90.54,88.03,90.57,86.47,88.18
2021-06-01,percap_sa,Augmentation,21-30,95.12,91.26,94.59,83.84,94.42,92.19
2021-06-01,percap_sa,Augmentation,31-40,92.56,91.87,96.05,91.97,93.25,92.64
2021-06-01,percap_sa,Augmentation,41-50,90.35,90.44,94.34,93.2,94.41,92.08
2021-06-01,percap_sa,Augmentation,51-60,94.92,93.16,94.73,91.75,94.2,93.83
2021-06-01,percap_sa,Augmentation,All ages,93.25,91.66,94.98,90.37,94.17,92.64
2021-06-01,percap_sa,Automation,21-30,95.12,94.35,92.44,92.84,91.66,88.71
2021-06-01,percap_sa,Automation,31-40,92.56,94.22,92.11,92.98,93.59,94.27
2021-06-01,percap_sa,Automation,41-50,90.35,93.72,92.13,93.79,94.13,92.64
2021-06-01,percap_sa,Automation,51-60,94.92,93.86,95.13,93.94,93.21,92.41
2021-06-01,percap_sa,Automation,All ages,93.25,94.09,92.83,93.42,93.24,92.01
2021-06-01,raw,Augmentation,21-30,91.47,90.78,91.83,80.93,95.19,89.45
2021-06-01,raw,Augmentation,31-40,86.55,85.57,88.91,84.14,85.7,85.91
2021-06-01,raw,Augmentation,41-50,88.0,86.96,89.62,87.71,88.72,88.14
2021-06-01,raw,Augmentation,51-60,89.05,87.27,87.12,83.75,85.89,87.79
2021-06-01,raw,Augmentation,All ages,88.78,87.7,89.44,84.28,89.13,87.79
2021-06-01,raw,Automation,21-30,91.47,92.29,88.08,93.81,85.48,87.37
2021-06-01,raw,Automation,31-40,86.55,87.42,84.55,86.47,84.38,87.43
2021-06-01,raw,Automation,41-50,88.0,90.02,87.28,89.18,87.49,88.05
2021-06-01,raw,Automation,51-60,89.05,87.63,88.32,86.63,84.01,84.88
2021-06-01,raw,Automation,All ages,88.78,89.38,86.9,89.41,85.36,87.05
2021-06-01,sa,Augmentation,21-30,95.12,91.26,94.59,83.84,94.43,92.2
2021-06-01,sa,Augmentation,31-40,89.95,89.29,93.35,89.38,90.62,90.03
2021-06-01,sa,Augmentation,41-50,90.7,90.79,94.7,93.56,94.77,92.43
2021-06-01,sa,Augmentation,51-60,92.72,91.0,92.54,89.62,92.02,91.66
2021-06-01,sa,Augmentation,All ages,92.12,90.55,93.83,89.28,93.03,91.52
2021-06-01,sa,Automation,21-30,95.12,94.35,92.44,92.84,91.67,88.72
2021-06-01,sa,Automation,31-40,89.95,91.57,89.52,90.36,90.96,91.62
2021-06-01,sa,Automation,41-50,90.7,94.08,92.48,94.15,94.49,93.0
2021-06-01,sa,Automation,51-60,92.72,91.69,92.92,91.76,91.04,90.27
2021-06-01,sa,Automation,All ages,92.12,92.95,91.71,92.29,92.11,90.9
2021-07-01,percap,Augmentation,21-30,98.42,98.96,95.74,86.83,103.94,96.7
2021-07-01,percap,Augmentation,31-40,90.55,91.07,94.13,89.49,92.6,92.38
2021-07-01,percap,Augmentation,41-50,89.21,89.87,92.66,90.65,92.94,91.85
2021-07-01,percap,Augmentation,51-60,91.44,92.16,92.67,89.27,92.2,93.6
2021-07-01,percap,Augmentation,All ages,92.58,93.26,93.87,89.14,95.88,93.73
2021-07-01,percap,Automation,21-30,98.42,98.32,95.61,102.07,90.14,92.62
2021-07-01,percap,Automation,31-40,90.55,92.56,91.28,93.03,90.4,92.43
2021-07-01,percap,Automation,41-50,89.21,92.67,91.59,92.89,91.58,90.52
2021-07-01,percap,Automation,51-60,91.44,93.06,94.07,92.54,90.34,90.08
2021-07-01,percap,Automation,All ages,92.58,94.25,93.01,95.84,90.62,91.56
2021-07-01,percap_sa,Augmentation,21-30,97.66,94.57,95.92,88.38,97.88,93.88
2021-07-01,percap_sa,Augmentation,31-40,95.55,94.69,97.86,94.4,96.06,94.86
2021-07-01,percap_sa,Augmentation,41-50,93.71,93.83,96.43,95.63,96.94,94.34
2021-07-01,percap_sa,Augmentation,51-60,96.67,95.79,96.54,94.32,96.37,95.95
2021-07-01,percap_sa,Augmentation,All ages,95.98,94.73,96.73,93.33,96.97,94.71
2021-07-01,percap_sa,Automation,21-30,97.66,95.99,94.71,96.06,93.5,92.21
2021-07-01,percap_sa,Automation,31-40,95.55,96.3,94.36,95.66,95.92,96.61
2021-07-01,percap_sa,Automation,41-50,93.71,96.06,94.42,96.44,96.63,95.05
2021-07-01,percap_sa,Automation,51-60,96.67,96.16,96.74,96.25,95.52,94.77
2021-07-01,percap_sa,Automation,All ages,95.98,96.17,94.96,96.2,95.53,94.69
2021-07-01,raw,Augmentation,21-30,98.36,98.91,95.69,86.78,103.88,96.65
2021-07-01,raw,Augmentation,31-40,88.16,88.66,91.64,87.12,90.15,89.94
2021-07-01,raw,Augmentation,41-50,89.45,90.1,92.9,90.89,93.18,92.09
2021-07-01,raw,Augmentation,51-60,89.53,90.23,90.73,87.4,90.27,91.64
2021-07-01,raw,Augmentation,All ages,91.51,92.18,92.79,88.11,94.77,92.65
2021-07-01,raw,Automation,21-30,98.36,98.27,95.55,102.01,90.09,92.57
2021-07-01,raw,Automation,31-40,88.16,90.11,88.87,90.57,88.0,89.98
2021-07-01,raw,Automation,41-50,89.45,92.91,91.83,93.14,91.82,90.76
2021-07-01,raw,Automation,51-60,89.53,91.11,92.1,90.61,88.45,88.19
2021-07-01,raw,Automation,All ages,91.51,93.16,91.94,94.74,89.57,90.5
2021-07-01,sa,Augmentation,21-30,97.61,94.52,95.87,88.33,97.83,93.83
2021-07-01,sa,Augmentation,31-40,92.87,92.04,95.12,91.76,93.37,92.21
2021-07-01,sa,Augmentation,41-50,93.95,94.07,96.68,95.88,97.19,94.58
2021-07-01,sa,Augmentation,51-60,94.53,93.67,94.41,92.24,94.24,93.83
2021-07-01,sa,Augmentation,All ages,94.81,93.57,95.55,92.18,95.78,93.55
2021-07-01,sa,Automation,21-30,97.61,95.94,94.66,96.01,93.45,92.16
2021-07-01,sa,Automation,31-40,92.87,93.6,91.72,92.98,93.23,93.91
2021-07-01,sa,Automation,41-50,93.95,96.3,94.66,96.69,96.87,95.29
2021-07-01,sa,Automation,51-60,94.53,94.03,94.6,94.12,93.41,92.68
2021-07-01,sa,Automation,All ages,94.81,94.99,93.8,95.02,94.36,93.53
2021-08-01,percap,Augmentation,21-30,100.17,100.21,94.44,89.0,104.06,97.11
2021-08-01,percap,Augmentation,31-40,93.22,93.22,95.37,92.59,95.16,93.91
2021-08-01,percap,Augmentation,41-50,91.62,91.82,94.53,93.67,95.75,93.54
2021-08-01,percap,Augmentation,51-60,94.99,94.9,94.88,93.01,95.81,95.29
2021-08-01,percap,Augmentation,All ages,95.13,95.22,94.83,92.15,98.03,95.01
2021-08-01,percap,Automation,21-30,100.17,99.06,96.4,102.09,93.1,91.76
2021-08-01,percap,Automation,31-40,93.22,94.35,93.32,95.02,94.02,94.0
2021-08-01,percap,Automation,41-50,91.62,94.42,93.78,95.01,95.09,92.74
2021-08-01,percap,Automation,51-60,94.99,95.33,95.88,95.44,94.65,93.02
2021-08-01,percap,Automation,All ages,95.13,95.85,94.73,97.42,94.27,92.92
2021-08-01,percap_sa,Augmentation,21-30,97.84,96.06,96.64,89.75,99.1,94.85
2021-08-01,percap_sa,Augmentation,31-40,96.98,95.84,98.57,95.28,96.72,95.65
2021-08-01,percap_sa,Augmentation,41-50,94.85,94.99,97.48,96.56,97.44,95.35
2021-08-01,percap_sa,Augmentation,51-60,97.6,96.8,97.23,95.27,97.05,96.75
2021-08-01,percap_sa,Augmentation,All ages,96.88,95.95,97.52,94.35,97.74,95.6
2021-08-01,percap_sa,Automation,21-30,97.84,96.63,95.68,97.49,94.08,93.36
2021-08-01,percap_sa,Automation,31-40,96.98,96.91,95.15,96.59,96.33,97.56
2021-08-01,percap_sa,Automation,41-50,94.85,96.81,95.46,97.13,97.11,96.44
2021-08-01,percap_sa,Automation,51-60,97.6,96.91,97.41,97.0,96.14,95.89
2021-08-01,percap_sa,Automation,All ages,96.88,96.85,95.84,97.2,96.05,95.84
2021-08-01,raw,Augmentation,21-30,100.11,100.16,94.39,88.95,104.0,97.06
2021-08-01,raw,Augmentation,31-40,90.76,90.76,92.85,90.15,92.64,91.43
2021-08-01,raw,Augmentation,41-50,91.86,92.06,94.78,93.92,96.0,93.78
2021-08-01,raw,Augmentation,51-60,93.0,92.92,92.9,91.06,93.8,93.3
2021-08-01,raw,Augmentation,All ages,94.03,94.12,93.73,91.09,96.9,93.92
2021-08-01,raw,Automation,21-30,100.11,99.01,96.35,102.03,93.04,91.71
2021-08-01,raw,Automation,31-40,90.76,91.86,90.85,92.5,91.53,91.51
2021-08-01,raw,Automation,41-50,91.86,94.67,94.02,95.26,95.35,92.98
2021-08-01,raw,Automation,51-60,93.0,93.33,93.88,93.45,92.67,91.07
2021-08-01,raw,Automation,All ages,94.03,94.75,93.64,96.29,93.19,91.84
2021-08-01,sa,Augmentation,21-30,97.78,96.01,96.59,89.7,99.04,94.8
2021-08-01,sa,Augmentation,31-40,94.42,93.31,95.97,92.76,94.16,93.12
2021-08-01,sa,Augmentation,41-50,95.08,95.23,97.72,96.8,97.68,95.59
2021-08-01,sa,Augmentation,51-60,95.57,94.79,95.2,93.29,95.04,94.74
2021-08-01,sa,Augmentation,All ages,95.76,94.85,96.4,93.26,96.61,94.5
2021-08-01,sa,Automation,21-30,97.78,96.58,95.63,97.44,94.03,93.3
2021-08-01,sa,Automation,31-40,94.42,94.36,92.64,94.04,93.79,94.99
2021-08-01,sa,Automation,41-50,95.08,97.05,95.7,97.37,97.35,96.67
2021-08-01,sa,Automation,51-60,95.57,94.9,95.38,94.98,94.14,93.9
2021-08-01,sa,Automation,All ages,95.76,95.73,94.73,96.07,94.94,94.73
2021-09-01,percap,Augmentation,21-30,101.01,98.94,97.34,91.68,101.59,97.01
2021-09-01,percap,Augmentation,31-40,97.48,97.05,98.4,95.76,97.59,96.51
2021-09-01,percap,Augmentation,41-50,95.45,95.36,96.93,96.58,97.66,95.87
2021-09-01,percap,Augmentation,51-60,98.39,97.72,96.98,95.69,97.5,97.36
2021-09-01,percap,Augmentation,All ages,98.17,97.35,97.46,95.03,98.78,96.69
2021-09-01,percap,Automation,21-30,101.01,98.17,97.05,99.84,96.6,95.1
2021-09-01,percap,Automation,31-40,97.48,97.26,95.92,97.6,96.11,98.07
2021-09-01,percap,Automation,41-50,95.45,97.13,95.66,97.28,96.88,96.3
2021-09-01,percap,Automation,51-60,98.39,97.47,97.67,97.51,96.39,96.01
2021-09-01,percap,Automation,All ages,98.17,97.54,96.5,98.3,96.42,96.44
2021-09-01,percap_sa,Augmentation,21-30,98.96,96.91,97.63,91.02,100.0,95.21
2021-09-01,percap_sa,Augmentation,31-40,97.83,97.03,98.8,96.14,97.46,96.46
2021-09-01,percap_sa,Augmentation,41-50,95.93,95.97,97.65,97.3,97.88,96.05
2021-09-01,percap_sa,Augmentation,51-60,98.22,97.47,97.57,96.0,97.48,97.25
2021-09-01,percap_sa,Augmentation,All ages,97.8,96.87,97.96,95.25,98.35,96.19
2021-09-01,percap_sa,Automation,21-30,98.96,97.08,96.15,98.07,95.93,94.82
2021-09-01,percap_sa,Automation,31-40,97.83,97.96,95.96,97.25,96.58,98.32
2021-09-01,percap_sa,Automation,41-50,95.93,97.83,95.98,97.45,97.46,97.08
2021-09-01,percap_sa,Automation,51-60,98.22,97.66,97.71,97.4,96.55,96.59
2021-09-01,percap_sa,Automation,All ages,97.8,97.65,96.37,97.67,96.65,96.75
2021-09-01,raw,Augmentation,21-30,100.95,98.89,97.28,91.63,101.54,96.95
2021-09-01,raw,Augmentation,31-40,94.9,94.49,95.79,93.22,95.01,93.96
2021-09-01,raw,Augmentation,41-50,95.7,95.61,97.18,96.84,97.92,96.12
2021-09-01,raw,Augmentation,51-60,96.33,95.68,94.95,93.69,95.46,95.32
2021-09-01,raw,Augmentation,All ages,97.04,96.22,96.34,93.93,97.64,95.57
2021-09-01,raw,Automation,21-30,100.95,98.12,97.0,99.79,96.55,95.04
2021-09-01,raw,Automation,31-40,94.9,94.68,93.38,95.02,93.57,95.47
2021-09-01,raw,Automation,41-50,95.7,97.39,95.91,97.54,97.13,96.56
2021-09-01,raw,Automation,51-60,96.33,95.43,95.63,95.47,94.37,94.0
2021-09-01,raw,Automation,All ages,97.04,96.41,95.38,97.17,95.31,95.33
2021-09-01,sa,Augmentation,21-30,98.9,96.85,97.57,90.96,99.94,95.15
2021-09-01,sa,Augmentation,31-40,95.4,94.62,96.34,93.76,95.04,94.06
2021-09-01,sa,Augmentation,41-50,96.16,96.2,97.89,97.53,98.12,96.28
2021-09-01,sa,Augmentation,51-60,96.31,95.58,95.67,94.13,95.58,95.36
2021-09-01,sa,Augmentation,All ages,96.74,95.82,96.9,94.21,97.29,95.15
2021-09-01,sa,Automation,21-30,98.9,97.02,96.09,98.01,95.87,94.76
2021-09-01,sa,Automation,31-40,95.4,95.53,93.57,94.83,94.18,95.88
2021-09-01,sa,Automation,41-50,96.16,98.07,96.22,97.68,97.69,97.32
2021-09-01,sa,Automation,51-60,96.31,95.76,95.81,95.5,94.67,94.71
2021-09-01,sa,Automation,All ages,96.74,96.6,95.33,96.61,95.6,95.7
2021-10-01,percap,Augmentation,21-30,100.68,98.35,97.15,92.67,100.17,96.78
2021-10-01,percap,Augmentation,31-40,98.88,98.03,98.99,97.22,97.91,97.11
2021-10-01,percap,Augmentation,41-50,97.5,97.0,97.87,98.14,98.35,97.11
2021-10-01,percap,Augmentation,51-60,99.11,98.14,97.5,96.6,97.91,97.87
2021-10-01,percap,Augmentation,All ages,99.11,97.92,97.92,96.28,98.7,97.19
2021-10-01,percap,Automation,21-30,100.68,98.19,96.91,98.74,96.24,95.35
2021-10-01,percap,Automation,31-40,98.88,98.1,96.5,97.94,97.26,99.14
2021-10-01,percap,Automation,41-50,97.5,98.11,96.68,98.38,97.97,97.69
2021-10-01,percap,Automation,51-60,99.11,97.9,97.94,98.03,97.18,96.73
2021-10-01,percap,Automation,All ages,99.11,98.1,96.94,98.37,97.21,97.29
2021-10-01,percap_sa,Augmentation,21-30,99.49,98.26,98.53,92.77,100.9,96.31
2021-10-01,percap_sa,Augmentation,31-40,98.48,98.15,99.76,97.52,98.36,97.18
2021-10-01,percap_sa,Augmentation,41-50,96.75,96.98,98.49,98.26,98.56,96.89
2021-10-01,percap_sa,Augmentation,51-60,98.66,98.09,98.19,96.86,98.22,97.86
2021-10-01,percap_sa,Augmentation,All ages,98.4,97.92,98.79,96.48,99.14,97.02
2021-10-01,percap_sa,Automation,21-30,99.49,98.03,96.8,99.18,96.92,96.46
2021-10-01,percap_sa,Automation,31-40,98.48,98.47,96.7,98.21,97.77,99.75
2021-10-01,percap_sa,Automation,41-50,96.75,98.21,96.71,98.45,98.17,98.18
2021-10-01,percap_sa,Automation,51-60,98.66,98.12,98.18,98.22,97.43,97.34
2021-10-01,percap_sa,Automation,All ages,98.4,98.23,97.03,98.64,97.59,98.01
2021-10-01,raw,Augmentation,21-30,100.56,98.23,97.03,92.55,100.05,96.67
2021-10-01,raw,Augmentation,31-40,96.59,95.76,96.7,94.97,95.64,94.86
2021-10-01,raw,Augmentation,41-50,97.63,97.13,98.0,98.27,98.48,97.24
2021-10-01,raw,Augmentation,51-60,97.4,96.44,95.81,94.93,96.22,96.18
2021-10-01,raw,Augmentation,All ages,98.09,96.91,96.91,95.3,97.69,96.19
2021-10-01,raw,Automation,21-30,100.56,98.07,96.79,98.61,96.12,95.23
2021-10-01,raw,Automation,31-40,96.59,95.83,94.26,95.67,95.01,96.84
2021-10-01,raw,Automation,41-50,97.63,98.25,96.81,98.51,98.1,97.82
2021-10-01,raw,Automation,51-60,97.4,96.21,96.24,96.33,95.5,95.06
2021-10-01,raw,Automation,All ages,98.09,97.09,95.94,97.36,96.22,96.3
2021-10-01,sa,Augmentation,21-30,99.38,98.14,98.42,92.66,100.78,96.2
2021-10-01,sa,Augmentation,31-40,96.05,95.72,97.3,95.11,95.93,94.78
2021-10-01,sa,Augmentation,41-50,96.89,97.12,98.62,98.39,98.69,97.02
2021-10-01,sa,Augmentation,51-60,96.83,96.27,96.37,95.06,96.39,96.05
2021-10-01,sa,Augmentation,All ages,97.32,96.84,97.71,95.42,98.06,95.96
2021-10-01,sa,Automation,21-30,99.38,97.92,96.69,99.06,96.8,96.35
2021-10-01,sa,Automation,31-40,96.05,96.03,94.31,95.79,95.35,97.28
2021-10-01,sa,Automation,41-50,96.89,98.35,96.85,98.58,98.31,98.31
2021-10-01,sa,Automation,51-60,96.83,96.3,96.36,96.39,95.62,95.53
2021-10-01,sa,Automation,All ages,97.32,97.16,95.97,97.56,96.52,96.94
2021-11-01,percap,Augmentation,21-30,100.6,99.05,99.9,93.95,101.48,97.0
2021-11-01,percap,Augmentation,31-40,99.54,98.75,100.15,97.86,98.95,97.81
2021-11-01,percap,Augmentation,41-50,98.4,97.56,98.82,98.46,98.9,97.23
2021-11-01,percap,Augmentation,51-60,99.0,98.46,98.67,97.14,98.53,98.18
2021-11-01,percap,Augmentation,All ages,99.46,98.52,99.44,96.97,99.61,97.53
2021-11-01,percap,Automation,21-30,100.6,98.2,97.72,99.92,97.37,98.3
2021-11-01,percap,Automation,31-40,99.54,98.85,97.12,98.8,98.06,100.4
2021-11-01,percap,Automation,41-50,98.4,98.57,97.03,98.93,98.09,98.65
2021-11-01,percap,Automation,51-60,99.0,98.35,98.5,98.61,97.62,97.89
2021-11-01,percap,Automation,All ages,99.46,98.52,97.53,99.21,97.77,98.91
2021-11-01,percap_sa,Augmentation,21-30,100.6,99.05,99.9,93.95,101.48,97.0
2021-11-01,percap_sa,Augmentation,31-40,99.54,98.75,100.15,97.86,98.95,97.81
2021-11-01,percap_sa,Augmentation,41-50,98.4,97.56,98.82,98.46,98.9,97.23
2021-11-01,percap_sa,Augmentation,51-60,99.0,98.46,98.67,97.14,98.53,98.18
2021-11-01,percap_sa,Augmentation,All ages,99.46,98.52,99.44,96.97,99.61,97.53
2021-11-01,percap_sa,Automation,21-30,100.6,98.2,97.72,99.92,97.37,98.3
2021-11-01,percap_sa,Automation,31-40,99.54,98.85,97.12,98.8,98.06,100.4
2021-11-01,percap_sa,Automation,41-50,98.4,98.57,97.03,98.93,98.09,98.65
2021-11-01,percap_sa,Automation,51-60,99.0,98.35,98.5,98.61,97.62,97.89
2021-11-01,percap_sa,Automation,All ages,99.46,98.52,97.53,99.21,97.77,98.91
2021-11-01,raw,Augmentation,21-30,100.48,98.93,99.78,93.84,101.36,96.88
2021-11-01,raw,Augmentation,31-40,97.23,96.47,97.83,95.6,96.66,95.54
2021-11-01,raw,Augmentation,41-50,98.53,97.69,98.96,98.59,99.03,97.36
2021-11-01,raw,Augmentation,51-60,97.29,96.76,96.97,95.47,96.83,96.48
2021-11-01,raw,Augmentation,All ages,98.44,97.51,98.42,95.97,98.59,96.53
2021-11-01,raw,Automation,21-30,100.48,98.08,97.6,99.8,97.25,98.18
2021-11-01,raw,Automation,31-40,97.23,96.56,94.88,96.51,95.79,98.08
2021-11-01,raw,Automation,41-50,98.53,98.7,97.16,99.07,98.22,98.78
2021-11-01,raw,Automation,51-60,97.29,96.65,96.79,96.91,95.93,96.2
2021-11-01,raw,Automation,All ages,98.44,97.51,96.53,98.19,96.77,97.9
2021-11-01,sa,Augmentation,21-30,100.48,98.93,99.78,93.84,101.36,96.88
2021-11-01,sa,Augmentation,31-40,97.23,96.47,97.83,95.6,96.66,95.54
2021-11-01,sa,Augmentation,41-50,98.53,97.69,98.96,98.59,99.03,97.36
2021-11-01,sa,Augmentation,51-60,97.29,96.76,96.97,95.47,96.83,96.48
2021-11-01,sa,Augmentation,All ages,98.44,97.51,98.42,95.97,98.59,96.53
2021-11-01,sa,Automation,21-30,100.48,98.08,97.6,99.8,97.25,98.18
2021-11-01,sa,Automation,31-40,97.23,96.56,94.88,96.51,95.79,98.08
2021-11-01,sa,Automation,41-50,98.53,98.7,97.16,99.07,98.22,98.78
2021-11-01,sa,Automation,51-60,97.29,96.65,96.79,96.91,95.93,96.2
2021-11-01,sa,Automation,All ages,98.44,97.51,96.53,98.19,96.77,97.9
2021-12-01,percap,Augmentation,21-30,99.84,104.49,100.03,94.79,103.9,97.61
2021-12-01,percap,Augmentation,31-40,99.52,102.05,100.71,99.11,99.99,98.0
2021-12-01,percap,Augmentation,41-50,98.58,98.99,99.79,99.76,100.12,97.64
2021-12-01,percap,Augmentation,51-60,100.82,101.23,99.91,98.56,100.36,98.75
2021-12-01,percap,Augmentation,All ages,99.69,101.86,100.14,98.17,101.26,97.97
2021-12-01,percap,Automation,21-30,99.84,102.77,97.71,102.11,98.0,98.68
2021-12-01,percap,Automation,31-40,99.52,101.18,97.5,99.58,99.35,101.4
2021-12-01,percap,Automation,41-50,98.58,99.64,97.46,99.63,99.87,100.04
2021-12-01,percap,Automation,51-60,100.82,99.96,99.15,99.86,100.03,99.5
2021-12-01,percap,Automation,All ages,99.69,100.97,97.88,100.51,99.39,99.97
2021-12-01,percap_sa,Augmentation,21-30,100.72,100.25,99.1,94.87,102.25,97.61
2021-12-01,percap_sa,Augmentation,31-40,100.19,99.72,99.97,98.61,99.36,98.04
2021-12-01,percap_sa,Augmentation,41-50,98.77,97.89,99.04,99.11,99.32,97.57
2021-12-01,percap_sa,Augmentation,51-60,99.64,99.26,98.92,97.79,98.94,98.49
2021-12-01,percap_sa,Augmentation,All ages,99.88,99.37,99.29,97.7,100.12,97.91
2021-12-01,percap_sa,Automation,21-30,100.72,99.25,97.77,100.85,97.77,97.94
2021-12-01,percap_sa,Automation,31-40,100.19,99.39,97.49,99.2,98.55,100.53
2021-12-01,percap_sa,Automation,41-50,98.77,98.69,97.32,99.32,98.63,99.19
2021-12-01,percap_sa,Automation,51-60,99.64,98.8,98.8,99.11,98.06,98.37
2021-12-01,percap_sa,Automation,All ages,99.88,99.07,97.78,99.79,98.26,99.08
2021-12-01,raw,Augmentation,21-30,99.72,104.36,99.91,94.67,103.77,97.49
2021-12-01,raw,Augmentation,31-40,97.21,99.69,98.38,96.81,97.68,95.73
2021-12-01,raw,Augmentation,41-50,98.71,99.12,99.92,99.89,100.25,97.78
2021-12-01,raw,Augmentation,51-60,99.08,99.48,98.18,96.85,98.63,97.05
2021-12-01,raw,Augmentation,All ages,98.67,100.82,99.11,97.16,100.22,96.96
2021-12-01,raw,Automation,21-30,99.72,102.65,97.59,101.98,97.88,98.56
2021-12-01,raw,Automation,31-40,97.21,98.83,95.25,97.28,97.05,99.05
2021-12-01,raw,Automation,41-50,98.71,99.77,97.59,99.77,100.01,100.17
2021-12-01,raw,Automation,51-60,99.08,98.23,97.43,98.13,98.3,97.78
2021-12-01,raw,Automation,All ages,98.67,99.93,96.87,99.48,98.37,98.94
2021-12-01,sa,Augmentation,21-30,100.59,100.12,98.97,94.75,102.12,97.49
2021-12-01,sa,Augmentation,31-40,98.03,97.57,97.81,96.48,97.21,95.92
2021-12-01,sa,Augmentation,41-50,98.9,98.02,99.17,99.25,99.45,97.7
2021-12-01,sa,Augmentation,51-60,98.04,97.68,97.34,96.22,97.36,96.91
2021-12-01,sa,Augmentation,All ages,98.93,98.42,98.34,96.77,99.17,96.97
2021-12-01,sa,Automation,21-30,100.59,99.12,97.65,100.72,97.65,97.82
2021-12-01,sa,Automation,31-40,98.03,97.25,95.39,97.06,96.42,98.36
2021-12-01,sa,Automation,41-50,98.9,98.82,97.45,99.45,98.76,99.32
2021-12-01,sa,Automation,51-60,98.04,97.22,97.22,97.52,96.5,96.8
2021-12-01,sa,Automation,All ages,98.93,98.13,96.85,98.84,97.32,98.14
2022-01-01,percap,Augmentation,21-30,88.56,89.21,92.39,84.69,98.06,91.87
2022-01-01,percap,Augmentation,31-40,87.6,89.05,94.21,91.9,93.48,93.28
2022-01-01,percap,Augmentation,41-50,88.64,88.08,94.05,92.99,94.71,93.36
2022-01-01,percap,Augmentation,51-60,90.98,91.12,94.27,92.65,94.69,94.56
2022-01-01,percap,Augmentation,All ages,88.89,89.29,93.72,90.73,95.38,93.16
2022-01-01,percap,Automation,21-30,88.56,91.23,92.47,95.82,92.08,87.27
2022-01-01,percap,Automation,31-40,87.6,92.3,93.1,92.47,94.31,92.37
2022-01-01,percap,Automation,41-50,88.64,92.45,93.27,93.54,95.1,91.99
2022-01-01,percap,Automation,51-60,90.98,93.04,94.83,94.24,94.45,92.32
2022-01-01,percap,Automation,All ages,88.89,92.23,93.34,94.16,94.16,90.91
2022-01-01,percap_sa,Augmentation,21-30,100.61,98.33,97.69,92.86,101.32,96.79
2022-01-01,percap_sa,Augmentation,31-40,99.21,98.17,99.02,97.66,98.43,97.73
2022-01-01,percap_sa,Augmentation,41-50,98.91,96.9,98.46,98.42,98.85,97.4
2022-01-01,percap_sa,Augmentation,51-60,99.09,98.29,98.4,97.41,98.36,98.35
2022-01-01,percap_sa,Augmentation,All ages,99.5,97.94,98.41,96.72,99.38,97.52
2022-01-01,percap_sa,Automation,21-30,100.61,98.31,97.23,99.61,97.72,95.2
2022-01-01,percap_sa,Automation,31-40,99.21,98.94,97.24,97.97,98.41,98.88
2022-01-01,percap_sa,Automation,41-50,98.91,98.68,97.13,98.51,98.65,98.0
2022-01-01,percap_sa,Automation,51-60,99.09,98.6,98.61,98.38,97.85,97.51
2022-01-01,percap_sa,Automation,All ages,99.5,98.64,97.49,98.75,98.16,97.42
2022-01-01,raw,Augmentation,21-30,88.44,89.09,92.26,84.58,97.93,91.75
2022-01-01,raw,Augmentation,31-40,85.98,87.41,92.47,90.2,91.76,91.56
2022-01-01,raw,Augmentation,41-50,88.7,88.13,94.11,93.05,94.77,93.42
2022-01-01,raw,Augmentation,51-60,89.78,89.91,93.02,91.42,93.43,93.3
2022-01-01,raw,Augmentation,All ages,88.15,88.55,92.95,89.98,94.59,92.39
2022-01-01,raw,Automation,21-30,88.44,91.11,92.35,95.69,91.96,87.15
2022-01-01,raw,Automation,31-40,85.98,90.59,91.38,90.77,92.57,90.66
2022-01-01,raw,Automation,41-50,88.7,92.51,93.33,93.6,95.16,92.05
2022-01-01,raw,Automation,51-60,89.78,91.8,93.57,92.99,93.2,91.09
2022-01-01,raw,Automation,All ages,88.15,91.46,92.57,93.38,93.38,90.16
2022-01-01,sa,Augmentation,21-30,100.48,98.2,97.56,92.74,101.19,96.67
2022-01-01,sa,Augmentation,31-40,97.22,96.2,97.05,95.71,96.47,95.77
2022-01-01,sa,Augmentation,41-50,98.96,96.95,98.52,98.48,98.91,97.46
2022-01-01,sa,Augmentation,51-60,97.65,96.86,96.97,95.99,96.93,96.92
2022-01-01,sa,Augmentation,All ages,98.6,97.06,97.53,95.86,98.49,96.65
2022-01-01,sa,Automation,21-30,100.48,98.18,97.1,99.48,97.6,95.08
2022-01-01,sa,Automation,31-40,97.22,96.96,95.29,96.01,96.45,96.9
2022-01-01,sa,Automation,41-50,98.96,98.73,97.18,98.56,98.71,98.05
2022-01-01,sa,Automation,51-60,97.65,97.16,97.18,96.96,96.43,96.09
2022-01-01,sa,Automation,All ages,98.6,97.76,96.61,97.86,97.28,96.54
2022-02-01,percap,Augmentation,21-30,92.82,93.16,96.06,89.75,97.52,94.18
2022-02-01,percap,Augmentation,31-40,92.29,94.13,97.46,95.95,96.7,95.66
2022-02-01,percap,Augmentation,41-50,93.66,93.4,96.91,96.8,97.81,95.88
2022-02-01,percap,Augmentation,51-60,94.87,95.65,97.29,95.91,97.79,96.68
2022-02-01,percap,Augmentation,All ages,93.37,94.0,96.93,94.76,97.48,95.51
2022-02-01,percap,Automation,21-30,92.82,94.73,94.59,95.76,95.05,93.06
2022-02-01,percap,Automation,31-40,92.29,96.03,95.62,95.69,96.94,97.08
2022-02-01,percap,Automation,41-50,93.66,96.28,95.73,96.76,97.46,96.43
2022-02-01,percap,Automation,51-60,94.87,96.22,97.18,97.38,96.95,96.4
2022-02-01,percap,Automation,All ages,93.37,95.8,95.71,96.33,96.73,95.72
2022-02-01,percap_sa,Augmentation,21-30,101.16,99.11,98.95,94.29,101.29,97.64
2022-02-01,percap_sa,Augmentation,31-40,99.92,99.21,99.91,98.56,99.3,98.41
2022-02-01,percap_sa,Augmentation,41-50,100.01,98.32,99.18,99.28,99.73,98.24
2022-02-01,percap_sa,Augmentation,51-60,99.76,99.06,99.27,98.04,99.25,98.75
2022-02-01,percap_sa,Augmentation,All ages,100.25,98.94,99.35,97.67,99.97,98.23
2022-02-01,percap_sa,Automation,21-30,101.16,99.09,97.6,99.96,97.58,97.29
2022-02-01,percap_sa,Automation,31-40,99.92,99.54,97.92,99.01,98.55,100.24
2022-02-01,percap_sa,Automation,41-50,100.01,99.59,97.83,99.53,98.87,99.31
2022-02-01,percap_sa,Automation,51-60,99.76,98.97,99.05,99.23,98.32,98.8
2022-02-01,percap_sa,Automation,All ages,100.25,99.31,98.05,99.51,98.37,98.94
2022-02-01,raw,Augmentation,21-30,92.7,93.03,95.93,89.63,97.39,94.06
2022-02-01,raw,Augmentation,31-40,90.59,92.39,95.66,94.18,94.92,93.89
2022-02-01,raw,Augmentation,41-50,93.72,93.46,96.97,96.86,97.87,95.94
2022-02-01,raw,Augmentation,51-60,93.61,94.38,96.0,94.64,96.5,95.4
2022-02-01,raw,Augmentation,All ages,92.6,93.22,96.13,93.98,96.67,94.72
2022-02-01,raw,Automation,21-30,92.7,94.6,94.46,95.63,94.92,92.94
2022-02-01,raw,Automation,31-40,90.59,94.26,93.86,93.93,95.16,95.29
2022-02-01,raw,Automation,41-50,93.72,96.34,95.79,96.83,97.52,96.49
2022-02-01,raw,Automation,51-60,93.61,94.94,95.89,96.09,95.66,95.12
2022-02-01,raw,Automation,All ages,92.6,95.01,94.92,95.54,95.93,94.93
2022-02-01,sa,Augmentation,21-30,101.03,98.98,98.82,94.17,101.15,97.51
2022-02-01,sa,Augmentation,31-40,98.08,97.38,98.07,96.75,97.47,96.6
2022-02-01,sa,Augmentation,41-50,100.07,98.38,99.24,99.35,99.79,98.3
2022-02-01,sa,Augmentation,51-60,98.43,97.75,97.95,96.74,97.93,97.44
2022-02-01,sa,Augmentation,All ages,99.42,98.13,98.53,96.86,99.15,97.42
2022-02-01,sa,Automation,21-30,101.03,98.96,97.47,99.82,97.45,97.16
2022-02-01,sa,Automation,31-40,98.08,97.7,96.11,97.19,96.73,98.39
2022-02-01,sa,Automation,41-50,100.07,99.65,97.9,99.59,98.93,99.37
2022-02-01,sa,Automation,51-60,98.43,97.66,97.74,97.92,97.02,97.49
2022-02-01,sa,Automation,All ages,99.42,98.49,97.24,98.68,97.56,98.13
2022-03-01,percap,Augmentation,21-30,94.98,95.4,98.51,92.52,98.61,95.67
2022-03-01,percap,Augmentation,31-40,94.6,96.43,99.4,97.83,97.74,97.16
2022-03-01,percap,Augmentation,41-50,95.79,95.77,98.11,98.21,98.57,97.06
2022-03-01,percap,Augmentation,51-60,95.96,97.45,98.33,97.43,98.55,98.11
2022-03-01,percap,Augmentation,All ages,95.32,96.2,98.62,96.63,98.4,96.91
2022-03-01,percap,Automation,21-30,94.98,95.56,96.55,97.47,94.9,96.7
2022-03-01,percap,Automation,31-40,94.6,97.47,97.26,97.46,97.33,99.56
2022-03-01,percap,Automation,41-50,95.79,97.53,96.77,98.26,98.07,98.03
2022-03-01,percap,Automation,51-60,95.96,97.5,98.44,98.51,98.05,97.68
2022-03-01,percap,Automation,All ages,95.32,97.0,97.2,97.9,97.28,98.04
2022-03-01,percap_sa,Augmentation,21-30,102.21,100.29,100.48,96.08,101.88,98.75
2022-03-01,percap_sa,Augmentation,31-40,100.91,100.56,100.95,99.65,99.71,99.18
2022-03-01,percap_sa,Augmentation,41-50,100.7,99.51,99.83,99.81,100.17,98.9
2022-03-01,percap_sa,Augmentation,51-60,100.14,99.83,99.75,98.78,99.56,99.49
2022-03-01,percap_sa,Augmentation,All ages,101.04,100.08,100.29,98.68,100.41,99.06
2022-03-01,percap_sa,Automation,21-30,102.21,99.5,99.05,101.0,97.59,99.45
2022-03-01,percap_sa,Automation,31-40,100.91,100.23,98.82,99.95,98.6,101.63
2022-03-01,percap_sa,Automation,41-50,100.7,100.02,98.45,100.41,99.06,100.07
2022-03-01,percap_sa,Automation,51-60,100.14,99.48,99.62,99.8,98.86,99.4
2022-03-01,percap_sa,Automation,All ages,101.04,99.83,98.94,100.38,98.59,100.22
2022-03-01,raw,Augmentation,21-30,94.85,95.27,98.38,92.4,98.48,95.54
2022-03-01,raw,Augmentation,31-40,92.86,94.65,97.57,96.02,95.94,95.37
2022-03-01,raw,Augmentation,41-50,95.85,95.83,98.18,98.27,98.63,97.12
2022-03-01,raw,Augmentation,51-60,94.69,96.15,97.03,96.14,97.24,96.81
2022-03-01,raw,Augmentation,All ages,94.54,95.41,97.81,95.84,97.59,96.11
2022-03-01,raw,Automation,21-30,94.85,95.43,96.43,97.34,94.77,96.57
2022-03-01,raw,Automation,31-40,92.86,95.67,95.46,95.67,95.53,97.72
2022-03-01,raw,Automation,41-50,95.85,97.59,96.83,98.32,98.13,98.09
2022-03-01,raw,Automation,51-60,94.69,96.2,97.13,97.2,96.75,96.38
2022-03-01,raw,Automation,All ages,94.54,96.2,96.4,97.09,96.48,97.23
2022-03-01,sa,Augmentation,21-30,102.07,100.15,100.34,95.95,101.74,98.62
2022-03-01,sa,Augmentation,31-40,99.21,98.86,99.25,97.97,98.02,97.5
2022-03-01,sa,Augmentation,41-50,100.76,99.57,99.89,99.87,100.23,98.97
2022-03-01,sa,Augmentation,51-60,98.94,98.63,98.55,97.59,98.37,98.3
2022-03-01,sa,Augmentation,All ages,100.28,99.33,99.53,97.94,99.65,98.31
2022-03-01,sa,Automation,21-30,102.07,99.36,98.92,100.86,97.46,99.32
2022-03-01,sa,Automation,31-40,99.21,98.54,97.16,98.26,96.94,99.92
2022-03-01,sa,Automation,41-50,100.76,100.09,98.52,100.47,99.12,100.14
2022-03-01,sa,Automation,51-60,98.94,98.29,98.42,98.6,97.67,98.21
2022-03-01,sa,Automation,All ages,100.28,99.08,98.19,99.63,97.85,99.46
2022-04-01,percap,Augmentation,21-30,95.47,97.22,99.42,94.26,100.2,96.67
2022-04-01,percap,Augmentation,31-40,94.27,96.89,99.52,98.03,98.33,97.84
2022-04-01,percap,Augmentation,41-50,96.5,97.17,99.03,98.87,99.07,98.26
2022-04-01,percap,Augmentation,51-60,96.3,98.09,98.73,98.01,98.7,98.77
2022-04-01,percap,Augmentation,All ages,95.61,97.3,99.21,97.39,99.14,97.8
2022-04-01,percap,Automation,21-30,95.47,96.37,97.47,99.25,94.9,98.63
2022-04-01,percap,Automation,31-40,94.27,97.13,97.99,98.17,97.49,99.91
2022-04-01,percap,Automation,41-50,96.5,98.25,98.17,98.99,98.54,99.0
2022-04-01,percap,Automation,51-60,96.3,97.83,99.11,98.76,98.21,98.46
2022-04-01,percap,Automation,All ages,95.61,97.37,98.14,98.84,97.52,99.06
2022-04-01,percap_sa,Augmentation,21-30,101.78,100.51,100.5,97.05,101.95,99.19
2022-04-01,percap_sa,Augmentation,31-40,100.36,100.76,100.91,100.06,100.26,99.57
2022-04-01,percap_sa,Augmentation,41-50,100.81,100.27,100.37,100.45,100.55,99.61
2022-04-01,percap_sa,Augmentation,51-60,100.22,100.55,100.07,99.34,99.82,99.9
2022-04-01,percap_sa,Augmentation,All ages,100.83,100.54,100.49,99.32,100.73,99.54
2022-04-01,percap_sa,Automation,21-30,101.78,99.43,99.32,101.15,97.98,100.18
2022-04-01,percap_sa,Automation,31-40,100.36,99.96,99.25,100.44,99.02,101.9
2022-04-01,percap_sa,Automation,41-50,100.81,100.5,99.36,100.81,99.5,100.77
2022-04-01,percap_sa,Automation,51-60,100.22,99.83,100.13,100.11,99.1,100.03
2022-04-01,percap_sa,Automation,All ages,100.83,99.93,99.47,100.71,98.97,100.79
2022-04-01,raw,Augmentation,21-30,95.38,97.13,99.34,94.18,100.11,96.59
2022-04-01,raw,Augmentation,31-40,93.1,95.69,98.29,96.82,97.11,96.63
2022-04-01,raw,Augmentation,41-50,96.54,97.22,99.07,98.91,99.11,98.3
2022-04-01,raw,Augmentation,51-60,95.45,97.22,97.85,97.13,97.82,97.89
2022-04-01,raw,Augmentation,All ages,95.08,96.77,98.66,96.85,98.59,97.26
2022-04-01,raw,Automation,21-30,95.38,96.29,97.38,99.16,94.81,98.54
2022-04-01,raw,Automation,31-40,93.1,95.93,96.78,96.96,96.28,98.68
2022-04-01,raw,Automation,41-50,96.54,98.29,98.21,99.03,98.58,99.04
2022-04-01,raw,Automation,51-60,95.45,96.96,98.23,97.88,97.34,97.58
2022-04-01,raw,Automation,All ages,95.08,96.83,97.6,98.3,96.98,98.51
2022-04-01,sa,Augmentation,21-30,101.7,100.43,100.41,96.97,101.87,99.1
2022-04-01,sa,Augmentation,31-40,98.97,99.36,99.51,98.67,98.87,98.19
2022-04-01,sa,Augmentation,41-50,100.83,100.29,100.39,100.47,100.57,99.62
2022-04-01,sa,Augmentation,51-60,99.22,99.55,99.07,98.35,98.82,98.91
2022-04-01,sa,Augmentation,All ages,100.2,99.91,99.86,98.69,100.1,98.92
2022-04-01,sa,Automation,21-30,101.7,99.34,99.23,101.07,97.9,100.1
2022-04-01,sa,Automation,31-40,98.97,98.58,97.88,99.04,97.64,100.49
2022-04-01,sa,Automation,41-50,100.83,100.52,99.38,100.83,99.52,100.79
2022-04-01,sa,Automation,51-60,99.22,98.83,99.14,99.11,98.12,99.03
2022-04-01,sa,Automation,All ages,100.2,99.31,98.85,100.08,98.35,100.16
2022-05-01,percap,Augmentation,21-30,97.05,98.64,99.8,95.27,100.98,97.28
2022-05-01,percap,Augmentation,31-40,96.51,97.57,99.91,98.5,98.13,98.64
2022-05-01,percap,Augmentation,41-50,97.58,97.9,99.08,98.76,98.73,98.67
2022-05-01,percap,Augmentation,51-60,96.9,98.52,99.08,98.16,98.57,99.23
2022-05-01,percap,Augmentation,All ages,97.02,98.15,99.5,97.76,99.2,98.39
2022-05-01,percap,Automation,21-30,97.05,97.88,97.38,100.14,94.81,99.63
2022-05-01,percap,Automation,31-40,96.51,98.09,98.28,98.29,97.49,100.52
2022-05-01,percap,Automation,41-50,97.58,98.92,98.26,98.74,98.37,99.16
2022-05-01,percap,Automation,51-60,96.9,98.6,99.15,98.59,98.3,98.96
2022-05-01,percap,Automation,All ages,97.02,98.36,98.23,99.06,97.47,99.64
2022-05-01,percap_sa,Augmentation,21-30,101.89,100.77,101.04,98.08,102.21,99.41
2022-05-01,percap_sa,Augmentation,31-40,100.7,100.4,101.38,100.23,100.06,99.85
2022-05-01,percap_sa,Augmentation,41-50,100.47,100.01,100.69,100.33,100.36,99.57
2022-05-01,percap_sa,Augmentation,51-60,99.72,100.07,100.47,99.44,99.78,99.78
2022-05-01,percap_sa,Augmentation,All ages,100.75,100.35,100.92,99.58,100.69,99.65
2022-05-01,percap_sa,Automation,21-30,101.89,100.0,99.56,101.26,98.6,101.13
2022-05-01,percap_sa,Automation,31-40,100.7,100.28,99.48,100.13,99.23,102.27
2022-05-01,percap_sa,Automation,41-50,100.47,100.57,99.43,100.38,99.65,100.94
2022-05-01,percap_sa,Automation,51-60,99.72,99.97,100.18,99.78,99.27,100.36
2022-05-01,percap_sa,Automation,All ages,100.75,100.21,99.62,100.5,99.22,101.25
2022-05-01,raw,Augmentation,21-30,96.96,98.55,99.71,95.18,100.89,97.2
2022-05-01,raw,Augmentation,31-40,95.31,96.36,98.67,97.28,96.91,97.42
2022-05-01,raw,Augmentation,41-50,97.62,97.94,99.12,98.8,98.77,98.71
2022-05-01,raw,Augmentation,51-60,96.04,97.64,98.2,97.29,97.69,98.35
2022-05-01,raw,Augmentation,All ages,96.48,97.61,98.95,97.22,98.65,97.85
2022-05-01,raw,Automation,21-30,96.96,97.8,97.3,100.05,94.72,99.54
2022-05-01,raw,Automation,31-40,95.31,96.87,97.06,97.08,96.29,99.27
2022-05-01,raw,Automation,41-50,97.62,98.96,98.31,98.78,98.41,99.2
2022-05-01,raw,Automation,51-60,96.04,97.72,98.27,97.71,97.42,98.08
2022-05-01,raw,Automation,All ages,96.48,97.81,97.69,98.52,96.93,99.08
2022-05-01,sa,Augmentation,21-30,101.8,100.68,100.95,97.99,102.11,99.32
2022-05-01,sa,Augmentation,31-40,99.46,99.16,100.13,99.0,98.83,98.62
2022-05-01,sa,Augmentation,41-50,100.49,100.03,100.71,100.36,100.39,99.6
2022-05-01,sa,Augmentation,51-60,98.85,99.19,99.59,98.57,98.9,98.91
2022-05-01,sa,Augmentation,All ages,100.19,99.79,100.37,99.04,100.14,99.1
2022-05-01,sa,Automation,21-30,101.8,99.91,99.47,101.17,98.51,101.04
2022-05-01,sa,Automation,31-40,99.46,99.05,98.26,98.9,98.01,101.01
2022-05-01,sa,Automation,41-50,100.49,100.6,99.46,100.41,99.68,100.97
2022-05-01,sa,Automation,51-60,98.85,99.09,99.3,98.9,98.4,99.48
2022-05-01,sa,Automation,All ages,100.19,99.66,99.07,99.94,98.67,100.69
2022-06-01,percap,Augmentation,21-30,98.07,100.47,97.7,95.0,101.82,96.29
2022-06-01,percap,Augmentation,31-40,96.83,96.4,95.96,93.99,93.9,95.32
2022-06-01,percap,Augmentation,41-50,96.97,95.42,94.39,93.46,92.92,94.46
2022-06-01,percap,Augmentation,51-60,95.75,95.84,93.78,92.36,92.47,95.06
2022-06-01,percap,Augmentation,All ages,96.98,97.2,95.54,93.7,95.61,95.34
2022-06-01,percap,Automation,21-30,98.07,98.05,94.57,101.62,91.33,99.29
2022-06-01,percap,Automation,31-40,96.83,95.88,93.77,95.57,91.41,96.76
2022-06-01,percap,Automation,41-50,96.97,95.84,93.32,94.42,91.26,94.51
2022-06-01,percap,Automation,51-60,95.75,95.43,94.58,93.84,90.83,93.33
2022-06-01,percap,Automation,All ages,96.98,96.35,94.02,96.9,91.17,96.19
2022-06-01,percap_sa,Augmentation,21-30,101.99,101.0,100.64,98.43,101.01,99.26
2022-06-01,percap_sa,Augmentation,31-40,100.47,100.42,100.59,99.68,99.13,99.73
2022-06-01,percap_sa,Augmentation,41-50,99.95,99.63,99.75,99.7,99.26,99.06
2022-06-01,percap_sa,Augmentation,51-60,99.56,99.79,99.48,98.7,98.93,99.11
2022-06-01,percap_sa,Augmentation,All ages,100.55,100.29,100.16,99.18,99.71,99.33
2022-06-01,percap_sa,Automation,21-30,101.99,100.25,99.26,100.58,97.94,100.84
2022-06-01,percap_sa,Automation,31-40,100.47,100.27,99.12,99.7,98.38,101.22
2022-06-01,percap_sa,Automation,41-50,99.95,100.17,98.88,99.69,98.56,99.83
2022-06-01,percap_sa,Automation,51-60,99.56,99.71,99.37,99.25,98.29,99.11
2022-06-01,percap_sa,Automation,All ages,100.55,100.12,99.14,99.95,98.31,100.36
2022-06-01,raw,Augmentation,21-30,97.98,100.38,97.61,94.91,101.73,96.21
2022-06-01,raw,Augmentation,31-40,95.63,95.2,94.78,92.83,92.74,94.14
2022-06-01,raw,Augmentation,41-50,97.01,95.46,94.43,93.5,92.96,94.5
2022-06-01,raw,Augmentation,51-60,94.9,94.99,92.95,91.54,91.65,94.22
2022-06-01,raw,Augmentation,All ages,96.44,96.67,95.01,93.18,95.08,94.81
2022-06-01,raw,Automation,21-30,97.98,97.96,94.48,101.53,91.25,99.2
2022-06-01,raw,Automation,31-40,95.63,94.69,92.61,94.38,90.28,95.56
2022-06-01,raw,Automation,41-50,97.01,95.88,93.36,94.46,91.29,94.55
2022-06-01,raw,Automation,51-60,94.9,94.58,93.74,93.0,90.02,92.5
2022-06-01,raw,Automation,All ages,96.44,95.82,93.5,96.37,90.66,95.65
2022-06-01,sa,Augmentation,21-30,101.89,100.91,100.55,98.34,100.92,99.16
2022-06-01,sa,Augmentation,31-40,99.39,99.34,99.51,98.61,98.07,98.66
2022-06-01,sa,Augmentation,41-50,99.98,99.67,99.78,99.73,99.29,99.1
2022-06-01,sa,Augmentation,51-60,98.81,99.04,98.73,97.96,98.19,98.36
2022-06-01,sa,Augmentation,All ages,100.07,99.81,99.68,98.7,99.23,98.85
2022-06-01,sa,Automation,21-30,101.89,100.15,99.17,100.49,97.85,100.74
2022-06-01,sa,Automation,31-40,99.39,99.19,98.05,98.63,97.32,100.14
2022-06-01,sa,Automation,41-50,99.98,100.21,98.92,99.72,98.6,99.86
2022-06-01,sa,Automation,51-60,98.81,98.96,98.63,98.51,97.55,98.36
2022-06-01,sa,Automation,All ages,100.07,99.64,98.67,99.47,97.84,99.88
2022-07-01,percap,Augmentation,21-30,101.62,105.16,100.59,96.59,106.61,102.55
2022-07-01,percap,Augmentation,31-40,94.41,96.53,97.17,95.14,96.2,97.54
2022-07-01,percap,Augmentation,41-50,95.05,95.5,96.58,95.19,95.95,97.21
2022-07-01,percap,Augmentation,51-60,94.18,96.17,96.21,94.18,95.51,97.46
2022-07-01,percap,Augmentation,All ages,96.46,98.63,97.69,95.26,98.93,98.85
2022-07-01,percap,Automation,21-30,101.62,102.43,100.54,106.4,95.08,100.97
2022-07-01,percap,Automation,31-40,94.41,96.58,96.49,97.28,93.72,97.22
2022-07-01,percap,Automation,41-50,95.05,96.9,96.64,96.34,94.48,96.14
2022-07-01,percap,Automation,51-60,94.18,96.68,97.28,95.93,93.97,95.36
2022-07-01,percap,Automation,All ages,96.46,98.22,97.69,99.68,94.22,97.58
2022-07-01,percap_sa,Augmentation,21-30,100.83,100.49,100.78,98.31,100.41,99.56
2022-07-01,percap_sa,Augmentation,31-40,99.62,100.36,101.02,100.37,99.79,100.16
2022-07-01,percap_sa,Augmentation,41-50,99.84,99.71,100.51,100.41,100.09,99.85
2022-07-01,percap_sa,Augmentation,51-60,99.56,99.95,100.23,99.51,99.82,99.91
2022-07-01,percap_sa,Augmentation,All ages,100.0,100.19,100.66,99.73,100.07,99.88
2022-07-01,percap_sa,Automation,21-30,100.83,100.0,99.6,100.14,98.62,100.52
2022-07-01,percap_sa,Automation,31-40,99.62,100.48,99.75,100.03,99.44,101.62
2022-07-01,percap_sa,Automation,41-50,99.84,100.45,99.62,100.02,99.68,100.95
2022-07-01,percap_sa,Automation,51-60,99.56,99.91,100.05,99.77,99.36,100.33
2022-07-01,percap_sa,Automation,All ages,100.0,100.22,99.74,100.06,99.33,100.92
2022-07-01,raw,Augmentation,21-30,101.57,105.11,100.54,96.55,106.57,102.5
2022-07-01,raw,Augmentation,31-40,93.83,95.94,96.57,94.55,95.6,96.94
2022-07-01,raw,Augmentation,41-50,95.07,95.52,96.6,95.21,95.97,97.23
2022-07-01,raw,Augmentation,51-60,93.76,95.74,95.78,93.76,95.08,97.03
2022-07-01,raw,Augmentation,All ages,96.19,98.36,97.42,94.99,98.66,98.57
2022-07-01,raw,Automation,21-30,101.57,102.38,100.49,106.36,95.04,100.93
2022-07-01,raw,Automation,31-40,93.83,95.98,95.9,96.68,93.14,96.62
2022-07-01,raw,Automation,41-50,95.07,96.92,96.66,96.36,94.5,96.16
2022-07-01,raw,Automation,51-60,93.76,96.25,96.85,95.51,93.55,94.93
2022-07-01,raw,Automation,All ages,96.19,97.95,97.42,99.4,93.96,97.31
2022-07-01,sa,Augmentation,21-30,100.79,100.45,100.74,98.27,100.36,99.52
2022-07-01,sa,Augmentation,31-40,98.85,99.59,100.23,99.59,99.02,99.38
2022-07-01,sa,Augmentation,41-50,99.85,99.72,100.53,100.43,100.1,99.86
2022-07-01,sa,Augmentation,51-60,99.0,99.39,99.66,98.94,99.26,99.35
2022-07-01,sa,Augmentation,All ages,99.65,99.84,100.31,99.38,99.72,99.53
2022-07-01,sa,Automation,21-30,100.79,99.96,99.56,100.1,98.58,100.48
2022-07-01,sa,Automation,31-40,98.85,99.7,98.97,99.25,98.67,100.84
2022-07-01,sa,Automation,41-50,99.85,100.46,99.64,100.03,99.7,100.96
2022-07-01,sa,Automation,51-60,99.0,99.34,99.48,99.21,98.79,99.76
2022-07-01,sa,Automation,All ages,99.65,99.88,99.39,99.71,98.98,100.57
2022-08-01,percap,Augmentation,21-30,103.21,103.71,98.05,97.66,105.11,101.87
2022-08-01,percap,Augmentation,31-40,96.05,97.07,97.42,97.22,98.18,98.06
2022-08-01,percap,Augmentation,41-50,96.61,95.95,97.09,97.07,98.36,97.66
2022-08-01,percap,Augmentation,51-60,96.88,97.89,97.79,97.14,98.65,98.33
2022-08-01,percap,Augmentation,All ages,98.3,98.83,97.58,97.26,100.3,99.08
2022-08-01,percap,Automation,21-30,103.21,102.01,100.38,104.39,98.03,98.39
2022-08-01,percap,Automation,31-40,96.05,97.3,97.71,98.17,97.16,97.46
2022-08-01,percap,Automation,41-50,96.61,97.62,97.54,97.73,97.64,96.55
2022-08-01,percap,Automation,51-60,96.88,98.2,98.33,98.28,98.2,97.06
2022-08-01,percap,Automation,All ages,98.3,98.82,98.46,100.06,97.71,97.4
2022-08-01,percap_sa,Augmentation,21-30,100.81,99.41,100.33,98.49,100.1,99.5
2022-08-01,percap_sa,Augmentation,31-40,99.93,99.79,100.69,100.03,99.79,99.87
2022-08-01,percap_sa,Augmentation,41-50,100.01,99.27,100.13,100.07,100.1,99.56
2022-08-01,percap_sa,Augmentation,51-60,99.55,99.85,100.21,99.5,99.93,99.84
2022-08-01,percap_sa,Augmentation,All ages,100.11,99.59,100.35,99.58,100.0,99.69
2022-08-01,percap_sa,Automation,21-30,100.81,99.51,99.63,99.69,99.07,100.1
2022-08-01,percap_sa,Automation,31-40,99.93,99.94,99.64,99.79,99.55,101.15
2022-08-01,percap_sa,Automation,41-50,100.01,100.09,99.3,99.92,99.71,100.39
2022-08-01,percap_sa,Automation,51-60,99.55,99.84,99.89,99.87,99.74,100.06
2022-08-01,percap_sa,Automation,All ages,100.11,99.84,99.6,99.83,99.55,100.47
2022-08-01,raw,Augmentation,21-30,103.16,103.66,98.0,97.62,105.06,101.82
2022-08-01,raw,Augmentation,31-40,95.46,96.47,96.81,96.62,97.57,97.45
2022-08-01,raw,Augmentation,41-50,96.63,95.97,97.11,97.09,98.38,97.68
2022-08-01,raw,Augmentation,51-60,96.45,97.46,97.35,96.71,98.21,97.89
2022-08-01,raw,Augmentation,All ages,98.03,98.56,97.31,96.99,100.02,98.8
2022-08-01,raw,Automation,21-30,103.16,101.97,100.34,104.35,97.98,98.35
2022-08-01,raw,Automation,31-40,95.46,96.69,97.11,97.56,96.56,96.85
2022-08-01,raw,Automation,41-50,96.63,97.64,97.57,97.75,97.66,96.57
2022-08-01,raw,Automation,51-60,96.45,97.77,97.89,97.84,97.76,96.63
2022-08-01,raw,Automation,All ages,98.03,98.54,98.18,99.78,97.44,97.13
2022-08-01,sa,Augmentation,21-30,100.76,99.37,100.28,98.44,100.06,99.46
2022-08-01,sa,Augmentation,31-40,99.31,99.18,100.07,99.42,99.17,99.25
2022-08-01,sa,Augmentation,41-50,100.02,99.27,100.13,100.07,100.1,99.56
2022-08-01,sa,Augmentation,51-60,99.12,99.42,99.77,99.07,99.5,99.41
2022-08-01,sa,Augmentation,All ages,99.84,99.31,100.08,99.3,99.72,99.42
2022-08-01,sa,Automation,21-30,100.76,99.47,99.59,99.65,99.02,100.05
2022-08-01,sa,Automation,31-40,99.31,99.32,99.03,99.18,98.94,100.53
2022-08-01,sa,Automation,41-50,100.02,100.09,99.3,99.92,99.71,100.4
2022-08-01,sa,Automation,51-60,99.12,99.41,99.46,99.44,99.31,99.63
2022-08-01,sa,Automation,All ages,99.84,99.57,99.33,99.55,99.28,100.19
2022-09-01,percap,Augmentation,21-30,103.01,101.69,100.08,99.87,101.65,101.81
2022-09-01,percap,Augmentation,31-40,99.79,100.16,100.3,99.62,100.1,100.17
2022-09-01,percap,Augmentation,41-50,99.99,98.89,99.46,99.31,99.91,99.56
2022-09-01,percap,Augmentation,51-60,100.38,100.07,99.43,99.39,99.93,100.22
2022-09-01,percap,Augmentation,All ages,100.84,100.27,99.85,99.53,100.47,100.49
2022-09-01,percap,Automation,21-30,103.01,100.76,100.72,101.74,100.04,100.63
2022-09-01,percap,Automation,31-40,99.79,99.34,99.88,100.39,99.28,100.74
2022-09-01,percap,Automation,41-50,99.99,99.08,99.38,99.91,99.29,99.52
2022-09-01,percap,Automation,51-60,100.38,99.69,99.94,100.12,99.54,99.38
2022-09-01,percap,Automation,All ages,100.84,99.73,99.97,100.67,99.47,100.13
2022-09-01,percap_sa,Augmentation,21-30,100.92,99.61,100.38,99.15,100.05,99.92
2022-09-01,percap_sa,Augmentation,31-40,100.15,100.13,100.71,100.02,99.97,100.11
2022-09-01,percap_sa,Augmentation,41-50,100.49,99.52,100.21,100.04,100.14,99.75
2022-09-01,percap_sa,Augmentation,51-60,100.21,99.82,100.03,99.71,99.91,100.11
2022-09-01,percap_sa,Augmentation,All ages,100.46,99.78,100.35,99.76,100.03,99.97
2022-09-01,percap_sa,Automation,21-30,100.92,99.63,99.78,99.93,99.34,100.34
2022-09-01,percap_sa,Automation,31-40,100.15,100.07,99.92,100.02,99.77,101.0
2022-09-01,percap_sa,Automation,41-50,100.49,99.79,99.71,100.08,99.88,100.32
2022-09-01,percap_sa,Automation,51-60,100.21,99.89,99.97,100.01,99.71,99.97
2022-09-01,percap_sa,Automation,All ages,100.46,99.85,99.84,100.02,99.7,100.45
2022-09-01,raw,Augmentation,21-30,102.96,101.65,100.04,99.82,101.6,101.76
2022-09-01,raw,Augmentation,31-40,99.17,99.54,99.68,99.0,99.48,99.54
2022-09-01,raw,Augmentation,41-50,100.01,98.92,99.48,99.33,99.93,99.58
2022-09-01,raw,Augmentation,51-60,99.93,99.63,98.99,98.94,99.49,99.77
2022-09-01,raw,Augmentation,All ages,100.56,100.0,99.57,99.26,100.19,100.21
2022-09-01,raw,Automation,21-30,102.96,100.71,100.67,101.69,100.0,100.59
2022-09-01,raw,Automation,31-40,99.17,98.73,99.26,99.77,98.67,100.11
2022-09-01,raw,Automation,41-50,100.01,99.1,99.4,99.93,99.31,99.54
2022-09-01,raw,Automation,51-60,99.93,99.25,99.49,99.67,99.09,98.93
2022-09-01,raw,Automation,All ages,100.56,99.45,99.69,100.39,99.19,99.86
2022-09-01,sa,Augmentation,21-30,100.87,99.56,100.33,99.1,100.01,99.87
2022-09-01,sa,Augmentation,31-40,99.69,99.68,100.25,99.56,99.52,99.66
2022-09-01,sa,Augmentation,41-50,100.49,99.52,100.2,100.04,100.14,99.75
2022-09-01,sa,Augmentation,51-60,99.91,99.52,99.73,99.41,99.61,99.81
2022-09-01,sa,Augmentation,All ages,100.25,99.58,100.15,99.56,99.82,99.77
2022-09-01,sa,Automation,21-30,100.87,99.59,99.73,99.88,99.29,100.29
2022-09-01,sa,Automation,31-40,99.69,99.61,99.46,99.57,99.31,100.54
2022-09-01,sa,Automation,41-50,100.49,99.79,99.71,100.08,99.88,100.32
2022-09-01,sa,Automation,51-60,99.91,99.59,99.67,99.71,99.41,99.67
2022-09-01,sa,Automation,All ages,100.25,99.64,99.64,99.81,99.5,100.25
2022-10-01,percap,Augmentation,21-30,101.87,100.1,98.69,99.13,99.28,100.4
2022-10-01,percap,Augmentation,31-40,100.56,99.96,99.06,99.47,99.4,99.97
2022-10-01,percap,Augmentation,41-50,101.24,99.75,99.1,99.84,99.88,99.94
2022-10-01,percap,Augmentation,51-60,100.48,100.23,99.19,99.31,99.51,99.96
2022-10-01,percap,Augmentation,All ages,101.06,100.0,99.01,99.46,99.5,100.08
2022-10-01,percap,Automation,21-30,101.87,99.84,100.24,99.42,98.6,98.95
2022-10-01,percap,Automation,31-40,100.56,99.68,99.58,99.61,99.16,99.42
2022-10-01,percap,Automation,41-50,101.24,99.82,99.62,100.03,99.54,99.29
2022-10-01,percap,Automation,51-60,100.48,99.96,99.74,99.65,99.38,99.09
2022-10-01,percap,Automation,All ages,101.06,99.82,99.79,99.66,99.23,99.19
2022-10-01,percap_sa,Augmentation,21-30,100.66,100.01,100.1,99.24,100.0,99.9
2022-10-01,percap_sa,Augmentation,31-40,100.16,100.09,99.84,99.78,99.86,100.04
2022-10-01,percap_sa,Augmentation,41-50,100.46,99.73,99.72,99.96,100.09,99.71
2022-10-01,percap_sa,Augmentation,51-60,100.03,100.17,99.9,99.58,99.82,99.96
2022-10-01,percap_sa,Augmentation,All ages,100.34,100.0,99.89,99.66,99.95,99.91
2022-10-01,percap_sa,Automation,21-30,100.66,99.68,100.12,99.87,99.3,100.11
2022-10-01,percap_sa,Automation,31-40,100.16,100.06,99.79,99.89,99.67,100.03
2022-10-01,percap_sa,Automation,41-50,100.46,99.92,99.65,100.1,99.75,99.79
2022-10-01,percap_sa,Automation,51-60,100.03,100.18,99.99,99.85,99.63,99.7
2022-10-01,percap_sa,Automation,All ages,100.34,99.95,99.88,99.93,99.61,99.93
2022-10-01,raw,Augmentation,21-30,101.87,100.1,98.69,99.13,99.28,100.4
2022-10-01,raw,Augmentation,31-40,100.56,99.96,99.06,99.47,99.4,99.97
2022-10-01,raw,Augmentation,41-50,101.24,99.75,99.1,99.84,99.88,99.94
2022-10-01,raw,Augmentation,51-60,100.48,100.23,99.19,99.31,99.51,99.96
2022-10-01,raw,Augmentation,All ages,101.06,100.0,99.01,99.46,99.5,100.08
2022-10-01,raw,Automation,21-30,101.87,99.84,100.24,99.42,98.6,98.95
2022-10-01,raw,Automation,31-40,100.56,99.68,99.58,99.61,99.16,99.42
2022-10-01,raw,Automation,41-50,101.24,99.82,99.62,100.03,99.54,99.29
2022-10-01,raw,Automation,51-60,100.48,99.96,99.74,99.65,99.38,99.09
2022-10-01,raw,Automation,All ages,101.06,99.82,99.79,99.66,99.23,99.19
2022-10-01,sa,Augmentation,21-30,100.67,100.01,100.1,99.24,100.0,99.91
2022-10-01,sa,Augmentation,31-40,100.0,99.93,99.68,99.62,99.7,99.88
2022-10-01,sa,Augmentation,41-50,100.46,99.73,99.72,99.96,100.09,99.71
2022-10-01,sa,Augmentation,51-60,99.9,100.04,99.77,99.45,99.69,99.83
2022-10-01,sa,Augmentation,All ages,100.27,99.93,99.82,99.59,99.88,99.84
2022-10-01,sa,Automation,21-30,100.67,99.69,100.13,99.87,99.3,100.11
2022-10-01,sa,Automation,31-40,100.0,99.9,99.63,99.73,99.51,99.87
2022-10-01,sa,Automation,41-50,100.46,99.92,99.66,100.1,99.75,99.79
2022-10-01,sa,Automation,51-60,99.9,100.05,99.86,99.72,99.5,99.57
2022-10-01,sa,Automation,All ages,100.27,99.88,99.81,99.86,99.54,99.85
2022-11-01,percap,Augmentation,21-30,100.0,100.0,100.0,100.0,100.0,100.0
2022-11-01,percap,Augmentation,31-40,100.0,100.0,100.0,100.0,100.0,100.0
2022-11-01,percap,Augmentation,41-50,100.0,100.0,100.0,100.0,100.0,100.0
2022-11-01,percap,Augmentation,51-60,100.0,100.0,100.0,100.0,100.0,100.0
2022-11-01,percap,Augmentation,All ages,100.0,100.0,100.0,100.0,100.0,100.0
2022-11-01,percap,Automation,21-30,100.0,100.0,100.0,100.0,100.0,100.0
2022-11-01,percap,Automation,31-40,100.0,100.0,100.0,100.0,100.0,100.0
2022-11-01,percap,Automation,41-50,100.0,100.0,100.0,100.0,100.0,100.0
2022-11-01,percap,Automation,51-60,100.0,100.0,100.0,100.0,100.0,100.0
2022-11-01,percap,Automation,All ages,100.0,100.0,100.0,100.0,100.0,100.0
2022-11-01,percap_sa,Augmentation,21-30,100.0,100.0,100.0,100.0,100.0,100.0
2022-11-01,percap_sa,Augmentation,31-40,100.0,100.0,100.0,100.0,100.0,100.0
2022-11-01,percap_sa,Augmentation,41-50,100.0,100.0,100.0,100.0,100.0,100.0
2022-11-01,percap_sa,Augmentation,51-60,100.0,100.0,100.0,100.0,100.0,100.0
2022-11-01,percap_sa,Augmentation,All ages,100.0,100.0,100.0,100.0,100.0,100.0
2022-11-01,percap_sa,Automation,21-30,100.0,100.0,100.0,100.0,100.0,100.0
2022-11-01,percap_sa,Automation,31-40,100.0,100.0,100.0,100.0,100.0,100.0
2022-11-01,percap_sa,Automation,41-50,100.0,100.0,100.0,100.0,100.0,100.0
2022-11-01,percap_sa,Automation,51-60,100.0,100.0,100.0,100.0,100.0,100.0
2022-11-01,percap_sa,Automation,All ages,100.0,100.0,100.0,100.0,100.0,100.0
2022-11-01,raw,Augmentation,21-30,100.0,100.0,100.0,100.0,100.0,100.0
2022-11-01,raw,Augmentation,31-40,100.0,100.0,100.0,100.0,100.0,100.0
2022-11-01,raw,Augmentation,41-50,100.0,100.0,100.0,100.0,100.0,100.0
2022-11-01,raw,Augmentation,51-60,100.0,100.0,100.0,100.0,100.0,100.0
2022-11-01,raw,Augmentation,All ages,100.0,100.0,100.0,100.0,100.0,100.0
2022-11-01,raw,Automation,21-30,100.0,100.0,100.0,100.0,100.0,100.0
2022-11-01,raw,Automation,31-40,100.0,100.0,100.0,100.0,100.0,100.0
2022-11-01,raw,Automation,41-50,100.0,100.0,100.0,100.0,100.0,100.0
2022-11-01,raw,Automation,51-60,100.0,100.0,100.0,100.0,100.0,100.0
2022-11-01,raw,Automation,All ages,100.0,100.0,100.0,100.0,100.0,100.0
2022-11-01,sa,Augmentation,21-30,100.0,100.0,100.0,100.0,100.0,100.0
2022-11-01,sa,Augmentation,31-40,100.0,100.0,100.0,100.0,100.0,100.0
2022-11-01,sa,Augmentation,41-50,100.0,100.0,100.0,100.0,100.0,100.0
2022-11-01,sa,Augmentation,51-60,100.0,100.0,100.0,100.0,100.0,100.0
2022-11-01,sa,Augmentation,All ages,100.0,100.0,100.0,100.0,100.0,100.0
2022-11-01,sa,Automation,21-30,100.0,100.0,100.0,100.0,100.0,100.0
2022-11-01,sa,Automation,31-40,100.0,100.0,100.0,100.0,100.0,100.0
2022-11-01,sa,Automation,41-50,100.0,100.0,100.0,100.0,100.0,100.0
2022-11-01,sa,Automation,51-60,100.0,100.0,100.0,100.0,100.0,100.0
2022-11-01,sa,Automation,All ages,100.0,100.0,100.0,100.0,100.0,100.0
2022-12-01,percap,Augmentation,21-30,99.76,103.92,102.49,100.34,101.4,99.51
2022-12-01,percap,Augmentation,31-40,99.57,102.03,101.12,100.67,100.58,100.18
2022-12-01,percap,Augmentation,41-50,100.78,101.51,101.1,100.82,101.03,100.21
2022-12-01,percap,Augmentation,51-60,101.76,101.69,101.43,100.93,101.36,100.44
2022-12-01,percap,Augmentation,All ages,100.41,102.36,101.53,100.7,101.09,100.05
2022-12-01,percap,Automation,21-30,99.76,103.04,100.35,100.84,100.64,102.32
2022-12-01,percap,Automation,31-40,99.57,101.6,100.11,100.4,100.97,101.31
2022-12-01,percap,Automation,41-50,100.78,101.04,100.25,100.69,101.26,101.31
2022-12-01,percap,Automation,51-60,101.76,101.21,100.23,100.83,102.06,101.59
2022-12-01,percap,Automation,All ages,100.41,101.75,100.23,100.69,101.29,101.64
2022-12-01,percap_sa,Augmentation,21-30,100.64,99.7,101.54,100.42,99.79,99.51
2022-12-01,percap_sa,Augmentation,31-40,100.25,99.7,100.38,100.17,99.94,100.22
2022-12-01,percap_sa,Augmentation,41-50,100.98,100.38,100.34,100.17,100.22,100.13
2022-12-01,percap_sa,Augmentation,51-60,100.57,99.72,100.42,100.14,99.93,100.18
2022-12-01,percap_sa,Augmentation,All ages,100.6,99.86,100.67,100.22,99.96,99.99
2022-12-01,percap_sa,Automation,21-30,100.64,99.51,100.41,99.59,100.4,101.55
2022-12-01,percap_sa,Automation,31-40,100.25,99.81,100.1,100.01,100.16,100.45
2022-12-01,percap_sa,Automation,41-50,100.98,100.08,100.11,100.37,99.99,100.45
2022-12-01,percap_sa,Automation,51-60,100.57,100.04,99.88,100.07,100.05,100.43
2022-12-01,percap_sa,Automation,All ages,100.6,99.84,100.13,99.96,100.13,100.74
2022-12-01,raw,Augmentation,21-30,99.76,103.92,102.49,100.34,101.4,99.51
2022-12-01,raw,Augmentation,31-40,99.57,102.03,101.12,100.67,100.58,100.18
2022-12-01,raw,Augmentation,41-50,100.78,101.51,101.1,100.82,101.03,100.21
2022-12-01,raw,Augmentation,51-60,101.76,101.69,101.43,100.93,101.36,100.44
2022-12-01,raw,Augmentation,All ages,100.41,102.36,101.53,100.7,101.09,100.05
2022-12-01,raw,Automation,21-30,99.76,103.04,100.35,100.84,100.64,102.32
2022-12-01,raw,Automation,31-40,99.57,101.6,100.11,100.4,100.97,101.31
2022-12-01,raw,Automation,41-50,100.78,101.04,100.25,100.69,101.26,101.31
2022-12-01,raw,Automation,51-60,101.76,101.21,100.23,100.83,102.06,101.59
2022-12-01,raw,Automation,All ages,100.41,101.75,100.23,100.69,101.29,101.64
2022-12-01,sa,Augmentation,21-30,100.63,99.7,101.53,100.42,99.79,99.51
2022-12-01,sa,Augmentation,31-40,100.41,99.86,100.54,100.33,100.1,100.38
2022-12-01,sa,Augmentation,41-50,100.98,100.38,100.34,100.17,100.22,100.13
2022-12-01,sa,Augmentation,51-60,100.7,99.85,100.56,100.27,100.06,100.31
2022-12-01,sa,Augmentation,All ages,100.67,99.94,100.75,100.29,100.03,100.06
2022-12-01,sa,Automation,21-30,100.63,99.51,100.41,99.59,100.4,101.55
2022-12-01,sa,Automation,31-40,100.41,99.97,100.26,100.17,100.32,100.61
2022-12-01,sa,Automation,41-50,100.98,100.08,100.11,100.37,99.99,100.45
2022-12-01,sa,Automation,51-60,100.7,100.17,100.02,100.2,100.18,100.57
2022-12-01,sa,Automation,All ages,100.67,99.92,100.21,100.04,100.2,100.81
2023-01-01,percap,Augmentation,21-30,87.55,91.05,95.88,92.42,96.56,94.93
2023-01-01,percap,Augmentation,31-40,88.04,90.36,95.36,94.42,95.26,95.91
2023-01-01,percap,Augmentation,41-50,90.24,91.25,95.89,94.65,96.16,95.89
2023-01-01,percap,Augmentation,51-60,92.49,92.64,96.4,95.5,96.76,96.41
2023-01-01,percap,Augmentation,All ages,89.43,91.21,95.85,94.29,96.16,95.72
2023-01-01,percap,Automation,21-30,87.55,92.75,95.95,95.97,94.38,93.41
2023-01-01,percap,Automation,31-40,88.04,93.1,96.18,94.72,96.13,93.62
2023-01-01,percap,Automation,41-50,90.24,93.47,96.21,95.51,96.44,94.3
2023-01-01,percap,Automation,51-60,92.49,94.5,96.26,96.34,96.8,95.39
2023-01-01,percap,Automation,All ages,89.43,93.4,96.15,95.59,96.12,94.09
2023-01-01,percap_sa,Augmentation,21-30,99.46,100.36,101.38,101.33,99.76,100.01
2023-01-01,percap_sa,Augmentation,31-40,99.71,99.6,100.24,100.35,100.31,100.49
2023-01-01,percap_sa,Augmentation,41-50,100.69,100.38,100.39,100.17,100.36,100.04
2023-01-01,percap_sa,Augmentation,51-60,100.73,99.93,100.62,100.4,100.51,100.27
2023-01-01,percap_sa,Augmentation,All ages,100.11,100.05,100.65,100.52,100.2,100.2
2023-01-01,percap_sa,Automation,21-30,99.46,99.95,100.89,99.77,100.16,101.9
2023-01-01,percap_sa,Automation,31-40,99.71,99.8,100.46,100.35,100.31,100.22
2023-01-01,percap_sa,Automation,41-50,100.69,99.76,100.18,100.58,100.04,100.46
2023-01-01,percap_sa,Automation,51-60,100.73,100.14,100.1,100.57,100.29,100.75
2023-01-01,percap_sa,Automation,All ages,100.11,99.9,100.42,100.25,100.21,100.82
2023-01-01,raw,Augmentation,21-30,87.56,91.06,95.89,92.43,96.57,94.94
2023-01-01,raw,Augmentation,31-40,88.53,90.86,95.89,94.95,95.79,96.45
2023-01-01,raw,Augmentation,41-50,90.26,91.27,95.91,94.67,96.18,95.91
2023-01-01,raw,Augmentation,51-60,92.88,93.04,96.81,95.91,97.17,96.82
2023-01-01,raw,Augmentation,All ages,89.66,91.45,96.1,94.53,96.41,95.97
2023-01-01,raw,Automation,21-30,87.56,92.77,95.97,95.98,94.39,93.43
2023-01-01,raw,Automation,31-40,88.53,93.62,96.71,95.24,96.66,94.14
2023-01-01,raw,Automation,41-50,90.26,93.49,96.23,95.53,96.46,94.32
2023-01-01,raw,Automation,51-60,92.88,94.9,96.67,96.75,97.22,95.8
2023-01-01,raw,Automation,All ages,89.66,93.65,96.4,95.83,96.37,94.33
2023-01-01,sa,Augmentation,21-30,99.48,100.38,101.4,101.35,99.78,100.03
2023-01-01,sa,Augmentation,31-40,100.1,100.0,100.63,100.75,100.7,100.89
2023-01-01,sa,Augmentation,41-50,100.71,100.4,100.4,100.19,100.38,100.06
2023-01-01,sa,Augmentation,51-60,101.03,100.23,100.92,100.7,100.81,100.57
2023-01-01,sa,Augmentation,All ages,100.3,100.24,100.83,100.71,100.38,100.39
2023-01-01,sa,Automation,21-30,99.48,99.97,100.91,99.79,100.18,101.92
2023-01-01,sa,Automation,31-40,100.1,100.2,100.86,100.75,100.71,100.61
2023-01-01,sa,Automation,41-50,100.71,99.78,100.2,100.6,100.05,100.47
2023-01-01,sa,Automation,51-60,101.03,100.44,100.4,100.88,100.59,101.06
2023-01-01,sa,Automation,All ages,100.3,100.09,100.61,100.43,100.4,101.01
2023-02-01,percap,Augmentation,21-30,91.32,94.21,98.01,96.87,96.44,96.71
2023-02-01,percap,Augmentation,31-40,92.22,94.85,97.69,97.88,97.88,97.71
2023-02-01,percap,Augmentation,41-50,94.77,96.01,98.18,97.6,98.39,97.75
2023-02-01,percap,Augmentation,51-60,95.85,96.72,98.53,98.14,98.99,98.38
2023-02-01,percap,Augmentation,All ages,93.41,95.32,98.08,97.65,97.84,97.56
2023-02-01,percap,Automation,21-30,91.32,95.32,98.09,95.89,98.23,97.17
2023-02-01,percap,Automation,31-40,92.22,96.42,98.18,97.03,99.36,96.94
2023-02-01,percap,Automation,41-50,94.77,96.63,98.26,97.73,98.96,97.47
2023-02-01,percap,Automation,51-60,95.85,97.57,98.4,98.68,99.04,97.94
2023-02-01,percap,Automation,All ages,93.41,96.43,98.23,97.14,98.98,97.33
2023-02-01,percap_sa,Augmentation,21-30,99.53,100.23,100.96,101.78,100.17,100.25
2023-02-01,percap_sa,Augmentation,31-40,99.85,99.97,100.15,100.55,100.51,100.53
2023-02-01,percap_sa,Augmentation,41-50,101.18,101.06,100.47,100.11,100.32,100.16
2023-02-01,percap_sa,Augmentation,51-60,100.79,100.17,100.54,100.32,100.47,100.48
2023-02-01,percap_sa,Augmentation,All ages,100.29,100.33,100.52,100.64,100.34,100.34
2023-02-01,percap_sa,Automation,21-30,99.53,99.71,101.22,100.1,100.85,101.58
2023-02-01,percap_sa,Automation,31-40,99.85,99.94,100.54,100.39,101.0,100.09
2023-02-01,percap_sa,Automation,41-50,101.18,99.95,100.43,100.53,100.39,100.37
2023-02-01,percap_sa,Automation,51-60,100.79,100.36,100.3,100.56,100.44,100.38
2023-02-01,percap_sa,Automation,All ages,100.29,99.97,100.63,100.34,100.67,100.61
2023-02-01,raw,Augmentation,21-30,91.34,94.23,98.03,96.89,96.46,96.72
2023-02-01,raw,Augmentation,31-40,92.74,95.37,98.24,98.43,98.43,98.25
2023-02-01,raw,Augmentation,41-50,94.79,96.03,98.2,97.62,98.41,97.77
2023-02-01,raw,Augmentation,51-60,96.26,97.14,98.96,98.56,99.42,98.8
2023-02-01,raw,Augmentation,All ages,93.65,95.56,98.33,97.9,98.09,97.82
2023-02-01,raw,Automation,21-30,91.34,95.34,98.1,95.91,98.25,97.19
2023-02-01,raw,Automation,31-40,92.74,96.96,98.73,97.57,99.91,97.47
2023-02-01,raw,Automation,41-50,94.79,96.65,98.28,97.75,98.98,97.49
2023-02-01,raw,Automation,51-60,96.26,97.99,98.82,99.11,99.46,98.36
2023-02-01,raw,Automation,All ages,93.65,96.68,98.48,97.39,99.24,97.58
2023-02-01,sa,Augmentation,21-30,99.54,100.25,100.97,101.8,100.18,100.27
2023-02-01,sa,Augmentation,31-40,100.41,100.52,100.71,101.1,101.07,101.09
2023-02-01,sa,Augmentation,41-50,101.2,101.08,100.49,100.13,100.34,100.18
2023-02-01,sa,Augmentation,51-60,101.22,100.6,100.97,100.75,100.9,100.91
2023-02-01,sa,Augmentation,All ages,100.55,100.59,100.78,100.91,100.6,100.6
2023-02-01,sa,Automation,21-30,99.54,99.73,101.23,100.11,100.87,101.6
2023-02-01,sa,Automation,31-40,100.41,100.5,101.1,100.95,101.57,100.65
2023-02-01,sa,Automation,41-50,101.2,99.97,100.45,100.55,100.41,100.39
2023-02-01,sa,Automation,51-60,101.22,100.79,100.73,100.99,100.87,100.82
2023-02-01,sa,Automation,All ages,100.55,100.23,100.89,100.6,100.93,100.87
2023-03-01,percap,Augmentation,21-30,91.98,94.81,98.42,97.79,96.39,96.82
2023-03-01,percap,Augmentation,31-40,93.05,95.28,98.09,98.38,98.42,98.52
2023-03-01,percap,Augmentation,41-50,96.19,96.96,98.62,98.51,98.69,98.37
2023-03-01,percap,Augmentation,51-60,97.04,97.36,99.23,99.19,99.45,99.13
2023-03-01,percap,Augmentation,All ages,94.42,95.96,98.55,98.47,98.13,98.12
2023-03-01,percap,Automation,21-30,91.98,95.73,98.28,95.86,98.47,98.12
2023-03-01,percap,Automation,31-40,93.05,96.96,98.8,97.66,99.81,97.35
2023-03-01,percap,Automation,41-50,96.19,97.34,98.87,98.08,99.62,98.22
2023-03-01,percap,Automation,51-60,97.04,98.39,99.16,99.2,99.63,98.86
2023-03-01,percap,Automation,All ages,94.42,97.04,98.77,97.48,99.5,98.07
2023-03-01,percap_sa,Augmentation,21-30,98.98,99.66,100.39,101.55,99.58,99.94
2023-03-01,percap_sa,Augmentation,31-40,99.26,99.37,99.61,100.21,100.4,100.56
2023-03-01,percap_sa,Augmentation,41-50,101.12,100.75,100.35,100.11,100.29,100.24
2023-03-01,percap_sa,Augmentation,51-60,101.27,99.74,100.66,100.56,100.47,100.53
2023-03-01,percap_sa,Augmentation,All ages,100.08,99.83,100.22,100.56,100.14,100.29
2023-03-01,percap_sa,Automation,21-30,98.98,99.67,100.82,99.33,101.26,100.92
2023-03-01,percap_sa,Automation,31-40,99.26,99.71,100.39,100.15,101.11,99.38
2023-03-01,percap_sa,Automation,41-50,101.12,99.83,100.59,100.23,100.62,100.27
2023-03-01,percap_sa,Automation,51-60,101.27,100.39,100.34,100.49,100.45,100.6
2023-03-01,percap_sa,Automation,All ages,100.08,99.87,100.54,99.95,100.84,100.25
2023-03-01,raw,Augmentation,21-30,91.99,94.82,98.44,97.8,96.4,96.84
2023-03-01,raw,Augmentation,31-40,93.57,95.81,98.63,98.92,98.97,99.06
2023-03-01,raw,Augmentation,41-50,96.21,96.98,98.64,98.53,98.71,98.39
2023-03-01,raw,Augmentation,51-60,97.46,97.77,99.66,99.61,99.87,99.56
2023-03-01,raw,Augmentation,All ages,94.66,96.21,98.81,98.73,98.39,98.38
2023-03-01,raw,Automation,21-30,91.99,95.75,98.3,95.88,98.48,98.14
2023-03-01,raw,Automation,31-40,93.57,97.49,99.34,98.2,100.36,97.89
2023-03-01,raw,Automation,41-50,96.21,97.36,98.89,98.1,99.64,98.24
2023-03-01,raw,Automation,51-60,97.46,98.82,99.58,99.62,100.06,99.28
2023-03-01,raw,Automation,All ages,94.66,97.29,99.02,97.73,99.76,98.33
2023-03-01,sa,Augmentation,21-30,98.99,99.67,100.4,101.56,99.6,99.95
2023-03-01,sa,Augmentation,31-40,99.97,100.08,100.33,100.93,101.12,101.28
2023-03-01,sa,Augmentation,41-50,101.15,100.77,100.37,100.13,100.31,100.26
2023-03-01,sa,Augmentation,51-60,101.83,100.29,101.23,101.12,101.03,101.09
2023-03-01,sa,Augmentation,All ages,100.41,100.16,100.55,100.89,100.47,100.63
2023-03-01,sa,Automation,21-30,98.99,99.69,100.84,99.34,101.27,100.93
2023-03-01,sa,Automation,31-40,99.97,100.42,101.11,100.87,101.83,100.09
2023-03-01,sa,Automation,41-50,101.15,99.85,100.62,100.25,100.65,100.3
2023-03-01,sa,Automation,51-60,101.83,100.95,100.9,101.05,101.01,101.16
2023-03-01,sa,Automation,All ages,100.41,100.2,100.87,100.28,101.17,100.58
2023-04-01,percap,Augmentation,21-30,92.72,95.62,99.23,97.96,97.29,97.37
2023-04-01,percap,Augmentation,31-40,93.22,95.32,97.98,97.71,97.94,98.37
2023-04-01,percap,Augmentation,41-50,96.53,97.2,98.69,97.76,98.43,98.49
2023-04-01,percap,Augmentation,51-60,96.83,97.1,99.16,98.71,98.91,98.98
2023-04-01,percap,Augmentation,All ages,94.68,96.19,98.73,98.02,98.07,98.22
2023-04-01,percap,Automation,21-30,92.72,96.71,99.0,96.87,97.87,98.58
2023-04-01,percap,Automation,31-40,93.22,96.95,99.04,97.21,99.37,96.71
2023-04-01,percap,Automation,41-50,96.53,97.46,99.02,97.93,99.17,97.85
2023-04-01,percap,Automation,51-60,96.83,98.33,99.12,98.64,99.22,98.53
2023-04-01,percap,Automation,All ages,94.68,97.3,99.05,97.51,99.06,97.84
2023-04-01,percap_sa,Augmentation,21-30,98.85,98.85,100.31,100.85,98.99,99.9
2023-04-01,percap_sa,Augmentation,31-40,99.24,99.12,99.35,99.73,99.86,100.1
2023-04-01,percap_sa,Augmentation,41-50,100.83,100.3,100.03,99.33,99.9,99.84
2023-04-01,percap_sa,Augmentation,51-60,100.76,99.54,100.5,100.06,100.03,100.11
2023-04-01,percap_sa,Augmentation,All ages,99.85,99.39,100.01,99.95,99.63,99.97
2023-04-01,percap_sa,Automation,21-30,98.85,99.77,100.88,98.73,101.06,100.13
2023-04-01,percap_sa,Automation,31-40,99.24,99.78,100.31,99.45,100.92,98.64
2023-04-01,percap_sa,Automation,41-50,100.83,99.69,100.22,99.73,100.14,99.6
2023-04-01,percap_sa,Automation,51-60,100.76,100.33,100.15,99.99,100.12,100.09
2023-04-01,percap_sa,Automation,All ages,99.85,99.86,100.39,99.35,100.53,99.56
2023-04-01,raw,Augmentation,21-30,92.72,95.62,99.24,97.97,97.3,97.38
2023-04-01,raw,Augmentation,31-40,94.19,96.32,99.01,98.74,98.97,99.4
2023-04-01,raw,Augmentation,41-50,96.6,97.28,98.77,97.84,98.51,98.57
2023-04-01,raw,Augmentation,51-60,97.64,97.92,99.99,99.54,99.74,99.81
2023-04-01,raw,Augmentation,All ages,95.16,96.68,99.22,98.51,98.56,98.71
2023-04-01,raw,Automation,21-30,92.72,96.72,99.01,96.88,97.88,98.59
2023-04-01,raw,Automation,31-40,94.19,97.97,100.08,98.23,100.41,97.72
2023-04-01,raw,Automation,41-50,96.6,97.53,99.1,98.01,99.25,97.92
2023-04-01,raw,Automation,51-60,97.64,99.15,99.96,99.46,100.05,99.35
2023-04-01,raw,Automation,All ages,95.16,97.79,99.54,98.0,99.55,98.34
2023-04-01,sa,Augmentation,21-30,98.86,98.87,100.32,100.87,99.01,99.92
2023-04-01,sa,Augmentation,31-40,100.12,100.01,100.24,100.63,100.75,100.99
2023-04-01,sa,Augmentation,41-50,100.89,100.36,100.09,99.39,99.95,99.9
2023-04-01,sa,Augmentation,51-60,101.5,100.26,101.23,100.79,100.76,100.84
2023-04-01,sa,Augmentation,All ages,100.28,99.82,100.44,100.38,100.06,100.4
2023-04-01,sa,Automation,21-30,98.86,99.79,100.89,98.74,101.07,100.14
2023-04-01,sa,Automation,31-40,100.12,100.67,101.21,100.34,101.83,99.52
2023-04-01,sa,Automation,41-50,100.89,99.74,100.27,99.79,100.2,99.65
2023-04-01,sa,Automation,51-60,101.5,101.07,100.88,100.72,100.85,100.82
2023-04-01,sa,Automation,All ages,100.28,100.29,100.82,99.78,100.97,99.99
2023-05-01,percap,Augmentation,21-30,94.07,96.48,99.08,97.74,97.87,97.21
2023-05-01,percap,Augmentation,31-40,94.11,96.15,97.73,97.99,98.0,98.46
2023-05-01,percap,Augmentation,41-50,97.67,98.26,98.59,97.69,98.48,98.71
2023-05-01,percap,Augmentation,51-60,97.97,98.33,99.22,98.9,98.84,99.56
2023-05-01,percap,Augmentation,All ages,95.82,97.17,98.61,98.07,98.24,98.37
2023-05-01,percap,Automation,21-30,94.07,97.28,98.69,97.44,97.78,98.27
2023-05-01,percap,Automation,31-40,94.11,97.17,99.02,97.56,99.36,96.68
2023-05-01,percap,Automation,41-50,97.67,97.72,99.29,98.21,98.99,97.82
2023-05-01,percap,Automation,51-60,97.97,98.88,99.28,98.94,99.34,98.71
2023-05-01,percap,Automation,All ages,95.82,97.7,99.07,97.9,99.02,97.79
2023-05-01,percap_sa,Augmentation,21-30,98.77,98.55,100.31,100.62,99.05,99.33
2023-05-01,percap_sa,Augmentation,31-40,98.2,98.94,99.17,99.72,99.93,99.67
2023-05-01,percap_sa,Augmentation,41-50,100.56,100.37,100.19,99.24,100.12,99.61
2023-05-01,percap_sa,Augmentation,51-60,100.82,99.88,100.61,100.18,100.05,100.12
2023-05-01,percap_sa,Augmentation,All ages,99.49,99.34,100.02,99.9,99.72,99.63
2023-05-01,percap_sa,Automation,21-30,98.77,99.38,100.89,98.53,101.69,99.74
2023-05-01,percap_sa,Automation,31-40,98.2,99.35,100.24,99.38,101.14,98.37
2023-05-01,percap_sa,Automation,41-50,100.56,99.35,100.47,99.85,100.28,99.58
2023-05-01,percap_sa,Automation,51-60,100.82,100.26,100.31,100.14,100.32,100.1
2023-05-01,percap_sa,Automation,All ages,99.49,99.54,100.47,99.32,100.8,99.37
2023-05-01,raw,Augmentation,21-30,94.08,96.48,99.09,97.75,97.88,97.21
2023-05-01,raw,Augmentation,31-40,95.09,97.16,98.76,99.02,99.03,99.49
2023-05-01,raw,Augmentation,41-50,97.75,98.34,98.67,97.76,98.56,98.79
2023-05-01,raw,Augmentation,51-60,98.79,99.16,100.05,99.73,99.67,100.4
2023-05-01,raw,Augmentation,All ages,96.3,97.65,99.1,98.56,98.74,98.86
2023-05-01,raw,Automation,21-30,94.08,97.29,98.69,97.45,97.79,98.28
2023-05-01,raw,Automation,31-40,95.09,98.19,100.06,98.58,100.41,97.7
2023-05-01,raw,Automation,41-50,97.75,97.8,99.37,98.29,99.07,97.9
2023-05-01,raw,Automation,51-60,98.79,99.71,100.11,99.77,100.17,99.54
2023-05-01,raw,Automation,All ages,96.3,98.19,99.56,98.4,99.52,98.28
2023-05-01,sa,Augmentation,21-30,98.77,98.56,100.32,100.63,99.06,99.34
2023-05-01,sa,Augmentation,31-40,99.23,99.98,100.21,100.77,100.99,100.72
2023-05-01,sa,Augmentation,41-50,100.63,100.44,100.26,99.31,100.18,99.68
2023-05-01,sa,Augmentation,51-60,101.68,100.73,101.47,101.04,100.9,100.97
2023-05-01,sa,Augmentation,All ages,99.99,99.84,100.53,100.41,100.22,100.13
2023-05-01,sa,Automation,21-30,98.77,99.39,100.9,98.54,101.7,99.75
2023-05-01,sa,Automation,31-40,99.23,100.4,101.29,100.43,102.21,99.4
2023-05-01,sa,Automation,41-50,100.63,99.42,100.54,99.91,100.35,99.65
2023-05-01,sa,Automation,51-60,101.68,101.11,101.16,100.99,101.18,100.96
2023-05-01,sa,Automation,All ages,99.99,100.05,100.98,99.82,101.3,99.87
2023-06-01,percap,Augmentation,21-30,94.9,97.49,97.54,96.92,100.17,97.11
2023-06-01,percap,Augmentation,31-40,95.09,94.59,94.63,94.19,95.06,95.42
2023-06-01,percap,Augmentation,41-50,97.88,96.17,94.82,93.08,94.03,95.4
2023-06-01,percap,Augmentation,51-60,97.34,95.85,95.14,94.14,93.65,96.32
2023-06-01,percap,Augmentation,All ages,96.21,96.01,95.52,94.5,95.91,96.04
2023-06-01,percap,Automation,21-30,94.9,97.34,96.67,99.83,94.84,98.12
2023-06-01,percap,Automation,31-40,95.09,94.65,95.15,95.42,94.41,94.08
2023-06-01,percap,Automation,41-50,97.88,95.11,95.08,94.78,93.22,94.27
2023-06-01,percap,Automation,51-60,97.34,95.96,95.73,94.74,93.09,94.69
2023-06-01,percap,Automation,All ages,96.21,95.74,95.63,96.48,93.82,95.31
2023-06-01,percap_sa,Augmentation,21-30,98.69,98.01,100.48,100.42,99.38,100.1
2023-06-01,percap_sa,Augmentation,31-40,98.67,98.54,99.2,99.89,100.36,99.84
2023-06-01,percap_sa,Augmentation,41-50,100.88,100.41,100.21,99.28,100.44,100.06
2023-06-01,percap_sa,Augmentation,51-60,101.2,99.8,100.91,100.61,100.19,100.42
2023-06-01,percap_sa,Augmentation,All ages,99.76,99.06,100.14,100.03,100.02,100.05
2023-06-01,percap_sa,Automation,21-30,98.69,99.52,101.47,98.8,101.71,99.64
2023-06-01,percap_sa,Automation,31-40,98.67,98.98,100.58,99.55,101.6,98.43
2023-06-01,percap_sa,Automation,41-50,100.88,99.41,100.74,100.07,100.69,99.57
2023-06-01,percap_sa,Automation,51-60,101.2,100.27,100.58,100.21,100.74,100.56
2023-06-01,percap_sa,Automation,All ages,99.76,99.49,100.84,99.51,101.17,99.45
2023-06-01,raw,Augmentation,21-30,94.91,97.5,97.55,96.93,100.18,97.12
2023-06-01,raw,Augmentation,31-40,96.09,95.58,95.62,95.18,96.05,96.42
2023-06-01,raw,Augmentation,41-50,97.96,96.24,94.9,93.15,94.1,95.48
2023-06-01,raw,Augmentation,51-60,98.15,96.65,95.93,94.93,94.44,97.13
2023-06-01,raw,Augmentation,All ages,96.69,96.49,96.0,94.98,96.39,96.52
2023-06-01,raw,Automation,21-30,94.91,97.34,96.68,99.84,94.85,98.13
2023-06-01,raw,Automation,31-40,96.09,95.64,96.14,96.42,95.4,95.07
2023-06-01,raw,Automation,41-50,97.96,95.19,95.15,94.86,93.3,94.35
2023-06-01,raw,Automation,51-60,98.15,96.76,96.53,95.54,93.87,95.49
2023-06-01,raw,Automation,All ages,96.69,96.22,96.11,96.96,94.29,95.79
2023-06-01,sa,Augmentation,21-30,98.7,98.01,100.48,100.42,99.38,100.11
2023-06-01,sa,Augmentation,31-40,99.87,99.74,100.4,101.11,101.58,101.06
2023-06-01,sa,Augmentation,41-50,100.96,100.48,100.28,99.36,100.52,100.13
2023-06-01,sa,Augmentation,51-60,102.19,100.78,101.9,101.59,101.17,101.4
2023-06-01,sa,Augmentation,All ages,100.33,99.63,100.72,100.6,100.6,100.63
2023-06-01,sa,Automation,21-30,98.7,99.52,101.48,98.81,101.71,99.65
2023-06-01,sa,Automation,31-40,99.87,100.18,101.8,100.76,102.83,99.62
2023-06-01,sa,Automation,41-50,100.96,99.48,100.82,100.15,100.76,99.64
2023-06-01,sa,Automation,51-60,102.19,101.25,101.56,101.19,101.73,101.54
2023-06-01,sa,Automation,All ages,100.33,100.07,101.42,100.09,101.75,100.02
2023-07-01,percap,Augmentation,21-30,99.41,101.58,100.22,98.61,104.62,102.53
2023-07-01,percap,Augmentation,31-40,94.15,94.46,95.21,94.87,96.28,97.55
2023-07-01,percap,Augmentation,41-50,96.78,96.28,96.18,94.19,95.93,97.57
2023-07-01,percap,Augmentation,51-60,96.16,96.03,96.81,95.56,95.95,98.4
2023-07-01,percap,Augmentation,All ages,96.62,97.15,97.06,95.69,98.42,99.07
2023-07-01,percap,Automation,21-30,99.41,101.58,101.7,103.95,98.06,100.19
2023-07-01,percap,Automation,31-40,94.15,95.26,97.27,96.59,95.45,94.12
2023-07-01,percap,Automation,41-50,96.78,96.11,97.7,96.3,95.09,94.8
2023-07-01,percap,Automation,51-60,96.16,97.32,97.93,96.65,95.31,95.6
2023-07-01,percap,Automation,All ages,96.62,97.55,98.6,98.76,95.8,96.17
2023-07-01,percap_sa,Augmentation,21-30,98.65,97.07,100.4,100.37,98.53,99.54
2023-07-01,percap_sa,Augmentation,31-40,99.34,98.21,98.98,100.08,99.87,100.17
2023-07-01,percap_sa,Augmentation,41-50,101.65,100.53,100.1,99.36,100.07,100.22
2023-07-01,percap_sa,Augmentation,51-60,101.66,99.81,100.86,100.97,100.29,100.88
2023-07-01,percap_sa,Augmentation,All ages,100.16,98.69,100.02,100.19,99.55,100.11
2023-07-01,percap_sa,Automation,21-30,98.65,99.17,100.75,97.83,101.71,99.74
2023-07-01,percap_sa,Automation,31-40,99.34,99.11,100.55,99.31,101.28,98.38
2023-07-01,percap_sa,Automation,41-50,101.65,99.63,100.72,99.98,100.33,99.54
2023-07-01,percap_sa,Automation,51-60,101.66,100.56,100.71,100.52,100.78,100.58
2023-07-01,percap_sa,Automation,All ages,100.16,99.54,100.67,99.13,100.99,99.46
2023-07-01,raw,Augmentation,21-30,99.41,101.58,100.22,98.61,104.62,102.53
2023-07-01,raw,Augmentation,31-40,95.61,95.93,96.68,96.34,97.77,99.06
2023-07-01,raw,Augmentation,41-50,96.91,96.42,96.32,94.32,96.07,97.71
2023-07-01,raw,Augmentation,51-60,97.37,97.23,98.03,96.77,97.16,99.64
2023-07-01,raw,Augmentation,All ages,97.34,97.88,97.79,96.41,99.16,99.81
2023-07-01,raw,Automation,21-30,99.41,101.57,101.7,103.95,98.06,100.18
2023-07-01,raw,Automation,31-40,95.61,96.74,98.78,98.09,96.93,95.58
2023-07-01,raw,Automation,41-50,96.91,96.25,97.84,96.44,95.23,94.94
2023-07-01,raw,Automation,51-60,97.37,98.54,99.16,97.86,96.51,96.8
2023-07-01,raw,Automation,All ages,97.34,98.28,99.34,99.5,96.52,96.89
2023-07-01,sa,Augmentation,21-30,98.65,97.07,100.41,100.37,98.53,99.54
2023-07-01,sa,Augmentation,31-40,100.72,99.58,100.36,101.47,101.26,101.56
2023-07-01,sa,Augmentation,41-50,101.79,100.66,100.24,99.49,100.2,100.36
2023-07-01,sa,Augmentation,51-60,102.81,100.94,102.0,102.12,101.43,102.02
2023-07-01,sa,Augmentation,All ages,100.84,99.36,100.7,100.87,100.22,100.78
2023-07-01,sa,Automation,21-30,98.65,99.17,100.75,97.83,101.72,99.74
2023-07-01,sa,Automation,31-40,100.72,100.49,101.95,100.7,102.69,99.75
2023-07-01,sa,Automation,41-50,101.79,99.76,100.85,100.11,100.46,99.68
2023-07-01,sa,Automation,51-60,102.81,101.7,101.86,101.66,101.92,101.72
2023-07-01,sa,Automation,All ages,100.84,100.21,101.35,99.81,101.68,100.14
2023-08-01,percap,Augmentation,21-30,101.33,101.53,98.45,99.26,102.91,101.88
2023-08-01,percap,Augmentation,31-40,94.03,95.57,95.5,97.24,98.18,98.5
2023-08-01,percap,Augmentation,41-50,97.62,97.24,96.8,96.09,98.23,98.25
2023-08-01,percap,Augmentation,51-60,98.49,97.53,98.22,98.27,98.63,99.11
2023-08-01,percap,Augmentation,All ages,97.82,97.99,97.16,97.63,99.58,99.46
2023-08-01,percap,Automation,21-30,101.33,102.15,101.37,101.95,100.47,98.25
2023-08-01,percap,Automation,31-40,94.03,96.74,98.68,97.61,98.91,94.39
2023-08-01,percap,Automation,41-50,97.62,97.18,98.93,97.69,98.13,95.26
2023-08-01,percap,Automation,51-60,98.49,98.77,99.03,98.59,98.76,97.22
2023-08-01,percap,Automation,All ages,97.82,98.69,99.48,99.11,98.97,96.18
2023-08-01,percap_sa,Augmentation,21-30,98.97,97.33,100.75,100.1,98.0,99.51
2023-08-01,percap_sa,Augmentation,31-40,97.82,98.25,98.71,100.05,99.79,100.32
2023-08-01,percap_sa,Augmentation,41-50,101.06,100.6,99.83,99.06,99.96,100.16
2023-08-01,percap_sa,Augmentation,51-60,101.2,99.48,100.65,100.65,99.91,100.63
2023-08-01,percap_sa,Augmentation,All ages,99.62,98.74,99.92,99.96,99.28,100.08
2023-08-01,percap_sa,Automation,21-30,98.97,99.65,100.62,97.36,101.54,99.95
2023-08-01,percap_sa,Automation,31-40,97.82,99.37,100.63,99.23,101.34,97.97
2023-08-01,percap_sa,Automation,41-50,101.06,99.64,100.71,99.87,100.21,99.05
2023-08-01,percap_sa,Automation,51-60,101.2,100.41,100.6,100.19,100.31,100.22
2023-08-01,percap_sa,Automation,All ages,99.62,99.71,100.64,98.88,100.83,99.21
2023-08-01,raw,Augmentation,21-30,101.32,101.53,98.45,99.26,102.9,101.88
2023-08-01,raw,Augmentation,31-40,95.49,97.05,96.98,98.74,99.7,100.03
2023-08-01,raw,Augmentation,41-50,97.76,97.38,96.94,96.23,98.37,98.4
2023-08-01,raw,Augmentation,51-60,99.72,98.75,99.46,99.5,99.87,100.36
2023-08-01,raw,Augmentation,All ages,98.55,98.72,97.89,98.36,100.32,100.21
2023-08-01,raw,Automation,21-30,101.32,102.15,101.37,101.95,100.47,98.25
2023-08-01,raw,Automation,31-40,95.49,98.24,100.21,99.12,100.44,95.85
2023-08-01,raw,Automation,41-50,97.76,97.32,99.07,97.83,98.27,95.39
2023-08-01,raw,Automation,51-60,99.72,100.01,100.27,99.83,100.0,98.44
2023-08-01,raw,Automation,All ages,98.55,99.43,100.22,99.85,99.71,96.9
2023-08-01,sa,Augmentation,21-30,98.97,97.33,100.74,100.1,98.0,99.51
2023-08-01,sa,Augmentation,31-40,99.34,99.78,100.25,101.61,101.34,101.88
2023-08-01,sa,Augmentation,41-50,101.19,100.73,99.96,99.18,100.09,100.29
2023-08-01,sa,Augmentation,51-60,102.48,100.74,101.93,101.93,101.18,101.91
2023-08-01,sa,Augmentation,All ages,100.37,99.48,100.67,100.71,100.02,100.83
2023-08-01,sa,Automation,21-30,98.97,99.65,100.62,97.36,101.54,99.95
2023-08-01,sa,Automation,31-40,99.34,100.91,102.19,100.77,102.92,99.49
2023-08-01,sa,Automation,41-50,101.19,99.76,100.84,100.0,100.33,99.18
2023-08-01,sa,Automation,51-60,102.48,101.69,101.88,101.46,101.58,101.5
2023-08-01,sa,Automation,All ages,100.37,100.46,101.39,99.63,101.59,99.95
2023-09-01,percap,Augmentation,21-30,100.13,99.0,99.95,100.17,99.15,101.47
2023-09-01,percap,Augmentation,31-40,96.63,97.31,98.14,99.24,99.52,99.95
2023-09-01,percap,Augmentation,41-50,99.68,99.45,99.2,97.86,99.61,99.71
2023-09-01,percap,Augmentation,51-60,100.46,99.66,100.3,99.98,99.95,100.47
2023-09-01,percap,Augmentation,All ages,99.14,98.73,99.33,99.26,99.5,100.38
2023-09-01,percap,Automation,21-30,100.13,100.8,101.75,98.89,100.89,99.43
2023-09-01,percap,Automation,31-40,96.63,97.78,100.21,99.28,100.94,97.14
2023-09-01,percap,Automation,41-50,99.68,98.59,100.08,99.66,99.45,97.98
2023-09-01,percap,Automation,51-60,100.46,99.95,100.58,100.26,100.27,99.49
2023-09-01,percap,Automation,All ages,99.14,99.22,100.63,99.38,100.38,98.41
2023-09-01,percap_sa,Augmentation,21-30,98.1,96.97,100.25,99.44,97.6,99.58
2023-09-01,percap_sa,Augmentation,31-40,96.98,97.28,98.54,99.64,99.39,99.89
2023-09-01,percap_sa,Augmentation,41-50,100.18,100.08,99.94,98.58,99.84,99.9
2023-09-01,percap_sa,Augmentation,51-60,100.29,99.4,100.91,100.3,99.93,100.36
2023-09-01,percap_sa,Augmentation,All ages,98.76,98.25,99.83,99.49,99.06,99.87
2023-09-01,percap_sa,Automation,21-30,98.1,99.68,100.8,97.13,100.19,99.14
2023-09-01,percap_sa,Automation,31-40,96.98,98.49,100.25,98.92,101.43,97.39
2023-09-01,percap_sa,Automation,41-50,100.18,99.29,100.42,99.83,100.05,98.77
2023-09-01,percap_sa,Automation,51-60,100.29,100.15,100.62,100.15,100.44,100.09
2023-09-01,percap_sa,Automation,All ages,98.76,99.34,100.51,98.74,100.62,98.72
2023-09-01,raw,Augmentation,21-30,100.13,99.0,99.94,100.17,99.15,101.47
2023-09-01,raw,Augmentation,31-40,98.13,98.82,99.66,100.78,101.06,101.5
2023-09-01,raw,Augmentation,41-50,99.83,99.59,99.34,98.0,99.75,99.85
2023-09-01,raw,Augmentation,51-60,101.72,100.91,101.56,101.24,101.21,101.73
2023-09-01,raw,Augmentation,All ages,99.88,99.47,100.07,100.01,100.24,101.14
2023-09-01,raw,Automation,21-30,100.13,100.8,101.75,98.89,100.89,99.43
2023-09-01,raw,Automation,31-40,98.13,99.3,101.76,100.82,102.5,98.65
2023-09-01,raw,Automation,41-50,99.83,98.73,100.22,99.81,99.59,98.12
2023-09-01,raw,Automation,51-60,101.72,101.21,101.84,101.52,101.53,100.75
2023-09-01,raw,Automation,All ages,99.88,99.97,101.39,100.12,101.13,99.15
2023-09-01,sa,Augmentation,21-30,98.1,96.97,100.24,99.44,97.6,99.58
2023-09-01,sa,Augmentation,31-40,98.64,98.95,100.23,101.35,101.09,101.61
2023-09-01,sa,Augmentation,41-50,100.3,100.21,100.06,98.7,99.96,100.02
2023-09-01,sa,Augmentation,51-60,101.7,100.8,102.33,101.72,101.33,101.77
2023-09-01,sa,Augmentation,All ages,99.57,99.06,100.65,100.31,99.88,100.69
2023-09-01,sa,Automation,21-30,98.1,99.67,100.79,97.13,100.18,99.13
2023-09-01,sa,Automation,31-40,98.64,100.18,101.97,100.62,103.17,99.07
2023-09-01,sa,Automation,41-50,100.3,99.41,100.54,99.95,100.17,98.89
2023-09-01,sa,Automation,51-60,101.7,101.56,102.03,101.56,101.85,101.5
2023-09-01,sa,Automation,All ages,99.57,100.16,101.33,99.55,101.45,99.54
2023-10-01,percap,Augmentation,21-30,99.43,96.13,98.82,98.88,96.69,99.78
2023-10-01,percap,Augmentation,31-40,97.03,96.72,97.8,98.69,98.73,99.85
2023-10-01,percap,Augmentation,41-50,100.95,99.71,99.36,97.83,99.41,100.0
2023-10-01,percap,Augmentation,51-60,100.95,99.12,100.17,99.91,99.43,100.44
2023-10-01,percap,Augmentation,All ages,99.47,97.71,98.95,98.8,98.43,99.94
2023-10-01,percap,Automation,21-30,99.43,99.46,100.71,96.4,99.38,97.59
2023-10-01,percap,Automation,31-40,97.03,98.0,100.18,98.45,100.35,96.41
2023-10-01,percap,Automation,41-50,100.95,99.13,100.37,99.24,99.63,98.05
2023-10-01,percap,Automation,51-60,100.95,99.76,100.31,99.84,99.89,99.51
2023-10-01,percap,Automation,All ages,99.47,99.02,100.39,98.19,99.94,97.73
2023-10-01,percap_sa,Augmentation,21-30,98.26,96.04,100.23,98.98,97.39,99.3
2023-10-01,percap_sa,Augmentation,31-40,96.64,96.84,98.56,98.99,99.18,99.92
2023-10-01,percap_sa,Augmentation,41-50,100.18,99.69,99.99,97.95,99.62,99.76
2023-10-01,percap_sa,Augmentation,51-60,100.5,99.07,100.88,100.18,99.73,100.44
2023-10-01,percap_sa,Augmentation,All ages,98.76,97.71,99.84,99.01,98.87,99.77
2023-10-01,percap_sa,Automation,21-30,98.26,99.3,100.59,96.82,100.08,98.73
2023-10-01,percap_sa,Automation,31-40,96.64,98.36,100.38,98.72,100.88,97.0
2023-10-01,percap_sa,Automation,41-50,100.18,99.23,100.41,99.31,99.84,98.54
2023-10-01,percap_sa,Automation,51-60,100.5,99.98,100.56,100.04,100.15,100.13
2023-10-01,percap_sa,Automation,All ages,98.76,99.16,100.48,98.46,100.32,98.45
2023-10-01,raw,Augmentation,21-30,99.42,96.12,98.81,98.87,96.68,99.78
2023-10-01,raw,Augmentation,31-40,99.03,98.71,99.81,100.71,100.75,101.9
2023-10-01,raw,Augmentation,41-50,101.16,99.91,99.57,98.03,99.61,100.2
2023-10-01,raw,Augmentation,51-60,102.65,100.78,101.85,101.59,101.09,102.12
2023-10-01,raw,Augmentation,All ages,100.46,98.69,99.94,99.79,99.41,100.94
2023-10-01,raw,Automation,21-30,99.42,99.45,100.7,96.39,99.37,97.58
2023-10-01,raw,Automation,31-40,99.03,100.01,102.23,100.47,102.42,98.39
2023-10-01,raw,Automation,41-50,101.16,99.33,100.58,99.44,99.83,98.25
2023-10-01,raw,Automation,51-60,102.65,101.44,101.99,101.52,101.57,101.18
2023-10-01,raw,Automation,All ages,100.46,100.01,101.39,99.17,100.93,98.71
2023-10-01,sa,Augmentation,21-30,98.25,96.03,100.23,98.98,97.39,99.29
2023-10-01,sa,Augmentation,31-40,98.47,98.67,100.43,100.86,101.06,101.81
2023-10-01,sa,Augmentation,41-50,100.39,99.89,100.2,98.15,99.83,99.97
2023-10-01,sa,Augmentation,51-60,102.05,100.6,102.44,101.73,101.27,101.99
2023-10-01,sa,Augmentation,All ages,99.68,98.61,100.76,99.92,99.78,100.7
2023-10-01,sa,Automation,21-30,98.25,99.3,100.58,96.82,100.07,98.72
2023-10-01,sa,Automation,31-40,98.47,100.23,102.28,100.59,102.79,98.84
2023-10-01,sa,Automation,41-50,100.39,99.44,100.62,99.52,100.04,98.75
2023-10-01,sa,Automation,51-60,102.05,101.53,102.11,101.58,101.7,101.68
2023-10-01,sa,Automation,All ages,99.68,100.07,101.41,99.37,101.25,99.36
2023-11-01,percap,Augmentation,21-30,98.26,96.12,99.59,98.52,97.48,99.38
2023-11-01,percap,Augmentation,31-40,96.16,97.03,98.14,98.99,99.06,100.09
2023-11-01,percap,Augmentation,41-50,99.94,99.78,99.77,97.99,99.79,99.87
2023-11-01,percap,Augmentation,51-60,100.72,99.52,100.74,100.13,99.73,100.7
2023-11-01,percap,Augmentation,All ages,98.62,97.89,99.47,98.91,98.89,99.92
2023-11-01,percap,Automation,21-30,98.26,99.48,100.61,96.78,99.66,98.07
2023-11-01,percap,Automation,31-40,96.16,98.44,100.55,98.75,100.84,96.49
2023-11-01,percap,Automation,41-50,99.94,99.29,100.46,99.49,100.05,98.23
2023-11-01,percap,Automation,51-60,100.72,100.51,100.69,100.08,100.14,99.82
2023-11-01,percap,Automation,All ages,98.62,99.35,100.58,98.49,100.31,97.99
2023-11-01,percap_sa,Augmentation,21-30,98.26,96.12,99.59,98.52,97.48,99.38
2023-11-01,percap_sa,Augmentation,31-40,96.16,97.03,98.14,98.99,99.06,100.09
2023-11-01,percap_sa,Augmentation,41-50,99.94,99.78,99.77,97.99,99.79,99.87
2023-11-01,percap_sa,Augmentation,51-60,100.72,99.52,100.74,100.13,99.73,100.7
2023-11-01,percap_sa,Augmentation,All ages,98.62,97.89,99.47,98.91,98.89,99.92
2023-11-01,percap_sa,Automation,21-30,98.26,99.48,100.61,96.78,99.66,98.07
2023-11-01,percap_sa,Automation,31-40,96.16,98.44,100.55,98.75,100.84,96.49
2023-11-01,percap_sa,Automation,41-50,99.94,99.29,100.46,99.49,100.05,98.23
2023-11-01,percap_sa,Automation,51-60,100.72,100.51,100.69,100.08,100.14,99.82
2023-11-01,percap_sa,Automation,All ages,98.62,99.35,100.58,98.49,100.31,97.99
2023-11-01,raw,Augmentation,21-30,98.25,96.11,99.58,98.51,97.47,99.37
2023-11-01,raw,Augmentation,31-40,98.13,99.02,100.16,101.03,101.09,102.15
2023-11-01,raw,Augmentation,41-50,100.14,99.98,99.97,98.2,99.99,100.07
2023-11-01,raw,Augmentation,51-60,102.4,101.19,102.43,101.81,101.4,102.39
2023-11-01,raw,Augmentation,All ages,99.61,98.87,100.46,99.89,99.88,100.92
2023-11-01,raw,Automation,21-30,98.25,99.47,100.6,96.77,99.65,98.06
2023-11-01,raw,Automation,31-40,98.13,100.46,102.61,100.77,102.92,98.48
2023-11-01,raw,Automation,41-50,100.14,99.49,100.67,99.69,100.26,98.43
2023-11-01,raw,Automation,51-60,102.4,102.2,102.38,101.76,101.82,101.49
2023-11-01,raw,Automation,All ages,99.61,100.34,101.58,99.47,101.31,98.97
2023-11-01,sa,Augmentation,21-30,98.25,96.11,99.58,98.51,97.47,99.37
2023-11-01,sa,Augmentation,31-40,98.13,99.02,100.16,101.03,101.09,102.15
2023-11-01,sa,Augmentation,41-50,100.14,99.98,99.97,98.2,99.99,100.07
2023-11-01,sa,Augmentation,51-60,102.4,101.19,102.43,101.81,101.4,102.39
2023-11-01,sa,Augmentation,All ages,99.61,98.87,100.46,99.89,99.88,100.92
2023-11-01,sa,Automation,21-30,98.25,99.47,100.6,96.77,99.65,98.06
2023-11-01,sa,Automation,31-40,98.13,100.46,102.61,100.77,102.92,98.48
2023-11-01,sa,Automation,41-50,100.14,99.49,100.67,99.69,100.26,98.43
2023-11-01,sa,Automation,51-60,102.4,102.2,102.38,101.76,101.82,101.49
2023-11-01,sa,Automation,All ages,99.61,100.34,101.58,99.47,101.31,98.97
2023-12-01,percap,Augmentation,21-30,96.94,99.92,100.3,98.44,98.91,100.02
2023-12-01,percap,Augmentation,31-40,94.98,99.21,98.75,99.14,99.91,100.37
2023-12-01,percap,Augmentation,41-50,99.38,101.13,100.37,98.13,100.39,100.25
2023-12-01,percap,Augmentation,51-60,101.16,101.59,101.53,100.84,101.33,101.18
2023-12-01,percap,Augmentation,All ages,97.92,100.3,100.14,99.13,100.02,100.37
2023-12-01,percap,Automation,21-30,96.94,103.0,100.81,98.04,99.74,98.57
2023-12-01,percap,Automation,31-40,94.98,100.23,100.88,99.37,101.61,96.82
2023-12-01,percap,Automation,41-50,99.38,100.55,100.92,99.61,101.21,98.46
2023-12-01,percap,Automation,51-60,101.16,101.78,101.33,100.88,102.25,100.62
2023-12-01,percap,Automation,All ages,97.92,101.35,100.97,99.23,101.43,98.44
2023-12-01,percap_sa,Augmentation,21-30,97.8,95.87,99.36,98.52,97.35,100.02
2023-12-01,percap_sa,Augmentation,31-40,95.62,96.94,98.02,98.64,99.28,100.41
2023-12-01,percap_sa,Augmentation,41-50,99.58,100.0,99.62,97.5,99.59,100.18
2023-12-01,percap_sa,Augmentation,51-60,99.97,99.62,100.52,100.05,99.89,100.91
2023-12-01,percap_sa,Augmentation,All ages,98.11,97.85,99.29,98.66,98.89,100.31
2023-12-01,percap_sa,Automation,21-30,97.8,99.47,100.88,96.83,99.51,97.83
2023-12-01,percap_sa,Automation,31-40,95.62,98.46,100.86,98.99,100.79,96.0
2023-12-01,percap_sa,Automation,41-50,99.58,99.6,100.78,99.3,99.94,97.63
2023-12-01,percap_sa,Automation,51-60,99.97,100.61,100.98,100.12,100.24,99.48
2023-12-01,percap_sa,Automation,All ages,98.11,99.44,100.88,98.52,100.27,97.57
2023-12-01,raw,Augmentation,21-30,96.93,99.91,100.29,98.43,98.9,100.01
2023-12-01,raw,Augmentation,31-40,96.93,101.24,100.78,101.18,101.97,102.44
2023-12-01,raw,Augmentation,41-50,99.58,101.33,100.58,98.33,100.59,100.46
2023-12-01,raw,Augmentation,51-60,102.85,103.29,103.23,102.53,103.03,102.88
2023-12-01,raw,Augmentation,All ages,98.9,101.31,101.14,100.12,101.01,101.37
2023-12-01,raw,Automation,21-30,96.93,102.99,100.8,98.03,99.73,98.56
2023-12-01,raw,Automation,31-40,96.93,102.29,102.95,101.41,103.7,98.81
2023-12-01,raw,Automation,41-50,99.58,100.76,101.12,99.82,101.41,98.67
2023-12-01,raw,Automation,51-60,102.85,103.49,103.03,102.57,103.97,102.31
2023-12-01,raw,Automation,All ages,98.9,102.36,101.98,100.22,102.44,99.42
2023-12-01,sa,Augmentation,21-30,97.78,95.86,99.35,98.51,97.34,100.01
2023-12-01,sa,Augmentation,31-40,97.75,99.09,100.2,100.83,101.48,102.64
2023-12-01,sa,Augmentation,41-50,99.78,100.21,99.82,97.7,99.79,100.38
2023-12-01,sa,Augmentation,51-60,101.78,101.42,102.34,101.86,101.7,102.74
2023-12-01,sa,Augmentation,All ages,99.16,98.9,100.36,99.71,99.95,101.38
2023-12-01,sa,Automation,21-30,97.78,99.45,100.87,96.82,99.49,97.82
2023-12-01,sa,Automation,31-40,97.75,100.65,103.1,101.18,103.03,98.13
2023-12-01,sa,Automation,41-50,99.78,99.8,100.98,99.5,100.14,97.83
2023-12-01,sa,Automation,51-60,101.78,102.43,102.81,101.93,102.06,101.28
2023-12-01,sa,Automation,All ages,99.16,100.51,101.96,99.58,101.34,98.61
2024-01-01,percap,Augmentation,21-30,87.34,88.41,95.89,92.01,95.22,95.84
2024-01-01,percap,Augmentation,31-40,85.98,89.78,94.32,94.05,95.25,96.54
2024-01-01,percap,Augmentation,41-50,90.17,92.57,96.06,93.05,96.1,96.98
2024-01-01,percap,Augmentation,51-60,92.58,93.59,97.06,95.98,96.63,97.71
2024-01-01,percap,Augmentation,All ages,88.8,90.79,95.73,93.8,95.69,96.64
2024-01-01,percap,Automation,21-30,87.34,93.2,96.53,94.36,94.65,92.65
2024-01-01,percap,Automation,31-40,85.98,92.62,97.12,94.74,97.14,91.39
2024-01-01,percap,Automation,41-50,90.17,94.08,97.54,95.32,96.68,93.13
2024-01-01,percap,Automation,51-60,92.58,95.58,97.53,96.66,97.33,95.29
2024-01-01,percap,Automation,All ages,88.8,93.75,97.18,95.04,96.74,92.92
2024-01-01,percap_sa,Augmentation,21-30,99.23,97.45,101.4,100.89,98.38,100.97
2024-01-01,percap_sa,Augmentation,31-40,97.37,98.96,99.14,99.95,100.29,101.15
2024-01-01,percap_sa,Augmentation,41-50,100.61,101.83,100.56,98.48,100.3,101.17
2024-01-01,percap_sa,Augmentation,51-60,100.83,100.95,101.31,100.91,100.37,101.63
2024-01-01,percap_sa,Augmentation,All ages,99.41,99.59,100.52,100.0,99.71,101.16
2024-01-01,percap_sa,Automation,21-30,99.23,100.43,101.5,98.1,100.45,101.07
2024-01-01,percap_sa,Automation,31-40,97.37,99.28,101.44,100.37,101.37,97.84
2024-01-01,percap_sa,Automation,41-50,100.61,100.41,101.57,100.38,100.29,99.21
2024-01-01,percap_sa,Automation,51-60,100.83,101.29,101.42,100.91,100.84,100.65
2024-01-01,percap_sa,Automation,All ages,99.41,100.27,101.49,99.67,100.85,99.57
2024-01-01,raw,Augmentation,21-30,87.3,88.36,95.84,91.97,95.17,95.79
2024-01-01,raw,Augmentation,31-40,88.09,91.99,96.64,96.36,97.59,98.92
2024-01-01,raw,Augmentation,41-50,90.41,92.81,96.32,93.3,96.36,97.24
2024-01-01,raw,Augmentation,51-60,94.44,95.46,99.0,97.9,98.56,99.67
2024-01-01,raw,Augmentation,All ages,89.86,91.87,96.87,94.92,96.83,97.79
2024-01-01,raw,Automation,21-30,87.3,93.15,96.48,94.31,94.6,92.6
2024-01-01,raw,Automation,31-40,88.09,94.9,99.51,97.07,99.53,93.64
2024-01-01,raw,Automation,41-50,90.41,94.33,97.8,95.57,96.94,93.38
2024-01-01,raw,Automation,51-60,94.44,97.49,99.49,98.6,99.28,97.2
2024-01-01,raw,Automation,All ages,89.86,94.87,98.33,96.17,97.89,94.02
2024-01-01,sa,Augmentation,21-30,99.18,97.4,101.35,100.84,98.34,100.92
2024-01-01,sa,Augmentation,31-40,99.61,101.24,101.42,102.25,102.6,103.47
2024-01-01,sa,Augmentation,41-50,100.88,102.1,100.82,98.74,100.57,101.44
2024-01-01,sa,Augmentation,51-60,102.73,102.84,103.21,102.8,102.25,103.54
2024-01-01,sa,Augmentation,All ages,100.52,100.7,101.65,101.12,100.82,102.29
2024-01-01,sa,Automation,21-30,99.18,100.38,101.45,98.05,100.4,101.02
2024-01-01,sa,Automation,31-40,99.61,101.56,103.78,102.68,103.7,100.09
2024-01-01,sa,Automation,41-50,100.88,100.68,101.84,100.64,100.55,99.47
2024-01-01,sa,Automation,51-60,102.73,103.19,103.32,102.81,102.73,102.54
2024-01-01,sa,Automation,All ages,100.52,101.39,102.62,100.79,101.98,100.68
2024-02-01,percap,Augmentation,21-30,90.54,91.12,97.96,94.94,94.23,96.78
2024-02-01,percap,Augmentation,31-40,89.3,92.8,95.84,96.59,96.86,98.12
2024-02-01,percap,Augmentation,41-50,93.4,95.31,97.7,95.37,97.74,98.35
2024-02-01,percap,Augmentation,51-60,95.54,96.84,98.84,98.68,98.36,99.4
2024-02-01,percap,Augmentation,All ages,91.99,93.7,97.48,96.41,96.61,98.01
2024-02-01,percap,Automation,21-30,90.54,95.83,98.03,93.33,97.8,95.42
2024-02-01,percap,Automation,31-40,89.3,95.32,98.81,96.23,99.32,93.44
2024-02-01,percap,Automation,41-50,93.4,96.37,98.91,96.92,98.55,95.35
2024-02-01,percap,Automation,51-60,95.54,98.29,99.18,98.59,99.23,97.68
2024-02-01,percap,Automation,All ages,91.99,96.34,98.73,95.86,98.91,95.27
2024-02-01,percap_sa,Augmentation,21-30,98.68,96.94,100.9,99.74,97.87,100.33
2024-02-01,percap_sa,Augmentation,31-40,96.68,97.81,98.25,99.21,99.46,100.95
2024-02-01,percap_sa,Augmentation,41-50,99.73,100.33,99.99,97.82,99.65,100.77
2024-02-01,percap_sa,Augmentation,51-60,100.46,100.29,100.85,100.87,99.82,101.52
2024-02-01,percap_sa,Augmentation,All ages,98.77,98.63,99.91,99.36,99.09,100.8
2024-02-01,percap_sa,Automation,21-30,98.68,100.24,101.15,97.43,100.4,99.76
2024-02-01,percap_sa,Automation,31-40,96.68,98.8,101.18,99.57,100.96,96.48
2024-02-01,percap_sa,Automation,41-50,99.73,99.68,101.08,99.69,99.97,98.19
2024-02-01,percap_sa,Automation,51-60,100.46,101.1,101.1,100.46,100.64,100.11
2024-02-01,percap_sa,Automation,All ages,98.77,99.87,101.14,99.02,100.6,98.48
2024-02-01,raw,Augmentation,21-30,90.5,91.07,97.91,94.89,94.18,96.73
2024-02-01,raw,Augmentation,31-40,91.49,95.08,98.2,98.96,99.24,100.54
2024-02-01,raw,Augmentation,41-50,93.65,95.56,97.96,95.63,98.0,98.61
2024-02-01,raw,Augmentation,51-60,97.45,98.78,100.82,100.66,100.33,101.39
2024-02-01,raw,Augmentation,All ages,93.08,94.82,98.64,97.55,97.76,99.18
2024-02-01,raw,Automation,21-30,90.5,95.78,97.98,93.29,97.75,95.38
2024-02-01,raw,Automation,31-40,91.49,97.67,101.24,98.6,101.76,95.74
2024-02-01,raw,Automation,41-50,93.65,96.62,99.17,97.18,98.81,95.6
2024-02-01,raw,Automation,51-60,97.45,100.26,101.17,100.56,101.22,99.63
2024-02-01,raw,Automation,All ages,93.08,97.48,99.9,97.0,100.09,96.4
2024-02-01,sa,Augmentation,21-30,98.63,96.89,100.85,99.69,97.82,100.28
2024-02-01,sa,Augmentation,31-40,99.06,100.22,100.67,101.66,101.91,103.43
2024-02-01,sa,Augmentation,41-50,99.99,100.59,100.25,98.08,99.92,101.04
2024-02-01,sa,Augmentation,51-60,102.48,102.3,102.87,102.9,101.82,103.56
2024-02-01,sa,Augmentation,All ages,99.94,99.8,101.09,100.55,100.27,102.0
2024-02-01,sa,Automation,21-30,98.63,100.19,101.1,97.38,100.35,99.71
2024-02-01,sa,Automation,31-40,99.06,101.23,103.67,102.02,103.45,98.86
2024-02-01,sa,Automation,41-50,99.99,99.94,101.35,99.96,100.24,98.45
2024-02-01,sa,Automation,51-60,102.48,103.13,103.12,102.47,102.66,102.12
2024-02-01,sa,Automation,All ages,99.94,101.06,102.34,100.2,101.79,99.65
2024-03-01,percap,Augmentation,21-30,91.22,91.64,98.15,95.02,94.42,96.77
2024-03-01,percap,Augmentation,31-40,90.2,93.14,96.06,96.88,97.32,98.5
2024-03-01,percap,Augmentation,41-50,94.74,96.17,97.89,95.74,97.78,98.6
2024-03-01,percap,Augmentation,51-60,95.64,97.8,99.04,98.93,98.69,99.73
2024-03-01,percap,Augmentation,All ages,92.76,94.34,97.68,96.66,96.87,98.24
2024-03-01,percap,Automation,21-30,91.22,96.17,97.79,93.62,97.52,95.78
2024-03-01,percap,Automation,31-40,90.2,95.72,99.19,96.55,99.87,93.6
2024-03-01,percap,Automation,41-50,94.74,97.1,98.95,97.19,98.72,95.58
2024-03-01,percap,Automation,51-60,95.64,98.85,99.56,98.92,99.6,97.85
2024-03-01,percap,Automation,All ages,92.76,96.84,98.88,96.16,99.17,95.5
2024-03-01,percap_sa,Augmentation,21-30,98.17,96.33,100.11,98.67,97.56,99.89
2024-03-01,percap_sa,Augmentation,31-40,96.22,97.13,97.55,98.68,99.27,100.54
2024-03-01,percap_sa,Augmentation,41-50,99.6,99.92,99.6,97.3,99.37,100.47
2024-03-01,percap_sa,Augmentation,51-60,99.8,100.19,100.47,100.29,99.7,101.14
2024-03-01,percap_sa,Augmentation,All ages,98.32,98.15,99.33,98.71,98.85,100.41
2024-03-01,percap_sa,Automation,21-30,98.17,100.14,100.31,97.0,100.28,98.51
2024-03-01,percap_sa,Automation,31-40,96.22,98.44,100.79,99.01,101.17,95.55
2024-03-01,percap_sa,Automation,41-50,99.6,99.59,100.67,99.32,99.71,97.58
2024-03-01,percap_sa,Automation,51-60,99.8,100.85,100.76,100.22,100.42,99.57
2024-03-01,percap_sa,Automation,All ages,98.32,99.66,100.65,98.6,100.51,97.62
2024-03-01,raw,Augmentation,21-30,91.18,91.6,98.1,94.97,94.38,96.72
2024-03-01,raw,Augmentation,31-40,92.42,95.43,98.42,99.26,99.71,100.92
2024-03-01,raw,Augmentation,41-50,95.0,96.43,98.16,95.99,98.04,98.86
2024-03-01,raw,Augmentation,51-60,97.55,99.76,101.03,100.91,100.66,101.73
2024-03-01,raw,Augmentation,All ages,93.86,95.47,98.84,97.81,98.02,99.41
2024-03-01,raw,Automation,21-30,91.18,96.12,97.74,93.57,97.47,95.73
2024-03-01,raw,Automation,31-40,92.42,98.07,101.63,98.92,102.33,95.9
2024-03-01,raw,Automation,41-50,95.0,97.36,99.21,97.45,98.98,95.83
2024-03-01,raw,Automation,51-60,97.55,100.83,101.56,100.9,101.6,99.81
2024-03-01,raw,Automation,All ages,93.86,97.99,100.05,97.3,100.35,96.63
2024-03-01,sa,Augmentation,21-30,98.11,96.28,100.05,98.62,97.5,99.83
2024-03-01,sa,Augmentation,31-40,98.75,99.68,100.11,101.27,101.88,103.18
2024-03-01,sa,Augmentation,41-50,99.87,100.19,99.87,97.56,99.63,100.74
2024-03-01,sa,Augmentation,51-60,101.93,102.33,102.61,102.43,101.83,103.3
2024-03-01,sa,Augmentation,All ages,99.56,99.39,100.59,99.96,100.1,101.68
2024-03-01,sa,Automation,21-30,98.11,100.08,100.26,96.95,100.23,98.46
2024-03-01,sa,Automation,31-40,98.75,101.02,103.44,101.61,103.83,98.06
2024-03-01,sa,Automation,41-50,99.87,99.86,100.94,99.59,99.98,97.84
2024-03-01,sa,Automation,51-60,101.93,103.01,102.91,102.36,102.57,101.7
2024-03-01,sa,Automation,All ages,99.56,100.92,101.92,99.84,101.78,98.85
2024-04-01,percap,Augmentation,21-30,92.46,93.59,99.17,95.91,96.03,97.25
2024-04-01,percap,Augmentation,31-40,90.7,93.35,96.23,96.82,97.39,99.19
2024-04-01,percap,Augmentation,41-50,95.86,96.86,98.13,95.78,97.99,99.19
2024-04-01,percap,Augmentation,51-60,96.41,97.41,99.16,99.16,98.89,100.38
2024-04-01,percap,Augmentation,All ages,93.66,95.02,98.07,96.91,97.42,98.84
2024-04-01,percap,Automation,21-30,92.46,97.19,98.32,95.41,97.09,97.14
2024-04-01,percap,Automation,31-40,90.7,95.82,99.46,97.03,99.67,93.72
2024-04-01,percap,Automation,41-50,95.86,97.16,99.27,97.76,98.88,95.79
2024-04-01,percap,Automation,51-60,96.41,98.78,99.66,99.25,99.87,98.08
2024-04-01,percap,Automation,All ages,93.66,97.12,99.18,97.02,99.18,95.98
2024-04-01,percap_sa,Augmentation,21-30,98.57,96.76,100.24,98.74,97.71,99.78
2024-04-01,percap_sa,Augmentation,31-40,96.55,97.07,97.57,98.82,99.3,100.94
2024-04-01,percap_sa,Augmentation,41-50,100.14,99.95,99.46,97.31,99.45,100.55
2024-04-01,percap_sa,Augmentation,51-60,100.33,99.85,100.51,100.51,100.0,101.54
2024-04-01,percap_sa,Augmentation,All ages,98.77,98.18,99.34,98.82,98.98,100.59
2024-04-01,percap_sa,Automation,21-30,98.57,100.27,100.18,97.24,100.25,98.67
2024-04-01,percap_sa,Automation,31-40,96.55,98.61,100.74,99.27,101.23,95.59
2024-04-01,percap_sa,Automation,41-50,100.14,99.38,100.47,99.56,99.85,97.5
2024-04-01,percap_sa,Automation,51-60,100.33,100.8,100.69,100.61,100.78,99.64
2024-04-01,percap_sa,Automation,All ages,98.77,99.68,100.53,98.86,100.66,97.66
2024-04-01,raw,Augmentation,21-30,92.34,93.47,99.05,95.79,95.91,97.13
2024-04-01,raw,Augmentation,31-40,93.21,95.94,98.9,99.5,100.1,101.95
2024-04-01,raw,Augmentation,41-50,96.18,97.18,98.46,96.09,98.31,99.51
2024-04-01,raw,Augmentation,51-60,98.57,99.59,101.39,101.38,101.1,102.64
2024-04-01,raw,Augmentation,All ages,94.9,96.28,99.37,98.19,98.72,100.15
2024-04-01,raw,Automation,21-30,92.34,97.07,98.2,95.29,96.97,97.02
2024-04-01,raw,Automation,31-40,93.21,98.48,102.22,99.73,102.44,96.32
2024-04-01,raw,Automation,41-50,96.18,97.48,99.6,98.08,99.21,96.1
2024-04-01,raw,Automation,51-60,98.57,101.0,101.9,101.48,102.11,100.28
2024-04-01,raw,Automation,All ages,94.9,98.41,100.5,98.31,100.5,97.26
2024-04-01,sa,Augmentation,21-30,98.46,96.64,100.12,98.62,97.6,99.66
2024-04-01,sa,Augmentation,31-40,99.08,99.62,100.13,101.41,101.9,103.58
2024-04-01,sa,Augmentation,41-50,100.44,100.25,99.76,97.6,99.75,100.85
2024-04-01,sa,Augmentation,51-60,102.47,101.98,102.65,102.66,102.14,103.7
2024-04-01,sa,Augmentation,All ages,100.01,99.41,100.59,100.06,100.22,101.86
2024-04-01,sa,Automation,21-30,98.46,100.15,100.06,97.12,100.13,98.55
2024-04-01,sa,Automation,31-40,99.08,101.19,103.37,101.87,103.88,98.09
2024-04-01,sa,Automation,41-50,100.44,99.68,100.77,99.86,100.15,97.8
2024-04-01,sa,Automation,51-60,102.47,102.95,102.84,102.76,102.93,101.76
2024-04-01,sa,Automation,All ages,100.01,100.93,101.8,100.1,101.92,98.89
2024-05-01,percap,Augmentation,21-30,93.66,94.52,98.46,95.34,95.87,98.23
2024-05-01,percap,Augmentation,31-40,92.87,94.64,95.56,96.94,97.49,100.15
2024-05-01,percap,Augmentation,41-50,98.09,98.27,97.45,95.8,97.82,100.26
2024-05-01,percap,Augmentation,51-60,97.98,98.57,98.74,99.26,98.9,101.45
2024-05-01,percap,Augmentation,All ages,95.45,96.21,97.44,96.85,97.37,99.85
2024-05-01,percap,Automation,21-30,93.66,98.11,97.89,96.0,95.23,96.62
2024-05-01,percap,Automation,31-40,92.87,96.47,99.64,97.84,99.21,93.36
2024-05-01,percap,Automation,41-50,98.09,98.09,99.26,98.32,98.34,95.5
2024-05-01,percap,Automation,51-60,97.98,99.53,99.68,99.76,99.66,98.04
2024-05-01,percap,Automation,All ages,95.45,97.94,99.14,97.65,98.53,95.66
2024-05-01,percap_sa,Augmentation,21-30,98.33,96.55,99.69,98.15,97.03,100.37
2024-05-01,percap_sa,Augmentation,31-40,96.91,97.38,96.97,98.64,99.42,101.37
2024-05-01,percap_sa,Augmentation,41-50,100.99,100.38,99.03,97.33,99.44,101.17
2024-05-01,percap_sa,Augmentation,51-60,100.83,100.12,100.12,100.55,100.11,102.02
2024-05-01,percap_sa,Augmentation,All ages,99.11,98.36,98.84,98.66,98.83,101.13
2024-05-01,percap_sa,Automation,21-30,98.33,100.23,100.08,97.07,99.04,98.07
2024-05-01,percap_sa,Automation,31-40,96.91,98.63,100.86,99.67,100.99,94.98
2024-05-01,percap_sa,Automation,41-50,100.99,99.72,100.44,99.96,99.63,97.22
2024-05-01,percap_sa,Automation,51-60,100.83,100.92,100.71,100.96,100.65,99.42
2024-05-01,percap_sa,Automation,All ages,99.11,99.78,100.54,99.06,100.3,97.22
2024-05-01,raw,Augmentation,21-30,93.54,94.4,98.34,95.22,95.75,98.11
2024-05-01,raw,Augmentation,31-40,95.45,97.27,98.22,99.62,100.2,102.93
2024-05-01,raw,Augmentation,41-50,98.41,98.59,97.76,96.12,98.13,100.59
2024-05-01,raw,Augmentation,51-60,100.18,100.78,100.95,101.48,101.12,103.73
2024-05-01,raw,Augmentation,All ages,96.72,97.49,98.73,98.13,98.66,101.18
2024-05-01,raw,Automation,21-30,93.54,97.99,97.77,95.88,95.11,96.5
2024-05-01,raw,Automation,31-40,95.45,99.15,102.4,100.55,101.97,95.95
2024-05-01,raw,Automation,41-50,98.41,98.41,99.58,98.64,98.67,95.81
2024-05-01,raw,Automation,51-60,100.18,101.77,101.92,101.99,101.9,100.24
2024-05-01,raw,Automation,All ages,96.72,99.24,100.45,98.94,99.84,96.93
2024-05-01,sa,Augmentation,21-30,98.21,96.43,99.56,98.03,96.91,100.25
2024-05-01,sa,Augmentation,31-40,99.61,100.09,99.66,101.39,102.18,104.19
2024-05-01,sa,Augmentation,41-50,101.31,100.69,99.33,97.63,99.74,101.49
2024-05-01,sa,Augmentation,51-60,103.11,102.38,102.38,102.82,102.38,104.32
2024-05-01,sa,Augmentation,All ages,100.43,99.67,100.15,99.97,100.15,102.47
2024-05-01,sa,Automation,21-30,98.21,100.11,99.96,96.95,98.91,97.95
2024-05-01,sa,Automation,31-40,99.61,101.37,103.66,102.44,103.8,97.63
2024-05-01,sa,Automation,41-50,101.31,100.03,100.75,100.27,99.94,97.52
2024-05-01,sa,Automation,51-60,103.11,103.2,102.99,103.24,102.92,101.67
2024-05-01,sa,Automation,All ages,100.43,101.11,101.88,100.38,101.64,98.51
2024-06-01,percap,Augmentation,21-30,94.23,95.98,96.91,94.66,98.17,96.93
2024-06-01,percap,Augmentation,31-40,92.73,93.51,92.83,93.26,94.59,97.05
2024-06-01,percap,Augmentation,41-50,98.32,96.65,94.54,91.56,93.79,96.85
2024-06-01,percap,Augmentation,51-60,96.73,96.56,95.11,94.58,94.28,98.53
2024-06-01,percap,Augmentation,All ages,95.34,95.5,94.76,93.45,95.25,97.21
2024-06-01,percap,Automation,21-30,94.23,97.71,95.14,98.12,92.91,96.76
2024-06-01,percap,Automation,31-40,92.73,94.54,95.64,95.73,94.34,91.08
2024-06-01,percap,Automation,41-50,98.32,95.79,95.3,95.16,92.92,92.85
2024-06-01,percap,Automation,51-60,96.73,96.96,96.53,95.99,93.73,94.42
2024-06-01,percap,Automation,All ages,95.34,96.17,95.63,96.28,93.64,93.65
2024-06-01,percap_sa,Augmentation,21-30,97.99,96.49,99.83,98.08,97.39,99.91
2024-06-01,percap_sa,Augmentation,31-40,96.22,97.42,97.3,98.91,99.86,101.54
2024-06-01,percap_sa,Augmentation,41-50,101.34,100.92,99.91,97.67,100.19,101.58
2024-06-01,percap_sa,Augmentation,51-60,100.58,100.54,100.88,101.07,100.87,102.73
2024-06-01,percap_sa,Augmentation,All ages,98.86,98.54,99.34,98.92,99.34,101.27
2024-06-01,percap_sa,Automation,21-30,97.99,99.9,99.86,97.11,99.63,98.27
2024-06-01,percap_sa,Automation,31-40,96.22,98.87,101.1,99.88,101.53,95.28
2024-06-01,percap_sa,Automation,41-50,101.34,100.12,100.98,100.48,100.36,98.07
2024-06-01,percap_sa,Automation,51-60,100.58,101.31,101.42,101.53,101.43,100.27
2024-06-01,percap_sa,Automation,All ages,98.86,99.94,100.84,99.31,100.97,97.72
2024-06-01,raw,Augmentation,21-30,94.11,95.86,96.79,94.54,98.05,96.81
2024-06-01,raw,Augmentation,31-40,95.31,96.11,95.4,95.85,97.21,99.74
2024-06-01,raw,Augmentation,41-50,98.64,96.97,94.85,91.86,94.09,97.17
2024-06-01,raw,Augmentation,51-60,98.9,98.73,97.24,96.7,96.4,100.75
2024-06-01,raw,Augmentation,All ages,96.61,96.77,96.02,94.69,96.52,98.5
2024-06-01,raw,Automation,21-30,94.11,97.59,95.02,98.0,92.79,96.64
2024-06-01,raw,Automation,31-40,95.31,97.16,98.29,98.39,96.96,93.61
2024-06-01,raw,Automation,41-50,98.64,96.1,95.61,95.48,93.22,93.16
2024-06-01,raw,Automation,51-60,98.9,99.14,98.7,98.15,95.83,96.54
2024-06-01,raw,Automation,All ages,96.61,97.45,96.9,97.56,94.88,94.9
2024-06-01,sa,Augmentation,21-30,97.87,96.37,99.7,97.95,97.27,99.78
2024-06-01,sa,Augmentation,31-40,99.05,100.29,100.17,101.82,102.8,104.53
2024-06-01,sa,Augmentation,41-50,101.66,101.24,100.23,97.98,100.51,101.9
2024-06-01,sa,Augmentation,51-60,102.98,102.94,103.29,103.48,103.28,105.18
2024-06-01,sa,Augmentation,All ages,100.24,99.92,100.74,100.3,100.74,102.69
2024-06-01,sa,Automation,21-30,97.87,99.77,99.73,96.98,99.51,98.14
2024-06-01,sa,Automation,31-40,99.05,101.78,104.08,102.82,104.52,98.09
2024-06-01,sa,Automation,41-50,101.66,100.44,101.3,100.8,100.68,98.39
2024-06-01,sa,Automation,51-60,102.98,103.73,103.84,103.96,103.85,102.66
2024-06-01,sa,Automation,All ages,100.24,101.34,102.26,100.7,102.39,99.09
2024-07-01,percap,Augmentation,21-30,99.45,101.68,100.85,97.4,103.42,103.02
2024-07-01,percap,Augmentation,31-40,93.26,94.62,93.74,94.46,96.26,99.42
2024-07-01,percap,Augmentation,41-50,98.31,97.65,96.32,93.06,95.91,99.11
2024-07-01,percap,Augmentation,51-60,96.48,97.5,97.08,96.27,96.4,100.19
2024-07-01,percap,Augmentation,All ages,96.79,97.8,96.88,95.18,98.11,100.42
2024-07-01,percap,Automation,21-30,99.45,103.38,100.47,103.24,96.9,100.2
2024-07-01,percap,Automation,31-40,93.26,96.19,97.87,97.4,95.95,91.5
2024-07-01,percap,Automation,41-50,98.31,97.42,97.84,97.05,95.02,93.93
2024-07-01,percap,Automation,51-60,96.48,98.74,98.22,97.8,96.04,95.88
2024-07-01,percap,Automation,All ages,96.79,98.87,98.58,99.07,96.0,95.23
2024-07-01,percap_sa,Augmentation,21-30,98.69,97.17,101.04,99.13,97.4,100.01
2024-07-01,percap_sa,Augmentation,31-40,98.4,98.38,97.46,99.65,99.85,102.09
2024-07-01,percap_sa,Augmentation,41-50,103.27,101.96,100.24,98.17,100.05,101.8
2024-07-01,percap_sa,Augmentation,51-60,101.99,101.34,101.14,101.71,100.75,102.71
2024-07-01,percap_sa,Augmentation,All ages,100.35,99.35,99.83,99.66,99.24,101.48
2024-07-01,percap_sa,Automation,21-30,98.69,100.93,99.53,97.17,100.51,99.75
2024-07-01,percap_sa,Automation,31-40,98.4,100.07,101.17,100.15,101.81,95.64
2024-07-01,percap_sa,Automation,41-50,103.27,100.98,100.87,100.76,100.26,98.63
2024-07-01,percap_sa,Automation,51-60,101.99,102.03,101.01,101.71,101.55,100.88
2024-07-01,percap_sa,Automation,All ages,100.35,100.89,100.64,99.44,101.2,98.49
2024-07-01,raw,Augmentation,21-30,99.25,101.48,100.65,97.21,103.22,102.81
2024-07-01,raw,Augmentation,31-40,96.15,97.55,96.65,97.38,99.24,102.5
2024-07-01,raw,Augmentation,41-50,98.7,98.03,96.69,93.42,96.29,99.5
2024-07-01,raw,Augmentation,51-60,98.88,99.93,99.5,98.66,98.8,102.69
2024-07-01,raw,Augmentation,All ages,98.21,99.24,98.3,96.58,99.56,101.9
2024-07-01,raw,Automation,21-30,99.25,103.18,100.27,103.04,96.71,100.0
2024-07-01,raw,Automation,31-40,96.15,99.17,100.9,100.41,98.92,94.33
2024-07-01,raw,Automation,41-50,98.7,97.8,98.22,97.43,95.39,94.3
2024-07-01,raw,Automation,51-60,98.88,101.2,100.67,100.23,98.43,98.26
2024-07-01,raw,Automation,All ages,98.21,100.33,100.02,100.52,97.41,96.63
2024-07-01,sa,Augmentation,21-30,98.49,96.98,100.84,98.94,97.21,99.82
2024-07-01,sa,Augmentation,31-40,101.29,101.26,100.32,102.57,102.78,105.08
2024-07-01,sa,Augmentation,41-50,103.66,102.34,100.62,98.54,100.43,102.19
2024-07-01,sa,Augmentation,51-60,104.4,103.74,103.53,104.12,103.14,105.14
2024-07-01,sa,Augmentation,All ages,101.75,100.74,101.23,101.05,100.62,102.89
2024-07-01,sa,Automation,21-30,98.49,100.74,99.34,96.98,100.32,99.56
2024-07-01,sa,Automation,31-40,101.29,103.01,104.14,103.08,104.8,98.45
2024-07-01,sa,Automation,41-50,103.66,101.37,101.25,101.14,100.64,99.0
2024-07-01,sa,Automation,51-60,104.4,104.45,103.4,104.12,103.95,103.26
2024-07-01,sa,Automation,All ages,101.75,102.3,102.05,100.83,102.61,99.87
2024-08-01,percap,Augmentation,21-30,100.5,101.04,97.9,96.76,100.81,102.33
2024-08-01,percap,Augmentation,31-40,93.78,95.05,93.63,95.98,97.12,99.31
2024-08-01,percap,Augmentation,41-50,98.49,98.39,96.43,94.33,97.42,99.37
2024-08-01,percap,Augmentation,51-60,98.17,98.24,98.02,98.35,98.63,100.62
2024-08-01,percap,Augmentation,All ages,97.63,98.07,96.34,96.29,98.47,100.35
2024-08-01,percap,Automation,21-30,100.5,103.11,100.23,100.7,97.36,96.84
2024-08-01,percap,Automation,31-40,93.78,96.53,98.57,97.43,98.19,91.57
2024-08-01,percap,Automation,41-50,98.49,98.11,98.64,97.75,97.24,93.96
2024-08-01,percap,Automation,51-60,98.17,99.34,99.58,99.18,98.97,96.76
2024-08-01,percap,Automation,All ages,97.63,99.2,99.21,98.73,98.12,94.56
2024-08-01,percap_sa,Augmentation,21-30,98.16,96.86,100.18,97.57,96.0,99.95
2024-08-01,percap_sa,Augmentation,31-40,97.56,97.72,96.78,98.76,98.71,101.15
2024-08-01,percap_sa,Augmentation,41-50,101.96,101.79,99.45,97.24,99.14,101.3
2024-08-01,percap_sa,Augmentation,51-60,100.87,100.21,100.44,100.74,99.91,102.16
2024-08-01,percap_sa,Augmentation,All ages,99.42,98.83,99.08,98.59,98.18,100.97
2024-08-01,percap_sa,Automation,21-30,98.16,100.58,99.48,96.16,98.4,98.52
2024-08-01,percap_sa,Automation,31-40,97.56,99.15,100.51,99.05,100.61,95.04
2024-08-01,percap_sa,Automation,41-50,101.96,100.59,100.41,99.94,99.3,97.7
2024-08-01,percap_sa,Automation,51-60,100.87,101.0,101.16,100.79,100.52,99.76
2024-08-01,percap_sa,Automation,All ages,99.42,100.23,100.37,98.5,99.97,97.54
2024-08-01,raw,Augmentation,21-30,100.3,100.84,97.71,96.56,100.61,102.13
2024-08-01,raw,Augmentation,31-40,96.68,97.99,96.53,98.95,100.12,102.39
2024-08-01,raw,Augmentation,41-50,98.87,98.77,96.81,94.7,97.8,99.76
2024-08-01,raw,Augmentation,51-60,100.61,100.69,100.46,100.8,101.08,103.12
2024-08-01,raw,Augmentation,All ages,99.06,99.51,97.76,97.71,99.92,101.82
2024-08-01,raw,Automation,21-30,100.3,102.9,100.03,100.5,97.17,96.65
2024-08-01,raw,Automation,31-40,96.68,99.52,101.62,100.45,101.23,94.4
2024-08-01,raw,Automation,41-50,98.87,98.5,99.03,98.13,97.62,94.32
2024-08-01,raw,Automation,51-60,100.61,101.82,102.05,101.65,101.43,99.17
2024-08-01,raw,Automation,All ages,99.06,100.66,100.67,100.18,99.56,95.95
2024-08-01,sa,Augmentation,21-30,97.96,96.66,99.98,97.38,95.81,99.75
2024-08-01,sa,Augmentation,31-40,100.59,100.75,99.78,101.82,101.77,104.29
2024-08-01,sa,Augmentation,41-50,102.34,102.17,99.82,97.61,99.51,101.68
2024-08-01,sa,Augmentation,51-60,103.4,102.72,102.95,103.26,102.41,104.72
2024-08-01,sa,Augmentation,All ages,100.89,100.28,100.54,100.04,99.62,102.45
2024-08-01,sa,Automation,21-30,97.96,100.38,99.28,95.97,98.2,98.32
2024-08-01,sa,Automation,31-40,100.59,102.23,103.62,102.12,103.72,97.99
2024-08-01,sa,Automation,41-50,102.34,100.97,100.79,100.31,99.67,98.07
2024-08-01,sa,Automation,51-60,103.4,103.52,103.69,103.32,103.04,102.25
2024-08-01,sa,Automation,All ages,100.89,101.7,101.84,99.95,101.44,98.97
2024-09-01,percap,Augmentation,21-30,99.55,97.71,98.14,96.81,97.15,100.71
2024-09-01,percap,Augmentation,31-40,94.9,96.5,95.2,97.4,98.16,100.45
2024-09-01,percap,Augmentation,41-50,100.21,100.1,98.24,95.56,98.71,100.69
2024-09-01,percap,Augmentation,51-60,99.68,99.87,99.41,99.43,99.16,102.02
2024-09-01,percap,Augmentation,All ages,98.44,98.31,97.6,97.29,98.16,100.82
2024-09-01,percap,Automation,21-30,99.55,100.53,99.12,97.26,99.36,96.62
2024-09-01,percap,Automation,31-40,94.9,97.35,99.51,98.34,100.29,93.49
2024-09-01,percap,Automation,41-50,100.21,98.79,99.79,99.28,98.57,96.12
2024-09-01,percap,Automation,51-60,99.68,100.42,100.5,100.07,99.9,98.49
2024-09-01,percap,Automation,All ages,98.44,99.16,99.71,98.43,99.67,95.94
2024-09-01,percap_sa,Augmentation,21-30,97.53,95.7,98.44,96.11,95.63,98.84
2024-09-01,percap_sa,Augmentation,31-40,95.24,96.47,95.59,97.79,98.03,100.4
2024-09-01,percap_sa,Augmentation,41-50,100.71,100.74,98.97,96.26,98.94,100.88
2024-09-01,percap_sa,Augmentation,51-60,99.51,99.61,100.01,99.76,99.14,101.9
2024-09-01,percap_sa,Augmentation,All ages,98.06,97.83,98.09,97.51,97.73,100.3
2024-09-01,percap_sa,Automation,21-30,97.53,99.41,98.2,95.53,98.67,96.34
2024-09-01,percap_sa,Automation,31-40,95.24,98.05,99.55,97.99,100.78,93.73
2024-09-01,percap_sa,Automation,41-50,100.71,99.5,100.13,99.45,99.16,96.9
2024-09-01,percap_sa,Automation,51-60,99.51,100.62,100.54,99.96,100.07,99.08
2024-09-01,percap_sa,Automation,All ages,98.06,99.28,99.58,97.8,99.91,96.24
2024-09-01,raw,Augmentation,21-30,99.35,97.51,97.95,96.62,96.96,100.51
2024-09-01,raw,Augmentation,31-40,97.84,99.49,98.15,100.41,101.2,103.56
2024-09-01,raw,Augmentation,41-50,100.6,100.49,98.62,95.93,99.1,101.08
2024-09-01,raw,Augmentation,51-60,102.16,102.36,101.88,101.91,101.63,104.56
2024-09-01,raw,Augmentation,All ages,99.89,99.75,99.03,98.72,99.6,102.3
2024-09-01,raw,Automation,21-30,99.35,100.33,98.92,97.06,99.16,96.43
2024-09-01,raw,Automation,31-40,97.84,100.36,102.59,101.39,103.39,96.38
2024-09-01,raw,Automation,41-50,100.6,99.18,100.18,99.67,98.96,96.5
2024-09-01,raw,Automation,51-60,102.16,102.92,103.0,102.56,102.39,100.94
2024-09-01,raw,Automation,All ages,99.89,100.62,101.17,99.88,101.14,97.35
2024-09-01,sa,Augmentation,21-30,97.33,95.51,98.24,95.92,95.44,98.64
2024-09-01,sa,Augmentation,31-40,98.35,99.62,98.71,100.98,101.23,103.67
2024-09-01,sa,Augmentation,41-50,101.08,101.11,99.33,96.61,99.3,101.25
2024-09-01,sa,Augmentation,51-60,102.14,102.24,102.65,102.39,101.75,104.59
2024-09-01,sa,Augmentation,All ages,99.58,99.34,99.61,99.01,99.24,101.85
2024-09-01,sa,Automation,21-30,97.33,99.21,98.0,95.33,98.47,96.14
2024-09-01,sa,Automation,31-40,98.35,101.25,102.8,101.19,104.07,96.79
2024-09-01,sa,Automation,41-50,101.08,99.86,100.5,99.82,99.53,97.26
2024-09-01,sa,Automation,51-60,102.14,103.28,103.19,102.6,102.71,101.69
2024-09-01,sa,Automation,All ages,99.58,100.81,101.12,99.3,101.45,97.73
2024-10-01,percap,Augmentation,21-30,99.03,96.06,98.12,96.2,96.07,100.09
2024-10-01,percap,Augmentation,31-40,96.11,96.05,95.5,97.38,98.3,100.96
2024-10-01,percap,Augmentation,41-50,101.26,100.52,98.64,96.26,98.93,101.55
2024-10-01,percap,Augmentation,51-60,100.38,100.12,99.49,99.84,99.23,102.48
2024-10-01,percap,Augmentation,All ages,99.03,97.87,97.79,97.43,97.96,101.09
2024-10-01,percap,Automation,21-30,99.03,99.81,99.43,96.21,97.39,96.16
2024-10-01,percap,Automation,31-40,96.11,97.33,100.17,98.57,100.03,93.51
2024-10-01,percap,Automation,41-50,101.26,99.35,100.61,99.76,98.87,96.54
2024-10-01,percap,Automation,51-60,100.38,100.43,101.07,100.23,100.08,98.72
2024-10-01,percap,Automation,All ages,99.03,99.11,100.3,98.29,99.42,95.97
2024-10-01,percap_sa,Augmentation,21-30,97.86,95.97,99.52,96.3,96.77,99.6
2024-10-01,percap_sa,Augmentation,31-40,95.72,96.17,96.24,97.68,98.76,101.03
2024-10-01,percap_sa,Augmentation,41-50,100.49,100.5,99.26,96.37,99.14,101.31
2024-10-01,percap_sa,Augmentation,51-60,99.92,100.07,100.19,100.1,99.54,102.48
2024-10-01,percap_sa,Augmentation,All ages,98.33,97.87,98.66,97.63,98.39,100.92
2024-10-01,percap_sa,Automation,21-30,97.86,99.65,99.32,96.64,98.08,97.29
2024-10-01,percap_sa,Automation,31-40,95.72,97.7,100.38,98.85,100.55,94.09
2024-10-01,percap_sa,Automation,41-50,100.49,99.45,100.64,99.83,99.07,97.03
2024-10-01,percap_sa,Automation,51-60,99.92,100.65,101.32,100.42,100.33,99.33
2024-10-01,percap_sa,Automation,All ages,98.33,99.24,100.4,98.56,99.8,96.68
2024-10-01,raw,Augmentation,21-30,98.76,95.79,97.85,95.94,95.81,99.82
2024-10-01,raw,Augmentation,31-40,99.39,99.33,98.76,100.7,101.66,104.41
2024-10-01,raw,Augmentation,41-50,101.72,100.97,99.08,96.69,99.38,102.01
2024-10-01,raw,Augmentation,51-60,103.12,102.86,102.21,102.56,101.94,105.28
2024-10-01,raw,Augmentation,All ages,100.62,99.44,99.36,99.0,99.53,102.72
2024-10-01,raw,Automation,21-30,98.76,99.53,99.16,95.95,97.12,95.9
2024-10-01,raw,Automation,31-40,99.39,100.66,103.59,101.94,103.44,96.7
2024-10-01,raw,Automation,41-50,101.72,99.79,101.06,100.2,99.31,96.98
2024-10-01,raw,Automation,51-60,103.12,103.17,103.83,102.97,102.81,101.41
2024-10-01,raw,Automation,All ages,100.62,100.7,101.92,99.88,101.02,97.52
2024-10-01,sa,Augmentation,21-30,97.59,95.71,99.25,96.04,96.51,99.33
2024-10-01,sa,Augmentation,31-40,98.83,99.3,99.37,100.85,101.97,104.31
2024-10-01,sa,Augmentation,41-50,100.94,100.95,99.71,96.81,99.59,101.77
2024-10-01,sa,Augmentation,51-60,102.52,102.67,102.8,102.71,102.12,105.14
2024-10-01,sa,Augmentation,All ages,99.84,99.37,100.18,99.13,99.9,102.47
2024-10-01,sa,Automation,21-30,97.59,99.38,99.05,96.38,97.81,97.03
2024-10-01,sa,Automation,31-40,98.83,100.87,103.64,102.06,103.81,97.15
2024-10-01,sa,Automation,41-50,100.94,99.9,101.1,100.28,99.52,97.47
2024-10-01,sa,Automation,51-60,102.52,103.27,103.96,103.04,102.94,101.91
2024-10-01,sa,Automation,All ages,99.84,100.76,101.94,100.08,101.34,98.17
2024-11-01,percap,Augmentation,21-30,96.95,95.27,98.73,95.41,96.24,99.35
2024-11-01,percap,Augmentation,31-40,94.44,95.48,95.64,97.2,98.42,100.57
2024-11-01,percap,Augmentation,41-50,100.42,99.75,98.89,95.99,98.82,101.34
2024-11-01,percap,Augmentation,51-60,99.22,99.74,99.65,99.9,99.42,102.1
2024-11-01,percap,Augmentation,All ages,97.57,97.23,98.08,97.15,98.05,100.65
2024-11-01,percap,Automation,21-30,96.95,99.76,98.72,96.16,96.94,96.17
2024-11-01,percap,Automation,31-40,94.44,97.56,99.93,98.47,99.89,93.28
2024-11-01,percap,Automation,41-50,100.42,99.19,100.15,99.74,98.73,96.48
2024-11-01,percap,Automation,51-60,99.22,100.29,100.81,100.25,100.31,98.82
2024-11-01,percap,Automation,All ages,97.57,99.09,99.89,98.25,99.33,95.91
2024-11-01,percap_sa,Augmentation,21-30,96.95,95.27,98.73,95.41,96.24,99.35
2024-11-01,percap_sa,Augmentation,31-40,94.44,95.48,95.64,97.2,98.42,100.57
2024-11-01,percap_sa,Augmentation,41-50,100.42,99.75,98.89,95.99,98.82,101.34
2024-11-01,percap_sa,Augmentation,51-60,99.22,99.74,99.65,99.9,99.42,102.1
2024-11-01,percap_sa,Augmentation,All ages,97.57,97.23,98.08,97.15,98.05,100.65
2024-11-01,percap_sa,Automation,21-30,96.95,99.76,98.72,96.16,96.94,96.17
2024-11-01,percap_sa,Automation,31-40,94.44,97.56,99.93,98.47,99.89,93.28
2024-11-01,percap_sa,Automation,41-50,100.42,99.19,100.15,99.74,98.73,96.48
2024-11-01,percap_sa,Automation,51-60,99.22,100.29,100.81,100.25,100.31,98.82
2024-11-01,percap_sa,Automation,All ages,97.57,99.09,99.89,98.25,99.33,95.91
2024-11-01,raw,Augmentation,21-30,96.69,95.01,98.46,95.15,95.98,99.07
2024-11-01,raw,Augmentation,31-40,97.66,98.74,98.9,100.52,101.78,104.0
2024-11-01,raw,Augmentation,41-50,100.87,100.2,99.34,96.43,99.27,101.79
2024-11-01,raw,Augmentation,51-60,101.94,102.47,102.38,102.63,102.14,104.89
2024-11-01,raw,Augmentation,All ages,99.14,98.79,99.66,98.71,99.63,102.27
2024-11-01,raw,Automation,21-30,96.69,99.49,98.45,95.9,96.68,95.9
2024-11-01,raw,Automation,31-40,97.66,100.89,103.34,101.84,103.3,96.46
2024-11-01,raw,Automation,41-50,100.87,99.64,100.6,100.19,99.17,96.91
2024-11-01,raw,Automation,51-60,101.94,103.04,103.57,102.99,103.06,101.52
2024-11-01,raw,Automation,All ages,99.14,100.69,101.5,99.84,100.93,97.46
2024-11-01,sa,Augmentation,21-30,96.69,95.01,98.46,95.15,95.98,99.07
2024-11-01,sa,Augmentation,31-40,97.66,98.74,98.9,100.52,101.78,104.0
2024-11-01,sa,Augmentation,41-50,100.87,100.2,99.34,96.43,99.27,101.79
2024-11-01,sa,Augmentation,51-60,101.94,102.47,102.38,102.63,102.14,104.89
2024-11-01,sa,Augmentation,All ages,99.14,98.79,99.66,98.71,99.63,102.27
2024-11-01,sa,Automation,21-30,96.69,99.49,98.45,95.9,96.68,95.9
2024-11-01,sa,Automation,31-40,97.66,100.89,103.34,101.84,103.3,96.46
2024-11-01,sa,Automation,41-50,100.87,99.64,100.6,100.19,99.17,96.91
2024-11-01,sa,Automation,51-60,101.94,103.04,103.57,102.99,103.06,101.52
2024-11-01,sa,Automation,All ages,99.14,100.69,101.5,99.84,100.93,97.46
2024-12-01,percap,Augmentation,21-30,95.83,98.95,98.99,95.27,97.61,99.07
2024-12-01,percap,Augmentation,31-40,93.56,97.16,95.61,97.42,98.96,100.66
2024-12-01,percap,Augmentation,41-50,99.95,101.38,99.01,96.43,99.48,101.41
2024-12-01,percap,Augmentation,51-60,99.69,101.54,100.43,100.52,100.55,102.43
2024-12-01,percap,Augmentation,All ages,97.03,99.47,98.34,97.44,98.98,100.68
2024-12-01,percap,Automation,21-30,95.83,102.45,98.04,97.36,97.28,96.41
2024-12-01,percap,Automation,31-40,93.56,98.9,99.74,98.9,100.33,93.4
2024-12-01,percap,Automation,41-50,99.95,100.25,100.34,99.98,99.96,96.55
2024-12-01,percap,Automation,51-60,99.69,101.43,100.77,100.95,102.15,99.65
2024-12-01,percap,Automation,All ages,97.03,100.66,99.71,98.93,100.36,96.2
2024-12-01,percap_sa,Augmentation,21-30,96.67,94.93,98.07,95.35,96.07,99.07
2024-12-01,percap_sa,Augmentation,31-40,94.19,94.94,94.91,96.93,98.33,100.7
2024-12-01,percap_sa,Augmentation,41-50,100.15,100.25,98.27,95.81,98.68,101.33
2024-12-01,percap_sa,Augmentation,51-60,98.52,99.57,99.43,99.73,99.13,102.15
2024-12-01,percap_sa,Augmentation,All ages,97.22,97.04,97.51,96.98,97.87,100.62
2024-12-01,percap_sa,Automation,21-30,96.67,98.93,98.1,96.16,97.05,95.68
2024-12-01,percap_sa,Automation,31-40,94.19,97.16,99.72,98.52,99.53,92.6
2024-12-01,percap_sa,Automation,41-50,100.15,99.3,100.2,99.66,98.71,95.74
2024-12-01,percap_sa,Automation,51-60,98.52,100.25,100.42,100.2,100.15,98.52
2024-12-01,percap_sa,Automation,All ages,97.22,98.77,99.61,98.22,99.21,95.35
2024-12-01,raw,Augmentation,21-30,95.57,98.68,98.72,95.01,97.34,98.8
2024-12-01,raw,Augmentation,31-40,96.75,100.48,98.88,100.75,102.34,104.1
2024-12-01,raw,Augmentation,41-50,100.4,101.84,99.45,96.86,99.92,101.87
2024-12-01,raw,Augmentation,51-60,102.41,104.31,103.17,103.27,103.3,105.23
2024-12-01,raw,Augmentation,All ages,98.59,101.07,99.92,99.01,100.57,102.3
2024-12-01,raw,Automation,21-30,95.57,102.17,97.77,97.1,97.01,96.14
2024-12-01,raw,Automation,31-40,96.75,102.28,103.14,102.28,103.76,96.59
2024-12-01,raw,Automation,41-50,100.4,100.71,100.8,100.43,100.41,96.99
2024-12-01,raw,Automation,51-60,102.41,104.2,103.53,103.71,104.95,102.37
2024-12-01,raw,Automation,All ages,98.59,102.28,101.31,100.52,101.98,97.75
2024-12-01,sa,Augmentation,21-30,96.41,94.67,97.8,95.08,95.8,98.8
2024-12-01,sa,Augmentation,31-40,97.56,98.34,98.31,100.4,101.85,104.3
2024-12-01,sa,Augmentation,41-50,100.6,100.71,98.71,96.24,99.12,101.79
2024-12-01,sa,Augmentation,51-60,101.34,102.42,102.28,102.59,101.97,105.08
2024-12-01,sa,Augmentation,All ages,98.85,98.67,99.15,98.61,99.51,102.31
2024-12-01,sa,Automation,21-30,96.41,98.66,97.83,95.9,96.78,95.42
2024-12-01,sa,Automation,31-40,97.56,100.64,103.29,102.04,103.09,95.92
2024-12-01,sa,Automation,41-50,100.6,99.75,100.65,100.11,99.16,96.17
2024-12-01,sa,Automation,51-60,101.34,103.13,103.3,103.07,103.02,101.34
2024-12-01,sa,Automation,All ages,98.85,100.44,101.29,99.87,100.88,96.95
2025-01-01,percap,Augmentation,21-30,87.12,90.27,95.49,90.94,94.92,95.66
2025-01-01,percap,Augmentation,31-40,84.3,89.54,92.06,93.55,95.43,97.47
2025-01-01,percap,Augmentation,41-50,91.44,93.84,95.6,92.25,95.81,98.31
2025-01-01,percap,Augmentation,51-60,91.7,94.51,97.09,96.22,96.64,99.54
2025-01-01,percap,Augmentation,All ages,88.38,91.7,94.88,93.29,95.56,97.51
2025-01-01,percap,Automation,21-30,87.12,94.61,95.07,94.6,93.61,92.05
2025-01-01,percap,Automation,31-40,84.3,92.66,96.64,95.29,96.71,89.37
2025-01-01,percap,Automation,41-50,91.44,94.44,97.12,96.21,96.07,92.66
2025-01-01,percap,Automation,51-60,91.7,96.28,98.02,97.14,97.69,95.57
2025-01-01,percap,Automation,All ages,88.38,94.36,96.69,95.49,96.44,92.11
2025-01-01,percap_sa,Augmentation,21-30,98.98,99.5,100.97,99.71,98.08,100.78
2025-01-01,percap_sa,Augmentation,31-40,95.47,98.7,96.77,99.42,100.48,102.12
2025-01-01,percap_sa,Augmentation,41-50,102.03,103.23,100.08,97.63,100.0,102.56
2025-01-01,percap_sa,Augmentation,51-60,99.87,101.94,101.34,101.15,100.39,103.53
2025-01-01,percap_sa,Augmentation,All ages,98.94,100.58,99.63,99.46,99.57,102.07
2025-01-01,percap_sa,Automation,21-30,98.98,101.95,99.96,98.34,99.34,100.42
2025-01-01,percap_sa,Automation,31-40,95.47,99.33,100.94,100.95,100.92,95.67
2025-01-01,percap_sa,Automation,41-50,102.03,100.8,101.13,101.31,99.66,98.71
2025-01-01,percap_sa,Automation,51-60,99.87,102.03,101.93,101.41,101.21,100.95
2025-01-01,percap_sa,Automation,All ages,98.94,100.92,100.98,100.15,100.54,98.7
2025-01-01,raw,Augmentation,21-30,86.83,89.96,95.17,90.63,94.6,95.33
2025-01-01,raw,Augmentation,31-40,87.38,92.81,95.43,96.97,98.92,101.03
2025-01-01,raw,Augmentation,41-50,91.89,94.3,96.07,92.7,96.28,98.79
2025-01-01,raw,Augmentation,51-60,94.38,97.26,99.92,99.02,99.46,102.44
2025-01-01,raw,Augmentation,All ages,89.9,93.27,96.51,94.89,97.2,99.17
2025-01-01,raw,Automation,21-30,86.83,94.29,94.74,94.28,93.29,91.74
2025-01-01,raw,Automation,31-40,87.38,96.05,100.18,98.77,100.25,92.64
2025-01-01,raw,Automation,41-50,91.89,94.9,97.6,96.68,96.55,93.11
2025-01-01,raw,Automation,51-60,94.38,99.09,100.88,99.97,100.54,98.36
2025-01-01,raw,Automation,All ages,89.9,95.97,98.34,97.13,98.09,93.68
2025-01-01,sa,Augmentation,21-30,98.64,99.17,100.63,99.38,97.75,100.44
2025-01-01,sa,Augmentation,31-40,98.81,102.15,100.15,102.9,104.0,105.68
2025-01-01,sa,Augmentation,41-50,102.53,103.74,100.57,98.11,100.48,103.06
2025-01-01,sa,Augmentation,51-60,102.66,104.78,104.17,103.98,103.19,106.41
2025-01-01,sa,Augmentation,All ages,100.56,102.23,101.26,101.09,101.2,103.74
2025-01-01,sa,Automation,21-30,98.64,101.61,99.62,98.01,99.01,100.08
2025-01-01,sa,Automation,31-40,98.81,102.8,104.47,104.48,104.44,99.01
2025-01-01,sa,Automation,41-50,102.53,101.29,101.62,101.8,100.15,99.19
2025-01-01,sa,Automation,51-60,102.66,104.88,104.77,104.24,104.03,103.76
2025-01-01,sa,Automation,All ages,100.56,102.58,102.64,101.79,102.19,100.32
2025-02-01,percap,Augmentation,21-30,90.63,92.35,97.71,93.61,93.64,96.75
2025-02-01,percap,Augmentation,31-40,87.87,91.95,93.65,95.56,96.42,98.89
2025-02-01,percap,Augmentation,41-50,95.51,96.95,97.34,94.27,97.16,100.05
2025-02-01,percap,Augmentation,51-60,95.3,97.68,98.71,98.54,97.97,101.29
2025-02-01,percap,Augmentation,All ages,92.06,94.33,96.67,95.52,96.08,98.98
2025-02-01,percap,Automation,21-30,90.63,96.56,96.31,93.81,95.73,94.9
2025-02-01,percap,Automation,31-40,87.87,94.62,97.93,96.6,98.1,91.41
2025-02-01,percap,Automation,41-50,95.51,97.0,98.55,97.96,97.73,94.61
2025-02-01,percap,Automation,51-60,95.3,98.51,99.65,98.92,99.3,97.71
2025-02-01,percap,Automation,All ages,92.06,96.52,98.07,96.35,98.08,94.35
2025-02-01,percap_sa,Augmentation,21-30,98.77,98.25,100.64,98.35,97.26,100.29
2025-02-01,percap_sa,Augmentation,31-40,95.14,96.91,96.0,98.16,99.01,101.74
2025-02-01,percap_sa,Augmentation,41-50,101.98,102.05,99.61,96.69,99.07,102.51
2025-02-01,percap_sa,Augmentation,51-60,100.21,101.17,100.72,100.73,99.42,103.46
2025-02-01,percap_sa,Augmentation,All ages,98.85,99.29,99.08,98.46,98.54,101.8
2025-02-01,percap_sa,Automation,21-30,98.77,101.01,99.38,97.92,98.28,99.21
2025-02-01,percap_sa,Automation,31-40,95.14,98.07,100.28,99.95,99.72,94.39
2025-02-01,percap_sa,Automation,41-50,101.98,100.34,100.72,100.76,99.13,97.43
2025-02-01,percap_sa,Automation,51-60,100.21,101.33,101.57,100.8,100.71,100.14
2025-02-01,percap_sa,Automation,All ages,98.85,100.06,100.47,99.52,99.75,97.53
2025-02-01,raw,Augmentation,21-30,90.32,92.04,97.38,93.3,93.33,96.42
2025-02-01,raw,Augmentation,31-40,91.09,95.31,97.08,99.05,99.95,102.51
2025-02-01,raw,Augmentation,41-50,95.98,97.42,97.82,94.74,97.64,100.54
2025-02-01,raw,Augmentation,51-60,98.08,100.53,101.59,101.42,100.82,104.25
2025-02-01,raw,Augmentation,All ages,93.64,95.95,98.32,97.16,97.73,100.67
2025-02-01,raw,Automation,21-30,90.32,96.24,95.99,93.49,95.41,94.58
2025-02-01,raw,Automation,31-40,91.09,98.08,101.51,100.13,101.68,94.76
2025-02-01,raw,Automation,41-50,95.98,97.48,99.03,98.44,98.21,95.07
2025-02-01,raw,Automation,51-60,98.08,101.39,102.56,101.81,102.2,100.56
2025-02-01,raw,Automation,All ages,93.64,98.18,99.75,98.0,99.76,95.97
2025-02-01,sa,Augmentation,21-30,98.44,97.92,100.3,98.02,96.93,99.95
2025-02-01,sa,Augmentation,31-40,98.62,100.46,99.52,101.75,102.63,105.46
2025-02-01,sa,Augmentation,41-50,102.48,102.55,100.1,97.17,99.55,103.01
2025-02-01,sa,Augmentation,51-60,103.14,104.12,103.66,103.67,102.32,106.48
2025-02-01,sa,Augmentation,All ages,100.54,100.99,100.77,100.14,100.23,103.54
2025-02-01,sa,Automation,21-30,98.44,100.67,99.05,97.59,97.95,98.87
2025-02-01,sa,Automation,31-40,98.62,101.66,103.95,103.61,103.37,97.84
2025-02-01,sa,Automation,41-50,102.48,100.83,101.21,101.25,99.62,97.9
2025-02-01,sa,Automation,51-60,103.14,104.29,104.54,103.74,103.65,103.07
2025-02-01,sa,Automation,All ages,100.54,101.78,102.19,101.23,101.46,99.2
2025-03-01,percap,Augmentation,21-30,90.67,92.96,98.13,93.35,94.24,96.63
2025-03-01,percap,Augmentation,31-40,88.52,92.78,93.64,96.14,96.72,99.4
2025-03-01,percap,Augmentation,41-50,96.11,97.85,97.38,94.51,97.48,100.53
2025-03-01,percap,Augmentation,51-60,95.32,98.45,98.77,98.7,98.2,101.67
2025-03-01,percap,Augmentation,All ages,92.4,95.11,96.79,95.73,96.45,99.28
2025-03-01,percap,Automation,21-30,90.67,96.74,96.36,94.21,95.45,95.41
2025-03-01,percap,Automation,31-40,88.52,95.04,98.06,97.15,98.46,91.75
2025-03-01,percap,Automation,41-50,96.11,97.47,98.84,98.2,98.15,94.9
2025-03-01,percap,Automation,51-60,95.32,98.67,99.91,99.15,99.62,98.0
2025-03-01,percap,Automation,All ages,92.4,96.83,98.25,96.72,98.35,94.72
2025-03-01,percap_sa,Augmentation,21-30,97.57,97.72,100.09,96.94,97.37,99.74
2025-03-01,percap_sa,Augmentation,31-40,94.42,96.75,95.1,97.93,98.66,101.46
2025-03-01,percap_sa,Augmentation,41-50,101.04,101.67,99.08,96.05,99.06,102.44
2025-03-01,percap_sa,Augmentation,51-60,99.47,100.85,100.19,100.06,99.2,103.11
2025-03-01,percap_sa,Augmentation,All ages,97.94,98.94,98.43,97.76,98.42,101.48
2025-03-01,percap_sa,Automation,21-30,97.57,100.72,98.85,97.62,98.16,98.14
2025-03-01,percap_sa,Automation,31-40,94.42,97.74,99.64,99.63,99.75,93.67
2025-03-01,percap_sa,Automation,41-50,101.04,99.97,100.56,100.35,99.14,96.88
2025-03-01,percap_sa,Automation,51-60,99.47,100.67,101.1,100.45,100.43,99.73
2025-03-01,percap_sa,Automation,All ages,97.94,99.66,100.01,99.17,99.67,96.82
2025-03-01,raw,Augmentation,21-30,90.36,92.65,97.8,93.03,93.92,96.3
2025-03-01,raw,Augmentation,31-40,91.76,96.17,97.06,99.66,100.26,103.03
2025-03-01,raw,Augmentation,41-50,96.59,98.33,97.86,94.97,97.96,101.03
2025-03-01,raw,Augmentation,51-60,98.11,101.32,101.65,101.58,101.06,104.64
2025-03-01,raw,Augmentation,All ages,93.98,96.73,98.45,97.37,98.11,100.98
2025-03-01,raw,Automation,21-30,90.36,96.41,96.03,93.89,95.13,95.09
2025-03-01,raw,Automation,31-40,91.76,98.52,101.65,100.7,102.07,95.11
2025-03-01,raw,Automation,41-50,96.59,97.95,99.33,98.68,98.63,95.36
2025-03-01,raw,Automation,51-60,98.11,101.55,102.82,102.04,102.52,100.86
2025-03-01,raw,Automation,All ages,93.98,98.49,99.93,98.38,100.03,96.34
2025-03-01,sa,Augmentation,21-30,97.23,97.38,99.75,96.61,97.04,99.39
2025-03-01,sa,Augmentation,31-40,98.03,100.45,98.73,101.67,102.43,105.34
2025-03-01,sa,Augmentation,41-50,101.54,102.17,99.57,96.52,99.55,102.95
2025-03-01,sa,Augmentation,51-60,102.51,103.93,103.25,103.11,102.23,106.25
2025-03-01,sa,Augmentation,All ages,99.69,100.71,100.19,99.51,100.18,103.29
2025-03-01,sa,Automation,21-30,97.23,100.38,98.51,97.28,97.82,97.8
2025-03-01,sa,Automation,31-40,98.03,101.48,103.45,103.44,103.57,97.25
2025-03-01,sa,Automation,41-50,101.54,100.46,101.06,100.85,99.63,97.36
2025-03-01,sa,Automation,51-60,102.51,103.74,104.19,103.51,103.5,102.77
2025-03-01,sa,Automation,All ages,99.69,101.44,101.8,100.95,101.46,98.55
2025-04-01,percap,Augmentation,21-30,92.04,94.92,99.42,94.25,95.95,97.62
2025-04-01,percap,Augmentation,31-40,89.56,93.57,94.19,96.4,97.2,99.91
2025-04-01,percap,Augmentation,41-50,97.77,98.94,97.84,95.05,97.67,101.16
2025-04-01,percap,Augmentation,51-60,96.93,98.88,99.37,99.34,98.49,102.58
2025-04-01,percap,Augmentation,All ages,93.8,96.21,97.52,96.3,97.16,100.02
2025-04-01,percap,Automation,21-30,92.04,98.02,97.46,96.05,95.69,96.72
2025-04-01,percap,Automation,31-40,89.56,95.55,98.66,97.93,98.75,91.94
2025-04-01,percap,Automation,41-50,97.77,98.03,99.53,98.71,98.53,95.32
2025-04-01,percap,Automation,51-60,96.93,99.22,100.39,99.68,100.1,98.69
2025-04-01,percap,Automation,All ages,93.8,97.56,98.97,97.71,98.72,95.35
2025-04-01,percap_sa,Augmentation,21-30,98.13,98.14,100.5,97.03,97.63,100.15
2025-04-01,percap_sa,Augmentation,31-40,95.34,97.3,95.5,98.39,99.11,101.67
2025-04-01,percap_sa,Augmentation,41-50,102.13,102.1,99.16,96.57,99.13,102.55
2025-04-01,percap_sa,Augmentation,51-60,100.87,101.35,100.71,100.7,99.6,103.75
2025-04-01,percap_sa,Augmentation,All ages,98.92,99.41,98.78,98.2,98.71,101.8
2025-04-01,percap_sa,Automation,21-30,98.13,101.13,99.31,97.89,98.8,98.24
2025-04-01,percap_sa,Automation,31-40,95.34,98.33,99.93,100.19,100.3,93.77
2025-04-01,percap_sa,Automation,41-50,102.13,100.28,100.73,100.53,99.5,97.02
2025-04-01,percap_sa,Automation,51-60,100.87,101.25,101.42,101.05,101.01,100.26
2025-04-01,percap_sa,Automation,All ages,98.92,100.12,100.32,99.56,100.19,97.02
2025-04-01,raw,Augmentation,21-30,91.67,94.55,99.03,93.87,95.57,97.23
2025-04-01,raw,Augmentation,31-40,92.99,97.15,97.79,100.09,100.92,103.73
2025-04-01,raw,Augmentation,41-50,98.27,99.45,98.34,95.54,98.17,101.68
2025-04-01,raw,Augmentation,51-60,99.88,101.89,102.39,102.36,101.48,105.7
2025-04-01,raw,Augmentation,All ages,95.47,97.92,99.25,98.01,98.88,101.8
2025-04-01,raw,Automation,21-30,91.67,97.63,97.08,95.67,95.31,96.33
2025-04-01,raw,Automation,31-40,92.99,99.2,102.44,101.68,102.53,95.46
2025-04-01,raw,Automation,41-50,98.27,98.53,100.04,99.22,99.04,95.8
2025-04-01,raw,Automation,51-60,99.88,102.24,103.44,102.72,103.14,101.7
2025-04-01,raw,Automation,All ages,95.47,99.29,100.73,99.45,100.47,97.05
2025-04-01,sa,Augmentation,21-30,97.74,97.75,100.1,96.65,97.25,99.76
2025-04-01,sa,Augmentation,31-40,98.84,100.87,99.01,102.01,102.74,105.4
2025-04-01,sa,Augmentation,41-50,102.63,102.59,99.64,97.04,99.61,103.05
2025-04-01,sa,Augmentation,51-60,103.82,104.33,103.67,103.65,102.52,106.8
2025-04-01,sa,Augmentation,All ages,100.6,101.1,100.47,99.87,100.39,103.54
2025-04-01,sa,Automation,21-30,97.74,100.73,98.92,97.51,98.41,97.85
2025-04-01,sa,Automation,31-40,98.84,101.94,103.6,103.87,103.98,97.21
2025-04-01,sa,Automation,41-50,102.63,100.77,101.22,101.01,99.98,97.5
2025-04-01,sa,Automation,51-60,103.82,104.21,104.4,104.01,103.97,103.2
2025-04-01,sa,Automation,All ages,100.6,101.83,102.03,101.25,101.9,98.68
2025-05-01,percap,Augmentation,21-30,94.39,96.0,99.51,94.48,96.75,97.99
2025-05-01,percap,Augmentation,31-40,92.25,93.84,94.41,96.69,97.06,100.24
2025-05-01,percap,Augmentation,41-50,99.18,99.47,98.13,95.18,97.54,101.49
2025-05-01,percap,Augmentation,51-60,98.78,99.51,99.6,99.41,98.57,102.87
2025-05-01,percap,Augmentation,All ages,95.9,96.84,97.72,96.48,97.33,100.36
2025-05-01,percap,Automation,21-30,94.39,98.75,97.13,97.29,96.3,96.41
2025-05-01,percap,Automation,31-40,92.25,96.01,98.84,98.26,98.57,91.96
2025-05-01,percap,Automation,41-50,99.18,98.5,99.87,98.92,98.54,95.3
2025-05-01,percap,Automation,51-60,98.78,99.89,100.42,100.16,99.89,98.72
2025-05-01,percap,Automation,All ages,95.9,98.13,99.03,98.32,98.71,95.28
2025-05-01,percap_sa,Augmentation,21-30,99.1,98.07,100.75,97.27,97.92,100.13
2025-05-01,percap_sa,Augmentation,31-40,96.26,96.56,95.8,98.39,98.98,101.47
2025-05-01,percap_sa,Augmentation,41-50,102.12,101.61,99.72,96.69,99.15,102.42
2025-05-01,percap_sa,Augmentation,51-60,101.65,101.07,100.99,100.7,99.78,103.44
2025-05-01,percap_sa,Augmentation,All ages,99.58,99.0,99.12,98.28,98.79,101.65
2025-05-01,percap_sa,Automation,21-30,99.1,100.88,99.3,98.37,100.15,97.86
2025-05-01,percap_sa,Automation,31-40,96.26,98.15,100.05,100.09,100.33,93.56
2025-05-01,percap_sa,Automation,41-50,102.12,100.14,101.06,100.56,99.83,97.01
2025-05-01,percap_sa,Automation,51-60,101.65,101.28,101.45,101.37,100.88,100.11
2025-05-01,percap_sa,Automation,All ages,99.58,99.99,100.44,99.74,100.48,96.83
2025-05-01,raw,Augmentation,21-30,94.02,95.62,99.12,94.11,96.37,97.61
2025-05-01,raw,Augmentation,31-40,95.78,97.43,98.02,100.39,100.78,104.08
2025-05-01,raw,Augmentation,41-50,99.69,99.98,98.63,95.66,98.04,102.01
2025-05-01,raw,Augmentation,51-60,101.78,102.54,102.63,102.43,101.57,106.0
2025-05-01,raw,Augmentation,All ages,97.6,98.56,99.46,98.2,99.06,102.15
2025-05-01,raw,Automation,21-30,94.02,98.36,96.74,96.9,95.92,96.03
2025-05-01,raw,Automation,31-40,95.78,99.68,102.62,102.02,102.34,95.48
2025-05-01,raw,Automation,41-50,99.69,99.0,100.38,99.42,99.04,95.78
2025-05-01,raw,Automation,51-60,101.78,102.93,103.47,103.21,102.93,101.73
2025-05-01,raw,Automation,All ages,97.6,99.88,100.79,100.06,100.47,96.97
2025-05-01,sa,Augmentation,21-30,98.71,97.68,100.35,96.88,97.53,99.74
2025-05-01,sa,Augmentation,31-40,99.95,100.26,99.47,102.16,102.77,105.36
2025-05-01,sa,Augmentation,41-50,102.62,102.12,100.21,97.17,99.64,102.93
2025-05-01,sa,Augmentation,51-60,104.76,104.17,104.08,103.78,102.83,106.61
2025-05-01,sa,Augmentation,All ages,101.35,100.76,100.89,100.03,100.55,103.46
2025-05-01,sa,Automation,21-30,98.71,100.48,98.91,97.98,99.75,97.47
2025-05-01,sa,Automation,31-40,99.95,101.92,103.88,103.93,104.18,97.15
2025-05-01,sa,Automation,41-50,102.62,100.64,101.56,101.06,100.32,97.49
2025-05-01,sa,Automation,51-60,104.76,104.38,104.56,104.47,103.96,103.18
2025-05-01,sa,Automation,All ages,101.35,101.77,102.23,101.52,102.27,98.55
2025-06-01,percap,Augmentation,21-30,94.68,98.05,98.41,94.07,99.43,97.26
2025-06-01,percap,Augmentation,31-40,92.4,93.76,91.87,93.94,95.81,98.14
2025-06-01,percap,Augmentation,41-50,98.59,98.84,95.46,92.01,95.1,98.92
2025-06-01,percap,Augmentation,51-60,98.26,98.1,96.96,95.92,95.48,100.51
2025-06-01,percap,Augmentation,All ages,95.75,96.94,95.49,93.96,96.46,98.47
2025-06-01,percap,Automation,21-30,94.68,98.52,95.15,99.42,96.19,96.87
2025-06-01,percap,Automation,31-40,92.4,94.49,95.99,96.89,96.33,90.06
2025-06-01,percap,Automation,41-50,98.59,96.51,96.91,96.84,95.05,93.11
2025-06-01,percap,Automation,51-60,98.26,97.79,97.86,97.61,95.79,96.15
2025-06-01,percap,Automation,All ages,95.75,96.71,96.43,97.63,95.96,93.79
2025-06-01,percap_sa,Augmentation,21-30,98.46,98.57,101.37,97.47,98.64,100.25
2025-06-01,percap_sa,Augmentation,31-40,95.87,97.67,96.3,99.63,101.15,102.68
2025-06-01,percap_sa,Augmentation,41-50,101.62,103.2,100.89,98.14,101.59,103.75
2025-06-01,percap_sa,Augmentation,51-60,102.17,102.15,102.84,102.51,102.16,104.78
2025-06-01,percap_sa,Augmentation,All ages,99.28,100.02,100.11,99.46,100.6,102.59
2025-06-01,percap_sa,Automation,21-30,98.46,100.73,99.88,98.4,103.15,98.38
2025-06-01,percap_sa,Automation,31-40,95.87,98.82,101.47,101.09,103.67,94.21
2025-06-01,percap_sa,Automation,41-50,101.62,100.87,102.69,102.24,102.66,98.35
2025-06-01,percap_sa,Automation,51-60,102.17,102.17,102.82,103.25,103.66,102.11
2025-06-01,percap_sa,Automation,All ages,99.28,100.5,101.68,100.7,103.47,97.86
2025-06-01,raw,Augmentation,21-30,94.3,97.66,98.02,93.7,99.03,96.87
2025-06-01,raw,Augmentation,31-40,95.93,97.34,95.39,97.53,99.47,101.89
2025-06-01,raw,Augmentation,41-50,99.09,99.35,95.95,92.48,95.59,99.43
2025-06-01,raw,Augmentation,51-60,101.25,101.09,99.91,98.84,98.39,103.57
2025-06-01,raw,Augmentation,All ages,97.46,98.66,97.19,95.63,98.18,100.22
2025-06-01,raw,Automation,21-30,94.3,98.13,94.78,99.03,95.81,96.49
2025-06-01,raw,Automation,31-40,95.93,98.11,99.66,100.6,100.02,93.5
2025-06-01,raw,Automation,41-50,99.09,97.01,97.4,97.33,95.53,93.59
2025-06-01,raw,Automation,51-60,101.25,100.76,100.84,100.59,98.7,99.08
2025-06-01,raw,Automation,All ages,97.46,98.43,98.14,99.37,97.67,95.45
2025-06-01,sa,Augmentation,21-30,98.06,98.17,100.96,97.08,98.24,99.85
2025-06-01,sa,Augmentation,31-40,99.7,101.58,100.15,103.61,105.19,106.79
2025-06-01,sa,Augmentation,41-50,102.13,103.72,101.39,98.64,102.1,104.27
2025-06-01,sa,Augmentation,51-60,105.42,105.4,106.12,105.77,105.41,108.12
2025-06-01,sa,Augmentation,All ages,101.12,101.87,101.96,101.3,102.47,104.49
2025-06-01,sa,Automation,21-30,98.06,100.33,99.48,98.0,102.74,97.98
2025-06-01,sa,Automation,31-40,99.7,102.77,105.53,105.13,107.81,97.98
2025-06-01,sa,Automation,41-50,102.13,101.38,103.2,102.76,103.18,98.85
2025-06-01,sa,Automation,51-60,105.42,105.43,106.09,106.54,106.96,105.36
2025-06-01,sa,Automation,All ages,101.12,102.36,103.57,102.57,105.39,99.67
2025-07-01,percap,Augmentation,21-30,99.83,103.1,101.44,96.46,104.42,102.61
2025-07-01,percap,Augmentation,31-40,92.95,93.8,92.57,94.86,96.92,100.0
2025-07-01,percap,Augmentation,41-50,99.11,99.01,96.16,93.01,96.56,100.71
2025-07-01,percap,Augmentation,51-60,97.41,98.57,97.69,97.06,96.74,101.95
2025-07-01,percap,Augmentation,All ages,97.18,98.46,96.77,95.28,98.75,101.18
2025-07-01,percap,Automation,21-30,99.83,103.34,99.7,104.13,99.95,99.7
2025-07-01,percap,Automation,31-40,92.95,95.28,97.63,97.81,97.78,90.51
2025-07-01,percap,Automation,41-50,99.11,97.05,98.87,98.08,96.68,93.36
2025-07-01,percap,Automation,51-60,97.41,99.02,99.26,98.69,97.32,96.39
2025-07-01,percap,Automation,All ages,97.18,98.56,98.8,99.8,97.88,94.76
2025-07-01,percap_sa,Augmentation,21-30,99.06,98.52,101.62,98.17,98.33,99.62
2025-07-01,percap_sa,Augmentation,31-40,98.08,97.52,96.24,100.07,100.53,102.68
2025-07-01,percap_sa,Augmentation,41-50,104.11,103.38,100.08,98.11,100.72,103.44
2025-07-01,percap_sa,Augmentation,51-60,102.98,102.45,101.77,102.55,101.11,104.52
2025-07-01,percap_sa,Augmentation,All ages,100.75,100.02,99.72,99.75,99.88,102.24
2025-07-01,percap_sa,Automation,21-30,99.06,100.89,98.77,98.0,103.68,99.26
2025-07-01,percap_sa,Automation,31-40,98.08,99.13,100.92,100.57,103.75,94.61
2025-07-01,percap_sa,Automation,41-50,104.11,100.6,101.93,101.82,102.0,98.03
2025-07-01,percap_sa,Automation,51-60,102.98,102.32,102.08,102.64,102.9,101.42
2025-07-01,percap_sa,Automation,All ages,100.75,100.57,100.87,100.17,103.19,98.0
2025-07-01,raw,Augmentation,21-30,99.37,102.63,100.97,96.02,103.94,102.15
2025-07-01,raw,Augmentation,31-40,96.67,97.55,96.27,98.65,100.79,104.0
2025-07-01,raw,Augmentation,41-50,99.64,99.54,96.67,93.5,97.07,101.24
2025-07-01,raw,Augmentation,51-60,100.5,101.7,100.79,100.14,99.81,105.19
2025-07-01,raw,Augmentation,All ages,98.98,100.28,98.56,97.03,100.57,103.04
2025-07-01,raw,Automation,21-30,99.37,102.87,99.24,103.65,99.5,99.25
2025-07-01,raw,Automation,31-40,96.67,99.09,101.53,101.72,101.69,94.13
2025-07-01,raw,Automation,41-50,99.64,97.57,99.4,98.6,97.19,93.86
2025-07-01,raw,Automation,51-60,100.5,102.16,102.41,101.82,100.41,99.45
2025-07-01,raw,Automation,All ages,98.98,100.38,100.62,101.64,99.69,96.51
2025-07-01,sa,Augmentation,21-30,98.61,98.08,101.17,97.73,97.89,99.17
2025-07-01,sa,Augmentation,31-40,101.84,101.26,99.93,103.91,104.39,106.62
2025-07-01,sa,Augmentation,41-50,104.65,103.92,100.6,98.62,101.25,103.98
2025-07-01,sa,Augmentation,51-60,106.11,105.57,104.87,105.67,104.19,107.7
2025-07-01,sa,Augmentation,All ages,102.54,101.79,101.49,101.52,101.65,104.05
2025-07-01,sa,Automation,21-30,98.61,100.44,98.32,97.56,103.21,98.81
2025-07-01,sa,Automation,31-40,101.84,102.93,104.79,104.43,107.73,98.24
2025-07-01,sa,Automation,41-50,104.65,101.12,102.46,102.35,102.54,98.54
2025-07-01,sa,Automation,51-60,106.11,105.43,105.19,105.77,106.04,104.51
2025-07-01,sa,Automation,All ages,102.54,102.35,102.66,101.95,105.01,99.74
2025-08-01,percap,Augmentation,21-30,100.18,102.15,96.31,95.68,101.51,100.6
2025-08-01,percap,Augmentation,31-40,91.85,94.09,92.09,96.03,97.61,99.79
2025-08-01,percap,Augmentation,41-50,99.14,99.16,95.92,94.2,97.56,100.03
2025-08-01,percap,Augmentation,51-60,98.44,98.59,98.13,98.72,98.41,101.78
2025-08-01,percap,Augmentation,All ages,97.22,98.32,95.4,96.14,98.74,100.37
2025-08-01,percap,Automation,21-30,100.18,102.94,98.31,101.0,100.64,94.14
2025-08-01,percap,Automation,31-40,91.85,95.67,98.34,97.66,99.89,89.84
2025-08-01,percap,Automation,41-50,99.14,97.4,99.27,98.11,98.92,92.69
2025-08-01,percap,Automation,51-60,98.44,99.4,99.99,99.38,99.81,96.7
2025-08-01,percap,Automation,All ages,97.22,98.74,98.93,98.95,99.9,93.02
2025-08-01,percap_sa,Augmentation,21-30,97.85,97.93,98.55,96.49,96.67,98.27
2025-08-01,percap_sa,Augmentation,31-40,95.56,96.73,95.19,98.81,99.21,101.63
2025-08-01,percap_sa,Augmentation,41-50,102.64,102.58,98.92,97.11,99.28,101.97
2025-08-01,percap_sa,Augmentation,51-60,101.15,100.56,100.56,101.12,99.69,103.35
2025-08-01,percap_sa,Augmentation,All ages,99.01,99.08,98.11,98.44,98.45,101.0
2025-08-01,percap_sa,Automation,21-30,97.85,100.41,97.57,96.46,101.71,95.77
2025-08-01,percap_sa,Automation,31-40,95.56,98.27,100.28,99.28,102.35,93.25
2025-08-01,percap_sa,Automation,41-50,102.64,99.86,101.05,100.31,101.02,96.39
2025-08-01,percap_sa,Automation,51-60,101.15,101.06,101.58,101.0,101.38,99.69
2025-08-01,percap_sa,Automation,All ages,99.01,99.76,100.08,98.72,101.78,95.95
2025-08-01,raw,Augmentation,21-30,99.73,101.69,95.87,95.24,101.05,100.15
2025-08-01,raw,Augmentation,31-40,95.53,97.85,95.78,99.87,101.51,103.78
2025-08-01,raw,Augmentation,41-50,99.67,99.68,96.42,94.7,98.08,100.56
2025-08-01,raw,Augmentation,51-60,101.56,101.71,101.24,101.85,101.53,105.01
2025-08-01,raw,Augmentation,All ages,99.01,100.13,97.16,97.92,100.56,102.23
2025-08-01,raw,Automation,21-30,99.73,102.47,97.86,100.54,100.18,93.71
2025-08-01,raw,Automation,31-40,95.53,99.5,102.27,101.57,103.89,93.44
2025-08-01,raw,Automation,41-50,99.67,97.92,99.79,98.63,99.45,93.19
2025-08-01,raw,Automation,51-60,101.56,102.56,103.16,102.53,102.98,99.76
2025-08-01,raw,Automation,All ages,99.01,100.56,100.76,100.77,101.74,94.73
2025-08-01,sa,Augmentation,21-30,97.41,97.48,98.1,96.05,96.23,97.82
2025-08-01,sa,Augmentation,31-40,99.39,100.6,99.0,102.77,103.18,105.7
2025-08-01,sa,Augmentation,41-50,103.17,103.11,99.43,97.61,99.79,102.5
2025-08-01,sa,Augmentation,51-60,104.37,103.77,103.76,104.34,102.87,106.64
2025-08-01,sa,Augmentation,All ages,100.84,100.9,99.92,100.26,100.26,102.86
2025-08-01,sa,Automation,21-30,97.41,99.96,97.13,96.02,101.25,95.33
2025-08-01,sa,Automation,31-40,99.39,102.2,104.29,103.25,106.44,96.99
2025-08-01,sa,Automation,41-50,103.17,100.37,101.57,100.82,101.54,96.88
2025-08-01,sa,Automation,51-60,104.37,104.28,104.82,104.21,104.61,102.86
2025-08-01,sa,Automation,All ages,100.84,101.6,101.93,100.55,103.66,97.72
2025-09-01,percap,Augmentation,21-30,98.87,99.29,98.61,96.58,98.79,99.82
2025-09-01,percap,Augmentation,31-40,93.38,95.18,93.72,97.43,98.7,101.16
2025-09-01,percap,Augmentation,41-50,100.33,100.63,98.05,95.64,98.82,101.96
2025-09-01,percap,Augmentation,51-60,99.17,99.99,99.66,99.9,99.18,103.24
2025-09-01,percap,Augmentation,All ages,97.74,98.48,97.3,97.39,98.75,101.31
2025-09-01,percap,Automation,21-30,98.87,100.87,98.01,98.71,101.77,96.32
2025-09-01,percap,Automation,31-40,93.38,96.16,99.25,99.04,101.34,91.92
2025-09-01,percap,Automation,41-50,100.33,98.56,100.41,99.86,100.03,95.32
2025-09-01,percap,Automation,51-60,99.17,100.02,101.07,100.65,100.87,98.51
2025-09-01,percap,Automation,All ages,97.74,98.76,99.64,99.26,101.1,95.2
2025-09-01,percap_sa,Augmentation,21-30,96.86,97.25,98.91,95.88,97.24,97.97
2025-09-01,percap_sa,Augmentation,31-40,93.71,95.15,94.1,97.83,98.57,101.11
2025-09-01,percap_sa,Augmentation,41-50,100.83,101.27,98.79,96.34,99.05,102.16
2025-09-01,percap_sa,Augmentation,51-60,99.0,99.74,100.27,100.22,99.16,103.12
2025-09-01,percap_sa,Augmentation,All ages,97.36,98.0,97.79,97.62,98.32,100.79
2025-09-01,percap_sa,Automation,21-30,96.86,99.75,97.1,96.95,101.06,96.04
2025-09-01,percap_sa,Automation,31-40,93.71,96.86,99.29,98.68,101.83,92.15
2025-09-01,percap_sa,Automation,41-50,100.83,99.26,100.75,100.03,100.63,96.09
2025-09-01,percap_sa,Automation,51-60,99.0,100.22,101.1,100.54,101.04,99.11
2025-09-01,percap_sa,Automation,All ages,97.36,98.88,99.52,98.62,101.33,95.5
2025-09-01,raw,Augmentation,21-30,98.42,98.83,98.16,96.14,98.34,99.36
2025-09-01,raw,Augmentation,31-40,97.11,98.98,97.47,101.33,102.65,105.21
2025-09-01,raw,Augmentation,41-50,100.86,101.16,98.57,96.14,99.35,102.51
2025-09-01,raw,Augmentation,51-60,102.31,103.16,102.82,103.06,102.33,106.51
2025-09-01,raw,Augmentation,All ages,99.54,100.3,99.09,99.19,100.58,103.18
2025-09-01,raw,Automation,21-30,98.42,100.41,97.57,98.26,101.31,95.88
2025-09-01,raw,Automation,31-40,97.11,100.01,103.22,103.0,105.39,95.59
2025-09-01,raw,Automation,41-50,100.86,99.08,100.94,100.39,100.56,95.82
2025-09-01,raw,Automation,51-60,102.31,103.19,104.27,103.85,104.07,101.64
2025-09-01,raw,Automation,All ages,99.54,100.59,101.48,101.09,102.96,96.96
2025-09-01,sa,Augmentation,21-30,96.42,96.8,98.45,95.45,96.8,97.52
2025-09-01,sa,Augmentation,31-40,97.62,99.12,98.02,101.91,102.68,105.32
2025-09-01,sa,Augmentation,41-50,101.34,101.78,99.29,96.83,99.55,102.68
2025-09-01,sa,Augmentation,51-60,102.29,103.05,103.6,103.55,102.46,106.55
2025-09-01,sa,Augmentation,All ages,99.23,99.88,99.67,99.49,100.21,102.72
2025-09-01,sa,Automation,21-30,96.42,99.29,96.65,96.51,100.6,95.6
2025-09-01,sa,Automation,31-40,97.62,100.9,103.43,102.79,106.08,96.0
2025-09-01,sa,Automation,41-50,101.34,99.77,101.26,100.54,101.14,96.58
2025-09-01,sa,Automation,51-60,102.29,103.55,104.46,103.88,104.4,102.4
2025-09-01,sa,Automation,All ages,99.23,100.78,101.43,100.51,103.28,97.34
2025-10-01,percap,Augmentation,21-30,98.69,98.08,98.98,95.49,97.24,99.15
2025-10-01,percap,Augmentation,31-40,93.53,95.52,94.4,97.17,98.86,101.39
2025-10-01,percap,Augmentation,41-50,100.68,101.42,99.11,95.85,99.08,102.58
2025-10-01,percap,Augmentation,51-60,99.68,100.58,100.31,100.22,99.18,103.61
2025-10-01,percap,Augmentation,All ages,97.93,98.55,97.98,97.21,98.42,101.41
2025-10-01,percap,Automation,21-30,98.69,100.85,98.04,97.0,102.06,95.44
2025-10-01,percap,Automation,31-40,93.53,96.79,99.79,99.03,101.86,91.83
2025-10-01,percap,Automation,41-50,100.68,99.39,101.15,100.03,100.64,96.04
2025-10-01,percap,Automation,51-60,99.68,100.47,101.41,100.77,101.09,99.2
2025-10-01,percap,Automation,All ages,97.93,99.23,100.07,98.79,101.53,95.26
2025-10-01,percap_sa,Augmentation,21-30,97.52,97.99,100.39,95.59,97.94,98.67
2025-10-01,percap_sa,Augmentation,31-40,93.15,95.64,95.14,97.47,99.32,101.46
2025-10-01,percap_sa,Augmentation,41-50,99.91,101.4,99.73,95.97,99.3,102.34
2025-10-01,percap_sa,Augmentation,51-60,99.23,100.53,101.02,100.49,99.49,103.6
2025-10-01,percap_sa,Augmentation,All ages,97.23,98.55,98.86,97.41,98.86,101.24
2025-10-01,percap_sa,Automation,21-30,97.52,100.69,97.92,97.43,102.78,96.56
2025-10-01,percap_sa,Automation,31-40,93.15,97.15,99.99,99.31,102.39,92.4
2025-10-01,percap_sa,Automation,41-50,99.91,99.49,101.18,100.11,100.85,96.53
2025-10-01,percap_sa,Automation,51-60,99.23,100.69,101.67,100.97,101.35,99.81
2025-10-01,percap_sa,Automation,All ages,97.23,99.36,100.16,99.06,101.92,95.97
2025-10-01,raw,Augmentation,21-30,98.18,97.57,98.47,95.0,96.74,98.65
2025-10-01,raw,Augmentation,31-40,97.43,99.51,98.34,101.22,102.98,105.62
2025-10-01,raw,Augmentation,41-50,101.24,101.98,99.65,96.38,99.63,103.15
2025-10-01,raw,Augmentation,51-60,102.97,103.9,103.62,103.52,102.46,107.02
2025-10-01,raw,Augmentation,All ages,99.8,100.44,99.86,99.07,100.31,103.35
2025-10-01,raw,Automation,21-30,98.18,100.34,97.53,96.5,101.53,94.95
2025-10-01,raw,Automation,31-40,97.43,100.82,103.95,103.16,106.11,95.66
2025-10-01,raw,Automation,41-50,101.24,99.94,101.71,100.59,101.19,96.57
2025-10-01,raw,Automation,51-60,102.97,103.79,104.76,104.1,104.43,102.47
2025-10-01,raw,Automation,All ages,99.8,101.13,101.98,100.68,103.47,97.09
2025-10-01,sa,Augmentation,21-30,97.02,97.49,99.88,95.11,97.44,98.17
2025-10-01,sa,Augmentation,31-40,96.88,99.47,98.95,101.37,103.29,105.53
2025-10-01,sa,Augmentation,41-50,100.46,101.96,100.28,96.5,99.84,102.91
2025-10-01,sa,Augmentation,51-60,102.37,103.71,104.22,103.67,102.64,106.88
2025-10-01,sa,Augmentation,All ages,99.02,100.36,100.67,99.2,100.68,103.1
2025-10-01,sa,Automation,21-30,97.02,100.18,97.42,96.93,102.25,96.06
2025-10-01,sa,Automation,31-40,96.88,101.04,104.0,103.28,106.49,96.1
2025-10-01,sa,Automation,41-50,100.46,100.04,101.74,100.66,101.4,97.06
2025-10-01,sa,Automation,51-60,102.37,103.88,104.89,104.16,104.56,102.97
2025-10-01,sa,Automation,All ages,99.02,101.19,102.0,100.88,103.8,97.73
2025-11-01,percap,Augmentation,21-30,97.61,97.94,99.49,95.16,97.62,98.21
2025-11-01,percap,Augmentation,31-40,93.24,95.57,94.2,97.14,98.59,101.16
2025-11-01,percap,Augmentation,41-50,100.35,101.01,98.85,95.88,98.92,102.14
2025-11-01,percap,Augmentation,51-60,99.9,99.97,100.02,100.04,98.98,103.25
2025-11-01,percap,Augmentation,All ages,97.54,98.31,97.92,97.1,98.37,100.91
2025-11-01,percap,Automation,21-30,97.61,100.0,97.47,97.23,101.59,96.07
2025-11-01,percap,Automation,31-40,93.24,96.8,99.59,98.76,101.89,91.6
2025-11-01,percap,Automation,41-50,100.35,99.17,100.52,99.97,100.52,95.86
2025-11-01,percap,Automation,51-60,99.9,100.07,100.74,100.58,100.99,99.0
2025-11-01,percap,Automation,All ages,97.54,98.87,99.57,98.74,101.4,95.28
2025-11-01,percap_sa,Augmentation,21-30,97.61,97.94,99.49,95.16,97.62,98.21
2025-11-01,percap_sa,Augmentation,31-40,93.24,95.57,94.2,97.14,98.59,101.16
2025-11-01,percap_sa,Augmentation,41-50,100.35,101.01,98.85,95.88,98.92,102.14
2025-11-01,percap_sa,Augmentation,51-60,99.9,99.97,100.02,100.04,98.98,103.25
2025-11-01,percap_sa,Augmentation,All ages,97.54,98.31,97.92,97.1,98.37,100.91
2025-11-01,percap_sa,Automation,21-30,97.61,100.0,97.47,97.23,101.59,96.07
2025-11-01,percap_sa,Automation,31-40,93.24,96.8,99.59,98.76,101.89,91.6
2025-11-01,percap_sa,Automation,41-50,100.35,99.17,100.52,99.97,100.52,95.86
2025-11-01,percap_sa,Automation,51-60,99.9,100.07,100.74,100.58,100.99,99.0
2025-11-01,percap_sa,Automation,All ages,97.54,98.87,99.57,98.74,101.4,95.28
2025-11-01,raw,Augmentation,21-30,97.1,97.44,98.98,94.67,97.11,97.71
2025-11-01,raw,Augmentation,31-40,97.13,99.55,98.13,101.19,102.7,105.37
2025-11-01,raw,Augmentation,41-50,100.91,101.57,99.4,96.41,99.47,102.71
2025-11-01,raw,Augmentation,51-60,103.2,103.26,103.32,103.34,102.25,106.65
2025-11-01,raw,Augmentation,All ages,99.4,100.19,99.8,98.95,100.25,102.84
2025-11-01,raw,Automation,21-30,97.1,99.48,96.97,96.73,101.07,95.58
2025-11-01,raw,Automation,31-40,97.13,100.84,103.74,102.88,106.14,95.42
2025-11-01,raw,Automation,41-50,100.91,99.72,101.07,100.52,101.07,96.39
2025-11-01,raw,Automation,51-60,103.2,103.37,104.06,103.9,104.33,102.27
2025-11-01,raw,Automation,All ages,99.4,100.76,101.48,100.62,103.34,97.1
2025-11-01,sa,Augmentation,21-30,97.1,97.44,98.98,94.67,97.11,97.71
2025-11-01,sa,Augmentation,31-40,97.13,99.55,98.13,101.19,102.7,105.37
2025-11-01,sa,Augmentation,41-50,100.91,101.57,99.4,96.41,99.47,102.71
2025-11-01,sa,Augmentation,51-60,103.2,103.26,103.32,103.34,102.25,106.65
2025-11-01,sa,Augmentation,All ages,99.4,100.19,99.8,98.95,100.25,102.84
2025-11-01,sa,Automation,21-30,97.1,99.48,96.97,96.73,101.07,95.58
2025-11-01,sa,Automation,31-40,97.13,100.84,103.74,102.88,106.14,95.42
2025-11-01,sa,Automation,41-50,100.91,99.72,101.07,100.52,101.07,96.39
2025-11-01,sa,Automation,51-60,103.2,103.37,104.06,103.9,104.33,102.27
2025-11-01,sa,Automation,All ages,99.4,100.76,101.48,100.62,103.34,97.1
2025-12-01,percap,Augmentation,21-30,96.79,102.07,99.2,95.97,99.98,98.69
2025-12-01,percap,Augmentation,31-40,92.42,97.58,94.04,97.86,99.51,101.83
2025-12-01,percap,Augmentation,41-50,100.15,102.33,98.71,96.73,99.97,102.93
2025-12-01,percap,Augmentation,51-60,99.91,101.5,100.62,101.18,100.38,104.0
2025-12-01,percap,Augmentation,All ages,97.05,100.64,97.9,97.97,99.83,101.58
2025-12-01,percap,Automation,21-30,96.79,102.75,97.39,99.28,102.07,96.65
2025-12-01,percap,Automation,31-40,92.42,98.31,99.79,99.53,102.94,91.85
2025-12-01,percap,Automation,41-50,100.15,99.83,101.14,100.57,102.22,96.04
2025-12-01,percap,Automation,51-60,99.91,101.11,101.4,101.36,103.05,99.91
2025-12-01,percap,Automation,All ages,97.05,100.39,99.91,99.86,102.82,95.73
2025-12-01,percap_sa,Augmentation,21-30,97.64,97.93,98.28,96.05,98.4,98.69
2025-12-01,percap_sa,Augmentation,31-40,93.05,95.35,93.35,97.37,98.88,101.87
2025-12-01,percap_sa,Augmentation,41-50,100.35,101.19,97.97,96.11,99.18,102.85
2025-12-01,percap_sa,Augmentation,51-60,98.74,99.52,99.63,100.39,98.96,103.72
2025-12-01,percap_sa,Augmentation,All ages,97.24,98.18,97.08,97.5,98.71,101.51
2025-12-01,percap_sa,Automation,21-30,97.64,99.23,97.45,98.05,101.83,95.92
2025-12-01,percap_sa,Automation,31-40,93.05,96.57,99.78,99.14,102.11,91.07
2025-12-01,percap_sa,Automation,41-50,100.35,98.88,101.01,100.25,100.94,95.23
2025-12-01,percap_sa,Automation,51-60,98.74,99.94,101.04,100.6,101.02,98.77
2025-12-01,percap_sa,Automation,All ages,97.24,98.5,99.81,99.14,101.64,94.88
2025-12-01,raw,Augmentation,21-30,96.29,101.55,98.69,95.48,99.46,98.18
2025-12-01,raw,Augmentation,31-40,96.28,101.65,97.96,101.94,103.67,106.08
2025-12-01,raw,Augmentation,41-50,100.7,102.9,99.25,97.27,100.53,103.5
2025-12-01,raw,Augmentation,51-60,103.21,104.84,103.94,104.52,103.7,107.43
2025-12-01,raw,Augmentation,All ages,98.91,102.56,99.78,99.84,101.74,103.52
2025-12-01,raw,Automation,21-30,96.29,102.22,96.89,98.77,101.54,96.15
2025-12-01,raw,Automation,31-40,96.28,102.41,103.95,103.68,107.23,95.69
2025-12-01,raw,Automation,41-50,100.7,100.38,101.7,101.12,102.78,96.57
2025-12-01,raw,Automation,51-60,103.21,104.45,104.74,104.7,106.45,103.2
2025-12-01,raw,Automation,All ages,98.91,102.31,101.82,101.77,104.78,97.56
2025-12-01,sa,Augmentation,21-30,97.13,97.42,97.77,95.56,97.89,98.18
2025-12-01,sa,Augmentation,31-40,97.08,99.49,97.39,101.59,103.17,106.29
2025-12-01,sa,Augmentation,41-50,100.9,101.75,98.5,96.64,99.72,103.42
2025-12-01,sa,Augmentation,51-60,102.14,102.94,103.05,103.83,102.36,107.28
2025-12-01,sa,Augmentation,All ages,99.17,100.13,99.0,99.44,100.67,103.53
2025-12-01,sa,Automation,21-30,97.13,98.71,96.95,97.55,101.3,95.43
2025-12-01,sa,Automation,31-40,97.08,100.76,104.1,103.44,106.54,95.02
2025-12-01,sa,Automation,41-50,100.9,99.42,101.56,100.8,101.49,95.75
2025-12-01,sa,Automation,51-60,102.14,103.38,104.51,104.05,104.49,102.16
2025-12-01,sa,Automation,All ages,99.17,100.46,101.79,101.11,103.66,96.77
2026-01-01,percap,Augmentation,21-30,88.34,90.76,95.88,89.82,96.98,95.36
2026-01-01,percap,Augmentation,31-40,83.91,88.26,91.16,93.58,95.75,98.55
2026-01-01,percap,Augmentation,41-50,91.1,93.83,95.66,92.04,95.98,99.33
2026-01-01,percap,Augmentation,51-60,91.32,93.31,97.23,96.66,96.0,100.83
2026-01-01,percap,Augmentation,All ages,88.41,91.2,94.76,93.12,96.08,98.23
2026-01-01,percap,Automation,21-30,88.34,94.69,93.4,95.77,96.94,92.09
2026-01-01,percap,Automation,31-40,83.91,91.85,96.7,95.2,99.18,88.13
2026-01-01,percap,Automation,41-50,91.1,94.08,97.61,96.35,97.92,91.88
2026-01-01,percap,Automation,51-60,91.32,95.44,98.12,97.27,98.18,95.68
2026-01-01,percap,Automation,All ages,88.41,93.87,96.45,95.85,98.38,91.58
2026-01-01,percap_sa,Augmentation,21-30,100.36,100.03,101.38,98.48,100.2,100.46
2026-01-01,percap_sa,Augmentation,31-40,95.03,97.3,95.82,99.45,100.82,103.25
2026-01-01,percap_sa,Augmentation,41-50,101.66,103.22,100.14,97.41,100.18,103.63
2026-01-01,percap_sa,Augmentation,51-60,99.46,100.65,101.49,101.62,99.72,104.87
2026-01-01,percap_sa,Augmentation,All ages,98.97,100.04,99.5,99.28,100.11,102.82
2026-01-01,percap_sa,Automation,21-30,100.36,102.03,98.21,99.56,102.88,100.46
2026-01-01,percap_sa,Automation,31-40,95.03,98.45,101.0,100.86,103.5,94.35
2026-01-01,percap_sa,Automation,41-50,101.66,100.42,101.64,101.47,101.58,97.88
2026-01-01,percap_sa,Automation,51-60,99.46,101.14,102.02,101.55,101.71,101.06
2026-01-01,percap_sa,Automation,All ages,98.97,100.4,100.73,100.52,102.57,98.13
2026-01-01,raw,Augmentation,21-30,87.84,90.24,95.33,89.3,96.42,94.82
2026-01-01,raw,Augmentation,31-40,87.55,92.1,95.12,97.64,99.91,102.83
2026-01-01,raw,Augmentation,41-50,91.63,94.36,96.21,92.57,96.53,99.9
2026-01-01,raw,Augmentation,51-60,94.45,96.51,100.56,99.97,99.29,104.28
2026-01-01,raw,Augmentation,All ages,90.16,93.0,96.63,94.96,97.98,100.17
2026-01-01,raw,Automation,21-30,87.84,94.15,92.87,95.22,96.39,91.56
2026-01-01,raw,Automation,31-40,87.55,95.83,100.9,99.34,103.49,91.96
2026-01-01,raw,Automation,41-50,91.63,94.62,98.17,96.9,98.48,92.41
2026-01-01,raw,Automation,51-60,94.45,98.71,101.48,100.6,101.54,98.95
2026-01-01,raw,Automation,All ages,90.16,95.72,98.36,97.75,100.33,93.39
2026-01-01,sa,Augmentation,21-30,99.79,99.47,100.8,97.92,99.63,99.89
2026-01-01,sa,Augmentation,31-40,99.0,101.36,99.82,103.61,105.03,107.57
2026-01-01,sa,Augmentation,41-50,102.23,103.8,100.71,97.96,100.74,104.21
2026-01-01,sa,Augmentation,51-60,102.73,103.97,104.84,104.97,103.01,108.32
2026-01-01,sa,Augmentation,All ages,100.85,101.94,101.4,101.17,102.02,104.78
2026-01-01,sa,Automation,21-30,99.79,101.45,97.65,98.99,102.3,99.89
2026-01-01,sa,Automation,31-40,99.0,102.57,105.22,105.08,107.82,98.29
2026-01-01,sa,Automation,41-50,102.23,100.99,102.22,102.04,102.15,98.44
2026-01-01,sa,Automation,51-60,102.73,104.47,105.39,104.89,105.06,104.39
2026-01-01,sa,Automation,All ages,100.85,102.31,102.65,102.44,104.52,100.0
2026-02-01,percap,Augmentation,21-30,90.96,94.54,97.33,92.74,95.38,95.86
2026-02-01,percap,Augmentation,31-40,86.01,91.31,91.91,95.8,96.62,99.53
2026-02-01,percap,Augmentation,41-50,94.39,97.26,96.93,94.1,97.28,100.61
2026-02-01,percap,Augmentation,51-60,94.56,96.23,98.34,98.79,97.4,102.16
2026-02-01,percap,Augmentation,All ages,91.19,94.51,95.89,95.43,96.49,99.21
2026-02-01,percap,Automation,21-30,90.96,95.92,94.6,95.17,99.36,94.41
2026-02-01,percap,Automation,31-40,86.01,93.66,97.66,96.51,100.7,89.57
2026-02-01,percap,Automation,41-50,94.39,96.28,98.73,98.01,99.41,93.8
2026-02-01,percap,Automation,51-60,94.56,97.29,99.21,98.78,99.94,97.58
2026-02-01,percap,Automation,All ages,91.19,95.63,97.54,96.69,100.11,93.46
2026-02-01,percap_sa,Augmentation,21-30,99.13,100.59,100.25,97.43,99.07,99.37
2026-02-01,percap_sa,Augmentation,31-40,93.12,96.24,94.22,98.4,99.21,102.39
2026-02-01,percap_sa,Augmentation,41-50,100.78,102.38,99.19,96.52,99.19,103.09
2026-02-01,percap_sa,Augmentation,51-60,99.44,99.66,100.34,100.99,98.84,104.34
2026-02-01,percap_sa,Augmentation,All ages,97.91,99.48,98.28,98.36,98.96,102.04
2026-02-01,percap_sa,Automation,21-30,99.13,100.33,97.62,99.34,102.01,98.69
2026-02-01,percap_sa,Automation,31-40,93.12,97.07,100.01,99.86,102.37,92.48
2026-02-01,percap_sa,Automation,41-50,100.78,99.59,100.91,100.82,100.85,96.6
2026-02-01,percap_sa,Automation,51-60,99.44,100.07,101.13,100.65,101.36,100.01
2026-02-01,percap_sa,Automation,All ages,97.91,99.14,99.92,99.88,101.81,96.6
2026-02-01,raw,Augmentation,21-30,90.44,94.0,96.77,92.21,94.83,95.31
2026-02-01,raw,Augmentation,31-40,89.74,95.28,95.9,99.96,100.81,103.85
2026-02-01,raw,Augmentation,41-50,94.93,97.82,97.48,94.64,97.84,101.19
2026-02-01,raw,Augmentation,51-60,97.8,99.52,101.71,102.17,100.73,105.66
2026-02-01,raw,Augmentation,All ages,93.0,96.38,97.79,97.32,98.4,101.18
2026-02-01,raw,Automation,21-30,90.44,95.37,94.06,94.63,98.79,93.87
2026-02-01,raw,Automation,31-40,89.74,97.72,101.9,100.7,105.07,93.46
2026-02-01,raw,Automation,41-50,94.93,96.83,99.3,98.57,99.98,94.34
2026-02-01,raw,Automation,51-60,97.8,100.62,102.61,102.16,103.37,100.92
2026-02-01,raw,Automation,All ages,93.0,97.52,99.47,98.61,102.09,95.31
2026-02-01,sa,Augmentation,21-30,98.56,100.01,99.68,96.87,98.5,98.8
2026-02-01,sa,Augmentation,31-40,97.16,100.42,98.31,102.68,103.52,106.84
2026-02-01,sa,Augmentation,41-50,101.36,102.97,99.76,97.07,99.76,103.68
2026-02-01,sa,Augmentation,51-60,102.85,103.07,103.78,104.45,102.23,107.92
2026-02-01,sa,Augmentation,All ages,99.85,101.45,100.22,100.31,100.92,104.06
2026-02-01,sa,Automation,21-30,98.56,99.76,97.06,98.78,101.42,98.13
2026-02-01,sa,Automation,31-40,97.16,101.29,104.35,104.19,106.82,96.5
2026-02-01,sa,Automation,41-50,101.36,100.16,101.48,101.39,101.42,97.15
2026-02-01,sa,Automation,51-60,102.85,103.5,104.59,104.1,104.84,103.44
2026-02-01,sa,Automation,All ages,99.85,101.1,101.9,101.85,103.83,98.52
2026-03-01,percap,Augmentation,21-30,90.49,95.14,97.63,92.99,95.09,95.98
2026-03-01,percap,Augmentation,31-40,86.08,91.63,92.3,96.27,96.88,99.83
2026-03-01,percap,Augmentation,41-50,94.43,98.17,97.52,94.74,97.56,101.06
2026-03-01,percap,Augmentation,51-60,95.14,97.26,99.01,99.31,97.41,102.94
2026-03-01,percap,Augmentation,All ages,91.23,95.19,96.37,95.91,96.55,99.59
2026-03-01,percap,Automation,21-30,90.49,96.59,94.49,94.99,99.07,94.97
2026-03-01,percap,Automation,31-40,86.08,93.84,98.05,96.84,101.04,90.04
2026-03-01,percap,Automation,41-50,94.43,96.86,99.44,98.42,99.8,94.41
2026-03-01,percap,Automation,51-60,95.14,98.04,100.05,98.98,100.31,98.2
2026-03-01,percap,Automation,All ages,91.23,96.16,97.99,96.86,100.37,94.02
2026-03-01,percap_sa,Augmentation,21-30,97.38,100.01,99.58,96.57,98.24,99.07
2026-03-01,percap_sa,Augmentation,31-40,91.82,95.56,93.74,98.06,98.82,101.9
2026-03-01,percap_sa,Augmentation,41-50,99.27,102.0,99.22,96.28,99.14,102.98
2026-03-01,percap_sa,Augmentation,51-60,99.28,99.64,100.44,100.67,98.41,104.39
2026-03-01,percap_sa,Augmentation,All ages,96.7,99.03,98.0,97.94,98.52,101.8
2026-03-01,percap_sa,Automation,21-30,97.38,100.57,96.94,98.43,101.88,97.68
2026-03-01,percap_sa,Automation,31-40,91.82,96.5,99.63,99.31,102.36,91.92
2026-03-01,percap_sa,Automation,41-50,99.27,99.33,101.17,100.57,100.81,96.39
2026-03-01,percap_sa,Automation,51-60,99.28,100.03,101.25,100.28,101.14,99.93
2026-03-01,percap_sa,Automation,All ages,96.7,98.96,99.74,99.31,101.72,96.11
2026-03-01,raw,Augmentation,21-30,89.97,94.59,97.08,92.46,94.54,95.43
2026-03-01,raw,Augmentation,31-40,89.82,95.61,96.31,100.45,101.08,104.16
2026-03-01,raw,Augmentation,41-50,94.97,98.73,98.08,95.29,98.11,101.64
2026-03-01,raw,Augmentation,51-60,98.4,100.59,102.4,102.71,100.75,106.46
2026-03-01,raw,Augmentation,All ages,93.03,97.07,98.28,97.81,98.46,101.56
2026-03-01,raw,Automation,21-30,89.97,96.04,93.95,94.45,98.5,94.43
2026-03-01,raw,Automation,31-40,89.82,97.91,102.31,101.04,105.42,93.95
2026-03-01,raw,Automation,41-50,94.97,97.41,100.01,98.98,100.38,94.95
2026-03-01,raw,Automation,51-60,98.4,101.4,103.48,102.37,103.75,101.57
2026-03-01,raw,Automation,All ages,93.03,98.06,99.93,98.77,102.36,95.88
2026-03-01,sa,Augmentation,21-30,96.82,99.43,99.01,96.01,97.68,98.5
2026-03-01,sa,Augmentation,31-40,95.96,99.87,97.97,102.48,103.28,106.49
2026-03-01,sa,Augmentation,41-50,99.84,102.58,99.79,96.84,99.7,103.57
2026-03-01,sa,Augmentation,51-60,102.82,103.19,104.01,104.26,101.91,108.1
2026-03-01,sa,Augmentation,All ages,98.69,101.06,100.01,99.95,100.54,103.89
2026-03-01,sa,Automation,21-30,96.82,100.0,96.38,97.86,101.29,97.11
2026-03-01,sa,Automation,31-40,95.96,100.85,104.12,103.78,106.97,96.07
2026-03-01,sa,Automation,41-50,99.84,99.91,101.76,101.15,101.39,96.94
2026-03-01,sa,Automation,51-60,102.82,103.59,104.85,103.85,104.73,103.49
2026-03-01,sa,Automation,All ages,98.69,101.0,101.79,101.35,103.81,98.08
2026-04-01,percap,Augmentation,21-30,90.62,96.2,99.02,92.64,96.21,96.37
2026-04-01,percap,Augmentation,31-40,85.8,91.31,92.54,95.5,96.93,99.98
2026-04-01,percap,Augmentation,41-50,95.47,98.18,97.88,94.47,97.54,100.89
2026-04-01,percap,Augmentation,51-60,95.27,96.71,98.97,99.18,97.53,102.63
2026-04-01,percap,Augmentation,All ages,91.46,95.27,96.86,95.52,96.89,99.64
2026-04-01,percap,Automation,21-30,90.62,97.18,95.03,96.1,99.01,95.92
2026-04-01,percap,Automation,31-40,85.8,93.69,98.28,97.07,100.74,89.47
2026-04-01,percap,Automation,41-50,95.47,96.78,99.35,98.43,99.9,94.45
2026-04-01,percap,Automation,51-60,95.27,98.14,99.7,99.07,100.23,97.85
2026-04-01,percap,Automation,All ages,91.46,96.27,98.09,97.27,100.29,94.03
2026-04-01,percap_sa,Augmentation,21-30,96.61,99.45,100.09,95.38,97.9,98.88
2026-04-01,percap_sa,Augmentation,31-40,91.34,94.95,93.83,97.48,98.83,101.74
2026-04-01,percap_sa,Augmentation,41-50,99.73,101.31,99.21,95.99,99.0,102.27
2026-04-01,percap_sa,Augmentation,51-60,99.15,99.13,100.31,100.53,98.64,103.81
2026-04-01,percap_sa,Augmentation,All ages,96.45,98.43,98.12,97.4,98.44,101.41
2026-04-01,percap_sa,Automation,21-30,96.61,100.26,96.83,97.94,102.23,97.43
2026-04-01,percap_sa,Automation,31-40,91.34,96.42,99.55,99.31,102.32,91.25
2026-04-01,percap_sa,Automation,41-50,99.73,98.99,100.55,100.24,100.88,96.14
2026-04-01,percap_sa,Automation,51-60,99.15,100.14,100.73,100.42,101.14,99.41
2026-04-01,percap_sa,Automation,All ages,96.45,98.8,99.42,99.11,101.79,95.68
2026-04-01,raw,Augmentation,21-30,90.05,95.59,98.4,92.06,95.61,95.76
2026-04-01,raw,Augmentation,31-40,89.67,95.43,96.72,99.81,101.31,104.49
2026-04-01,raw,Augmentation,41-50,96.03,98.76,98.46,95.03,98.12,101.49
2026-04-01,raw,Augmentation,51-60,98.66,100.14,102.48,102.7,101.0,106.28
2026-04-01,raw,Augmentation,All ages,93.33,97.21,98.84,97.47,98.87,101.68
2026-04-01,raw,Automation,21-30,90.05,96.57,94.43,95.49,98.38,95.32
2026-04-01,raw,Automation,31-40,89.67,97.92,102.72,101.45,105.29,93.51
2026-04-01,raw,Automation,41-50,96.03,97.35,99.94,99.01,100.49,95.01
2026-04-01,raw,Automation,51-60,98.66,101.62,103.24,102.58,103.79,101.32
2026-04-01,raw,Automation,All ages,93.33,98.24,100.1,99.26,102.34,95.95
2026-04-01,sa,Augmentation,21-30,96.01,98.83,99.47,94.79,97.29,98.26
2026-04-01,sa,Augmentation,31-40,95.32,99.08,97.92,101.72,103.14,106.17
2026-04-01,sa,Augmentation,41-50,100.29,101.88,99.77,96.53,99.56,102.85
2026-04-01,sa,Augmentation,51-60,102.56,102.54,103.76,103.99,102.03,107.38
2026-04-01,sa,Augmentation,All ages,98.36,100.37,100.05,99.32,100.38,103.41
2026-04-01,sa,Automation,21-30,96.01,99.64,96.23,97.33,101.59,96.82
2026-04-01,sa,Automation,31-40,95.32,100.62,103.88,103.63,106.77,95.22
2026-04-01,sa,Automation,41-50,100.29,99.55,101.12,100.81,101.45,96.68
2026-04-01,sa,Automation,51-60,102.56,103.59,104.19,103.88,104.61,102.82
2026-04-01,sa,Automation,All ages,98.36,100.75,101.38,101.06,103.79,97.56
2026-05-01,percap,Augmentation,21-30,92.23,96.08,97.84,92.04,96.23,96.36
2026-05-01,percap,Augmentation,31-40,87.93,91.88,92.17,95.36,96.57,100.4
2026-05-01,percap,Augmentation,41-50,96.96,98.95,97.51,94.46,97.67,101.65
2026-05-01,percap,Augmentation,51-60,96.9,97.6,98.78,98.92,97.25,103.26
2026-05-01,percap,Augmentation,All ages,93.19,95.76,96.33,95.28,96.77,100.07
2026-05-01,percap,Automation,21-30,92.23,97.03,94.44,96.51,98.14,94.47
2026-05-01,percap,Automation,31-40,87.93,94.11,98.61,96.96,100.44,89.01
2026-05-01,percap,Automation,41-50,96.96,97.28,99.83,98.68,99.95,94.11
2026-05-01,percap,Automation,51-60,96.9,98.57,100.06,99.04,99.95,97.62
2026-05-01,percap,Automation,All ages,93.19,96.57,98.24,97.41,100.0,93.39
2026-05-01,percap_sa,Augmentation,21-30,96.83,98.15,99.06,94.76,97.4,98.46
2026-05-01,percap_sa,Augmentation,31-40,91.75,94.55,93.52,97.04,98.48,101.63
2026-05-01,percap_sa,Augmentation,41-50,99.83,101.08,99.09,95.97,99.29,102.58
2026-05-01,percap_sa,Augmentation,51-60,99.72,99.13,100.16,100.21,98.44,103.83
2026-05-01,percap_sa,Augmentation,All ages,96.77,97.9,97.71,97.06,98.22,101.34
2026-05-01,percap_sa,Automation,21-30,96.83,99.12,96.55,97.58,102.07,95.89
2026-05-01,percap_sa,Automation,31-40,91.75,96.22,99.82,98.77,102.23,90.56
2026-05-01,percap_sa,Automation,41-50,99.83,98.91,101.01,100.33,101.25,95.81
2026-05-01,percap_sa,Automation,51-60,99.72,99.94,101.1,100.23,100.94,99.0
2026-05-01,percap_sa,Automation,All ages,96.77,98.39,99.63,98.82,101.79,94.91
2026-05-01,raw,Augmentation,21-30,91.65,95.48,97.23,91.46,95.63,95.75
2026-05-01,raw,Augmentation,31-40,91.89,96.03,96.32,99.66,100.93,104.92
2026-05-01,raw,Augmentation,41-50,97.54,99.53,98.08,95.02,98.25,102.25
2026-05-01,raw,Augmentation,51-60,100.34,101.06,102.29,102.43,100.71,106.93
2026-05-01,raw,Augmentation,All ages,95.09,97.72,98.3,97.23,98.74,102.11
2026-05-01,raw,Automation,21-30,91.65,96.42,93.84,95.9,97.52,93.87
2026-05-01,raw,Automation,31-40,91.89,98.36,103.06,101.33,104.97,93.02
2026-05-01,raw,Automation,41-50,97.54,97.86,100.42,99.27,100.54,94.67
2026-05-01,raw,Automation,51-60,100.34,102.07,103.62,102.55,103.5,101.09
2026-05-01,raw,Automation,All ages,95.09,98.54,100.25,99.41,102.04,95.3
2026-05-01,sa,Augmentation,21-30,96.22,97.54,98.44,94.16,96.78,97.84
2026-05-01,sa,Augmentation,31-40,95.9,98.82,97.74,101.42,102.92,106.22
2026-05-01,sa,Augmentation,41-50,100.41,101.66,99.66,96.52,99.86,103.17
2026-05-01,sa,Augmentation,51-60,103.28,102.67,103.74,103.78,101.96,107.54
2026-05-01,sa,Augmentation,All ages,98.75,99.91,99.71,99.05,100.23,103.42
2026-05-01,sa,Automation,21-30,96.22,98.5,95.94,96.97,101.42,95.28
2026-05-01,sa,Automation,31-40,95.9,100.56,104.33,103.23,106.85,94.65
2026-05-01,sa,Automation,41-50,100.41,99.48,101.59,100.9,101.84,96.36
2026-05-01,sa,Automation,51-60,103.28,103.5,104.71,103.81,104.54,102.53
2026-05-01,sa,Automation,All ages,98.75,100.4,101.67,100.85,103.88,96.85
2026-06-01,percap,Augmentation,21-30,92.43,97.62,97.61,91.6,99.45,96.03
2026-06-01,percap,Augmentation,31-40,87.41,91.56,90.36,93.24,95.72,98.29
2026-06-01,percap,Augmentation,41-50,96.35,98.31,95.67,91.96,95.73,99.44
2026-06-01,percap,Augmentation,51-60,96.44,96.83,96.55,95.96,94.81,101.14
2026-06-01,percap,Augmentation,All ages,92.85,95.78,94.81,93.23,96.41,98.41
2026-06-01,percap,Automation,21-30,92.43,96.93,92.63,99.63,95.83,95.64
2026-06-01,percap,Automation,31-40,87.41,92.34,96.07,96.56,97.47,87.88
2026-06-01,percap,Automation,41-50,96.35,95.56,97.35,97.41,96.88,92.44
2026-06-01,percap,Automation,51-60,96.44,96.84,97.72,97.26,96.24,95.58
2026-06-01,percap,Automation,All ages,92.85,95.24,95.93,97.62,96.9,92.54
2026-06-01,percap_sa,Augmentation,21-30,96.12,98.14,100.55,94.9,98.66,98.98
2026-06-01,percap_sa,Augmentation,31-40,90.69,95.39,94.72,98.89,101.06,102.84
2026-06-01,percap_sa,Augmentation,41-50,99.3,102.65,101.1,98.09,102.27,104.29
2026-06-01,percap_sa,Augmentation,51-60,100.28,100.83,102.41,102.55,101.43,105.45
2026-06-01,percap_sa,Augmentation,All ages,96.27,98.83,99.39,98.68,100.55,102.53
2026-06-01,percap_sa,Automation,21-30,96.12,99.1,97.23,98.61,102.77,97.13
2026-06-01,percap_sa,Automation,31-40,90.69,96.57,101.56,100.74,104.89,91.93
2026-06-01,percap_sa,Automation,41-50,99.3,99.88,103.15,102.85,104.63,97.64
2026-06-01,percap_sa,Automation,51-60,100.28,101.18,102.67,102.87,104.15,101.5
2026-06-01,percap_sa,Automation,All ages,96.27,98.98,101.16,100.69,104.49,96.56
2026-06-01,raw,Augmentation,21-30,91.85,97.01,97.0,91.02,98.82,95.42
2026-06-01,raw,Augmentation,31-40,91.35,95.69,94.44,97.44,100.04,102.72
2026-06-01,raw,Augmentation,41-50,96.91,98.9,96.23,92.5,96.3,100.03
2026-06-01,raw,Augmentation,51-60,99.87,100.27,99.98,99.37,98.17,104.74
2026-06-01,raw,Augmentation,All ages,94.75,97.74,96.75,95.14,98.38,100.43
2026-06-01,raw,Automation,21-30,91.85,96.32,92.05,99.01,95.23,95.04
2026-06-01,raw,Automation,31-40,91.35,96.51,100.41,100.91,101.86,91.84
2026-06-01,raw,Automation,41-50,96.91,96.13,97.92,97.99,97.45,92.99
2026-06-01,raw,Automation,51-60,99.87,100.27,101.19,100.71,99.66,98.98
2026-06-01,raw,Automation,All ages,94.75,97.19,97.9,99.62,98.88,94.43
2026-06-01,sa,Augmentation,21-30,95.51,97.52,99.91,94.3,98.03,98.36
2026-06-01,sa,Augmentation,31-40,94.94,99.85,99.15,103.52,105.79,107.65
2026-06-01,sa,Augmentation,41-50,99.88,103.25,101.69,98.66,102.86,104.9
2026-06-01,sa,Augmentation,51-60,103.98,104.55,106.19,106.34,105.18,109.34
2026-06-01,sa,Augmentation,All ages,98.31,100.92,101.5,100.77,102.68,104.7
2026-06-01,sa,Automation,21-30,95.51,98.47,96.62,97.98,102.12,96.51
2026-06-01,sa,Automation,31-40,94.94,101.09,106.32,105.46,109.81,96.24
2026-06-01,sa,Automation,41-50,99.88,100.47,103.75,103.45,105.25,98.21
2026-06-01,sa,Automation,51-60,103.98,104.92,106.47,106.67,108.0,105.25
2026-06-01,sa,Automation,All ages,98.31,101.08,103.31,102.83,106.71,98.6
