group,level,group_name,rank,task_id,task,onet_soc,styrk08,styrk08_name,weight_share,eloundou_label,eloundou_beta,chat_usage_pct,chat_n_classified,chat_automation_share,api_automation_share
301,3,Allmenne fag,1,9544,Notify managers concerning the need for major repairs or additions to building operating systems.,37-2011.00,9112,Renholdere i virksomheter,0.0043,E0,0.0,,,,
301,3,Allmenne fag,2,9539,Gather and empty trash.,37-2011.00,9112,Renholdere i virksomheter,0.0043,E0,0.0,,,,
301,3,Allmenne fag,3,9538,"Service, clean, or supply restrooms.",37-2011.00,9112,Renholdere i virksomheter,0.0042,E0,0.0,,,,
301,3,Allmenne fag,4,20578,Listen and provide emotional support and encouragement to psychiatric patients.,31-1133.00,5321,Helsefagarbeidere,0.0035,E0,0.0,0.0071,34,0.0,
301,3,Allmenne fag,5,20699,"Review financial statements, sales or activity reports, or other performance data to measure productivity or goal achievement or to identify areas needing cost reduction or program improvement.",11-1021.00,1420,Varehandelssjefer,0.0034,E2,0.5,0.0243,223,0.4305,0.8399
301,3,Allmenne fag,6,18696,Complete physical checks and monitor patients to detect unusual or harmful behavior and report observations to professional staff.,31-1133.00,5321,Helsefagarbeidere,0.0032,E0,0.0,,,,
301,3,Allmenne fag,7,20705,"Perform personnel functions, such as selection, training, or evaluation.",11-1021.00,1420,Varehandelssjefer,0.0031,E2,0.5,,,,
301,3,Allmenne fag,8,2005,Maintain patients' restrictions to assigned areas.,31-1133.00,5321,Helsefagarbeidere,0.003,E0,0.0,,,,
301,3,Allmenne fag,9,20700,Direct administrative activities directly related to making products or providing services.,11-1021.00,1420,Varehandelssjefer,0.0029,E2,0.5,,,,
301,3,Allmenne fag,10,694,Greet customers and ascertain what each customer wants or needs.,41-2031.00,5223,Butikkmedarbeidere,0.0028,E0,0.0,,,,1.0
316,3,Bildende kunst og kunsthåndverk,1,694,Greet customers and ascertain what each customer wants or needs.,41-2031.00,5223,Butikkmedarbeidere,0.0072,E0,0.0,,,,1.0
316,3,Bildende kunst og kunsthåndverk,2,2430,Receive payment or obtain credit authorization.,41-2022.00,5223,Butikkmedarbeidere,0.007,E0,0.0,0.0078,66,0.2727,0.8148
316,3,Bildende kunst og kunsthåndverk,3,700,"Recommend, select, and help locate or obtain merchandise based on customer needs and desires.",41-2031.00,5223,Butikkmedarbeidere,0.0069,E2,0.5,0.1157,1153,0.4605,0.9403
316,3,Bildende kunst og kunsthåndverk,4,20699,"Review financial statements, sales or activity reports, or other performance data to measure productivity or goal achievement or to identify areas needing cost reduction or program improvement.",11-1021.00,1420,Varehandelssjefer,0.0049,E2,0.5,0.0243,223,0.4305,0.8399
316,3,Bildende kunst og kunsthåndverk,5,20705,"Perform personnel functions, such as selection, training, or evaluation.",11-1021.00,1420,Varehandelssjefer,0.0044,E2,0.5,,,,
316,3,Bildende kunst og kunsthåndverk,6,20700,Direct administrative activities directly related to making products or providing services.,11-1021.00,1420,Varehandelssjefer,0.0042,E2,0.5,,,,
316,3,Bildende kunst og kunsthåndverk,7,830,"Operate office machines, such as photocopiers and scanners, facsimile machines, voice mail systems, and personal computers.",43-9061.00,4110,Kontormedarbeidere,0.0041,E0,0.0,0.023,221,0.5068,1.0
316,3,Bildende kunst og kunsthåndverk,8,826,"Communicate with customers, employees, and other individuals to answer questions, disseminate or explain information, take orders, and address complaints.",43-9061.00,4110,Kontormedarbeidere,0.0038,E2,0.5,0.0103,60,0.5333,1.0
316,3,Bildende kunst og kunsthåndverk,9,827,"Answer telephones, direct calls, and take messages.",43-9061.00,4110,Kontormedarbeidere,0.0037,E2,0.5,0.0109,24,1.0,1.0
316,3,Bildende kunst og kunsthåndverk,10,20578,Listen and provide emotional support and encouragement to psychiatric patients.,31-1133.00,5321,Helsefagarbeidere,0.0026,E0,0.0,0.0071,34,0.0,
341,3,Økonomisk-administrative fag,1,20699,"Review financial statements, sales or activity reports, or other performance data to measure productivity or goal achievement or to identify areas needing cost reduction or program improvement.",11-1021.00,1420,Varehandelssjefer,0.0062,E2,0.5,0.0243,223,0.4305,0.8399
341,3,Økonomisk-administrative fag,2,20705,"Perform personnel functions, such as selection, training, or evaluation.",11-1021.00,1420,Varehandelssjefer,0.0055,E2,0.5,,,,
341,3,Økonomisk-administrative fag,3,20700,Direct administrative activities directly related to making products or providing services.,11-1021.00,1420,Varehandelssjefer,0.0052,E2,0.5,,,,
341,3,Økonomisk-administrative fag,4,830,"Operate office machines, such as photocopiers and scanners, facsimile machines, voice mail systems, and personal computers.",43-9061.00,4110,Kontormedarbeidere,0.0037,E0,0.0,0.023,221,0.5068,1.0
341,3,Økonomisk-administrative fag,5,2487,"Operate computers programmed with accounting software to record, store, and analyze information.",43-3031.00,3313,Regnskapsførere,0.0035,E1,1.0,0.0095,68,0.5441,1.0
341,3,Økonomisk-administrative fag,6,826,"Communicate with customers, employees, and other individuals to answer questions, disseminate or explain information, take orders, and address complaints.",43-9061.00,4110,Kontormedarbeidere,0.0034,E2,0.5,0.0103,60,0.5333,1.0
341,3,Økonomisk-administrative fag,7,2486,"Check figures, postings, and documents for correct entry, mathematical accuracy, and proper codes.",43-3031.00,3313,Regnskapsførere,0.0034,E1,1.0,,,,
341,3,Økonomisk-administrative fag,8,827,"Answer telephones, direct calls, and take messages.",43-9061.00,4110,Kontormedarbeidere,0.0033,E2,0.5,0.0109,24,1.0,1.0
341,3,Økonomisk-administrative fag,9,2495,"Operate 10-key calculators, typewriters, and copy machines to perform calculations and produce documents.",43-3031.00,3313,Regnskapsførere,0.0032,E1,1.0,,,,
341,3,Økonomisk-administrative fag,10,694,Greet customers and ascertain what each customer wants or needs.,41-2031.00,5223,Butikkmedarbeidere,0.0029,E0,0.0,,,,1.0
342,3,Handel og markedsføring,1,20699,"Review financial statements, sales or activity reports, or other performance data to measure productivity or goal achievement or to identify areas needing cost reduction or program improvement.",11-1021.00,1420,Varehandelssjefer,0.0131,E2,0.5,0.0243,223,0.4305,0.8399
342,3,Handel og markedsføring,2,20705,"Perform personnel functions, such as selection, training, or evaluation.",11-1021.00,1420,Varehandelssjefer,0.0117,E2,0.5,,,,
342,3,Handel og markedsføring,3,20700,Direct administrative activities directly related to making products or providing services.,11-1021.00,1420,Varehandelssjefer,0.0111,E2,0.5,,,,
342,3,Handel og markedsføring,4,694,Greet customers and ascertain what each customer wants or needs.,41-2031.00,5223,Butikkmedarbeidere,0.0056,E0,0.0,,,,1.0
342,3,Handel og markedsføring,5,2430,Receive payment or obtain credit authorization.,41-2022.00,5223,Butikkmedarbeidere,0.0054,E0,0.0,0.0078,66,0.2727,0.8148
342,3,Handel og markedsføring,6,700,"Recommend, select, and help locate or obtain merchandise based on customer needs and desires.",41-2031.00,5223,Butikkmedarbeidere,0.0053,E2,0.5,0.1157,1153,0.4605,0.9403
342,3,Handel og markedsføring,7,9544,Notify managers concerning the need for major repairs or additions to building operating systems.,37-2011.00,5153,Vaktmestre,0.0031,E0,0.0,,,,
342,3,Handel og markedsføring,8,9539,Gather and empty trash.,37-2011.00,5153,Vaktmestre,0.0031,E0,0.0,,,,
342,3,Handel og markedsføring,9,9538,"Service, clean, or supply restrooms.",37-2011.00,5153,Vaktmestre,0.003,E0,0.0,,,,
342,3,Handel og markedsføring,10,2487,"Operate computers programmed with accounting software to record, store, and analyze information.",43-3031.00,3313,Regnskapsførere,0.0028,E1,1.0,0.0095,68,0.5441,1.0
343,3,Kontorfag,1,830,"Operate office machines, such as photocopiers and scanners, facsimile machines, voice mail systems, and personal computers.",43-9061.00,4110,Kontormedarbeidere,0.0056,E0,0.0,0.023,221,0.5068,1.0
343,3,Kontorfag,2,826,"Communicate with customers, employees, and other individuals to answer questions, disseminate or explain information, take orders, and address complaints.",43-9061.00,4110,Kontormedarbeidere,0.0053,E2,0.5,0.0103,60,0.5333,1.0
343,3,Kontorfag,3,827,"Answer telephones, direct calls, and take messages.",43-9061.00,4110,Kontormedarbeidere,0.0051,E2,0.5,0.0109,24,1.0,1.0
343,3,Kontorfag,4,20699,"Review financial statements, sales or activity reports, or other performance data to measure productivity or goal achievement or to identify areas needing cost reduction or program improvement.",11-1021.00,1420,Varehandelssjefer,0.0039,E2,0.5,0.0243,223,0.4305,0.8399
343,3,Kontorfag,5,694,Greet customers and ascertain what each customer wants or needs.,41-2031.00,5223,Butikkmedarbeidere,0.0038,E0,0.0,,,,1.0
343,3,Kontorfag,6,2430,Receive payment or obtain credit authorization.,41-2022.00,5223,Butikkmedarbeidere,0.0037,E0,0.0,0.0078,66,0.2727,0.8148
343,3,Kontorfag,7,700,"Recommend, select, and help locate or obtain merchandise based on customer needs and desires.",41-2031.00,5223,Butikkmedarbeidere,0.0036,E2,0.5,0.1157,1153,0.4605,0.9403
343,3,Kontorfag,8,2487,"Operate computers programmed with accounting software to record, store, and analyze information.",43-3031.00,3313,Regnskapsførere,0.0035,E1,1.0,0.0095,68,0.5441,1.0
343,3,Kontorfag,9,20705,"Perform personnel functions, such as selection, training, or evaluation.",11-1021.00,1420,Varehandelssjefer,0.0035,E2,0.5,,,,
343,3,Kontorfag,10,2486,"Check figures, postings, and documents for correct entry, mathematical accuracy, and proper codes.",43-3031.00,3313,Regnskapsførere,0.0034,E1,1.0,,,,
349,3,"Økonomiske og administrative fag, andre",1,3408,Meet with applicants to obtain information for loan applications and to answer questions about the process.,13-2072.00,3312,Kundebehandlere lån og kreditt,0.0081,E2,0.5,,,,
349,3,"Økonomiske og administrative fag, andre",2,3409,"Analyze applicants' financial status, credit, and property evaluations to determine feasibility of granting loans.",13-2072.00,3312,Kundebehandlere lån og kreditt,0.008,E2,0.5,,,,1.0
349,3,"Økonomiske og administrative fag, andre",3,3410,"Explain to customers the different types of loans and credit options that are available, as well as the terms of those services.",13-2072.00,3312,Kundebehandlere lån og kreditt,0.0078,E1,1.0,0.0881,877,0.2748,0.6835
349,3,"Økonomiske og administrative fag, andre",4,2487,"Operate computers programmed with accounting software to record, store, and analyze information.",43-3031.00,3313,Regnskapsførere,0.0035,E1,1.0,0.0095,68,0.5441,1.0
349,3,"Økonomiske og administrative fag, andre",5,830,"Operate office machines, such as photocopiers and scanners, facsimile machines, voice mail systems, and personal computers.",43-9061.00,4110,Kontormedarbeidere,0.0035,E0,0.0,0.023,221,0.5068,1.0
349,3,"Økonomiske og administrative fag, andre",6,2486,"Check figures, postings, and documents for correct entry, mathematical accuracy, and proper codes.",43-3031.00,3313,Regnskapsførere,0.0034,E1,1.0,,,,
349,3,"Økonomiske og administrative fag, andre",7,826,"Communicate with customers, employees, and other individuals to answer questions, disseminate or explain information, take orders, and address complaints.",43-9061.00,4110,Kontormedarbeidere,0.0033,E2,0.5,0.0103,60,0.5333,1.0
349,3,"Økonomiske og administrative fag, andre",8,2495,"Operate 10-key calculators, typewriters, and copy machines to perform calculations and produce documents.",43-3031.00,3313,Regnskapsførere,0.0032,E1,1.0,,,,
349,3,"Økonomiske og administrative fag, andre",9,827,"Answer telephones, direct calls, and take messages.",43-9061.00,4110,Kontormedarbeidere,0.0032,E2,0.5,0.0109,24,1.0,1.0
349,3,"Økonomiske og administrative fag, andre",10,20699,"Review financial statements, sales or activity reports, or other performance data to measure productivity or goal achievement or to identify areas needing cost reduction or program improvement.",11-1021.00,1420,Varehandelssjefer,0.0031,E2,0.5,0.0243,223,0.4305,0.8399
354,3,Informasjons- og datateknologi,1,830,"Operate office machines, such as photocopiers and scanners, facsimile machines, voice mail systems, and personal computers.",43-9061.00,4110,Kontormedarbeidere,0.0054,E0,0.0,0.023,221,0.5068,1.0
354,3,Informasjons- og datateknologi,2,826,"Communicate with customers, employees, and other individuals to answer questions, disseminate or explain information, take orders, and address complaints.",43-9061.00,4110,Kontormedarbeidere,0.0051,E2,0.5,0.0103,60,0.5333,1.0
354,3,Informasjons- og datateknologi,3,20699,"Review financial statements, sales or activity reports, or other performance data to measure productivity or goal achievement or to identify areas needing cost reduction or program improvement.",11-1021.00,1420,Varehandelssjefer,0.005,E2,0.5,0.0243,223,0.4305,0.8399
354,3,Informasjons- og datateknologi,4,827,"Answer telephones, direct calls, and take messages.",43-9061.00,4110,Kontormedarbeidere,0.0049,E2,0.5,0.0109,24,1.0,1.0
354,3,Informasjons- og datateknologi,5,20705,"Perform personnel functions, such as selection, training, or evaluation.",11-1021.00,1420,Varehandelssjefer,0.0044,E2,0.5,,,,
354,3,Informasjons- og datateknologi,6,20700,Direct administrative activities directly related to making products or providing services.,11-1021.00,1420,Varehandelssjefer,0.0042,E2,0.5,,,,
354,3,Informasjons- og datateknologi,7,14623,Analyze problems to develop solutions involving computer hardware and software.,15-1221.00,2511,Systemanalytikere/-arkitekter,0.0039,E1,1.0,0.0073,58,0.5862,1.0
354,3,Informasjons- og datateknologi,8,14629,"Conduct logical analyses of business, scientific, engineering, and other technical problems, formulating mathematical models of problems for solution by computers.",15-1221.00,2511,Systemanalytikere/-arkitekter,0.0032,E1,1.0,0.5036,4962,0.371,0.7254
354,3,Informasjons- og datateknologi,9,14626,"Apply theoretical expertise and innovation to create or apply new technology, such as adapting principles for applying computers to new uses.",15-1221.00,2511,Systemanalytikere/-arkitekter,0.0031,E1,1.0,,,,
354,3,Informasjons- og datateknologi,10,968,"Direct daily operations of department, analyzing workflow, establishing priorities, developing standards and setting deadlines.",11-3021.00,1330,Ledere av IKT-enheter,0.0029,E2,0.5,,,,1.0
355,3,"Utdanninger i elektrofag, mekaniske fag og maskinfag",1,20699,"Review financial statements, sales or activity reports, or other performance data to measure productivity or goal achievement or to identify areas needing cost reduction or program improvement.",11-1021.00,1420,Varehandelssjefer,0.0042,E2,0.5,0.0243,223,0.4305,0.8399
355,3,"Utdanninger i elektrofag, mekaniske fag og maskinfag",2,20705,"Perform personnel functions, such as selection, training, or evaluation.",11-1021.00,1420,Varehandelssjefer,0.0038,E2,0.5,,,,
355,3,"Utdanninger i elektrofag, mekaniske fag og maskinfag",3,9544,Notify managers concerning the need for major repairs or additions to building operating systems.,37-2011.00,5153,Vaktmestre,0.0036,E0,0.0,,,,
355,3,"Utdanninger i elektrofag, mekaniske fag og maskinfag",4,9539,Gather and empty trash.,37-2011.00,5153,Vaktmestre,0.0036,E0,0.0,,,,
355,3,"Utdanninger i elektrofag, mekaniske fag og maskinfag",5,20700,Direct administrative activities directly related to making products or providing services.,11-1021.00,1420,Varehandelssjefer,0.0036,E2,0.5,,,,
355,3,"Utdanninger i elektrofag, mekaniske fag og maskinfag",6,9538,"Service, clean, or supply restrooms.",37-2011.00,5153,Vaktmestre,0.0035,E0,0.0,,,,
355,3,"Utdanninger i elektrofag, mekaniske fag og maskinfag",7,8584,Enforce safety rules and regulations.,53-1043.00,8332,Lastebil- og trailersjåfører,0.0024,E0,0.0,,,,
355,3,"Utdanninger i elektrofag, mekaniske fag og maskinfag",8,8588,Resolve worker problems or collaborate with employees to assist in problem resolution.,53-1043.00,8332,Lastebil- og trailersjåfører,0.0022,E0,0.0,,,,
355,3,"Utdanninger i elektrofag, mekaniske fag og maskinfag",9,8593,"Interpret transportation or tariff regulations, shipping orders, safety regulations, or company policies and procedures for workers.",53-1043.00,8332,Lastebil- og trailersjåfører,0.0022,E1,1.0,,,,
355,3,"Utdanninger i elektrofag, mekaniske fag og maskinfag",10,20276,"Examine shipment contents and compare with records, such as manifests, invoices, or orders, to verify accuracy.",43-5071.00,4321,Lagermedarbeidere og material-forvaltere,0.0019,E2,0.5,,,,1.0
357,3,Bygg- og anleggsfag,1,23430,Follow established safety rules and regulations and maintain a safe and clean environment.,47-2031.00,7115,Tømrere og snekkere,0.0049,E0,0.0,,,,
357,3,Bygg- og anleggsfag,2,23432,"Measure and mark cutting lines on materials, using a ruler, pencil, chalk, and marking gauge.",47-2031.00,7115,Tømrere og snekkere,0.0044,E0,0.0,,,,
357,3,Bygg- og anleggsfag,3,9544,Notify managers concerning the need for major repairs or additions to building operating systems.,37-2011.00,5153,Vaktmestre,0.0042,E0,0.0,,,,
357,3,Bygg- og anleggsfag,4,9539,Gather and empty trash.,37-2011.00,5153,Vaktmestre,0.0042,E0,0.0,,,,
357,3,Bygg- og anleggsfag,5,9538,"Service, clean, or supply restrooms.",37-2011.00,5153,Vaktmestre,0.0041,E0,0.0,,,,
357,3,Bygg- og anleggsfag,6,23431,"Study specifications in blueprints, sketches, or building plans to prepare project layout and determine dimensions and materials required.",47-2031.00,7115,Tømrere og snekkere,0.004,E2,0.5,,,,1.0
357,3,Bygg- og anleggsfag,7,20699,"Review financial statements, sales or activity reports, or other performance data to measure productivity or goal achievement or to identify areas needing cost reduction or program improvement.",11-1021.00,1420,Varehandelssjefer,0.0037,E2,0.5,0.0243,223,0.4305,0.8399
357,3,Bygg- og anleggsfag,8,20705,"Perform personnel functions, such as selection, training, or evaluation.",11-1021.00,1420,Varehandelssjefer,0.0033,E2,0.5,,,,
357,3,Bygg- og anleggsfag,9,20700,Direct administrative activities directly related to making products or providing services.,11-1021.00,1420,Varehandelssjefer,0.0031,E2,0.5,,,,
357,3,Bygg- og anleggsfag,10,19610,"Direct engineering activities, ensuring compliance with environmental, safety, or other governmental regulations.",17-2051.00,2142,Sivilingeniører (bygg og anlegg),0.0021,E2,0.5,,,,
358,3,Fabrikasjon og utvinning,1,20699,"Review financial statements, sales or activity reports, or other performance data to measure productivity or goal achievement or to identify areas needing cost reduction or program improvement.",11-1021.00,1420,Varehandelssjefer,0.0053,E2,0.5,0.0243,223,0.4305,0.8399
358,3,Fabrikasjon og utvinning,2,20705,"Perform personnel functions, such as selection, training, or evaluation.",11-1021.00,1420,Varehandelssjefer,0.0048,E2,0.5,,,,
358,3,Fabrikasjon og utvinning,3,20700,Direct administrative activities directly related to making products or providing services.,11-1021.00,1420,Varehandelssjefer,0.0045,E2,0.5,,,,
358,3,Fabrikasjon og utvinning,4,694,Greet customers and ascertain what each customer wants or needs.,41-2031.00,5223,Butikkmedarbeidere,0.0038,E0,0.0,,,,1.0
358,3,Fabrikasjon og utvinning,5,2430,Receive payment or obtain credit authorization.,41-2022.00,5223,Butikkmedarbeidere,0.0036,E0,0.0,0.0078,66,0.2727,0.8148
358,3,Fabrikasjon og utvinning,6,700,"Recommend, select, and help locate or obtain merchandise based on customer needs and desires.",41-2031.00,5223,Butikkmedarbeidere,0.0036,E2,0.5,0.1157,1153,0.4605,0.9403
358,3,Fabrikasjon og utvinning,7,9544,Notify managers concerning the need for major repairs or additions to building operating systems.,37-2011.00,5153,Vaktmestre,0.0035,E0,0.0,,,,
358,3,Fabrikasjon og utvinning,8,9539,Gather and empty trash.,37-2011.00,5153,Vaktmestre,0.0035,E0,0.0,,,,
358,3,Fabrikasjon og utvinning,9,9538,"Service, clean, or supply restrooms.",37-2011.00,5153,Vaktmestre,0.0034,E0,0.0,,,,
358,3,Fabrikasjon og utvinning,10,2187,"Clean food preparation equipment, work areas, and counters or tables.",35-2015.00,5120,Kokker,0.0025,E0,0.0,,,,
359,3,"Naturvitenskapelige fag, håndverksfag og tekniske fag, andre",1,23430,Follow established safety rules and regulations and maintain a safe and clean environment.,47-2031.00,7115,Tømrere og snekkere,0.0048,E0,0.0,,,,
359,3,"Naturvitenskapelige fag, håndverksfag og tekniske fag, andre",2,9544,Notify managers concerning the need for major repairs or additions to building operating systems.,37-2011.00,5153,Vaktmestre,0.0044,E0,0.0,,,,
359,3,"Naturvitenskapelige fag, håndverksfag og tekniske fag, andre",3,9539,Gather and empty trash.,37-2011.00,5153,Vaktmestre,0.0044,E0,0.0,,,,
359,3,"Naturvitenskapelige fag, håndverksfag og tekniske fag, andre",4,23432,"Measure and mark cutting lines on materials, using a ruler, pencil, chalk, and marking gauge.",47-2031.00,7115,Tømrere og snekkere,0.0043,E0,0.0,,,,
359,3,"Naturvitenskapelige fag, håndverksfag og tekniske fag, andre",5,9538,"Service, clean, or supply restrooms.",37-2011.00,5153,Vaktmestre,0.0043,E0,0.0,,,,
359,3,"Naturvitenskapelige fag, håndverksfag og tekniske fag, andre",6,23431,"Study specifications in blueprints, sketches, or building plans to prepare project layout and determine dimensions and materials required.",47-2031.00,7115,Tømrere og snekkere,0.004,E2,0.5,,,,1.0
359,3,"Naturvitenskapelige fag, håndverksfag og tekniske fag, andre",7,20699,"Review financial statements, sales or activity reports, or other performance data to measure productivity or goal achievement or to identify areas needing cost reduction or program improvement.",11-1021.00,1120,Administrerende direktører,0.0028,E2,0.5,0.0243,223,0.4305,0.8399
359,3,"Naturvitenskapelige fag, håndverksfag og tekniske fag, andre",8,20705,"Perform personnel functions, such as selection, training, or evaluation.",11-1021.00,1120,Administrerende direktører,0.0025,E2,0.5,,,,
359,3,"Naturvitenskapelige fag, håndverksfag og tekniske fag, andre",9,20700,Direct administrative activities directly related to making products or providing services.,11-1021.00,1120,Administrerende direktører,0.0024,E2,0.5,,,,
359,3,"Naturvitenskapelige fag, håndverksfag og tekniske fag, andre",10,13819,"Reline or repair ladles and pouring spouts with refractory clay, using trowels.",49-9045.00,7112,Murere,0.002,E0,0.0,,,,
361,3,Pleie- og omsorgsfag,1,20578,Listen and provide emotional support and encouragement to psychiatric patients.,31-1133.00,5321,Helsefagarbeidere,0.0271,E0,0.0,0.0071,34,0.0,
361,3,Pleie- og omsorgsfag,2,18696,Complete physical checks and monitor patients to detect unusual or harmful behavior and report observations to professional staff.,31-1133.00,5321,Helsefagarbeidere,0.0251,E0,0.0,,,,
361,3,Pleie- og omsorgsfag,3,2005,Maintain patients' restrictions to assigned areas.,31-1133.00,5321,Helsefagarbeidere,0.0236,E0,0.0,,,,
361,3,Pleie- og omsorgsfag,4,830,"Operate office machines, such as photocopiers and scanners, facsimile machines, voice mail systems, and personal computers.",43-9061.00,4110,Kontormedarbeidere,0.0013,E0,0.0,0.023,221,0.5068,1.0
361,3,Pleie- og omsorgsfag,5,13140,Train workers in proper operational procedures and functions and explain company policies.,39-1022.00,5311,Barnehage- og skolefritidsassistenter mv.,0.0012,E0,0.0,,,,
361,3,Pleie- og omsorgsfag,6,826,"Communicate with customers, employees, and other individuals to answer questions, disseminate or explain information, take orders, and address complaints.",43-9061.00,4110,Kontormedarbeidere,0.0012,E2,0.5,0.0103,60,0.5333,1.0
361,3,Pleie- og omsorgsfag,7,13142,Meet with managers or other supervisors to stay informed of changes affecting operations.,39-1022.00,5311,Barnehage- og skolefritidsassistenter mv.,0.0012,E0,0.0,,,,
361,3,Pleie- og omsorgsfag,8,827,"Answer telephones, direct calls, and take messages.",43-9061.00,4110,Kontormedarbeidere,0.0012,E2,0.5,0.0109,24,1.0,1.0
361,3,Pleie- og omsorgsfag,9,13138,"Assign work schedules, following work requirements, to ensure quality and timely delivery of service.",39-1022.00,5311,Barnehage- og skolefritidsassistenter mv.,0.0011,E2,0.5,,,,
361,3,Pleie- og omsorgsfag,10,20699,"Review financial statements, sales or activity reports, or other performance data to measure productivity or goal achievement or to identify areas needing cost reduction or program improvement.",11-1021.00,1420,Varehandelssjefer,0.001,E2,0.5,0.0243,223,0.4305,0.8399
362,3,Sosialfag,1,13140,Train workers in proper operational procedures and functions and explain company policies.,39-1022.00,5311,Barnehage- og skolefritidsassistenter mv.,0.0137,E0,0.0,,,,
362,3,Sosialfag,2,13142,Meet with managers or other supervisors to stay informed of changes affecting operations.,39-1022.00,5311,Barnehage- og skolefritidsassistenter mv.,0.0133,E0,0.0,,,,
362,3,Sosialfag,3,13138,"Assign work schedules, following work requirements, to ensure quality and timely delivery of service.",39-1022.00,5311,Barnehage- og skolefritidsassistenter mv.,0.013,E2,0.5,,,,
362,3,Sosialfag,4,694,Greet customers and ascertain what each customer wants or needs.,41-2031.00,5223,Butikkmedarbeidere,0.0029,E0,0.0,,,,1.0
362,3,Sosialfag,5,20578,Listen and provide emotional support and encouragement to psychiatric patients.,31-1133.00,5321,Helsefagarbeidere,0.0028,E0,0.0,0.0071,34,0.0,
362,3,Sosialfag,6,2430,Receive payment or obtain credit authorization.,41-2022.00,5223,Butikkmedarbeidere,0.0028,E0,0.0,0.0078,66,0.2727,0.8148
362,3,Sosialfag,7,700,"Recommend, select, and help locate or obtain merchandise based on customer needs and desires.",41-2031.00,5223,Butikkmedarbeidere,0.0027,E2,0.5,0.1157,1153,0.4605,0.9403
362,3,Sosialfag,8,18696,Complete physical checks and monitor patients to detect unusual or harmful behavior and report observations to professional staff.,31-1133.00,5321,Helsefagarbeidere,0.0026,E0,0.0,,,,
362,3,Sosialfag,9,2005,Maintain patients' restrictions to assigned areas.,31-1133.00,5321,Helsefagarbeidere,0.0025,E0,0.0,,,,
362,3,Sosialfag,10,20699,"Review financial statements, sales or activity reports, or other performance data to measure productivity or goal achievement or to identify areas needing cost reduction or program improvement.",11-1021.00,1420,Varehandelssjefer,0.0023,E2,0.5,0.0243,223,0.4305,0.8399
368,3,Idrettsfag,1,20699,"Review financial statements, sales or activity reports, or other performance data to measure productivity or goal achievement or to identify areas needing cost reduction or program improvement.",11-1021.00,1420,Varehandelssjefer,0.0106,E2,0.5,0.0243,223,0.4305,0.8399
368,3,Idrettsfag,2,20705,"Perform personnel functions, such as selection, training, or evaluation.",11-1021.00,1420,Varehandelssjefer,0.0095,E2,0.5,,,,
368,3,Idrettsfag,3,20700,Direct administrative activities directly related to making products or providing services.,11-1021.00,1420,Varehandelssjefer,0.009,E2,0.5,,,,
368,3,Idrettsfag,4,694,Greet customers and ascertain what each customer wants or needs.,41-2031.00,5223,Butikkmedarbeidere,0.003,E0,0.0,,,,1.0
368,3,Idrettsfag,5,2430,Receive payment or obtain credit authorization.,41-2022.00,5223,Butikkmedarbeidere,0.0029,E0,0.0,0.0078,66,0.2727,0.8148
368,3,Idrettsfag,6,700,"Recommend, select, and help locate or obtain merchandise based on customer needs and desires.",41-2031.00,5223,Butikkmedarbeidere,0.0029,E2,0.5,0.1157,1153,0.4605,0.9403
368,3,Idrettsfag,7,830,"Operate office machines, such as photocopiers and scanners, facsimile machines, voice mail systems, and personal computers.",43-9061.00,4110,Kontormedarbeidere,0.0029,E0,0.0,0.023,221,0.5068,1.0
368,3,Idrettsfag,8,826,"Communicate with customers, employees, and other individuals to answer questions, disseminate or explain information, take orders, and address complaints.",43-9061.00,4110,Kontormedarbeidere,0.0027,E2,0.5,0.0103,60,0.5333,1.0
368,3,Idrettsfag,9,827,"Answer telephones, direct calls, and take messages.",43-9061.00,4110,Kontormedarbeidere,0.0026,E2,0.5,0.0109,24,1.0,1.0
368,3,Idrettsfag,10,20276,"Examine shipment contents and compare with records, such as manifests, invoices, or orders, to verify accuracy.",43-5071.00,4321,Lagermedarbeidere og material-forvaltere,0.0024,E2,0.5,,,,1.0
369,3,"Helse-, sosial- og idrettsfag, andre",1,20578,Listen and provide emotional support and encouragement to psychiatric patients.,31-1133.00,5321,Helsefagarbeidere,0.0055,E0,0.0,0.0071,34,0.0,
369,3,"Helse-, sosial- og idrettsfag, andre",2,18696,Complete physical checks and monitor patients to detect unusual or harmful behavior and report observations to professional staff.,31-1133.00,5321,Helsefagarbeidere,0.0051,E0,0.0,,,,
369,3,"Helse-, sosial- og idrettsfag, andre",3,2005,Maintain patients' restrictions to assigned areas.,31-1133.00,5321,Helsefagarbeidere,0.0048,E0,0.0,,,,
369,3,"Helse-, sosial- og idrettsfag, andre",4,694,Greet customers and ascertain what each customer wants or needs.,41-2031.00,5223,Butikkmedarbeidere,0.0043,E0,0.0,,,,1.0
369,3,"Helse-, sosial- og idrettsfag, andre",5,2430,Receive payment or obtain credit authorization.,41-2022.00,5223,Butikkmedarbeidere,0.0041,E0,0.0,0.0078,66,0.2727,0.8148
369,3,"Helse-, sosial- og idrettsfag, andre",6,700,"Recommend, select, and help locate or obtain merchandise based on customer needs and desires.",41-2031.00,5223,Butikkmedarbeidere,0.0041,E2,0.5,0.1157,1153,0.4605,0.9403
369,3,"Helse-, sosial- og idrettsfag, andre",7,830,"Operate office machines, such as photocopiers and scanners, facsimile machines, voice mail systems, and personal computers.",43-9061.00,4110,Kontormedarbeidere,0.0038,E0,0.0,0.023,221,0.5068,1.0
369,3,"Helse-, sosial- og idrettsfag, andre",8,826,"Communicate with customers, employees, and other individuals to answer questions, disseminate or explain information, take orders, and address complaints.",43-9061.00,4110,Kontormedarbeidere,0.0036,E2,0.5,0.0103,60,0.5333,1.0
369,3,"Helse-, sosial- og idrettsfag, andre",9,827,"Answer telephones, direct calls, and take messages.",43-9061.00,4110,Kontormedarbeidere,0.0035,E2,0.5,0.0109,24,1.0,1.0
369,3,"Helse-, sosial- og idrettsfag, andre",10,13140,Train workers in proper operational procedures and functions and explain company policies.,39-1022.00,5311,Barnehage- og skolefritidsassistenter mv.,0.0029,E0,0.0,,,,
373,3,Gartneri og hagebruk,1,13356,Observe and listen to machinery operation to detect equipment malfunctions.,45-2091.00,6113,Gartnere,0.0092,E0,0.0,,,,
373,3,Gartneri og hagebruk,2,13359,"Operate or tend equipment used in agricultural production, such as tractors, combines, and irrigation equipment.",45-2091.00,6113,Gartnere,0.0092,E0,0.0,,,,
373,3,Gartneri og hagebruk,3,20699,"Review financial statements, sales or activity reports, or other performance data to measure productivity or goal achievement or to identify areas needing cost reduction or program improvement.",11-1021.00,1420,Varehandelssjefer,0.009,E2,0.5,0.0243,223,0.4305,0.8399
373,3,Gartneri og hagebruk,4,13364,"Attach farm implements such as plows, discs, sprayers, or harvesters to tractors, using bolts and hand tools.",45-2091.00,6113,Gartnere,0.0088,E0,0.0,,,,
373,3,Gartneri og hagebruk,5,20705,"Perform personnel functions, such as selection, training, or evaluation.",11-1021.00,1420,Varehandelssjefer,0.008,E2,0.5,,,,
373,3,Gartneri og hagebruk,6,20700,Direct administrative activities directly related to making products or providing services.,11-1021.00,1420,Varehandelssjefer,0.0076,E2,0.5,,,,
373,3,Gartneri og hagebruk,7,9544,Notify managers concerning the need for major repairs or additions to building operating systems.,37-2011.00,5153,Vaktmestre,0.005,E0,0.0,,,,
373,3,Gartneri og hagebruk,8,9539,Gather and empty trash.,37-2011.00,5153,Vaktmestre,0.005,E0,0.0,,,,
373,3,Gartneri og hagebruk,9,9538,"Service, clean, or supply restrooms.",37-2011.00,5153,Vaktmestre,0.0048,E0,0.0,,,,
373,3,Gartneri og hagebruk,10,694,Greet customers and ascertain what each customer wants or needs.,41-2031.00,5223,Butikkmedarbeidere,0.0029,E0,0.0,,,,1.0
379,3,"Primærnæringsfag, andre",1,9544,Notify managers concerning the need for major repairs or additions to building operating systems.,37-2011.00,5153,Vaktmestre,0.0045,E0,0.0,,,,
379,3,"Primærnæringsfag, andre",2,9539,Gather and empty trash.,37-2011.00,5153,Vaktmestre,0.0045,E0,0.0,,,,
379,3,"Primærnæringsfag, andre",3,9538,"Service, clean, or supply restrooms.",37-2011.00,5153,Vaktmestre,0.0043,E0,0.0,,,,
379,3,"Primærnæringsfag, andre",4,20699,"Review financial statements, sales or activity reports, or other performance data to measure productivity or goal achievement or to identify areas needing cost reduction or program improvement.",11-1021.00,1420,Varehandelssjefer,0.0034,E2,0.5,0.0243,223,0.4305,0.8399
379,3,"Primærnæringsfag, andre",5,20705,"Perform personnel functions, such as selection, training, or evaluation.",11-1021.00,1420,Varehandelssjefer,0.0031,E2,0.5,,,,
379,3,"Primærnæringsfag, andre",6,8232,"Feed and water animals, and clean and disinfect pens, cages, yards, and hutches.",45-2021.00,6121,Melke- og husdyrprodusenter,0.003,E0,0.0,,,,
379,3,"Primærnæringsfag, andre",7,8235,"Select animals to be bred, and semen specimens to be used, according to knowledge of animals, genealogies, traits, and desired offspring characteristics.",45-2021.00,6121,Melke- og husdyrprodusenter,0.0029,E2,0.5,,,,
379,3,"Primærnæringsfag, andre",8,20700,Direct administrative activities directly related to making products or providing services.,11-1021.00,1420,Varehandelssjefer,0.0029,E2,0.5,,,,
379,3,"Primærnæringsfag, andre",9,8237,"Observe animals in heat to detect approach of estrus and exercise animals to induce or hasten estrus, if necessary.",45-2021.00,6121,Melke- og husdyrprodusenter,0.0028,E0,0.0,,,,
379,3,"Primærnæringsfag, andre",10,8584,Enforce safety rules and regulations.,53-1043.00,8332,Lastebil- og trailersjåfører,0.0027,E0,0.0,,,,
381,3,Samferdsel,1,8584,Enforce safety rules and regulations.,53-1043.00,8332,Lastebil- og trailersjåfører,0.0048,E0,0.0,,,,
381,3,Samferdsel,2,20699,"Review financial statements, sales or activity reports, or other performance data to measure productivity or goal achievement or to identify areas needing cost reduction or program improvement.",11-1021.00,1420,Varehandelssjefer,0.0045,E2,0.5,0.0243,223,0.4305,0.8399
381,3,Samferdsel,3,8588,Resolve worker problems or collaborate with employees to assist in problem resolution.,53-1043.00,8332,Lastebil- og trailersjåfører,0.0044,E0,0.0,,,,
381,3,Samferdsel,4,8593,"Interpret transportation or tariff regulations, shipping orders, safety regulations, or company policies and procedures for workers.",53-1043.00,8332,Lastebil- og trailersjåfører,0.0044,E1,1.0,,,,
381,3,Samferdsel,5,20705,"Perform personnel functions, such as selection, training, or evaluation.",11-1021.00,1420,Varehandelssjefer,0.0041,E2,0.5,,,,
381,3,Samferdsel,6,20700,Direct administrative activities directly related to making products or providing services.,11-1021.00,1420,Varehandelssjefer,0.0039,E2,0.5,,,,
381,3,Samferdsel,7,9544,Notify managers concerning the need for major repairs or additions to building operating systems.,37-2011.00,5153,Vaktmestre,0.0035,E0,0.0,,,,
381,3,Samferdsel,8,9539,Gather and empty trash.,37-2011.00,5153,Vaktmestre,0.0035,E0,0.0,,,,
381,3,Samferdsel,9,9538,"Service, clean, or supply restrooms.",37-2011.00,5153,Vaktmestre,0.0034,E0,0.0,,,,
381,3,Samferdsel,10,20276,"Examine shipment contents and compare with records, such as manifests, invoices, or orders, to verify accuracy.",43-5071.00,4321,Lagermedarbeidere og material-forvaltere,0.0028,E2,0.5,,,,1.0
382,3,Sikkerhet,1,9431,"Maintain knowledge of, comply with, and enforce all institutional policies, rules, procedures, and regulations.",33-1011.00,5413,Fengselsbetjenter,0.0153,E1,1.0,,,,1.0
382,3,Sikkerhet,2,9429,"Maintain order, discipline, and security within assigned areas in accordance with relevant rules, regulations, policies, and laws.",33-1011.00,5413,Fengselsbetjenter,0.015,E0,0.0,,,,
382,3,Sikkerhet,3,15254,"Inspect conditions of locks, window bars, grills, doors, and gates at correctional facilities to ensure security and help prevent escapes.",33-3012.00,5413,Fengselsbetjenter,0.0148,E0,0.0,,,,
382,3,Sikkerhet,4,12765,Operate controls to open and close transit vehicle doors.,53-4041.00,8331,Bussjåfører og trikkeførere,0.0017,E0,0.0,,,,
382,3,Sikkerhet,5,12766,"Drive and control rail-guided public transportation, such as subways, elevated trains, and electric-powered streetcars, trams, or trolleys, to transport passengers.",53-4041.00,8331,Bussjåfører og trikkeførere,0.0017,E0,0.0,,,,
382,3,Sikkerhet,6,12767,Monitor lights indicating obstructions or other trains ahead and watch for car and truck traffic at crossings to stay alert to potential hazards.,53-4041.00,8331,Bussjåfører og trikkeførere,0.0016,E0,0.0,,,,
382,3,Sikkerhet,7,20578,Listen and provide emotional support and encouragement to psychiatric patients.,31-1133.00,5321,Helsefagarbeidere,0.0015,E0,0.0,0.0071,34,0.0,
382,3,Sikkerhet,8,18696,Complete physical checks and monitor patients to detect unusual or harmful behavior and report observations to professional staff.,31-1133.00,5321,Helsefagarbeidere,0.0014,E0,0.0,,,,
382,3,Sikkerhet,9,15981,"Develop sustainability project goals, objectives, initiatives, or strategies in collaboration with other sustainability professionals.",13-1199.05,2422,Høyere saksbehandlere i offentlig og privat virksomhet,0.0013,E2,0.5,0.0029,21,1.0,
382,3,Sikkerhet,10,2005,Maintain patients' restrictions to assigned areas.,31-1133.00,5321,Helsefagarbeidere,0.0013,E0,0.0,,,,
383,3,Andre servicefag,1,20699,"Review financial statements, sales or activity reports, or other performance data to measure productivity or goal achievement or to identify areas needing cost reduction or program improvement.",11-1021.00,1420,Varehandelssjefer,0.0078,E2,0.5,0.0243,223,0.4305,0.8399
383,3,Andre servicefag,2,694,Greet customers and ascertain what each customer wants or needs.,41-2031.00,5223,Butikkmedarbeidere,0.007,E0,0.0,,,,1.0
383,3,Andre servicefag,3,20705,"Perform personnel functions, such as selection, training, or evaluation.",11-1021.00,1420,Varehandelssjefer,0.007,E2,0.5,,,,
383,3,Andre servicefag,4,2430,Receive payment or obtain credit authorization.,41-2022.00,5223,Butikkmedarbeidere,0.0068,E0,0.0,0.0078,66,0.2727,0.8148
383,3,Andre servicefag,5,700,"Recommend, select, and help locate or obtain merchandise based on customer needs and desires.",41-2031.00,5223,Butikkmedarbeidere,0.0067,E2,0.5,0.1157,1153,0.4605,0.9403
383,3,Andre servicefag,6,20700,Direct administrative activities directly related to making products or providing services.,11-1021.00,1420,Varehandelssjefer,0.0066,E2,0.5,,,,
383,3,Andre servicefag,7,13140,Train workers in proper operational procedures and functions and explain company policies.,39-1022.00,5311,Barnehage- og skolefritidsassistenter mv.,0.0037,E0,0.0,,,,
383,3,Andre servicefag,8,13142,Meet with managers or other supervisors to stay informed of changes affecting operations.,39-1022.00,5311,Barnehage- og skolefritidsassistenter mv.,0.0036,E0,0.0,,,,
383,3,Andre servicefag,9,13138,"Assign work schedules, following work requirements, to ensure quality and timely delivery of service.",39-1022.00,5311,Barnehage- og skolefritidsassistenter mv.,0.0035,E2,0.5,,,,
383,3,Andre servicefag,10,9544,Notify managers concerning the need for major repairs or additions to building operating systems.,37-2011.00,9112,Renholdere i virksomheter,0.0032,E0,0.0,,,,
389,3,"Samferdsels- og sikkerhetsfag og andre servicefag, andre",1,9544,Notify managers concerning the need for major repairs or additions to building operating systems.,37-2011.00,9112,Renholdere i virksomheter,0.0059,E0,0.0,,,,
389,3,"Samferdsels- og sikkerhetsfag og andre servicefag, andre",2,9539,Gather and empty trash.,37-2011.00,9112,Renholdere i virksomheter,0.0059,E0,0.0,,,,
389,3,"Samferdsels- og sikkerhetsfag og andre servicefag, andre",3,9538,"Service, clean, or supply restrooms.",37-2011.00,9112,Renholdere i virksomheter,0.0057,E0,0.0,,,,
389,3,"Samferdsels- og sikkerhetsfag og andre servicefag, andre",4,20699,"Review financial statements, sales or activity reports, or other performance data to measure productivity or goal achievement or to identify areas needing cost reduction or program improvement.",11-1021.00,1420,Varehandelssjefer,0.0034,E2,0.5,0.0243,223,0.4305,0.8399
389,3,"Samferdsels- og sikkerhetsfag og andre servicefag, andre",5,694,Greet customers and ascertain what each customer wants or needs.,41-2031.00,5223,Butikkmedarbeidere,0.0031,E0,0.0,,,,1.0
389,3,"Samferdsels- og sikkerhetsfag og andre servicefag, andre",6,20705,"Perform personnel functions, such as selection, training, or evaluation.",11-1021.00,1420,Varehandelssjefer,0.0031,E2,0.5,,,,
389,3,"Samferdsels- og sikkerhetsfag og andre servicefag, andre",7,2430,Receive payment or obtain credit authorization.,41-2022.00,5223,Butikkmedarbeidere,0.003,E0,0.0,0.0078,66,0.2727,0.8148
389,3,"Samferdsels- og sikkerhetsfag og andre servicefag, andre",8,700,"Recommend, select, and help locate or obtain merchandise based on customer needs and desires.",41-2031.00,5223,Butikkmedarbeidere,0.003,E2,0.5,0.1157,1153,0.4605,0.9403
389,3,"Samferdsels- og sikkerhetsfag og andre servicefag, andre",9,20700,Direct administrative activities directly related to making products or providing services.,11-1021.00,1420,Varehandelssjefer,0.0029,E2,0.5,,,,
389,3,"Samferdsels- og sikkerhetsfag og andre servicefag, andre",10,8584,Enforce safety rules and regulations.,53-1043.00,8332,Lastebil- og trailersjåfører,0.0018,E0,0.0,,,,
399,3,Uoppgitt faggruppe,1,9544,Notify managers concerning the need for major repairs or additions to building operating systems.,37-2011.00,9112,Renholdere i virksomheter,0.0065,E0,0.0,,,,
399,3,Uoppgitt faggruppe,2,9539,Gather and empty trash.,37-2011.00,9112,Renholdere i virksomheter,0.0064,E0,0.0,,,,
399,3,Uoppgitt faggruppe,3,9538,"Service, clean, or supply restrooms.",37-2011.00,9112,Renholdere i virksomheter,0.0062,E0,0.0,,,,
399,3,Uoppgitt faggruppe,4,23430,Follow established safety rules and regulations and maintain a safe and clean environment.,47-2031.00,7115,Tømrere og snekkere,0.0044,E0,0.0,,,,
399,3,Uoppgitt faggruppe,5,23432,"Measure and mark cutting lines on materials, using a ruler, pencil, chalk, and marking gauge.",47-2031.00,7115,Tømrere og snekkere,0.0039,E0,0.0,,,,
399,3,Uoppgitt faggruppe,6,23431,"Study specifications in blueprints, sketches, or building plans to prepare project layout and determine dimensions and materials required.",47-2031.00,7115,Tømrere og snekkere,0.0036,E2,0.5,,,,1.0
399,3,Uoppgitt faggruppe,7,13819,"Reline or repair ladles and pouring spouts with refractory clay, using trowels.",49-9045.00,7112,Murere,0.0025,E0,0.0,,,,
399,3,Uoppgitt faggruppe,8,13821,"Mix specified amounts of sand, clay, mortar powder, and water to form refractory clay or mortar, using shovels or mixing machines.",49-9045.00,7112,Murere,0.0022,E0,0.0,,,,
399,3,Uoppgitt faggruppe,9,13820,"Chip slag from linings of ladles or remove linings when beyond repair, using hammers and chisels.",49-9045.00,7112,Murere,0.0021,E0,0.0,,,,
399,3,Uoppgitt faggruppe,10,11187,"Place clean dishes, utensils, or cooking equipment in storage areas.",35-9021.00,9412,Kjøkkenassistenter,0.0018,E0,0.0,,,,
401,4,Allmenne fag,1,694,Greet customers and ascertain what each customer wants or needs.,41-2031.00,5223,Butikkmedarbeidere,0.0048,E0,0.0,,,,1.0
401,4,Allmenne fag,2,2430,Receive payment or obtain credit authorization.,41-2022.00,5223,Butikkmedarbeidere,0.0046,E0,0.0,0.0078,66,0.2727,0.8148
401,4,Allmenne fag,3,700,"Recommend, select, and help locate or obtain merchandise based on customer needs and desires.",41-2031.00,5223,Butikkmedarbeidere,0.0046,E2,0.5,0.1157,1153,0.4605,0.9403
401,4,Allmenne fag,4,20699,"Review financial statements, sales or activity reports, or other performance data to measure productivity or goal achievement or to identify areas needing cost reduction or program improvement.",11-1021.00,1420,Varehandelssjefer,0.0039,E2,0.5,0.0243,223,0.4305,0.8399
401,4,Allmenne fag,5,20705,"Perform personnel functions, such as selection, training, or evaluation.",11-1021.00,1420,Varehandelssjefer,0.0035,E2,0.5,,,,
401,4,Allmenne fag,6,20700,Direct administrative activities directly related to making products or providing services.,11-1021.00,1420,Varehandelssjefer,0.0033,E2,0.5,,,,
401,4,Allmenne fag,7,830,"Operate office machines, such as photocopiers and scanners, facsimile machines, voice mail systems, and personal computers.",43-9061.00,4110,Kontormedarbeidere,0.0017,E0,0.0,0.023,221,0.5068,1.0
401,4,Allmenne fag,8,826,"Communicate with customers, employees, and other individuals to answer questions, disseminate or explain information, take orders, and address complaints.",43-9061.00,4110,Kontormedarbeidere,0.0016,E2,0.5,0.0103,60,0.5333,1.0
401,4,Allmenne fag,9,827,"Answer telephones, direct calls, and take messages.",43-9061.00,4110,Kontormedarbeidere,0.0015,E2,0.5,0.0109,24,1.0,1.0
401,4,Allmenne fag,10,20276,"Examine shipment contents and compare with records, such as manifests, invoices, or orders, to verify accuracy.",43-5071.00,4321,Lagermedarbeidere og material-forvaltere,0.0013,E2,0.5,,,,1.0
412,4,Litteratur- og bibliotekutdanninger,1,22654,Present drafts and ideas to clients.,27-3043.00,2431,Reklame- og markedsføringsrådgivere,0.0254,E1,1.0,,,,
412,4,Litteratur- og bibliotekutdanninger,2,22653,"Discuss with the client the product, advertising themes and methods, and any changes that should be made in advertising copy.",27-3043.00,2431,Reklame- og markedsføringsrådgivere,0.0254,E1,1.0,,,,
412,4,Litteratur- og bibliotekutdanninger,3,22655,Vary language and tone of messages based on product and medium.,27-3043.00,2431,Reklame- og markedsføringsrådgivere,0.0253,E1,1.0,,,,1.0
412,4,Litteratur- og bibliotekutdanninger,4,1777,"Read copy or proof to detect and correct errors in spelling, punctuation, and syntax.",27-3041.00,2641,Forfattere mv.,0.0069,E1,1.0,,,,
412,4,Litteratur- og bibliotekutdanninger,5,1780,"Verify facts, dates, and statistics, using standard reference sources.",27-3041.00,2641,Forfattere mv.,0.0069,E2,0.5,,,,
412,4,Litteratur- og bibliotekutdanninger,6,1786,"Read, evaluate and edit manuscripts or other materials submitted for publication, and confer with authors regarding changes in content, style or organization, or publication.",27-3041.00,2641,Forfattere mv.,0.0067,E1,1.0,0.1286,1262,0.2559,0.6069
412,4,Litteratur- og bibliotekutdanninger,7,1764,Respond to requests for information from the media or designate an appropriate spokesperson or information source.,27-3031.00,2432,Informasjonsrådgivere,0.006,E2,0.5,0.0099,81,0.4444,1.0
412,4,Litteratur- og bibliotekutdanninger,8,20555,"Plan or direct development or communication of programs to maintain favorable public or stockholder perceptions of an organization's accomplishments, agenda, or environmental responsibility.",27-3031.00,2432,Informasjonsrådgivere,0.0058,E2,0.5,0.0042,36,0.4167,1.0
412,4,Litteratur- og bibliotekutdanninger,9,23951,Post and update content on the company's Web site and social media outlets.,27-3031.00,2432,Informasjonsrådgivere,0.0058,E1,1.0,,,,
412,4,Litteratur- og bibliotekutdanninger,10,21252,Develop strategies to encourage new or increased contributions.,11-2033.00,1222,PR- og informasjonssjefer,0.0031,E2,0.5,,,,
415,4,"Musikk, dans og drama",1,694,Greet customers and ascertain what each customer wants or needs.,41-2031.00,5223,Butikkmedarbeidere,0.0069,E0,0.0,,,,1.0
415,4,"Musikk, dans og drama",2,2430,Receive payment or obtain credit authorization.,41-2022.00,5223,Butikkmedarbeidere,0.0066,E0,0.0,0.0078,66,0.2727,0.8148
415,4,"Musikk, dans og drama",3,700,"Recommend, select, and help locate or obtain merchandise based on customer needs and desires.",41-2031.00,5223,Butikkmedarbeidere,0.0066,E2,0.5,0.1157,1153,0.4605,0.9403
415,4,"Musikk, dans og drama",4,20699,"Review financial statements, sales or activity reports, or other performance data to measure productivity or goal achievement or to identify areas needing cost reduction or program improvement.",11-1021.00,1420,Varehandelssjefer,0.0026,E2,0.5,0.0243,223,0.4305,0.8399
415,4,"Musikk, dans og drama",5,2224,Check identification of customers to verify age requirements for purchase of alcohol.,35-3011.00,5132,Bartendere,0.0024,E0,0.0,,,,
415,4,"Musikk, dans og drama",6,2227,"Clean glasses, utensils, and bar equipment.",35-3011.00,5132,Bartendere,0.0024,E0,0.0,,,,
415,4,"Musikk, dans og drama",7,2230,"Clean bars, work areas, and tables.",35-3011.00,5132,Bartendere,0.0024,E0,0.0,,,,
415,4,"Musikk, dans og drama",8,20705,"Perform personnel functions, such as selection, training, or evaluation.",11-1021.00,1420,Varehandelssjefer,0.0023,E2,0.5,,,,
415,4,"Musikk, dans og drama",9,20700,Direct administrative activities directly related to making products or providing services.,11-1021.00,1420,Varehandelssjefer,0.0022,E2,0.5,,,,
415,4,"Musikk, dans og drama",10,11152,Place food servings on plates or trays according to orders or instructions.,35-3041.00,5131,Servitører,0.002,E0,0.0,,,,
416,4,Bildende kunst og kunsthåndverk,1,20699,"Review financial statements, sales or activity reports, or other performance data to measure productivity or goal achievement or to identify areas needing cost reduction or program improvement.",11-1021.00,1420,Varehandelssjefer,0.0078,E2,0.5,0.0243,223,0.4305,0.8399
416,4,Bildende kunst og kunsthåndverk,2,694,Greet customers and ascertain what each customer wants or needs.,41-2031.00,5223,Butikkmedarbeidere,0.0076,E0,0.0,,,,1.0
416,4,Bildende kunst og kunsthåndverk,3,2430,Receive payment or obtain credit authorization.,41-2022.00,5223,Butikkmedarbeidere,0.0073,E0,0.0,0.0078,66,0.2727,0.8148
416,4,Bildende kunst og kunsthåndverk,4,700,"Recommend, select, and help locate or obtain merchandise based on customer needs and desires.",41-2031.00,5223,Butikkmedarbeidere,0.0073,E2,0.5,0.1157,1153,0.4605,0.9403
416,4,Bildende kunst og kunsthåndverk,5,20705,"Perform personnel functions, such as selection, training, or evaluation.",11-1021.00,1420,Varehandelssjefer,0.0069,E2,0.5,,,,
416,4,Bildende kunst og kunsthåndverk,6,20700,Direct administrative activities directly related to making products or providing services.,11-1021.00,1420,Varehandelssjefer,0.0066,E2,0.5,,,,
416,4,Bildende kunst og kunsthåndverk,7,6882,"Design complex graphics and animation, using independent judgment, creativity, and computer equipment.",27-1014.00,2166,Grafiske- og multimediadesignere,0.0028,E2,0.5,0.0704,687,0.441,
416,4,Bildende kunst og kunsthåndverk,8,6888,"Create basic designs, drawings, and illustrations for product labels, cartons, direct mail, or television.",27-1014.00,2166,Grafiske- og multimediadesignere,0.0023,E2,0.5,,,,
416,4,Bildende kunst og kunsthåndverk,9,830,"Operate office machines, such as photocopiers and scanners, facsimile machines, voice mail systems, and personal computers.",43-9061.00,4110,Kontormedarbeidere,0.0021,E0,0.0,0.023,221,0.5068,1.0
416,4,Bildende kunst og kunsthåndverk,10,6893,"Participate in design and production of multimedia campaigns, handling budgeting and scheduling, and assisting with such responsibilities as production coordination, background design, and progress tracking.",27-1014.00,2166,Grafiske- og multimediadesignere,0.0021,E2,0.5,,,,
419,4,"Humanistiske og estetiske fag, andre",1,9544,Notify managers concerning the need for major repairs or additions to building operating systems.,37-2011.00,9112,Renholdere i virksomheter,0.0037,E0,0.0,,,,
419,4,"Humanistiske og estetiske fag, andre",2,9539,Gather and empty trash.,37-2011.00,9112,Renholdere i virksomheter,0.0037,E0,0.0,,,,
419,4,"Humanistiske og estetiske fag, andre",3,9538,"Service, clean, or supply restrooms.",37-2011.00,9112,Renholdere i virksomheter,0.0036,E0,0.0,,,,
419,4,"Humanistiske og estetiske fag, andre",4,20699,"Review financial statements, sales or activity reports, or other performance data to measure productivity or goal achievement or to identify areas needing cost reduction or program improvement.",11-1021.00,1420,Varehandelssjefer,0.0032,E2,0.5,0.0243,223,0.4305,0.8399
419,4,"Humanistiske og estetiske fag, andre",5,20705,"Perform personnel functions, such as selection, training, or evaluation.",11-1021.00,1420,Varehandelssjefer,0.0028,E2,0.5,,,,
419,4,"Humanistiske og estetiske fag, andre",6,20700,Direct administrative activities directly related to making products or providing services.,11-1021.00,1420,Varehandelssjefer,0.0027,E2,0.5,,,,
419,4,"Humanistiske og estetiske fag, andre",7,694,Greet customers and ascertain what each customer wants or needs.,41-2031.00,5223,Butikkmedarbeidere,0.0025,E0,0.0,,,,1.0
419,4,"Humanistiske og estetiske fag, andre",8,2430,Receive payment or obtain credit authorization.,41-2022.00,5223,Butikkmedarbeidere,0.0024,E0,0.0,0.0078,66,0.2727,0.8148
419,4,"Humanistiske og estetiske fag, andre",9,700,"Recommend, select, and help locate or obtain merchandise based on customer needs and desires.",41-2031.00,5223,Butikkmedarbeidere,0.0024,E2,0.5,0.1157,1153,0.4605,0.9403
419,4,"Humanistiske og estetiske fag, andre",10,8668,"Instruct students individually and in groups, using various teaching methods, such as lectures, discussions, and demonstrations.",25-3021.00,5165,Kjøreskolelærere,0.0019,E0,0.0,,,,
429,4,"Lærerutdanninger og utdanninger i pedagogikk, andre",1,9544,Notify managers concerning the need for major repairs or additions to building operating systems.,37-2011.00,9112,Renholdere i virksomheter,0.0053,E0,0.0,,,,
429,4,"Lærerutdanninger og utdanninger i pedagogikk, andre",2,9539,Gather and empty trash.,37-2011.00,9112,Renholdere i virksomheter,0.0053,E0,0.0,,,,
429,4,"Lærerutdanninger og utdanninger i pedagogikk, andre",3,9538,"Service, clean, or supply restrooms.",37-2011.00,9112,Renholdere i virksomheter,0.0051,E0,0.0,,,,
429,4,"Lærerutdanninger og utdanninger i pedagogikk, andre",4,694,Greet customers and ascertain what each customer wants or needs.,41-2031.00,5223,Butikkmedarbeidere,0.0039,E0,0.0,,,,1.0
429,4,"Lærerutdanninger og utdanninger i pedagogikk, andre",5,2430,Receive payment or obtain credit authorization.,41-2022.00,5223,Butikkmedarbeidere,0.0038,E0,0.0,0.0078,66,0.2727,0.8148
429,4,"Lærerutdanninger og utdanninger i pedagogikk, andre",6,700,"Recommend, select, and help locate or obtain merchandise based on customer needs and desires.",41-2031.00,5223,Butikkmedarbeidere,0.0037,E2,0.5,0.1157,1153,0.4605,0.9403
429,4,"Lærerutdanninger og utdanninger i pedagogikk, andre",7,13140,Train workers in proper operational procedures and functions and explain company policies.,39-1022.00,5311,Barnehage- og skolefritidsassistenter mv.,0.0037,E0,0.0,,,,
429,4,"Lærerutdanninger og utdanninger i pedagogikk, andre",8,13142,Meet with managers or other supervisors to stay informed of changes affecting operations.,39-1022.00,5311,Barnehage- og skolefritidsassistenter mv.,0.0036,E0,0.0,,,,
429,4,"Lærerutdanninger og utdanninger i pedagogikk, andre",9,13138,"Assign work schedules, following work requirements, to ensure quality and timely delivery of service.",39-1022.00,5311,Barnehage- og skolefritidsassistenter mv.,0.0035,E2,0.5,,,,
429,4,"Lærerutdanninger og utdanninger i pedagogikk, andre",10,20699,"Review financial statements, sales or activity reports, or other performance data to measure productivity or goal achievement or to identify areas needing cost reduction or program improvement.",11-1021.00,1420,Varehandelssjefer,0.0025,E2,0.5,0.0243,223,0.4305,0.8399
435,4,Medie- og informasjonsfag,1,694,Greet customers and ascertain what each customer wants or needs.,41-2031.00,5223,Butikkmedarbeidere,0.0084,E0,0.0,,,,1.0
435,4,Medie- og informasjonsfag,2,2430,Receive payment or obtain credit authorization.,41-2022.00,5223,Butikkmedarbeidere,0.0081,E0,0.0,0.0078,66,0.2727,0.8148
435,4,Medie- og informasjonsfag,3,700,"Recommend, select, and help locate or obtain merchandise based on customer needs and desires.",41-2031.00,5223,Butikkmedarbeidere,0.008,E2,0.5,0.1157,1153,0.4605,0.9403
435,4,Medie- og informasjonsfag,4,20699,"Review financial statements, sales or activity reports, or other performance data to measure productivity or goal achievement or to identify areas needing cost reduction or program improvement.",11-1021.00,1420,Varehandelssjefer,0.0028,E2,0.5,0.0243,223,0.4305,0.8399
435,4,Medie- og informasjonsfag,5,20705,"Perform personnel functions, such as selection, training, or evaluation.",11-1021.00,1420,Varehandelssjefer,0.0025,E2,0.5,,,,
435,4,Medie- og informasjonsfag,6,20700,Direct administrative activities directly related to making products or providing services.,11-1021.00,1420,Varehandelssjefer,0.0024,E2,0.5,,,,
435,4,Medie- og informasjonsfag,7,20276,"Examine shipment contents and compare with records, such as manifests, invoices, or orders, to verify accuracy.",43-5071.00,4321,Lagermedarbeidere og material-forvaltere,0.0017,E2,0.5,,,,1.0
435,4,Medie- og informasjonsfag,8,13140,Train workers in proper operational procedures and functions and explain company policies.,39-1022.00,5311,Barnehage- og skolefritidsassistenter mv.,0.0016,E0,0.0,,,,
435,4,Medie- og informasjonsfag,9,4741,"Confer or correspond with establishment representatives to rectify problems, such as damages, shortages, or nonconformance to specifications.",43-5071.00,4321,Lagermedarbeidere og material-forvaltere,0.0015,E2,0.5,,,,
435,4,Medie- og informasjonsfag,10,4739,"Record shipment data, such as weight, charges, space availability, damages, or discrepancies, for reporting, accounting, or recordkeeping purposes.",43-5071.00,4321,Lagermedarbeidere og material-forvaltere,0.0015,E1,1.0,,,,1.0
439,4,"Samfunnsfag og juridiske fag, andre",1,20699,"Review financial statements, sales or activity reports, or other performance data to measure productivity or goal achievement or to identify areas needing cost reduction or program improvement.",11-1021.00,1420,Varehandelssjefer,0.0046,E2,0.5,0.0243,223,0.4305,0.8399
439,4,"Samfunnsfag og juridiske fag, andre",2,20705,"Perform personnel functions, such as selection, training, or evaluation.",11-1021.00,1420,Varehandelssjefer,0.0041,E2,0.5,,,,
439,4,"Samfunnsfag og juridiske fag, andre",3,20700,Direct administrative activities directly related to making products or providing services.,11-1021.00,1420,Varehandelssjefer,0.0039,E2,0.5,,,,
439,4,"Samfunnsfag og juridiske fag, andre",4,9544,Notify managers concerning the need for major repairs or additions to building operating systems.,37-2011.00,9112,Renholdere i virksomheter,0.0038,E0,0.0,,,,
439,4,"Samfunnsfag og juridiske fag, andre",5,9539,Gather and empty trash.,37-2011.00,9112,Renholdere i virksomheter,0.0037,E0,0.0,,,,
439,4,"Samfunnsfag og juridiske fag, andre",6,9538,"Service, clean, or supply restrooms.",37-2011.00,9112,Renholdere i virksomheter,0.0036,E0,0.0,,,,
439,4,"Samfunnsfag og juridiske fag, andre",7,694,Greet customers and ascertain what each customer wants or needs.,41-2031.00,5223,Butikkmedarbeidere,0.0035,E0,0.0,,,,1.0
439,4,"Samfunnsfag og juridiske fag, andre",8,2430,Receive payment or obtain credit authorization.,41-2022.00,5223,Butikkmedarbeidere,0.0034,E0,0.0,0.0078,66,0.2727,0.8148
439,4,"Samfunnsfag og juridiske fag, andre",9,700,"Recommend, select, and help locate or obtain merchandise based on customer needs and desires.",41-2031.00,5223,Butikkmedarbeidere,0.0034,E2,0.5,0.1157,1153,0.4605,0.9403
439,4,"Samfunnsfag og juridiske fag, andre",10,20276,"Examine shipment contents and compare with records, such as manifests, invoices, or orders, to verify accuracy.",43-5071.00,4321,Lagermedarbeidere og material-forvaltere,0.0024,E2,0.5,,,,1.0
441,4,Økonomisk-administrative fag,1,20699,"Review financial statements, sales or activity reports, or other performance data to measure productivity or goal achievement or to identify areas needing cost reduction or program improvement.",11-1021.00,1420,Varehandelssjefer,0.0069,E2,0.5,0.0243,223,0.4305,0.8399
441,4,Økonomisk-administrative fag,2,20705,"Perform personnel functions, such as selection, training, or evaluation.",11-1021.00,1420,Varehandelssjefer,0.0062,E2,0.5,,,,
441,4,Økonomisk-administrative fag,3,20700,Direct administrative activities directly related to making products or providing services.,11-1021.00,1420,Varehandelssjefer,0.0059,E2,0.5,,,,
441,4,Økonomisk-administrative fag,4,2487,"Operate computers programmed with accounting software to record, store, and analyze information.",43-3031.00,3313,Regnskapsførere,0.0039,E1,1.0,0.0095,68,0.5441,1.0
441,4,Økonomisk-administrative fag,5,2486,"Check figures, postings, and documents for correct entry, mathematical accuracy, and proper codes.",43-3031.00,3313,Regnskapsførere,0.0038,E1,1.0,,,,
441,4,Økonomisk-administrative fag,6,2495,"Operate 10-key calculators, typewriters, and copy machines to perform calculations and produce documents.",43-3031.00,3313,Regnskapsførere,0.0036,E1,1.0,,,,
441,4,Økonomisk-administrative fag,7,830,"Operate office machines, such as photocopiers and scanners, facsimile machines, voice mail systems, and personal computers.",43-9061.00,4110,Kontormedarbeidere,0.003,E0,0.0,0.023,221,0.5068,1.0
441,4,Økonomisk-administrative fag,8,826,"Communicate with customers, employees, and other individuals to answer questions, disseminate or explain information, take orders, and address complaints.",43-9061.00,4110,Kontormedarbeidere,0.0028,E2,0.5,0.0103,60,0.5333,1.0
441,4,Økonomisk-administrative fag,9,827,"Answer telephones, direct calls, and take messages.",43-9061.00,4110,Kontormedarbeidere,0.0027,E2,0.5,0.0109,24,1.0,1.0
441,4,Økonomisk-administrative fag,10,694,Greet customers and ascertain what each customer wants or needs.,41-2031.00,5223,Butikkmedarbeidere,0.0021,E0,0.0,,,,1.0
442,4,Handel og markedsføring,1,694,Greet customers and ascertain what each customer wants or needs.,41-2031.00,5223,Butikkmedarbeidere,0.0134,E0,0.0,,,,1.0
442,4,Handel og markedsføring,2,20699,"Review financial statements, sales or activity reports, or other performance data to measure productivity or goal achievement or to identify areas needing cost reduction or program improvement.",11-1021.00,1420,Varehandelssjefer,0.0131,E2,0.5,0.0243,223,0.4305,0.8399
442,4,Handel og markedsføring,3,2430,Receive payment or obtain credit authorization.,41-2022.00,5223,Butikkmedarbeidere,0.0129,E0,0.0,0.0078,66,0.2727,0.8148
442,4,Handel og markedsføring,4,700,"Recommend, select, and help locate or obtain merchandise based on customer needs and desires.",41-2031.00,5223,Butikkmedarbeidere,0.0128,E2,0.5,0.1157,1153,0.4605,0.9403
442,4,Handel og markedsføring,5,20705,"Perform personnel functions, such as selection, training, or evaluation.",11-1021.00,1420,Varehandelssjefer,0.0117,E2,0.5,,,,
442,4,Handel og markedsføring,6,20700,Direct administrative activities directly related to making products or providing services.,11-1021.00,1420,Varehandelssjefer,0.0111,E2,0.5,,,,
442,4,Handel og markedsføring,7,657,Provide customer service by greeting and assisting customers and responding to customer inquiries and complaints.,41-1011.00,5222,Butikkavdelingssjefer,0.0025,E2,0.5,0.0287,204,0.5588,1.0
442,4,Handel og markedsføring,8,660,"Direct and supervise employees engaged in sales, inventory-taking, reconciling cash receipts, or in performing services for customers.",41-1011.00,5222,Butikkavdelingssjefer,0.0023,E2,0.5,,,,
442,4,Handel og markedsføring,9,658,Monitor sales activities to ensure that customers receive satisfactory service and quality goods.,41-1011.00,5222,Butikkavdelingssjefer,0.0023,E2,0.5,0.0033,19,1.0,0.942
442,4,Handel og markedsføring,10,9665,Provide staff with assistance in performing difficult or complicated duties.,41-1012.00,3322,Selgere (engros),0.0019,E2,0.5,0.007,43,0.0,
443,4,Kontorfag,1,830,"Operate office machines, such as photocopiers and scanners, facsimile machines, voice mail systems, and personal computers.",43-9061.00,4110,Kontormedarbeidere,0.0099,E0,0.0,0.023,221,0.5068,1.0
443,4,Kontorfag,2,826,"Communicate with customers, employees, and other individuals to answer questions, disseminate or explain information, take orders, and address complaints.",43-9061.00,4110,Kontormedarbeidere,0.0093,E2,0.5,0.0103,60,0.5333,1.0
443,4,Kontorfag,3,827,"Answer telephones, direct calls, and take messages.",43-9061.00,4110,Kontormedarbeidere,0.009,E2,0.5,0.0109,24,1.0,1.0
443,4,Kontorfag,4,14854,Inspect food products and processing procedures to determine whether products are safe to eat.,45-2011.00,3359,Andre yrker innen offentlig forvaltning,0.003,E0,0.0,,,,
443,4,Kontorfag,5,14850,Interpret and enforce government acts and regulations and explain required standards to agricultural workers.,45-2011.00,3359,Andre yrker innen offentlig forvaltning,0.0029,E2,0.5,,,,
443,4,Kontorfag,6,14846,"Inspect agricultural commodities or related operations, as well as fish or logging operations, for compliance with laws and regulations governing health, quality, and safety.",45-2011.00,3359,Andre yrker innen offentlig forvaltning,0.0028,E0,0.0,,,,
443,4,Kontorfag,7,2487,"Operate computers programmed with accounting software to record, store, and analyze information.",43-3031.00,3313,Regnskapsførere,0.0024,E1,1.0,0.0095,68,0.5441,1.0
443,4,Kontorfag,8,20699,"Review financial statements, sales or activity reports, or other performance data to measure productivity or goal achievement or to identify areas needing cost reduction or program improvement.",11-1021.00,1420,Varehandelssjefer,0.0023,E2,0.5,0.0243,223,0.4305,0.8399
443,4,Kontorfag,9,2486,"Check figures, postings, and documents for correct entry, mathematical accuracy, and proper codes.",43-3031.00,3313,Regnskapsførere,0.0023,E1,1.0,,,,
443,4,Kontorfag,10,2495,"Operate 10-key calculators, typewriters, and copy machines to perform calculations and produce documents.",43-3031.00,3313,Regnskapsførere,0.0022,E1,1.0,,,,
444,4,Hotell- og reiselivsfag,1,830,"Operate office machines, such as photocopiers and scanners, facsimile machines, voice mail systems, and personal computers.",43-9061.00,4110,Kontormedarbeidere,0.0048,E0,0.0,0.023,221,0.5068,1.0
444,4,Hotell- og reiselivsfag,2,826,"Communicate with customers, employees, and other individuals to answer questions, disseminate or explain information, take orders, and address complaints.",43-9061.00,4110,Kontormedarbeidere,0.0045,E2,0.5,0.0103,60,0.5333,1.0
444,4,Hotell- og reiselivsfag,3,827,"Answer telephones, direct calls, and take messages.",43-9061.00,4110,Kontormedarbeidere,0.0044,E2,0.5,0.0109,24,1.0,1.0
444,4,Hotell- og reiselivsfag,4,20699,"Review financial statements, sales or activity reports, or other performance data to measure productivity or goal achievement or to identify areas needing cost reduction or program improvement.",11-1021.00,1420,Varehandelssjefer,0.0043,E2,0.5,0.0243,223,0.4305,0.8399
444,4,Hotell- og reiselivsfag,5,20705,"Perform personnel functions, such as selection, training, or evaluation.",11-1021.00,1420,Varehandelssjefer,0.0038,E2,0.5,,,,
444,4,Hotell- og reiselivsfag,6,20700,Direct administrative activities directly related to making products or providing services.,11-1021.00,1420,Varehandelssjefer,0.0036,E2,0.5,,,,
444,4,Hotell- og reiselivsfag,7,9665,Provide staff with assistance in performing difficult or complicated duties.,41-1012.00,4221,Reisebyråmedarbeidere mv.,0.0032,E2,0.5,0.007,43,0.0,
444,4,Hotell- og reiselivsfag,8,9662,"Hire, train, and evaluate personnel.",41-1012.00,4221,Reisebyråmedarbeidere mv.,0.0031,E2,0.5,,,,
444,4,Hotell- og reiselivsfag,9,9666,"Plan and prepare work schedules, and assign employees to specific duties.",41-1012.00,4221,Reisebyråmedarbeidere mv.,0.0028,E2,0.5,,,,
444,4,Hotell- og reiselivsfag,10,4529,"Provide information about local features, such as shopping, dining, nightlife, or recreational destinations.",39-6012.00,4224,Hotellresepsjonister,0.0025,E2,0.5,0.0829,812,0.5936,1.0
449,4,"Økonomiske og administrative fag, andre",1,830,"Operate office machines, such as photocopiers and scanners, facsimile machines, voice mail systems, and personal computers.",43-9061.00,4110,Kontormedarbeidere,0.0046,E0,0.0,0.023,221,0.5068,1.0
449,4,"Økonomiske og administrative fag, andre",2,826,"Communicate with customers, employees, and other individuals to answer questions, disseminate or explain information, take orders, and address complaints.",43-9061.00,4110,Kontormedarbeidere,0.0043,E2,0.5,0.0103,60,0.5333,1.0
449,4,"Økonomiske og administrative fag, andre",3,827,"Answer telephones, direct calls, and take messages.",43-9061.00,4110,Kontormedarbeidere,0.0042,E2,0.5,0.0109,24,1.0,1.0
449,4,"Økonomiske og administrative fag, andre",4,20699,"Review financial statements, sales or activity reports, or other performance data to measure productivity or goal achievement or to identify areas needing cost reduction or program improvement.",11-1021.00,1420,Varehandelssjefer,0.0037,E2,0.5,0.0243,223,0.4305,0.8399
449,4,"Økonomiske og administrative fag, andre",5,20705,"Perform personnel functions, such as selection, training, or evaluation.",11-1021.00,1420,Varehandelssjefer,0.0033,E2,0.5,,,,
449,4,"Økonomiske og administrative fag, andre",6,20700,Direct administrative activities directly related to making products or providing services.,11-1021.00,1420,Varehandelssjefer,0.0031,E2,0.5,,,,
449,4,"Økonomiske og administrative fag, andre",7,694,Greet customers and ascertain what each customer wants or needs.,41-2031.00,5223,Butikkmedarbeidere,0.0023,E0,0.0,,,,1.0
449,4,"Økonomiske og administrative fag, andre",8,2430,Receive payment or obtain credit authorization.,41-2022.00,5223,Butikkmedarbeidere,0.0022,E0,0.0,0.0078,66,0.2727,0.8148
449,4,"Økonomiske og administrative fag, andre",9,700,"Recommend, select, and help locate or obtain merchandise based on customer needs and desires.",41-2031.00,5223,Butikkmedarbeidere,0.0022,E2,0.5,0.1157,1153,0.4605,0.9403
449,4,"Økonomiske og administrative fag, andre",10,2487,"Operate computers programmed with accounting software to record, store, and analyze information.",43-3031.00,3313,Regnskapsførere,0.0021,E1,1.0,0.0095,68,0.5441,1.0
452,4,Fysiske og kjemiske fag,1,23666,Read work orders or examine parts to determine parts or sections of products to be produced.,51-9195.00,8131,Operatører innen kjemisk industri,0.0082,E0,0.0,,,,
452,4,Fysiske og kjemiske fag,2,12357,"Monitor material flow or instruments, such as temperature or pressure gauges, indicators, or meters, to ensure optimal processing conditions.",51-9012.00,8131,Operatører innen kjemisk industri,0.0073,E0,0.0,,,,
452,4,Fysiske og kjemiske fag,3,23667,"Trim or remove excess material, using scrapers, knives, or band saws.",51-9195.00,8131,Operatører innen kjemisk industri,0.007,E0,0.0,,,,
452,4,Fysiske og kjemiske fag,4,7112,"Unscrew or tighten pipes, casing, tubing, and pump rods, using hand and power wrenches and tongs.",47-5071.00,8113,Operatører innen boring mv.,0.0026,E0,0.0,,,,
452,4,Fysiske og kjemiske fag,5,12678,"Examine completed work to detect defects and verify conformance to work orders, and adjust machinery as necessary to correct production problems.",51-9196.00,8171,Operatører innen treforedling,0.0024,E0,0.0,,,,
452,4,Fysiske og kjemiske fag,6,21160,Gauge oil and gas production.,53-7073.00,8113,Operatører innen boring mv.,0.0024,E0,0.0,,,,
452,4,Fysiske og kjemiske fag,7,21159,Monitor pumps and flow lines for gas and fluid leaks.,53-7073.00,8113,Operatører innen boring mv.,0.0023,E0,0.0,,,,
452,4,Fysiske og kjemiske fag,8,14373,"Set controls to regulate temperature and length of cycles, and start conveyors, pumps, agitators, and machines.",51-9192.00,8171,Operatører innen treforedling,0.0022,E0,0.0,,,,
452,4,Fysiske og kjemiske fag,9,14369,"Drain, clean, and refill machines or tanks at designated intervals, using cleaning solutions or water.",51-9192.00,8171,Operatører innen treforedling,0.0022,E0,0.0,,,,
452,4,Fysiske og kjemiske fag,10,34,"Review processing schedules or production orders to make decisions concerning inventory requirements, staffing requirements, work procedures, or duty assignments, considering budgetary limitations and time constraints.",11-3051.00,1321,Ledere av industriproduksjon mv.,0.0021,E2,0.5,,,,
454,4,Informasjons- og datateknologi,1,14623,Analyze problems to develop solutions involving computer hardware and software.,15-1221.00,2511,Systemanalytikere/-arkitekter,0.0032,E1,1.0,0.0073,58,0.5862,1.0
454,4,Informasjons- og datateknologi,2,20276,"Examine shipment contents and compare with records, such as manifests, invoices, or orders, to verify accuracy.",43-5071.00,4321,Lagermedarbeidere og material-forvaltere,0.0031,E2,0.5,,,,1.0
454,4,Informasjons- og datateknologi,3,4741,"Confer or correspond with establishment representatives to rectify problems, such as damages, shortages, or nonconformance to specifications.",43-5071.00,4321,Lagermedarbeidere og material-forvaltere,0.0028,E2,0.5,,,,
454,4,Informasjons- og datateknologi,4,1288,"Read technical manuals, confer with users, or conduct computer diagnostics to investigate and resolve problems or to provide technical assistance and support.",15-1232.00,3512,"Brukerstøtte, IKT",0.0028,E1,1.0,0.0075,50,0.4,1.0
454,4,Informasjons- og datateknologi,5,1286,"Set up equipment for employee use, performing or ensuring proper installation of cables, operating systems, or appropriate software.",15-1232.00,3512,"Brukerstøtte, IKT",0.0028,E0,0.0,0.0763,745,0.5383,0.8435
454,4,Informasjons- og datateknologi,6,4739,"Record shipment data, such as weight, charges, space availability, damages, or discrepancies, for reporting, accounting, or recordkeeping purposes.",43-5071.00,4321,Lagermedarbeidere og material-forvaltere,0.0028,E1,1.0,,,,1.0
454,4,Informasjons- og datateknologi,7,20699,"Review financial statements, sales or activity reports, or other performance data to measure productivity or goal achievement or to identify areas needing cost reduction or program improvement.",11-1021.00,1420,Varehandelssjefer,0.0027,E2,0.5,0.0243,223,0.4305,0.8399
454,4,Informasjons- og datateknologi,8,1282,Answer user inquiries regarding computer software or hardware operation to resolve problems.,15-1232.00,3512,"Brukerstøtte, IKT",0.0027,E2,0.5,0.0365,332,0.4157,0.7031
454,4,Informasjons- og datateknologi,9,14629,"Conduct logical analyses of business, scientific, engineering, and other technical problems, formulating mathematical models of problems for solution by computers.",15-1221.00,2511,Systemanalytikere/-arkitekter,0.0027,E1,1.0,0.5036,4962,0.371,0.7254
454,4,Informasjons- og datateknologi,10,14626,"Apply theoretical expertise and innovation to create or apply new technology, such as adapting principles for applying computers to new uses.",15-1221.00,2511,Systemanalytikere/-arkitekter,0.0026,E1,1.0,,,,
455,4,"Utdanninger i elektrofag, mekaniske fag og maskinfag",1,2882,Prepare sketches or follow blueprints to determine the location of wiring or equipment and to ensure conformance to building and safety codes.,47-2111.00,7411,Elektrikere,0.0039,E2,0.5,,,,
455,4,"Utdanninger i elektrofag, mekaniske fag og maskinfag",2,2888,"Place conduit, pipes, or tubing, inside designated partitions, walls, or other concealed areas, and pull insulated wires or cables through the conduit to complete circuits between boxes.",47-2111.00,7411,Elektrikere,0.0039,E0,0.0,,,,
455,4,"Utdanninger i elektrofag, mekaniske fag og maskinfag",3,2887,"Work from ladders, scaffolds, or roofs to install, maintain, or repair electrical wiring, equipment, or fixtures.",47-2111.00,7411,Elektrikere,0.0038,E0,0.0,,,,
455,4,"Utdanninger i elektrofag, mekaniske fag og maskinfag",4,2918,"Requisition materials and supplies, such as tools, equipment, or replacement parts.",49-1011.00,7233,Anleggsmaskin- og industrimekanikere,0.0021,E2,0.5,,,,
455,4,"Utdanninger i elektrofag, mekaniske fag og maskinfag",5,15263,"Inspect and monitor work areas, examine tools and equipment, and provide employee safety training to prevent, detect, and correct unsafe conditions or violations of procedures and safety rules.",49-1011.00,7233,Anleggsmaskin- og industrimekanikere,0.002,E0,0.0,,,,
455,4,"Utdanninger i elektrofag, mekaniske fag og maskinfag",6,2914,Monitor employees' work levels and review work performance.,49-1011.00,7233,Anleggsmaskin- og industrimekanikere,0.002,E2,0.5,,,,
455,4,"Utdanninger i elektrofag, mekaniske fag og maskinfag",7,20699,"Review financial statements, sales or activity reports, or other performance data to measure productivity or goal achievement or to identify areas needing cost reduction or program improvement.",11-1021.00,1420,Varehandelssjefer,0.0016,E2,0.5,0.0243,223,0.4305,0.8399
455,4,"Utdanninger i elektrofag, mekaniske fag og maskinfag",8,21975,"Modify, maintain, or repair electronics equipment or systems to ensure proper functioning.",17-3023.00,3114,Elektronikkingeniører,0.0015,E0,0.0,,,,
455,4,"Utdanninger i elektrofag, mekaniske fag og maskinfag",9,20705,"Perform personnel functions, such as selection, training, or evaluation.",11-1021.00,1420,Varehandelssjefer,0.0014,E2,0.5,,,,
455,4,"Utdanninger i elektrofag, mekaniske fag og maskinfag",10,9544,Notify managers concerning the need for major repairs or additions to building operating systems.,37-2011.00,5153,Vaktmestre,0.0014,E0,0.0,,,,
457,4,Bygg- og anleggsfag,1,23430,Follow established safety rules and regulations and maintain a safe and clean environment.,47-2031.00,7115,Tømrere og snekkere,0.0124,E0,0.0,,,,
457,4,Bygg- og anleggsfag,2,23432,"Measure and mark cutting lines on materials, using a ruler, pencil, chalk, and marking gauge.",47-2031.00,7115,Tømrere og snekkere,0.0111,E0,0.0,,,,
457,4,Bygg- og anleggsfag,3,23431,"Study specifications in blueprints, sketches, or building plans to prepare project layout and determine dimensions and materials required.",47-2031.00,7115,Tømrere og snekkere,0.0102,E2,0.5,,,,1.0
457,4,Bygg- og anleggsfag,4,11536,"Grade or level trench bases, using tamping machines or hand tools.",47-2151.00,7126,Rørleggere og VVS-montører,0.0042,E0,0.0,,,,
457,4,Bygg- og anleggsfag,5,11539,"Dig trenches to desired or required depths, by hand or using trenching tools.",47-2151.00,7126,Rørleggere og VVS-montører,0.0042,E0,0.0,,,,
457,4,Bygg- og anleggsfag,6,11533,Cut pipes to required lengths.,47-2151.00,7126,Rørleggere og VVS-montører,0.0042,E0,0.0,,,,
457,4,Bygg- og anleggsfag,7,14903,"Drive pilings to provide support for buildings or other structures, using heavy equipment with a pile driver head.",47-2072.00,8342,Anleggsmaskinførere,0.0037,E0,0.0,,,,
457,4,Bygg- og anleggsfag,8,14902,Conduct pre-operational checks on equipment to ensure proper functioning.,47-2072.00,8342,Anleggsmaskinførere,0.0036,E0,0.0,,,,
457,4,Bygg- og anleggsfag,9,14904,"Move levers and turn valves to activate power hammers, or to raise and lower drophammers that drive piles to required depths.",47-2072.00,8342,Anleggsmaskinførere,0.0036,E0,0.0,,,,
457,4,Bygg- og anleggsfag,10,20291,"Inspect work progress, equipment, or construction sites to verify safety or to ensure that specifications are met.",47-1011.00,3123,"Arbeidsleder, bygg og anlegg",0.0035,E2,0.5,,,,
458,4,Fabrikasjon og utvinning,1,2187,"Clean food preparation equipment, work areas, and counters or tables.",35-2015.00,5120,Kokker,0.0051,E0,0.0,,,,
458,4,Fabrikasjon og utvinning,2,18725,"Restock kitchen supplies, rotate food, and stamp the time and date on food in coolers.",35-2015.00,5120,Kokker,0.0049,E0,0.0,,,,
458,4,Fabrikasjon og utvinning,3,18726,"Perform food preparation tasks, such as making sandwiches, carving meats, making soups or salads, baking breads or desserts, and brewing coffee or tea.",35-2015.00,5120,Kokker,0.0046,E0,0.0,,,,
458,4,Fabrikasjon og utvinning,4,20699,"Review financial statements, sales or activity reports, or other performance data to measure productivity or goal achievement or to identify areas needing cost reduction or program improvement.",11-1021.00,1420,Varehandelssjefer,0.003,E2,0.5,0.0243,223,0.4305,0.8399
458,4,Fabrikasjon og utvinning,5,20705,"Perform personnel functions, such as selection, training, or evaluation.",11-1021.00,1420,Varehandelssjefer,0.0026,E2,0.5,,,,
458,4,Fabrikasjon og utvinning,6,20700,Direct administrative activities directly related to making products or providing services.,11-1021.00,1420,Varehandelssjefer,0.0025,E2,0.5,,,,
458,4,Fabrikasjon og utvinning,7,694,Greet customers and ascertain what each customer wants or needs.,41-2031.00,5223,Butikkmedarbeidere,0.0019,E0,0.0,,,,1.0
458,4,Fabrikasjon og utvinning,8,2430,Receive payment or obtain credit authorization.,41-2022.00,5223,Butikkmedarbeidere,0.0018,E0,0.0,0.0078,66,0.2727,0.8148
458,4,Fabrikasjon og utvinning,9,700,"Recommend, select, and help locate or obtain merchandise based on customer needs and desires.",41-2031.00,5223,Butikkmedarbeidere,0.0018,E2,0.5,0.1157,1153,0.4605,0.9403
458,4,Fabrikasjon og utvinning,10,11916,"Set oven temperatures, and place items into hot ovens for baking.",51-3011.00,7512,"Bakere, konditorer mv.",0.0016,E0,0.0,,,,
459,4,"Naturvitenskapelige fag, håndverksfag og tekniske fag, andre",1,23430,Follow established safety rules and regulations and maintain a safe and clean environment.,47-2031.00,7115,Tømrere og snekkere,0.0066,E0,0.0,,,,
459,4,"Naturvitenskapelige fag, håndverksfag og tekniske fag, andre",2,23432,"Measure and mark cutting lines on materials, using a ruler, pencil, chalk, and marking gauge.",47-2031.00,7115,Tømrere og snekkere,0.006,E0,0.0,,,,
459,4,"Naturvitenskapelige fag, håndverksfag og tekniske fag, andre",3,23431,"Study specifications in blueprints, sketches, or building plans to prepare project layout and determine dimensions and materials required.",47-2031.00,7115,Tømrere og snekkere,0.0055,E2,0.5,,,,1.0
459,4,"Naturvitenskapelige fag, håndverksfag og tekniske fag, andre",4,9544,Notify managers concerning the need for major repairs or additions to building operating systems.,37-2011.00,5153,Vaktmestre,0.0032,E0,0.0,,,,
459,4,"Naturvitenskapelige fag, håndverksfag og tekniske fag, andre",5,9539,Gather and empty trash.,37-2011.00,5153,Vaktmestre,0.0031,E0,0.0,,,,
459,4,"Naturvitenskapelige fag, håndverksfag og tekniske fag, andre",6,9538,"Service, clean, or supply restrooms.",37-2011.00,5153,Vaktmestre,0.003,E0,0.0,,,,
459,4,"Naturvitenskapelige fag, håndverksfag og tekniske fag, andre",7,4992,"Inspect parts, equipment, or vehicles for cleanliness, damage, and compliance with standards or regulations.",53-7061.00,9112,Renholdere i virksomheter,0.0016,E2,0.5,,,,
459,4,"Naturvitenskapelige fag, håndverksfag og tekniske fag, andre",8,13819,"Reline or repair ladles and pouring spouts with refractory clay, using trowels.",49-9045.00,7112,Murere,0.0016,E0,0.0,,,,
459,4,"Naturvitenskapelige fag, håndverksfag og tekniske fag, andre",9,4996,Clean and polish vehicle windows.,53-7061.00,9112,Renholdere i virksomheter,0.0016,E0,0.0,,,,
459,4,"Naturvitenskapelige fag, håndverksfag og tekniske fag, andre",10,9561,"Clean rooms, hallways, lobbies, lounges, restrooms, corridors, elevators, stairways, locker rooms, and other work areas so that health standards are met.",37-2012.00,9112,Renholdere i virksomheter,0.0016,E0,0.0,,,,
461,4,Pleie- og omsorgsfag,1,20578,Listen and provide emotional support and encouragement to psychiatric patients.,31-1133.00,5321,Helsefagarbeidere,0.0315,E0,0.0,0.0071,34,0.0,
461,4,Pleie- og omsorgsfag,2,18696,Complete physical checks and monitor patients to detect unusual or harmful behavior and report observations to professional staff.,31-1133.00,5321,Helsefagarbeidere,0.0292,E0,0.0,,,,
461,4,Pleie- og omsorgsfag,3,2005,Maintain patients' restrictions to assigned areas.,31-1133.00,5321,Helsefagarbeidere,0.0274,E0,0.0,,,,
461,4,Pleie- og omsorgsfag,4,13140,Train workers in proper operational procedures and functions and explain company policies.,39-1022.00,5311,Barnehage- og skolefritidsassistenter mv.,0.0006,E0,0.0,,,,
461,4,Pleie- og omsorgsfag,5,13142,Meet with managers or other supervisors to stay informed of changes affecting operations.,39-1022.00,5311,Barnehage- og skolefritidsassistenter mv.,0.0006,E0,0.0,,,,
461,4,Pleie- og omsorgsfag,6,13138,"Assign work schedules, following work requirements, to ensure quality and timely delivery of service.",39-1022.00,5311,Barnehage- og skolefritidsassistenter mv.,0.0006,E2,0.5,,,,
461,4,Pleie- og omsorgsfag,7,830,"Operate office machines, such as photocopiers and scanners, facsimile machines, voice mail systems, and personal computers.",43-9061.00,4110,Kontormedarbeidere,0.0005,E0,0.0,0.023,221,0.5068,1.0
461,4,Pleie- og omsorgsfag,8,826,"Communicate with customers, employees, and other individuals to answer questions, disseminate or explain information, take orders, and address complaints.",43-9061.00,4110,Kontormedarbeidere,0.0005,E2,0.5,0.0103,60,0.5333,1.0
461,4,Pleie- og omsorgsfag,9,827,"Answer telephones, direct calls, and take messages.",43-9061.00,4110,Kontormedarbeidere,0.0005,E2,0.5,0.0109,24,1.0,1.0
461,4,Pleie- og omsorgsfag,10,17535,Document clients' progress toward meeting established treatment objectives.,31-9099.01,5329,Andre pleiemedarbeidere,0.0004,E1,1.0,,,,
462,4,Sosialfag,1,13140,Train workers in proper operational procedures and functions and explain company policies.,39-1022.00,5311,Barnehage- og skolefritidsassistenter mv.,0.0217,E0,0.0,,,,
462,4,Sosialfag,2,13142,Meet with managers or other supervisors to stay informed of changes affecting operations.,39-1022.00,5311,Barnehage- og skolefritidsassistenter mv.,0.021,E0,0.0,,,,
462,4,Sosialfag,3,13138,"Assign work schedules, following work requirements, to ensure quality and timely delivery of service.",39-1022.00,5311,Barnehage- og skolefritidsassistenter mv.,0.0205,E2,0.5,,,,
462,4,Sosialfag,4,20578,Listen and provide emotional support and encouragement to psychiatric patients.,31-1133.00,5321,Helsefagarbeidere,0.0026,E0,0.0,0.0071,34,0.0,
462,4,Sosialfag,5,18696,Complete physical checks and monitor patients to detect unusual or harmful behavior and report observations to professional staff.,31-1133.00,5321,Helsefagarbeidere,0.0024,E0,0.0,,,,
462,4,Sosialfag,6,2005,Maintain patients' restrictions to assigned areas.,31-1133.00,5321,Helsefagarbeidere,0.0022,E0,0.0,,,,
462,4,Sosialfag,7,694,Greet customers and ascertain what each customer wants or needs.,41-2031.00,5223,Butikkmedarbeidere,0.0014,E0,0.0,,,,1.0
462,4,Sosialfag,8,2430,Receive payment or obtain credit authorization.,41-2022.00,5223,Butikkmedarbeidere,0.0014,E0,0.0,0.0078,66,0.2727,0.8148
462,4,Sosialfag,9,700,"Recommend, select, and help locate or obtain merchandise based on customer needs and desires.",41-2031.00,5223,Butikkmedarbeidere,0.0014,E2,0.5,0.1157,1153,0.4605,0.9403
462,4,Sosialfag,10,22478,"Supervise students in classrooms, halls, cafeterias, school yards, and gymnasiums, or on field trips.",25-9042.00,5312,Skoleassistenter,0.0011,E0,0.0,,,,
464,4,Tannhelsefag,1,17535,Document clients' progress toward meeting established treatment objectives.,31-9099.01,5329,Andre pleiemedarbeidere,0.0108,E1,1.0,,,,
464,4,Tannhelsefag,2,17532,Implement treatment plans or protocols as directed by speech-language pathologists.,31-9099.01,5329,Andre pleiemedarbeidere,0.0106,E2,0.5,,,,
464,4,Tannhelsefag,3,17534,Collect and compile data to document clients' performance or assess program quality.,31-9099.01,5329,Andre pleiemedarbeidere,0.0105,E1,1.0,,,,
464,4,Tannhelsefag,4,17441,Train clients to use hearing aids or other augmentative communication devices.,29-2092.00,3214,Protese- og tannteknikere,0.0013,E0,0.0,,,,
464,4,Tannhelsefag,5,21189,Counsel patients and families on communication strategies and the effects of hearing loss.,29-2092.00,3214,Protese- og tannteknikere,0.0013,E0,0.0,,,,
464,4,Tannhelsefag,6,17443,Maintain or repair hearing aids or other communication devices.,29-2092.00,3214,Protese- og tannteknikere,0.0012,E0,0.0,,,,
464,4,Tannhelsefag,7,694,Greet customers and ascertain what each customer wants or needs.,41-2031.00,5223,Butikkmedarbeidere,0.0011,E0,0.0,,,,1.0
464,4,Tannhelsefag,8,2430,Receive payment or obtain credit authorization.,41-2022.00,5223,Butikkmedarbeidere,0.001,E0,0.0,0.0078,66,0.2727,0.8148
464,4,Tannhelsefag,9,700,"Recommend, select, and help locate or obtain merchandise based on customer needs and desires.",41-2031.00,5223,Butikkmedarbeidere,0.001,E2,0.5,0.1157,1153,0.4605,0.9403
464,4,Tannhelsefag,10,830,"Operate office machines, such as photocopiers and scanners, facsimile machines, voice mail systems, and personal computers.",43-9061.00,4110,Kontormedarbeidere,0.0009,E0,0.0,0.023,221,0.5068,1.0
465,4,Terapeutiske fag,1,20578,Listen and provide emotional support and encouragement to psychiatric patients.,31-1133.00,5321,Helsefagarbeidere,0.0175,E0,0.0,0.0071,34,0.0,
465,4,Terapeutiske fag,2,18696,Complete physical checks and monitor patients to detect unusual or harmful behavior and report observations to professional staff.,31-1133.00,5321,Helsefagarbeidere,0.0162,E0,0.0,,,,
465,4,Terapeutiske fag,3,2005,Maintain patients' restrictions to assigned areas.,31-1133.00,5321,Helsefagarbeidere,0.0152,E0,0.0,,,,
465,4,Terapeutiske fag,4,14818,"Massage, shampoo, and condition patron's hair and scalp to clean them and remove excess oil.",39-5093.00,5142,Kosmetologer mv.,0.0046,E0,0.0,,,,
465,4,Terapeutiske fag,5,14819,Advise patrons with chronic or potentially contagious scalp conditions to seek medical treatment.,39-5093.00,5142,Kosmetologer mv.,0.0035,E0,0.0,,,,
465,4,Terapeutiske fag,6,13140,Train workers in proper operational procedures and functions and explain company policies.,39-1022.00,5311,Barnehage- og skolefritidsassistenter mv.,0.0032,E0,0.0,,,,
465,4,Terapeutiske fag,7,13142,Meet with managers or other supervisors to stay informed of changes affecting operations.,39-1022.00,5311,Barnehage- og skolefritidsassistenter mv.,0.0031,E0,0.0,,,,
465,4,Terapeutiske fag,8,13138,"Assign work schedules, following work requirements, to ensure quality and timely delivery of service.",39-1022.00,5311,Barnehage- og skolefritidsassistenter mv.,0.003,E2,0.5,,,,
465,4,Terapeutiske fag,9,14820,"Treat scalp conditions and hair loss, using specialized lotions, shampoos, or equipment such as infrared lamps or vibrating equipment.",39-5093.00,5142,Kosmetologer mv.,0.003,E0,0.0,0.0094,85,0.2,
465,4,Terapeutiske fag,10,20699,"Review financial statements, sales or activity reports, or other performance data to measure productivity or goal achievement or to identify areas needing cost reduction or program improvement.",11-1021.00,1420,Varehandelssjefer,0.0029,E2,0.5,0.0243,223,0.4305,0.8399
466,4,Apotekfag,1,694,Greet customers and ascertain what each customer wants or needs.,41-2031.00,5223,Butikkmedarbeidere,0.0251,E0,0.0,,,,1.0
466,4,Apotekfag,2,2430,Receive payment or obtain credit authorization.,41-2022.00,5223,Butikkmedarbeidere,0.0242,E0,0.0,0.0078,66,0.2727,0.8148
466,4,Apotekfag,3,700,"Recommend, select, and help locate or obtain merchandise based on customer needs and desires.",41-2031.00,5223,Butikkmedarbeidere,0.024,E2,0.5,0.1157,1153,0.4605,0.9403
466,4,Apotekfag,4,830,"Operate office machines, such as photocopiers and scanners, facsimile machines, voice mail systems, and personal computers.",43-9061.00,4110,Kontormedarbeidere,0.0011,E0,0.0,0.023,221,0.5068,1.0
466,4,Apotekfag,5,20699,"Review financial statements, sales or activity reports, or other performance data to measure productivity or goal achievement or to identify areas needing cost reduction or program improvement.",11-1021.00,1420,Varehandelssjefer,0.0011,E2,0.5,0.0243,223,0.4305,0.8399
466,4,Apotekfag,6,826,"Communicate with customers, employees, and other individuals to answer questions, disseminate or explain information, take orders, and address complaints.",43-9061.00,4110,Kontormedarbeidere,0.0011,E2,0.5,0.0103,60,0.5333,1.0
466,4,Apotekfag,7,827,"Answer telephones, direct calls, and take messages.",43-9061.00,4110,Kontormedarbeidere,0.001,E2,0.5,0.0109,24,1.0,1.0
466,4,Apotekfag,8,20578,Listen and provide emotional support and encouragement to psychiatric patients.,31-1133.00,5321,Helsefagarbeidere,0.001,E0,0.0,0.0071,34,0.0,
466,4,Apotekfag,9,20705,"Perform personnel functions, such as selection, training, or evaluation.",11-1021.00,1420,Varehandelssjefer,0.001,E2,0.5,,,,
466,4,Apotekfag,10,20700,Direct administrative activities directly related to making products or providing services.,11-1021.00,1420,Varehandelssjefer,0.0009,E2,0.5,,,,
468,4,Idrettsfag,1,694,Greet customers and ascertain what each customer wants or needs.,41-2031.00,5223,Butikkmedarbeidere,0.0046,E0,0.0,,,,1.0
468,4,Idrettsfag,2,2430,Receive payment or obtain credit authorization.,41-2022.00,5223,Butikkmedarbeidere,0.0045,E0,0.0,0.0078,66,0.2727,0.8148
468,4,Idrettsfag,3,700,"Recommend, select, and help locate or obtain merchandise based on customer needs and desires.",41-2031.00,5223,Butikkmedarbeidere,0.0044,E2,0.5,0.1157,1153,0.4605,0.9403
468,4,Idrettsfag,4,16626,"Interpret the results of all methods of non-destructive testing (NDT), such as acoustic emission, electromagnetic, leak, liquid penetrant, magnetic particle, neutron radiographic, radiographic, thermal or infrared, ultrasonic, vibration analysis, and visual testing.",17-3029.01,0310,Menige,0.0037,E2,0.5,,,,
468,4,Idrettsfag,5,16620,"Interpret or evaluate test results in accordance with applicable codes, standards, specifications, or procedures.",17-3029.01,0310,Menige,0.0037,E2,0.5,,,,
468,4,Idrettsfag,6,16625,Prepare reports on non-destructive testing results.,17-3029.01,0310,Menige,0.0037,E2,0.5,,,,1.0
468,4,Idrettsfag,7,20699,"Review financial statements, sales or activity reports, or other performance data to measure productivity or goal achievement or to identify areas needing cost reduction or program improvement.",11-1021.00,1420,Varehandelssjefer,0.0031,E2,0.5,0.0243,223,0.4305,0.8399
468,4,Idrettsfag,8,20705,"Perform personnel functions, such as selection, training, or evaluation.",11-1021.00,1420,Varehandelssjefer,0.0028,E2,0.5,,,,
468,4,Idrettsfag,9,20700,Direct administrative activities directly related to making products or providing services.,11-1021.00,1420,Varehandelssjefer,0.0027,E2,0.5,,,,
468,4,Idrettsfag,10,13036,Maintain equipment used in a particular sport.,27-2021.00,3421,Idrettsutøvere,0.0017,E0,0.0,,,,
469,4,"Helse-, sosial- og idrettsfag, andre",1,9561,"Clean rooms, hallways, lobbies, lounges, restrooms, corridors, elevators, stairways, locker rooms, and other work areas so that health standards are met.",37-2012.00,9112,Renholdere i virksomheter,0.0093,E0,0.0,,,,
469,4,"Helse-, sosial- og idrettsfag, andre",2,9544,Notify managers concerning the need for major repairs or additions to building operating systems.,37-2011.00,9112,Renholdere i virksomheter,0.0092,E0,0.0,,,,
469,4,"Helse-, sosial- og idrettsfag, andre",3,9539,Gather and empty trash.,37-2011.00,9112,Renholdere i virksomheter,0.0091,E0,0.0,,,,
469,4,"Helse-, sosial- og idrettsfag, andre",4,2024,"Interview patients to obtain medical information and measure their vital signs, weight, and height.",31-9092.00,3256,Helsesekretærer,0.0083,E2,0.5,,,,
469,4,"Helse-, sosial- og idrettsfag, andre",5,2033,Clean and sterilize instruments and dispose of contaminated supplies.,31-9092.00,3256,Helsesekretærer,0.0082,E0,0.0,,,,
469,4,"Helse-, sosial- og idrettsfag, andre",6,2032,"Prepare treatment rooms for patient examinations, keeping the rooms neat and clean.",31-9092.00,3256,Helsesekretærer,0.0082,E0,0.0,,,,
469,4,"Helse-, sosial- og idrettsfag, andre",7,20578,Listen and provide emotional support and encouragement to psychiatric patients.,31-1133.00,5321,Helsefagarbeidere,0.002,E0,0.0,0.0071,34,0.0,
469,4,"Helse-, sosial- og idrettsfag, andre",8,18696,Complete physical checks and monitor patients to detect unusual or harmful behavior and report observations to professional staff.,31-1133.00,5321,Helsefagarbeidere,0.0019,E0,0.0,,,,
469,4,"Helse-, sosial- og idrettsfag, andre",9,2005,Maintain patients' restrictions to assigned areas.,31-1133.00,5321,Helsefagarbeidere,0.0018,E0,0.0,,,,
469,4,"Helse-, sosial- og idrettsfag, andre",10,830,"Operate office machines, such as photocopiers and scanners, facsimile machines, voice mail systems, and personal computers.",43-9061.00,4110,Kontormedarbeidere,0.0017,E0,0.0,0.023,221,0.5068,1.0
471,4,Fiske og havbruk,1,8232,"Feed and water animals, and clean and disinfect pens, cages, yards, and hutches.",45-2021.00,6221,Havbruksarbeidere,0.0219,E0,0.0,,,,
471,4,Fiske og havbruk,2,8235,"Select animals to be bred, and semen specimens to be used, according to knowledge of animals, genealogies, traits, and desired offspring characteristics.",45-2021.00,6221,Havbruksarbeidere,0.021,E2,0.5,,,,
471,4,Fiske og havbruk,3,8237,"Observe animals in heat to detect approach of estrus and exercise animals to induce or hasten estrus, if necessary.",45-2021.00,6221,Havbruksarbeidere,0.0205,E0,0.0,,,,
471,4,Fiske og havbruk,4,34,"Review processing schedules or production orders to make decisions concerning inventory requirements, staffing requirements, work procedures, or duty assignments, considering budgetary limitations and time constraints.",11-3051.00,1321,Ledere av industriproduksjon mv.,0.0037,E2,0.5,,,,
471,4,Fiske og havbruk,5,32,"Direct or coordinate production, processing, distribution, or marketing activities of industrial organizations.",11-3051.00,1321,Ledere av industriproduksjon mv.,0.0037,E2,0.5,,,,
471,4,Fiske og havbruk,6,35,Review operations and confer with technical or administrative staff to resolve production or processing problems.,11-3051.00,1321,Ledere av industriproduksjon mv.,0.0036,E2,0.5,,,,
471,4,Fiske og havbruk,7,14536,"Follow safety procedures to ensure the protection of passengers, cargo, and vessels.",53-5022.00,8350,Dekks- og maskinmannskap (skip),0.0022,E0,0.0,,,,
471,4,Fiske og havbruk,8,14537,Operate engine throttles and steering mechanisms to guide boats on desired courses.,53-5022.00,8350,Dekks- og maskinmannskap (skip),0.0022,E0,0.0,,,,
471,4,Fiske og havbruk,9,14540,"Secure boats to docks with mooring lines, and cast off lines to enable departure.",53-5022.00,8350,Dekks- og maskinmannskap (skip),0.002,E0,0.0,,,,
471,4,Fiske og havbruk,10,21370,"Collect and record growth, production, and environmental data.",11-9013.00,1312,Ledere innen akvakultur mv.,0.0018,E2,0.5,,,,
473,4,Gartneri og hagebruk,1,13356,Observe and listen to machinery operation to detect equipment malfunctions.,45-2091.00,6113,Gartnere,0.0113,E0,0.0,,,,
473,4,Gartneri og hagebruk,2,13359,"Operate or tend equipment used in agricultural production, such as tractors, combines, and irrigation equipment.",45-2091.00,6113,Gartnere,0.0112,E0,0.0,,,,
473,4,Gartneri og hagebruk,3,13364,"Attach farm implements such as plows, discs, sprayers, or harvesters to tractors, using bolts and hand tools.",45-2091.00,6113,Gartnere,0.0107,E0,0.0,,,,
473,4,Gartneri og hagebruk,4,9544,Notify managers concerning the need for major repairs or additions to building operating systems.,37-2011.00,5153,Vaktmestre,0.0044,E0,0.0,,,,
473,4,Gartneri og hagebruk,5,9539,Gather and empty trash.,37-2011.00,5153,Vaktmestre,0.0044,E0,0.0,,,,
473,4,Gartneri og hagebruk,6,9538,"Service, clean, or supply restrooms.",37-2011.00,5153,Vaktmestre,0.0042,E0,0.0,,,,
473,4,Gartneri og hagebruk,7,20291,"Inspect work progress, equipment, or construction sites to verify safety or to ensure that specifications are met.",47-1011.00,3123,"Arbeidsleder, bygg og anlegg",0.0042,E2,0.5,,,,
473,4,Gartneri og hagebruk,8,11426,"Supervise, coordinate, or schedule the activities of construction or extractive workers.",47-1011.00,3123,"Arbeidsleder, bygg og anlegg",0.004,E2,0.5,,,,1.0
473,4,Gartneri og hagebruk,9,11432,"Assign work to employees, based on material or worker requirements of specific jobs.",47-1011.00,3123,"Arbeidsleder, bygg og anlegg",0.0039,E2,0.5,,,,1.0
473,4,Gartneri og hagebruk,10,14903,"Drive pilings to provide support for buildings or other structures, using heavy equipment with a pile driver head.",47-2072.00,8342,Anleggsmaskinførere,0.0031,E0,0.0,,,,
474,4,Skogbruk,1,9802,"Inspect equipment for safety prior to use, and perform necessary basic maintenance tasks.",45-4022.00,8341,Jordbruks- og skogbruksmaskinførere,0.0275,E0,0.0,,,,
474,4,Skogbruk,2,9803,"Drive straight or articulated tractors equipped with accessories such as bulldozer blades, grapples, logging arches, cable winches, and crane booms to skid, load, unload, or stack logs, pull stumps, or clear brush.",45-4022.00,8341,Jordbruks- og skogbruksmaskinførere,0.0248,E0,0.0,,,,
474,4,Skogbruk,3,9807,"Control hydraulic tractors equipped with tree clamps and booms to lift, swing, and bunch sheared trees.",45-4022.00,8341,Jordbruks- og skogbruksmaskinførere,0.0218,E0,0.0,,,,
474,4,Skogbruk,4,5566,"Thin and space trees and control weeds and undergrowth, using manual tools and chemicals, or supervise workers performing these tasks.",19-4071.00,3143,Skogteknikere,0.0084,E0,0.0,,,,
474,4,Skogbruk,5,5570,"Provide information about, and enforce, regulations, such as those concerning environmental protection, resource utilization, fire safety, and accident prevention.",19-4071.00,3143,Skogteknikere,0.0079,E2,0.5,0.0031,17,0.0,
474,4,Skogbruk,6,5563,"Train and lead forest and conservation workers in seasonal activities, such as planting tree seedlings, putting out forest fires, and maintaining recreational facilities.",19-4071.00,3143,Skogteknikere,0.0075,E0,0.0,,,,
474,4,Skogbruk,7,9811,"Evaluate log characteristics and determine grades, using established criteria.",45-4023.00,6210,Skogbrukere,0.0037,E2,0.5,,,,
474,4,Skogbruk,8,7026,Check equipment to ensure that it is operating properly.,45-4011.00,6210,Skogbrukere,0.0034,E0,0.0,,,,
474,4,Skogbruk,9,9812,Record data about individual trees or load volumes into tally books or hand-held collection terminals.,45-4023.00,6210,Skogbrukere,0.0031,E2,0.5,,,,
474,4,Skogbruk,10,14903,"Drive pilings to provide support for buildings or other structures, using heavy equipment with a pile driver head.",47-2072.00,8342,Anleggsmaskinførere,0.0029,E0,0.0,,,,
479,4,"Primærnæringsfag, andre",1,694,Greet customers and ascertain what each customer wants or needs.,41-2031.00,5223,Butikkmedarbeidere,0.0036,E0,0.0,,,,1.0
479,4,"Primærnæringsfag, andre",2,2430,Receive payment or obtain credit authorization.,41-2022.00,5223,Butikkmedarbeidere,0.0035,E0,0.0,0.0078,66,0.2727,0.8148
479,4,"Primærnæringsfag, andre",3,700,"Recommend, select, and help locate or obtain merchandise based on customer needs and desires.",41-2031.00,5223,Butikkmedarbeidere,0.0034,E2,0.5,0.1157,1153,0.4605,0.9403
479,4,"Primærnæringsfag, andre",4,8232,"Feed and water animals, and clean and disinfect pens, cages, yards, and hutches.",45-2021.00,6121,Melke- og husdyrprodusenter,0.0029,E0,0.0,,,,
479,4,"Primærnæringsfag, andre",5,8235,"Select animals to be bred, and semen specimens to be used, according to knowledge of animals, genealogies, traits, and desired offspring characteristics.",45-2021.00,6121,Melke- og husdyrprodusenter,0.0028,E2,0.5,,,,
479,4,"Primærnæringsfag, andre",6,8237,"Observe animals in heat to detect approach of estrus and exercise animals to induce or hasten estrus, if necessary.",45-2021.00,6121,Melke- og husdyrprodusenter,0.0027,E0,0.0,,,,
479,4,"Primærnæringsfag, andre",7,20699,"Review financial statements, sales or activity reports, or other performance data to measure productivity or goal achievement or to identify areas needing cost reduction or program improvement.",11-1021.00,1420,Varehandelssjefer,0.0026,E2,0.5,0.0243,223,0.4305,0.8399
479,4,"Primærnæringsfag, andre",8,20705,"Perform personnel functions, such as selection, training, or evaluation.",11-1021.00,1420,Varehandelssjefer,0.0023,E2,0.5,,,,
479,4,"Primærnæringsfag, andre",9,13356,Observe and listen to machinery operation to detect equipment malfunctions.,45-2091.00,6130,Plante- og husdyrprodusenter (kombinasjonsbruk),0.0023,E0,0.0,,,,
479,4,"Primærnæringsfag, andre",10,13359,"Operate or tend equipment used in agricultural production, such as tractors, combines, and irrigation equipment.",45-2091.00,6130,Plante- og husdyrprodusenter (kombinasjonsbruk),0.0023,E0,0.0,,,,
481,4,Samferdsel,1,8584,Enforce safety rules and regulations.,53-1043.00,8332,Lastebil- og trailersjåfører,0.0085,E0,0.0,,,,
481,4,Samferdsel,2,8588,Resolve worker problems or collaborate with employees to assist in problem resolution.,53-1043.00,8332,Lastebil- og trailersjåfører,0.0077,E0,0.0,,,,
481,4,Samferdsel,3,8593,"Interpret transportation or tariff regulations, shipping orders, safety regulations, or company policies and procedures for workers.",53-1043.00,8332,Lastebil- og trailersjåfører,0.0076,E1,1.0,,,,
481,4,Samferdsel,4,20276,"Examine shipment contents and compare with records, such as manifests, invoices, or orders, to verify accuracy.",43-5071.00,4321,Lagermedarbeidere og material-forvaltere,0.0065,E2,0.5,,,,1.0
481,4,Samferdsel,5,4741,"Confer or correspond with establishment representatives to rectify problems, such as damages, shortages, or nonconformance to specifications.",43-5071.00,4321,Lagermedarbeidere og material-forvaltere,0.0059,E2,0.5,,,,
481,4,Samferdsel,6,4739,"Record shipment data, such as weight, charges, space availability, damages, or discrepancies, for reporting, accounting, or recordkeeping purposes.",43-5071.00,4321,Lagermedarbeidere og material-forvaltere,0.0058,E1,1.0,,,,1.0
481,4,Samferdsel,7,11364,Confer with department supervisors or other personnel to assess progress and discuss needed changes.,43-5061.00,4322,Logistikkmedarbeidere,0.0039,E0,0.0,,,,
481,4,Samferdsel,8,11370,Distribute production schedules or work orders to departments.,43-5061.00,4322,Logistikkmedarbeidere,0.0038,E1,1.0,,,,
481,4,Samferdsel,9,11372,"Arrange for delivery, assembly, or distribution of supplies or parts to expedite flow of materials and meet production schedules.",43-5061.00,4322,Logistikkmedarbeidere,0.0035,E2,0.5,,,,
481,4,Samferdsel,10,2723,"Schedule or dispatch workers, work crews, equipment, or service vehicles to appropriate locations, according to customer requests, specifications, or needs, using radios or telephones.",43-5032.00,4323,Transportfunksjonærer,0.0029,E2,0.5,,,,1.0
482,4,Sikkerhet,1,4408,"Report all violations and suspicious behaviors to supervisors, verbally or in writing.",33-9031.00,5414,Vektere,0.018,E1,1.0,,,,
482,4,Sikkerhet,2,4409,Monitor establishment activities to ensure adherence to all state gaming regulations and company policies and procedures.,33-9031.00,5414,Vektere,0.0178,E0,0.0,,,,1.0
482,4,Sikkerhet,3,21145,Develop and maintain log of surveillance observations.,33-9031.00,5414,Vektere,0.0176,E1,1.0,,,,
482,4,Sikkerhet,4,9544,Notify managers concerning the need for major repairs or additions to building operating systems.,37-2011.00,5153,Vaktmestre,0.0022,E0,0.0,,,,
482,4,Sikkerhet,5,9539,Gather and empty trash.,37-2011.00,5153,Vaktmestre,0.0022,E0,0.0,,,,
482,4,Sikkerhet,6,9538,"Service, clean, or supply restrooms.",37-2011.00,5153,Vaktmestre,0.0021,E0,0.0,,,,
482,4,Sikkerhet,7,2723,"Schedule or dispatch workers, work crews, equipment, or service vehicles to appropriate locations, according to customer requests, specifications, or needs, using radios or telephones.",43-5032.00,4323,Transportfunksjonærer,0.0018,E2,0.5,,,,1.0
482,4,Sikkerhet,8,2727,Prepare daily work and run schedules.,43-5032.00,4323,Transportfunksjonærer,0.0016,E2,0.5,,,,
482,4,Sikkerhet,9,2731,"Record and maintain files or records of customer requests, work or services performed, charges, expenses, inventory, or other dispatch information.",43-5032.00,4323,Transportfunksjonærer,0.0016,E1,1.0,,,,
482,4,Sikkerhet,10,16626,"Interpret the results of all methods of non-destructive testing (NDT), such as acoustic emission, electromagnetic, leak, liquid penetrant, magnetic particle, neutron radiographic, radiographic, thermal or infrared, ultrasonic, vibration analysis, and visual testing.",17-3029.01,0310,Menige,0.0015,E2,0.5,,,,
483,4,Andre servicefag,1,13140,Train workers in proper operational procedures and functions and explain company policies.,39-1022.00,5141,Frisører,0.0075,E0,0.0,,,,
483,4,Andre servicefag,2,13142,Meet with managers or other supervisors to stay informed of changes affecting operations.,39-1022.00,5141,Frisører,0.0073,E0,0.0,,,,
483,4,Andre servicefag,3,13138,"Assign work schedules, following work requirements, to ensure quality and timely delivery of service.",39-1022.00,5141,Frisører,0.0071,E2,0.5,,,,
483,4,Andre servicefag,4,20699,"Review financial statements, sales or activity reports, or other performance data to measure productivity or goal achievement or to identify areas needing cost reduction or program improvement.",11-1021.00,1420,Varehandelssjefer,0.0057,E2,0.5,0.0243,223,0.4305,0.8399
483,4,Andre servicefag,5,20705,"Perform personnel functions, such as selection, training, or evaluation.",11-1021.00,1420,Varehandelssjefer,0.0051,E2,0.5,,,,
483,4,Andre servicefag,6,20700,Direct administrative activities directly related to making products or providing services.,11-1021.00,1420,Varehandelssjefer,0.0049,E2,0.5,,,,
483,4,Andre servicefag,7,694,Greet customers and ascertain what each customer wants or needs.,41-2031.00,5223,Butikkmedarbeidere,0.0035,E0,0.0,,,,1.0
483,4,Andre servicefag,8,2430,Receive payment or obtain credit authorization.,41-2022.00,5223,Butikkmedarbeidere,0.0034,E0,0.0,0.0078,66,0.2727,0.8148
483,4,Andre servicefag,9,700,"Recommend, select, and help locate or obtain merchandise based on customer needs and desires.",41-2031.00,5223,Butikkmedarbeidere,0.0033,E2,0.5,0.1157,1153,0.4605,0.9403
483,4,Andre servicefag,10,830,"Operate office machines, such as photocopiers and scanners, facsimile machines, voice mail systems, and personal computers.",43-9061.00,4110,Kontormedarbeidere,0.0019,E0,0.0,0.023,221,0.5068,1.0
489,4,"Samferdsels- og sikkerhetsfag og andre servicefag, andre",1,9544,Notify managers concerning the need for major repairs or additions to building operating systems.,37-2011.00,9112,Renholdere i virksomheter,0.0052,E0,0.0,,,,
489,4,"Samferdsels- og sikkerhetsfag og andre servicefag, andre",2,9539,Gather and empty trash.,37-2011.00,9112,Renholdere i virksomheter,0.0052,E0,0.0,,,,
489,4,"Samferdsels- og sikkerhetsfag og andre servicefag, andre",3,9538,"Service, clean, or supply restrooms.",37-2011.00,9112,Renholdere i virksomheter,0.005,E0,0.0,,,,
489,4,"Samferdsels- og sikkerhetsfag og andre servicefag, andre",4,20699,"Review financial statements, sales or activity reports, or other performance data to measure productivity or goal achievement or to identify areas needing cost reduction or program improvement.",11-1021.00,1420,Varehandelssjefer,0.0028,E2,0.5,0.0243,223,0.4305,0.8399
489,4,"Samferdsels- og sikkerhetsfag og andre servicefag, andre",5,20705,"Perform personnel functions, such as selection, training, or evaluation.",11-1021.00,1420,Varehandelssjefer,0.0025,E2,0.5,,,,
489,4,"Samferdsels- og sikkerhetsfag og andre servicefag, andre",6,20700,Direct administrative activities directly related to making products or providing services.,11-1021.00,1420,Varehandelssjefer,0.0024,E2,0.5,,,,
489,4,"Samferdsels- og sikkerhetsfag og andre servicefag, andre",7,694,Greet customers and ascertain what each customer wants or needs.,41-2031.00,5223,Butikkmedarbeidere,0.0019,E0,0.0,,,,1.0
489,4,"Samferdsels- og sikkerhetsfag og andre servicefag, andre",8,2430,Receive payment or obtain credit authorization.,41-2022.00,5223,Butikkmedarbeidere,0.0018,E0,0.0,0.0078,66,0.2727,0.8148
489,4,"Samferdsels- og sikkerhetsfag og andre servicefag, andre",9,700,"Recommend, select, and help locate or obtain merchandise based on customer needs and desires.",41-2031.00,5223,Butikkmedarbeidere,0.0018,E2,0.5,0.1157,1153,0.4605,0.9403
489,4,"Samferdsels- og sikkerhetsfag og andre servicefag, andre",10,8584,Enforce safety rules and regulations.,53-1043.00,8332,Lastebil- og trailersjåfører,0.0018,E0,0.0,,,,
499,4,Uoppgitt faggruppe,1,23430,Follow established safety rules and regulations and maintain a safe and clean environment.,47-2031.00,7115,Tømrere og snekkere,0.0045,E0,0.0,,,,
499,4,Uoppgitt faggruppe,2,23432,"Measure and mark cutting lines on materials, using a ruler, pencil, chalk, and marking gauge.",47-2031.00,7115,Tømrere og snekkere,0.0041,E0,0.0,,,,
499,4,Uoppgitt faggruppe,3,23431,"Study specifications in blueprints, sketches, or building plans to prepare project layout and determine dimensions and materials required.",47-2031.00,7115,Tømrere og snekkere,0.0037,E2,0.5,,,,1.0
499,4,Uoppgitt faggruppe,4,9544,Notify managers concerning the need for major repairs or additions to building operating systems.,37-2011.00,9112,Renholdere i virksomheter,0.0037,E0,0.0,,,,
499,4,Uoppgitt faggruppe,5,9539,Gather and empty trash.,37-2011.00,9112,Renholdere i virksomheter,0.0037,E0,0.0,,,,
499,4,Uoppgitt faggruppe,6,9538,"Service, clean, or supply restrooms.",37-2011.00,9112,Renholdere i virksomheter,0.0036,E0,0.0,,,,
499,4,Uoppgitt faggruppe,7,11152,Place food servings on plates or trays according to orders or instructions.,35-3041.00,5131,Servitører,0.0015,E0,0.0,,,,
499,4,Uoppgitt faggruppe,8,11149,"Monitor food distribution, ensuring that meals are delivered to the correct recipients and that guidelines, such as those for special diets, are followed.",35-3041.00,5131,Servitører,0.0015,E0,0.0,,,,
499,4,Uoppgitt faggruppe,9,694,Greet customers and ascertain what each customer wants or needs.,41-2031.00,5223,Butikkmedarbeidere,0.0015,E0,0.0,,,,1.0
499,4,Uoppgitt faggruppe,10,11151,Examine trays to ensure that they contain required items.,35-3041.00,5131,Servitører,0.0015,E2,0.5,,,,
501,5,Allmenne fag,1,20699,"Review financial statements, sales or activity reports, or other performance data to measure productivity or goal achievement or to identify areas needing cost reduction or program improvement.",11-1021.00,1420,Varehandelssjefer,0.0034,E2,0.5,0.0243,223,0.4305,0.8399
501,5,Allmenne fag,2,20705,"Perform personnel functions, such as selection, training, or evaluation.",11-1021.00,1420,Varehandelssjefer,0.0031,E2,0.5,,,,
501,5,Allmenne fag,3,20700,Direct administrative activities directly related to making products or providing services.,11-1021.00,1420,Varehandelssjefer,0.0029,E2,0.5,,,,
501,5,Allmenne fag,4,20578,Listen and provide emotional support and encouragement to psychiatric patients.,31-1133.00,5321,Helsefagarbeidere,0.0029,E0,0.0,0.0071,34,0.0,
501,5,Allmenne fag,5,18696,Complete physical checks and monitor patients to detect unusual or harmful behavior and report observations to professional staff.,31-1133.00,5321,Helsefagarbeidere,0.0027,E0,0.0,,,,
501,5,Allmenne fag,6,2005,Maintain patients' restrictions to assigned areas.,31-1133.00,5321,Helsefagarbeidere,0.0025,E0,0.0,,,,
501,5,Allmenne fag,7,9544,Notify managers concerning the need for major repairs or additions to building operating systems.,37-2011.00,5153,Vaktmestre,0.0019,E0,0.0,,,,
501,5,Allmenne fag,8,9539,Gather and empty trash.,37-2011.00,5153,Vaktmestre,0.0019,E0,0.0,,,,
501,5,Allmenne fag,9,9538,"Service, clean, or supply restrooms.",37-2011.00,5153,Vaktmestre,0.0018,E0,0.0,,,,
501,5,Allmenne fag,10,19610,"Direct engineering activities, ensuring compliance with environmental, safety, or other governmental regulations.",17-2051.00,2142,Sivilingeniører (bygg og anlegg),0.0016,E2,0.5,,,,
514,5,Religionsutdanninger,1,20578,Listen and provide emotional support and encouragement to psychiatric patients.,31-1133.00,5321,Helsefagarbeidere,0.0122,E0,0.0,0.0071,34,0.0,
514,5,Religionsutdanninger,2,18696,Complete physical checks and monitor patients to detect unusual or harmful behavior and report observations to professional staff.,31-1133.00,5321,Helsefagarbeidere,0.0113,E0,0.0,,,,
514,5,Religionsutdanninger,3,2005,Maintain patients' restrictions to assigned areas.,31-1133.00,5321,Helsefagarbeidere,0.0106,E0,0.0,,,,
514,5,Religionsutdanninger,4,9544,Notify managers concerning the need for major repairs or additions to building operating systems.,37-2011.00,5153,Vaktmestre,0.0065,E0,0.0,,,,
514,5,Religionsutdanninger,5,9539,Gather and empty trash.,37-2011.00,5153,Vaktmestre,0.0065,E0,0.0,,,,
514,5,Religionsutdanninger,6,9538,"Service, clean, or supply restrooms.",37-2011.00,5153,Vaktmestre,0.0063,E0,0.0,,,,
514,5,Religionsutdanninger,7,694,Greet customers and ascertain what each customer wants or needs.,41-2031.00,5223,Butikkmedarbeidere,0.0043,E0,0.0,,,,1.0
514,5,Religionsutdanninger,8,2430,Receive payment or obtain credit authorization.,41-2022.00,5223,Butikkmedarbeidere,0.0042,E0,0.0,0.0078,66,0.2727,0.8148
514,5,Religionsutdanninger,9,700,"Recommend, select, and help locate or obtain merchandise based on customer needs and desires.",41-2031.00,5223,Butikkmedarbeidere,0.0041,E2,0.5,0.1157,1153,0.4605,0.9403
514,5,Religionsutdanninger,10,12975,Identify and recruit potential volunteer workers.,21-2021.00,2636,Geistlige yrker,0.0032,E2,0.5,0.0054,50,0.56,
515,5,"Musikk, dans og drama",1,694,Greet customers and ascertain what each customer wants or needs.,41-2031.00,5223,Butikkmedarbeidere,0.0104,E0,0.0,,,,1.0
515,5,"Musikk, dans og drama",2,2430,Receive payment or obtain credit authorization.,41-2022.00,5223,Butikkmedarbeidere,0.01,E0,0.0,0.0078,66,0.2727,0.8148
515,5,"Musikk, dans og drama",3,700,"Recommend, select, and help locate or obtain merchandise based on customer needs and desires.",41-2031.00,5223,Butikkmedarbeidere,0.01,E2,0.5,0.1157,1153,0.4605,0.9403
515,5,"Musikk, dans og drama",4,7649,"Portray and interpret roles, using speech, gestures, and body movements, to entertain, inform, or instruct radio, film, television, or live audiences.",27-2011.00,2655,Skuespillere,0.0066,E0,0.0,0.059,460,0.6217,0.7119
515,5,"Musikk, dans og drama",5,7646,Collaborate with other actors as part of an ensemble.,27-2011.00,2655,Skuespillere,0.0065,E0,0.0,,,,1.0
515,5,"Musikk, dans og drama",6,7644,"Work closely with directors, other actors, and playwrights to find the interpretation most suited to the role.",27-2011.00,2655,Skuespillere,0.0065,E0,0.0,,,,
515,5,"Musikk, dans og drama",7,2224,Check identification of customers to verify age requirements for purchase of alcohol.,35-3011.00,5132,Bartendere,0.0052,E0,0.0,,,,
515,5,"Musikk, dans og drama",8,2227,"Clean glasses, utensils, and bar equipment.",35-3011.00,5132,Bartendere,0.0052,E0,0.0,,,,
515,5,"Musikk, dans og drama",9,2230,"Clean bars, work areas, and tables.",35-3011.00,5132,Bartendere,0.0052,E0,0.0,,,,
515,5,"Musikk, dans og drama",10,13140,Train workers in proper operational procedures and functions and explain company policies.,39-1022.00,5311,Barnehage- og skolefritidsassistenter mv.,0.0036,E0,0.0,,,,
516,5,Bildende kunst og kunsthåndverk,1,694,Greet customers and ascertain what each customer wants or needs.,41-2031.00,5223,Butikkmedarbeidere,0.0109,E0,0.0,,,,1.0
516,5,Bildende kunst og kunsthåndverk,2,2430,Receive payment or obtain credit authorization.,41-2022.00,5223,Butikkmedarbeidere,0.0105,E0,0.0,0.0078,66,0.2727,0.8148
516,5,Bildende kunst og kunsthåndverk,3,700,"Recommend, select, and help locate or obtain merchandise based on customer needs and desires.",41-2031.00,5223,Butikkmedarbeidere,0.0104,E2,0.5,0.1157,1153,0.4605,0.9403
516,5,Bildende kunst og kunsthåndverk,4,20699,"Review financial statements, sales or activity reports, or other performance data to measure productivity or goal achievement or to identify areas needing cost reduction or program improvement.",11-1021.00,1420,Varehandelssjefer,0.0062,E2,0.5,0.0243,223,0.4305,0.8399
516,5,Bildende kunst og kunsthåndverk,5,20705,"Perform personnel functions, such as selection, training, or evaluation.",11-1021.00,1420,Varehandelssjefer,0.0055,E2,0.5,,,,
516,5,Bildende kunst og kunsthåndverk,6,20700,Direct administrative activities directly related to making products or providing services.,11-1021.00,1420,Varehandelssjefer,0.0052,E2,0.5,,,,
516,5,Bildende kunst og kunsthåndverk,7,6882,"Design complex graphics and animation, using independent judgment, creativity, and computer equipment.",27-1014.00,2166,Grafiske- og multimediadesignere,0.0047,E2,0.5,0.0704,687,0.441,
516,5,Bildende kunst og kunsthåndverk,8,6888,"Create basic designs, drawings, and illustrations for product labels, cartons, direct mail, or television.",27-1014.00,2166,Grafiske- og multimediadesignere,0.0039,E2,0.5,,,,
516,5,Bildende kunst og kunsthåndverk,9,6893,"Participate in design and production of multimedia campaigns, handling budgeting and scheduling, and assisting with such responsibilities as production coordination, background design, and progress tracking.",27-1014.00,2166,Grafiske- og multimediadesignere,0.0036,E2,0.5,,,,
516,5,Bildende kunst og kunsthåndverk,10,830,"Operate office machines, such as photocopiers and scanners, facsimile machines, voice mail systems, and personal computers.",43-9061.00,4110,Kontormedarbeidere,0.0023,E0,0.0,0.023,221,0.5068,1.0
524,5,Utdanninger i pedagogikk,1,13140,Train workers in proper operational procedures and functions and explain company policies.,39-1022.00,5311,Barnehage- og skolefritidsassistenter mv.,0.0234,E0,0.0,,,,
524,5,Utdanninger i pedagogikk,2,13142,Meet with managers or other supervisors to stay informed of changes affecting operations.,39-1022.00,5311,Barnehage- og skolefritidsassistenter mv.,0.0227,E0,0.0,,,,
524,5,Utdanninger i pedagogikk,3,13138,"Assign work schedules, following work requirements, to ensure quality and timely delivery of service.",39-1022.00,5311,Barnehage- og skolefritidsassistenter mv.,0.0222,E2,0.5,,,,
524,5,Utdanninger i pedagogikk,4,20578,Listen and provide emotional support and encouragement to psychiatric patients.,31-1133.00,5321,Helsefagarbeidere,0.0061,E0,0.0,0.0071,34,0.0,
524,5,Utdanninger i pedagogikk,5,18696,Complete physical checks and monitor patients to detect unusual or harmful behavior and report observations to professional staff.,31-1133.00,5321,Helsefagarbeidere,0.0056,E0,0.0,,,,
524,5,Utdanninger i pedagogikk,6,2005,Maintain patients' restrictions to assigned areas.,31-1133.00,5321,Helsefagarbeidere,0.0053,E0,0.0,,,,
524,5,Utdanninger i pedagogikk,7,22478,"Supervise students in classrooms, halls, cafeterias, school yards, and gymnasiums, or on field trips.",25-9042.00,5312,Skoleassistenter,0.0026,E0,0.0,,,,
524,5,Utdanninger i pedagogikk,8,22506,Provide assistance to students with special needs.,25-9043.00,5312,Skoleassistenter,0.0024,E0,0.0,,,,
524,5,Utdanninger i pedagogikk,9,22481,Tutor and assist children individually or in small groups to help them master assignments and to reinforce learning concepts presented by teachers.,25-9042.00,5312,Skoleassistenter,0.0024,E2,0.5,0.0643,628,0.414,0.1889
524,5,Utdanninger i pedagogikk,10,6466,"Teach basic skills, such as color, shape, number and letter recognition, personal hygiene, and social skills.",25-2011.00,2342,Førskolelærere,0.0012,E0,0.0,,,,
529,5,"Lærerutdanninger og utdanninger i pedagogikk, andre",1,20578,Listen and provide emotional support and encouragement to psychiatric patients.,31-1133.00,5321,Helsefagarbeidere,0.0129,E0,0.0,0.0071,34,0.0,
529,5,"Lærerutdanninger og utdanninger i pedagogikk, andre",2,18696,Complete physical checks and monitor patients to detect unusual or harmful behavior and report observations to professional staff.,31-1133.00,5321,Helsefagarbeidere,0.0119,E0,0.0,,,,
529,5,"Lærerutdanninger og utdanninger i pedagogikk, andre",3,2005,Maintain patients' restrictions to assigned areas.,31-1133.00,5321,Helsefagarbeidere,0.0112,E0,0.0,,,,
529,5,"Lærerutdanninger og utdanninger i pedagogikk, andre",4,21179,Assess clients' cognitive abilities and physical and emotional needs to determine appropriate interventions.,21-1093.00,3412,Miljøarbeidere innen sosiale fagfelt,0.0056,E2,0.5,,,,
529,5,"Lærerutdanninger og utdanninger i pedagogikk, andre",5,3757,Submit reports and review reports or problems with superior.,21-1093.00,3412,Miljøarbeidere innen sosiale fagfelt,0.0048,E1,1.0,,,,
529,5,"Lærerutdanninger og utdanninger i pedagogikk, andre",6,3753,Provide information or refer individuals to public or private agencies or community services for assistance.,21-1093.00,3412,Miljøarbeidere innen sosiale fagfelt,0.0048,E2,0.5,0.0044,21,0.0,
529,5,"Lærerutdanninger og utdanninger i pedagogikk, andre",7,13140,Train workers in proper operational procedures and functions and explain company policies.,39-1022.00,5311,Barnehage- og skolefritidsassistenter mv.,0.0047,E0,0.0,,,,
529,5,"Lærerutdanninger og utdanninger i pedagogikk, andre",8,13142,Meet with managers or other supervisors to stay informed of changes affecting operations.,39-1022.00,5311,Barnehage- og skolefritidsassistenter mv.,0.0046,E0,0.0,,,,
529,5,"Lærerutdanninger og utdanninger i pedagogikk, andre",9,13138,"Assign work schedules, following work requirements, to ensure quality and timely delivery of service.",39-1022.00,5311,Barnehage- og skolefritidsassistenter mv.,0.0045,E2,0.5,,,,
529,5,"Lærerutdanninger og utdanninger i pedagogikk, andre",10,94,"Present information with a variety of instructional techniques or formats, such as role playing, simulations, team exercises, group discussions, videos, or lectures.",13-1151.00,2424,Rådgivere innen kompetanseutvikling,0.003,E2,0.5,,,,
535,5,Medie- og informasjonsfag,1,1777,"Read copy or proof to detect and correct errors in spelling, punctuation, and syntax.",27-3041.00,2642,Journalister,0.006,E1,1.0,,,,
535,5,Medie- og informasjonsfag,2,1780,"Verify facts, dates, and statistics, using standard reference sources.",27-3041.00,2642,Journalister,0.006,E2,0.5,,,,
535,5,Medie- og informasjonsfag,3,694,Greet customers and ascertain what each customer wants or needs.,41-2031.00,5223,Butikkmedarbeidere,0.0059,E0,0.0,,,,1.0
535,5,Medie- og informasjonsfag,4,1786,"Read, evaluate and edit manuscripts or other materials submitted for publication, and confer with authors regarding changes in content, style or organization, or publication.",27-3041.00,2642,Journalister,0.0058,E1,1.0,0.1286,1262,0.2559,0.6069
535,5,Medie- og informasjonsfag,5,2430,Receive payment or obtain credit authorization.,41-2022.00,5223,Butikkmedarbeidere,0.0057,E0,0.0,0.0078,66,0.2727,0.8148
535,5,Medie- og informasjonsfag,6,700,"Recommend, select, and help locate or obtain merchandise based on customer needs and desires.",41-2031.00,5223,Butikkmedarbeidere,0.0056,E2,0.5,0.1157,1153,0.4605,0.9403
535,5,Medie- og informasjonsfag,7,6882,"Design complex graphics and animation, using independent judgment, creativity, and computer equipment.",27-1014.00,2166,Grafiske- og multimediadesignere,0.0024,E2,0.5,0.0704,687,0.441,
535,5,Medie- og informasjonsfag,8,20699,"Review financial statements, sales or activity reports, or other performance data to measure productivity or goal achievement or to identify areas needing cost reduction or program improvement.",11-1021.00,1420,Varehandelssjefer,0.0024,E2,0.5,0.0243,223,0.4305,0.8399
535,5,Medie- og informasjonsfag,9,20276,"Examine shipment contents and compare with records, such as manifests, invoices, or orders, to verify accuracy.",43-5071.00,4321,Lagermedarbeidere og material-forvaltere,0.0023,E2,0.5,,,,1.0
535,5,Medie- og informasjonsfag,10,20705,"Perform personnel functions, such as selection, training, or evaluation.",11-1021.00,1420,Varehandelssjefer,0.0021,E2,0.5,,,,
541,5,Økonomisk-administrative fag,1,2487,"Operate computers programmed with accounting software to record, store, and analyze information.",43-3031.00,3313,Regnskapsførere,0.007,E1,1.0,0.0095,68,0.5441,1.0
541,5,Økonomisk-administrative fag,2,2486,"Check figures, postings, and documents for correct entry, mathematical accuracy, and proper codes.",43-3031.00,3313,Regnskapsførere,0.0068,E1,1.0,,,,
541,5,Økonomisk-administrative fag,3,2495,"Operate 10-key calculators, typewriters, and copy machines to perform calculations and produce documents.",43-3031.00,3313,Regnskapsførere,0.0064,E1,1.0,,,,
541,5,Økonomisk-administrative fag,4,20699,"Review financial statements, sales or activity reports, or other performance data to measure productivity or goal achievement or to identify areas needing cost reduction or program improvement.",11-1021.00,1420,Varehandelssjefer,0.0041,E2,0.5,0.0243,223,0.4305,0.8399
541,5,Økonomisk-administrative fag,5,830,"Operate office machines, such as photocopiers and scanners, facsimile machines, voice mail systems, and personal computers.",43-9061.00,4110,Kontormedarbeidere,0.0038,E0,0.0,0.023,221,0.5068,1.0
541,5,Økonomisk-administrative fag,6,20705,"Perform personnel functions, such as selection, training, or evaluation.",11-1021.00,1420,Varehandelssjefer,0.0037,E2,0.5,,,,
541,5,Økonomisk-administrative fag,7,826,"Communicate with customers, employees, and other individuals to answer questions, disseminate or explain information, take orders, and address complaints.",43-9061.00,4110,Kontormedarbeidere,0.0035,E2,0.5,0.0103,60,0.5333,1.0
541,5,Økonomisk-administrative fag,8,20700,Direct administrative activities directly related to making products or providing services.,11-1021.00,1420,Varehandelssjefer,0.0035,E2,0.5,,,,
541,5,Økonomisk-administrative fag,9,827,"Answer telephones, direct calls, and take messages.",43-9061.00,4110,Kontormedarbeidere,0.0034,E2,0.5,0.0109,24,1.0,1.0
541,5,Økonomisk-administrative fag,10,23242,"Operate typing, adding, calculating, or billing machines.",43-3021.00,4311,Regnskapsmedarbeidere,0.0032,E1,1.0,,,,
542,5,Handel og markedsføring,1,20699,"Review financial statements, sales or activity reports, or other performance data to measure productivity or goal achievement or to identify areas needing cost reduction or program improvement.",11-1021.00,1420,Varehandelssjefer,0.0111,E2,0.5,0.0243,223,0.4305,0.8399
542,5,Handel og markedsføring,2,20705,"Perform personnel functions, such as selection, training, or evaluation.",11-1021.00,1420,Varehandelssjefer,0.0099,E2,0.5,,,,
542,5,Handel og markedsføring,3,20700,Direct administrative activities directly related to making products or providing services.,11-1021.00,1420,Varehandelssjefer,0.0094,E2,0.5,,,,
542,5,Handel og markedsføring,4,694,Greet customers and ascertain what each customer wants or needs.,41-2031.00,5223,Butikkmedarbeidere,0.0069,E0,0.0,,,,1.0
542,5,Handel og markedsføring,5,2430,Receive payment or obtain credit authorization.,41-2022.00,5223,Butikkmedarbeidere,0.0066,E0,0.0,0.0078,66,0.2727,0.8148
542,5,Handel og markedsføring,6,700,"Recommend, select, and help locate or obtain merchandise based on customer needs and desires.",41-2031.00,5223,Butikkmedarbeidere,0.0066,E2,0.5,0.1157,1153,0.4605,0.9403
542,5,Handel og markedsføring,7,22654,Present drafts and ideas to clients.,27-3043.00,2431,Reklame- og markedsføringsrådgivere,0.006,E1,1.0,,,,
542,5,Handel og markedsføring,8,22653,"Discuss with the client the product, advertising themes and methods, and any changes that should be made in advertising copy.",27-3043.00,2431,Reklame- og markedsføringsrådgivere,0.006,E1,1.0,,,,
542,5,Handel og markedsføring,9,22655,Vary language and tone of messages based on product and medium.,27-3043.00,2431,Reklame- og markedsføringsrådgivere,0.006,E1,1.0,,,,1.0
542,5,Handel og markedsføring,10,830,"Operate office machines, such as photocopiers and scanners, facsimile machines, voice mail systems, and personal computers.",43-9061.00,4110,Kontormedarbeidere,0.0048,E0,0.0,0.023,221,0.5068,1.0
543,5,Kontorfag,1,830,"Operate office machines, such as photocopiers and scanners, facsimile machines, voice mail systems, and personal computers.",43-9061.00,4110,Kontormedarbeidere,0.0084,E0,0.0,0.023,221,0.5068,1.0
543,5,Kontorfag,2,826,"Communicate with customers, employees, and other individuals to answer questions, disseminate or explain information, take orders, and address complaints.",43-9061.00,4110,Kontormedarbeidere,0.0078,E2,0.5,0.0103,60,0.5333,1.0
543,5,Kontorfag,3,827,"Answer telephones, direct calls, and take messages.",43-9061.00,4110,Kontormedarbeidere,0.0076,E2,0.5,0.0109,24,1.0,1.0
543,5,Kontorfag,4,2487,"Operate computers programmed with accounting software to record, store, and analyze information.",43-3031.00,3313,Regnskapsførere,0.0031,E1,1.0,0.0095,68,0.5441,1.0
543,5,Kontorfag,5,2486,"Check figures, postings, and documents for correct entry, mathematical accuracy, and proper codes.",43-3031.00,3313,Regnskapsførere,0.003,E1,1.0,,,,
543,5,Kontorfag,6,2495,"Operate 10-key calculators, typewriters, and copy machines to perform calculations and produce documents.",43-3031.00,3313,Regnskapsførere,0.0029,E1,1.0,,,,
543,5,Kontorfag,7,2024,"Interview patients to obtain medical information and measure their vital signs, weight, and height.",31-9092.00,3256,Helsesekretærer,0.0023,E2,0.5,,,,
543,5,Kontorfag,8,2033,Clean and sterilize instruments and dispose of contaminated supplies.,31-9092.00,3256,Helsesekretærer,0.0023,E0,0.0,,,,
543,5,Kontorfag,9,2032,"Prepare treatment rooms for patient examinations, keeping the rooms neat and clean.",31-9092.00,3256,Helsesekretærer,0.0023,E0,0.0,,,,
543,5,Kontorfag,10,20699,"Review financial statements, sales or activity reports, or other performance data to measure productivity or goal achievement or to identify areas needing cost reduction or program improvement.",11-1021.00,1420,Varehandelssjefer,0.0021,E2,0.5,0.0243,223,0.4305,0.8399
544,5,Hotell- og reiselivsfag,1,20699,"Review financial statements, sales or activity reports, or other performance data to measure productivity or goal achievement or to identify areas needing cost reduction or program improvement.",11-1021.00,1420,Varehandelssjefer,0.0049,E2,0.5,0.0243,223,0.4305,0.8399
544,5,Hotell- og reiselivsfag,2,9665,Provide staff with assistance in performing difficult or complicated duties.,41-1012.00,4221,Reisebyråmedarbeidere mv.,0.0046,E2,0.5,0.007,43,0.0,
544,5,Hotell- og reiselivsfag,3,9662,"Hire, train, and evaluate personnel.",41-1012.00,4221,Reisebyråmedarbeidere mv.,0.0044,E2,0.5,,,,
544,5,Hotell- og reiselivsfag,4,20705,"Perform personnel functions, such as selection, training, or evaluation.",11-1021.00,1420,Varehandelssjefer,0.0043,E2,0.5,,,,
544,5,Hotell- og reiselivsfag,5,830,"Operate office machines, such as photocopiers and scanners, facsimile machines, voice mail systems, and personal computers.",43-9061.00,4110,Kontormedarbeidere,0.0041,E0,0.0,0.023,221,0.5068,1.0
544,5,Hotell- og reiselivsfag,6,20700,Direct administrative activities directly related to making products or providing services.,11-1021.00,1420,Varehandelssjefer,0.0041,E2,0.5,,,,
544,5,Hotell- og reiselivsfag,7,737,Collect payment for transportation and accommodations from customer.,41-3041.00,4221,Reisebyråmedarbeidere mv.,0.004,E2,0.5,,,,
544,5,Hotell- og reiselivsfag,8,826,"Communicate with customers, employees, and other individuals to answer questions, disseminate or explain information, take orders, and address complaints.",43-9061.00,4110,Kontormedarbeidere,0.0039,E2,0.5,0.0103,60,0.5333,1.0
544,5,Hotell- og reiselivsfag,9,827,"Answer telephones, direct calls, and take messages.",43-9061.00,4110,Kontormedarbeidere,0.0038,E2,0.5,0.0109,24,1.0,1.0
544,5,Hotell- og reiselivsfag,10,694,Greet customers and ascertain what each customer wants or needs.,41-2031.00,5223,Butikkmedarbeidere,0.0034,E0,0.0,,,,1.0
549,5,"Økonomiske og administrative fag, andre",1,20699,"Review financial statements, sales or activity reports, or other performance data to measure productivity or goal achievement or to identify areas needing cost reduction or program improvement.",11-1021.00,1420,Varehandelssjefer,0.0061,E2,0.5,0.0243,223,0.4305,0.8399
549,5,"Økonomiske og administrative fag, andre",2,20705,"Perform personnel functions, such as selection, training, or evaluation.",11-1021.00,1420,Varehandelssjefer,0.0055,E2,0.5,,,,
549,5,"Økonomiske og administrative fag, andre",3,20700,Direct administrative activities directly related to making products or providing services.,11-1021.00,1420,Varehandelssjefer,0.0052,E2,0.5,,,,
549,5,"Økonomiske og administrative fag, andre",4,830,"Operate office machines, such as photocopiers and scanners, facsimile machines, voice mail systems, and personal computers.",43-9061.00,4110,Kontormedarbeidere,0.0036,E0,0.0,0.023,221,0.5068,1.0
549,5,"Økonomiske og administrative fag, andre",5,826,"Communicate with customers, employees, and other individuals to answer questions, disseminate or explain information, take orders, and address complaints.",43-9061.00,4110,Kontormedarbeidere,0.0034,E2,0.5,0.0103,60,0.5333,1.0
549,5,"Økonomiske og administrative fag, andre",6,2487,"Operate computers programmed with accounting software to record, store, and analyze information.",43-3031.00,3313,Regnskapsførere,0.0034,E1,1.0,0.0095,68,0.5441,1.0
549,5,"Økonomiske og administrative fag, andre",7,827,"Answer telephones, direct calls, and take messages.",43-9061.00,4110,Kontormedarbeidere,0.0033,E2,0.5,0.0109,24,1.0,1.0
549,5,"Økonomiske og administrative fag, andre",8,2486,"Check figures, postings, and documents for correct entry, mathematical accuracy, and proper codes.",43-3031.00,3313,Regnskapsførere,0.0033,E1,1.0,,,,
549,5,"Økonomiske og administrative fag, andre",9,2495,"Operate 10-key calculators, typewriters, and copy machines to perform calculations and produce documents.",43-3031.00,3313,Regnskapsførere,0.0031,E1,1.0,,,,
549,5,"Økonomiske og administrative fag, andre",10,694,Greet customers and ascertain what each customer wants or needs.,41-2031.00,5223,Butikkmedarbeidere,0.0023,E0,0.0,,,,1.0
551,5,Biologiske fag,1,14903,"Drive pilings to provide support for buildings or other structures, using heavy equipment with a pile driver head.",47-2072.00,8342,Anleggsmaskinførere,0.0144,E0,0.0,,,,
551,5,Biologiske fag,2,14902,Conduct pre-operational checks on equipment to ensure proper functioning.,47-2072.00,8342,Anleggsmaskinførere,0.0141,E0,0.0,,,,
551,5,Biologiske fag,3,14904,"Move levers and turn valves to activate power hammers, or to raise and lower drophammers that drive piles to required depths.",47-2072.00,8342,Anleggsmaskinførere,0.014,E0,0.0,,,,
551,5,Biologiske fag,4,20313,Dump refuse or recyclable materials at disposal sites.,53-7081.00,9612,Gjenvinningsarbeidere,0.0071,E0,0.0,,,,
551,5,Biologiske fag,5,7171,"Refuel trucks or add other fluids, such as oil or brake fluid.",53-7081.00,9612,Gjenvinningsarbeidere,0.0071,E0,0.0,,,,
551,5,Biologiske fag,6,7170,Inspect trucks prior to beginning routes to ensure safe operating condition.,53-7081.00,9612,Gjenvinningsarbeidere,0.0071,E0,0.0,,,,
551,5,Biologiske fag,7,20291,"Inspect work progress, equipment, or construction sites to verify safety or to ensure that specifications are met.",47-1011.00,3123,"Arbeidsleder, bygg og anlegg",0.0049,E2,0.5,,,,
551,5,Biologiske fag,8,4871,Flag motorists to warn them of obstacles or repair work ahead.,47-4051.00,9312,Hjelpearbeidere i anlegg,0.0048,E0,0.0,,,,
551,5,Biologiske fag,9,4872,Set out signs and cones around work areas to divert traffic.,47-4051.00,9312,Hjelpearbeidere i anlegg,0.0047,E0,0.0,,,,
551,5,Biologiske fag,10,11426,"Supervise, coordinate, or schedule the activities of construction or extractive workers.",47-1011.00,3123,"Arbeidsleder, bygg og anlegg",0.0047,E2,0.5,,,,1.0
552,5,Fysiske og kjemiske fag,1,23666,Read work orders or examine parts to determine parts or sections of products to be produced.,51-9195.00,8131,Operatører innen kjemisk industri,0.0044,E0,0.0,,,,
552,5,Fysiske og kjemiske fag,2,34,"Review processing schedules or production orders to make decisions concerning inventory requirements, staffing requirements, work procedures, or duty assignments, considering budgetary limitations and time constraints.",11-3051.00,1321,Ledere av industriproduksjon mv.,0.0042,E2,0.5,,,,
552,5,Fysiske og kjemiske fag,3,32,"Direct or coordinate production, processing, distribution, or marketing activities of industrial organizations.",11-3051.00,1321,Ledere av industriproduksjon mv.,0.0041,E2,0.5,,,,
552,5,Fysiske og kjemiske fag,4,35,Review operations and confer with technical or administrative staff to resolve production or processing problems.,11-3051.00,1321,Ledere av industriproduksjon mv.,0.0041,E2,0.5,,,,
552,5,Fysiske og kjemiske fag,5,12357,"Monitor material flow or instruments, such as temperature or pressure gauges, indicators, or meters, to ensure optimal processing conditions.",51-9012.00,8131,Operatører innen kjemisk industri,0.0039,E0,0.0,,,,
552,5,Fysiske og kjemiske fag,6,23667,"Trim or remove excess material, using scrapers, knives, or band saws.",51-9195.00,8131,Operatører innen kjemisk industri,0.0037,E0,0.0,,,,
552,5,Fysiske og kjemiske fag,7,7112,"Unscrew or tighten pipes, casing, tubing, and pump rods, using hand and power wrenches and tongs.",47-5071.00,8113,Operatører innen boring mv.,0.0026,E0,0.0,,,,
552,5,Fysiske og kjemiske fag,8,21160,Gauge oil and gas production.,53-7073.00,8113,Operatører innen boring mv.,0.0024,E0,0.0,,,,
552,5,Fysiske og kjemiske fag,9,16626,"Interpret the results of all methods of non-destructive testing (NDT), such as acoustic emission, electromagnetic, leak, liquid penetrant, magnetic particle, neutron radiographic, radiographic, thermal or infrared, ultrasonic, vibration analysis, and visual testing.",17-3029.01,3116,Kjemiingeniører,0.0024,E2,0.5,,,,
552,5,Fysiske og kjemiske fag,10,16620,"Interpret or evaluate test results in accordance with applicable codes, standards, specifications, or procedures.",17-3029.01,3116,Kjemiingeniører,0.0024,E2,0.5,,,,
554,5,Informasjons- og datateknologi,1,14623,Analyze problems to develop solutions involving computer hardware and software.,15-1221.00,2511,Systemanalytikere/-arkitekter,0.0074,E1,1.0,0.0073,58,0.5862,1.0
554,5,Informasjons- og datateknologi,2,14629,"Conduct logical analyses of business, scientific, engineering, and other technical problems, formulating mathematical models of problems for solution by computers.",15-1221.00,2511,Systemanalytikere/-arkitekter,0.0061,E1,1.0,0.5036,4962,0.371,0.7254
554,5,Informasjons- og datateknologi,3,14626,"Apply theoretical expertise and innovation to create or apply new technology, such as adapting principles for applying computers to new uses.",15-1221.00,2511,Systemanalytikere/-arkitekter,0.0059,E1,1.0,,,,
554,5,Informasjons- og datateknologi,4,1288,"Read technical manuals, confer with users, or conduct computer diagnostics to investigate and resolve problems or to provide technical assistance and support.",15-1232.00,3512,"Brukerstøtte, IKT",0.0044,E1,1.0,0.0075,50,0.4,1.0
554,5,Informasjons- og datateknologi,5,1286,"Set up equipment for employee use, performing or ensuring proper installation of cables, operating systems, or appropriate software.",15-1232.00,3512,"Brukerstøtte, IKT",0.0044,E0,0.0,0.0763,745,0.5383,0.8435
554,5,Informasjons- og datateknologi,6,1282,Answer user inquiries regarding computer software or hardware operation to resolve problems.,15-1232.00,3512,"Brukerstøtte, IKT",0.0042,E2,0.5,0.0365,332,0.4157,0.7031
554,5,Informasjons- og datateknologi,7,694,Greet customers and ascertain what each customer wants or needs.,41-2031.00,5223,Butikkmedarbeidere,0.0025,E0,0.0,,,,1.0
554,5,Informasjons- og datateknologi,8,2430,Receive payment or obtain credit authorization.,41-2022.00,5223,Butikkmedarbeidere,0.0024,E0,0.0,0.0078,66,0.2727,0.8148
554,5,Informasjons- og datateknologi,9,700,"Recommend, select, and help locate or obtain merchandise based on customer needs and desires.",41-2031.00,5223,Butikkmedarbeidere,0.0024,E2,0.5,0.1157,1153,0.4605,0.9403
554,5,Informasjons- og datateknologi,10,21769,Coordinate monitoring of networks or systems for security breaches or intrusions.,15-1299.05,2519,Andre programvare- og applikasjonsutviklere,0.002,E2,0.5,,,,
555,5,"Utdanninger i elektrofag, mekaniske fag og maskinfag",1,21975,"Modify, maintain, or repair electronics equipment or systems to ensure proper functioning.",17-3023.00,3114,Elektronikkingeniører,0.0046,E0,0.0,,,,
555,5,"Utdanninger i elektrofag, mekaniske fag og maskinfag",2,21977,"Set up and operate specialized or standard test equipment to diagnose, test, or analyze the performance of electronic components, assemblies, or systems.",17-3023.00,3114,Elektronikkingeniører,0.0044,E0,0.0,0.0105,82,0.5488,1.0
555,5,"Utdanninger i elektrofag, mekaniske fag og maskinfag",3,21976,"Replace defective components or parts, using hand tools and precision instruments.",17-3023.00,3114,Elektronikkingeniører,0.0043,E0,0.0,,,,
555,5,"Utdanninger i elektrofag, mekaniske fag og maskinfag",4,2882,Prepare sketches or follow blueprints to determine the location of wiring or equipment and to ensure conformance to building and safety codes.,47-2111.00,7411,Elektrikere,0.0036,E2,0.5,,,,
555,5,"Utdanninger i elektrofag, mekaniske fag og maskinfag",5,2888,"Place conduit, pipes, or tubing, inside designated partitions, walls, or other concealed areas, and pull insulated wires or cables through the conduit to complete circuits between boxes.",47-2111.00,7411,Elektrikere,0.0036,E0,0.0,,,,
555,5,"Utdanninger i elektrofag, mekaniske fag og maskinfag",6,2887,"Work from ladders, scaffolds, or roofs to install, maintain, or repair electrical wiring, equipment, or fixtures.",47-2111.00,7411,Elektrikere,0.0036,E0,0.0,,,,
555,5,"Utdanninger i elektrofag, mekaniske fag og maskinfag",7,19610,"Direct engineering activities, ensuring compliance with environmental, safety, or other governmental regulations.",17-2051.00,2142,Sivilingeniører (bygg og anlegg),0.0036,E2,0.5,,,,
555,5,"Utdanninger i elektrofag, mekaniske fag og maskinfag",8,148,Inspect project sites to monitor progress and ensure conformance to design specifications and safety or sanitation standards.,17-2051.00,2142,Sivilingeniører (bygg og anlegg),0.0034,E0,0.0,0.0036,15,0.0,1.0
555,5,"Utdanninger i elektrofag, mekaniske fag og maskinfag",9,151,"Estimate quantities and cost of materials, equipment, or labor to determine project feasibility.",17-2051.00,2142,Sivilingeniører (bygg og anlegg),0.003,E2,0.5,,,,
555,5,"Utdanninger i elektrofag, mekaniske fag og maskinfag",10,20699,"Review financial statements, sales or activity reports, or other performance data to measure productivity or goal achievement or to identify areas needing cost reduction or program improvement.",11-1021.00,1120,Administrerende direktører,0.0024,E2,0.5,0.0243,223,0.4305,0.8399
557,5,Bygg- og anleggsfag,1,19610,"Direct engineering activities, ensuring compliance with environmental, safety, or other governmental regulations.",17-2051.00,2142,Sivilingeniører (bygg og anlegg),0.0153,E2,0.5,,,,
557,5,Bygg- og anleggsfag,2,148,Inspect project sites to monitor progress and ensure conformance to design specifications and safety or sanitation standards.,17-2051.00,2142,Sivilingeniører (bygg og anlegg),0.0144,E0,0.0,0.0036,15,0.0,1.0
557,5,Bygg- og anleggsfag,3,151,"Estimate quantities and cost of materials, equipment, or labor to determine project feasibility.",17-2051.00,2142,Sivilingeniører (bygg og anlegg),0.0128,E2,0.5,,,,
557,5,Bygg- og anleggsfag,4,20291,"Inspect work progress, equipment, or construction sites to verify safety or to ensure that specifications are met.",47-1011.00,3123,"Arbeidsleder, bygg og anlegg",0.0067,E2,0.5,,,,
557,5,Bygg- og anleggsfag,5,11426,"Supervise, coordinate, or schedule the activities of construction or extractive workers.",47-1011.00,3123,"Arbeidsleder, bygg og anlegg",0.0064,E2,0.5,,,,1.0
557,5,Bygg- og anleggsfag,6,11432,"Assign work to employees, based on material or worker requirements of specific jobs.",47-1011.00,3123,"Arbeidsleder, bygg og anlegg",0.0063,E2,0.5,,,,1.0
557,5,Bygg- og anleggsfag,7,3318,Inspect or review projects to monitor compliance with building and safety codes or other regulations.,11-9021.00,1323,Ledere av bygge- og anleggsvirksomhet,0.0049,E2,0.5,,,,
557,5,Bygg- og anleggsfag,8,20332,"Plan, schedule, or coordinate construction project activities to meet deadlines.",11-9021.00,1323,Ledere av bygge- og anleggsvirksomhet,0.0048,E2,0.5,,,,
557,5,Bygg- og anleggsfag,9,3326,"Prepare and submit budget estimates, progress reports, or cost tracking reports.",11-9021.00,1323,Ledere av bygge- og anleggsvirksomhet,0.0048,E2,0.5,,,,
557,5,Bygg- og anleggsfag,10,23430,Follow established safety rules and regulations and maintain a safe and clean environment.,47-2031.00,7115,Tømrere og snekkere,0.0048,E0,0.0,,,,
558,5,Fabrikasjon og utvinning,1,7112,"Unscrew or tighten pipes, casing, tubing, and pump rods, using hand and power wrenches and tongs.",47-5071.00,8113,Operatører innen boring mv.,0.0083,E0,0.0,,,,
558,5,Fabrikasjon og utvinning,2,21160,Gauge oil and gas production.,53-7073.00,8113,Operatører innen boring mv.,0.0076,E0,0.0,,,,
558,5,Fabrikasjon og utvinning,3,21159,Monitor pumps and flow lines for gas and fluid leaks.,53-7073.00,8113,Operatører innen boring mv.,0.0074,E0,0.0,,,,
558,5,Fabrikasjon og utvinning,4,34,"Review processing schedules or production orders to make decisions concerning inventory requirements, staffing requirements, work procedures, or duty assignments, considering budgetary limitations and time constraints.",11-3051.00,1321,Ledere av industriproduksjon mv.,0.0021,E2,0.5,,,,
558,5,Fabrikasjon og utvinning,5,32,"Direct or coordinate production, processing, distribution, or marketing activities of industrial organizations.",11-3051.00,1321,Ledere av industriproduksjon mv.,0.0021,E2,0.5,,,,
558,5,Fabrikasjon og utvinning,6,35,Review operations and confer with technical or administrative staff to resolve production or processing problems.,11-3051.00,1321,Ledere av industriproduksjon mv.,0.0021,E2,0.5,,,,
558,5,Fabrikasjon og utvinning,7,16626,"Interpret the results of all methods of non-destructive testing (NDT), such as acoustic emission, electromagnetic, leak, liquid penetrant, magnetic particle, neutron radiographic, radiographic, thermal or infrared, ultrasonic, vibration analysis, and visual testing.",17-3029.01,3117,"Ingeniører innen petroleum, bergverk og metallurgi",0.0015,E2,0.5,,,,
558,5,Fabrikasjon og utvinning,8,16620,"Interpret or evaluate test results in accordance with applicable codes, standards, specifications, or procedures.",17-3029.01,3117,"Ingeniører innen petroleum, bergverk og metallurgi",0.0015,E2,0.5,,,,
558,5,Fabrikasjon og utvinning,9,16625,Prepare reports on non-destructive testing results.,17-3029.01,3117,"Ingeniører innen petroleum, bergverk og metallurgi",0.0014,E2,0.5,,,,1.0
558,5,Fabrikasjon og utvinning,10,20699,"Review financial statements, sales or activity reports, or other performance data to measure productivity or goal achievement or to identify areas needing cost reduction or program improvement.",11-1021.00,1120,Administrerende direktører,0.0011,E2,0.5,0.0243,223,0.4305,0.8399
559,5,"Naturvitenskapelige fag, håndverksfag og tekniske fag, andre",1,9544,Notify managers concerning the need for major repairs or additions to building operating systems.,37-2011.00,5153,Vaktmestre,0.0153,E0,0.0,,,,
559,5,"Naturvitenskapelige fag, håndverksfag og tekniske fag, andre",2,9539,Gather and empty trash.,37-2011.00,5153,Vaktmestre,0.0151,E0,0.0,,,,
559,5,"Naturvitenskapelige fag, håndverksfag og tekniske fag, andre",3,9538,"Service, clean, or supply restrooms.",37-2011.00,5153,Vaktmestre,0.0147,E0,0.0,,,,
559,5,"Naturvitenskapelige fag, håndverksfag og tekniske fag, andre",4,23430,Follow established safety rules and regulations and maintain a safe and clean environment.,47-2031.00,7115,Tømrere og snekkere,0.0036,E0,0.0,,,,
559,5,"Naturvitenskapelige fag, håndverksfag og tekniske fag, andre",5,13855,"Take appropriate safety precautions, such as monitoring dive lengths and depths and registering with authorities before diving expeditions begin.",49-9092.00,7541,Yrkesdykkere,0.0033,E0,0.0,,,,
559,5,"Naturvitenskapelige fag, håndverksfag og tekniske fag, andre",6,13856,"Check and maintain diving equipment, such as helmets, masks, air tanks, harnesses, or gauges.",49-9092.00,7541,Yrkesdykkere,0.0032,E0,0.0,,,,
559,5,"Naturvitenskapelige fag, håndverksfag og tekniske fag, andre",7,23432,"Measure and mark cutting lines on materials, using a ruler, pencil, chalk, and marking gauge.",47-2031.00,7115,Tømrere og snekkere,0.0032,E0,0.0,,,,
559,5,"Naturvitenskapelige fag, håndverksfag og tekniske fag, andre",8,13854,"Communicate with workers on the surface while underwater, using signal lines or telephones.",49-9092.00,7541,Yrkesdykkere,0.0031,E0,0.0,,,,
559,5,"Naturvitenskapelige fag, håndverksfag og tekniske fag, andre",9,23431,"Study specifications in blueprints, sketches, or building plans to prepare project layout and determine dimensions and materials required.",47-2031.00,7115,Tømrere og snekkere,0.003,E2,0.5,,,,1.0
559,5,"Naturvitenskapelige fag, håndverksfag og tekniske fag, andre",10,19610,"Direct engineering activities, ensuring compliance with environmental, safety, or other governmental regulations.",17-2051.00,2142,Sivilingeniører (bygg og anlegg),0.0019,E2,0.5,,,,
561,5,Pleie- og omsorgsfag,1,20578,Listen and provide emotional support and encouragement to psychiatric patients.,31-1133.00,5321,Helsefagarbeidere,0.0331,E0,0.0,0.0071,34,0.0,
561,5,Pleie- og omsorgsfag,2,18696,Complete physical checks and monitor patients to detect unusual or harmful behavior and report observations to professional staff.,31-1133.00,5321,Helsefagarbeidere,0.0306,E0,0.0,,,,
561,5,Pleie- og omsorgsfag,3,2005,Maintain patients' restrictions to assigned areas.,31-1133.00,5321,Helsefagarbeidere,0.0288,E0,0.0,,,,
561,5,Pleie- og omsorgsfag,4,13140,Train workers in proper operational procedures and functions and explain company policies.,39-1022.00,5311,Barnehage- og skolefritidsassistenter mv.,0.0018,E0,0.0,,,,
561,5,Pleie- og omsorgsfag,5,13142,Meet with managers or other supervisors to stay informed of changes affecting operations.,39-1022.00,5311,Barnehage- og skolefritidsassistenter mv.,0.0018,E0,0.0,,,,
561,5,Pleie- og omsorgsfag,6,13138,"Assign work schedules, following work requirements, to ensure quality and timely delivery of service.",39-1022.00,5311,Barnehage- og skolefritidsassistenter mv.,0.0017,E2,0.5,,,,
561,5,Pleie- og omsorgsfag,7,2024,"Interview patients to obtain medical information and measure their vital signs, weight, and height.",31-9092.00,3256,Helsesekretærer,0.0005,E2,0.5,,,,
561,5,Pleie- og omsorgsfag,8,2033,Clean and sterilize instruments and dispose of contaminated supplies.,31-9092.00,3256,Helsesekretærer,0.0005,E0,0.0,,,,
561,5,Pleie- og omsorgsfag,9,2032,"Prepare treatment rooms for patient examinations, keeping the rooms neat and clean.",31-9092.00,3256,Helsesekretærer,0.0005,E0,0.0,,,,
561,5,Pleie- og omsorgsfag,10,17535,Document clients' progress toward meeting established treatment objectives.,31-9099.01,5329,Andre pleiemedarbeidere,0.0004,E1,1.0,,,,
562,5,Sosialfag,1,20578,Listen and provide emotional support and encouragement to psychiatric patients.,31-1133.00,5321,Helsefagarbeidere,0.0258,E0,0.0,0.0071,34,0.0,
562,5,Sosialfag,2,18696,Complete physical checks and monitor patients to detect unusual or harmful behavior and report observations to professional staff.,31-1133.00,5321,Helsefagarbeidere,0.0238,E0,0.0,,,,
562,5,Sosialfag,3,2005,Maintain patients' restrictions to assigned areas.,31-1133.00,5321,Helsefagarbeidere,0.0224,E0,0.0,,,,
562,5,Sosialfag,4,13140,Train workers in proper operational procedures and functions and explain company policies.,39-1022.00,5311,Barnehage- og skolefritidsassistenter mv.,0.0057,E0,0.0,,,,
562,5,Sosialfag,5,13142,Meet with managers or other supervisors to stay informed of changes affecting operations.,39-1022.00,5311,Barnehage- og skolefritidsassistenter mv.,0.0055,E0,0.0,,,,
562,5,Sosialfag,6,13138,"Assign work schedules, following work requirements, to ensure quality and timely delivery of service.",39-1022.00,5311,Barnehage- og skolefritidsassistenter mv.,0.0054,E2,0.5,,,,
562,5,Sosialfag,7,21179,Assess clients' cognitive abilities and physical and emotional needs to determine appropriate interventions.,21-1093.00,3412,Miljøarbeidere innen sosiale fagfelt,0.0018,E2,0.5,,,,
562,5,Sosialfag,8,3757,Submit reports and review reports or problems with superior.,21-1093.00,3412,Miljøarbeidere innen sosiale fagfelt,0.0016,E1,1.0,,,,
562,5,Sosialfag,9,3753,Provide information or refer individuals to public or private agencies or community services for assistance.,21-1093.00,3412,Miljøarbeidere innen sosiale fagfelt,0.0016,E2,0.5,0.0044,21,0.0,
562,5,Sosialfag,10,17535,Document clients' progress toward meeting established treatment objectives.,31-9099.01,5329,Andre pleiemedarbeidere,0.0008,E1,1.0,,,,
569,5,"Helse-, sosial- og idrettsfag, andre",1,20578,Listen and provide emotional support and encouragement to psychiatric patients.,31-1133.00,5321,Helsefagarbeidere,0.026,E0,0.0,0.0071,34,0.0,
569,5,"Helse-, sosial- og idrettsfag, andre",2,18696,Complete physical checks and monitor patients to detect unusual or harmful behavior and report observations to professional staff.,31-1133.00,5321,Helsefagarbeidere,0.024,E0,0.0,,,,
569,5,"Helse-, sosial- og idrettsfag, andre",3,2005,Maintain patients' restrictions to assigned areas.,31-1133.00,5321,Helsefagarbeidere,0.0226,E0,0.0,,,,
569,5,"Helse-, sosial- og idrettsfag, andre",4,13140,Train workers in proper operational procedures and functions and explain company policies.,39-1022.00,5311,Barnehage- og skolefritidsassistenter mv.,0.0038,E0,0.0,,,,
569,5,"Helse-, sosial- og idrettsfag, andre",5,13142,Meet with managers or other supervisors to stay informed of changes affecting operations.,39-1022.00,5311,Barnehage- og skolefritidsassistenter mv.,0.0037,E0,0.0,,,,
569,5,"Helse-, sosial- og idrettsfag, andre",6,13138,"Assign work schedules, following work requirements, to ensure quality and timely delivery of service.",39-1022.00,5311,Barnehage- og skolefritidsassistenter mv.,0.0036,E2,0.5,,,,
569,5,"Helse-, sosial- og idrettsfag, andre",7,830,"Operate office machines, such as photocopiers and scanners, facsimile machines, voice mail systems, and personal computers.",43-9061.00,4110,Kontormedarbeidere,0.0009,E0,0.0,0.023,221,0.5068,1.0
569,5,"Helse-, sosial- og idrettsfag, andre",8,2024,"Interview patients to obtain medical information and measure their vital signs, weight, and height.",31-9092.00,3256,Helsesekretærer,0.0009,E2,0.5,,,,
569,5,"Helse-, sosial- og idrettsfag, andre",9,2033,Clean and sterilize instruments and dispose of contaminated supplies.,31-9092.00,3256,Helsesekretærer,0.0009,E0,0.0,,,,
569,5,"Helse-, sosial- og idrettsfag, andre",10,2032,"Prepare treatment rooms for patient examinations, keeping the rooms neat and clean.",31-9092.00,3256,Helsesekretærer,0.0009,E0,0.0,,,,
581,5,Samferdsel,1,8584,Enforce safety rules and regulations.,53-1043.00,3152,Dekksoffiserer og loser,0.0173,E0,0.0,,,,
581,5,Samferdsel,2,8588,Resolve worker problems or collaborate with employees to assist in problem resolution.,53-1043.00,3152,Dekksoffiserer og loser,0.0156,E0,0.0,,,,
581,5,Samferdsel,3,8593,"Interpret transportation or tariff regulations, shipping orders, safety regulations, or company policies and procedures for workers.",53-1043.00,3152,Dekksoffiserer og loser,0.0156,E1,1.0,,,,
581,5,Samferdsel,4,12765,Operate controls to open and close transit vehicle doors.,53-4041.00,8311,Lokomotiv og T-baneførere,0.0032,E0,0.0,,,,
581,5,Samferdsel,5,12766,"Drive and control rail-guided public transportation, such as subways, elevated trains, and electric-powered streetcars, trams, or trolleys, to transport passengers.",53-4041.00,8311,Lokomotiv og T-baneførere,0.0032,E0,0.0,,,,
581,5,Samferdsel,6,12767,Monitor lights indicating obstructions or other trains ahead and watch for car and truck traffic at crossings to stay alert to potential hazards.,53-4041.00,8311,Lokomotiv og T-baneførere,0.0031,E0,0.0,,,,
581,5,Samferdsel,7,20276,"Examine shipment contents and compare with records, such as manifests, invoices, or orders, to verify accuracy.",43-5071.00,4321,Lagermedarbeidere og material-forvaltere,0.0018,E2,0.5,,,,1.0
581,5,Samferdsel,8,4741,"Confer or correspond with establishment representatives to rectify problems, such as damages, shortages, or nonconformance to specifications.",43-5071.00,4321,Lagermedarbeidere og material-forvaltere,0.0016,E2,0.5,,,,
581,5,Samferdsel,9,4739,"Record shipment data, such as weight, charges, space availability, damages, or discrepancies, for reporting, accounting, or recordkeeping purposes.",43-5071.00,4321,Lagermedarbeidere og material-forvaltere,0.0016,E1,1.0,,,,1.0
581,5,Samferdsel,10,2723,"Schedule or dispatch workers, work crews, equipment, or service vehicles to appropriate locations, according to customer requests, specifications, or needs, using radios or telephones.",43-5032.00,4323,Transportfunksjonærer,0.0016,E2,0.5,,,,1.0
582,5,Sikkerhet,1,21446,Warn violators of infractions or penalties.,13-1041.00,3351,Tollere,0.0053,E1,1.0,,,,
582,5,Sikkerhet,2,21448,"Advise licensees or other individuals or groups concerning licensing, permit, or passport regulations.",13-1041.00,3351,Tollere,0.0052,E1,1.0,,,,
582,5,Sikkerhet,3,21447,"Evaluate applications, records, or documents to gather information about eligibility or liability issues.",13-1041.00,3351,Tollere,0.0052,E2,0.5,,,,1.0
582,5,Sikkerhet,4,20699,"Review financial statements, sales or activity reports, or other performance data to measure productivity or goal achievement or to identify areas needing cost reduction or program improvement.",11-1021.00,1420,Varehandelssjefer,0.0021,E2,0.5,0.0243,223,0.4305,0.8399
582,5,Sikkerhet,5,20705,"Perform personnel functions, such as selection, training, or evaluation.",11-1021.00,1420,Varehandelssjefer,0.0019,E2,0.5,,,,
582,5,Sikkerhet,6,20700,Direct administrative activities directly related to making products or providing services.,11-1021.00,1420,Varehandelssjefer,0.0018,E2,0.5,,,,
582,5,Sikkerhet,7,9544,Notify managers concerning the need for major repairs or additions to building operating systems.,37-2011.00,5153,Vaktmestre,0.0017,E0,0.0,,,,
582,5,Sikkerhet,8,9539,Gather and empty trash.,37-2011.00,5153,Vaktmestre,0.0017,E0,0.0,,,,
582,5,Sikkerhet,9,9538,"Service, clean, or supply restrooms.",37-2011.00,5153,Vaktmestre,0.0017,E0,0.0,,,,
582,5,Sikkerhet,10,15981,"Develop sustainability project goals, objectives, initiatives, or strategies in collaboration with other sustainability professionals.",13-1199.05,2422,Høyere saksbehandlere i offentlig og privat virksomhet,0.0015,E2,0.5,0.0029,21,1.0,
583,5,Andre servicefag,1,694,Greet customers and ascertain what each customer wants or needs.,41-2031.00,5223,Butikkmedarbeidere,0.0101,E0,0.0,,,,1.0
583,5,Andre servicefag,2,2430,Receive payment or obtain credit authorization.,41-2022.00,5223,Butikkmedarbeidere,0.0098,E0,0.0,0.0078,66,0.2727,0.8148
583,5,Andre servicefag,3,700,"Recommend, select, and help locate or obtain merchandise based on customer needs and desires.",41-2031.00,5223,Butikkmedarbeidere,0.0097,E2,0.5,0.1157,1153,0.4605,0.9403
583,5,Andre servicefag,4,20699,"Review financial statements, sales or activity reports, or other performance data to measure productivity or goal achievement or to identify areas needing cost reduction or program improvement.",11-1021.00,1420,Varehandelssjefer,0.0072,E2,0.5,0.0243,223,0.4305,0.8399
583,5,Andre servicefag,5,20705,"Perform personnel functions, such as selection, training, or evaluation.",11-1021.00,1420,Varehandelssjefer,0.0065,E2,0.5,,,,
583,5,Andre servicefag,6,20700,Direct administrative activities directly related to making products or providing services.,11-1021.00,1420,Varehandelssjefer,0.0061,E2,0.5,,,,
583,5,Andre servicefag,7,13140,Train workers in proper operational procedures and functions and explain company policies.,39-1022.00,5141,Frisører,0.0054,E0,0.0,,,,
583,5,Andre servicefag,8,13142,Meet with managers or other supervisors to stay informed of changes affecting operations.,39-1022.00,5141,Frisører,0.0052,E0,0.0,,,,
583,5,Andre servicefag,9,13138,"Assign work schedules, following work requirements, to ensure quality and timely delivery of service.",39-1022.00,5141,Frisører,0.0051,E2,0.5,,,,
583,5,Andre servicefag,10,14818,"Massage, shampoo, and condition patron's hair and scalp to clean them and remove excess oil.",39-5093.00,5142,Kosmetologer mv.,0.0032,E0,0.0,,,,
599,5,Uoppgitt faggruppe,1,694,Greet customers and ascertain what each customer wants or needs.,41-2031.00,5223,Butikkmedarbeidere,0.0034,E0,0.0,,,,1.0
599,5,Uoppgitt faggruppe,2,2430,Receive payment or obtain credit authorization.,41-2022.00,5223,Butikkmedarbeidere,0.0033,E0,0.0,0.0078,66,0.2727,0.8148
599,5,Uoppgitt faggruppe,3,700,"Recommend, select, and help locate or obtain merchandise based on customer needs and desires.",41-2031.00,5223,Butikkmedarbeidere,0.0033,E2,0.5,0.1157,1153,0.4605,0.9403
599,5,Uoppgitt faggruppe,4,11152,Place food servings on plates or trays according to orders or instructions.,35-3041.00,5131,Servitører,0.0022,E0,0.0,,,,
599,5,Uoppgitt faggruppe,5,11149,"Monitor food distribution, ensuring that meals are delivered to the correct recipients and that guidelines, such as those for special diets, are followed.",35-3041.00,5131,Servitører,0.0022,E0,0.0,,,,
599,5,Uoppgitt faggruppe,6,11151,Examine trays to ensure that they contain required items.,35-3041.00,5131,Servitører,0.0022,E2,0.5,,,,
599,5,Uoppgitt faggruppe,7,9544,Notify managers concerning the need for major repairs or additions to building operating systems.,37-2011.00,9112,Renholdere i virksomheter,0.0021,E0,0.0,,,,
599,5,Uoppgitt faggruppe,8,9539,Gather and empty trash.,37-2011.00,9112,Renholdere i virksomheter,0.0021,E0,0.0,,,,
599,5,Uoppgitt faggruppe,9,20578,Listen and provide emotional support and encouragement to psychiatric patients.,31-1133.00,5321,Helsefagarbeidere,0.0021,E0,0.0,0.0071,34,0.0,
599,5,Uoppgitt faggruppe,10,9538,"Service, clean, or supply restrooms.",37-2011.00,9112,Renholdere i virksomheter,0.0021,E0,0.0,,,,
601,6,Allmenne fag,1,9544,Notify managers concerning the need for major repairs or additions to building operating systems.,37-2011.00,9112,Renholdere i virksomheter,0.004,E0,0.0,,,,
601,6,Allmenne fag,2,9539,Gather and empty trash.,37-2011.00,9112,Renholdere i virksomheter,0.004,E0,0.0,,,,
601,6,Allmenne fag,3,9538,"Service, clean, or supply restrooms.",37-2011.00,9112,Renholdere i virksomheter,0.0038,E0,0.0,,,,
601,6,Allmenne fag,4,694,Greet customers and ascertain what each customer wants or needs.,41-2031.00,5223,Butikkmedarbeidere,0.0022,E0,0.0,,,,1.0
601,6,Allmenne fag,5,2430,Receive payment or obtain credit authorization.,41-2022.00,5223,Butikkmedarbeidere,0.0021,E0,0.0,0.0078,66,0.2727,0.8148
601,6,Allmenne fag,6,700,"Recommend, select, and help locate or obtain merchandise based on customer needs and desires.",41-2031.00,5223,Butikkmedarbeidere,0.0021,E2,0.5,0.1157,1153,0.4605,0.9403
601,6,Allmenne fag,7,20578,Listen and provide emotional support and encouragement to psychiatric patients.,31-1133.00,5321,Helsefagarbeidere,0.002,E0,0.0,0.0071,34,0.0,
601,6,Allmenne fag,8,20699,"Review financial statements, sales or activity reports, or other performance data to measure productivity or goal achievement or to identify areas needing cost reduction or program improvement.",11-1021.00,1420,Varehandelssjefer,0.0019,E2,0.5,0.0243,223,0.4305,0.8399
601,6,Allmenne fag,9,18696,Complete physical checks and monitor patients to detect unusual or harmful behavior and report observations to professional staff.,31-1133.00,5321,Helsefagarbeidere,0.0019,E0,0.0,,,,
601,6,Allmenne fag,10,2005,Maintain patients' restrictions to assigned areas.,31-1133.00,5321,Helsefagarbeidere,0.0018,E0,0.0,,,,
611,6,Språkutdanninger,1,9326,Follow ethical codes that protect the confidentiality of information.,27-3091.00,2643,"Oversettere, tolker mv.",0.0035,E0,0.0,,,,
611,6,Språkutdanninger,2,694,Greet customers and ascertain what each customer wants or needs.,41-2031.00,5223,Butikkmedarbeidere,0.0033,E0,0.0,,,,1.0
611,6,Språkutdanninger,3,9332,"Refer to reference materials, such as dictionaries, lexicons, encyclopedias, and computerized terminology banks, as needed to ensure translation accuracy.",27-3091.00,2643,"Oversettere, tolker mv.",0.0032,E1,1.0,,,,
611,6,Språkutdanninger,4,2430,Receive payment or obtain credit authorization.,41-2022.00,5223,Butikkmedarbeidere,0.0032,E0,0.0,0.0078,66,0.2727,0.8148
611,6,Språkutdanninger,5,9328,"Translate messages simultaneously or consecutively into specified languages, orally or by using hand signs, maintaining message content, context, and style as much as possible.",27-3091.00,2643,"Oversettere, tolker mv.",0.0032,E1,1.0,0.0271,237,0.5274,
611,6,Språkutdanninger,6,700,"Recommend, select, and help locate or obtain merchandise based on customer needs and desires.",41-2031.00,5223,Butikkmedarbeidere,0.0031,E2,0.5,0.1157,1153,0.4605,0.9403
611,6,Språkutdanninger,7,830,"Operate office machines, such as photocopiers and scanners, facsimile machines, voice mail systems, and personal computers.",43-9061.00,4110,Kontormedarbeidere,0.0031,E0,0.0,0.023,221,0.5068,1.0
611,6,Språkutdanninger,8,826,"Communicate with customers, employees, and other individuals to answer questions, disseminate or explain information, take orders, and address complaints.",43-9061.00,4110,Kontormedarbeidere,0.0029,E2,0.5,0.0103,60,0.5333,1.0
611,6,Språkutdanninger,9,827,"Answer telephones, direct calls, and take messages.",43-9061.00,4110,Kontormedarbeidere,0.0028,E2,0.5,0.0109,24,1.0,1.0
611,6,Språkutdanninger,10,15981,"Develop sustainability project goals, objectives, initiatives, or strategies in collaboration with other sustainability professionals.",13-1199.05,2422,Høyere saksbehandlere i offentlig og privat virksomhet,0.0026,E2,0.5,0.0029,21,1.0,
612,6,Litteratur- og bibliotekutdanninger,1,22408,"Teach library patrons basic computer skills, such as searching computerized databases.",25-4022.00,2622,Bibliotekarer og andre informasjonsarbeidere,0.0188,E1,1.0,0.0068,50,0.0,
612,6,Litteratur- og bibliotekutdanninger,2,22412,Analyze patrons' requests to determine needed information and assist in furnishing or locating that information.,25-4022.00,2622,Bibliotekarer og andre informasjonsarbeidere,0.0188,E2,0.5,0.0633,604,0.394,0.4889
612,6,Litteratur- og bibliotekutdanninger,3,22409,"Review and evaluate materials, using book reviews, catalogs, faculty recommendations, and current holdings to select and order print, audio-visual, and electronic resources.",25-4022.00,2622,Bibliotekarer og andre informasjonsarbeidere,0.0186,E2,0.5,,,,
612,6,Litteratur- og bibliotekutdanninger,4,15981,"Develop sustainability project goals, objectives, initiatives, or strategies in collaboration with other sustainability professionals.",13-1199.05,2422,Høyere saksbehandlere i offentlig og privat virksomhet,0.0023,E2,0.5,0.0029,21,1.0,
612,6,Litteratur- og bibliotekutdanninger,5,15980,"Monitor or track sustainability indicators, such as energy usage, natural resource usage, waste generation, and recycling.",13-1199.05,2422,Høyere saksbehandlere i offentlig og privat virksomhet,0.0022,E2,0.5,,,,
612,6,Litteratur- og bibliotekutdanninger,6,15979,"Assess or propose sustainability initiatives, considering factors such as cost effectiveness, technical feasibility, and acceptance.",13-1199.05,2422,Høyere saksbehandlere i offentlig og privat virksomhet,0.0021,E2,0.5,,,,
612,6,Litteratur- og bibliotekutdanninger,7,22654,Present drafts and ideas to clients.,27-3043.00,2431,Reklame- og markedsføringsrådgivere,0.002,E1,1.0,,,,
612,6,Litteratur- og bibliotekutdanninger,8,22653,"Discuss with the client the product, advertising themes and methods, and any changes that should be made in advertising copy.",27-3043.00,2431,Reklame- og markedsføringsrådgivere,0.002,E1,1.0,,,,
612,6,Litteratur- og bibliotekutdanninger,9,22655,Vary language and tone of messages based on product and medium.,27-3043.00,2431,Reklame- og markedsføringsrådgivere,0.002,E1,1.0,,,,1.0
612,6,Litteratur- og bibliotekutdanninger,10,830,"Operate office machines, such as photocopiers and scanners, facsimile machines, voice mail systems, and personal computers.",43-9061.00,4110,Kontormedarbeidere,0.0017,E0,0.0,0.023,221,0.5068,1.0
613,6,Historisk-filosofiske utdanninger,1,694,Greet customers and ascertain what each customer wants or needs.,41-2031.00,5223,Butikkmedarbeidere,0.0042,E0,0.0,,,,1.0
613,6,Historisk-filosofiske utdanninger,2,2430,Receive payment or obtain credit authorization.,41-2022.00,5223,Butikkmedarbeidere,0.0041,E0,0.0,0.0078,66,0.2727,0.8148
613,6,Historisk-filosofiske utdanninger,3,700,"Recommend, select, and help locate or obtain merchandise based on customer needs and desires.",41-2031.00,5223,Butikkmedarbeidere,0.004,E2,0.5,0.1157,1153,0.4605,0.9403
613,6,Historisk-filosofiske utdanninger,4,830,"Operate office machines, such as photocopiers and scanners, facsimile machines, voice mail systems, and personal computers.",43-9061.00,4110,Kontormedarbeidere,0.0026,E0,0.0,0.023,221,0.5068,1.0
613,6,Historisk-filosofiske utdanninger,5,15981,"Develop sustainability project goals, objectives, initiatives, or strategies in collaboration with other sustainability professionals.",13-1199.05,2422,Høyere saksbehandlere i offentlig og privat virksomhet,0.0026,E2,0.5,0.0029,21,1.0,
613,6,Historisk-filosofiske utdanninger,6,15980,"Monitor or track sustainability indicators, such as energy usage, natural resource usage, waste generation, and recycling.",13-1199.05,2422,Høyere saksbehandlere i offentlig og privat virksomhet,0.0025,E2,0.5,,,,
613,6,Historisk-filosofiske utdanninger,7,826,"Communicate with customers, employees, and other individuals to answer questions, disseminate or explain information, take orders, and address complaints.",43-9061.00,4110,Kontormedarbeidere,0.0025,E2,0.5,0.0103,60,0.5333,1.0
613,6,Historisk-filosofiske utdanninger,8,15979,"Assess or propose sustainability initiatives, considering factors such as cost effectiveness, technical feasibility, and acceptance.",13-1199.05,2422,Høyere saksbehandlere i offentlig og privat virksomhet,0.0024,E2,0.5,,,,
613,6,Historisk-filosofiske utdanninger,9,827,"Answer telephones, direct calls, and take messages.",43-9061.00,4110,Kontormedarbeidere,0.0024,E2,0.5,0.0109,24,1.0,1.0
613,6,Historisk-filosofiske utdanninger,10,20699,"Review financial statements, sales or activity reports, or other performance data to measure productivity or goal achievement or to identify areas needing cost reduction or program improvement.",11-1021.00,1420,Varehandelssjefer,0.0022,E2,0.5,0.0243,223,0.4305,0.8399
614,6,Religionsutdanninger,1,12975,Identify and recruit potential volunteer workers.,21-2021.00,2636,Geistlige yrker,0.0028,E2,0.5,0.0054,50,0.56,
614,6,Religionsutdanninger,2,21179,Assess clients' cognitive abilities and physical and emotional needs to determine appropriate interventions.,21-1093.00,3412,Miljøarbeidere innen sosiale fagfelt,0.0028,E2,0.5,,,,
614,6,Religionsutdanninger,3,12982,Collaborate with other ministry members to establish goals and objectives for religious education programs or to develop ways to encourage program participation.,21-2021.00,2636,Geistlige yrker,0.0027,E0,0.0,,,,
614,6,Religionsutdanninger,4,12979,"Implement program plans by ordering needed materials, scheduling speakers, reserving space, or handling other administrative details.",21-2021.00,2636,Geistlige yrker,0.0027,E2,0.5,,,,
614,6,Religionsutdanninger,5,694,Greet customers and ascertain what each customer wants or needs.,41-2031.00,5223,Butikkmedarbeidere,0.0026,E0,0.0,,,,1.0
614,6,Religionsutdanninger,6,2430,Receive payment or obtain credit authorization.,41-2022.00,5223,Butikkmedarbeidere,0.0025,E0,0.0,0.0078,66,0.2727,0.8148
614,6,Religionsutdanninger,7,700,"Recommend, select, and help locate or obtain merchandise based on customer needs and desires.",41-2031.00,5223,Butikkmedarbeidere,0.0025,E2,0.5,0.1157,1153,0.4605,0.9403
614,6,Religionsutdanninger,8,3757,Submit reports and review reports or problems with superior.,21-1093.00,3412,Miljøarbeidere innen sosiale fagfelt,0.0024,E1,1.0,,,,
614,6,Religionsutdanninger,9,3753,Provide information or refer individuals to public or private agencies or community services for assistance.,21-1093.00,3412,Miljøarbeidere innen sosiale fagfelt,0.0024,E2,0.5,0.0044,21,0.0,
614,6,Religionsutdanninger,10,830,"Operate office machines, such as photocopiers and scanners, facsimile machines, voice mail systems, and personal computers.",43-9061.00,4110,Kontormedarbeidere,0.0021,E0,0.0,0.023,221,0.5068,1.0
615,6,"Musikk, dans og drama",1,8668,"Instruct students individually and in groups, using various teaching methods, such as lectures, discussions, and demonstrations.",25-3021.00,2354,Andre musikklærere,0.0067,E0,0.0,,,,
615,6,"Musikk, dans og drama",2,8671,Prepare students for further development by encouraging them to explore learning opportunities and to persevere with challenging tasks.,25-3021.00,2354,Andre musikklærere,0.0066,E0,0.0,,,,
615,6,"Musikk, dans og drama",3,8664,Adapt teaching methods and instructional materials to meet students' varying needs and interests.,25-3021.00,2354,Andre musikklærere,0.0066,E2,0.5,0.0112,106,0.5283,
615,6,"Musikk, dans og drama",4,7649,"Portray and interpret roles, using speech, gestures, and body movements, to entertain, inform, or instruct radio, film, television, or live audiences.",27-2011.00,2655,Skuespillere,0.0034,E0,0.0,0.059,460,0.6217,0.7119
615,6,"Musikk, dans og drama",5,7646,Collaborate with other actors as part of an ensemble.,27-2011.00,2655,Skuespillere,0.0034,E0,0.0,,,,1.0
615,6,"Musikk, dans og drama",6,7644,"Work closely with directors, other actors, and playwrights to find the interpretation most suited to the role.",27-2011.00,2655,Skuespillere,0.0033,E0,0.0,,,,
615,6,"Musikk, dans og drama",7,694,Greet customers and ascertain what each customer wants or needs.,41-2031.00,5223,Butikkmedarbeidere,0.0032,E0,0.0,,,,1.0
615,6,"Musikk, dans og drama",8,2430,Receive payment or obtain credit authorization.,41-2022.00,5223,Butikkmedarbeidere,0.0031,E0,0.0,0.0078,66,0.2727,0.8148
615,6,"Musikk, dans og drama",9,700,"Recommend, select, and help locate or obtain merchandise based on customer needs and desires.",41-2031.00,5223,Butikkmedarbeidere,0.0031,E2,0.5,0.1157,1153,0.4605,0.9403
615,6,"Musikk, dans og drama",10,22574,"Perform before live audiences in concerts, recitals, educational presentations, and other social gatherings.",27-2042.00,2652,"Dirigenter, komponister, musikere og sangere",0.0029,E0,0.0,,,,
616,6,Bildende kunst og kunsthåndverk,1,6882,"Design complex graphics and animation, using independent judgment, creativity, and computer equipment.",27-1014.00,2166,Grafiske- og multimediadesignere,0.0103,E2,0.5,0.0704,687,0.441,
616,6,Bildende kunst og kunsthåndverk,2,6888,"Create basic designs, drawings, and illustrations for product labels, cartons, direct mail, or television.",27-1014.00,2166,Grafiske- og multimediadesignere,0.0086,E2,0.5,,,,
616,6,Bildende kunst og kunsthåndverk,3,6893,"Participate in design and production of multimedia campaigns, handling budgeting and scheduling, and assisting with such responsibilities as production coordination, background design, and progress tracking.",27-1014.00,2166,Grafiske- og multimediadesignere,0.0078,E2,0.5,,,,
616,6,Bildende kunst og kunsthåndverk,4,694,Greet customers and ascertain what each customer wants or needs.,41-2031.00,5223,Butikkmedarbeidere,0.0057,E0,0.0,,,,1.0
616,6,Bildende kunst og kunsthåndverk,5,2430,Receive payment or obtain credit authorization.,41-2022.00,5223,Butikkmedarbeidere,0.0055,E0,0.0,0.0078,66,0.2727,0.8148
616,6,Bildende kunst og kunsthåndverk,6,700,"Recommend, select, and help locate or obtain merchandise based on customer needs and desires.",41-2031.00,5223,Butikkmedarbeidere,0.0055,E2,0.5,0.1157,1153,0.4605,0.9403
616,6,Bildende kunst og kunsthåndverk,7,20699,"Review financial statements, sales or activity reports, or other performance data to measure productivity or goal achievement or to identify areas needing cost reduction or program improvement.",11-1021.00,1420,Varehandelssjefer,0.0028,E2,0.5,0.0243,223,0.4305,0.8399
616,6,Bildende kunst og kunsthåndverk,8,22654,Present drafts and ideas to clients.,27-3043.00,2431,Reklame- og markedsføringsrådgivere,0.0027,E1,1.0,,,,
616,6,Bildende kunst og kunsthåndverk,9,22653,"Discuss with the client the product, advertising themes and methods, and any changes that should be made in advertising copy.",27-3043.00,2431,Reklame- og markedsføringsrådgivere,0.0027,E1,1.0,,,,
616,6,Bildende kunst og kunsthåndverk,10,22655,Vary language and tone of messages based on product and medium.,27-3043.00,2431,Reklame- og markedsføringsrådgivere,0.0027,E1,1.0,,,,1.0
619,6,"Humanistiske og estetiske fag, andre",1,20699,"Review financial statements, sales or activity reports, or other performance data to measure productivity or goal achievement or to identify areas needing cost reduction or program improvement.",11-1021.00,1420,Varehandelssjefer,0.0035,E2,0.5,0.0243,223,0.4305,0.8399
619,6,"Humanistiske og estetiske fag, andre",2,20705,"Perform personnel functions, such as selection, training, or evaluation.",11-1021.00,1420,Varehandelssjefer,0.0031,E2,0.5,,,,
619,6,"Humanistiske og estetiske fag, andre",3,20700,Direct administrative activities directly related to making products or providing services.,11-1021.00,1420,Varehandelssjefer,0.0029,E2,0.5,,,,
619,6,"Humanistiske og estetiske fag, andre",4,830,"Operate office machines, such as photocopiers and scanners, facsimile machines, voice mail systems, and personal computers.",43-9061.00,4110,Kontormedarbeidere,0.0018,E0,0.0,0.023,221,0.5068,1.0
619,6,"Humanistiske og estetiske fag, andre",5,826,"Communicate with customers, employees, and other individuals to answer questions, disseminate or explain information, take orders, and address complaints.",43-9061.00,4110,Kontormedarbeidere,0.0017,E2,0.5,0.0103,60,0.5333,1.0
619,6,"Humanistiske og estetiske fag, andre",6,827,"Answer telephones, direct calls, and take messages.",43-9061.00,4110,Kontormedarbeidere,0.0016,E2,0.5,0.0109,24,1.0,1.0
619,6,"Humanistiske og estetiske fag, andre",7,694,Greet customers and ascertain what each customer wants or needs.,41-2031.00,5223,Butikkmedarbeidere,0.0015,E0,0.0,,,,1.0
619,6,"Humanistiske og estetiske fag, andre",8,2430,Receive payment or obtain credit authorization.,41-2022.00,5223,Butikkmedarbeidere,0.0014,E0,0.0,0.0078,66,0.2727,0.8148
619,6,"Humanistiske og estetiske fag, andre",9,700,"Recommend, select, and help locate or obtain merchandise based on customer needs and desires.",41-2031.00,5223,Butikkmedarbeidere,0.0014,E2,0.5,0.1157,1153,0.4605,0.9403
619,6,"Humanistiske og estetiske fag, andre",10,15981,"Develop sustainability project goals, objectives, initiatives, or strategies in collaboration with other sustainability professionals.",13-1199.05,2422,Høyere saksbehandlere i offentlig og privat virksomhet,0.0013,E2,0.5,0.0029,21,1.0,
621,6,Førskole-/barnehagelærerutdanninger,1,6466,"Teach basic skills, such as color, shape, number and letter recognition, personal hygiene, and social skills.",25-2011.00,2342,Førskolelærere,0.0115,E0,0.0,,,,
621,6,Førskole-/barnehagelærerutdanninger,2,6467,Establish and enforce rules for behavior and procedures for maintaining order.,25-2011.00,2342,Førskolelærere,0.0112,E0,0.0,,,,
621,6,Førskole-/barnehagelærerutdanninger,3,6478,Adapt teaching methods and instructional materials to meet students' varying needs and interests.,25-2011.00,2342,Førskolelærere,0.0112,E2,0.5,0.0112,106,0.5283,
621,6,Førskole-/barnehagelærerutdanninger,4,5193,Confer with parents and staff to discuss educational activities and policies and students' behavioral or learning problems.,11-9031.00,1341,Ledere av omsorgstjenester for barn,0.0048,E0,0.0,,,,
621,6,Førskole-/barnehagelærerutdanninger,5,5196,Monitor students' progress and provide students and teachers with assistance in resolving any problems.,11-9031.00,1341,Ledere av omsorgstjenester for barn,0.0045,E2,0.5,,,,1.0
621,6,Førskole-/barnehagelærerutdanninger,6,5198,"Recruit, hire, train, and evaluate primary and supplemental staff and recommend personnel actions for programs and services.",11-9031.00,1341,Ledere av omsorgstjenester for barn,0.0044,E2,0.5,,,,
621,6,Førskole-/barnehagelærerutdanninger,7,21179,Assess clients' cognitive abilities and physical and emotional needs to determine appropriate interventions.,21-1093.00,3412,Miljøarbeidere innen sosiale fagfelt,0.0012,E2,0.5,,,,
621,6,Førskole-/barnehagelærerutdanninger,8,3757,Submit reports and review reports or problems with superior.,21-1093.00,3412,Miljøarbeidere innen sosiale fagfelt,0.001,E1,1.0,,,,
621,6,Førskole-/barnehagelærerutdanninger,9,3753,Provide information or refer individuals to public or private agencies or community services for assistance.,21-1093.00,3412,Miljøarbeidere innen sosiale fagfelt,0.001,E2,0.5,0.0044,21,0.0,
621,6,Førskole-/barnehagelærerutdanninger,10,13140,Train workers in proper operational procedures and functions and explain company policies.,39-1022.00,5311,Barnehage- og skolefritidsassistenter mv.,0.001,E0,0.0,,,,
622,6,Allmenn-/grunnskolelærerutdanninger,1,6580,"Observe and evaluate students' performance, behavior, social development, and physical health.",25-2022.00,2341,Grunnskolelærere,0.0127,E2,0.5,0.0031,17,0.0,1.0
622,6,Allmenn-/grunnskolelærerutdanninger,2,6581,Prepare materials and classrooms for class activities.,25-2022.00,2341,Grunnskolelærere,0.0125,E0,0.0,0.0156,150,0.56,
622,6,Allmenn-/grunnskolelærerutdanninger,3,6573,Establish and enforce rules for behavior and procedures for maintaining order among students.,25-2022.00,2341,Grunnskolelærere,0.012,E0,0.0,,,,
622,6,Allmenn-/grunnskolelærerutdanninger,4,5238,Participate in faculty and college committee activities.,11-9033.00,1345,Ledere av utdanning og undervisning,0.0013,E0,0.0,,,,
622,6,Allmenn-/grunnskolelærerutdanninger,5,5240,"Establish operational policies and procedures and make any necessary modifications, based on analysis of operations, demographics, and other research information.",11-9033.00,1345,Ledere av utdanning og undervisning,0.0013,E2,0.5,,,,
622,6,Allmenn-/grunnskolelærerutdanninger,6,21042,Prepare reports on academic or institutional data.,11-9033.00,1345,Ledere av utdanning og undervisning,0.0013,E2,0.5,,,,
622,6,Allmenn-/grunnskolelærerutdanninger,7,6650,Prepare students for later grades by encouraging them to explore learning opportunities and to persevere with challenging tasks.,25-2031.00,2330,Lektorer mv. (videregående skole),0.0011,E2,0.5,,,,
622,6,Allmenn-/grunnskolelærerutdanninger,8,6639,Establish and enforce rules for behavior and procedures for maintaining order among students.,25-2031.00,2330,Lektorer mv. (videregående skole),0.0011,E0,0.0,,,,
622,6,Allmenn-/grunnskolelærerutdanninger,9,6643,Prepare materials and classrooms for class activities.,25-2031.00,2330,Lektorer mv. (videregående skole),0.0011,E0,0.0,0.0156,150,0.56,
622,6,Allmenn-/grunnskolelærerutdanninger,10,694,Greet customers and ascertain what each customer wants or needs.,41-2031.00,5223,Butikkmedarbeidere,0.001,E0,0.0,,,,1.0
623,6,Fag- og yrkesfaglærerutdanninger,1,6650,Prepare students for later grades by encouraging them to explore learning opportunities and to persevere with challenging tasks.,25-2031.00,2330,Lektorer mv. (videregående skole),0.0108,E2,0.5,,,,
623,6,Fag- og yrkesfaglærerutdanninger,2,6639,Establish and enforce rules for behavior and procedures for maintaining order among students.,25-2031.00,2330,Lektorer mv. (videregående skole),0.0108,E0,0.0,,,,
623,6,Fag- og yrkesfaglærerutdanninger,3,6643,Prepare materials and classrooms for class activities.,25-2031.00,2330,Lektorer mv. (videregående skole),0.0107,E0,0.0,0.0156,150,0.56,
623,6,Fag- og yrkesfaglærerutdanninger,4,6580,"Observe and evaluate students' performance, behavior, social development, and physical health.",25-2022.00,2341,Grunnskolelærere,0.0051,E2,0.5,0.0031,17,0.0,1.0
623,6,Fag- og yrkesfaglærerutdanninger,5,6581,Prepare materials and classrooms for class activities.,25-2022.00,2341,Grunnskolelærere,0.0051,E0,0.0,0.0156,150,0.56,
623,6,Fag- og yrkesfaglærerutdanninger,6,6573,Establish and enforce rules for behavior and procedures for maintaining order among students.,25-2022.00,2341,Grunnskolelærere,0.0049,E0,0.0,,,,
623,6,Fag- og yrkesfaglærerutdanninger,7,8668,"Instruct students individually and in groups, using various teaching methods, such as lectures, discussions, and demonstrations.",25-3021.00,5165,Kjøreskolelærere,0.0027,E0,0.0,,,,
623,6,Fag- og yrkesfaglærerutdanninger,8,8671,Prepare students for further development by encouraging them to explore learning opportunities and to persevere with challenging tasks.,25-3021.00,5165,Kjøreskolelærere,0.0027,E0,0.0,,,,
623,6,Fag- og yrkesfaglærerutdanninger,9,8664,Adapt teaching methods and instructional materials to meet students' varying needs and interests.,25-3021.00,5165,Kjøreskolelærere,0.0027,E2,0.5,0.0112,106,0.5283,
623,6,Fag- og yrkesfaglærerutdanninger,10,5238,Participate in faculty and college committee activities.,11-9033.00,1345,Ledere av utdanning og undervisning,0.0009,E0,0.0,,,,
624,6,Utdanninger i pedagogikk,1,6580,"Observe and evaluate students' performance, behavior, social development, and physical health.",25-2022.00,2341,Grunnskolelærere,0.004,E2,0.5,0.0031,17,0.0,1.0
624,6,Utdanninger i pedagogikk,2,6581,Prepare materials and classrooms for class activities.,25-2022.00,2341,Grunnskolelærere,0.004,E0,0.0,0.0156,150,0.56,
624,6,Utdanninger i pedagogikk,3,6573,Establish and enforce rules for behavior and procedures for maintaining order among students.,25-2022.00,2341,Grunnskolelærere,0.0038,E0,0.0,,,,
624,6,Utdanninger i pedagogikk,4,21179,Assess clients' cognitive abilities and physical and emotional needs to determine appropriate interventions.,21-1093.00,3412,Miljøarbeidere innen sosiale fagfelt,0.0034,E2,0.5,,,,
624,6,Utdanninger i pedagogikk,5,3757,Submit reports and review reports or problems with superior.,21-1093.00,3412,Miljøarbeidere innen sosiale fagfelt,0.0029,E1,1.0,,,,
624,6,Utdanninger i pedagogikk,6,3753,Provide information or refer individuals to public or private agencies or community services for assistance.,21-1093.00,3412,Miljøarbeidere innen sosiale fagfelt,0.0029,E2,0.5,0.0044,21,0.0,
624,6,Utdanninger i pedagogikk,7,6466,"Teach basic skills, such as color, shape, number and letter recognition, personal hygiene, and social skills.",25-2011.00,2342,Førskolelærere,0.0023,E0,0.0,,,,
624,6,Utdanninger i pedagogikk,8,6467,Establish and enforce rules for behavior and procedures for maintaining order.,25-2011.00,2342,Førskolelærere,0.0022,E0,0.0,,,,
624,6,Utdanninger i pedagogikk,9,6478,Adapt teaching methods and instructional materials to meet students' varying needs and interests.,25-2011.00,2342,Førskolelærere,0.0022,E2,0.5,0.0112,106,0.5283,
624,6,Utdanninger i pedagogikk,10,6650,Prepare students for later grades by encouraging them to explore learning opportunities and to persevere with challenging tasks.,25-2031.00,2330,Lektorer mv. (videregående skole),0.0018,E2,0.5,,,,
625,6,Videreutdanninger for lærere,1,6580,"Observe and evaluate students' performance, behavior, social development, and physical health.",25-2022.00,2341,Grunnskolelærere,0.0097,E2,0.5,0.0031,17,0.0,1.0
625,6,Videreutdanninger for lærere,2,6581,Prepare materials and classrooms for class activities.,25-2022.00,2341,Grunnskolelærere,0.0096,E0,0.0,0.0156,150,0.56,
625,6,Videreutdanninger for lærere,3,6573,Establish and enforce rules for behavior and procedures for maintaining order among students.,25-2022.00,2341,Grunnskolelærere,0.0092,E0,0.0,,,,
625,6,Videreutdanninger for lærere,4,6650,Prepare students for later grades by encouraging them to explore learning opportunities and to persevere with challenging tasks.,25-2031.00,2330,Lektorer mv. (videregående skole),0.0027,E2,0.5,,,,
625,6,Videreutdanninger for lærere,5,6639,Establish and enforce rules for behavior and procedures for maintaining order among students.,25-2031.00,2330,Lektorer mv. (videregående skole),0.0027,E0,0.0,,,,
625,6,Videreutdanninger for lærere,6,6643,Prepare materials and classrooms for class activities.,25-2031.00,2330,Lektorer mv. (videregående skole),0.0026,E0,0.0,0.0156,150,0.56,
625,6,Videreutdanninger for lærere,7,5238,Participate in faculty and college committee activities.,11-9033.00,1345,Ledere av utdanning og undervisning,0.0013,E0,0.0,,,,
625,6,Videreutdanninger for lærere,8,5240,"Establish operational policies and procedures and make any necessary modifications, based on analysis of operations, demographics, and other research information.",11-9033.00,1345,Ledere av utdanning og undervisning,0.0013,E2,0.5,,,,
625,6,Videreutdanninger for lærere,9,21042,Prepare reports on academic or institutional data.,11-9033.00,1345,Ledere av utdanning og undervisning,0.0013,E2,0.5,,,,
625,6,Videreutdanninger for lærere,10,6466,"Teach basic skills, such as color, shape, number and letter recognition, personal hygiene, and social skills.",25-2011.00,2342,Førskolelærere,0.0012,E0,0.0,,,,
629,6,"Lærerutdanninger og utdanninger i pedagogikk, andre",1,9544,Notify managers concerning the need for major repairs or additions to building operating systems.,37-2011.00,9112,Renholdere i virksomheter,0.0032,E0,0.0,,,,
629,6,"Lærerutdanninger og utdanninger i pedagogikk, andre",2,9539,Gather and empty trash.,37-2011.00,9112,Renholdere i virksomheter,0.0032,E0,0.0,,,,
629,6,"Lærerutdanninger og utdanninger i pedagogikk, andre",3,9538,"Service, clean, or supply restrooms.",37-2011.00,9112,Renholdere i virksomheter,0.0031,E0,0.0,,,,
629,6,"Lærerutdanninger og utdanninger i pedagogikk, andre",4,13140,Train workers in proper operational procedures and functions and explain company policies.,39-1022.00,5311,Barnehage- og skolefritidsassistenter mv.,0.003,E0,0.0,,,,
629,6,"Lærerutdanninger og utdanninger i pedagogikk, andre",5,13142,Meet with managers or other supervisors to stay informed of changes affecting operations.,39-1022.00,5311,Barnehage- og skolefritidsassistenter mv.,0.0029,E0,0.0,,,,
629,6,"Lærerutdanninger og utdanninger i pedagogikk, andre",6,13138,"Assign work schedules, following work requirements, to ensure quality and timely delivery of service.",39-1022.00,5311,Barnehage- og skolefritidsassistenter mv.,0.0028,E2,0.5,,,,
629,6,"Lærerutdanninger og utdanninger i pedagogikk, andre",7,20578,Listen and provide emotional support and encouragement to psychiatric patients.,31-1133.00,5321,Helsefagarbeidere,0.0027,E0,0.0,0.0071,34,0.0,
629,6,"Lærerutdanninger og utdanninger i pedagogikk, andre",8,18696,Complete physical checks and monitor patients to detect unusual or harmful behavior and report observations to professional staff.,31-1133.00,5321,Helsefagarbeidere,0.0025,E0,0.0,,,,
629,6,"Lærerutdanninger og utdanninger i pedagogikk, andre",9,2005,Maintain patients' restrictions to assigned areas.,31-1133.00,5321,Helsefagarbeidere,0.0023,E0,0.0,,,,
629,6,"Lærerutdanninger og utdanninger i pedagogikk, andre",10,6580,"Observe and evaluate students' performance, behavior, social development, and physical health.",25-2022.00,2341,Grunnskolelærere,0.0021,E2,0.5,0.0031,17,0.0,1.0
631,6,Statsvitenskapelige fag,1,694,Greet customers and ascertain what each customer wants or needs.,41-2031.00,5223,Butikkmedarbeidere,0.0034,E0,0.0,,,,1.0
631,6,Statsvitenskapelige fag,2,2430,Receive payment or obtain credit authorization.,41-2022.00,5223,Butikkmedarbeidere,0.0033,E0,0.0,0.0078,66,0.2727,0.8148
631,6,Statsvitenskapelige fag,3,700,"Recommend, select, and help locate or obtain merchandise based on customer needs and desires.",41-2031.00,5223,Butikkmedarbeidere,0.0032,E2,0.5,0.1157,1153,0.4605,0.9403
631,6,Statsvitenskapelige fag,4,15981,"Develop sustainability project goals, objectives, initiatives, or strategies in collaboration with other sustainability professionals.",13-1199.05,2422,Høyere saksbehandlere i offentlig og privat virksomhet,0.003,E2,0.5,0.0029,21,1.0,
631,6,Statsvitenskapelige fag,5,15980,"Monitor or track sustainability indicators, such as energy usage, natural resource usage, waste generation, and recycling.",13-1199.05,2422,Høyere saksbehandlere i offentlig og privat virksomhet,0.0028,E2,0.5,,,,
631,6,Statsvitenskapelige fag,6,15979,"Assess or propose sustainability initiatives, considering factors such as cost effectiveness, technical feasibility, and acceptance.",13-1199.05,2422,Høyere saksbehandlere i offentlig og privat virksomhet,0.0028,E2,0.5,,,,
631,6,Statsvitenskapelige fag,7,830,"Operate office machines, such as photocopiers and scanners, facsimile machines, voice mail systems, and personal computers.",43-9061.00,4110,Kontormedarbeidere,0.0024,E0,0.0,0.023,221,0.5068,1.0
631,6,Statsvitenskapelige fag,8,20699,"Review financial statements, sales or activity reports, or other performance data to measure productivity or goal achievement or to identify areas needing cost reduction or program improvement.",11-1021.00,1420,Varehandelssjefer,0.0023,E2,0.5,0.0243,223,0.4305,0.8399
631,6,Statsvitenskapelige fag,9,826,"Communicate with customers, employees, and other individuals to answer questions, disseminate or explain information, take orders, and address complaints.",43-9061.00,4110,Kontormedarbeidere,0.0022,E2,0.5,0.0103,60,0.5333,1.0
631,6,Statsvitenskapelige fag,10,827,"Answer telephones, direct calls, and take messages.",43-9061.00,4110,Kontormedarbeidere,0.0022,E2,0.5,0.0109,24,1.0,1.0
632,6,Sosiologiske fag,1,21179,Assess clients' cognitive abilities and physical and emotional needs to determine appropriate interventions.,21-1093.00,3412,Miljøarbeidere innen sosiale fagfelt,0.0041,E2,0.5,,,,
632,6,Sosiologiske fag,2,694,Greet customers and ascertain what each customer wants or needs.,41-2031.00,5223,Butikkmedarbeidere,0.004,E0,0.0,,,,1.0
632,6,Sosiologiske fag,3,2430,Receive payment or obtain credit authorization.,41-2022.00,5223,Butikkmedarbeidere,0.0039,E0,0.0,0.0078,66,0.2727,0.8148
632,6,Sosiologiske fag,4,700,"Recommend, select, and help locate or obtain merchandise based on customer needs and desires.",41-2031.00,5223,Butikkmedarbeidere,0.0038,E2,0.5,0.1157,1153,0.4605,0.9403
632,6,Sosiologiske fag,5,3757,Submit reports and review reports or problems with superior.,21-1093.00,3412,Miljøarbeidere innen sosiale fagfelt,0.0035,E1,1.0,,,,
632,6,Sosiologiske fag,6,3753,Provide information or refer individuals to public or private agencies or community services for assistance.,21-1093.00,3412,Miljøarbeidere innen sosiale fagfelt,0.0035,E2,0.5,0.0044,21,0.0,
632,6,Sosiologiske fag,7,20699,"Review financial statements, sales or activity reports, or other performance data to measure productivity or goal achievement or to identify areas needing cost reduction or program improvement.",11-1021.00,1420,Varehandelssjefer,0.0025,E2,0.5,0.0243,223,0.4305,0.8399
632,6,Sosiologiske fag,8,21446,Warn violators of infractions or penalties.,13-1041.00,3353,Saksbehandlere innen sosiale ytelser,0.0024,E1,1.0,,,,
632,6,Sosiologiske fag,9,21448,"Advise licensees or other individuals or groups concerning licensing, permit, or passport regulations.",13-1041.00,3353,Saksbehandlere innen sosiale ytelser,0.0024,E1,1.0,,,,
632,6,Sosiologiske fag,10,21447,"Evaluate applications, records, or documents to gather information about eligibility or liability issues.",13-1041.00,3353,Saksbehandlere innen sosiale ytelser,0.0023,E2,0.5,,,,1.0
633,6,Samfunnsgeografiske fag,1,694,Greet customers and ascertain what each customer wants or needs.,41-2031.00,5223,Butikkmedarbeidere,0.0064,E0,0.0,,,,1.0
633,6,Samfunnsgeografiske fag,2,2430,Receive payment or obtain credit authorization.,41-2022.00,5223,Butikkmedarbeidere,0.0062,E0,0.0,0.0078,66,0.2727,0.8148
633,6,Samfunnsgeografiske fag,3,700,"Recommend, select, and help locate or obtain merchandise based on customer needs and desires.",41-2031.00,5223,Butikkmedarbeidere,0.0061,E2,0.5,0.1157,1153,0.4605,0.9403
633,6,Samfunnsgeografiske fag,4,15981,"Develop sustainability project goals, objectives, initiatives, or strategies in collaboration with other sustainability professionals.",13-1199.05,2422,Høyere saksbehandlere i offentlig og privat virksomhet,0.0044,E2,0.5,0.0029,21,1.0,
633,6,Samfunnsgeografiske fag,5,15980,"Monitor or track sustainability indicators, such as energy usage, natural resource usage, waste generation, and recycling.",13-1199.05,2422,Høyere saksbehandlere i offentlig og privat virksomhet,0.0042,E2,0.5,,,,
633,6,Samfunnsgeografiske fag,6,15979,"Assess or propose sustainability initiatives, considering factors such as cost effectiveness, technical feasibility, and acceptance.",13-1199.05,2422,Høyere saksbehandlere i offentlig og privat virksomhet,0.0041,E2,0.5,,,,
633,6,Samfunnsgeografiske fag,7,830,"Operate office machines, such as photocopiers and scanners, facsimile machines, voice mail systems, and personal computers.",43-9061.00,4110,Kontormedarbeidere,0.0034,E0,0.0,0.023,221,0.5068,1.0
633,6,Samfunnsgeografiske fag,8,826,"Communicate with customers, employees, and other individuals to answer questions, disseminate or explain information, take orders, and address complaints.",43-9061.00,4110,Kontormedarbeidere,0.0032,E2,0.5,0.0103,60,0.5333,1.0
633,6,Samfunnsgeografiske fag,9,827,"Answer telephones, direct calls, and take messages.",43-9061.00,4110,Kontormedarbeidere,0.0031,E2,0.5,0.0109,24,1.0,1.0
633,6,Samfunnsgeografiske fag,10,220,"Design, promote, or administer government plans or policies affecting land use, zoning, public utilities, community facilities, housing, or transportation.",19-3051.00,2164,Arealplanleggere,0.002,E2,0.5,,,,
634,6,Samfunnsøkonomiske fag,1,3408,Meet with applicants to obtain information for loan applications and to answer questions about the process.,13-2072.00,3312,Kundebehandlere lån og kreditt,0.0037,E2,0.5,,,,
634,6,Samfunnsøkonomiske fag,2,3409,"Analyze applicants' financial status, credit, and property evaluations to determine feasibility of granting loans.",13-2072.00,3312,Kundebehandlere lån og kreditt,0.0037,E2,0.5,,,,1.0
634,6,Samfunnsøkonomiske fag,3,3410,"Explain to customers the different types of loans and credit options that are available, as well as the terms of those services.",13-2072.00,3312,Kundebehandlere lån og kreditt,0.0036,E1,1.0,0.0881,877,0.2748,0.6835
634,6,Samfunnsøkonomiske fag,4,2487,"Operate computers programmed with accounting software to record, store, and analyze information.",43-3031.00,3313,Regnskapsførere,0.0034,E1,1.0,0.0095,68,0.5441,1.0
634,6,Samfunnsøkonomiske fag,5,2486,"Check figures, postings, and documents for correct entry, mathematical accuracy, and proper codes.",43-3031.00,3313,Regnskapsførere,0.0033,E1,1.0,,,,
634,6,Samfunnsøkonomiske fag,6,2495,"Operate 10-key calculators, typewriters, and copy machines to perform calculations and produce documents.",43-3031.00,3313,Regnskapsførere,0.0031,E1,1.0,,,,
634,6,Samfunnsøkonomiske fag,7,694,Greet customers and ascertain what each customer wants or needs.,41-2031.00,5223,Butikkmedarbeidere,0.0029,E0,0.0,,,,1.0
634,6,Samfunnsøkonomiske fag,8,2430,Receive payment or obtain credit authorization.,41-2022.00,5223,Butikkmedarbeidere,0.0028,E0,0.0,0.0078,66,0.2727,0.8148
634,6,Samfunnsøkonomiske fag,9,700,"Recommend, select, and help locate or obtain merchandise based on customer needs and desires.",41-2031.00,5223,Butikkmedarbeidere,0.0028,E2,0.5,0.1157,1153,0.4605,0.9403
634,6,Samfunnsøkonomiske fag,10,20699,"Review financial statements, sales or activity reports, or other performance data to measure productivity or goal achievement or to identify areas needing cost reduction or program improvement.",11-1021.00,1120,Administrerende direktører,0.0026,E2,0.5,0.0243,223,0.4305,0.8399
635,6,Medie- og informasjonsfag,1,1777,"Read copy or proof to detect and correct errors in spelling, punctuation, and syntax.",27-3041.00,2642,Journalister,0.0084,E1,1.0,,,,
635,6,Medie- og informasjonsfag,2,1780,"Verify facts, dates, and statistics, using standard reference sources.",27-3041.00,2642,Journalister,0.0083,E2,0.5,,,,
635,6,Medie- og informasjonsfag,3,1786,"Read, evaluate and edit manuscripts or other materials submitted for publication, and confer with authors regarding changes in content, style or organization, or publication.",27-3041.00,2642,Journalister,0.0081,E1,1.0,0.1286,1262,0.2559,0.6069
635,6,Medie- og informasjonsfag,4,22654,Present drafts and ideas to clients.,27-3043.00,2431,Reklame- og markedsføringsrådgivere,0.0042,E1,1.0,,,,
635,6,Medie- og informasjonsfag,5,22653,"Discuss with the client the product, advertising themes and methods, and any changes that should be made in advertising copy.",27-3043.00,2431,Reklame- og markedsføringsrådgivere,0.0041,E1,1.0,,,,
635,6,Medie- og informasjonsfag,6,22655,Vary language and tone of messages based on product and medium.,27-3043.00,2431,Reklame- og markedsføringsrådgivere,0.0041,E1,1.0,,,,1.0
635,6,Medie- og informasjonsfag,7,1764,Respond to requests for information from the media or designate an appropriate spokesperson or information source.,27-3031.00,2432,Informasjonsrådgivere,0.0039,E2,0.5,0.0099,81,0.4444,1.0
635,6,Medie- og informasjonsfag,8,20555,"Plan or direct development or communication of programs to maintain favorable public or stockholder perceptions of an organization's accomplishments, agenda, or environmental responsibility.",27-3031.00,2432,Informasjonsrådgivere,0.0038,E2,0.5,0.0042,36,0.4167,1.0
635,6,Medie- og informasjonsfag,9,23951,Post and update content on the company's Web site and social media outlets.,27-3031.00,2432,Informasjonsrådgivere,0.0038,E1,1.0,,,,
635,6,Medie- og informasjonsfag,10,694,Greet customers and ascertain what each customer wants or needs.,41-2031.00,5223,Butikkmedarbeidere,0.0022,E0,0.0,,,,1.0
636,6,Psykologiske fag,1,21179,Assess clients' cognitive abilities and physical and emotional needs to determine appropriate interventions.,21-1093.00,3412,Miljøarbeidere innen sosiale fagfelt,0.0052,E2,0.5,,,,
636,6,Psykologiske fag,2,3757,Submit reports and review reports or problems with superior.,21-1093.00,3412,Miljøarbeidere innen sosiale fagfelt,0.0045,E1,1.0,,,,
636,6,Psykologiske fag,3,3753,Provide information or refer individuals to public or private agencies or community services for assistance.,21-1093.00,3412,Miljøarbeidere innen sosiale fagfelt,0.0045,E2,0.5,0.0044,21,0.0,
636,6,Psykologiske fag,4,20578,Listen and provide emotional support and encouragement to psychiatric patients.,31-1133.00,5321,Helsefagarbeidere,0.0037,E0,0.0,0.0071,34,0.0,
636,6,Psykologiske fag,5,694,Greet customers and ascertain what each customer wants or needs.,41-2031.00,5223,Butikkmedarbeidere,0.0034,E0,0.0,,,,1.0
636,6,Psykologiske fag,6,18696,Complete physical checks and monitor patients to detect unusual or harmful behavior and report observations to professional staff.,31-1133.00,5321,Helsefagarbeidere,0.0034,E0,0.0,,,,
636,6,Psykologiske fag,7,2430,Receive payment or obtain credit authorization.,41-2022.00,5223,Butikkmedarbeidere,0.0033,E0,0.0,0.0078,66,0.2727,0.8148
636,6,Psykologiske fag,8,700,"Recommend, select, and help locate or obtain merchandise based on customer needs and desires.",41-2031.00,5223,Butikkmedarbeidere,0.0033,E2,0.5,0.1157,1153,0.4605,0.9403
636,6,Psykologiske fag,9,2005,Maintain patients' restrictions to assigned areas.,31-1133.00,5321,Helsefagarbeidere,0.0032,E0,0.0,,,,
636,6,Psykologiske fag,10,17535,Document clients' progress toward meeting established treatment objectives.,31-9099.01,5329,Andre pleiemedarbeidere,0.0017,E1,1.0,,,,
637,6,Juridiske fag,1,830,"Operate office machines, such as photocopiers and scanners, facsimile machines, voice mail systems, and personal computers.",43-9061.00,4110,Kontormedarbeidere,0.0035,E0,0.0,0.023,221,0.5068,1.0
637,6,Juridiske fag,2,3774,"Interpret laws, rulings and regulations for individuals and businesses.",23-1011.00,2611,Jurister og advokater,0.0034,E2,0.5,0.0612,594,0.0909,0.3947
637,6,Juridiske fag,3,826,"Communicate with customers, employees, and other individuals to answer questions, disseminate or explain information, take orders, and address complaints.",43-9061.00,4110,Kontormedarbeidere,0.0033,E2,0.5,0.0103,60,0.5333,1.0
637,6,Juridiske fag,4,3775,"Analyze the probable outcomes of cases, using knowledge of legal precedents.",23-1011.00,2611,Jurister og advokater,0.0032,E2,0.5,0.0063,38,0.5263,1.0
637,6,Juridiske fag,5,827,"Answer telephones, direct calls, and take messages.",43-9061.00,4110,Kontormedarbeidere,0.0032,E2,0.5,0.0109,24,1.0,1.0
637,6,Juridiske fag,6,694,Greet customers and ascertain what each customer wants or needs.,41-2031.00,5223,Butikkmedarbeidere,0.003,E0,0.0,,,,1.0
637,6,Juridiske fag,7,2430,Receive payment or obtain credit authorization.,41-2022.00,5223,Butikkmedarbeidere,0.0029,E0,0.0,0.0078,66,0.2727,0.8148
637,6,Juridiske fag,8,700,"Recommend, select, and help locate or obtain merchandise based on customer needs and desires.",41-2031.00,5223,Butikkmedarbeidere,0.0029,E2,0.5,0.1157,1153,0.4605,0.9403
637,6,Juridiske fag,9,3780,Examine legal data to determine advisability of defending or prosecuting lawsuit.,23-1011.00,2611,Jurister og advokater,0.0028,E2,0.5,,,,1.0
637,6,Juridiske fag,10,15981,"Develop sustainability project goals, objectives, initiatives, or strategies in collaboration with other sustainability professionals.",13-1199.05,2422,Høyere saksbehandlere i offentlig og privat virksomhet,0.0023,E2,0.5,0.0029,21,1.0,
638,6,Sosialantropologiske fag,1,694,Greet customers and ascertain what each customer wants or needs.,41-2031.00,5223,Butikkmedarbeidere,0.0042,E0,0.0,,,,1.0
638,6,Sosialantropologiske fag,2,2430,Receive payment or obtain credit authorization.,41-2022.00,5223,Butikkmedarbeidere,0.004,E0,0.0,0.0078,66,0.2727,0.8148
638,6,Sosialantropologiske fag,3,700,"Recommend, select, and help locate or obtain merchandise based on customer needs and desires.",41-2031.00,5223,Butikkmedarbeidere,0.004,E2,0.5,0.1157,1153,0.4605,0.9403
638,6,Sosialantropologiske fag,4,830,"Operate office machines, such as photocopiers and scanners, facsimile machines, voice mail systems, and personal computers.",43-9061.00,4110,Kontormedarbeidere,0.0025,E0,0.0,0.023,221,0.5068,1.0
638,6,Sosialantropologiske fag,5,15981,"Develop sustainability project goals, objectives, initiatives, or strategies in collaboration with other sustainability professionals.",13-1199.05,2422,Høyere saksbehandlere i offentlig og privat virksomhet,0.0024,E2,0.5,0.0029,21,1.0,
638,6,Sosialantropologiske fag,6,21179,Assess clients' cognitive abilities and physical and emotional needs to determine appropriate interventions.,21-1093.00,3412,Miljøarbeidere innen sosiale fagfelt,0.0024,E2,0.5,,,,
638,6,Sosialantropologiske fag,7,826,"Communicate with customers, employees, and other individuals to answer questions, disseminate or explain information, take orders, and address complaints.",43-9061.00,4110,Kontormedarbeidere,0.0023,E2,0.5,0.0103,60,0.5333,1.0
638,6,Sosialantropologiske fag,8,15980,"Monitor or track sustainability indicators, such as energy usage, natural resource usage, waste generation, and recycling.",13-1199.05,2422,Høyere saksbehandlere i offentlig og privat virksomhet,0.0023,E2,0.5,,,,
638,6,Sosialantropologiske fag,9,15979,"Assess or propose sustainability initiatives, considering factors such as cost effectiveness, technical feasibility, and acceptance.",13-1199.05,2422,Høyere saksbehandlere i offentlig og privat virksomhet,0.0023,E2,0.5,,,,
638,6,Sosialantropologiske fag,10,827,"Answer telephones, direct calls, and take messages.",43-9061.00,4110,Kontormedarbeidere,0.0023,E2,0.5,0.0109,24,1.0,1.0
639,6,"Samfunnsfag og juridiske fag, andre",1,15981,"Develop sustainability project goals, objectives, initiatives, or strategies in collaboration with other sustainability professionals.",13-1199.05,2422,Høyere saksbehandlere i offentlig og privat virksomhet,0.0023,E2,0.5,0.0029,21,1.0,
639,6,"Samfunnsfag og juridiske fag, andre",2,15980,"Monitor or track sustainability indicators, such as energy usage, natural resource usage, waste generation, and recycling.",13-1199.05,2422,Høyere saksbehandlere i offentlig og privat virksomhet,0.0022,E2,0.5,,,,
639,6,"Samfunnsfag og juridiske fag, andre",3,15979,"Assess or propose sustainability initiatives, considering factors such as cost effectiveness, technical feasibility, and acceptance.",13-1199.05,2422,Høyere saksbehandlere i offentlig og privat virksomhet,0.0022,E2,0.5,,,,
639,6,"Samfunnsfag og juridiske fag, andre",4,20699,"Review financial statements, sales or activity reports, or other performance data to measure productivity or goal achievement or to identify areas needing cost reduction or program improvement.",11-1021.00,1120,Administrerende direktører,0.0021,E2,0.5,0.0243,223,0.4305,0.8399
639,6,"Samfunnsfag og juridiske fag, andre",5,20705,"Perform personnel functions, such as selection, training, or evaluation.",11-1021.00,1120,Administrerende direktører,0.0019,E2,0.5,,,,
639,6,"Samfunnsfag og juridiske fag, andre",6,20700,Direct administrative activities directly related to making products or providing services.,11-1021.00,1120,Administrerende direktører,0.0018,E2,0.5,,,,
639,6,"Samfunnsfag og juridiske fag, andre",7,694,Greet customers and ascertain what each customer wants or needs.,41-2031.00,5223,Butikkmedarbeidere,0.0015,E0,0.0,,,,1.0
639,6,"Samfunnsfag og juridiske fag, andre",8,21179,Assess clients' cognitive abilities and physical and emotional needs to determine appropriate interventions.,21-1093.00,3412,Miljøarbeidere innen sosiale fagfelt,0.0015,E2,0.5,,,,
639,6,"Samfunnsfag og juridiske fag, andre",9,830,"Operate office machines, such as photocopiers and scanners, facsimile machines, voice mail systems, and personal computers.",43-9061.00,4110,Kontormedarbeidere,0.0014,E0,0.0,0.023,221,0.5068,1.0
639,6,"Samfunnsfag og juridiske fag, andre",10,2430,Receive payment or obtain credit authorization.,41-2022.00,5223,Butikkmedarbeidere,0.0014,E0,0.0,0.0078,66,0.2727,0.8148
641,6,Økonomisk-administrative fag,1,2487,"Operate computers programmed with accounting software to record, store, and analyze information.",43-3031.00,3313,Regnskapsførere,0.0062,E1,1.0,0.0095,68,0.5441,1.0
641,6,Økonomisk-administrative fag,2,2486,"Check figures, postings, and documents for correct entry, mathematical accuracy, and proper codes.",43-3031.00,3313,Regnskapsførere,0.0061,E1,1.0,,,,
641,6,Økonomisk-administrative fag,3,2495,"Operate 10-key calculators, typewriters, and copy machines to perform calculations and produce documents.",43-3031.00,3313,Regnskapsførere,0.0057,E1,1.0,,,,
641,6,Økonomisk-administrative fag,4,21311,Establish and maintain relationships with individual or business customers or provide assistance with problems these customers may encounter.,11-3031.00,1211,Finans- og økonomisjefer,0.0044,E2,0.5,,,,1.0
641,6,Økonomisk-administrative fag,5,20699,"Review financial statements, sales or activity reports, or other performance data to measure productivity or goal achievement or to identify areas needing cost reduction or program improvement.",11-1021.00,1120,Administrerende direktører,0.0043,E2,0.5,0.0243,223,0.4305,0.8399
641,6,Økonomisk-administrative fag,6,21313,Recruit staff members.,11-3031.00,1211,Finans- og økonomisjefer,0.0043,E2,0.5,0.0036,20,1.0,1.0
641,6,Økonomisk-administrative fag,7,21312,"Plan, direct, or coordinate the activities of workers in branches, offices, or departments of establishments, such as branch banks, brokerage firms, risk and insurance departments, or credit departments.",11-3031.00,1211,Finans- og økonomisjefer,0.0041,E2,0.5,,,,
641,6,Økonomisk-administrative fag,8,20705,"Perform personnel functions, such as selection, training, or evaluation.",11-1021.00,1120,Administrerende direktører,0.0038,E2,0.5,,,,
641,6,Økonomisk-administrative fag,9,20700,Direct administrative activities directly related to making products or providing services.,11-1021.00,1120,Administrerende direktører,0.0036,E2,0.5,,,,
641,6,Økonomisk-administrative fag,10,9665,Provide staff with assistance in performing difficult or complicated duties.,41-1012.00,3334,Eiendomsmeglere og - forvaltere,0.0028,E2,0.5,0.007,43,0.0,
642,6,Handel og markedsføring,1,20699,"Review financial statements, sales or activity reports, or other performance data to measure productivity or goal achievement or to identify areas needing cost reduction or program improvement.",11-1021.00,1420,Varehandelssjefer,0.0066,E2,0.5,0.0243,223,0.4305,0.8399
642,6,Handel og markedsføring,2,20705,"Perform personnel functions, such as selection, training, or evaluation.",11-1021.00,1420,Varehandelssjefer,0.0059,E2,0.5,,,,
642,6,Handel og markedsføring,3,20700,Direct administrative activities directly related to making products or providing services.,11-1021.00,1420,Varehandelssjefer,0.0056,E2,0.5,,,,
642,6,Handel og markedsføring,4,22654,Present drafts and ideas to clients.,27-3043.00,2431,Reklame- og markedsføringsrådgivere,0.0053,E1,1.0,,,,
642,6,Handel og markedsføring,5,22653,"Discuss with the client the product, advertising themes and methods, and any changes that should be made in advertising copy.",27-3043.00,2431,Reklame- og markedsføringsrådgivere,0.0053,E1,1.0,,,,
642,6,Handel og markedsføring,6,22655,Vary language and tone of messages based on product and medium.,27-3043.00,2431,Reklame- og markedsføringsrådgivere,0.0053,E1,1.0,,,,1.0
642,6,Handel og markedsføring,7,9665,Provide staff with assistance in performing difficult or complicated duties.,41-1012.00,3322,Selgere (engros),0.0041,E2,0.5,0.007,43,0.0,
642,6,Handel og markedsføring,8,9662,"Hire, train, and evaluate personnel.",41-1012.00,3322,Selgere (engros),0.0039,E2,0.5,,,,
642,6,Handel og markedsføring,9,9666,"Plan and prepare work schedules, and assign employees to specific duties.",41-1012.00,3322,Selgere (engros),0.0035,E2,0.5,,,,
642,6,Handel og markedsføring,10,951,"Identify, develop, or evaluate marketing strategy, based on knowledge of establishment objectives, market characteristics, and cost and markup factors.",11-2021.00,1221,Salgs- og markedssjefer,0.0029,E2,0.5,0.0546,522,0.2625,0.7018
644,6,Hotell- og reiselivsfag,1,20699,"Review financial statements, sales or activity reports, or other performance data to measure productivity or goal achievement or to identify areas needing cost reduction or program improvement.",11-1021.00,1420,Varehandelssjefer,0.005,E2,0.5,0.0243,223,0.4305,0.8399
644,6,Hotell- og reiselivsfag,2,20705,"Perform personnel functions, such as selection, training, or evaluation.",11-1021.00,1420,Varehandelssjefer,0.0045,E2,0.5,,,,
644,6,Hotell- og reiselivsfag,3,20700,Direct administrative activities directly related to making products or providing services.,11-1021.00,1420,Varehandelssjefer,0.0043,E2,0.5,,,,
644,6,Hotell- og reiselivsfag,4,9665,Provide staff with assistance in performing difficult or complicated duties.,41-1012.00,4221,Reisebyråmedarbeidere mv.,0.0033,E2,0.5,0.007,43,0.0,
644,6,Hotell- og reiselivsfag,5,9662,"Hire, train, and evaluate personnel.",41-1012.00,4221,Reisebyråmedarbeidere mv.,0.0031,E2,0.5,,,,
644,6,Hotell- og reiselivsfag,6,830,"Operate office machines, such as photocopiers and scanners, facsimile machines, voice mail systems, and personal computers.",43-9061.00,4110,Kontormedarbeidere,0.0029,E0,0.0,0.023,221,0.5068,1.0
644,6,Hotell- og reiselivsfag,7,9666,"Plan and prepare work schedules, and assign employees to specific duties.",41-1012.00,4221,Reisebyråmedarbeidere mv.,0.0028,E2,0.5,,,,
644,6,Hotell- og reiselivsfag,8,826,"Communicate with customers, employees, and other individuals to answer questions, disseminate or explain information, take orders, and address complaints.",43-9061.00,4110,Kontormedarbeidere,0.0027,E2,0.5,0.0103,60,0.5333,1.0
644,6,Hotell- og reiselivsfag,9,827,"Answer telephones, direct calls, and take messages.",43-9061.00,4110,Kontormedarbeidere,0.0026,E2,0.5,0.0109,24,1.0,1.0
644,6,Hotell- og reiselivsfag,10,694,Greet customers and ascertain what each customer wants or needs.,41-2031.00,5223,Butikkmedarbeidere,0.0019,E0,0.0,,,,1.0
649,6,"Økonomiske og administrative fag, andre",1,9544,Notify managers concerning the need for major repairs or additions to building operating systems.,37-2011.00,9112,Renholdere i virksomheter,0.0027,E0,0.0,,,,
649,6,"Økonomiske og administrative fag, andre",2,9539,Gather and empty trash.,37-2011.00,9112,Renholdere i virksomheter,0.0027,E0,0.0,,,,
649,6,"Økonomiske og administrative fag, andre",3,9538,"Service, clean, or supply restrooms.",37-2011.00,9112,Renholdere i virksomheter,0.0026,E0,0.0,,,,
649,6,"Økonomiske og administrative fag, andre",4,20699,"Review financial statements, sales or activity reports, or other performance data to measure productivity or goal achievement or to identify areas needing cost reduction or program improvement.",11-1021.00,1420,Varehandelssjefer,0.0024,E2,0.5,0.0243,223,0.4305,0.8399
649,6,"Økonomiske og administrative fag, andre",5,2487,"Operate computers programmed with accounting software to record, store, and analyze information.",43-3031.00,3313,Regnskapsførere,0.0022,E1,1.0,0.0095,68,0.5441,1.0
649,6,"Økonomiske og administrative fag, andre",6,2486,"Check figures, postings, and documents for correct entry, mathematical accuracy, and proper codes.",43-3031.00,3313,Regnskapsførere,0.0022,E1,1.0,,,,
649,6,"Økonomiske og administrative fag, andre",7,20705,"Perform personnel functions, such as selection, training, or evaluation.",11-1021.00,1420,Varehandelssjefer,0.0021,E2,0.5,,,,
649,6,"Økonomiske og administrative fag, andre",8,2495,"Operate 10-key calculators, typewriters, and copy machines to perform calculations and produce documents.",43-3031.00,3313,Regnskapsførere,0.002,E1,1.0,,,,
649,6,"Økonomiske og administrative fag, andre",9,20700,Direct administrative activities directly related to making products or providing services.,11-1021.00,1420,Varehandelssjefer,0.002,E2,0.5,,,,
649,6,"Økonomiske og administrative fag, andre",10,5193,Confer with parents and staff to discuss educational activities and policies and students' behavioral or learning problems.,11-9031.00,1341,Ledere av omsorgstjenester for barn,0.002,E0,0.0,,,,
651,6,Biologiske fag,1,694,Greet customers and ascertain what each customer wants or needs.,41-2031.00,5223,Butikkmedarbeidere,0.0044,E0,0.0,,,,1.0
651,6,Biologiske fag,2,2430,Receive payment or obtain credit authorization.,41-2022.00,5223,Butikkmedarbeidere,0.0042,E0,0.0,0.0078,66,0.2727,0.8148
651,6,Biologiske fag,3,700,"Recommend, select, and help locate or obtain merchandise based on customer needs and desires.",41-2031.00,5223,Butikkmedarbeidere,0.0042,E2,0.5,0.1157,1153,0.4605,0.9403
651,6,Biologiske fag,4,19610,"Direct engineering activities, ensuring compliance with environmental, safety, or other governmental regulations.",17-2051.00,2142,Sivilingeniører (bygg og anlegg),0.004,E2,0.5,,,,
651,6,Biologiske fag,5,148,Inspect project sites to monitor progress and ensure conformance to design specifications and safety or sanitation standards.,17-2051.00,2142,Sivilingeniører (bygg og anlegg),0.0038,E0,0.0,0.0036,15,0.0,1.0
651,6,Biologiske fag,6,151,"Estimate quantities and cost of materials, equipment, or labor to determine project feasibility.",17-2051.00,2142,Sivilingeniører (bygg og anlegg),0.0034,E2,0.5,,,,
651,6,Biologiske fag,7,8232,"Feed and water animals, and clean and disinfect pens, cages, yards, and hutches.",45-2021.00,6221,Havbruksarbeidere,0.0023,E0,0.0,,,,
651,6,Biologiske fag,8,8235,"Select animals to be bred, and semen specimens to be used, according to knowledge of animals, genealogies, traits, and desired offspring characteristics.",45-2021.00,6221,Havbruksarbeidere,0.0022,E2,0.5,,,,
651,6,Biologiske fag,9,8237,"Observe animals in heat to detect approach of estrus and exercise animals to induce or hasten estrus, if necessary.",45-2021.00,6221,Havbruksarbeidere,0.0022,E0,0.0,,,,
651,6,Biologiske fag,10,15981,"Develop sustainability project goals, objectives, initiatives, or strategies in collaboration with other sustainability professionals.",13-1199.05,2422,Høyere saksbehandlere i offentlig og privat virksomhet,0.0021,E2,0.5,0.0029,21,1.0,
652,6,Fysiske og kjemiske fag,1,16626,"Interpret the results of all methods of non-destructive testing (NDT), such as acoustic emission, electromagnetic, leak, liquid penetrant, magnetic particle, neutron radiographic, radiographic, thermal or infrared, ultrasonic, vibration analysis, and visual testing.",17-3029.01,3116,Kjemiingeniører,0.0042,E2,0.5,,,,
652,6,Fysiske og kjemiske fag,2,16620,"Interpret or evaluate test results in accordance with applicable codes, standards, specifications, or procedures.",17-3029.01,3116,Kjemiingeniører,0.0042,E2,0.5,,,,
652,6,Fysiske og kjemiske fag,3,16625,Prepare reports on non-destructive testing results.,17-3029.01,3116,Kjemiingeniører,0.0041,E2,0.5,,,,1.0
652,6,Fysiske og kjemiske fag,4,18535,"Set up, maintain, calibrate, clean, and test sterility of medical laboratory equipment.",29-2012.00,3212,Bioingeniører,0.0035,E0,0.0,,,,
652,6,Fysiske og kjemiske fag,5,1902,"Conduct chemical analyses of body fluids, such as blood or urine, using microscope or automatic analyzer to detect abnormalities or diseases and enter findings into computer.",29-2012.00,3212,Bioingeniører,0.0033,E2,0.5,,,,
652,6,Fysiske og kjemiske fag,6,1904,"Analyze the results of tests or experiments to ensure conformity to specifications, using special mechanical or electrical devices.",29-2012.00,3212,Bioingeniører,0.0032,E2,0.5,,,,
652,6,Fysiske og kjemiske fag,7,694,Greet customers and ascertain what each customer wants or needs.,41-2031.00,5223,Butikkmedarbeidere,0.0022,E0,0.0,,,,1.0
652,6,Fysiske og kjemiske fag,8,2430,Receive payment or obtain credit authorization.,41-2022.00,5223,Butikkmedarbeidere,0.0021,E0,0.0,0.0078,66,0.2727,0.8148
652,6,Fysiske og kjemiske fag,9,700,"Recommend, select, and help locate or obtain merchandise based on customer needs and desires.",41-2031.00,5223,Butikkmedarbeidere,0.0021,E2,0.5,0.1157,1153,0.4605,0.9403
652,6,Fysiske og kjemiske fag,10,34,"Review processing schedules or production orders to make decisions concerning inventory requirements, staffing requirements, work procedures, or duty assignments, considering budgetary limitations and time constraints.",11-3051.00,1321,Ledere av industriproduksjon mv.,0.002,E2,0.5,,,,
653,6,Matematikk og statistikk,1,14623,Analyze problems to develop solutions involving computer hardware and software.,15-1221.00,2511,Systemanalytikere/-arkitekter,0.0066,E1,1.0,0.0073,58,0.5862,1.0
653,6,Matematikk og statistikk,2,14629,"Conduct logical analyses of business, scientific, engineering, and other technical problems, formulating mathematical models of problems for solution by computers.",15-1221.00,2511,Systemanalytikere/-arkitekter,0.0054,E1,1.0,0.5036,4962,0.371,0.7254
653,6,Matematikk og statistikk,3,14626,"Apply theoretical expertise and innovation to create or apply new technology, such as adapting principles for applying computers to new uses.",15-1221.00,2511,Systemanalytikere/-arkitekter,0.0053,E1,1.0,,,,
653,6,Matematikk og statistikk,4,22478,"Supervise students in classrooms, halls, cafeterias, school yards, and gymnasiums, or on field trips.",25-9042.00,5312,Skoleassistenter,0.0028,E0,0.0,,,,
653,6,Matematikk og statistikk,5,694,Greet customers and ascertain what each customer wants or needs.,41-2031.00,5223,Butikkmedarbeidere,0.0027,E0,0.0,,,,1.0
653,6,Matematikk og statistikk,6,22506,Provide assistance to students with special needs.,25-9043.00,5312,Skoleassistenter,0.0026,E0,0.0,,,,
653,6,Matematikk og statistikk,7,2430,Receive payment or obtain credit authorization.,41-2022.00,5223,Butikkmedarbeidere,0.0026,E0,0.0,0.0078,66,0.2727,0.8148
653,6,Matematikk og statistikk,8,22481,Tutor and assist children individually or in small groups to help them master assignments and to reinforce learning concepts presented by teachers.,25-9042.00,5312,Skoleassistenter,0.0026,E2,0.5,0.0643,628,0.414,0.1889
653,6,Matematikk og statistikk,9,700,"Recommend, select, and help locate or obtain merchandise based on customer needs and desires.",41-2031.00,5223,Butikkmedarbeidere,0.0026,E2,0.5,0.1157,1153,0.4605,0.9403
653,6,Matematikk og statistikk,10,21662,Analyze user needs and software requirements to determine feasibility of design within time and cost constraints.,15-1252.00,2512,Programvareutviklere,0.0024,E1,1.0,0.5671,5471,0.3116,0.6781
654,6,Informasjons- og datateknologi,1,14623,Analyze problems to develop solutions involving computer hardware and software.,15-1221.00,2511,Systemanalytikere/-arkitekter,0.0116,E1,1.0,0.0073,58,0.5862,1.0
654,6,Informasjons- og datateknologi,2,14629,"Conduct logical analyses of business, scientific, engineering, and other technical problems, formulating mathematical models of problems for solution by computers.",15-1221.00,2511,Systemanalytikere/-arkitekter,0.0095,E1,1.0,0.5036,4962,0.371,0.7254
654,6,Informasjons- og datateknologi,3,14626,"Apply theoretical expertise and innovation to create or apply new technology, such as adapting principles for applying computers to new uses.",15-1221.00,2511,Systemanalytikere/-arkitekter,0.0092,E1,1.0,,,,
654,6,Informasjons- og datateknologi,4,21662,Analyze user needs and software requirements to determine feasibility of design within time and cost constraints.,15-1252.00,2512,Programvareutviklere,0.0024,E1,1.0,0.5671,5471,0.3116,0.6781
654,6,Informasjons- og datateknologi,5,21669,"Develop or direct software system testing or validation procedures, programming, or documentation.",15-1252.00,2512,Programvareutviklere,0.0024,E1,1.0,,,,
654,6,Informasjons- og datateknologi,6,21664,"Confer with systems analysts, engineers, programmers and others to design systems and to obtain information on project limitations and capabilities, performance requirements and interfaces.",15-1252.00,2512,Programvareutviklere,0.0023,E1,1.0,,,,
654,6,Informasjons- og datateknologi,7,968,"Direct daily operations of department, analyzing workflow, establishing priorities, developing standards and setting deadlines.",11-3021.00,1330,Ledere av IKT-enheter,0.0019,E2,0.5,,,,1.0
654,6,Informasjons- og datateknologi,8,978,Review project plans to plan and coordinate project activity.,11-3021.00,1330,Ledere av IKT-enheter,0.0019,E2,0.5,,,,
654,6,Informasjons- og datateknologi,9,975,"Meet with department heads, managers, supervisors, vendors, and others, to solicit cooperation and resolve problems.",11-3021.00,1330,Ledere av IKT-enheter,0.0018,E0,0.0,,,,
654,6,Informasjons- og datateknologi,10,21975,"Modify, maintain, or repair electronics equipment or systems to ensure proper functioning.",17-3023.00,3114,Elektronikkingeniører,0.0017,E0,0.0,,,,
655,6,"Utdanninger i elektrofag, mekaniske fag og maskinfag",1,21975,"Modify, maintain, or repair electronics equipment or systems to ensure proper functioning.",17-3023.00,3114,Elektronikkingeniører,0.0065,E0,0.0,,,,
655,6,"Utdanninger i elektrofag, mekaniske fag og maskinfag",2,21977,"Set up and operate specialized or standard test equipment to diagnose, test, or analyze the performance of electronic components, assemblies, or systems.",17-3023.00,3114,Elektronikkingeniører,0.0062,E0,0.0,0.0105,82,0.5488,1.0
655,6,"Utdanninger i elektrofag, mekaniske fag og maskinfag",3,21976,"Replace defective components or parts, using hand tools and precision instruments.",17-3023.00,3114,Elektronikkingeniører,0.006,E0,0.0,,,,
655,6,"Utdanninger i elektrofag, mekaniske fag og maskinfag",4,19610,"Direct engineering activities, ensuring compliance with environmental, safety, or other governmental regulations.",17-2051.00,2142,Sivilingeniører (bygg og anlegg),0.0044,E2,0.5,,,,
655,6,"Utdanninger i elektrofag, mekaniske fag og maskinfag",5,148,Inspect project sites to monitor progress and ensure conformance to design specifications and safety or sanitation standards.,17-2051.00,2142,Sivilingeniører (bygg og anlegg),0.0041,E0,0.0,0.0036,15,0.0,1.0
655,6,"Utdanninger i elektrofag, mekaniske fag og maskinfag",6,151,"Estimate quantities and cost of materials, equipment, or labor to determine project feasibility.",17-2051.00,2142,Sivilingeniører (bygg og anlegg),0.0037,E2,0.5,,,,
655,6,"Utdanninger i elektrofag, mekaniske fag og maskinfag",7,34,"Review processing schedules or production orders to make decisions concerning inventory requirements, staffing requirements, work procedures, or duty assignments, considering budgetary limitations and time constraints.",11-3051.00,1321,Ledere av industriproduksjon mv.,0.0026,E2,0.5,,,,
655,6,"Utdanninger i elektrofag, mekaniske fag og maskinfag",8,32,"Direct or coordinate production, processing, distribution, or marketing activities of industrial organizations.",11-3051.00,1321,Ledere av industriproduksjon mv.,0.0026,E2,0.5,,,,
655,6,"Utdanninger i elektrofag, mekaniske fag og maskinfag",9,35,Review operations and confer with technical or administrative staff to resolve production or processing problems.,11-3051.00,1321,Ledere av industriproduksjon mv.,0.0025,E2,0.5,,,,
655,6,"Utdanninger i elektrofag, mekaniske fag og maskinfag",10,20699,"Review financial statements, sales or activity reports, or other performance data to measure productivity or goal achievement or to identify areas needing cost reduction or program improvement.",11-1021.00,1120,Administrerende direktører,0.002,E2,0.5,0.0243,223,0.4305,0.8399
656,6,Geofag,1,19610,"Direct engineering activities, ensuring compliance with environmental, safety, or other governmental regulations.",17-2051.00,2142,Sivilingeniører (bygg og anlegg),0.0083,E2,0.5,,,,
656,6,Geofag,2,148,Inspect project sites to monitor progress and ensure conformance to design specifications and safety or sanitation standards.,17-2051.00,2142,Sivilingeniører (bygg og anlegg),0.0078,E0,0.0,0.0036,15,0.0,1.0
656,6,Geofag,3,151,"Estimate quantities and cost of materials, equipment, or labor to determine project feasibility.",17-2051.00,2142,Sivilingeniører (bygg og anlegg),0.0069,E2,0.5,,,,
656,6,Geofag,4,694,Greet customers and ascertain what each customer wants or needs.,41-2031.00,5223,Butikkmedarbeidere,0.0034,E0,0.0,,,,1.0
656,6,Geofag,5,1461,"Calculate dimensions, square footage, profile and component specifications, and material quantities, using calculator or computer.",17-3022.00,3112,Bygningsingeniører,0.0034,E1,1.0,,,,
656,6,Geofag,6,2430,Receive payment or obtain credit authorization.,41-2022.00,5223,Butikkmedarbeidere,0.0033,E0,0.0,0.0078,66,0.2727,0.8148
656,6,Geofag,7,700,"Recommend, select, and help locate or obtain merchandise based on customer needs and desires.",41-2031.00,5223,Butikkmedarbeidere,0.0033,E2,0.5,0.1157,1153,0.4605,0.9403
656,6,Geofag,8,1466,"Confer with supervisor to determine project details such as plan preparation, acceptance testing, and evaluation of field conditions.",17-3022.00,3112,Bygningsingeniører,0.0031,E2,0.5,,,,
656,6,Geofag,9,1464,Read and review project blueprints and structural specifications to determine dimensions of structure or system and material requirements.,17-3022.00,3112,Bygningsingeniører,0.0029,E2,0.5,,,,
656,6,Geofag,10,3517,"Compile data required for map preparation, including aerial photographs, survey notes, records, reports, and original maps.",17-1021.00,2165,"Landmålere, kartografer mv.",0.0025,E2,0.5,,,,
657,6,Bygg- og anleggsfag,1,19610,"Direct engineering activities, ensuring compliance with environmental, safety, or other governmental regulations.",17-2051.00,2142,Sivilingeniører (bygg og anlegg),0.0193,E2,0.5,,,,
657,6,Bygg- og anleggsfag,2,148,Inspect project sites to monitor progress and ensure conformance to design specifications and safety or sanitation standards.,17-2051.00,2142,Sivilingeniører (bygg og anlegg),0.0182,E0,0.0,0.0036,15,0.0,1.0
657,6,Bygg- og anleggsfag,3,151,"Estimate quantities and cost of materials, equipment, or labor to determine project feasibility.",17-2051.00,2142,Sivilingeniører (bygg og anlegg),0.0162,E2,0.5,,,,
657,6,Bygg- og anleggsfag,4,1461,"Calculate dimensions, square footage, profile and component specifications, and material quantities, using calculator or computer.",17-3022.00,3112,Bygningsingeniører,0.0054,E1,1.0,,,,
657,6,Bygg- og anleggsfag,5,1466,"Confer with supervisor to determine project details such as plan preparation, acceptance testing, and evaluation of field conditions.",17-3022.00,3112,Bygningsingeniører,0.0049,E2,0.5,,,,
657,6,Bygg- og anleggsfag,6,1464,Read and review project blueprints and structural specifications to determine dimensions of structure or system and material requirements.,17-3022.00,3112,Bygningsingeniører,0.0047,E2,0.5,,,,
657,6,Bygg- og anleggsfag,7,3318,Inspect or review projects to monitor compliance with building and safety codes or other regulations.,11-9021.00,1323,Ledere av bygge- og anleggsvirksomhet,0.0028,E2,0.5,,,,
657,6,Bygg- og anleggsfag,8,20332,"Plan, schedule, or coordinate construction project activities to meet deadlines.",11-9021.00,1323,Ledere av bygge- og anleggsvirksomhet,0.0027,E2,0.5,,,,
657,6,Bygg- og anleggsfag,9,3326,"Prepare and submit budget estimates, progress reports, or cost tracking reports.",11-9021.00,1323,Ledere av bygge- og anleggsvirksomhet,0.0027,E2,0.5,,,,
657,6,Bygg- og anleggsfag,10,20291,"Inspect work progress, equipment, or construction sites to verify safety or to ensure that specifications are met.",47-1011.00,3123,"Arbeidsleder, bygg og anlegg",0.0024,E2,0.5,,,,
658,6,Fabrikasjon og utvinning,1,34,"Review processing schedules or production orders to make decisions concerning inventory requirements, staffing requirements, work procedures, or duty assignments, considering budgetary limitations and time constraints.",11-3051.00,1321,Ledere av industriproduksjon mv.,0.0046,E2,0.5,,,,
658,6,Fabrikasjon og utvinning,2,32,"Direct or coordinate production, processing, distribution, or marketing activities of industrial organizations.",11-3051.00,1321,Ledere av industriproduksjon mv.,0.0045,E2,0.5,,,,
658,6,Fabrikasjon og utvinning,3,35,Review operations and confer with technical or administrative staff to resolve production or processing problems.,11-3051.00,1321,Ledere av industriproduksjon mv.,0.0045,E2,0.5,,,,
658,6,Fabrikasjon og utvinning,4,314,"Assess nutritional needs, diet restrictions, and current health plans to develop and implement dietary-care plans and provide nutritional counseling.",29-1031.00,2265,Ernæringsfysiologer,0.0032,E2,0.5,0.0523,517,0.3327,1.0
658,6,Fabrikasjon og utvinning,5,23852,"Record details about freight conditions, handling of freight, and any problems encountered.",53-6051.00,3257,Helse- og miljøkontrollører,0.0031,E1,1.0,,,,
658,6,Fabrikasjon og utvinning,6,317,"Counsel individuals and groups on basic rules of good nutrition, healthy eating habits, and nutrition monitoring to improve their quality of life.",29-1031.00,2265,Ernæringsfysiologer,0.0031,E2,0.5,0.1584,1573,0.206,0.4364
658,6,Fabrikasjon og utvinning,7,23914,"Incorporate patient cultural, ethnic, or religious preferences and needs in the development of nutrition plans.",29-1031.00,2265,Ernæringsfysiologer,0.0031,E2,0.5,,,,
658,6,Fabrikasjon og utvinning,8,14854,Inspect food products and processing procedures to determine whether products are safe to eat.,45-2011.00,3257,Helse- og miljøkontrollører,0.003,E0,0.0,,,,
658,6,Fabrikasjon og utvinning,9,23850,Prepare and submit reports after completion of freight shipments.,53-6051.00,3257,Helse- og miljøkontrollører,0.003,E1,1.0,,,,
658,6,Fabrikasjon og utvinning,10,16626,"Interpret the results of all methods of non-destructive testing (NDT), such as acoustic emission, electromagnetic, leak, liquid penetrant, magnetic particle, neutron radiographic, radiographic, thermal or infrared, ultrasonic, vibration analysis, and visual testing.",17-3029.01,3116,Kjemiingeniører,0.0023,E2,0.5,,,,
659,6,"Naturvitenskapelige fag, håndverksfag og tekniske fag, andre",1,14623,Analyze problems to develop solutions involving computer hardware and software.,15-1221.00,2511,Systemanalytikere/-arkitekter,0.0033,E1,1.0,0.0073,58,0.5862,1.0
659,6,"Naturvitenskapelige fag, håndverksfag og tekniske fag, andre",2,19610,"Direct engineering activities, ensuring compliance with environmental, safety, or other governmental regulations.",17-2051.00,2142,Sivilingeniører (bygg og anlegg),0.0029,E2,0.5,,,,
659,6,"Naturvitenskapelige fag, håndverksfag og tekniske fag, andre",3,148,Inspect project sites to monitor progress and ensure conformance to design specifications and safety or sanitation standards.,17-2051.00,2142,Sivilingeniører (bygg og anlegg),0.0027,E0,0.0,0.0036,15,0.0,1.0
659,6,"Naturvitenskapelige fag, håndverksfag og tekniske fag, andre",4,14629,"Conduct logical analyses of business, scientific, engineering, and other technical problems, formulating mathematical models of problems for solution by computers.",15-1221.00,2511,Systemanalytikere/-arkitekter,0.0027,E1,1.0,0.5036,4962,0.371,0.7254
659,6,"Naturvitenskapelige fag, håndverksfag og tekniske fag, andre",5,14626,"Apply theoretical expertise and innovation to create or apply new technology, such as adapting principles for applying computers to new uses.",15-1221.00,2511,Systemanalytikere/-arkitekter,0.0026,E1,1.0,,,,
659,6,"Naturvitenskapelige fag, håndverksfag og tekniske fag, andre",6,151,"Estimate quantities and cost of materials, equipment, or labor to determine project feasibility.",17-2051.00,2142,Sivilingeniører (bygg og anlegg),0.0024,E2,0.5,,,,
659,6,"Naturvitenskapelige fag, håndverksfag og tekniske fag, andre",7,20699,"Review financial statements, sales or activity reports, or other performance data to measure productivity or goal achievement or to identify areas needing cost reduction or program improvement.",11-1021.00,1120,Administrerende direktører,0.0016,E2,0.5,0.0243,223,0.4305,0.8399
659,6,"Naturvitenskapelige fag, håndverksfag og tekniske fag, andre",8,21975,"Modify, maintain, or repair electronics equipment or systems to ensure proper functioning.",17-3023.00,3114,Elektronikkingeniører,0.0016,E0,0.0,,,,
659,6,"Naturvitenskapelige fag, håndverksfag og tekniske fag, andre",9,21977,"Set up and operate specialized or standard test equipment to diagnose, test, or analyze the performance of electronic components, assemblies, or systems.",17-3023.00,3114,Elektronikkingeniører,0.0015,E0,0.0,0.0105,82,0.5488,1.0
659,6,"Naturvitenskapelige fag, håndverksfag og tekniske fag, andre",10,21976,"Replace defective components or parts, using hand tools and precision instruments.",17-3023.00,3114,Elektronikkingeniører,0.0014,E0,0.0,,,,
661,6,Pleie- og omsorgsfag,1,1841,Record patients' medical information and vital signs.,29-1141.00,2223,Sykepleiere,0.0148,E2,0.5,,,,1.0
661,6,Pleie- og omsorgsfag,2,20413,Administer medications to patients and monitor patients for reactions or side effects.,29-1141.00,2223,Sykepleiere,0.0147,E0,0.0,,,,
661,6,Pleie- og omsorgsfag,3,1839,"Maintain accurate, detailed reports and records.",29-1141.00,2223,Sykepleiere,0.0142,E1,1.0,,,,
661,6,Pleie- og omsorgsfag,4,46,"Direct, supervise and evaluate work activities of medical, nursing, technical, clerical, service, maintenance, and other personnel.",11-9111.00,1342,Ledere av helsetjenester,0.0029,E2,0.5,,,,
661,6,Pleie- og omsorgsfag,5,52,"Establish work schedules and assignments for staff, according to workload, space, and equipment availability.",11-9111.00,1342,Ledere av helsetjenester,0.0027,E2,0.5,,,,
661,6,Pleie- og omsorgsfag,6,49,"Develop and maintain computerized record management systems to store and process data, such as personnel activities and information, and to produce reports.",11-9111.00,1342,Ledere av helsetjenester,0.0026,E2,0.5,0.0095,79,0.6456,1.0
661,6,Pleie- og omsorgsfag,7,21179,Assess clients' cognitive abilities and physical and emotional needs to determine appropriate interventions.,21-1093.00,3412,Miljøarbeidere innen sosiale fagfelt,0.0009,E2,0.5,,,,
661,6,Pleie- og omsorgsfag,8,3757,Submit reports and review reports or problems with superior.,21-1093.00,3412,Miljøarbeidere innen sosiale fagfelt,0.0007,E1,1.0,,,,
661,6,Pleie- og omsorgsfag,9,3753,Provide information or refer individuals to public or private agencies or community services for assistance.,21-1093.00,3412,Miljøarbeidere innen sosiale fagfelt,0.0007,E2,0.5,0.0044,21,0.0,
661,6,Pleie- og omsorgsfag,10,20578,Listen and provide emotional support and encouragement to psychiatric patients.,31-1133.00,5321,Helsefagarbeidere,0.0007,E0,0.0,0.0071,34,0.0,
662,6,Sosialfag,1,21179,Assess clients' cognitive abilities and physical and emotional needs to determine appropriate interventions.,21-1093.00,3412,Miljøarbeidere innen sosiale fagfelt,0.0199,E2,0.5,,,,
662,6,Sosialfag,2,3757,Submit reports and review reports or problems with superior.,21-1093.00,3412,Miljøarbeidere innen sosiale fagfelt,0.0171,E1,1.0,,,,
662,6,Sosialfag,3,3753,Provide information or refer individuals to public or private agencies or community services for assistance.,21-1093.00,3412,Miljøarbeidere innen sosiale fagfelt,0.0171,E2,0.5,0.0044,21,0.0,
662,6,Sosialfag,4,275,"Collaborate with counselors, physicians, or nurses to plan or coordinate treatment, drawing on social work experience and patient needs.",21-1023.00,2635,Rådgivere innen sosiale fagfelt,0.003,E0,0.0,,,,
662,6,Sosialfag,5,276,"Monitor, evaluate, and record client progress with respect to treatment goals.",21-1023.00,2635,Rådgivere innen sosiale fagfelt,0.003,E2,0.5,0.0078,70,0.5429,
662,6,Sosialfag,6,273,"Counsel clients in individual or group sessions to assist them in dealing with substance abuse, mental or physical illness, poverty, unemployment, or physical abuse.",21-1023.00,2635,Rådgivere innen sosiale fagfelt,0.003,E0,0.0,,,,
662,6,Sosialfag,7,20578,Listen and provide emotional support and encouragement to psychiatric patients.,31-1133.00,5321,Helsefagarbeidere,0.002,E0,0.0,0.0071,34,0.0,
662,6,Sosialfag,8,1841,Record patients' medical information and vital signs.,29-1141.00,2224,Vernepleiere,0.0019,E2,0.5,,,,1.0
662,6,Sosialfag,9,18696,Complete physical checks and monitor patients to detect unusual or harmful behavior and report observations to professional staff.,31-1133.00,5321,Helsefagarbeidere,0.0019,E0,0.0,,,,
662,6,Sosialfag,10,15981,"Develop sustainability project goals, objectives, initiatives, or strategies in collaboration with other sustainability professionals.",13-1199.05,2422,Høyere saksbehandlere i offentlig og privat virksomhet,0.0018,E2,0.5,0.0029,21,1.0,
663,6,Medisin,1,17535,Document clients' progress toward meeting established treatment objectives.,31-9099.01,5329,Andre pleiemedarbeidere,0.0069,E1,1.0,,,,
663,6,Medisin,2,17532,Implement treatment plans or protocols as directed by speech-language pathologists.,31-9099.01,5329,Andre pleiemedarbeidere,0.0068,E2,0.5,,,,
663,6,Medisin,3,17534,Collect and compile data to document clients' performance or assess program quality.,31-9099.01,5329,Andre pleiemedarbeidere,0.0067,E1,1.0,,,,
663,6,Medisin,4,20578,Listen and provide emotional support and encouragement to psychiatric patients.,31-1133.00,5321,Helsefagarbeidere,0.0033,E0,0.0,0.0071,34,0.0,
663,6,Medisin,5,18696,Complete physical checks and monitor patients to detect unusual or harmful behavior and report observations to professional staff.,31-1133.00,5321,Helsefagarbeidere,0.003,E0,0.0,,,,
663,6,Medisin,6,2005,Maintain patients' restrictions to assigned areas.,31-1133.00,5321,Helsefagarbeidere,0.0029,E0,0.0,,,,
663,6,Medisin,7,830,"Operate office machines, such as photocopiers and scanners, facsimile machines, voice mail systems, and personal computers.",43-9061.00,4110,Kontormedarbeidere,0.0015,E0,0.0,0.023,221,0.5068,1.0
663,6,Medisin,8,826,"Communicate with customers, employees, and other individuals to answer questions, disseminate or explain information, take orders, and address complaints.",43-9061.00,4110,Kontormedarbeidere,0.0014,E2,0.5,0.0103,60,0.5333,1.0
663,6,Medisin,9,827,"Answer telephones, direct calls, and take messages.",43-9061.00,4110,Kontormedarbeidere,0.0014,E2,0.5,0.0109,24,1.0,1.0
663,6,Medisin,10,694,Greet customers and ascertain what each customer wants or needs.,41-2031.00,5223,Butikkmedarbeidere,0.0013,E0,0.0,,,,1.0
664,6,Tannhelsefag,1,550,"Prepare patient, sterilize or disinfect instruments, set up instrument trays, prepare materials, or assist dentist during dental procedures.",31-9091.00,3251,Tannpleiere,0.0261,E0,0.0,,,,
664,6,Tannhelsefag,2,552,Record treatment information in patient records.,31-9091.00,3251,Tannpleiere,0.0259,E1,1.0,,,,
664,6,Tannhelsefag,3,555,Assist dentist in management of medical or dental emergencies.,31-9091.00,3251,Tannpleiere,0.0253,E0,0.0,,,,
664,6,Tannhelsefag,4,17535,Document clients' progress toward meeting established treatment objectives.,31-9099.01,5329,Andre pleiemedarbeidere,0.0025,E1,1.0,,,,
664,6,Tannhelsefag,5,17532,Implement treatment plans or protocols as directed by speech-language pathologists.,31-9099.01,5329,Andre pleiemedarbeidere,0.0025,E2,0.5,,,,
664,6,Tannhelsefag,6,17534,Collect and compile data to document clients' performance or assess program quality.,31-9099.01,5329,Andre pleiemedarbeidere,0.0024,E1,1.0,,,,
664,6,Tannhelsefag,7,694,Greet customers and ascertain what each customer wants or needs.,41-2031.00,5223,Butikkmedarbeidere,0.0017,E0,0.0,,,,1.0
664,6,Tannhelsefag,8,2430,Receive payment or obtain credit authorization.,41-2022.00,5223,Butikkmedarbeidere,0.0017,E0,0.0,0.0078,66,0.2727,0.8148
664,6,Tannhelsefag,9,700,"Recommend, select, and help locate or obtain merchandise based on customer needs and desires.",41-2031.00,5223,Butikkmedarbeidere,0.0017,E2,0.5,0.1157,1153,0.4605,0.9403
664,6,Tannhelsefag,10,17441,Train clients to use hearing aids or other augmentative communication devices.,29-2092.00,3214,Protese- og tannteknikere,0.0014,E0,0.0,,,,
665,6,Terapeutiske fag,1,349,Test and evaluate patients' physical and mental abilities and analyze medical data to determine realistic rehabilitation goals for patients.,29-1122.00,2267,Ergoterapeuter,0.0145,E2,0.5,,,,
665,6,Terapeutiske fag,2,347,Complete and maintain necessary records.,29-1122.00,2267,Ergoterapeuter,0.0143,E1,1.0,,,,1.0
665,6,Terapeutiske fag,3,351,"Plan, organize, and conduct occupational therapy programs in hospital, institutional, or community settings to help rehabilitate persons with disabilities because of illness, injury or psychological or developmental problems.",29-1122.00,2267,Ergoterapeuter,0.0139,E0,0.0,,,,
665,6,Terapeutiske fag,4,19193,"Develop exercise programs to improve participant strength, flexibility, endurance, or circulatory functioning, in accordance with exercise science standards, regulatory requirements, and credentialing requirements.",29-1128.00,2264,Fysioterapeuter,0.0097,E2,0.5,0.0312,301,0.4219,
665,6,Terapeutiske fag,5,19212,Provide emergency or other appropriate medical care to participants with symptoms or signs of physical distress.,29-1128.00,2264,Fysioterapeuter,0.0097,E0,0.0,,,,
665,6,Terapeutiske fag,6,19192,Demonstrate correct use of exercise equipment or performance of exercise routines.,29-1128.00,2264,Fysioterapeuter,0.0096,E0,0.0,0.0068,38,0.0,
665,6,Terapeutiske fag,7,21179,Assess clients' cognitive abilities and physical and emotional needs to determine appropriate interventions.,21-1093.00,3412,Miljøarbeidere innen sosiale fagfelt,0.0018,E2,0.5,,,,
665,6,Terapeutiske fag,8,6914,Evaluate the functioning of the neuromuscularskeletal system and the spine using systems of chiropractic diagnosis.,29-1011.00,2269,Kiropraktorer mv.,0.0017,E0,0.0,,,,
665,6,Terapeutiske fag,9,6913,Perform a series of manual adjustments to the spine or other articulations of the body to correct the musculoskeletal system.,29-1011.00,2269,Kiropraktorer mv.,0.0017,E0,0.0,,,,
665,6,Terapeutiske fag,10,6918,Obtain and record patients' medical histories.,29-1011.00,2269,Kiropraktorer mv.,0.0017,E1,1.0,,,,1.0
666,6,Apotekfag,1,1940,Maintain proper storage and security conditions for drugs.,29-2052.00,3213,Reseptarer,0.0469,E0,0.0,,,,
666,6,Apotekfag,2,18545,"Receive and store incoming supplies, verify quantities against invoices, check for outdated medications in current inventory, and inform supervisors of stock needs and shortages.",29-2052.00,3213,Reseptarer,0.0463,E2,0.5,,,,
666,6,Apotekfag,3,1941,"Answer telephones, responding to questions or requests.",29-2052.00,3213,Reseptarer,0.0461,E1,1.0,0.0199,98,1.0,
666,6,Apotekfag,4,694,Greet customers and ascertain what each customer wants or needs.,41-2031.00,5223,Butikkmedarbeidere,0.0053,E0,0.0,,,,1.0
666,6,Apotekfag,5,2430,Receive payment or obtain credit authorization.,41-2022.00,5223,Butikkmedarbeidere,0.0051,E0,0.0,0.0078,66,0.2727,0.8148
666,6,Apotekfag,6,700,"Recommend, select, and help locate or obtain merchandise based on customer needs and desires.",41-2031.00,5223,Butikkmedarbeidere,0.0051,E2,0.5,0.1157,1153,0.4605,0.9403
666,6,Apotekfag,7,1808,"Review prescriptions to assure accuracy, to ascertain the needed ingredients, and to evaluate their suitability.",29-1051.00,2262,Farmasøyter,0.0032,E2,0.5,,,,
666,6,Apotekfag,8,1809,"Provide information and advice regarding drug interactions, side effects, dosage, and proper medication storage.",29-1051.00,2262,Farmasøyter,0.003,E2,0.5,0.2004,1990,0.196,0.5381
666,6,Apotekfag,9,1812,"Maintain records, such as pharmacy files, patient profiles, charge system files, inventories, control records for radioactive nuclei, or registries of poisons, narcotics, or controlled drugs.",29-1051.00,2262,Farmasøyter,0.0027,E2,0.5,,,,
666,6,Apotekfag,10,20699,"Review financial statements, sales or activity reports, or other performance data to measure productivity or goal achievement or to identify areas needing cost reduction or program improvement.",11-1021.00,1420,Varehandelssjefer,0.0012,E2,0.5,0.0243,223,0.4305,0.8399
667,6,Veterinærfag,1,4312,Hold or restrain animals during veterinary procedures.,31-9096.00,3240,Dyrepleiere,0.0147,E0,0.0,,,,
667,6,Veterinærfag,2,4311,"Clean and maintain kennels, animal holding areas, examination or operating rooms, or animal loading or unloading facilities to control the spread of disease.",31-9096.00,3240,Dyrepleiere,0.0142,E0,0.0,,,,
667,6,Veterinærfag,3,4317,Assist veterinarians in examining animals to determine the nature of illnesses or injuries.,31-9096.00,3240,Dyrepleiere,0.0136,E0,0.0,,,,
667,6,Veterinærfag,4,4107,"Treat sick or injured animals by prescribing medication, setting bones, dressing wounds, or performing surgery.",29-1131.00,2250,Veterinærer,0.0075,E0,0.0,,,,
667,6,Veterinærfag,5,4106,Examine animals to detect and determine the nature of diseases or injuries.,29-1131.00,2250,Veterinærer,0.0073,E0,0.0,,,,
667,6,Veterinærfag,6,4108,"Inoculate animals against various diseases, such as rabies or distemper.",29-1131.00,2250,Veterinærer,0.0073,E0,0.0,,,,
667,6,Veterinærfag,7,694,Greet customers and ascertain what each customer wants or needs.,41-2031.00,5223,Butikkmedarbeidere,0.0033,E0,0.0,,,,1.0
667,6,Veterinærfag,8,2430,Receive payment or obtain credit authorization.,41-2022.00,5223,Butikkmedarbeidere,0.0032,E0,0.0,0.0078,66,0.2727,0.8148
667,6,Veterinærfag,9,700,"Recommend, select, and help locate or obtain merchandise based on customer needs and desires.",41-2031.00,5223,Butikkmedarbeidere,0.0031,E2,0.5,0.1157,1153,0.4605,0.9403
667,6,Veterinærfag,10,7993,Talk to or interact with animals to familiarize them to human voices or contact.,39-2011.00,5164,Dyrepassere og - trenere mv.,0.0023,E0,0.0,,,,
668,6,Idrettsfag,1,3909,"Officiate at sporting events, games, or competitions, to maintain standards of play and to ensure that game rules are observed.",27-2023.00,3422,Trenere og idrettsdommere,0.0035,E0,0.0,,,,
668,6,Idrettsfag,2,694,Greet customers and ascertain what each customer wants or needs.,41-2031.00,5223,Butikkmedarbeidere,0.0034,E0,0.0,,,,1.0
668,6,Idrettsfag,3,2430,Receive payment or obtain credit authorization.,41-2022.00,5223,Butikkmedarbeidere,0.0033,E0,0.0,0.0078,66,0.2727,0.8148
668,6,Idrettsfag,4,700,"Recommend, select, and help locate or obtain merchandise based on customer needs and desires.",41-2031.00,5223,Butikkmedarbeidere,0.0033,E2,0.5,0.1157,1153,0.4605,0.9403
668,6,Idrettsfag,5,3920,Teach and explain the rules and regulations governing a specific sport.,27-2023.00,3422,Trenere og idrettsdommere,0.0029,E1,1.0,0.0059,41,0.0,
668,6,Idrettsfag,6,3919,"Confer with other sporting officials, coaches, players, and facility managers to provide information, coordinate activities, and discuss problems.",27-2023.00,3422,Trenere og idrettsdommere,0.0029,E0,0.0,,,,
668,6,Idrettsfag,7,20699,"Review financial statements, sales or activity reports, or other performance data to measure productivity or goal achievement or to identify areas needing cost reduction or program improvement.",11-1021.00,1420,Varehandelssjefer,0.0026,E2,0.5,0.0243,223,0.4305,0.8399
668,6,Idrettsfag,8,14854,Inspect food products and processing procedures to determine whether products are safe to eat.,45-2011.00,3359,Andre yrker innen offentlig forvaltning,0.0026,E0,0.0,,,,
668,6,Idrettsfag,9,14850,Interpret and enforce government acts and regulations and explain required standards to agricultural workers.,45-2011.00,3359,Andre yrker innen offentlig forvaltning,0.0025,E2,0.5,,,,
668,6,Idrettsfag,10,14846,"Inspect agricultural commodities or related operations, as well as fish or logging operations, for compliance with laws and regulations governing health, quality, and safety.",45-2011.00,3359,Andre yrker innen offentlig forvaltning,0.0024,E0,0.0,,,,
669,6,"Helse-, sosial- og idrettsfag, andre",1,18535,"Set up, maintain, calibrate, clean, and test sterility of medical laboratory equipment.",29-2012.00,3212,Bioingeniører,0.0078,E0,0.0,,,,
669,6,"Helse-, sosial- og idrettsfag, andre",2,1902,"Conduct chemical analyses of body fluids, such as blood or urine, using microscope or automatic analyzer to detect abnormalities or diseases and enter findings into computer.",29-2012.00,3212,Bioingeniører,0.0074,E2,0.5,,,,
669,6,"Helse-, sosial- og idrettsfag, andre",3,1904,"Analyze the results of tests or experiments to ensure conformity to specifications, using special mechanical or electrical devices.",29-2012.00,3212,Bioingeniører,0.0072,E2,0.5,,,,
669,6,"Helse-, sosial- og idrettsfag, andre",4,1841,Record patients' medical information and vital signs.,29-1141.00,2221,Spesialsykepleiere,0.0055,E2,0.5,,,,1.0
669,6,"Helse-, sosial- og idrettsfag, andre",5,20413,Administer medications to patients and monitor patients for reactions or side effects.,29-1141.00,2221,Spesialsykepleiere,0.0054,E0,0.0,,,,
669,6,"Helse-, sosial- og idrettsfag, andre",6,1839,"Maintain accurate, detailed reports and records.",29-1141.00,2221,Spesialsykepleiere,0.0053,E1,1.0,,,,
669,6,"Helse-, sosial- og idrettsfag, andre",7,21179,Assess clients' cognitive abilities and physical and emotional needs to determine appropriate interventions.,21-1093.00,3412,Miljøarbeidere innen sosiale fagfelt,0.0037,E2,0.5,,,,
669,6,"Helse-, sosial- og idrettsfag, andre",8,3757,Submit reports and review reports or problems with superior.,21-1093.00,3412,Miljøarbeidere innen sosiale fagfelt,0.0032,E1,1.0,,,,
669,6,"Helse-, sosial- og idrettsfag, andre",9,3753,Provide information or refer individuals to public or private agencies or community services for assistance.,21-1093.00,3412,Miljøarbeidere innen sosiale fagfelt,0.0032,E2,0.5,0.0044,21,0.0,
669,6,"Helse-, sosial- og idrettsfag, andre",10,46,"Direct, supervise and evaluate work activities of medical, nursing, technical, clerical, service, maintenance, and other personnel.",11-9111.00,1342,Ledere av helsetjenester,0.0031,E2,0.5,,,,
671,6,Fiske og havbruk,1,8232,"Feed and water animals, and clean and disinfect pens, cages, yards, and hutches.",45-2021.00,6221,Havbruksarbeidere,0.0135,E0,0.0,,,,
671,6,Fiske og havbruk,2,8235,"Select animals to be bred, and semen specimens to be used, according to knowledge of animals, genealogies, traits, and desired offspring characteristics.",45-2021.00,6221,Havbruksarbeidere,0.0129,E2,0.5,,,,
671,6,Fiske og havbruk,3,8237,"Observe animals in heat to detect approach of estrus and exercise animals to induce or hasten estrus, if necessary.",45-2021.00,6221,Havbruksarbeidere,0.0126,E0,0.0,,,,
671,6,Fiske og havbruk,4,34,"Review processing schedules or production orders to make decisions concerning inventory requirements, staffing requirements, work procedures, or duty assignments, considering budgetary limitations and time constraints.",11-3051.00,1321,Ledere av industriproduksjon mv.,0.01,E2,0.5,,,,
671,6,Fiske og havbruk,5,32,"Direct or coordinate production, processing, distribution, or marketing activities of industrial organizations.",11-3051.00,1321,Ledere av industriproduksjon mv.,0.0098,E2,0.5,,,,
671,6,Fiske og havbruk,6,35,Review operations and confer with technical or administrative staff to resolve production or processing problems.,11-3051.00,1321,Ledere av industriproduksjon mv.,0.0098,E2,0.5,,,,
671,6,Fiske og havbruk,7,830,"Operate office machines, such as photocopiers and scanners, facsimile machines, voice mail systems, and personal computers.",43-9061.00,4110,Kontormedarbeidere,0.0018,E0,0.0,0.023,221,0.5068,1.0
671,6,Fiske og havbruk,8,20699,"Review financial statements, sales or activity reports, or other performance data to measure productivity or goal achievement or to identify areas needing cost reduction or program improvement.",11-1021.00,1120,Administrerende direktører,0.0018,E2,0.5,0.0243,223,0.4305,0.8399
671,6,Fiske og havbruk,9,826,"Communicate with customers, employees, and other individuals to answer questions, disseminate or explain information, take orders, and address complaints.",43-9061.00,4110,Kontormedarbeidere,0.0017,E2,0.5,0.0103,60,0.5333,1.0
671,6,Fiske og havbruk,10,827,"Answer telephones, direct calls, and take messages.",43-9061.00,4110,Kontormedarbeidere,0.0017,E2,0.5,0.0109,24,1.0,1.0
672,6,Jordbruk,1,8232,"Feed and water animals, and clean and disinfect pens, cages, yards, and hutches.",45-2021.00,6130,Plante- og husdyrprodusenter (kombinasjonsbruk),0.0048,E0,0.0,,,,
672,6,Jordbruk,2,8235,"Select animals to be bred, and semen specimens to be used, according to knowledge of animals, genealogies, traits, and desired offspring characteristics.",45-2021.00,6130,Plante- og husdyrprodusenter (kombinasjonsbruk),0.0046,E2,0.5,,,,
672,6,Jordbruk,3,8237,"Observe animals in heat to detect approach of estrus and exercise animals to induce or hasten estrus, if necessary.",45-2021.00,6130,Plante- og husdyrprodusenter (kombinasjonsbruk),0.0045,E0,0.0,,,,
672,6,Jordbruk,4,7582,Taste or smell foods or beverages to ensure that flavors meet specifications or to select samples with specific characteristics.,19-4013.00,3142,Agroteknikere,0.0036,E0,0.0,,,,
672,6,Jordbruk,5,694,Greet customers and ascertain what each customer wants or needs.,41-2031.00,5223,Butikkmedarbeidere,0.0036,E0,0.0,,,,1.0
672,6,Jordbruk,6,20394,Maintain records of testing results or other documents as required by state or other governing agencies.,19-4013.00,3142,Agroteknikere,0.0035,E1,1.0,,,,
672,6,Jordbruk,7,2430,Receive payment or obtain credit authorization.,41-2022.00,5223,Butikkmedarbeidere,0.0034,E0,0.0,0.0078,66,0.2727,0.8148
672,6,Jordbruk,8,700,"Recommend, select, and help locate or obtain merchandise based on customer needs and desires.",41-2031.00,5223,Butikkmedarbeidere,0.0034,E2,0.5,0.1157,1153,0.4605,0.9403
672,6,Jordbruk,9,20395,Monitor and control temperature of products.,19-4013.00,3142,Agroteknikere,0.0032,E0,0.0,,,,
672,6,Jordbruk,10,9665,Provide staff with assistance in performing difficult or complicated duties.,41-1012.00,3322,Selgere (engros),0.0028,E2,0.5,0.007,43,0.0,
674,6,Skogbruk,1,5566,"Thin and space trees and control weeds and undergrowth, using manual tools and chemicals, or supervise workers performing these tasks.",19-4071.00,3143,Skogteknikere,0.0216,E0,0.0,,,,
674,6,Skogbruk,2,5570,"Provide information about, and enforce, regulations, such as those concerning environmental protection, resource utilization, fire safety, and accident prevention.",19-4071.00,3143,Skogteknikere,0.0204,E2,0.5,0.0031,17,0.0,
674,6,Skogbruk,3,5563,"Train and lead forest and conservation workers in seasonal activities, such as planting tree seedlings, putting out forest fires, and maintaining recreational facilities.",19-4071.00,3143,Skogteknikere,0.0193,E0,0.0,,,,
674,6,Skogbruk,4,15981,"Develop sustainability project goals, objectives, initiatives, or strategies in collaboration with other sustainability professionals.",13-1199.05,2422,Høyere saksbehandlere i offentlig og privat virksomhet,0.0039,E2,0.5,0.0029,21,1.0,
674,6,Skogbruk,5,15980,"Monitor or track sustainability indicators, such as energy usage, natural resource usage, waste generation, and recycling.",13-1199.05,2422,Høyere saksbehandlere i offentlig og privat virksomhet,0.0037,E2,0.5,,,,
674,6,Skogbruk,6,15979,"Assess or propose sustainability initiatives, considering factors such as cost effectiveness, technical feasibility, and acceptance.",13-1199.05,2422,Høyere saksbehandlere i offentlig og privat virksomhet,0.0036,E2,0.5,,,,
674,6,Skogbruk,7,20699,"Review financial statements, sales or activity reports, or other performance data to measure productivity or goal achievement or to identify areas needing cost reduction or program improvement.",11-1021.00,1120,Administrerende direktører,0.0031,E2,0.5,0.0243,223,0.4305,0.8399
674,6,Skogbruk,8,21370,"Collect and record growth, production, and environmental data.",11-9013.00,1311,"Ledere i skogbruk, gartnerier mv.",0.0029,E2,0.5,,,,
674,6,Skogbruk,9,20705,"Perform personnel functions, such as selection, training, or evaluation.",11-1021.00,1120,Administrerende direktører,0.0028,E2,0.5,,,,
674,6,Skogbruk,10,20700,Direct administrative activities directly related to making products or providing services.,11-1021.00,1120,Administrerende direktører,0.0026,E2,0.5,,,,
679,6,"Primærnæringsfag, andre",1,9544,Notify managers concerning the need for major repairs or additions to building operating systems.,37-2011.00,9112,Renholdere i virksomheter,0.0024,E0,0.0,,,,
679,6,"Primærnæringsfag, andre",2,9539,Gather and empty trash.,37-2011.00,9112,Renholdere i virksomheter,0.0024,E0,0.0,,,,
679,6,"Primærnæringsfag, andre",3,9538,"Service, clean, or supply restrooms.",37-2011.00,9112,Renholdere i virksomheter,0.0023,E0,0.0,,,,
679,6,"Primærnæringsfag, andre",4,694,Greet customers and ascertain what each customer wants or needs.,41-2031.00,5223,Butikkmedarbeidere,0.0018,E0,0.0,,,,1.0
679,6,"Primærnæringsfag, andre",5,23430,Follow established safety rules and regulations and maintain a safe and clean environment.,47-2031.00,7115,Tømrere og snekkere,0.0018,E0,0.0,,,,
679,6,"Primærnæringsfag, andre",6,20699,"Review financial statements, sales or activity reports, or other performance data to measure productivity or goal achievement or to identify areas needing cost reduction or program improvement.",11-1021.00,1420,Varehandelssjefer,0.0018,E2,0.5,0.0243,223,0.4305,0.8399
679,6,"Primærnæringsfag, andre",7,2430,Receive payment or obtain credit authorization.,41-2022.00,5223,Butikkmedarbeidere,0.0017,E0,0.0,0.0078,66,0.2727,0.8148
679,6,"Primærnæringsfag, andre",8,700,"Recommend, select, and help locate or obtain merchandise based on customer needs and desires.",41-2031.00,5223,Butikkmedarbeidere,0.0017,E2,0.5,0.1157,1153,0.4605,0.9403
679,6,"Primærnæringsfag, andre",9,13356,Observe and listen to machinery operation to detect equipment malfunctions.,45-2091.00,6113,Gartnere,0.0017,E0,0.0,,,,
679,6,"Primærnæringsfag, andre",10,13359,"Operate or tend equipment used in agricultural production, such as tractors, combines, and irrigation equipment.",45-2091.00,6113,Gartnere,0.0016,E0,0.0,,,,
681,6,Samferdsel,1,8584,Enforce safety rules and regulations.,53-1043.00,3152,Dekksoffiserer og loser,0.0099,E0,0.0,,,,
681,6,Samferdsel,2,8588,Resolve worker problems or collaborate with employees to assist in problem resolution.,53-1043.00,3152,Dekksoffiserer og loser,0.0089,E0,0.0,,,,
681,6,Samferdsel,3,8593,"Interpret transportation or tariff regulations, shipping orders, safety regulations, or company policies and procedures for workers.",53-1043.00,3152,Dekksoffiserer og loser,0.0089,E1,1.0,,,,
681,6,Samferdsel,4,20276,"Examine shipment contents and compare with records, such as manifests, invoices, or orders, to verify accuracy.",43-5071.00,3331,Speditører og befraktere,0.0041,E2,0.5,,,,1.0
681,6,Samferdsel,5,11364,Confer with department supervisors or other personnel to assess progress and discuss needed changes.,43-5061.00,4322,Logistikkmedarbeidere,0.0041,E0,0.0,,,,
681,6,Samferdsel,6,11370,Distribute production schedules or work orders to departments.,43-5061.00,4322,Logistikkmedarbeidere,0.0039,E1,1.0,,,,
681,6,Samferdsel,7,4741,"Confer or correspond with establishment representatives to rectify problems, such as damages, shortages, or nonconformance to specifications.",43-5071.00,3331,Speditører og befraktere,0.0037,E2,0.5,,,,
681,6,Samferdsel,8,4739,"Record shipment data, such as weight, charges, space availability, damages, or discrepancies, for reporting, accounting, or recordkeeping purposes.",43-5071.00,3331,Speditører og befraktere,0.0036,E1,1.0,,,,1.0
681,6,Samferdsel,9,11372,"Arrange for delivery, assembly, or distribution of supplies or parts to expedite flow of materials and meet production schedules.",43-5061.00,4322,Logistikkmedarbeidere,0.0036,E2,0.5,,,,
681,6,Samferdsel,10,21340,"Supervise the activities of workers engaged in receiving, storing, testing, and shipping products or materials.",11-3071.00,1324,Ledere av logistikk og transport mv.,0.0023,E2,0.5,,,,
682,6,Sikkerhet,1,564,Explain police operations to subordinates to assist them in performing their job duties.,33-1012.00,3355,Politibetjenter mv.,0.018,E0,0.0,0.0036,30,0.0,
682,6,Sikkerhet,2,565,"Inform personnel of changes in regulations and policies, implications of new or amended laws, and new techniques of police work.",33-1012.00,3355,Politibetjenter mv.,0.0173,E2,0.5,0.0047,29,0.0,
682,6,Sikkerhet,3,574,Prepare work schedules and assign duties to subordinates.,33-1012.00,3355,Politibetjenter mv.,0.0173,E2,0.5,,,,
682,6,Sikkerhet,4,20699,"Review financial statements, sales or activity reports, or other performance data to measure productivity or goal achievement or to identify areas needing cost reduction or program improvement.",11-1021.00,1120,Administrerende direktører,0.0015,E2,0.5,0.0243,223,0.4305,0.8399
682,6,Sikkerhet,5,9431,"Maintain knowledge of, comply with, and enforce all institutional policies, rules, procedures, and regulations.",33-1011.00,5413,Fengselsbetjenter,0.0014,E1,1.0,,,,1.0
682,6,Sikkerhet,6,9429,"Maintain order, discipline, and security within assigned areas in accordance with relevant rules, regulations, policies, and laws.",33-1011.00,5413,Fengselsbetjenter,0.0014,E0,0.0,,,,
682,6,Sikkerhet,7,15254,"Inspect conditions of locks, window bars, grills, doors, and gates at correctional facilities to ensure security and help prevent escapes.",33-3012.00,5413,Fengselsbetjenter,0.0014,E0,0.0,,,,
682,6,Sikkerhet,8,20705,"Perform personnel functions, such as selection, training, or evaluation.",11-1021.00,1120,Administrerende direktører,0.0013,E2,0.5,,,,
682,6,Sikkerhet,9,20700,Direct administrative activities directly related to making products or providing services.,11-1021.00,1120,Administrerende direktører,0.0012,E2,0.5,,,,
682,6,Sikkerhet,10,19610,"Direct engineering activities, ensuring compliance with environmental, safety, or other governmental regulations.",17-2051.00,2142,Sivilingeniører (bygg og anlegg),0.0006,E2,0.5,,,,
689,6,"Samferdsels- og sikkerhetsfag og andre servicefag, andre",1,20699,"Review financial statements, sales or activity reports, or other performance data to measure productivity or goal achievement or to identify areas needing cost reduction or program improvement.",11-1021.00,1420,Varehandelssjefer,0.0035,E2,0.5,0.0243,223,0.4305,0.8399
689,6,"Samferdsels- og sikkerhetsfag og andre servicefag, andre",2,20705,"Perform personnel functions, such as selection, training, or evaluation.",11-1021.00,1420,Varehandelssjefer,0.0031,E2,0.5,,,,
689,6,"Samferdsels- og sikkerhetsfag og andre servicefag, andre",3,20700,Direct administrative activities directly related to making products or providing services.,11-1021.00,1420,Varehandelssjefer,0.003,E2,0.5,,,,
689,6,"Samferdsels- og sikkerhetsfag og andre servicefag, andre",4,9544,Notify managers concerning the need for major repairs or additions to building operating systems.,37-2011.00,9112,Renholdere i virksomheter,0.0029,E0,0.0,,,,
689,6,"Samferdsels- og sikkerhetsfag og andre servicefag, andre",5,9539,Gather and empty trash.,37-2011.00,9112,Renholdere i virksomheter,0.0028,E0,0.0,,,,
689,6,"Samferdsels- og sikkerhetsfag og andre servicefag, andre",6,9538,"Service, clean, or supply restrooms.",37-2011.00,9112,Renholdere i virksomheter,0.0027,E0,0.0,,,,
689,6,"Samferdsels- og sikkerhetsfag og andre servicefag, andre",7,694,Greet customers and ascertain what each customer wants or needs.,41-2031.00,5223,Butikkmedarbeidere,0.0016,E0,0.0,,,,1.0
689,6,"Samferdsels- og sikkerhetsfag og andre servicefag, andre",8,830,"Operate office machines, such as photocopiers and scanners, facsimile machines, voice mail systems, and personal computers.",43-9061.00,4110,Kontormedarbeidere,0.0015,E0,0.0,0.023,221,0.5068,1.0
689,6,"Samferdsels- og sikkerhetsfag og andre servicefag, andre",9,2430,Receive payment or obtain credit authorization.,41-2022.00,5223,Butikkmedarbeidere,0.0015,E0,0.0,0.0078,66,0.2727,0.8148
689,6,"Samferdsels- og sikkerhetsfag og andre servicefag, andre",10,700,"Recommend, select, and help locate or obtain merchandise based on customer needs and desires.",41-2031.00,5223,Butikkmedarbeidere,0.0015,E2,0.5,0.1157,1153,0.4605,0.9403
699,6,Uoppgitt faggruppe,1,9544,Notify managers concerning the need for major repairs or additions to building operating systems.,37-2011.00,9112,Renholdere i virksomheter,0.0025,E0,0.0,,,,
699,6,Uoppgitt faggruppe,2,9539,Gather and empty trash.,37-2011.00,9112,Renholdere i virksomheter,0.0025,E0,0.0,,,,
699,6,Uoppgitt faggruppe,3,9538,"Service, clean, or supply restrooms.",37-2011.00,9112,Renholdere i virksomheter,0.0024,E0,0.0,,,,
699,6,Uoppgitt faggruppe,4,694,Greet customers and ascertain what each customer wants or needs.,41-2031.00,5223,Butikkmedarbeidere,0.0018,E0,0.0,,,,1.0
699,6,Uoppgitt faggruppe,5,2430,Receive payment or obtain credit authorization.,41-2022.00,5223,Butikkmedarbeidere,0.0017,E0,0.0,0.0078,66,0.2727,0.8148
699,6,Uoppgitt faggruppe,6,700,"Recommend, select, and help locate or obtain merchandise based on customer needs and desires.",41-2031.00,5223,Butikkmedarbeidere,0.0017,E2,0.5,0.1157,1153,0.4605,0.9403
699,6,Uoppgitt faggruppe,7,20699,"Review financial statements, sales or activity reports, or other performance data to measure productivity or goal achievement or to identify areas needing cost reduction or program improvement.",11-1021.00,1420,Varehandelssjefer,0.0015,E2,0.5,0.0243,223,0.4305,0.8399
699,6,Uoppgitt faggruppe,8,11152,Place food servings on plates or trays according to orders or instructions.,35-3041.00,5131,Servitører,0.0015,E0,0.0,,,,
699,6,Uoppgitt faggruppe,9,11149,"Monitor food distribution, ensuring that meals are delivered to the correct recipients and that guidelines, such as those for special diets, are followed.",35-3041.00,5131,Servitører,0.0014,E0,0.0,,,,
699,6,Uoppgitt faggruppe,10,11151,Examine trays to ensure that they contain required items.,35-3041.00,5131,Servitører,0.0014,E2,0.5,,,,
701,7,Allmenne fag,1,14623,Analyze problems to develop solutions involving computer hardware and software.,15-1221.00,2511,Systemanalytikere/-arkitekter,0.0028,E1,1.0,0.0073,58,0.5862,1.0
701,7,Allmenne fag,2,11187,"Place clean dishes, utensils, or cooking equipment in storage areas.",35-9021.00,9412,Kjøkkenassistenter,0.0027,E0,0.0,,,,
701,7,Allmenne fag,3,11190,Sweep or scrub floors.,35-9021.00,9412,Kjøkkenassistenter,0.0027,E0,0.0,,,,
701,7,Allmenne fag,4,11188,"Maintain kitchen work areas, equipment, or utensils in clean and orderly condition.",35-9021.00,9412,Kjøkkenassistenter,0.0027,E0,0.0,,,,
701,7,Allmenne fag,5,13140,Train workers in proper operational procedures and functions and explain company policies.,39-1022.00,5311,Barnehage- og skolefritidsassistenter mv.,0.0024,E0,0.0,,,,
701,7,Allmenne fag,6,9561,"Clean rooms, hallways, lobbies, lounges, restrooms, corridors, elevators, stairways, locker rooms, and other work areas so that health standards are met.",37-2012.00,9112,Renholdere i virksomheter,0.0024,E0,0.0,,,,
701,7,Allmenne fag,7,13142,Meet with managers or other supervisors to stay informed of changes affecting operations.,39-1022.00,5311,Barnehage- og skolefritidsassistenter mv.,0.0024,E0,0.0,,,,
701,7,Allmenne fag,8,14629,"Conduct logical analyses of business, scientific, engineering, and other technical problems, formulating mathematical models of problems for solution by computers.",15-1221.00,2511,Systemanalytikere/-arkitekter,0.0023,E1,1.0,0.5036,4962,0.371,0.7254
701,7,Allmenne fag,9,13138,"Assign work schedules, following work requirements, to ensure quality and timely delivery of service.",39-1022.00,5311,Barnehage- og skolefritidsassistenter mv.,0.0023,E2,0.5,,,,
701,7,Allmenne fag,10,9560,"Carry linens, towels, toilet items, and cleaning supplies, using wheeled carts.",37-2012.00,9112,Renholdere i virksomheter,0.0023,E0,0.0,,,,
711,7,Språkutdanninger,1,6650,Prepare students for later grades by encouraging them to explore learning opportunities and to persevere with challenging tasks.,25-2031.00,2330,Lektorer mv. (videregående skole),0.0141,E2,0.5,,,,
711,7,Språkutdanninger,2,6639,Establish and enforce rules for behavior and procedures for maintaining order among students.,25-2031.00,2330,Lektorer mv. (videregående skole),0.014,E0,0.0,,,,
711,7,Språkutdanninger,3,6643,Prepare materials and classrooms for class activities.,25-2031.00,2330,Lektorer mv. (videregående skole),0.014,E0,0.0,0.0156,150,0.56,
711,7,Språkutdanninger,4,6580,"Observe and evaluate students' performance, behavior, social development, and physical health.",25-2022.00,2341,Grunnskolelærere,0.0043,E2,0.5,0.0031,17,0.0,1.0
711,7,Språkutdanninger,5,6581,Prepare materials and classrooms for class activities.,25-2022.00,2341,Grunnskolelærere,0.0043,E0,0.0,0.0156,150,0.56,
711,7,Språkutdanninger,6,6573,Establish and enforce rules for behavior and procedures for maintaining order among students.,25-2022.00,2341,Grunnskolelærere,0.0041,E0,0.0,,,,
711,7,Språkutdanninger,7,15981,"Develop sustainability project goals, objectives, initiatives, or strategies in collaboration with other sustainability professionals.",13-1199.05,2422,Høyere saksbehandlere i offentlig og privat virksomhet,0.0021,E2,0.5,0.0029,21,1.0,
711,7,Språkutdanninger,8,15980,"Monitor or track sustainability indicators, such as energy usage, natural resource usage, waste generation, and recycling.",13-1199.05,2422,Høyere saksbehandlere i offentlig og privat virksomhet,0.002,E2,0.5,,,,
711,7,Språkutdanninger,9,15979,"Assess or propose sustainability initiatives, considering factors such as cost effectiveness, technical feasibility, and acceptance.",13-1199.05,2422,Høyere saksbehandlere i offentlig og privat virksomhet,0.002,E2,0.5,,,,
711,7,Språkutdanninger,10,5238,Participate in faculty and college committee activities.,11-9033.00,1345,Ledere av utdanning og undervisning,0.0011,E0,0.0,,,,
712,7,Litteratur- og bibliotekutdanninger,1,6650,Prepare students for later grades by encouraging them to explore learning opportunities and to persevere with challenging tasks.,25-2031.00,2330,Lektorer mv. (videregående skole),0.0066,E2,0.5,,,,
712,7,Litteratur- og bibliotekutdanninger,2,6639,Establish and enforce rules for behavior and procedures for maintaining order among students.,25-2031.00,2330,Lektorer mv. (videregående skole),0.0066,E0,0.0,,,,
712,7,Litteratur- og bibliotekutdanninger,3,6643,Prepare materials and classrooms for class activities.,25-2031.00,2330,Lektorer mv. (videregående skole),0.0065,E0,0.0,0.0156,150,0.56,
712,7,Litteratur- og bibliotekutdanninger,4,22408,"Teach library patrons basic computer skills, such as searching computerized databases.",25-4022.00,2622,Bibliotekarer og andre informasjonsarbeidere,0.0053,E1,1.0,0.0068,50,0.0,
712,7,Litteratur- og bibliotekutdanninger,5,22412,Analyze patrons' requests to determine needed information and assist in furnishing or locating that information.,25-4022.00,2622,Bibliotekarer og andre informasjonsarbeidere,0.0053,E2,0.5,0.0633,604,0.394,0.4889
712,7,Litteratur- og bibliotekutdanninger,6,22409,"Review and evaluate materials, using book reviews, catalogs, faculty recommendations, and current holdings to select and order print, audio-visual, and electronic resources.",25-4022.00,2622,Bibliotekarer og andre informasjonsarbeidere,0.0053,E2,0.5,,,,
712,7,Litteratur- og bibliotekutdanninger,7,6580,"Observe and evaluate students' performance, behavior, social development, and physical health.",25-2022.00,2341,Grunnskolelærere,0.0035,E2,0.5,0.0031,17,0.0,1.0
712,7,Litteratur- og bibliotekutdanninger,8,6581,Prepare materials and classrooms for class activities.,25-2022.00,2341,Grunnskolelærere,0.0034,E0,0.0,0.0156,150,0.56,
712,7,Litteratur- og bibliotekutdanninger,9,6573,Establish and enforce rules for behavior and procedures for maintaining order among students.,25-2022.00,2341,Grunnskolelærere,0.0033,E0,0.0,,,,
712,7,Litteratur- og bibliotekutdanninger,10,22654,Present drafts and ideas to clients.,27-3043.00,2641,Forfattere mv.,0.0031,E1,1.0,,,,
713,7,Historisk-filosofiske utdanninger,1,6650,Prepare students for later grades by encouraging them to explore learning opportunities and to persevere with challenging tasks.,25-2031.00,2330,Lektorer mv. (videregående skole),0.005,E2,0.5,,,,
713,7,Historisk-filosofiske utdanninger,2,6639,Establish and enforce rules for behavior and procedures for maintaining order among students.,25-2031.00,2330,Lektorer mv. (videregående skole),0.0049,E0,0.0,,,,
713,7,Historisk-filosofiske utdanninger,3,6643,Prepare materials and classrooms for class activities.,25-2031.00,2330,Lektorer mv. (videregående skole),0.0049,E0,0.0,0.0156,150,0.56,
713,7,Historisk-filosofiske utdanninger,4,15981,"Develop sustainability project goals, objectives, initiatives, or strategies in collaboration with other sustainability professionals.",13-1199.05,2422,Høyere saksbehandlere i offentlig og privat virksomhet,0.0047,E2,0.5,0.0029,21,1.0,
713,7,Historisk-filosofiske utdanninger,5,15980,"Monitor or track sustainability indicators, such as energy usage, natural resource usage, waste generation, and recycling.",13-1199.05,2422,Høyere saksbehandlere i offentlig og privat virksomhet,0.0046,E2,0.5,,,,
713,7,Historisk-filosofiske utdanninger,6,15979,"Assess or propose sustainability initiatives, considering factors such as cost effectiveness, technical feasibility, and acceptance.",13-1199.05,2422,Høyere saksbehandlere i offentlig og privat virksomhet,0.0045,E2,0.5,,,,
713,7,Historisk-filosofiske utdanninger,7,6580,"Observe and evaluate students' performance, behavior, social development, and physical health.",25-2022.00,2341,Grunnskolelærere,0.0031,E2,0.5,0.0031,17,0.0,1.0
713,7,Historisk-filosofiske utdanninger,8,18641,"Plan and organize the acquisition, storage, and exhibition of collections and related materials, including the selection of exhibition themes and designs, and develop or install exhibit materials.",25-4012.00,2621,Arkivarer og kuratorer,0.0031,E2,0.5,0.0215,191,0.5131,1.0
713,7,Historisk-filosofiske utdanninger,9,6581,Prepare materials and classrooms for class activities.,25-2022.00,2341,Grunnskolelærere,0.0031,E0,0.0,0.0156,150,0.56,
713,7,Historisk-filosofiske utdanninger,10,7631,Organize archival records and develop classification systems to facilitate access to archival materials.,25-4011.00,2621,Arkivarer og kuratorer,0.0029,E2,0.5,,,,
714,7,Religionsutdanninger,1,12975,Identify and recruit potential volunteer workers.,21-2021.00,2636,Geistlige yrker,0.0157,E2,0.5,0.0054,50,0.56,
714,7,Religionsutdanninger,2,12982,Collaborate with other ministry members to establish goals and objectives for religious education programs or to develop ways to encourage program participation.,21-2021.00,2636,Geistlige yrker,0.0152,E0,0.0,,,,
714,7,Religionsutdanninger,3,12979,"Implement program plans by ordering needed materials, scheduling speakers, reserving space, or handling other administrative details.",21-2021.00,2636,Geistlige yrker,0.0148,E2,0.5,,,,
714,7,Religionsutdanninger,4,6650,Prepare students for later grades by encouraging them to explore learning opportunities and to persevere with challenging tasks.,25-2031.00,2330,Lektorer mv. (videregående skole),0.0032,E2,0.5,,,,
714,7,Religionsutdanninger,5,6639,Establish and enforce rules for behavior and procedures for maintaining order among students.,25-2031.00,2330,Lektorer mv. (videregående skole),0.0032,E0,0.0,,,,
714,7,Religionsutdanninger,6,6643,Prepare materials and classrooms for class activities.,25-2031.00,2330,Lektorer mv. (videregående skole),0.0032,E0,0.0,0.0156,150,0.56,
714,7,Religionsutdanninger,7,6580,"Observe and evaluate students' performance, behavior, social development, and physical health.",25-2022.00,2341,Grunnskolelærere,0.0024,E2,0.5,0.0031,17,0.0,1.0
714,7,Religionsutdanninger,8,6581,Prepare materials and classrooms for class activities.,25-2022.00,2341,Grunnskolelærere,0.0024,E0,0.0,0.0156,150,0.56,
714,7,Religionsutdanninger,9,6573,Establish and enforce rules for behavior and procedures for maintaining order among students.,25-2022.00,2341,Grunnskolelærere,0.0023,E0,0.0,,,,
714,7,Religionsutdanninger,10,15981,"Develop sustainability project goals, objectives, initiatives, or strategies in collaboration with other sustainability professionals.",13-1199.05,2422,Høyere saksbehandlere i offentlig og privat virksomhet,0.0022,E2,0.5,0.0029,21,1.0,
715,7,"Musikk, dans og drama",1,8668,"Instruct students individually and in groups, using various teaching methods, such as lectures, discussions, and demonstrations.",25-3021.00,2354,Andre musikklærere,0.012,E0,0.0,,,,
715,7,"Musikk, dans og drama",2,8671,Prepare students for further development by encouraging them to explore learning opportunities and to persevere with challenging tasks.,25-3021.00,2354,Andre musikklærere,0.0117,E0,0.0,,,,
715,7,"Musikk, dans og drama",3,8664,Adapt teaching methods and instructional materials to meet students' varying needs and interests.,25-3021.00,2354,Andre musikklærere,0.0117,E2,0.5,0.0112,106,0.5283,
715,7,"Musikk, dans og drama",4,22574,"Perform before live audiences in concerts, recitals, educational presentations, and other social gatherings.",27-2042.00,2652,"Dirigenter, komponister, musikere og sangere",0.0047,E0,0.0,,,,
715,7,"Musikk, dans og drama",5,22575,Sing a cappella or with musical accompaniment.,27-2042.00,2652,"Dirigenter, komponister, musikere og sangere",0.0047,E2,0.5,,,,
715,7,"Musikk, dans og drama",6,22578,Sing as a soloist or as a member of a vocal group.,27-2042.00,2652,"Dirigenter, komponister, musikere og sangere",0.0046,E0,0.0,,,,
715,7,"Musikk, dans og drama",7,6650,Prepare students for later grades by encouraging them to explore learning opportunities and to persevere with challenging tasks.,25-2031.00,2330,Lektorer mv. (videregående skole),0.0042,E2,0.5,,,,
715,7,"Musikk, dans og drama",8,6639,Establish and enforce rules for behavior and procedures for maintaining order among students.,25-2031.00,2330,Lektorer mv. (videregående skole),0.0042,E0,0.0,,,,
715,7,"Musikk, dans og drama",9,6643,Prepare materials and classrooms for class activities.,25-2031.00,2330,Lektorer mv. (videregående skole),0.0041,E0,0.0,0.0156,150,0.56,
715,7,"Musikk, dans og drama",10,6580,"Observe and evaluate students' performance, behavior, social development, and physical health.",25-2022.00,2341,Grunnskolelærere,0.0028,E2,0.5,0.0031,17,0.0,1.0
716,7,Bildende kunst og kunsthåndverk,1,6882,"Design complex graphics and animation, using independent judgment, creativity, and computer equipment.",27-1014.00,2166,Grafiske- og multimediadesignere,0.0096,E2,0.5,0.0704,687,0.441,
716,7,Bildende kunst og kunsthåndverk,2,6888,"Create basic designs, drawings, and illustrations for product labels, cartons, direct mail, or television.",27-1014.00,2166,Grafiske- og multimediadesignere,0.0079,E2,0.5,,,,
716,7,Bildende kunst og kunsthåndverk,3,6893,"Participate in design and production of multimedia campaigns, handling budgeting and scheduling, and assisting with such responsibilities as production coordination, background design, and progress tracking.",27-1014.00,2166,Grafiske- og multimediadesignere,0.0072,E2,0.5,,,,
716,7,Bildende kunst og kunsthåndverk,4,20483,Develop final construction plans that include aesthetic representations of the structure or details for its construction.,17-1011.00,2161,Sivilarkitekter,0.0053,E2,0.5,,,,
716,7,Bildende kunst og kunsthåndverk,5,20479,"Prepare scale drawings or architectural designs, using computer-aided design or other tools.",17-1011.00,2161,Sivilarkitekter,0.0052,E2,0.5,0.0073,67,0.3881,
716,7,Bildende kunst og kunsthåndverk,6,130,"Prepare information regarding design, structure specifications, materials, color, equipment, estimated costs, or construction time.",17-1011.00,2161,Sivilarkitekter,0.0052,E2,0.5,0.0227,214,0.3785,1.0
716,7,Bildende kunst og kunsthåndverk,7,6650,Prepare students for later grades by encouraging them to explore learning opportunities and to persevere with challenging tasks.,25-2031.00,2330,Lektorer mv. (videregående skole),0.0026,E2,0.5,,,,
716,7,Bildende kunst og kunsthåndverk,8,6639,Establish and enforce rules for behavior and procedures for maintaining order among students.,25-2031.00,2330,Lektorer mv. (videregående skole),0.0025,E0,0.0,,,,
716,7,Bildende kunst og kunsthåndverk,9,6643,Prepare materials and classrooms for class activities.,25-2031.00,2330,Lektorer mv. (videregående skole),0.0025,E0,0.0,0.0156,150,0.56,
716,7,Bildende kunst og kunsthåndverk,10,6580,"Observe and evaluate students' performance, behavior, social development, and physical health.",25-2022.00,2341,Grunnskolelærere,0.0024,E2,0.5,0.0031,17,0.0,1.0
719,7,"Humanistiske og estetiske fag, andre",1,6650,Prepare students for later grades by encouraging them to explore learning opportunities and to persevere with challenging tasks.,25-2031.00,2330,Lektorer mv. (videregående skole),0.002,E2,0.5,,,,
719,7,"Humanistiske og estetiske fag, andre",2,6639,Establish and enforce rules for behavior and procedures for maintaining order among students.,25-2031.00,2330,Lektorer mv. (videregående skole),0.002,E0,0.0,,,,
719,7,"Humanistiske og estetiske fag, andre",3,6643,Prepare materials and classrooms for class activities.,25-2031.00,2330,Lektorer mv. (videregående skole),0.002,E0,0.0,0.0156,150,0.56,
719,7,"Humanistiske og estetiske fag, andre",4,6580,"Observe and evaluate students' performance, behavior, social development, and physical health.",25-2022.00,2341,Grunnskolelærere,0.0019,E2,0.5,0.0031,17,0.0,1.0
719,7,"Humanistiske og estetiske fag, andre",5,6581,Prepare materials and classrooms for class activities.,25-2022.00,2341,Grunnskolelærere,0.0019,E0,0.0,0.0156,150,0.56,
719,7,"Humanistiske og estetiske fag, andre",6,6573,Establish and enforce rules for behavior and procedures for maintaining order among students.,25-2022.00,2341,Grunnskolelærere,0.0018,E0,0.0,,,,
719,7,"Humanistiske og estetiske fag, andre",7,8668,"Instruct students individually and in groups, using various teaching methods, such as lectures, discussions, and demonstrations.",25-3021.00,2354,Andre musikklærere,0.0016,E0,0.0,,,,
719,7,"Humanistiske og estetiske fag, andre",8,8671,Prepare students for further development by encouraging them to explore learning opportunities and to persevere with challenging tasks.,25-3021.00,2354,Andre musikklærere,0.0016,E0,0.0,,,,
719,7,"Humanistiske og estetiske fag, andre",9,8664,Adapt teaching methods and instructional materials to meet students' varying needs and interests.,25-3021.00,2354,Andre musikklærere,0.0016,E2,0.5,0.0112,106,0.5283,
719,7,"Humanistiske og estetiske fag, andre",10,15981,"Develop sustainability project goals, objectives, initiatives, or strategies in collaboration with other sustainability professionals.",13-1199.05,2422,Høyere saksbehandlere i offentlig og privat virksomhet,0.0014,E2,0.5,0.0029,21,1.0,
721,7,Førskole-/barnehagelærerutdanninger,1,5193,Confer with parents and staff to discuss educational activities and policies and students' behavioral or learning problems.,11-9031.00,1341,Ledere av omsorgstjenester for barn,0.0106,E0,0.0,,,,
721,7,Førskole-/barnehagelærerutdanninger,2,5196,Monitor students' progress and provide students and teachers with assistance in resolving any problems.,11-9031.00,1341,Ledere av omsorgstjenester for barn,0.0098,E2,0.5,,,,1.0
721,7,Førskole-/barnehagelærerutdanninger,3,5198,"Recruit, hire, train, and evaluate primary and supplemental staff and recommend personnel actions for programs and services.",11-9031.00,1341,Ledere av omsorgstjenester for barn,0.0097,E2,0.5,,,,
721,7,Førskole-/barnehagelærerutdanninger,4,6466,"Teach basic skills, such as color, shape, number and letter recognition, personal hygiene, and social skills.",25-2011.00,2342,Førskolelærere,0.0077,E0,0.0,,,,
721,7,Førskole-/barnehagelærerutdanninger,5,6467,Establish and enforce rules for behavior and procedures for maintaining order.,25-2011.00,2342,Førskolelærere,0.0075,E0,0.0,,,,
721,7,Førskole-/barnehagelærerutdanninger,6,6478,Adapt teaching methods and instructional materials to meet students' varying needs and interests.,25-2011.00,2342,Førskolelærere,0.0075,E2,0.5,0.0112,106,0.5283,
721,7,Førskole-/barnehagelærerutdanninger,7,15981,"Develop sustainability project goals, objectives, initiatives, or strategies in collaboration with other sustainability professionals.",13-1199.05,2422,Høyere saksbehandlere i offentlig og privat virksomhet,0.0013,E2,0.5,0.0029,21,1.0,
721,7,Førskole-/barnehagelærerutdanninger,8,15980,"Monitor or track sustainability indicators, such as energy usage, natural resource usage, waste generation, and recycling.",13-1199.05,2422,Høyere saksbehandlere i offentlig og privat virksomhet,0.0012,E2,0.5,,,,
721,7,Førskole-/barnehagelærerutdanninger,9,20699,"Review financial statements, sales or activity reports, or other performance data to measure productivity or goal achievement or to identify areas needing cost reduction or program improvement.",11-1021.00,1343,Ledere av eldreomsorg,0.0012,E2,0.5,0.0243,223,0.4305,0.8399
721,7,Førskole-/barnehagelærerutdanninger,10,15979,"Assess or propose sustainability initiatives, considering factors such as cost effectiveness, technical feasibility, and acceptance.",13-1199.05,2422,Høyere saksbehandlere i offentlig og privat virksomhet,0.0012,E2,0.5,,,,
722,7,Allmenn-/grunnskolelærerutdanninger,1,6580,"Observe and evaluate students' performance, behavior, social development, and physical health.",25-2022.00,2341,Grunnskolelærere,0.0168,E2,0.5,0.0031,17,0.0,1.0
722,7,Allmenn-/grunnskolelærerutdanninger,2,6581,Prepare materials and classrooms for class activities.,25-2022.00,2341,Grunnskolelærere,0.0167,E0,0.0,0.0156,150,0.56,
722,7,Allmenn-/grunnskolelærerutdanninger,3,6573,Establish and enforce rules for behavior and procedures for maintaining order among students.,25-2022.00,2341,Grunnskolelærere,0.016,E0,0.0,,,,
722,7,Allmenn-/grunnskolelærerutdanninger,4,6650,Prepare students for later grades by encouraging them to explore learning opportunities and to persevere with challenging tasks.,25-2031.00,2330,Lektorer mv. (videregående skole),0.0009,E2,0.5,,,,
722,7,Allmenn-/grunnskolelærerutdanninger,5,6639,Establish and enforce rules for behavior and procedures for maintaining order among students.,25-2031.00,2330,Lektorer mv. (videregående skole),0.0009,E0,0.0,,,,
722,7,Allmenn-/grunnskolelærerutdanninger,6,6643,Prepare materials and classrooms for class activities.,25-2031.00,2330,Lektorer mv. (videregående skole),0.0009,E0,0.0,0.0156,150,0.56,
722,7,Allmenn-/grunnskolelærerutdanninger,7,694,Greet customers and ascertain what each customer wants or needs.,41-2031.00,5223,Butikkmedarbeidere,0.0003,E0,0.0,,,,1.0
722,7,Allmenn-/grunnskolelærerutdanninger,8,2430,Receive payment or obtain credit authorization.,41-2022.00,5223,Butikkmedarbeidere,0.0002,E0,0.0,0.0078,66,0.2727,0.8148
722,7,Allmenn-/grunnskolelærerutdanninger,9,700,"Recommend, select, and help locate or obtain merchandise based on customer needs and desires.",41-2031.00,5223,Butikkmedarbeidere,0.0002,E2,0.5,0.1157,1153,0.4605,0.9403
722,7,Allmenn-/grunnskolelærerutdanninger,10,13140,Train workers in proper operational procedures and functions and explain company policies.,39-1022.00,5311,Barnehage- og skolefritidsassistenter mv.,0.0002,E0,0.0,,,,
723,7,Fag- og yrkesfaglærerutdanninger,1,6650,Prepare students for later grades by encouraging them to explore learning opportunities and to persevere with challenging tasks.,25-2031.00,2330,Lektorer mv. (videregående skole),0.0147,E2,0.5,,,,
723,7,Fag- og yrkesfaglærerutdanninger,2,6639,Establish and enforce rules for behavior and procedures for maintaining order among students.,25-2031.00,2330,Lektorer mv. (videregående skole),0.0146,E0,0.0,,,,
723,7,Fag- og yrkesfaglærerutdanninger,3,6643,Prepare materials and classrooms for class activities.,25-2031.00,2330,Lektorer mv. (videregående skole),0.0145,E0,0.0,0.0156,150,0.56,
723,7,Fag- og yrkesfaglærerutdanninger,4,6580,"Observe and evaluate students' performance, behavior, social development, and physical health.",25-2022.00,2341,Grunnskolelærere,0.0088,E2,0.5,0.0031,17,0.0,1.0
723,7,Fag- og yrkesfaglærerutdanninger,5,6581,Prepare materials and classrooms for class activities.,25-2022.00,2341,Grunnskolelærere,0.0087,E0,0.0,0.0156,150,0.56,
723,7,Fag- og yrkesfaglærerutdanninger,6,6573,Establish and enforce rules for behavior and procedures for maintaining order among students.,25-2022.00,2341,Grunnskolelærere,0.0083,E0,0.0,,,,
723,7,Fag- og yrkesfaglærerutdanninger,7,15981,"Develop sustainability project goals, objectives, initiatives, or strategies in collaboration with other sustainability professionals.",13-1199.05,2422,Høyere saksbehandlere i offentlig og privat virksomhet,0.0005,E2,0.5,0.0029,21,1.0,
723,7,Fag- og yrkesfaglærerutdanninger,8,5238,Participate in faculty and college committee activities.,11-9033.00,1345,Ledere av utdanning og undervisning,0.0005,E0,0.0,,,,
723,7,Fag- og yrkesfaglærerutdanninger,9,5240,"Establish operational policies and procedures and make any necessary modifications, based on analysis of operations, demographics, and other research information.",11-9033.00,1345,Ledere av utdanning og undervisning,0.0005,E2,0.5,,,,
723,7,Fag- og yrkesfaglærerutdanninger,10,15980,"Monitor or track sustainability indicators, such as energy usage, natural resource usage, waste generation, and recycling.",13-1199.05,2422,Høyere saksbehandlere i offentlig og privat virksomhet,0.0005,E2,0.5,,,,
724,7,Utdanninger i pedagogikk,1,6580,"Observe and evaluate students' performance, behavior, social development, and physical health.",25-2022.00,2341,Grunnskolelærere,0.0056,E2,0.5,0.0031,17,0.0,1.0
724,7,Utdanninger i pedagogikk,2,6581,Prepare materials and classrooms for class activities.,25-2022.00,2341,Grunnskolelærere,0.0055,E0,0.0,0.0156,150,0.56,
724,7,Utdanninger i pedagogikk,3,6573,Establish and enforce rules for behavior and procedures for maintaining order among students.,25-2022.00,2341,Grunnskolelærere,0.0053,E0,0.0,,,,
724,7,Utdanninger i pedagogikk,4,6650,Prepare students for later grades by encouraging them to explore learning opportunities and to persevere with challenging tasks.,25-2031.00,2330,Lektorer mv. (videregående skole),0.0035,E2,0.5,,,,
724,7,Utdanninger i pedagogikk,5,6639,Establish and enforce rules for behavior and procedures for maintaining order among students.,25-2031.00,2330,Lektorer mv. (videregående skole),0.0035,E0,0.0,,,,
724,7,Utdanninger i pedagogikk,6,6643,Prepare materials and classrooms for class activities.,25-2031.00,2330,Lektorer mv. (videregående skole),0.0035,E0,0.0,0.0156,150,0.56,
724,7,Utdanninger i pedagogikk,7,22193,"Conduct neuropsychological evaluations such as assessments of intelligence, academic ability, attention, concentration, sensorimotor function, language, learning, and memory.",19-3039.02,2634,Psykologer,0.0019,E2,0.5,,,,
724,7,Utdanninger i pedagogikk,8,22206,"Write or prepare detailed clinical neuropsychological reports, using data from psychological or neuropsychological tests, self-report measures, rating scales, direct observations, or interviews.",19-3039.02,2634,Psykologer,0.0019,E1,1.0,,,,
724,7,Utdanninger i pedagogikk,9,22202,Interview patients to obtain comprehensive medical histories.,19-3039.02,2634,Psykologer,0.0019,E2,0.5,,,,
724,7,Utdanninger i pedagogikk,10,15981,"Develop sustainability project goals, objectives, initiatives, or strategies in collaboration with other sustainability professionals.",13-1199.05,2422,Høyere saksbehandlere i offentlig og privat virksomhet,0.0017,E2,0.5,0.0029,21,1.0,
725,7,Videreutdanninger for lærere,1,6580,"Observe and evaluate students' performance, behavior, social development, and physical health.",25-2022.00,2341,Grunnskolelærere,0.0124,E2,0.5,0.0031,17,0.0,1.0
725,7,Videreutdanninger for lærere,2,6581,Prepare materials and classrooms for class activities.,25-2022.00,2341,Grunnskolelærere,0.0122,E0,0.0,0.0156,150,0.56,
725,7,Videreutdanninger for lærere,3,6573,Establish and enforce rules for behavior and procedures for maintaining order among students.,25-2022.00,2341,Grunnskolelærere,0.0118,E0,0.0,,,,
725,7,Videreutdanninger for lærere,4,6650,Prepare students for later grades by encouraging them to explore learning opportunities and to persevere with challenging tasks.,25-2031.00,2330,Lektorer mv. (videregående skole),0.0053,E2,0.5,,,,
725,7,Videreutdanninger for lærere,5,6639,Establish and enforce rules for behavior and procedures for maintaining order among students.,25-2031.00,2330,Lektorer mv. (videregående skole),0.0053,E0,0.0,,,,
725,7,Videreutdanninger for lærere,6,6643,Prepare materials and classrooms for class activities.,25-2031.00,2330,Lektorer mv. (videregående skole),0.0052,E0,0.0,0.0156,150,0.56,
725,7,Videreutdanninger for lærere,7,5238,Participate in faculty and college committee activities.,11-9033.00,1345,Ledere av utdanning og undervisning,0.0026,E0,0.0,,,,
725,7,Videreutdanninger for lærere,8,5240,"Establish operational policies and procedures and make any necessary modifications, based on analysis of operations, demographics, and other research information.",11-9033.00,1345,Ledere av utdanning og undervisning,0.0026,E2,0.5,,,,
725,7,Videreutdanninger for lærere,9,21042,Prepare reports on academic or institutional data.,11-9033.00,1345,Ledere av utdanning og undervisning,0.0026,E2,0.5,,,,
725,7,Videreutdanninger for lærere,10,8668,"Instruct students individually and in groups, using various teaching methods, such as lectures, discussions, and demonstrations.",25-3021.00,2354,Andre musikklærere,0.0013,E0,0.0,,,,
729,7,"Lærerutdanninger og utdanninger i pedagogikk, andre",1,6580,"Observe and evaluate students' performance, behavior, social development, and physical health.",25-2022.00,2341,Grunnskolelærere,0.006,E2,0.5,0.0031,17,0.0,1.0
729,7,"Lærerutdanninger og utdanninger i pedagogikk, andre",2,6581,Prepare materials and classrooms for class activities.,25-2022.00,2341,Grunnskolelærere,0.0059,E0,0.0,0.0156,150,0.56,
729,7,"Lærerutdanninger og utdanninger i pedagogikk, andre",3,6573,Establish and enforce rules for behavior and procedures for maintaining order among students.,25-2022.00,2341,Grunnskolelærere,0.0057,E0,0.0,,,,
729,7,"Lærerutdanninger og utdanninger i pedagogikk, andre",4,6650,Prepare students for later grades by encouraging them to explore learning opportunities and to persevere with challenging tasks.,25-2031.00,2330,Lektorer mv. (videregående skole),0.0025,E2,0.5,,,,
729,7,"Lærerutdanninger og utdanninger i pedagogikk, andre",5,6639,Establish and enforce rules for behavior and procedures for maintaining order among students.,25-2031.00,2330,Lektorer mv. (videregående skole),0.0024,E0,0.0,,,,
729,7,"Lærerutdanninger og utdanninger i pedagogikk, andre",6,6643,Prepare materials and classrooms for class activities.,25-2031.00,2330,Lektorer mv. (videregående skole),0.0024,E0,0.0,0.0156,150,0.56,
729,7,"Lærerutdanninger og utdanninger i pedagogikk, andre",7,13140,Train workers in proper operational procedures and functions and explain company policies.,39-1022.00,5311,Barnehage- og skolefritidsassistenter mv.,0.0021,E0,0.0,,,,
729,7,"Lærerutdanninger og utdanninger i pedagogikk, andre",8,13142,Meet with managers or other supervisors to stay informed of changes affecting operations.,39-1022.00,5311,Barnehage- og skolefritidsassistenter mv.,0.002,E0,0.0,,,,
729,7,"Lærerutdanninger og utdanninger i pedagogikk, andre",9,13138,"Assign work schedules, following work requirements, to ensure quality and timely delivery of service.",39-1022.00,5311,Barnehage- og skolefritidsassistenter mv.,0.002,E2,0.5,,,,
729,7,"Lærerutdanninger og utdanninger i pedagogikk, andre",10,9544,Notify managers concerning the need for major repairs or additions to building operating systems.,37-2011.00,9112,Renholdere i virksomheter,0.0017,E0,0.0,,,,
731,7,Statsvitenskapelige fag,1,15981,"Develop sustainability project goals, objectives, initiatives, or strategies in collaboration with other sustainability professionals.",13-1199.05,2422,Høyere saksbehandlere i offentlig og privat virksomhet,0.0063,E2,0.5,0.0029,21,1.0,
731,7,Statsvitenskapelige fag,2,15980,"Monitor or track sustainability indicators, such as energy usage, natural resource usage, waste generation, and recycling.",13-1199.05,2422,Høyere saksbehandlere i offentlig og privat virksomhet,0.0061,E2,0.5,,,,
731,7,Statsvitenskapelige fag,3,15979,"Assess or propose sustainability initiatives, considering factors such as cost effectiveness, technical feasibility, and acceptance.",13-1199.05,2422,Høyere saksbehandlere i offentlig og privat virksomhet,0.006,E2,0.5,,,,
731,7,Statsvitenskapelige fag,4,20699,"Review financial statements, sales or activity reports, or other performance data to measure productivity or goal achievement or to identify areas needing cost reduction or program improvement.",11-1021.00,1120,Administrerende direktører,0.0019,E2,0.5,0.0243,223,0.4305,0.8399
731,7,Statsvitenskapelige fag,5,20705,"Perform personnel functions, such as selection, training, or evaluation.",11-1021.00,1120,Administrerende direktører,0.0017,E2,0.5,,,,
731,7,Statsvitenskapelige fag,6,20700,Direct administrative activities directly related to making products or providing services.,11-1021.00,1120,Administrerende direktører,0.0016,E2,0.5,,,,
731,7,Statsvitenskapelige fag,7,7276,Gather and organize information on problems or procedures.,13-1111.00,2421,Organisasjonsrådgivere mv.,0.0015,E2,0.5,0.0036,17,1.0,1.0
731,7,Statsvitenskapelige fag,8,7278,Confer with personnel concerned to ensure successful functioning of newly implemented systems or procedures.,13-1111.00,2421,Organisasjonsrådgivere mv.,0.0015,E0,0.0,,,,
731,7,Statsvitenskapelige fag,9,7277,Analyze data gathered and develop solutions or alternative methods of proceeding.,13-1111.00,2421,Organisasjonsrådgivere mv.,0.0014,E2,0.5,,,,
731,7,Statsvitenskapelige fag,10,21179,Assess clients' cognitive abilities and physical and emotional needs to determine appropriate interventions.,21-1093.00,3412,Miljøarbeidere innen sosiale fagfelt,0.0014,E2,0.5,,,,
732,7,Sosiologiske fag,1,15981,"Develop sustainability project goals, objectives, initiatives, or strategies in collaboration with other sustainability professionals.",13-1199.05,2422,Høyere saksbehandlere i offentlig og privat virksomhet,0.0069,E2,0.5,0.0029,21,1.0,
732,7,Sosiologiske fag,2,15980,"Monitor or track sustainability indicators, such as energy usage, natural resource usage, waste generation, and recycling.",13-1199.05,2422,Høyere saksbehandlere i offentlig og privat virksomhet,0.0066,E2,0.5,,,,
732,7,Sosiologiske fag,3,15979,"Assess or propose sustainability initiatives, considering factors such as cost effectiveness, technical feasibility, and acceptance.",13-1199.05,2422,Høyere saksbehandlere i offentlig og privat virksomhet,0.0065,E2,0.5,,,,
732,7,Sosiologiske fag,4,21179,Assess clients' cognitive abilities and physical and emotional needs to determine appropriate interventions.,21-1093.00,3412,Miljøarbeidere innen sosiale fagfelt,0.0016,E2,0.5,,,,
732,7,Sosiologiske fag,5,6650,Prepare students for later grades by encouraging them to explore learning opportunities and to persevere with challenging tasks.,25-2031.00,2330,Lektorer mv. (videregående skole),0.0015,E2,0.5,,,,
732,7,Sosiologiske fag,6,6639,Establish and enforce rules for behavior and procedures for maintaining order among students.,25-2031.00,2330,Lektorer mv. (videregående skole),0.0014,E0,0.0,,,,
732,7,Sosiologiske fag,7,6643,Prepare materials and classrooms for class activities.,25-2031.00,2330,Lektorer mv. (videregående skole),0.0014,E0,0.0,0.0156,150,0.56,
732,7,Sosiologiske fag,8,21446,Warn violators of infractions or penalties.,13-1041.00,3353,Saksbehandlere innen sosiale ytelser,0.0014,E1,1.0,,,,
732,7,Sosiologiske fag,9,21448,"Advise licensees or other individuals or groups concerning licensing, permit, or passport regulations.",13-1041.00,3353,Saksbehandlere innen sosiale ytelser,0.0014,E1,1.0,,,,
732,7,Sosiologiske fag,10,21447,"Evaluate applications, records, or documents to gather information about eligibility or liability issues.",13-1041.00,3353,Saksbehandlere innen sosiale ytelser,0.0014,E2,0.5,,,,1.0
733,7,Samfunnsgeografiske fag,1,15981,"Develop sustainability project goals, objectives, initiatives, or strategies in collaboration with other sustainability professionals.",13-1199.05,2422,Høyere saksbehandlere i offentlig og privat virksomhet,0.0079,E2,0.5,0.0029,21,1.0,
733,7,Samfunnsgeografiske fag,2,15980,"Monitor or track sustainability indicators, such as energy usage, natural resource usage, waste generation, and recycling.",13-1199.05,2422,Høyere saksbehandlere i offentlig og privat virksomhet,0.0076,E2,0.5,,,,
733,7,Samfunnsgeografiske fag,3,15979,"Assess or propose sustainability initiatives, considering factors such as cost effectiveness, technical feasibility, and acceptance.",13-1199.05,2422,Høyere saksbehandlere i offentlig og privat virksomhet,0.0074,E2,0.5,,,,
733,7,Samfunnsgeografiske fag,4,19610,"Direct engineering activities, ensuring compliance with environmental, safety, or other governmental regulations.",17-2051.00,2142,Sivilingeniører (bygg og anlegg),0.0043,E2,0.5,,,,
733,7,Samfunnsgeografiske fag,5,148,Inspect project sites to monitor progress and ensure conformance to design specifications and safety or sanitation standards.,17-2051.00,2142,Sivilingeniører (bygg og anlegg),0.004,E0,0.0,0.0036,15,0.0,1.0
733,7,Samfunnsgeografiske fag,6,151,"Estimate quantities and cost of materials, equipment, or labor to determine project feasibility.",17-2051.00,2142,Sivilingeniører (bygg og anlegg),0.0036,E2,0.5,,,,
733,7,Samfunnsgeografiske fag,7,220,"Design, promote, or administer government plans or policies affecting land use, zoning, public utilities, community facilities, housing, or transportation.",19-3051.00,2164,Arealplanleggere,0.0029,E2,0.5,,,,
733,7,Samfunnsgeografiske fag,8,226,"Advise planning officials on project feasibility, cost-effectiveness, regulatory conformance, or possible alternatives.",19-3051.00,2164,Arealplanleggere,0.0029,E2,0.5,0.0045,17,1.0,
733,7,Samfunnsgeografiske fag,9,225,"Create, prepare, or requisition graphic or narrative reports on land use data, including land area maps overlaid with geographic variables, such as population density.",19-3051.00,2164,Arealplanleggere,0.0029,E2,0.5,,,,
733,7,Samfunnsgeografiske fag,10,6650,Prepare students for later grades by encouraging them to explore learning opportunities and to persevere with challenging tasks.,25-2031.00,2330,Lektorer mv. (videregående skole),0.0021,E2,0.5,,,,
734,7,Samfunnsøkonomiske fag,1,15981,"Develop sustainability project goals, objectives, initiatives, or strategies in collaboration with other sustainability professionals.",13-1199.05,2422,Høyere saksbehandlere i offentlig og privat virksomhet,0.006,E2,0.5,0.0029,21,1.0,
734,7,Samfunnsøkonomiske fag,2,15980,"Monitor or track sustainability indicators, such as energy usage, natural resource usage, waste generation, and recycling.",13-1199.05,2422,Høyere saksbehandlere i offentlig og privat virksomhet,0.0058,E2,0.5,,,,
734,7,Samfunnsøkonomiske fag,3,15979,"Assess or propose sustainability initiatives, considering factors such as cost effectiveness, technical feasibility, and acceptance.",13-1199.05,2422,Høyere saksbehandlere i offentlig og privat virksomhet,0.0056,E2,0.5,,,,
734,7,Samfunnsøkonomiske fag,4,7536,"Study economic and statistical data in area of specialization, such as finance, labor, or agriculture.",19-3011.00,2631,"Rådgivere/forskere, samfunnsøkonomi",0.0044,E2,0.5,0.0112,102,0.3627,1.0
734,7,Samfunnsøkonomiske fag,5,7538,"Compile, analyze, and report data to explain economic phenomena and forecast market trends, applying mathematical models and statistical techniques.",19-3011.00,2631,"Rådgivere/forskere, samfunnsøkonomi",0.0041,E2,0.5,0.0329,311,0.4405,1.0
734,7,Samfunnsøkonomiske fag,6,20052,"Study the socioeconomic impacts of new public policies, such as proposed legislation, taxes, services, and regulations.",19-3011.00,2631,"Rådgivere/forskere, samfunnsøkonomi",0.0038,E2,0.5,,,,
734,7,Samfunnsøkonomiske fag,7,20699,"Review financial statements, sales or activity reports, or other performance data to measure productivity or goal achievement or to identify areas needing cost reduction or program improvement.",11-1021.00,1120,Administrerende direktører,0.0028,E2,0.5,0.0243,223,0.4305,0.8399
734,7,Samfunnsøkonomiske fag,8,20705,"Perform personnel functions, such as selection, training, or evaluation.",11-1021.00,1120,Administrerende direktører,0.0025,E2,0.5,,,,
734,7,Samfunnsøkonomiske fag,9,20700,Direct administrative activities directly related to making products or providing services.,11-1021.00,1120,Administrerende direktører,0.0024,E2,0.5,,,,
734,7,Samfunnsøkonomiske fag,10,1250,Analyze credit data and financial statements to determine the degree of risk involved in extending credit or lending money.,13-2041.00,2413,Finansanalytikere,0.0023,E2,0.5,0.0073,64,0.3906,1.0
735,7,Medie- og informasjonsfag,1,1764,Respond to requests for information from the media or designate an appropriate spokesperson or information source.,27-3031.00,2432,Informasjonsrådgivere,0.0082,E2,0.5,0.0099,81,0.4444,1.0
735,7,Medie- og informasjonsfag,2,20555,"Plan or direct development or communication of programs to maintain favorable public or stockholder perceptions of an organization's accomplishments, agenda, or environmental responsibility.",27-3031.00,2432,Informasjonsrådgivere,0.0079,E2,0.5,0.0042,36,0.4167,1.0
735,7,Medie- og informasjonsfag,3,23951,Post and update content on the company's Web site and social media outlets.,27-3031.00,2432,Informasjonsrådgivere,0.0079,E1,1.0,,,,
735,7,Medie- og informasjonsfag,4,22654,Present drafts and ideas to clients.,27-3043.00,2431,Reklame- og markedsføringsrådgivere,0.0055,E1,1.0,,,,
735,7,Medie- og informasjonsfag,5,22653,"Discuss with the client the product, advertising themes and methods, and any changes that should be made in advertising copy.",27-3043.00,2431,Reklame- og markedsføringsrådgivere,0.0055,E1,1.0,,,,
735,7,Medie- og informasjonsfag,6,22655,Vary language and tone of messages based on product and medium.,27-3043.00,2431,Reklame- og markedsføringsrådgivere,0.0055,E1,1.0,,,,1.0
735,7,Medie- og informasjonsfag,7,14623,Analyze problems to develop solutions involving computer hardware and software.,15-1221.00,2511,Systemanalytikere/-arkitekter,0.0042,E1,1.0,0.0073,58,0.5862,1.0
735,7,Medie- og informasjonsfag,8,1777,"Read copy or proof to detect and correct errors in spelling, punctuation, and syntax.",27-3041.00,2642,Journalister,0.0035,E1,1.0,,,,
735,7,Medie- og informasjonsfag,9,1780,"Verify facts, dates, and statistics, using standard reference sources.",27-3041.00,2642,Journalister,0.0035,E2,0.5,,,,
735,7,Medie- og informasjonsfag,10,14629,"Conduct logical analyses of business, scientific, engineering, and other technical problems, formulating mathematical models of problems for solution by computers.",15-1221.00,2511,Systemanalytikere/-arkitekter,0.0035,E1,1.0,0.5036,4962,0.371,0.7254
736,7,Psykologiske fag,1,22193,"Conduct neuropsychological evaluations such as assessments of intelligence, academic ability, attention, concentration, sensorimotor function, language, learning, and memory.",19-3039.02,2634,Psykologer,0.0116,E2,0.5,,,,
736,7,Psykologiske fag,2,22206,"Write or prepare detailed clinical neuropsychological reports, using data from psychological or neuropsychological tests, self-report measures, rating scales, direct observations, or interviews.",19-3039.02,2634,Psykologer,0.0115,E1,1.0,,,,
736,7,Psykologiske fag,3,22202,Interview patients to obtain comprehensive medical histories.,19-3039.02,2634,Psykologer,0.0113,E2,0.5,,,,
736,7,Psykologiske fag,4,46,"Direct, supervise and evaluate work activities of medical, nursing, technical, clerical, service, maintenance, and other personnel.",11-9111.00,1342,Ledere av helsetjenester,0.0017,E2,0.5,,,,
736,7,Psykologiske fag,5,52,"Establish work schedules and assignments for staff, according to workload, space, and equipment availability.",11-9111.00,1342,Ledere av helsetjenester,0.0016,E2,0.5,,,,
736,7,Psykologiske fag,6,49,"Develop and maintain computerized record management systems to store and process data, such as personnel activities and information, and to produce reports.",11-9111.00,1342,Ledere av helsetjenester,0.0015,E2,0.5,0.0095,79,0.6456,1.0
736,7,Psykologiske fag,7,21179,Assess clients' cognitive abilities and physical and emotional needs to determine appropriate interventions.,21-1093.00,3412,Miljøarbeidere innen sosiale fagfelt,0.0014,E2,0.5,,,,
736,7,Psykologiske fag,8,3757,Submit reports and review reports or problems with superior.,21-1093.00,3412,Miljøarbeidere innen sosiale fagfelt,0.0012,E1,1.0,,,,
736,7,Psykologiske fag,9,3753,Provide information or refer individuals to public or private agencies or community services for assistance.,21-1093.00,3412,Miljøarbeidere innen sosiale fagfelt,0.0012,E2,0.5,0.0044,21,0.0,
736,7,Psykologiske fag,10,15981,"Develop sustainability project goals, objectives, initiatives, or strategies in collaboration with other sustainability professionals.",13-1199.05,2422,Høyere saksbehandlere i offentlig og privat virksomhet,0.001,E2,0.5,0.0029,21,1.0,
737,7,Juridiske fag,1,3774,"Interpret laws, rulings and regulations for individuals and businesses.",23-1011.00,2611,Jurister og advokater,0.0282,E2,0.5,0.0612,594,0.0909,0.3947
737,7,Juridiske fag,2,3775,"Analyze the probable outcomes of cases, using knowledge of legal precedents.",23-1011.00,2611,Jurister og advokater,0.027,E2,0.5,0.0063,38,0.5263,1.0
737,7,Juridiske fag,3,3780,Examine legal data to determine advisability of defending or prosecuting lawsuit.,23-1011.00,2611,Jurister og advokater,0.0233,E2,0.5,,,,1.0
737,7,Juridiske fag,4,15981,"Develop sustainability project goals, objectives, initiatives, or strategies in collaboration with other sustainability professionals.",13-1199.05,2422,Høyere saksbehandlere i offentlig og privat virksomhet,0.0046,E2,0.5,0.0029,21,1.0,
737,7,Juridiske fag,5,15980,"Monitor or track sustainability indicators, such as energy usage, natural resource usage, waste generation, and recycling.",13-1199.05,2422,Høyere saksbehandlere i offentlig og privat virksomhet,0.0045,E2,0.5,,,,
737,7,Juridiske fag,6,15979,"Assess or propose sustainability initiatives, considering factors such as cost effectiveness, technical feasibility, and acceptance.",13-1199.05,2422,Høyere saksbehandlere i offentlig og privat virksomhet,0.0044,E2,0.5,,,,
737,7,Juridiske fag,7,12999,Prepare written opinions or decisions regarding cases.,23-1022.00,2619,Andre juridiske yrker,0.0024,E1,1.0,0.0375,357,0.4874,
737,7,Juridiske fag,8,20238,"Apply relevant laws, regulations, policies, or precedents to reach conclusions.",23-1022.00,2619,Andre juridiske yrker,0.0023,E2,0.5,,,,1.0
737,7,Juridiske fag,9,20239,Conduct hearings to obtain information or evidence relative to disposition of claims.,23-1022.00,2619,Andre juridiske yrker,0.0023,E2,0.5,,,,
737,7,Juridiske fag,10,20699,"Review financial statements, sales or activity reports, or other performance data to measure productivity or goal achievement or to identify areas needing cost reduction or program improvement.",11-1021.00,1120,Administrerende direktører,0.0015,E2,0.5,0.0243,223,0.4305,0.8399
738,7,Sosialantropologiske fag,1,15981,"Develop sustainability project goals, objectives, initiatives, or strategies in collaboration with other sustainability professionals.",13-1199.05,2422,Høyere saksbehandlere i offentlig og privat virksomhet,0.0069,E2,0.5,0.0029,21,1.0,
738,7,Sosialantropologiske fag,2,15980,"Monitor or track sustainability indicators, such as energy usage, natural resource usage, waste generation, and recycling.",13-1199.05,2422,Høyere saksbehandlere i offentlig og privat virksomhet,0.0066,E2,0.5,,,,
738,7,Sosialantropologiske fag,3,15979,"Assess or propose sustainability initiatives, considering factors such as cost effectiveness, technical feasibility, and acceptance.",13-1199.05,2422,Høyere saksbehandlere i offentlig og privat virksomhet,0.0065,E2,0.5,,,,
738,7,Sosialantropologiske fag,4,21179,Assess clients' cognitive abilities and physical and emotional needs to determine appropriate interventions.,21-1093.00,3412,Miljøarbeidere innen sosiale fagfelt,0.0035,E2,0.5,,,,
738,7,Sosialantropologiske fag,5,3757,Submit reports and review reports or problems with superior.,21-1093.00,3412,Miljøarbeidere innen sosiale fagfelt,0.003,E1,1.0,,,,
738,7,Sosialantropologiske fag,6,3753,Provide information or refer individuals to public or private agencies or community services for assistance.,21-1093.00,3412,Miljøarbeidere innen sosiale fagfelt,0.003,E2,0.5,0.0044,21,0.0,
738,7,Sosialantropologiske fag,7,6650,Prepare students for later grades by encouraging them to explore learning opportunities and to persevere with challenging tasks.,25-2031.00,2330,Lektorer mv. (videregående skole),0.0017,E2,0.5,,,,
738,7,Sosialantropologiske fag,8,6639,Establish and enforce rules for behavior and procedures for maintaining order among students.,25-2031.00,2330,Lektorer mv. (videregående skole),0.0016,E0,0.0,,,,
738,7,Sosialantropologiske fag,9,6643,Prepare materials and classrooms for class activities.,25-2031.00,2330,Lektorer mv. (videregående skole),0.0016,E0,0.0,0.0156,150,0.56,
738,7,Sosialantropologiske fag,10,7276,Gather and organize information on problems or procedures.,13-1111.00,2421,Organisasjonsrådgivere mv.,0.0014,E2,0.5,0.0036,17,1.0,1.0
739,7,"Samfunnsfag og juridiske fag, andre",1,15981,"Develop sustainability project goals, objectives, initiatives, or strategies in collaboration with other sustainability professionals.",13-1199.05,2422,Høyere saksbehandlere i offentlig og privat virksomhet,0.0044,E2,0.5,0.0029,21,1.0,
739,7,"Samfunnsfag og juridiske fag, andre",2,15980,"Monitor or track sustainability indicators, such as energy usage, natural resource usage, waste generation, and recycling.",13-1199.05,2422,Høyere saksbehandlere i offentlig og privat virksomhet,0.0042,E2,0.5,,,,
739,7,"Samfunnsfag og juridiske fag, andre",3,15979,"Assess or propose sustainability initiatives, considering factors such as cost effectiveness, technical feasibility, and acceptance.",13-1199.05,2422,Høyere saksbehandlere i offentlig og privat virksomhet,0.0041,E2,0.5,,,,
739,7,"Samfunnsfag og juridiske fag, andre",4,7276,Gather and organize information on problems or procedures.,13-1111.00,2421,Organisasjonsrådgivere mv.,0.0016,E2,0.5,0.0036,17,1.0,1.0
739,7,"Samfunnsfag og juridiske fag, andre",5,7278,Confer with personnel concerned to ensure successful functioning of newly implemented systems or procedures.,13-1111.00,2421,Organisasjonsrådgivere mv.,0.0016,E0,0.0,,,,
739,7,"Samfunnsfag og juridiske fag, andre",6,7277,Analyze data gathered and develop solutions or alternative methods of proceeding.,13-1111.00,2421,Organisasjonsrådgivere mv.,0.0016,E2,0.5,,,,
739,7,"Samfunnsfag og juridiske fag, andre",7,21179,Assess clients' cognitive abilities and physical and emotional needs to determine appropriate interventions.,21-1093.00,3412,Miljøarbeidere innen sosiale fagfelt,0.0016,E2,0.5,,,,
739,7,"Samfunnsfag og juridiske fag, andre",8,830,"Operate office machines, such as photocopiers and scanners, facsimile machines, voice mail systems, and personal computers.",43-9061.00,4110,Kontormedarbeidere,0.0014,E0,0.0,0.023,221,0.5068,1.0
739,7,"Samfunnsfag og juridiske fag, andre",9,20699,"Review financial statements, sales or activity reports, or other performance data to measure productivity or goal achievement or to identify areas needing cost reduction or program improvement.",11-1021.00,1120,Administrerende direktører,0.0014,E2,0.5,0.0243,223,0.4305,0.8399
739,7,"Samfunnsfag og juridiske fag, andre",10,3757,Submit reports and review reports or problems with superior.,21-1093.00,3412,Miljøarbeidere innen sosiale fagfelt,0.0013,E1,1.0,,,,
741,7,Økonomisk-administrative fag,1,21311,Establish and maintain relationships with individual or business customers or provide assistance with problems these customers may encounter.,11-3031.00,1211,Finans- og økonomisjefer,0.0049,E2,0.5,,,,1.0
741,7,Økonomisk-administrative fag,2,21313,Recruit staff members.,11-3031.00,1211,Finans- og økonomisjefer,0.0047,E2,0.5,0.0036,20,1.0,1.0
741,7,Økonomisk-administrative fag,3,21312,"Plan, direct, or coordinate the activities of workers in branches, offices, or departments of establishments, such as branch banks, brokerage firms, risk and insurance departments, or credit departments.",11-3031.00,1211,Finans- og økonomisjefer,0.0045,E2,0.5,,,,
741,7,Økonomisk-administrative fag,4,20699,"Review financial statements, sales or activity reports, or other performance data to measure productivity or goal achievement or to identify areas needing cost reduction or program improvement.",11-1021.00,1120,Administrerende direktører,0.0036,E2,0.5,0.0243,223,0.4305,0.8399
741,7,Økonomisk-administrative fag,5,2487,"Operate computers programmed with accounting software to record, store, and analyze information.",43-3031.00,3313,Regnskapsførere,0.0034,E1,1.0,0.0095,68,0.5441,1.0
741,7,Økonomisk-administrative fag,6,2486,"Check figures, postings, and documents for correct entry, mathematical accuracy, and proper codes.",43-3031.00,3313,Regnskapsførere,0.0033,E1,1.0,,,,
741,7,Økonomisk-administrative fag,7,20705,"Perform personnel functions, such as selection, training, or evaluation.",11-1021.00,1120,Administrerende direktører,0.0032,E2,0.5,,,,
741,7,Økonomisk-administrative fag,8,2495,"Operate 10-key calculators, typewriters, and copy machines to perform calculations and produce documents.",43-3031.00,3313,Regnskapsførere,0.0031,E1,1.0,,,,
741,7,Økonomisk-administrative fag,9,20700,Direct administrative activities directly related to making products or providing services.,11-1021.00,1120,Administrerende direktører,0.0031,E2,0.5,,,,
741,7,Økonomisk-administrative fag,10,3394,Analyze monthly department budgeting and accounting reports to maintain expenditure controls.,13-2031.00,2411,"Revisorer, regnskapsrådgivere",0.0029,E2,0.5,,,,
742,7,Handel og markedsføring,1,22654,Present drafts and ideas to clients.,27-3043.00,2431,Reklame- og markedsføringsrådgivere,0.0108,E1,1.0,,,,
742,7,Handel og markedsføring,2,22653,"Discuss with the client the product, advertising themes and methods, and any changes that should be made in advertising copy.",27-3043.00,2431,Reklame- og markedsføringsrådgivere,0.0108,E1,1.0,,,,
742,7,Handel og markedsføring,3,22655,Vary language and tone of messages based on product and medium.,27-3043.00,2431,Reklame- og markedsføringsrådgivere,0.0107,E1,1.0,,,,1.0
742,7,Handel og markedsføring,4,951,"Identify, develop, or evaluate marketing strategy, based on knowledge of establishment objectives, market characteristics, and cost and markup factors.",11-2021.00,1221,Salgs- og markedssjefer,0.0052,E2,0.5,0.0546,522,0.2625,0.7018
742,7,Handel og markedsføring,5,20709,"Formulate, direct, or coordinate marketing activities or policies to promote products or services, working with advertising or promotion managers.",11-2021.00,1221,Salgs- og markedssjefer,0.0051,E2,0.5,0.0369,350,0.4,1.0
742,7,Handel og markedsføring,6,14,Oversee regional and local sales managers and their staffs.,11-2022.00,1221,Salgs- og markedssjefer,0.005,E2,0.5,,,,
742,7,Handel og markedsføring,7,1250,Analyze credit data and financial statements to determine the degree of risk involved in extending credit or lending money.,13-2041.00,2413,Finansanalytikere,0.0035,E2,0.5,0.0073,64,0.3906,1.0
742,7,Handel og markedsføring,8,1255,"Generate financial ratios, using computer programs, to evaluate customers' financial status.",13-2041.00,2413,Finansanalytikere,0.0033,E1,1.0,,,,
742,7,Handel og markedsføring,9,1251,Prepare reports that include the degree of risk involved in extending credit or lending money.,13-2041.00,2413,Finansanalytikere,0.0033,E2,0.5,,,,
742,7,Handel og markedsføring,10,20699,"Review financial statements, sales or activity reports, or other performance data to measure productivity or goal achievement or to identify areas needing cost reduction or program improvement.",11-1021.00,1120,Administrerende direktører,0.0032,E2,0.5,0.0243,223,0.4305,0.8399
744,7,Hotell- og reiselivsfag,1,20699,"Review financial statements, sales or activity reports, or other performance data to measure productivity or goal achievement or to identify areas needing cost reduction or program improvement.",11-1021.00,1120,Administrerende direktører,0.007,E2,0.5,0.0243,223,0.4305,0.8399
744,7,Hotell- og reiselivsfag,2,20705,"Perform personnel functions, such as selection, training, or evaluation.",11-1021.00,1120,Administrerende direktører,0.0062,E2,0.5,,,,
744,7,Hotell- og reiselivsfag,3,20700,Direct administrative activities directly related to making products or providing services.,11-1021.00,1120,Administrerende direktører,0.0059,E2,0.5,,,,
744,7,Hotell- og reiselivsfag,4,9665,Provide staff with assistance in performing difficult or complicated duties.,41-1012.00,3322,Selgere (engros),0.0044,E2,0.5,0.007,43,0.0,
744,7,Hotell- og reiselivsfag,5,9662,"Hire, train, and evaluate personnel.",41-1012.00,3322,Selgere (engros),0.0042,E2,0.5,,,,
744,7,Hotell- og reiselivsfag,6,9666,"Plan and prepare work schedules, and assign employees to specific duties.",41-1012.00,3322,Selgere (engros),0.0038,E2,0.5,,,,
744,7,Hotell- og reiselivsfag,7,15981,"Develop sustainability project goals, objectives, initiatives, or strategies in collaboration with other sustainability professionals.",13-1199.05,2422,Høyere saksbehandlere i offentlig og privat virksomhet,0.0031,E2,0.5,0.0029,21,1.0,
744,7,Hotell- og reiselivsfag,8,15980,"Monitor or track sustainability indicators, such as energy usage, natural resource usage, waste generation, and recycling.",13-1199.05,2422,Høyere saksbehandlere i offentlig og privat virksomhet,0.003,E2,0.5,,,,
744,7,Hotell- og reiselivsfag,9,15979,"Assess or propose sustainability initiatives, considering factors such as cost effectiveness, technical feasibility, and acceptance.",13-1199.05,2422,Høyere saksbehandlere i offentlig og privat virksomhet,0.0029,E2,0.5,,,,
744,7,Hotell- og reiselivsfag,10,11152,Place food servings on plates or trays according to orders or instructions.,35-3041.00,5131,Servitører,0.0028,E0,0.0,,,,
749,7,"Økonomiske og administrative fag, andre",1,2487,"Operate computers programmed with accounting software to record, store, and analyze information.",43-3031.00,3313,Regnskapsførere,0.0034,E1,1.0,0.0095,68,0.5441,1.0
749,7,"Økonomiske og administrative fag, andre",2,2486,"Check figures, postings, and documents for correct entry, mathematical accuracy, and proper codes.",43-3031.00,3313,Regnskapsførere,0.0033,E1,1.0,,,,
749,7,"Økonomiske og administrative fag, andre",3,2495,"Operate 10-key calculators, typewriters, and copy machines to perform calculations and produce documents.",43-3031.00,3313,Regnskapsførere,0.0032,E1,1.0,,,,
749,7,"Økonomiske og administrative fag, andre",4,9544,Notify managers concerning the need for major repairs or additions to building operating systems.,37-2011.00,9112,Renholdere i virksomheter,0.0021,E0,0.0,,,,
749,7,"Økonomiske og administrative fag, andre",5,9539,Gather and empty trash.,37-2011.00,9112,Renholdere i virksomheter,0.0021,E0,0.0,,,,
749,7,"Økonomiske og administrative fag, andre",6,9538,"Service, clean, or supply restrooms.",37-2011.00,9112,Renholdere i virksomheter,0.002,E0,0.0,,,,
749,7,"Økonomiske og administrative fag, andre",7,694,Greet customers and ascertain what each customer wants or needs.,41-2031.00,5223,Butikkmedarbeidere,0.002,E0,0.0,,,,1.0
749,7,"Økonomiske og administrative fag, andre",8,2430,Receive payment or obtain credit authorization.,41-2022.00,5223,Butikkmedarbeidere,0.0019,E0,0.0,0.0078,66,0.2727,0.8148
749,7,"Økonomiske og administrative fag, andre",9,700,"Recommend, select, and help locate or obtain merchandise based on customer needs and desires.",41-2031.00,5223,Butikkmedarbeidere,0.0019,E2,0.5,0.1157,1153,0.4605,0.9403
749,7,"Økonomiske og administrative fag, andre",10,20699,"Review financial statements, sales or activity reports, or other performance data to measure productivity or goal achievement or to identify areas needing cost reduction or program improvement.",11-1021.00,1120,Administrerende direktører,0.0019,E2,0.5,0.0243,223,0.4305,0.8399
751,7,Biologiske fag,1,19610,"Direct engineering activities, ensuring compliance with environmental, safety, or other governmental regulations.",17-2051.00,2142,Sivilingeniører (bygg og anlegg),0.0059,E2,0.5,,,,
751,7,Biologiske fag,2,148,Inspect project sites to monitor progress and ensure conformance to design specifications and safety or sanitation standards.,17-2051.00,2142,Sivilingeniører (bygg og anlegg),0.0056,E0,0.0,0.0036,15,0.0,1.0
751,7,Biologiske fag,3,151,"Estimate quantities and cost of materials, equipment, or labor to determine project feasibility.",17-2051.00,2142,Sivilingeniører (bygg og anlegg),0.0049,E2,0.5,,,,
751,7,Biologiske fag,4,18535,"Set up, maintain, calibrate, clean, and test sterility of medical laboratory equipment.",29-2012.00,3212,Bioingeniører,0.0043,E0,0.0,,,,
751,7,Biologiske fag,5,1902,"Conduct chemical analyses of body fluids, such as blood or urine, using microscope or automatic analyzer to detect abnormalities or diseases and enter findings into computer.",29-2012.00,3212,Bioingeniører,0.0041,E2,0.5,,,,
751,7,Biologiske fag,6,1904,"Analyze the results of tests or experiments to ensure conformity to specifications, using special mechanical or electrical devices.",29-2012.00,3212,Bioingeniører,0.004,E2,0.5,,,,
751,7,Biologiske fag,7,15981,"Develop sustainability project goals, objectives, initiatives, or strategies in collaboration with other sustainability professionals.",13-1199.05,2422,Høyere saksbehandlere i offentlig og privat virksomhet,0.0037,E2,0.5,0.0029,21,1.0,
751,7,Biologiske fag,8,15980,"Monitor or track sustainability indicators, such as energy usage, natural resource usage, waste generation, and recycling.",13-1199.05,2422,Høyere saksbehandlere i offentlig og privat virksomhet,0.0036,E2,0.5,,,,
751,7,Biologiske fag,9,15979,"Assess or propose sustainability initiatives, considering factors such as cost effectiveness, technical feasibility, and acceptance.",13-1199.05,2422,Høyere saksbehandlere i offentlig og privat virksomhet,0.0035,E2,0.5,,,,
751,7,Biologiske fag,10,6650,Prepare students for later grades by encouraging them to explore learning opportunities and to persevere with challenging tasks.,25-2031.00,2330,Lektorer mv. (videregående skole),0.0027,E2,0.5,,,,
752,7,Fysiske og kjemiske fag,1,9087,"Conduct research on the structures and properties of materials, such as metals, alloys, polymers, and ceramics, to obtain information that could be used to develop new products or enhance existing ones.",19-2032.00,2146,"Sivilingeniører (geofag, petro-leumsteknologi, metallurgi mv.)",0.0036,E2,0.5,,,,
752,7,Fysiske og kjemiske fag,2,20214,"Prepare reports, manuscripts, proposals, and technical manuals for use by other scientists and requestors, such as sponsors and customers.",19-2032.00,2146,"Sivilingeniører (geofag, petro-leumsteknologi, metallurgi mv.)",0.0033,E1,1.0,0.0736,712,0.5197,0.8336
752,7,Fysiske og kjemiske fag,3,9090,Determine ways to strengthen or combine materials or develop new materials with new or specific properties for use in a variety of products and applications.,19-2032.00,2146,"Sivilingeniører (geofag, petro-leumsteknologi, metallurgi mv.)",0.0032,E2,0.5,,,,
752,7,Fysiske og kjemiske fag,4,19610,"Direct engineering activities, ensuring compliance with environmental, safety, or other governmental regulations.",17-2051.00,2142,Sivilingeniører (bygg og anlegg),0.0031,E2,0.5,,,,
752,7,Fysiske og kjemiske fag,5,148,Inspect project sites to monitor progress and ensure conformance to design specifications and safety or sanitation standards.,17-2051.00,2142,Sivilingeniører (bygg og anlegg),0.0029,E0,0.0,0.0036,15,0.0,1.0
752,7,Fysiske og kjemiske fag,6,151,"Estimate quantities and cost of materials, equipment, or labor to determine project feasibility.",17-2051.00,2142,Sivilingeniører (bygg og anlegg),0.0026,E2,0.5,,,,
752,7,Fysiske og kjemiske fag,7,16626,"Interpret the results of all methods of non-destructive testing (NDT), such as acoustic emission, electromagnetic, leak, liquid penetrant, magnetic particle, neutron radiographic, radiographic, thermal or infrared, ultrasonic, vibration analysis, and visual testing.",17-3029.01,3116,Kjemiingeniører,0.0026,E2,0.5,,,,
752,7,Fysiske og kjemiske fag,8,16620,"Interpret or evaluate test results in accordance with applicable codes, standards, specifications, or procedures.",17-3029.01,3116,Kjemiingeniører,0.0026,E2,0.5,,,,
752,7,Fysiske og kjemiske fag,9,16625,Prepare reports on non-destructive testing results.,17-3029.01,3116,Kjemiingeniører,0.0026,E2,0.5,,,,1.0
752,7,Fysiske og kjemiske fag,10,34,"Review processing schedules or production orders to make decisions concerning inventory requirements, staffing requirements, work procedures, or duty assignments, considering budgetary limitations and time constraints.",11-3051.00,1321,Ledere av industriproduksjon mv.,0.0024,E2,0.5,,,,
753,7,Matematikk og statistikk,1,14623,Analyze problems to develop solutions involving computer hardware and software.,15-1221.00,2511,Systemanalytikere/-arkitekter,0.0048,E1,1.0,0.0073,58,0.5862,1.0
753,7,Matematikk og statistikk,2,6650,Prepare students for later grades by encouraging them to explore learning opportunities and to persevere with challenging tasks.,25-2031.00,2330,Lektorer mv. (videregående skole),0.0042,E2,0.5,,,,
753,7,Matematikk og statistikk,3,6639,Establish and enforce rules for behavior and procedures for maintaining order among students.,25-2031.00,2330,Lektorer mv. (videregående skole),0.0042,E0,0.0,,,,
753,7,Matematikk og statistikk,4,6643,Prepare materials and classrooms for class activities.,25-2031.00,2330,Lektorer mv. (videregående skole),0.0041,E0,0.0,0.0156,150,0.56,
753,7,Matematikk og statistikk,5,21045,"Examine documents to determine degree of risk from factors such as applicant health, financial standing and value, and condition of property.",13-2053.00,3321,Forsikringsagenter,0.0041,E2,0.5,,,,
753,7,Matematikk og statistikk,6,1261,Decline excessive risks.,13-2053.00,3321,Forsikringsagenter,0.004,E2,0.5,,,,1.0
753,7,Matematikk og statistikk,7,14629,"Conduct logical analyses of business, scientific, engineering, and other technical problems, formulating mathematical models of problems for solution by computers.",15-1221.00,2511,Systemanalytikere/-arkitekter,0.0039,E1,1.0,0.5036,4962,0.371,0.7254
753,7,Matematikk og statistikk,8,1262,"Write to field representatives, medical personnel, or others to obtain further information, quote rates, or explain company underwriting policies.",13-2053.00,3321,Forsikringsagenter,0.0039,E1,1.0,,,,
753,7,Matematikk og statistikk,9,14626,"Apply theoretical expertise and innovation to create or apply new technology, such as adapting principles for applying computers to new uses.",15-1221.00,2511,Systemanalytikere/-arkitekter,0.0038,E1,1.0,,,,
753,7,Matematikk og statistikk,10,24002,Mentor others on mathematical techniques.,15-2021.00,2120,"Matematikere, statistikere mv.",0.0022,,,,,,
754,7,Informasjons- og datateknologi,1,14623,Analyze problems to develop solutions involving computer hardware and software.,15-1221.00,2511,Systemanalytikere/-arkitekter,0.0153,E1,1.0,0.0073,58,0.5862,1.0
754,7,Informasjons- og datateknologi,2,14629,"Conduct logical analyses of business, scientific, engineering, and other technical problems, formulating mathematical models of problems for solution by computers.",15-1221.00,2511,Systemanalytikere/-arkitekter,0.0125,E1,1.0,0.5036,4962,0.371,0.7254
754,7,Informasjons- og datateknologi,3,14626,"Apply theoretical expertise and innovation to create or apply new technology, such as adapting principles for applying computers to new uses.",15-1221.00,2511,Systemanalytikere/-arkitekter,0.0121,E1,1.0,,,,
754,7,Informasjons- og datateknologi,4,21662,Analyze user needs and software requirements to determine feasibility of design within time and cost constraints.,15-1252.00,2512,Programvareutviklere,0.0046,E1,1.0,0.5671,5471,0.3116,0.6781
754,7,Informasjons- og datateknologi,5,21669,"Develop or direct software system testing or validation procedures, programming, or documentation.",15-1252.00,2512,Programvareutviklere,0.0045,E1,1.0,,,,
754,7,Informasjons- og datateknologi,6,21664,"Confer with systems analysts, engineers, programmers and others to design systems and to obtain information on project limitations and capabilities, performance requirements and interfaces.",15-1252.00,2512,Programvareutviklere,0.0044,E1,1.0,,,,
754,7,Informasjons- og datateknologi,7,968,"Direct daily operations of department, analyzing workflow, establishing priorities, developing standards and setting deadlines.",11-3021.00,1330,Ledere av IKT-enheter,0.0019,E2,0.5,,,,1.0
754,7,Informasjons- og datateknologi,8,978,Review project plans to plan and coordinate project activity.,11-3021.00,1330,Ledere av IKT-enheter,0.0019,E2,0.5,,,,
754,7,Informasjons- og datateknologi,9,975,"Meet with department heads, managers, supervisors, vendors, and others, to solicit cooperation and resolve problems.",11-3021.00,1330,Ledere av IKT-enheter,0.0018,E0,0.0,,,,
754,7,Informasjons- og datateknologi,10,21769,Coordinate monitoring of networks or systems for security breaches or intrusions.,15-1299.05,2519,Andre programvare- og applikasjonsutviklere,0.0016,E2,0.5,,,,
755,7,"Utdanninger i elektrofag, mekaniske fag og maskinfag",1,19610,"Direct engineering activities, ensuring compliance with environmental, safety, or other governmental regulations.",17-2051.00,2142,Sivilingeniører (bygg og anlegg),0.0061,E2,0.5,,,,
755,7,"Utdanninger i elektrofag, mekaniske fag og maskinfag",2,148,Inspect project sites to monitor progress and ensure conformance to design specifications and safety or sanitation standards.,17-2051.00,2142,Sivilingeniører (bygg og anlegg),0.0057,E0,0.0,0.0036,15,0.0,1.0
755,7,"Utdanninger i elektrofag, mekaniske fag og maskinfag",3,151,"Estimate quantities and cost of materials, equipment, or labor to determine project feasibility.",17-2051.00,2142,Sivilingeniører (bygg og anlegg),0.0051,E2,0.5,,,,
755,7,"Utdanninger i elektrofag, mekaniske fag og maskinfag",4,21975,"Modify, maintain, or repair electronics equipment or systems to ensure proper functioning.",17-3023.00,3114,Elektronikkingeniører,0.0038,E0,0.0,,,,
755,7,"Utdanninger i elektrofag, mekaniske fag og maskinfag",5,21977,"Set up and operate specialized or standard test equipment to diagnose, test, or analyze the performance of electronic components, assemblies, or systems.",17-3023.00,3114,Elektronikkingeniører,0.0036,E0,0.0,0.0105,82,0.5488,1.0
755,7,"Utdanninger i elektrofag, mekaniske fag og maskinfag",6,21976,"Replace defective components or parts, using hand tools and precision instruments.",17-3023.00,3114,Elektronikkingeniører,0.0035,E0,0.0,,,,
755,7,"Utdanninger i elektrofag, mekaniske fag og maskinfag",7,14623,Analyze problems to develop solutions involving computer hardware and software.,15-1221.00,2511,Systemanalytikere/-arkitekter,0.0034,E1,1.0,0.0073,58,0.5862,1.0
755,7,"Utdanninger i elektrofag, mekaniske fag og maskinfag",8,1348,"Design, implement, maintain, or improve electrical instruments, equipment, facilities, components, products, or systems for commercial, industrial, or domestic purposes.",17-2071.00,2151,Sivilingeniører (elkraftteknikk),0.0029,E2,0.5,,,,
755,7,"Utdanninger i elektrofag, mekaniske fag og maskinfag",9,1357,Oversee project production efforts to assure projects are completed on time and within budget.,17-2071.00,2151,Sivilingeniører (elkraftteknikk),0.0028,E2,0.5,,,,
755,7,"Utdanninger i elektrofag, mekaniske fag og maskinfag",10,14629,"Conduct logical analyses of business, scientific, engineering, and other technical problems, formulating mathematical models of problems for solution by computers.",15-1221.00,2511,Systemanalytikere/-arkitekter,0.0028,E1,1.0,0.5036,4962,0.371,0.7254
756,7,Geofag,1,19610,"Direct engineering activities, ensuring compliance with environmental, safety, or other governmental regulations.",17-2051.00,2142,Sivilingeniører (bygg og anlegg),0.0085,E2,0.5,,,,
756,7,Geofag,2,148,Inspect project sites to monitor progress and ensure conformance to design specifications and safety or sanitation standards.,17-2051.00,2142,Sivilingeniører (bygg og anlegg),0.008,E0,0.0,0.0036,15,0.0,1.0
756,7,Geofag,3,151,"Estimate quantities and cost of materials, equipment, or labor to determine project feasibility.",17-2051.00,2142,Sivilingeniører (bygg og anlegg),0.0071,E2,0.5,,,,
756,7,Geofag,4,15224,"Analyze and interpret geological data, using computer software.",19-2042.00,2114,Geologer og geofysikere,0.0068,E2,0.5,,,,
756,7,Geofag,5,3702,"Analyze and interpret geological, geochemical, or geophysical information from sources, such as survey data, well logs, bore holes, or aerial photos.",19-2042.00,2114,Geologer og geofysikere,0.0067,E2,0.5,,,,
756,7,Geofag,6,3703,"Plan or conduct geological, geochemical, or geophysical field studies or surveys, sample collection, or drilling and testing programs used to collect data for research or application.",19-2042.00,2114,Geologer og geofysikere,0.0066,E0,0.0,,,,
756,7,Geofag,7,3569,"Prepare technical reports for use by mining, engineering, and management personnel.",17-2151.00,2146,"Sivilingeniører (geofag, petro-leumsteknologi, metallurgi mv.)",0.0033,E1,1.0,,,,
756,7,Geofag,8,9087,"Conduct research on the structures and properties of materials, such as metals, alloys, polymers, and ceramics, to obtain information that could be used to develop new products or enhance existing ones.",19-2032.00,2146,"Sivilingeniører (geofag, petro-leumsteknologi, metallurgi mv.)",0.003,E2,0.5,,,,
756,7,Geofag,9,20214,"Prepare reports, manuscripts, proposals, and technical manuals for use by other scientists and requestors, such as sponsors and customers.",19-2032.00,2146,"Sivilingeniører (geofag, petro-leumsteknologi, metallurgi mv.)",0.0028,E1,1.0,0.0736,712,0.5197,0.8336
756,7,Geofag,10,20209,"Interpret data, reports, maps, photographs, or charts to predict long- or short-range weather conditions, using computer models and knowledge of climate theory, physics, and mathematics.",19-2021.00,2112,Meteorologer,0.0019,E2,0.5,0.0207,177,0.3277,
757,7,Bygg- og anleggsfag,1,19610,"Direct engineering activities, ensuring compliance with environmental, safety, or other governmental regulations.",17-2051.00,2142,Sivilingeniører (bygg og anlegg),0.028,E2,0.5,,,,
757,7,Bygg- og anleggsfag,2,148,Inspect project sites to monitor progress and ensure conformance to design specifications and safety or sanitation standards.,17-2051.00,2142,Sivilingeniører (bygg og anlegg),0.0264,E0,0.0,0.0036,15,0.0,1.0
757,7,Bygg- og anleggsfag,3,151,"Estimate quantities and cost of materials, equipment, or labor to determine project feasibility.",17-2051.00,2142,Sivilingeniører (bygg og anlegg),0.0234,E2,0.5,,,,
757,7,Bygg- og anleggsfag,4,20483,Develop final construction plans that include aesthetic representations of the structure or details for its construction.,17-1011.00,2161,Sivilarkitekter,0.0126,E2,0.5,,,,
757,7,Bygg- og anleggsfag,5,20479,"Prepare scale drawings or architectural designs, using computer-aided design or other tools.",17-1011.00,2161,Sivilarkitekter,0.0124,E2,0.5,0.0073,67,0.3881,
757,7,Bygg- og anleggsfag,6,130,"Prepare information regarding design, structure specifications, materials, color, equipment, estimated costs, or construction time.",17-1011.00,2161,Sivilarkitekter,0.0123,E2,0.5,0.0227,214,0.3785,1.0
757,7,Bygg- og anleggsfag,7,20369,"Confer with clients, engineering personnel, or architects on landscape projects.",17-1012.00,2162,Landskapsarkitekter,0.0031,E0,0.0,,,,
757,7,Bygg- og anleggsfag,8,20371,"Analyze data on conditions such as site location, drainage, or structure location for environmental reports or landscaping plans.",17-1012.00,2162,Landskapsarkitekter,0.0029,E2,0.5,,,,
757,7,Bygg- og anleggsfag,9,20373,"Inspect landscape work to ensure compliance with specifications, evaluate quality of materials or work, or advise clients or construction personnel.",17-1012.00,2162,Landskapsarkitekter,0.0028,E0,0.0,,,,
757,7,Bygg- og anleggsfag,10,3318,Inspect or review projects to monitor compliance with building and safety codes or other regulations.,11-9021.00,1323,Ledere av bygge- og anleggsvirksomhet,0.0017,E2,0.5,,,,
758,7,Fabrikasjon og utvinning,1,314,"Assess nutritional needs, diet restrictions, and current health plans to develop and implement dietary-care plans and provide nutritional counseling.",29-1031.00,2265,Ernæringsfysiologer,0.0067,E2,0.5,0.0523,517,0.3327,1.0
758,7,Fabrikasjon og utvinning,2,317,"Counsel individuals and groups on basic rules of good nutrition, healthy eating habits, and nutrition monitoring to improve their quality of life.",29-1031.00,2265,Ernæringsfysiologer,0.0066,E2,0.5,0.1584,1573,0.206,0.4364
758,7,Fabrikasjon og utvinning,3,23914,"Incorporate patient cultural, ethnic, or religious preferences and needs in the development of nutrition plans.",29-1031.00,2265,Ernæringsfysiologer,0.0065,E2,0.5,,,,
758,7,Fabrikasjon og utvinning,4,34,"Review processing schedules or production orders to make decisions concerning inventory requirements, staffing requirements, work procedures, or duty assignments, considering budgetary limitations and time constraints.",11-3051.00,1321,Ledere av industriproduksjon mv.,0.0055,E2,0.5,,,,
758,7,Fabrikasjon og utvinning,5,32,"Direct or coordinate production, processing, distribution, or marketing activities of industrial organizations.",11-3051.00,1321,Ledere av industriproduksjon mv.,0.0054,E2,0.5,,,,
758,7,Fabrikasjon og utvinning,6,35,Review operations and confer with technical or administrative staff to resolve production or processing problems.,11-3051.00,1321,Ledere av industriproduksjon mv.,0.0054,E2,0.5,,,,
758,7,Fabrikasjon og utvinning,7,18535,"Set up, maintain, calibrate, clean, and test sterility of medical laboratory equipment.",29-2012.00,3212,Bioingeniører,0.0028,E0,0.0,,,,
758,7,Fabrikasjon og utvinning,8,1902,"Conduct chemical analyses of body fluids, such as blood or urine, using microscope or automatic analyzer to detect abnormalities or diseases and enter findings into computer.",29-2012.00,3212,Bioingeniører,0.0027,E2,0.5,,,,
758,7,Fabrikasjon og utvinning,9,3672,Compile and evaluate statistical data to determine and maintain quality and reliability of products.,17-3026.00,3119,Andre ingeniører,0.0026,E2,0.5,,,,
758,7,Fabrikasjon og utvinning,10,1904,"Analyze the results of tests or experiments to ensure conformity to specifications, using special mechanical or electrical devices.",29-2012.00,3212,Bioingeniører,0.0026,E2,0.5,,,,
759,7,"Naturvitenskapelige fag, håndverksfag og tekniske fag, andre",1,19610,"Direct engineering activities, ensuring compliance with environmental, safety, or other governmental regulations.",17-2051.00,2142,Sivilingeniører (bygg og anlegg),0.0061,E2,0.5,,,,
759,7,"Naturvitenskapelige fag, håndverksfag og tekniske fag, andre",2,148,Inspect project sites to monitor progress and ensure conformance to design specifications and safety or sanitation standards.,17-2051.00,2142,Sivilingeniører (bygg og anlegg),0.0057,E0,0.0,0.0036,15,0.0,1.0
759,7,"Naturvitenskapelige fag, håndverksfag og tekniske fag, andre",3,151,"Estimate quantities and cost of materials, equipment, or labor to determine project feasibility.",17-2051.00,2142,Sivilingeniører (bygg og anlegg),0.0051,E2,0.5,,,,
759,7,"Naturvitenskapelige fag, håndverksfag og tekniske fag, andre",4,14623,Analyze problems to develop solutions involving computer hardware and software.,15-1221.00,2511,Systemanalytikere/-arkitekter,0.0037,E1,1.0,0.0073,58,0.5862,1.0
759,7,"Naturvitenskapelige fag, håndverksfag og tekniske fag, andre",5,14629,"Conduct logical analyses of business, scientific, engineering, and other technical problems, formulating mathematical models of problems for solution by computers.",15-1221.00,2511,Systemanalytikere/-arkitekter,0.003,E1,1.0,0.5036,4962,0.371,0.7254
759,7,"Naturvitenskapelige fag, håndverksfag og tekniske fag, andre",6,14626,"Apply theoretical expertise and innovation to create or apply new technology, such as adapting principles for applying computers to new uses.",15-1221.00,2511,Systemanalytikere/-arkitekter,0.0029,E1,1.0,,,,
759,7,"Naturvitenskapelige fag, håndverksfag og tekniske fag, andre",7,21975,"Modify, maintain, or repair electronics equipment or systems to ensure proper functioning.",17-3023.00,3114,Elektronikkingeniører,0.0017,E0,0.0,,,,
759,7,"Naturvitenskapelige fag, håndverksfag og tekniske fag, andre",8,20699,"Review financial statements, sales or activity reports, or other performance data to measure productivity or goal achievement or to identify areas needing cost reduction or program improvement.",11-1021.00,1120,Administrerende direktører,0.0016,E2,0.5,0.0243,223,0.4305,0.8399
759,7,"Naturvitenskapelige fag, håndverksfag og tekniske fag, andre",9,21977,"Set up and operate specialized or standard test equipment to diagnose, test, or analyze the performance of electronic components, assemblies, or systems.",17-3023.00,3114,Elektronikkingeniører,0.0016,E0,0.0,0.0105,82,0.5488,1.0
759,7,"Naturvitenskapelige fag, håndverksfag og tekniske fag, andre",10,21976,"Replace defective components or parts, using hand tools and precision instruments.",17-3023.00,3114,Elektronikkingeniører,0.0016,E0,0.0,,,,
761,7,Pleie- og omsorgsfag,1,18442,"Provide prenatal, intrapartum, postpartum, or newborn care to patients.",29-1161.00,2222,Jordmødre,0.0147,E0,0.0,,,,
761,7,Pleie- og omsorgsfag,2,18444,"Monitor fetal development by listening to fetal heartbeat, taking external uterine measurements, identifying fetal position, or estimating fetal size and weight.",29-1161.00,2222,Jordmødre,0.0147,E0,0.0,,,,
761,7,Pleie- og omsorgsfag,3,18443,"Document patients' health histories, symptoms, physical conditions, or other diagnostic information.",29-1161.00,2222,Jordmødre,0.0146,E1,1.0,,,,
761,7,Pleie- og omsorgsfag,4,1841,Record patients' medical information and vital signs.,29-1141.00,2221,Spesialsykepleiere,0.0101,E2,0.5,,,,1.0
761,7,Pleie- og omsorgsfag,5,20413,Administer medications to patients and monitor patients for reactions or side effects.,29-1141.00,2221,Spesialsykepleiere,0.01,E0,0.0,,,,
761,7,Pleie- og omsorgsfag,6,1839,"Maintain accurate, detailed reports and records.",29-1141.00,2221,Spesialsykepleiere,0.0097,E1,1.0,,,,
761,7,Pleie- og omsorgsfag,7,46,"Direct, supervise and evaluate work activities of medical, nursing, technical, clerical, service, maintenance, and other personnel.",11-9111.00,1342,Ledere av helsetjenester,0.0027,E2,0.5,,,,
761,7,Pleie- og omsorgsfag,8,52,"Establish work schedules and assignments for staff, according to workload, space, and equipment availability.",11-9111.00,1342,Ledere av helsetjenester,0.0025,E2,0.5,,,,
761,7,Pleie- og omsorgsfag,9,49,"Develop and maintain computerized record management systems to store and process data, such as personnel activities and information, and to produce reports.",11-9111.00,1342,Ledere av helsetjenester,0.0025,E2,0.5,0.0095,79,0.6456,1.0
761,7,Pleie- og omsorgsfag,10,15981,"Develop sustainability project goals, objectives, initiatives, or strategies in collaboration with other sustainability professionals.",13-1199.05,2422,Høyere saksbehandlere i offentlig og privat virksomhet,0.0005,E2,0.5,0.0029,21,1.0,
762,7,Sosialfag,1,21179,Assess clients' cognitive abilities and physical and emotional needs to determine appropriate interventions.,21-1093.00,3412,Miljøarbeidere innen sosiale fagfelt,0.013,E2,0.5,,,,
762,7,Sosialfag,2,3757,Submit reports and review reports or problems with superior.,21-1093.00,3412,Miljøarbeidere innen sosiale fagfelt,0.0112,E1,1.0,,,,
762,7,Sosialfag,3,3753,Provide information or refer individuals to public or private agencies or community services for assistance.,21-1093.00,3412,Miljøarbeidere innen sosiale fagfelt,0.0111,E2,0.5,0.0044,21,0.0,
762,7,Sosialfag,4,275,"Collaborate with counselors, physicians, or nurses to plan or coordinate treatment, drawing on social work experience and patient needs.",21-1023.00,2635,Rådgivere innen sosiale fagfelt,0.0036,E0,0.0,,,,
762,7,Sosialfag,5,276,"Monitor, evaluate, and record client progress with respect to treatment goals.",21-1023.00,2635,Rådgivere innen sosiale fagfelt,0.0036,E2,0.5,0.0078,70,0.5429,
762,7,Sosialfag,6,273,"Counsel clients in individual or group sessions to assist them in dealing with substance abuse, mental or physical illness, poverty, unemployment, or physical abuse.",21-1023.00,2635,Rådgivere innen sosiale fagfelt,0.0036,E0,0.0,,,,
762,7,Sosialfag,7,15981,"Develop sustainability project goals, objectives, initiatives, or strategies in collaboration with other sustainability professionals.",13-1199.05,2422,Høyere saksbehandlere i offentlig og privat virksomhet,0.0027,E2,0.5,0.0029,21,1.0,
762,7,Sosialfag,8,15980,"Monitor or track sustainability indicators, such as energy usage, natural resource usage, waste generation, and recycling.",13-1199.05,2422,Høyere saksbehandlere i offentlig og privat virksomhet,0.0026,E2,0.5,,,,
762,7,Sosialfag,9,15979,"Assess or propose sustainability initiatives, considering factors such as cost effectiveness, technical feasibility, and acceptance.",13-1199.05,2422,Høyere saksbehandlere i offentlig og privat virksomhet,0.0026,E2,0.5,,,,
762,7,Sosialfag,10,1841,Record patients' medical information and vital signs.,29-1141.00,2224,Vernepleiere,0.0018,E2,0.5,,,,1.0
763,7,Medisin,1,17106,"Diagnose, treat, or provide continuous care to hospital inpatients.",29-1229.02,2212,Legespesialister,0.0045,E2,0.5,,,,
763,7,Medisin,2,17102,Prescribe medications or treatment regimens to hospital inpatients.,29-1229.02,2212,Legespesialister,0.0045,E2,0.5,,,,
763,7,Medisin,3,17103,Order or interpret the results of tests such as laboratory tests and radiographs (x-rays).,29-1229.02,2212,Legespesialister,0.0045,E2,0.5,,,,
763,7,Medisin,4,46,"Direct, supervise and evaluate work activities of medical, nursing, technical, clerical, service, maintenance, and other personnel.",11-9111.00,1342,Ledere av helsetjenester,0.0024,E2,0.5,,,,
763,7,Medisin,5,52,"Establish work schedules and assignments for staff, according to workload, space, and equipment availability.",11-9111.00,1342,Ledere av helsetjenester,0.0022,E2,0.5,,,,
763,7,Medisin,6,49,"Develop and maintain computerized record management systems to store and process data, such as personnel activities and information, and to produce reports.",11-9111.00,1342,Ledere av helsetjenester,0.0022,E2,0.5,0.0095,79,0.6456,1.0
763,7,Medisin,7,7774,"Collect, record, and maintain patient information, such as medical history, reports, or examination results.",29-1215.00,2211,Allmennpraktiserende leger,0.0021,E2,0.5,0.0096,81,0.7037,0.8962
763,7,Medisin,8,7771,"Prescribe or administer treatment, therapy, medication, vaccination, and other specialized medical care to treat or prevent illness, disease, or injury.",29-1215.00,2211,Allmennpraktiserende leger,0.0021,E2,0.5,,,,
763,7,Medisin,9,7772,"Order, perform, and interpret tests and analyze records, reports, and examination information to diagnose patients' condition.",29-1215.00,2211,Allmennpraktiserende leger,0.0021,E2,0.5,,,,
763,7,Medisin,10,20699,"Review financial statements, sales or activity reports, or other performance data to measure productivity or goal achievement or to identify areas needing cost reduction or program improvement.",11-1021.00,1120,Administrerende direktører,0.0005,E2,0.5,0.0243,223,0.4305,0.8399
764,7,Tannhelsefag,1,23996,Examine patients to diagnose oral health conditions and diseases.,29-1024.00,2261,Tannleger,0.021,,,,,,
764,7,Tannhelsefag,2,9370,Administer general and local anesthetics.,29-1022.00,2261,Tannleger,0.0209,E0,0.0,,,,
764,7,Tannhelsefag,3,7743,"Fit prostheses to patients, making any necessary adjustments and modifications.",29-1024.00,2261,Tannleger,0.0207,E0,0.0,,,,
764,7,Tannhelsefag,4,46,"Direct, supervise and evaluate work activities of medical, nursing, technical, clerical, service, maintenance, and other personnel.",11-9111.00,1342,Ledere av helsetjenester,0.0018,E2,0.5,,,,
764,7,Tannhelsefag,5,52,"Establish work schedules and assignments for staff, according to workload, space, and equipment availability.",11-9111.00,1342,Ledere av helsetjenester,0.0016,E2,0.5,,,,
764,7,Tannhelsefag,6,49,"Develop and maintain computerized record management systems to store and process data, such as personnel activities and information, and to produce reports.",11-9111.00,1342,Ledere av helsetjenester,0.0016,E2,0.5,0.0095,79,0.6456,1.0
764,7,Tannhelsefag,7,20699,"Review financial statements, sales or activity reports, or other performance data to measure productivity or goal achievement or to identify areas needing cost reduction or program improvement.",11-1021.00,1120,Administrerende direktører,0.0014,E2,0.5,0.0243,223,0.4305,0.8399
764,7,Tannhelsefag,8,20705,"Perform personnel functions, such as selection, training, or evaluation.",11-1021.00,1120,Administrerende direktører,0.0013,E2,0.5,,,,
764,7,Tannhelsefag,9,20700,Direct administrative activities directly related to making products or providing services.,11-1021.00,1120,Administrerende direktører,0.0012,E2,0.5,,,,
764,7,Tannhelsefag,10,17535,Document clients' progress toward meeting established treatment objectives.,31-9099.01,5329,Andre pleiemedarbeidere,0.0003,E1,1.0,,,,
765,7,Terapeutiske fag,1,19193,"Develop exercise programs to improve participant strength, flexibility, endurance, or circulatory functioning, in accordance with exercise science standards, regulatory requirements, and credentialing requirements.",29-1128.00,2264,Fysioterapeuter,0.0173,E2,0.5,0.0312,301,0.4219,
765,7,Terapeutiske fag,2,19212,Provide emergency or other appropriate medical care to participants with symptoms or signs of physical distress.,29-1128.00,2264,Fysioterapeuter,0.0173,E0,0.0,,,,
765,7,Terapeutiske fag,3,19192,Demonstrate correct use of exercise equipment or performance of exercise routines.,29-1128.00,2264,Fysioterapeuter,0.017,E0,0.0,0.0068,38,0.0,
765,7,Terapeutiske fag,4,6914,Evaluate the functioning of the neuromuscularskeletal system and the spine using systems of chiropractic diagnosis.,29-1011.00,2269,Kiropraktorer mv.,0.007,E0,0.0,,,,
765,7,Terapeutiske fag,5,6913,Perform a series of manual adjustments to the spine or other articulations of the body to correct the musculoskeletal system.,29-1011.00,2269,Kiropraktorer mv.,0.007,E0,0.0,,,,
765,7,Terapeutiske fag,6,6918,Obtain and record patients' medical histories.,29-1011.00,2269,Kiropraktorer mv.,0.007,E1,1.0,,,,1.0
765,7,Terapeutiske fag,7,349,Test and evaluate patients' physical and mental abilities and analyze medical data to determine realistic rehabilitation goals for patients.,29-1122.00,2267,Ergoterapeuter,0.003,E2,0.5,,,,
765,7,Terapeutiske fag,8,347,Complete and maintain necessary records.,29-1122.00,2267,Ergoterapeuter,0.0029,E1,1.0,,,,1.0
765,7,Terapeutiske fag,9,351,"Plan, organize, and conduct occupational therapy programs in hospital, institutional, or community settings to help rehabilitate persons with disabilities because of illness, injury or psychological or developmental problems.",29-1122.00,2267,Ergoterapeuter,0.0029,E0,0.0,,,,
765,7,Terapeutiske fag,10,46,"Direct, supervise and evaluate work activities of medical, nursing, technical, clerical, service, maintenance, and other personnel.",11-9111.00,1342,Ledere av helsetjenester,0.0012,E2,0.5,,,,
766,7,Apotekfag,1,1808,"Review prescriptions to assure accuracy, to ascertain the needed ingredients, and to evaluate their suitability.",29-1051.00,2262,Farmasøyter,0.0377,E2,0.5,,,,
766,7,Apotekfag,2,1809,"Provide information and advice regarding drug interactions, side effects, dosage, and proper medication storage.",29-1051.00,2262,Farmasøyter,0.0361,E2,0.5,0.2004,1990,0.196,0.5381
766,7,Apotekfag,3,1812,"Maintain records, such as pharmacy files, patient profiles, charge system files, inventories, control records for radioactive nuclei, or registries of poisons, narcotics, or controlled drugs.",29-1051.00,2262,Farmasøyter,0.0325,E2,0.5,,,,
766,7,Apotekfag,4,20699,"Review financial statements, sales or activity reports, or other performance data to measure productivity or goal achievement or to identify areas needing cost reduction or program improvement.",11-1021.00,1420,Varehandelssjefer,0.0244,E2,0.5,0.0243,223,0.4305,0.8399
766,7,Apotekfag,5,20705,"Perform personnel functions, such as selection, training, or evaluation.",11-1021.00,1420,Varehandelssjefer,0.0218,E2,0.5,,,,
766,7,Apotekfag,6,20700,Direct administrative activities directly related to making products or providing services.,11-1021.00,1420,Varehandelssjefer,0.0207,E2,0.5,,,,
766,7,Apotekfag,7,46,"Direct, supervise and evaluate work activities of medical, nursing, technical, clerical, service, maintenance, and other personnel.",11-9111.00,1342,Ledere av helsetjenester,0.0022,E2,0.5,,,,
766,7,Apotekfag,8,52,"Establish work schedules and assignments for staff, according to workload, space, and equipment availability.",11-9111.00,1342,Ledere av helsetjenester,0.002,E2,0.5,,,,
766,7,Apotekfag,9,49,"Develop and maintain computerized record management systems to store and process data, such as personnel activities and information, and to produce reports.",11-9111.00,1342,Ledere av helsetjenester,0.002,E2,0.5,0.0095,79,0.6456,1.0
766,7,Apotekfag,10,1940,Maintain proper storage and security conditions for drugs.,29-2052.00,3213,Reseptarer,0.0012,E0,0.0,,,,
767,7,Veterinærfag,1,4107,"Treat sick or injured animals by prescribing medication, setting bones, dressing wounds, or performing surgery.",29-1131.00,2250,Veterinærer,0.0411,E0,0.0,,,,
767,7,Veterinærfag,2,4106,Examine animals to detect and determine the nature of diseases or injuries.,29-1131.00,2250,Veterinærer,0.0404,E0,0.0,,,,
767,7,Veterinærfag,3,4108,"Inoculate animals against various diseases, such as rabies or distemper.",29-1131.00,2250,Veterinærer,0.0403,E0,0.0,,,,
767,7,Veterinærfag,4,23852,"Record details about freight conditions, handling of freight, and any problems encountered.",53-6051.00,3257,Helse- og miljøkontrollører,0.0025,E1,1.0,,,,
767,7,Veterinærfag,5,14854,Inspect food products and processing procedures to determine whether products are safe to eat.,45-2011.00,3257,Helse- og miljøkontrollører,0.0025,E0,0.0,,,,
767,7,Veterinærfag,6,23850,Prepare and submit reports after completion of freight shipments.,53-6051.00,3257,Helse- og miljøkontrollører,0.0024,E1,1.0,,,,
767,7,Veterinærfag,7,20699,"Review financial statements, sales or activity reports, or other performance data to measure productivity or goal achievement or to identify areas needing cost reduction or program improvement.",11-1021.00,1120,Administrerende direktører,0.0016,E2,0.5,0.0243,223,0.4305,0.8399
767,7,Veterinærfag,8,20705,"Perform personnel functions, such as selection, training, or evaluation.",11-1021.00,1120,Administrerende direktører,0.0014,E2,0.5,,,,
767,7,Veterinærfag,9,20700,Direct administrative activities directly related to making products or providing services.,11-1021.00,1120,Administrerende direktører,0.0014,E2,0.5,,,,
767,7,Veterinærfag,10,15981,"Develop sustainability project goals, objectives, initiatives, or strategies in collaboration with other sustainability professionals.",13-1199.05,2422,Høyere saksbehandlere i offentlig og privat virksomhet,0.0009,E2,0.5,0.0029,21,1.0,
768,7,Idrettsfag,1,6650,Prepare students for later grades by encouraging them to explore learning opportunities and to persevere with challenging tasks.,25-2031.00,2330,Lektorer mv. (videregående skole),0.0083,E2,0.5,,,,
768,7,Idrettsfag,2,6639,Establish and enforce rules for behavior and procedures for maintaining order among students.,25-2031.00,2330,Lektorer mv. (videregående skole),0.0082,E0,0.0,,,,
768,7,Idrettsfag,3,6643,Prepare materials and classrooms for class activities.,25-2031.00,2330,Lektorer mv. (videregående skole),0.0082,E0,0.0,0.0156,150,0.56,
768,7,Idrettsfag,4,6580,"Observe and evaluate students' performance, behavior, social development, and physical health.",25-2022.00,2341,Grunnskolelærere,0.0042,E2,0.5,0.0031,17,0.0,1.0
768,7,Idrettsfag,5,6581,Prepare materials and classrooms for class activities.,25-2022.00,2341,Grunnskolelærere,0.0042,E0,0.0,0.0156,150,0.56,
768,7,Idrettsfag,6,6573,Establish and enforce rules for behavior and procedures for maintaining order among students.,25-2022.00,2341,Grunnskolelærere,0.004,E0,0.0,,,,
768,7,Idrettsfag,7,14854,Inspect food products and processing procedures to determine whether products are safe to eat.,45-2011.00,3359,Andre yrker innen offentlig forvaltning,0.0033,E0,0.0,,,,
768,7,Idrettsfag,8,14850,Interpret and enforce government acts and regulations and explain required standards to agricultural workers.,45-2011.00,3359,Andre yrker innen offentlig forvaltning,0.0032,E2,0.5,,,,
768,7,Idrettsfag,9,14846,"Inspect agricultural commodities or related operations, as well as fish or logging operations, for compliance with laws and regulations governing health, quality, and safety.",45-2011.00,3359,Andre yrker innen offentlig forvaltning,0.0031,E0,0.0,,,,
768,7,Idrettsfag,10,3909,"Officiate at sporting events, games, or competitions, to maintain standards of play and to ensure that game rules are observed.",27-2023.00,3422,Trenere og idrettsdommere,0.0023,E0,0.0,,,,
769,7,"Helse-, sosial- og idrettsfag, andre",1,1841,Record patients' medical information and vital signs.,29-1141.00,2221,Spesialsykepleiere,0.0036,E2,0.5,,,,1.0
769,7,"Helse-, sosial- og idrettsfag, andre",2,20413,Administer medications to patients and monitor patients for reactions or side effects.,29-1141.00,2221,Spesialsykepleiere,0.0036,E0,0.0,,,,
769,7,"Helse-, sosial- og idrettsfag, andre",3,1839,"Maintain accurate, detailed reports and records.",29-1141.00,2221,Spesialsykepleiere,0.0035,E1,1.0,,,,
769,7,"Helse-, sosial- og idrettsfag, andre",4,46,"Direct, supervise and evaluate work activities of medical, nursing, technical, clerical, service, maintenance, and other personnel.",11-9111.00,1342,Ledere av helsetjenester,0.0032,E2,0.5,,,,
769,7,"Helse-, sosial- og idrettsfag, andre",5,52,"Establish work schedules and assignments for staff, according to workload, space, and equipment availability.",11-9111.00,1342,Ledere av helsetjenester,0.003,E2,0.5,,,,
769,7,"Helse-, sosial- og idrettsfag, andre",6,49,"Develop and maintain computerized record management systems to store and process data, such as personnel activities and information, and to produce reports.",11-9111.00,1342,Ledere av helsetjenester,0.0029,E2,0.5,0.0095,79,0.6456,1.0
769,7,"Helse-, sosial- og idrettsfag, andre",7,21179,Assess clients' cognitive abilities and physical and emotional needs to determine appropriate interventions.,21-1093.00,3412,Miljøarbeidere innen sosiale fagfelt,0.0028,E2,0.5,,,,
769,7,"Helse-, sosial- og idrettsfag, andre",8,3757,Submit reports and review reports or problems with superior.,21-1093.00,3412,Miljøarbeidere innen sosiale fagfelt,0.0024,E1,1.0,,,,
769,7,"Helse-, sosial- og idrettsfag, andre",9,3753,Provide information or refer individuals to public or private agencies or community services for assistance.,21-1093.00,3412,Miljøarbeidere innen sosiale fagfelt,0.0024,E2,0.5,0.0044,21,0.0,
769,7,"Helse-, sosial- og idrettsfag, andre",10,314,"Assess nutritional needs, diet restrictions, and current health plans to develop and implement dietary-care plans and provide nutritional counseling.",29-1031.00,2265,Ernæringsfysiologer,0.0024,E2,0.5,0.0523,517,0.3327,1.0
771,7,Fiske og havbruk,1,34,"Review processing schedules or production orders to make decisions concerning inventory requirements, staffing requirements, work procedures, or duty assignments, considering budgetary limitations and time constraints.",11-3051.00,1321,Ledere av industriproduksjon mv.,0.0038,E2,0.5,,,,
771,7,Fiske og havbruk,2,32,"Direct or coordinate production, processing, distribution, or marketing activities of industrial organizations.",11-3051.00,1321,Ledere av industriproduksjon mv.,0.0037,E2,0.5,,,,
771,7,Fiske og havbruk,3,35,Review operations and confer with technical or administrative staff to resolve production or processing problems.,11-3051.00,1321,Ledere av industriproduksjon mv.,0.0037,E2,0.5,,,,
771,7,Fiske og havbruk,4,20699,"Review financial statements, sales or activity reports, or other performance data to measure productivity or goal achievement or to identify areas needing cost reduction or program improvement.",11-1021.00,1120,Administrerende direktører,0.0031,E2,0.5,0.0243,223,0.4305,0.8399
771,7,Fiske og havbruk,5,15981,"Develop sustainability project goals, objectives, initiatives, or strategies in collaboration with other sustainability professionals.",13-1199.05,2422,Høyere saksbehandlere i offentlig og privat virksomhet,0.0028,E2,0.5,0.0029,21,1.0,
771,7,Fiske og havbruk,6,20705,"Perform personnel functions, such as selection, training, or evaluation.",11-1021.00,1120,Administrerende direktører,0.0027,E2,0.5,,,,
771,7,Fiske og havbruk,7,15980,"Monitor or track sustainability indicators, such as energy usage, natural resource usage, waste generation, and recycling.",13-1199.05,2422,Høyere saksbehandlere i offentlig og privat virksomhet,0.0026,E2,0.5,,,,
771,7,Fiske og havbruk,8,20700,Direct administrative activities directly related to making products or providing services.,11-1021.00,1120,Administrerende direktører,0.0026,E2,0.5,,,,
771,7,Fiske og havbruk,9,15979,"Assess or propose sustainability initiatives, considering factors such as cost effectiveness, technical feasibility, and acceptance.",13-1199.05,2422,Høyere saksbehandlere i offentlig og privat virksomhet,0.0026,E2,0.5,,,,
771,7,Fiske og havbruk,10,8232,"Feed and water animals, and clean and disinfect pens, cages, yards, and hutches.",45-2021.00,6221,Havbruksarbeidere,0.0025,E0,0.0,,,,
772,7,Jordbruk,1,15981,"Develop sustainability project goals, objectives, initiatives, or strategies in collaboration with other sustainability professionals.",13-1199.05,2422,Høyere saksbehandlere i offentlig og privat virksomhet,0.0057,E2,0.5,0.0029,21,1.0,
772,7,Jordbruk,2,19610,"Direct engineering activities, ensuring compliance with environmental, safety, or other governmental regulations.",17-2051.00,2142,Sivilingeniører (bygg og anlegg),0.0056,E2,0.5,,,,
772,7,Jordbruk,3,15980,"Monitor or track sustainability indicators, such as energy usage, natural resource usage, waste generation, and recycling.",13-1199.05,2422,Høyere saksbehandlere i offentlig og privat virksomhet,0.0054,E2,0.5,,,,
772,7,Jordbruk,4,15979,"Assess or propose sustainability initiatives, considering factors such as cost effectiveness, technical feasibility, and acceptance.",13-1199.05,2422,Høyere saksbehandlere i offentlig og privat virksomhet,0.0053,E2,0.5,,,,
772,7,Jordbruk,5,148,Inspect project sites to monitor progress and ensure conformance to design specifications and safety or sanitation standards.,17-2051.00,2142,Sivilingeniører (bygg og anlegg),0.0053,E0,0.0,0.0036,15,0.0,1.0
772,7,Jordbruk,6,151,"Estimate quantities and cost of materials, equipment, or labor to determine project feasibility.",17-2051.00,2142,Sivilingeniører (bygg og anlegg),0.0047,E2,0.5,,,,
772,7,Jordbruk,7,6650,Prepare students for later grades by encouraging them to explore learning opportunities and to persevere with challenging tasks.,25-2031.00,2330,Lektorer mv. (videregående skole),0.0042,E2,0.5,,,,
772,7,Jordbruk,8,6639,Establish and enforce rules for behavior and procedures for maintaining order among students.,25-2031.00,2330,Lektorer mv. (videregående skole),0.0042,E0,0.0,,,,
772,7,Jordbruk,9,6643,Prepare materials and classrooms for class activities.,25-2031.00,2330,Lektorer mv. (videregående skole),0.0041,E0,0.0,0.0156,150,0.56,
772,7,Jordbruk,10,20699,"Review financial statements, sales or activity reports, or other performance data to measure productivity or goal achievement or to identify areas needing cost reduction or program improvement.",11-1021.00,1120,Administrerende direktører,0.0035,E2,0.5,0.0243,223,0.4305,0.8399
773,7,Gartneri og hagebruk,1,15981,"Develop sustainability project goals, objectives, initiatives, or strategies in collaboration with other sustainability professionals.",13-1199.05,2422,Høyere saksbehandlere i offentlig og privat virksomhet,0.0047,E2,0.5,0.0029,21,1.0,
773,7,Gartneri og hagebruk,2,15980,"Monitor or track sustainability indicators, such as energy usage, natural resource usage, waste generation, and recycling.",13-1199.05,2422,Høyere saksbehandlere i offentlig og privat virksomhet,0.0045,E2,0.5,,,,
773,7,Gartneri og hagebruk,3,15979,"Assess or propose sustainability initiatives, considering factors such as cost effectiveness, technical feasibility, and acceptance.",13-1199.05,2422,Høyere saksbehandlere i offentlig og privat virksomhet,0.0045,E2,0.5,,,,
773,7,Gartneri og hagebruk,4,21370,"Collect and record growth, production, and environmental data.",11-9013.00,1311,"Ledere i skogbruk, gartnerier mv.",0.004,E2,0.5,,,,
773,7,Gartneri og hagebruk,5,6650,Prepare students for later grades by encouraging them to explore learning opportunities and to persevere with challenging tasks.,25-2031.00,2330,Lektorer mv. (videregående skole),0.0038,E2,0.5,,,,
773,7,Gartneri og hagebruk,6,6639,Establish and enforce rules for behavior and procedures for maintaining order among students.,25-2031.00,2330,Lektorer mv. (videregående skole),0.0038,E0,0.0,,,,
773,7,Gartneri og hagebruk,7,6643,Prepare materials and classrooms for class activities.,25-2031.00,2330,Lektorer mv. (videregående skole),0.0038,E0,0.0,0.0156,150,0.56,
773,7,Gartneri og hagebruk,8,21374,"Determine how to allocate resources and to respond to unanticipated problems, such as insect infestation, drought, and fire.",11-9013.00,1311,"Ledere i skogbruk, gartnerier mv.",0.0037,E2,0.5,,,,
773,7,Gartneri og hagebruk,9,21371,"Manage nurseries that grow horticultural plants for sale to trade or retail customers, for display or exhibition, or for research.",11-9013.00,1311,"Ledere i skogbruk, gartnerier mv.",0.0035,E0,0.0,,,,
773,7,Gartneri og hagebruk,10,7582,Taste or smell foods or beverages to ensure that flavors meet specifications or to select samples with specific characteristics.,19-4013.00,3142,Agroteknikere,0.0028,E0,0.0,,,,
774,7,Skogbruk,1,5566,"Thin and space trees and control weeds and undergrowth, using manual tools and chemicals, or supervise workers performing these tasks.",19-4071.00,3143,Skogteknikere,0.016,E0,0.0,,,,
774,7,Skogbruk,2,5570,"Provide information about, and enforce, regulations, such as those concerning environmental protection, resource utilization, fire safety, and accident prevention.",19-4071.00,3143,Skogteknikere,0.0152,E2,0.5,0.0031,17,0.0,
774,7,Skogbruk,3,5563,"Train and lead forest and conservation workers in seasonal activities, such as planting tree seedlings, putting out forest fires, and maintaining recreational facilities.",19-4071.00,3143,Skogteknikere,0.0143,E0,0.0,,,,
774,7,Skogbruk,4,15981,"Develop sustainability project goals, objectives, initiatives, or strategies in collaboration with other sustainability professionals.",13-1199.05,2422,Høyere saksbehandlere i offentlig og privat virksomhet,0.0053,E2,0.5,0.0029,21,1.0,
774,7,Skogbruk,5,15980,"Monitor or track sustainability indicators, such as energy usage, natural resource usage, waste generation, and recycling.",13-1199.05,2422,Høyere saksbehandlere i offentlig og privat virksomhet,0.0051,E2,0.5,,,,
774,7,Skogbruk,6,19610,"Direct engineering activities, ensuring compliance with environmental, safety, or other governmental regulations.",17-2051.00,2142,Sivilingeniører (bygg og anlegg),0.005,E2,0.5,,,,
774,7,Skogbruk,7,15979,"Assess or propose sustainability initiatives, considering factors such as cost effectiveness, technical feasibility, and acceptance.",13-1199.05,2422,Høyere saksbehandlere i offentlig og privat virksomhet,0.005,E2,0.5,,,,
774,7,Skogbruk,8,148,Inspect project sites to monitor progress and ensure conformance to design specifications and safety or sanitation standards.,17-2051.00,2142,Sivilingeniører (bygg og anlegg),0.0047,E0,0.0,0.0036,15,0.0,1.0
774,7,Skogbruk,9,151,"Estimate quantities and cost of materials, equipment, or labor to determine project feasibility.",17-2051.00,2142,Sivilingeniører (bygg og anlegg),0.0042,E2,0.5,,,,
774,7,Skogbruk,10,21370,"Collect and record growth, production, and environmental data.",11-9013.00,1311,"Ledere i skogbruk, gartnerier mv.",0.0041,E2,0.5,,,,
779,7,"Primærnæringsfag, andre",1,20699,"Review financial statements, sales or activity reports, or other performance data to measure productivity or goal achievement or to identify areas needing cost reduction or program improvement.",11-1021.00,1120,Administrerende direktører,0.0028,E2,0.5,0.0243,223,0.4305,0.8399
779,7,"Primærnæringsfag, andre",2,15981,"Develop sustainability project goals, objectives, initiatives, or strategies in collaboration with other sustainability professionals.",13-1199.05,2422,Høyere saksbehandlere i offentlig og privat virksomhet,0.0026,E2,0.5,0.0029,21,1.0,
779,7,"Primærnæringsfag, andre",3,15980,"Monitor or track sustainability indicators, such as energy usage, natural resource usage, waste generation, and recycling.",13-1199.05,2422,Høyere saksbehandlere i offentlig og privat virksomhet,0.0025,E2,0.5,,,,
779,7,"Primærnæringsfag, andre",4,20705,"Perform personnel functions, such as selection, training, or evaluation.",11-1021.00,1120,Administrerende direktører,0.0025,E2,0.5,,,,
779,7,"Primærnæringsfag, andre",5,15979,"Assess or propose sustainability initiatives, considering factors such as cost effectiveness, technical feasibility, and acceptance.",13-1199.05,2422,Høyere saksbehandlere i offentlig og privat virksomhet,0.0025,E2,0.5,,,,
779,7,"Primærnæringsfag, andre",6,20700,Direct administrative activities directly related to making products or providing services.,11-1021.00,1120,Administrerende direktører,0.0023,E2,0.5,,,,
779,7,"Primærnæringsfag, andre",7,6650,Prepare students for later grades by encouraging them to explore learning opportunities and to persevere with challenging tasks.,25-2031.00,2330,Lektorer mv. (videregående skole),0.0016,E2,0.5,,,,
779,7,"Primærnæringsfag, andre",8,6639,Establish and enforce rules for behavior and procedures for maintaining order among students.,25-2031.00,2330,Lektorer mv. (videregående skole),0.0016,E0,0.0,,,,
779,7,"Primærnæringsfag, andre",9,6643,Prepare materials and classrooms for class activities.,25-2031.00,2330,Lektorer mv. (videregående skole),0.0016,E0,0.0,0.0156,150,0.56,
779,7,"Primærnæringsfag, andre",10,21370,"Collect and record growth, production, and environmental data.",11-9013.00,1311,"Ledere i skogbruk, gartnerier mv.",0.0015,E2,0.5,,,,
781,7,Samferdsel,1,19610,"Direct engineering activities, ensuring compliance with environmental, safety, or other governmental regulations.",17-2051.00,2142,Sivilingeniører (bygg og anlegg),0.0079,E2,0.5,,,,
781,7,Samferdsel,2,148,Inspect project sites to monitor progress and ensure conformance to design specifications and safety or sanitation standards.,17-2051.00,2142,Sivilingeniører (bygg og anlegg),0.0074,E0,0.0,0.0036,15,0.0,1.0
781,7,Samferdsel,3,151,"Estimate quantities and cost of materials, equipment, or labor to determine project feasibility.",17-2051.00,2142,Sivilingeniører (bygg og anlegg),0.0066,E2,0.5,,,,
781,7,Samferdsel,4,11364,Confer with department supervisors or other personnel to assess progress and discuss needed changes.,43-5061.00,4322,Logistikkmedarbeidere,0.0057,E0,0.0,,,,
781,7,Samferdsel,5,11370,Distribute production schedules or work orders to departments.,43-5061.00,4322,Logistikkmedarbeidere,0.0055,E1,1.0,,,,
781,7,Samferdsel,6,11372,"Arrange for delivery, assembly, or distribution of supplies or parts to expedite flow of materials and meet production schedules.",43-5061.00,4322,Logistikkmedarbeidere,0.0051,E2,0.5,,,,
781,7,Samferdsel,7,12883,"Maintain records of business transactions and product inventories, reporting data to companies or government agencies as necessary.",13-1021.00,3323,Innkjøpere,0.0042,E2,0.5,,,,1.0
781,7,Samferdsel,8,12881,Arrange for transportation or storage of purchased products.,13-1021.00,3323,Innkjøpere,0.004,E2,0.5,,,,
781,7,Samferdsel,9,12878,"Purchase, for further processing or for resale, farm products, such as milk, grains, or Christmas trees.",13-1021.00,3323,Innkjøpere,0.0038,E2,0.5,,,,
781,7,Samferdsel,10,21340,"Supervise the activities of workers engaged in receiving, storing, testing, and shipping products or materials.",11-3071.00,1324,Ledere av logistikk og transport mv.,0.0033,E2,0.5,,,,
782,7,Sikkerhet,1,20699,"Review financial statements, sales or activity reports, or other performance data to measure productivity or goal achievement or to identify areas needing cost reduction or program improvement.",11-1021.00,1120,Administrerende direktører,0.004,E2,0.5,0.0243,223,0.4305,0.8399
782,7,Sikkerhet,2,20705,"Perform personnel functions, such as selection, training, or evaluation.",11-1021.00,1120,Administrerende direktører,0.0036,E2,0.5,,,,
782,7,Sikkerhet,3,20700,Direct administrative activities directly related to making products or providing services.,11-1021.00,1120,Administrerende direktører,0.0034,E2,0.5,,,,
782,7,Sikkerhet,4,19610,"Direct engineering activities, ensuring compliance with environmental, safety, or other governmental regulations.",17-2051.00,2142,Sivilingeniører (bygg og anlegg),0.0029,E2,0.5,,,,
782,7,Sikkerhet,5,148,Inspect project sites to monitor progress and ensure conformance to design specifications and safety or sanitation standards.,17-2051.00,2142,Sivilingeniører (bygg og anlegg),0.0027,E0,0.0,0.0036,15,0.0,1.0
782,7,Sikkerhet,6,830,"Operate office machines, such as photocopiers and scanners, facsimile machines, voice mail systems, and personal computers.",43-9061.00,4110,Kontormedarbeidere,0.0025,E0,0.0,0.023,221,0.5068,1.0
782,7,Sikkerhet,7,14623,Analyze problems to develop solutions involving computer hardware and software.,15-1221.00,2511,Systemanalytikere/-arkitekter,0.0024,E1,1.0,0.0073,58,0.5862,1.0
782,7,Sikkerhet,8,151,"Estimate quantities and cost of materials, equipment, or labor to determine project feasibility.",17-2051.00,2142,Sivilingeniører (bygg og anlegg),0.0024,E2,0.5,,,,
782,7,Sikkerhet,9,826,"Communicate with customers, employees, and other individuals to answer questions, disseminate or explain information, take orders, and address complaints.",43-9061.00,4110,Kontormedarbeidere,0.0024,E2,0.5,0.0103,60,0.5333,1.0
782,7,Sikkerhet,10,827,"Answer telephones, direct calls, and take messages.",43-9061.00,4110,Kontormedarbeidere,0.0023,E2,0.5,0.0109,24,1.0,1.0
789,7,"Samferdsels- og sikkerhetsfag og andre servicefag, andre",1,9544,Notify managers concerning the need for major repairs or additions to building operating systems.,37-2011.00,9112,Renholdere i virksomheter,0.0027,E0,0.0,,,,
789,7,"Samferdsels- og sikkerhetsfag og andre servicefag, andre",2,9539,Gather and empty trash.,37-2011.00,9112,Renholdere i virksomheter,0.0026,E0,0.0,,,,
789,7,"Samferdsels- og sikkerhetsfag og andre servicefag, andre",3,9538,"Service, clean, or supply restrooms.",37-2011.00,9112,Renholdere i virksomheter,0.0026,E0,0.0,,,,
789,7,"Samferdsels- og sikkerhetsfag og andre servicefag, andre",4,20276,"Examine shipment contents and compare with records, such as manifests, invoices, or orders, to verify accuracy.",43-5071.00,3331,Speditører og befraktere,0.0023,E2,0.5,,,,1.0
789,7,"Samferdsels- og sikkerhetsfag og andre servicefag, andre",5,4741,"Confer or correspond with establishment representatives to rectify problems, such as damages, shortages, or nonconformance to specifications.",43-5071.00,3331,Speditører og befraktere,0.0021,E2,0.5,,,,
789,7,"Samferdsels- og sikkerhetsfag og andre servicefag, andre",6,4739,"Record shipment data, such as weight, charges, space availability, damages, or discrepancies, for reporting, accounting, or recordkeeping purposes.",43-5071.00,3331,Speditører og befraktere,0.002,E1,1.0,,,,1.0
789,7,"Samferdsels- og sikkerhetsfag og andre servicefag, andre",7,20699,"Review financial statements, sales or activity reports, or other performance data to measure productivity or goal achievement or to identify areas needing cost reduction or program improvement.",11-1021.00,1120,Administrerende direktører,0.0019,E2,0.5,0.0243,223,0.4305,0.8399
789,7,"Samferdsels- og sikkerhetsfag og andre servicefag, andre",8,20705,"Perform personnel functions, such as selection, training, or evaluation.",11-1021.00,1120,Administrerende direktører,0.0017,E2,0.5,,,,
789,7,"Samferdsels- og sikkerhetsfag og andre servicefag, andre",9,20700,Direct administrative activities directly related to making products or providing services.,11-1021.00,1120,Administrerende direktører,0.0016,E2,0.5,,,,
789,7,"Samferdsels- og sikkerhetsfag og andre servicefag, andre",10,19610,"Direct engineering activities, ensuring compliance with environmental, safety, or other governmental regulations.",17-2051.00,2142,Sivilingeniører (bygg og anlegg),0.0013,E2,0.5,,,,
799,7,Uoppgitt faggruppe,1,9544,Notify managers concerning the need for major repairs or additions to building operating systems.,37-2011.00,9112,Renholdere i virksomheter,0.0018,E0,0.0,,,,
799,7,Uoppgitt faggruppe,2,9539,Gather and empty trash.,37-2011.00,9112,Renholdere i virksomheter,0.0018,E0,0.0,,,,
799,7,Uoppgitt faggruppe,3,9538,"Service, clean, or supply restrooms.",37-2011.00,9112,Renholdere i virksomheter,0.0017,E0,0.0,,,,
799,7,Uoppgitt faggruppe,4,694,Greet customers and ascertain what each customer wants or needs.,41-2031.00,5223,Butikkmedarbeidere,0.0013,E0,0.0,,,,1.0
799,7,Uoppgitt faggruppe,5,2430,Receive payment or obtain credit authorization.,41-2022.00,5223,Butikkmedarbeidere,0.0013,E0,0.0,0.0078,66,0.2727,0.8148
799,7,Uoppgitt faggruppe,6,700,"Recommend, select, and help locate or obtain merchandise based on customer needs and desires.",41-2031.00,5223,Butikkmedarbeidere,0.0013,E2,0.5,0.1157,1153,0.4605,0.9403
799,7,Uoppgitt faggruppe,7,19610,"Direct engineering activities, ensuring compliance with environmental, safety, or other governmental regulations.",17-2051.00,2142,Sivilingeniører (bygg og anlegg),0.0013,E2,0.5,,,,
799,7,Uoppgitt faggruppe,8,14623,Analyze problems to develop solutions involving computer hardware and software.,15-1221.00,2511,Systemanalytikere/-arkitekter,0.0012,E1,1.0,0.0073,58,0.5862,1.0
799,7,Uoppgitt faggruppe,9,11152,Place food servings on plates or trays according to orders or instructions.,35-3041.00,5131,Servitører,0.0012,E0,0.0,,,,
799,7,Uoppgitt faggruppe,10,13140,Train workers in proper operational procedures and functions and explain company policies.,39-1022.00,5311,Barnehage- og skolefritidsassistenter mv.,0.0012,E0,0.0,,,,
813,8,Historisk-filosofiske utdanninger,1,10956,"Evaluate and grade examinations, assignments, or papers, and record grades.",25-9044.00,2310,Universitets- og høyskolelektorer/-lærere,0.0018,E2,0.5,0.0073,56,0.2857,0.5053
813,8,Historisk-filosofiske utdanninger,2,10965,Teach undergraduate-level courses.,25-9044.00,2310,Universitets- og høyskolelektorer/-lærere,0.0016,E2,0.5,0.0351,332,0.1837,1.0
813,8,Historisk-filosofiske utdanninger,3,10967,"Develop teaching materials, such as syllabi, visual aids, answer keys, supplementary notes, or course Web sites.",25-9044.00,2310,Universitets- og høyskolelektorer/-lærere,0.0016,E1,1.0,0.0837,820,0.528,0.8324
813,8,Historisk-filosofiske utdanninger,4,20170,Manage the coordination and overall integration of technical activities in architecture or engineering projects.,11-9041.00,1223,Forsknings- og utviklingsledere,0.0014,E2,0.5,,,,
813,8,Historisk-filosofiske utdanninger,5,7207,"Design or coordinate successive phases of problem analysis, solution proposals, or testing.",11-9121.00,1223,Forsknings- og utviklingsledere,0.0014,E2,0.5,,,,
813,8,Historisk-filosofiske utdanninger,6,7208,"Review project activities and prepare and review research, testing, or operational reports.",11-9121.00,1223,Forsknings- og utviklingsledere,0.0014,E2,0.5,0.0054,23,1.0,1.0
813,8,Historisk-filosofiske utdanninger,7,15981,"Develop sustainability project goals, objectives, initiatives, or strategies in collaboration with other sustainability professionals.",13-1199.05,2422,Høyere saksbehandlere i offentlig og privat virksomhet,0.0013,E2,0.5,0.0029,21,1.0,
813,8,Historisk-filosofiske utdanninger,8,15980,"Monitor or track sustainability indicators, such as energy usage, natural resource usage, waste generation, and recycling.",13-1199.05,2422,Høyere saksbehandlere i offentlig og privat virksomhet,0.0013,E2,0.5,,,,
813,8,Historisk-filosofiske utdanninger,9,15979,"Assess or propose sustainability initiatives, considering factors such as cost effectiveness, technical feasibility, and acceptance.",13-1199.05,2422,Høyere saksbehandlere i offentlig og privat virksomhet,0.0012,E2,0.5,,,,
813,8,Historisk-filosofiske utdanninger,10,18641,"Plan and organize the acquisition, storage, and exhibition of collections and related materials, including the selection of exhibition themes and designs, and develop or install exhibit materials.",25-4012.00,2621,Arkivarer og kuratorer,0.0007,E2,0.5,0.0215,191,0.5131,1.0
814,8,Religionsutdanninger,1,12975,Identify and recruit potential volunteer workers.,21-2021.00,2636,Geistlige yrker,0.0027,E2,0.5,0.0054,50,0.56,
814,8,Religionsutdanninger,2,12982,Collaborate with other ministry members to establish goals and objectives for religious education programs or to develop ways to encourage program participation.,21-2021.00,2636,Geistlige yrker,0.0026,E0,0.0,,,,
814,8,Religionsutdanninger,3,12979,"Implement program plans by ordering needed materials, scheduling speakers, reserving space, or handling other administrative details.",21-2021.00,2636,Geistlige yrker,0.0026,E2,0.5,,,,
814,8,Religionsutdanninger,4,10956,"Evaluate and grade examinations, assignments, or papers, and record grades.",25-9044.00,2310,Universitets- og høyskolelektorer/-lærere,0.0018,E2,0.5,0.0073,56,0.2857,0.5053
814,8,Religionsutdanninger,5,10965,Teach undergraduate-level courses.,25-9044.00,2310,Universitets- og høyskolelektorer/-lærere,0.0016,E2,0.5,0.0351,332,0.1837,1.0
814,8,Religionsutdanninger,6,10967,"Develop teaching materials, such as syllabi, visual aids, answer keys, supplementary notes, or course Web sites.",25-9044.00,2310,Universitets- og høyskolelektorer/-lærere,0.0016,E1,1.0,0.0837,820,0.528,0.8324
814,8,Religionsutdanninger,7,15981,"Develop sustainability project goals, objectives, initiatives, or strategies in collaboration with other sustainability professionals.",13-1199.05,2422,Høyere saksbehandlere i offentlig og privat virksomhet,0.001,E2,0.5,0.0029,21,1.0,
814,8,Religionsutdanninger,8,15980,"Monitor or track sustainability indicators, such as energy usage, natural resource usage, waste generation, and recycling.",13-1199.05,2422,Høyere saksbehandlere i offentlig og privat virksomhet,0.001,E2,0.5,,,,
814,8,Religionsutdanninger,9,15979,"Assess or propose sustainability initiatives, considering factors such as cost effectiveness, technical feasibility, and acceptance.",13-1199.05,2422,Høyere saksbehandlere i offentlig og privat virksomhet,0.001,E2,0.5,,,,
814,8,Religionsutdanninger,10,20170,Manage the coordination and overall integration of technical activities in architecture or engineering projects.,11-9041.00,1223,Forsknings- og utviklingsledere,0.0006,E2,0.5,,,,
815,8,"Musikk, dans og drama",1,8668,"Instruct students individually and in groups, using various teaching methods, such as lectures, discussions, and demonstrations.",25-3021.00,2354,Andre musikklærere,0.0039,E0,0.0,,,,
815,8,"Musikk, dans og drama",2,8671,Prepare students for further development by encouraging them to explore learning opportunities and to persevere with challenging tasks.,25-3021.00,2354,Andre musikklærere,0.0038,E0,0.0,,,,
815,8,"Musikk, dans og drama",3,8664,Adapt teaching methods and instructional materials to meet students' varying needs and interests.,25-3021.00,2354,Andre musikklærere,0.0038,E2,0.5,0.0112,106,0.5283,
815,8,"Musikk, dans og drama",4,10956,"Evaluate and grade examinations, assignments, or papers, and record grades.",25-9044.00,2310,Universitets- og høyskolelektorer/-lærere,0.0016,E2,0.5,0.0073,56,0.2857,0.5053
815,8,"Musikk, dans og drama",5,22574,"Perform before live audiences in concerts, recitals, educational presentations, and other social gatherings.",27-2042.00,2652,"Dirigenter, komponister, musikere og sangere",0.0016,E0,0.0,,,,
815,8,"Musikk, dans og drama",6,22575,Sing a cappella or with musical accompaniment.,27-2042.00,2652,"Dirigenter, komponister, musikere og sangere",0.0016,E2,0.5,,,,
815,8,"Musikk, dans og drama",7,22578,Sing as a soloist or as a member of a vocal group.,27-2042.00,2652,"Dirigenter, komponister, musikere og sangere",0.0016,E0,0.0,,,,
815,8,"Musikk, dans og drama",8,10965,Teach undergraduate-level courses.,25-9044.00,2310,Universitets- og høyskolelektorer/-lærere,0.0015,E2,0.5,0.0351,332,0.1837,1.0
815,8,"Musikk, dans og drama",9,10967,"Develop teaching materials, such as syllabi, visual aids, answer keys, supplementary notes, or course Web sites.",25-9044.00,2310,Universitets- og høyskolelektorer/-lærere,0.0015,E1,1.0,0.0837,820,0.528,0.8324
815,8,"Musikk, dans og drama",10,15981,"Develop sustainability project goals, objectives, initiatives, or strategies in collaboration with other sustainability professionals.",13-1199.05,2422,Høyere saksbehandlere i offentlig og privat virksomhet,0.001,E2,0.5,0.0029,21,1.0,
819,8,"Humanistiske og estetiske fag, andre",1,15981,"Develop sustainability project goals, objectives, initiatives, or strategies in collaboration with other sustainability professionals.",13-1199.05,2422,Høyere saksbehandlere i offentlig og privat virksomhet,0.0014,E2,0.5,0.0029,21,1.0,
819,8,"Humanistiske og estetiske fag, andre",2,10956,"Evaluate and grade examinations, assignments, or papers, and record grades.",25-9044.00,2310,Universitets- og høyskolelektorer/-lærere,0.0014,E2,0.5,0.0073,56,0.2857,0.5053
819,8,"Humanistiske og estetiske fag, andre",3,15980,"Monitor or track sustainability indicators, such as energy usage, natural resource usage, waste generation, and recycling.",13-1199.05,2422,Høyere saksbehandlere i offentlig og privat virksomhet,0.0014,E2,0.5,,,,
819,8,"Humanistiske og estetiske fag, andre",4,15979,"Assess or propose sustainability initiatives, considering factors such as cost effectiveness, technical feasibility, and acceptance.",13-1199.05,2422,Høyere saksbehandlere i offentlig og privat virksomhet,0.0013,E2,0.5,,,,
819,8,"Humanistiske og estetiske fag, andre",5,10965,Teach undergraduate-level courses.,25-9044.00,2310,Universitets- og høyskolelektorer/-lærere,0.0012,E2,0.5,0.0351,332,0.1837,1.0
819,8,"Humanistiske og estetiske fag, andre",6,10967,"Develop teaching materials, such as syllabi, visual aids, answer keys, supplementary notes, or course Web sites.",25-9044.00,2310,Universitets- og høyskolelektorer/-lærere,0.0012,E1,1.0,0.0837,820,0.528,0.8324
819,8,"Humanistiske og estetiske fag, andre",7,18641,"Plan and organize the acquisition, storage, and exhibition of collections and related materials, including the selection of exhibition themes and designs, and develop or install exhibit materials.",25-4012.00,2621,Arkivarer og kuratorer,0.0011,E2,0.5,0.0215,191,0.5131,1.0
819,8,"Humanistiske og estetiske fag, andre",8,7631,Organize archival records and develop classification systems to facilitate access to archival materials.,25-4011.00,2621,Arkivarer og kuratorer,0.001,E2,0.5,,,,
819,8,"Humanistiske og estetiske fag, andre",9,7633,Provide reference services and assistance for users needing archival materials.,25-4011.00,2621,Arkivarer og kuratorer,0.001,E2,0.5,0.0131,119,0.3445,
819,8,"Humanistiske og estetiske fag, andre",10,6650,Prepare students for later grades by encouraging them to explore learning opportunities and to persevere with challenging tasks.,25-2031.00,2330,Lektorer mv. (videregående skole),0.001,E2,0.5,,,,
824,8,Utdanninger i pedagogikk,1,10956,"Evaluate and grade examinations, assignments, or papers, and record grades.",25-9044.00,2310,Universitets- og høyskolelektorer/-lærere,0.0021,E2,0.5,0.0073,56,0.2857,0.5053
824,8,Utdanninger i pedagogikk,2,10965,Teach undergraduate-level courses.,25-9044.00,2310,Universitets- og høyskolelektorer/-lærere,0.0019,E2,0.5,0.0351,332,0.1837,1.0
824,8,Utdanninger i pedagogikk,3,10967,"Develop teaching materials, such as syllabi, visual aids, answer keys, supplementary notes, or course Web sites.",25-9044.00,2310,Universitets- og høyskolelektorer/-lærere,0.0019,E1,1.0,0.0837,820,0.528,0.8324
824,8,Utdanninger i pedagogikk,4,20170,Manage the coordination and overall integration of technical activities in architecture or engineering projects.,11-9041.00,1223,Forsknings- og utviklingsledere,0.0008,E2,0.5,,,,
824,8,Utdanninger i pedagogikk,5,7207,"Design or coordinate successive phases of problem analysis, solution proposals, or testing.",11-9121.00,1223,Forsknings- og utviklingsledere,0.0008,E2,0.5,,,,
824,8,Utdanninger i pedagogikk,6,7208,"Review project activities and prepare and review research, testing, or operational reports.",11-9121.00,1223,Forsknings- og utviklingsledere,0.0007,E2,0.5,0.0054,23,1.0,1.0
824,8,Utdanninger i pedagogikk,7,15981,"Develop sustainability project goals, objectives, initiatives, or strategies in collaboration with other sustainability professionals.",13-1199.05,2422,Høyere saksbehandlere i offentlig og privat virksomhet,0.0007,E2,0.5,0.0029,21,1.0,
824,8,Utdanninger i pedagogikk,8,15980,"Monitor or track sustainability indicators, such as energy usage, natural resource usage, waste generation, and recycling.",13-1199.05,2422,Høyere saksbehandlere i offentlig og privat virksomhet,0.0007,E2,0.5,,,,
824,8,Utdanninger i pedagogikk,9,15979,"Assess or propose sustainability initiatives, considering factors such as cost effectiveness, technical feasibility, and acceptance.",13-1199.05,2422,Høyere saksbehandlere i offentlig og privat virksomhet,0.0007,E2,0.5,,,,
824,8,Utdanninger i pedagogikk,10,5503,"Create and modify maps, graphs, or diagrams, using geographical information software and related equipment, and principles of cartography, such as coordinate systems, longitude, latitude, elevation, topography, and map scales.",19-3092.00,2632,"Rådgivere/forskere, samfunnsvitenskap",0.0005,E2,0.5,,,,
829,8,"Lærerutdanninger og utdanninger i pedagogikk, andre",1,6580,"Observe and evaluate students' performance, behavior, social development, and physical health.",25-2022.00,2341,Grunnskolelærere,0.0015,E2,0.5,0.0031,17,0.0,1.0
829,8,"Lærerutdanninger og utdanninger i pedagogikk, andre",2,6581,Prepare materials and classrooms for class activities.,25-2022.00,2341,Grunnskolelærere,0.0015,E0,0.0,0.0156,150,0.56,
829,8,"Lærerutdanninger og utdanninger i pedagogikk, andre",3,6573,Establish and enforce rules for behavior and procedures for maintaining order among students.,25-2022.00,2341,Grunnskolelærere,0.0015,E0,0.0,,,,
829,8,"Lærerutdanninger og utdanninger i pedagogikk, andre",4,10956,"Evaluate and grade examinations, assignments, or papers, and record grades.",25-9044.00,2310,Universitets- og høyskolelektorer/-lærere,0.0013,E2,0.5,0.0073,56,0.2857,0.5053
829,8,"Lærerutdanninger og utdanninger i pedagogikk, andre",5,10965,Teach undergraduate-level courses.,25-9044.00,2310,Universitets- og høyskolelektorer/-lærere,0.0012,E2,0.5,0.0351,332,0.1837,1.0
829,8,"Lærerutdanninger og utdanninger i pedagogikk, andre",6,10967,"Develop teaching materials, such as syllabi, visual aids, answer keys, supplementary notes, or course Web sites.",25-9044.00,2310,Universitets- og høyskolelektorer/-lærere,0.0012,E1,1.0,0.0837,820,0.528,0.8324
829,8,"Lærerutdanninger og utdanninger i pedagogikk, andre",7,9561,"Clean rooms, hallways, lobbies, lounges, restrooms, corridors, elevators, stairways, locker rooms, and other work areas so that health standards are met.",37-2012.00,9112,Renholdere i virksomheter,0.0011,E0,0.0,,,,
829,8,"Lærerutdanninger og utdanninger i pedagogikk, andre",8,9560,"Carry linens, towels, toilet items, and cleaning supplies, using wheeled carts.",37-2012.00,9112,Renholdere i virksomheter,0.0011,E0,0.0,,,,
829,8,"Lærerutdanninger og utdanninger i pedagogikk, andre",9,9564,"Keep storage areas and carts well-stocked, clean, and tidy.",37-2012.00,9112,Renholdere i virksomheter,0.0011,E0,0.0,,,,
829,8,"Lærerutdanninger og utdanninger i pedagogikk, andre",10,6650,Prepare students for later grades by encouraging them to explore learning opportunities and to persevere with challenging tasks.,25-2031.00,2330,Lektorer mv. (videregående skole),0.0008,E2,0.5,,,,
831,8,Statsvitenskapelige fag,1,7536,"Study economic and statistical data in area of specialization, such as finance, labor, or agriculture.",19-3011.00,2631,"Rådgivere/forskere, samfunnsøkonomi",0.0025,E2,0.5,0.0112,102,0.3627,1.0
831,8,Statsvitenskapelige fag,2,7538,"Compile, analyze, and report data to explain economic phenomena and forecast market trends, applying mathematical models and statistical techniques.",19-3011.00,2631,"Rådgivere/forskere, samfunnsøkonomi",0.0023,E2,0.5,0.0329,311,0.4405,1.0
831,8,Statsvitenskapelige fag,3,20052,"Study the socioeconomic impacts of new public policies, such as proposed legislation, taxes, services, and regulations.",19-3011.00,2631,"Rådgivere/forskere, samfunnsøkonomi",0.0022,E2,0.5,,,,
831,8,Statsvitenskapelige fag,4,5503,"Create and modify maps, graphs, or diagrams, using geographical information software and related equipment, and principles of cartography, such as coordinate systems, longitude, latitude, elevation, topography, and map scales.",19-3092.00,2632,"Rådgivere/forskere, samfunnsvitenskap",0.0016,E2,0.5,,,,
831,8,Statsvitenskapelige fag,5,5508,Teach geography.,19-3092.00,2632,"Rådgivere/forskere, samfunnsvitenskap",0.0016,E2,0.5,,,,
831,8,Statsvitenskapelige fag,6,5509,"Gather and compile geographic data from sources such as censuses, field observations, satellite imagery, aerial photographs, and existing maps.",19-3092.00,2632,"Rådgivere/forskere, samfunnsvitenskap",0.0016,E2,0.5,0.0078,52,0.5769,1.0
831,8,Statsvitenskapelige fag,7,10956,"Evaluate and grade examinations, assignments, or papers, and record grades.",25-9044.00,2310,Universitets- og høyskolelektorer/-lærere,0.0014,E2,0.5,0.0073,56,0.2857,0.5053
831,8,Statsvitenskapelige fag,8,15981,"Develop sustainability project goals, objectives, initiatives, or strategies in collaboration with other sustainability professionals.",13-1199.05,2422,Høyere saksbehandlere i offentlig og privat virksomhet,0.0014,E2,0.5,0.0029,21,1.0,
831,8,Statsvitenskapelige fag,9,15980,"Monitor or track sustainability indicators, such as energy usage, natural resource usage, waste generation, and recycling.",13-1199.05,2422,Høyere saksbehandlere i offentlig og privat virksomhet,0.0013,E2,0.5,,,,
831,8,Statsvitenskapelige fag,10,15979,"Assess or propose sustainability initiatives, considering factors such as cost effectiveness, technical feasibility, and acceptance.",13-1199.05,2422,Høyere saksbehandlere i offentlig og privat virksomhet,0.0013,E2,0.5,,,,
836,8,Psykologiske fag,1,22193,"Conduct neuropsychological evaluations such as assessments of intelligence, academic ability, attention, concentration, sensorimotor function, language, learning, and memory.",19-3039.02,2634,Psykologer,0.0031,E2,0.5,,,,
836,8,Psykologiske fag,2,22206,"Write or prepare detailed clinical neuropsychological reports, using data from psychological or neuropsychological tests, self-report measures, rating scales, direct observations, or interviews.",19-3039.02,2634,Psykologer,0.003,E1,1.0,,,,
836,8,Psykologiske fag,3,22202,Interview patients to obtain comprehensive medical histories.,19-3039.02,2634,Psykologer,0.003,E2,0.5,,,,
836,8,Psykologiske fag,4,10956,"Evaluate and grade examinations, assignments, or papers, and record grades.",25-9044.00,2310,Universitets- og høyskolelektorer/-lærere,0.0013,E2,0.5,0.0073,56,0.2857,0.5053
836,8,Psykologiske fag,5,10965,Teach undergraduate-level courses.,25-9044.00,2310,Universitets- og høyskolelektorer/-lærere,0.0012,E2,0.5,0.0351,332,0.1837,1.0
836,8,Psykologiske fag,6,10967,"Develop teaching materials, such as syllabi, visual aids, answer keys, supplementary notes, or course Web sites.",25-9044.00,2310,Universitets- og høyskolelektorer/-lærere,0.0011,E1,1.0,0.0837,820,0.528,0.8324
836,8,Psykologiske fag,7,20170,Manage the coordination and overall integration of technical activities in architecture or engineering projects.,11-9041.00,1223,Forsknings- og utviklingsledere,0.0011,E2,0.5,,,,
836,8,Psykologiske fag,8,7207,"Design or coordinate successive phases of problem analysis, solution proposals, or testing.",11-9121.00,1223,Forsknings- og utviklingsledere,0.0011,E2,0.5,,,,
836,8,Psykologiske fag,9,7208,"Review project activities and prepare and review research, testing, or operational reports.",11-9121.00,1223,Forsknings- og utviklingsledere,0.0011,E2,0.5,0.0054,23,1.0,1.0
836,8,Psykologiske fag,10,46,"Direct, supervise and evaluate work activities of medical, nursing, technical, clerical, service, maintenance, and other personnel.",11-9111.00,1342,Ledere av helsetjenester,0.001,E2,0.5,,,,
837,8,Juridiske fag,1,3774,"Interpret laws, rulings and regulations for individuals and businesses.",23-1011.00,2611,Jurister og advokater,0.0077,E2,0.5,0.0612,594,0.0909,0.3947
837,8,Juridiske fag,2,3775,"Analyze the probable outcomes of cases, using knowledge of legal precedents.",23-1011.00,2611,Jurister og advokater,0.0074,E2,0.5,0.0063,38,0.5263,1.0
837,8,Juridiske fag,3,3780,Examine legal data to determine advisability of defending or prosecuting lawsuit.,23-1011.00,2611,Jurister og advokater,0.0064,E2,0.5,,,,1.0
837,8,Juridiske fag,4,7617,Prepare written opinions and decisions.,23-1021.00,2612,Dommere,0.0025,E1,1.0,0.0233,224,0.5982,
837,8,Juridiske fag,5,7627,"Determine existence and amount of liability according to current laws, administrative and judicial precedents, and available evidence.",23-1021.00,2612,Dommere,0.0024,E2,0.5,0.1166,1158,0.3506,0.7138
837,8,Juridiske fag,6,7618,"Review and evaluate data on documents, such as claim applications, birth or death certificates, or physician or employer records.",23-1021.00,2612,Dommere,0.0024,E2,0.5,,,,
837,8,Juridiske fag,7,10956,"Evaluate and grade examinations, assignments, or papers, and record grades.",25-9044.00,2310,Universitets- og høyskolelektorer/-lærere,0.0016,E2,0.5,0.0073,56,0.2857,0.5053
837,8,Juridiske fag,8,10965,Teach undergraduate-level courses.,25-9044.00,2310,Universitets- og høyskolelektorer/-lærere,0.0015,E2,0.5,0.0351,332,0.1837,1.0
837,8,Juridiske fag,9,10967,"Develop teaching materials, such as syllabi, visual aids, answer keys, supplementary notes, or course Web sites.",25-9044.00,2310,Universitets- og høyskolelektorer/-lærere,0.0014,E1,1.0,0.0837,820,0.528,0.8324
837,8,Juridiske fag,10,15981,"Develop sustainability project goals, objectives, initiatives, or strategies in collaboration with other sustainability professionals.",13-1199.05,2422,Høyere saksbehandlere i offentlig og privat virksomhet,0.0011,E2,0.5,0.0029,21,1.0,
839,8,"Samfunnsfag og juridiske fag, andre",1,7536,"Study economic and statistical data in area of specialization, such as finance, labor, or agriculture.",19-3011.00,2631,"Rådgivere/forskere, samfunnsøkonomi",0.002,E2,0.5,0.0112,102,0.3627,1.0
839,8,"Samfunnsfag og juridiske fag, andre",2,7538,"Compile, analyze, and report data to explain economic phenomena and forecast market trends, applying mathematical models and statistical techniques.",19-3011.00,2631,"Rådgivere/forskere, samfunnsøkonomi",0.0018,E2,0.5,0.0329,311,0.4405,1.0
839,8,"Samfunnsfag og juridiske fag, andre",3,20052,"Study the socioeconomic impacts of new public policies, such as proposed legislation, taxes, services, and regulations.",19-3011.00,2631,"Rådgivere/forskere, samfunnsøkonomi",0.0017,E2,0.5,,,,
839,8,"Samfunnsfag og juridiske fag, andre",4,15981,"Develop sustainability project goals, objectives, initiatives, or strategies in collaboration with other sustainability professionals.",13-1199.05,2422,Høyere saksbehandlere i offentlig og privat virksomhet,0.0016,E2,0.5,0.0029,21,1.0,
839,8,"Samfunnsfag og juridiske fag, andre",5,15980,"Monitor or track sustainability indicators, such as energy usage, natural resource usage, waste generation, and recycling.",13-1199.05,2422,Høyere saksbehandlere i offentlig og privat virksomhet,0.0016,E2,0.5,,,,
839,8,"Samfunnsfag og juridiske fag, andre",6,15979,"Assess or propose sustainability initiatives, considering factors such as cost effectiveness, technical feasibility, and acceptance.",13-1199.05,2422,Høyere saksbehandlere i offentlig og privat virksomhet,0.0015,E2,0.5,,,,
839,8,"Samfunnsfag og juridiske fag, andre",7,5503,"Create and modify maps, graphs, or diagrams, using geographical information software and related equipment, and principles of cartography, such as coordinate systems, longitude, latitude, elevation, topography, and map scales.",19-3092.00,2632,"Rådgivere/forskere, samfunnsvitenskap",0.0014,E2,0.5,,,,
839,8,"Samfunnsfag og juridiske fag, andre",8,5508,Teach geography.,19-3092.00,2632,"Rådgivere/forskere, samfunnsvitenskap",0.0014,E2,0.5,,,,
839,8,"Samfunnsfag og juridiske fag, andre",9,5509,"Gather and compile geographic data from sources such as censuses, field observations, satellite imagery, aerial photographs, and existing maps.",19-3092.00,2632,"Rådgivere/forskere, samfunnsvitenskap",0.0014,E2,0.5,0.0078,52,0.5769,1.0
839,8,"Samfunnsfag og juridiske fag, andre",10,10956,"Evaluate and grade examinations, assignments, or papers, and record grades.",25-9044.00,2310,Universitets- og høyskolelektorer/-lærere,0.0011,E2,0.5,0.0073,56,0.2857,0.5053
841,8,Økonomisk-administrative fag,1,15981,"Develop sustainability project goals, objectives, initiatives, or strategies in collaboration with other sustainability professionals.",13-1199.05,2422,Høyere saksbehandlere i offentlig og privat virksomhet,0.0022,E2,0.5,0.0029,21,1.0,
841,8,Økonomisk-administrative fag,2,15980,"Monitor or track sustainability indicators, such as energy usage, natural resource usage, waste generation, and recycling.",13-1199.05,2422,Høyere saksbehandlere i offentlig og privat virksomhet,0.0021,E2,0.5,,,,
841,8,Økonomisk-administrative fag,3,15979,"Assess or propose sustainability initiatives, considering factors such as cost effectiveness, technical feasibility, and acceptance.",13-1199.05,2422,Høyere saksbehandlere i offentlig og privat virksomhet,0.002,E2,0.5,,,,
841,8,Økonomisk-administrative fag,4,10956,"Evaluate and grade examinations, assignments, or papers, and record grades.",25-9044.00,2310,Universitets- og høyskolelektorer/-lærere,0.0018,E2,0.5,0.0073,56,0.2857,0.5053
841,8,Økonomisk-administrative fag,5,10965,Teach undergraduate-level courses.,25-9044.00,2310,Universitets- og høyskolelektorer/-lærere,0.0016,E2,0.5,0.0351,332,0.1837,1.0
841,8,Økonomisk-administrative fag,6,10967,"Develop teaching materials, such as syllabi, visual aids, answer keys, supplementary notes, or course Web sites.",25-9044.00,2310,Universitets- og høyskolelektorer/-lærere,0.0016,E1,1.0,0.0837,820,0.528,0.8324
841,8,Økonomisk-administrative fag,7,14623,Analyze problems to develop solutions involving computer hardware and software.,15-1221.00,2511,Systemanalytikere/-arkitekter,0.0014,E1,1.0,0.0073,58,0.5862,1.0
841,8,Økonomisk-administrative fag,8,14629,"Conduct logical analyses of business, scientific, engineering, and other technical problems, formulating mathematical models of problems for solution by computers.",15-1221.00,2511,Systemanalytikere/-arkitekter,0.0012,E1,1.0,0.5036,4962,0.371,0.7254
841,8,Økonomisk-administrative fag,9,14626,"Apply theoretical expertise and innovation to create or apply new technology, such as adapting principles for applying computers to new uses.",15-1221.00,2511,Systemanalytikere/-arkitekter,0.0011,E1,1.0,,,,
841,8,Økonomisk-administrative fag,10,16575,"Conduct engineering site audits to collect structural, electrical, and related site information for use in the design of residential or commercial solar power systems.",17-2199.11,2149,Andre sivilingeniører (unntatt elektroteknologi),0.0005,E2,0.5,,,,
849,8,"Økonomiske og administrative fag, andre",1,20699,"Review financial statements, sales or activity reports, or other performance data to measure productivity or goal achievement or to identify areas needing cost reduction or program improvement.",11-1021.00,1120,Administrerende direktører,0.0026,E2,0.5,0.0243,223,0.4305,0.8399
849,8,"Økonomiske og administrative fag, andre",2,20705,"Perform personnel functions, such as selection, training, or evaluation.",11-1021.00,1120,Administrerende direktører,0.0023,E2,0.5,,,,
849,8,"Økonomiske og administrative fag, andre",3,20700,Direct administrative activities directly related to making products or providing services.,11-1021.00,1120,Administrerende direktører,0.0022,E2,0.5,,,,
849,8,"Økonomiske og administrative fag, andre",4,7536,"Study economic and statistical data in area of specialization, such as finance, labor, or agriculture.",19-3011.00,2631,"Rådgivere/forskere, samfunnsøkonomi",0.0021,E2,0.5,0.0112,102,0.3627,1.0
849,8,"Økonomiske og administrative fag, andre",5,7538,"Compile, analyze, and report data to explain economic phenomena and forecast market trends, applying mathematical models and statistical techniques.",19-3011.00,2631,"Rådgivere/forskere, samfunnsøkonomi",0.0019,E2,0.5,0.0329,311,0.4405,1.0
849,8,"Økonomiske og administrative fag, andre",6,20052,"Study the socioeconomic impacts of new public policies, such as proposed legislation, taxes, services, and regulations.",19-3011.00,2631,"Rådgivere/forskere, samfunnsøkonomi",0.0018,E2,0.5,,,,
849,8,"Økonomiske og administrative fag, andre",7,2487,"Operate computers programmed with accounting software to record, store, and analyze information.",43-3031.00,3313,Regnskapsførere,0.0017,E1,1.0,0.0095,68,0.5441,1.0
849,8,"Økonomiske og administrative fag, andre",8,2486,"Check figures, postings, and documents for correct entry, mathematical accuracy, and proper codes.",43-3031.00,3313,Regnskapsførere,0.0017,E1,1.0,,,,
849,8,"Økonomiske og administrative fag, andre",9,2495,"Operate 10-key calculators, typewriters, and copy machines to perform calculations and produce documents.",43-3031.00,3313,Regnskapsførere,0.0016,E1,1.0,,,,
849,8,"Økonomiske og administrative fag, andre",10,21311,Establish and maintain relationships with individual or business customers or provide assistance with problems these customers may encounter.,11-3031.00,1211,Finans- og økonomisjefer,0.0012,E2,0.5,,,,1.0
851,8,Biologiske fag,1,19610,"Direct engineering activities, ensuring compliance with environmental, safety, or other governmental regulations.",17-2051.00,2142,Sivilingeniører (bygg og anlegg),0.0036,E2,0.5,,,,
851,8,Biologiske fag,2,148,Inspect project sites to monitor progress and ensure conformance to design specifications and safety or sanitation standards.,17-2051.00,2142,Sivilingeniører (bygg og anlegg),0.0034,E0,0.0,0.0036,15,0.0,1.0
851,8,Biologiske fag,3,151,"Estimate quantities and cost of materials, equipment, or labor to determine project feasibility.",17-2051.00,2142,Sivilingeniører (bygg og anlegg),0.003,E2,0.5,,,,
851,8,Biologiske fag,4,16575,"Conduct engineering site audits to collect structural, electrical, and related site information for use in the design of residential or commercial solar power systems.",17-2199.11,2149,Andre sivilingeniører (unntatt elektroteknologi),0.0021,E2,0.5,,,,
851,8,Biologiske fag,5,16571,"Create plans for solar energy system development, monitoring, and evaluation activities.",17-2199.11,2149,Andre sivilingeniører (unntatt elektroteknologi),0.0021,E2,0.5,,,,
851,8,Biologiske fag,6,16559,"Create or maintain wind farm layouts, schematics, or other visual documentation for wind farms.",17-2199.10,2149,Andre sivilingeniører (unntatt elektroteknologi),0.0021,E2,0.5,,,,
851,8,Biologiske fag,7,15981,"Develop sustainability project goals, objectives, initiatives, or strategies in collaboration with other sustainability professionals.",13-1199.05,2422,Høyere saksbehandlere i offentlig og privat virksomhet,0.002,E2,0.5,0.0029,21,1.0,
851,8,Biologiske fag,8,15980,"Monitor or track sustainability indicators, such as energy usage, natural resource usage, waste generation, and recycling.",13-1199.05,2422,Høyere saksbehandlere i offentlig og privat virksomhet,0.0019,E2,0.5,,,,
851,8,Biologiske fag,9,15979,"Assess or propose sustainability initiatives, considering factors such as cost effectiveness, technical feasibility, and acceptance.",13-1199.05,2422,Høyere saksbehandlere i offentlig og privat virksomhet,0.0019,E2,0.5,,,,
851,8,Biologiske fag,10,18535,"Set up, maintain, calibrate, clean, and test sterility of medical laboratory equipment.",29-2012.00,3212,Bioingeniører,0.0013,E0,0.0,,,,
852,8,Fysiske og kjemiske fag,1,9087,"Conduct research on the structures and properties of materials, such as metals, alloys, polymers, and ceramics, to obtain information that could be used to develop new products or enhance existing ones.",19-2032.00,2146,"Sivilingeniører (geofag, petro-leumsteknologi, metallurgi mv.)",0.0066,E2,0.5,,,,
852,8,Fysiske og kjemiske fag,2,20214,"Prepare reports, manuscripts, proposals, and technical manuals for use by other scientists and requestors, such as sponsors and customers.",19-2032.00,2146,"Sivilingeniører (geofag, petro-leumsteknologi, metallurgi mv.)",0.0062,E1,1.0,0.0736,712,0.5197,0.8336
852,8,Fysiske og kjemiske fag,3,9090,Determine ways to strengthen or combine materials or develop new materials with new or specific properties for use in a variety of products and applications.,19-2032.00,2146,"Sivilingeniører (geofag, petro-leumsteknologi, metallurgi mv.)",0.006,E2,0.5,,,,
852,8,Fysiske og kjemiske fag,4,1506,"Develop, improve, or customize products, equipment, formulas, processes, or analytical methods.",19-2031.00,2113,Kjemikere,0.0039,E2,0.5,,,,
852,8,Fysiske og kjemiske fag,5,1511,"Write technical papers or reports or prepare standards and specifications for processes, facilities, products, or tests.",19-2031.00,2113,Kjemikere,0.0037,E1,1.0,,,,
852,8,Fysiske og kjemiske fag,6,18474,Maintain laboratory instruments to ensure proper working order and troubleshoot malfunctions when needed.,19-2031.00,2113,Kjemikere,0.0037,E0,0.0,,,,
852,8,Fysiske og kjemiske fag,7,14623,Analyze problems to develop solutions involving computer hardware and software.,15-1221.00,2511,Systemanalytikere/-arkitekter,0.0019,E1,1.0,0.0073,58,0.5862,1.0
852,8,Fysiske og kjemiske fag,8,14629,"Conduct logical analyses of business, scientific, engineering, and other technical problems, formulating mathematical models of problems for solution by computers.",15-1221.00,2511,Systemanalytikere/-arkitekter,0.0016,E1,1.0,0.5036,4962,0.371,0.7254
852,8,Fysiske og kjemiske fag,9,16626,"Interpret the results of all methods of non-destructive testing (NDT), such as acoustic emission, electromagnetic, leak, liquid penetrant, magnetic particle, neutron radiographic, radiographic, thermal or infrared, ultrasonic, vibration analysis, and visual testing.",17-3029.01,3116,Kjemiingeniører,0.0016,E2,0.5,,,,
852,8,Fysiske og kjemiske fag,10,16620,"Interpret or evaluate test results in accordance with applicable codes, standards, specifications, or procedures.",17-3029.01,3116,Kjemiingeniører,0.0016,E2,0.5,,,,
853,8,Matematikk og statistikk,1,14623,Analyze problems to develop solutions involving computer hardware and software.,15-1221.00,2511,Systemanalytikere/-arkitekter,0.0071,E1,1.0,0.0073,58,0.5862,1.0
853,8,Matematikk og statistikk,2,14629,"Conduct logical analyses of business, scientific, engineering, and other technical problems, formulating mathematical models of problems for solution by computers.",15-1221.00,2511,Systemanalytikere/-arkitekter,0.0058,E1,1.0,0.5036,4962,0.371,0.7254
853,8,Matematikk og statistikk,3,14626,"Apply theoretical expertise and innovation to create or apply new technology, such as adapting principles for applying computers to new uses.",15-1221.00,2511,Systemanalytikere/-arkitekter,0.0056,E1,1.0,,,,
853,8,Matematikk og statistikk,4,21045,"Examine documents to determine degree of risk from factors such as applicant health, financial standing and value, and condition of property.",13-2053.00,3321,Forsikringsagenter,0.0035,E2,0.5,,,,
853,8,Matematikk og statistikk,5,1261,Decline excessive risks.,13-2053.00,3321,Forsikringsagenter,0.0034,E2,0.5,,,,1.0
853,8,Matematikk og statistikk,6,1262,"Write to field representatives, medical personnel, or others to obtain further information, quote rates, or explain company underwriting policies.",13-2053.00,3321,Forsikringsagenter,0.0033,E1,1.0,,,,
853,8,Matematikk og statistikk,7,24002,Mentor others on mathematical techniques.,15-2021.00,2120,"Matematikere, statistikere mv.",0.003,,,,,,
853,8,Matematikk og statistikk,8,7369,"Maintain knowledge in the field by reading professional journals, talking with other mathematicians, and attending professional conferences.",15-2021.00,2120,"Matematikere, statistikere mv.",0.003,E1,1.0,,,,
853,8,Matematikk og statistikk,9,3500,Ascertain premium rates required and cash reserves and liabilities necessary to ensure payment of future benefits.,15-2011.00,2120,"Matematikere, statistikere mv.",0.0029,E2,0.5,,,,
853,8,Matematikk og statistikk,10,21662,Analyze user needs and software requirements to determine feasibility of design within time and cost constraints.,15-1252.00,2512,Programvareutviklere,0.0011,E1,1.0,0.5671,5471,0.3116,0.6781
854,8,Informasjons- og datateknologi,1,14623,Analyze problems to develop solutions involving computer hardware and software.,15-1221.00,2511,Systemanalytikere/-arkitekter,0.0086,E1,1.0,0.0073,58,0.5862,1.0
854,8,Informasjons- og datateknologi,2,14629,"Conduct logical analyses of business, scientific, engineering, and other technical problems, formulating mathematical models of problems for solution by computers.",15-1221.00,2511,Systemanalytikere/-arkitekter,0.007,E1,1.0,0.5036,4962,0.371,0.7254
854,8,Informasjons- og datateknologi,3,14626,"Apply theoretical expertise and innovation to create or apply new technology, such as adapting principles for applying computers to new uses.",15-1221.00,2511,Systemanalytikere/-arkitekter,0.0068,E1,1.0,,,,
854,8,Informasjons- og datateknologi,4,21662,Analyze user needs and software requirements to determine feasibility of design within time and cost constraints.,15-1252.00,2512,Programvareutviklere,0.003,E1,1.0,0.5671,5471,0.3116,0.6781
854,8,Informasjons- og datateknologi,5,21669,"Develop or direct software system testing or validation procedures, programming, or documentation.",15-1252.00,2512,Programvareutviklere,0.0029,E1,1.0,,,,
854,8,Informasjons- og datateknologi,6,21664,"Confer with systems analysts, engineers, programmers and others to design systems and to obtain information on project limitations and capabilities, performance requirements and interfaces.",15-1252.00,2512,Programvareutviklere,0.0028,E1,1.0,,,,
854,8,Informasjons- og datateknologi,7,20497,Operate computer-assisted engineering or design software or equipment to perform electronics engineering tasks.,17-2072.00,2153,Sivilingeniører (telekommunikasjon),0.002,E1,1.0,,,,
854,8,Informasjons- og datateknologi,8,20496,"Confer with engineers, customers, vendors, or others to discuss existing or potential electronics engineering projects or products.",17-2072.00,2153,Sivilingeniører (telekommunikasjon),0.0018,E0,0.0,0.0027,15,0.0,
854,8,Informasjons- og datateknologi,9,20494,"Evaluate project work to ensure effectiveness, technical adequacy, or compatibility in the resolution of complex electronics engineering problems.",17-2072.00,2153,Sivilingeniører (telekommunikasjon),0.0018,E2,0.5,,,,
854,8,Informasjons- og datateknologi,10,1348,"Design, implement, maintain, or improve electrical instruments, equipment, facilities, components, products, or systems for commercial, industrial, or domestic purposes.",17-2071.00,2151,Sivilingeniører (elkraftteknikk),0.0014,E2,0.5,,,,
855,8,"Utdanninger i elektrofag, mekaniske fag og maskinfag",1,19610,"Direct engineering activities, ensuring compliance with environmental, safety, or other governmental regulations.",17-2051.00,2142,Sivilingeniører (bygg og anlegg),0.0047,E2,0.5,,,,
855,8,"Utdanninger i elektrofag, mekaniske fag og maskinfag",2,148,Inspect project sites to monitor progress and ensure conformance to design specifications and safety or sanitation standards.,17-2051.00,2142,Sivilingeniører (bygg og anlegg),0.0044,E0,0.0,0.0036,15,0.0,1.0
855,8,"Utdanninger i elektrofag, mekaniske fag og maskinfag",3,151,"Estimate quantities and cost of materials, equipment, or labor to determine project feasibility.",17-2051.00,2142,Sivilingeniører (bygg og anlegg),0.0039,E2,0.5,,,,
855,8,"Utdanninger i elektrofag, mekaniske fag og maskinfag",4,14623,Analyze problems to develop solutions involving computer hardware and software.,15-1221.00,2511,Systemanalytikere/-arkitekter,0.0023,E1,1.0,0.0073,58,0.5862,1.0
855,8,"Utdanninger i elektrofag, mekaniske fag og maskinfag",5,9001,Analyze product failure data and laboratory test results to determine causes of problems and develop solutions.,17-2131.00,2146,"Sivilingeniører (geofag, petro-leumsteknologi, metallurgi mv.)",0.0021,E2,0.5,,,,
855,8,"Utdanninger i elektrofag, mekaniske fag og maskinfag",6,9013,Guide technical staff in developing materials for specific uses in projected products or devices.,17-2131.00,2146,"Sivilingeniører (geofag, petro-leumsteknologi, metallurgi mv.)",0.0021,E2,0.5,,,,
855,8,"Utdanninger i elektrofag, mekaniske fag og maskinfag",7,9004,Design and direct the testing or control of processing procedures.,17-2131.00,2146,"Sivilingeniører (geofag, petro-leumsteknologi, metallurgi mv.)",0.0021,E2,0.5,,,,
855,8,"Utdanninger i elektrofag, mekaniske fag og maskinfag",8,21975,"Modify, maintain, or repair electronics equipment or systems to ensure proper functioning.",17-3023.00,3114,Elektronikkingeniører,0.002,E0,0.0,,,,
855,8,"Utdanninger i elektrofag, mekaniske fag og maskinfag",9,21977,"Set up and operate specialized or standard test equipment to diagnose, test, or analyze the performance of electronic components, assemblies, or systems.",17-3023.00,3114,Elektronikkingeniører,0.0019,E0,0.0,0.0105,82,0.5488,1.0
855,8,"Utdanninger i elektrofag, mekaniske fag og maskinfag",10,14629,"Conduct logical analyses of business, scientific, engineering, and other technical problems, formulating mathematical models of problems for solution by computers.",15-1221.00,2511,Systemanalytikere/-arkitekter,0.0019,E1,1.0,0.5036,4962,0.371,0.7254
857,8,Bygg- og anleggsfag,1,19610,"Direct engineering activities, ensuring compliance with environmental, safety, or other governmental regulations.",17-2051.00,2142,Sivilingeniører (bygg og anlegg),0.0182,E2,0.5,,,,
857,8,Bygg- og anleggsfag,2,148,Inspect project sites to monitor progress and ensure conformance to design specifications and safety or sanitation standards.,17-2051.00,2142,Sivilingeniører (bygg og anlegg),0.0172,E0,0.0,0.0036,15,0.0,1.0
857,8,Bygg- og anleggsfag,3,151,"Estimate quantities and cost of materials, equipment, or labor to determine project feasibility.",17-2051.00,2142,Sivilingeniører (bygg og anlegg),0.0152,E2,0.5,,,,
857,8,Bygg- og anleggsfag,4,20483,Develop final construction plans that include aesthetic representations of the structure or details for its construction.,17-1011.00,2161,Sivilarkitekter,0.0036,E2,0.5,,,,
857,8,Bygg- og anleggsfag,5,20479,"Prepare scale drawings or architectural designs, using computer-aided design or other tools.",17-1011.00,2161,Sivilarkitekter,0.0035,E2,0.5,0.0073,67,0.3881,
857,8,Bygg- og anleggsfag,6,130,"Prepare information regarding design, structure specifications, materials, color, equipment, estimated costs, or construction time.",17-1011.00,2161,Sivilarkitekter,0.0035,E2,0.5,0.0227,214,0.3785,1.0
857,8,Bygg- og anleggsfag,7,6882,"Design complex graphics and animation, using independent judgment, creativity, and computer equipment.",27-1014.00,2166,Grafiske- og multimediadesignere,0.0011,E2,0.5,0.0704,687,0.441,
857,8,Bygg- og anleggsfag,8,16575,"Conduct engineering site audits to collect structural, electrical, and related site information for use in the design of residential or commercial solar power systems.",17-2199.11,2149,Andre sivilingeniører (unntatt elektroteknologi),0.001,E2,0.5,,,,
857,8,Bygg- og anleggsfag,9,16571,"Create plans for solar energy system development, monitoring, and evaluation activities.",17-2199.11,2149,Andre sivilingeniører (unntatt elektroteknologi),0.001,E2,0.5,,,,
857,8,Bygg- og anleggsfag,10,16559,"Create or maintain wind farm layouts, schematics, or other visual documentation for wind farms.",17-2199.10,2149,Andre sivilingeniører (unntatt elektroteknologi),0.001,E2,0.5,,,,
859,8,"Naturvitenskapelige fag, håndverksfag og tekniske fag, andre",1,19610,"Direct engineering activities, ensuring compliance with environmental, safety, or other governmental regulations.",17-2051.00,2142,Sivilingeniører (bygg og anlegg),0.0022,E2,0.5,,,,
859,8,"Naturvitenskapelige fag, håndverksfag og tekniske fag, andre",2,148,Inspect project sites to monitor progress and ensure conformance to design specifications and safety or sanitation standards.,17-2051.00,2142,Sivilingeniører (bygg og anlegg),0.0021,E0,0.0,0.0036,15,0.0,1.0
859,8,"Naturvitenskapelige fag, håndverksfag og tekniske fag, andre",3,9087,"Conduct research on the structures and properties of materials, such as metals, alloys, polymers, and ceramics, to obtain information that could be used to develop new products or enhance existing ones.",19-2032.00,2146,"Sivilingeniører (geofag, petro-leumsteknologi, metallurgi mv.)",0.0019,E2,0.5,,,,
859,8,"Naturvitenskapelige fag, håndverksfag og tekniske fag, andre",4,14623,Analyze problems to develop solutions involving computer hardware and software.,15-1221.00,2511,Systemanalytikere/-arkitekter,0.0019,E1,1.0,0.0073,58,0.5862,1.0
859,8,"Naturvitenskapelige fag, håndverksfag og tekniske fag, andre",5,151,"Estimate quantities and cost of materials, equipment, or labor to determine project feasibility.",17-2051.00,2142,Sivilingeniører (bygg og anlegg),0.0019,E2,0.5,,,,
859,8,"Naturvitenskapelige fag, håndverksfag og tekniske fag, andre",6,20214,"Prepare reports, manuscripts, proposals, and technical manuals for use by other scientists and requestors, such as sponsors and customers.",19-2032.00,2146,"Sivilingeniører (geofag, petro-leumsteknologi, metallurgi mv.)",0.0018,E1,1.0,0.0736,712,0.5197,0.8336
859,8,"Naturvitenskapelige fag, håndverksfag og tekniske fag, andre",7,9090,Determine ways to strengthen or combine materials or develop new materials with new or specific properties for use in a variety of products and applications.,19-2032.00,2146,"Sivilingeniører (geofag, petro-leumsteknologi, metallurgi mv.)",0.0018,E2,0.5,,,,
859,8,"Naturvitenskapelige fag, håndverksfag og tekniske fag, andre",8,14629,"Conduct logical analyses of business, scientific, engineering, and other technical problems, formulating mathematical models of problems for solution by computers.",15-1221.00,2511,Systemanalytikere/-arkitekter,0.0015,E1,1.0,0.5036,4962,0.371,0.7254
859,8,"Naturvitenskapelige fag, håndverksfag og tekniske fag, andre",9,14626,"Apply theoretical expertise and innovation to create or apply new technology, such as adapting principles for applying computers to new uses.",15-1221.00,2511,Systemanalytikere/-arkitekter,0.0015,E1,1.0,,,,
859,8,"Naturvitenskapelige fag, håndverksfag og tekniske fag, andre",10,34,"Review processing schedules or production orders to make decisions concerning inventory requirements, staffing requirements, work procedures, or duty assignments, considering budgetary limitations and time constraints.",11-3051.00,1321,Ledere av industriproduksjon mv.,0.0012,E2,0.5,,,,
863,8,Medisin,1,46,"Direct, supervise and evaluate work activities of medical, nursing, technical, clerical, service, maintenance, and other personnel.",11-9111.00,1342,Ledere av helsetjenester,0.0057,E2,0.5,,,,
863,8,Medisin,2,52,"Establish work schedules and assignments for staff, according to workload, space, and equipment availability.",11-9111.00,1342,Ledere av helsetjenester,0.0053,E2,0.5,,,,
863,8,Medisin,3,49,"Develop and maintain computerized record management systems to store and process data, such as personnel activities and information, and to produce reports.",11-9111.00,1342,Ledere av helsetjenester,0.0052,E2,0.5,0.0095,79,0.6456,1.0
863,8,Medisin,4,1828,"Prescribe, direct, or administer psychotherapeutic treatments or medications to treat mental, emotional, or behavioral disorders.",29-1223.00,2212,Legespesialister,0.0026,E2,0.5,,,,
863,8,Medisin,5,1830,"Gather and maintain patient information and records, including social or medical history obtained from patients, relatives, or other professionals.",29-1223.00,2212,Legespesialister,0.0025,E2,0.5,,,,1.0
863,8,Medisin,6,1832,"Design individualized care plans, using a variety of treatments.",29-1223.00,2212,Legespesialister,0.0024,E2,0.5,,,,
863,8,Medisin,7,15981,"Develop sustainability project goals, objectives, initiatives, or strategies in collaboration with other sustainability professionals.",13-1199.05,2422,Høyere saksbehandlere i offentlig og privat virksomhet,0.001,E2,0.5,0.0029,21,1.0,
863,8,Medisin,8,15980,"Monitor or track sustainability indicators, such as energy usage, natural resource usage, waste generation, and recycling.",13-1199.05,2422,Høyere saksbehandlere i offentlig og privat virksomhet,0.0009,E2,0.5,,,,
863,8,Medisin,9,18535,"Set up, maintain, calibrate, clean, and test sterility of medical laboratory equipment.",29-2012.00,3212,Bioingeniører,0.0009,E0,0.0,,,,
863,8,Medisin,10,15979,"Assess or propose sustainability initiatives, considering factors such as cost effectiveness, technical feasibility, and acceptance.",13-1199.05,2422,Høyere saksbehandlere i offentlig og privat virksomhet,0.0009,E2,0.5,,,,
864,8,Tannhelsefag,1,23996,Examine patients to diagnose oral health conditions and diseases.,29-1024.00,2261,Tannleger,0.0099,,,,,,
864,8,Tannhelsefag,2,9370,Administer general and local anesthetics.,29-1022.00,2261,Tannleger,0.0098,E0,0.0,,,,
864,8,Tannhelsefag,3,7743,"Fit prostheses to patients, making any necessary adjustments and modifications.",29-1024.00,2261,Tannleger,0.0097,E0,0.0,,,,
864,8,Tannhelsefag,4,10956,"Evaluate and grade examinations, assignments, or papers, and record grades.",25-9044.00,2310,Universitets- og høyskolelektorer/-lærere,0.0011,E2,0.5,0.0073,56,0.2857,0.5053
864,8,Tannhelsefag,5,10965,Teach undergraduate-level courses.,25-9044.00,2310,Universitets- og høyskolelektorer/-lærere,0.001,E2,0.5,0.0351,332,0.1837,1.0
864,8,Tannhelsefag,6,10967,"Develop teaching materials, such as syllabi, visual aids, answer keys, supplementary notes, or course Web sites.",25-9044.00,2310,Universitets- og høyskolelektorer/-lærere,0.0009,E1,1.0,0.0837,820,0.528,0.8324
864,8,Tannhelsefag,7,15981,"Develop sustainability project goals, objectives, initiatives, or strategies in collaboration with other sustainability professionals.",13-1199.05,2422,Høyere saksbehandlere i offentlig og privat virksomhet,0.0007,E2,0.5,0.0029,21,1.0,
864,8,Tannhelsefag,8,15980,"Monitor or track sustainability indicators, such as energy usage, natural resource usage, waste generation, and recycling.",13-1199.05,2422,Høyere saksbehandlere i offentlig og privat virksomhet,0.0007,E2,0.5,,,,
864,8,Tannhelsefag,9,15979,"Assess or propose sustainability initiatives, considering factors such as cost effectiveness, technical feasibility, and acceptance.",13-1199.05,2422,Høyere saksbehandlere i offentlig og privat virksomhet,0.0007,E2,0.5,,,,
864,8,Tannhelsefag,10,16575,"Conduct engineering site audits to collect structural, electrical, and related site information for use in the design of residential or commercial solar power systems.",17-2199.11,2149,Andre sivilingeniører (unntatt elektroteknologi),0.0004,E2,0.5,,,,
867,8,Veterinærfag,1,4107,"Treat sick or injured animals by prescribing medication, setting bones, dressing wounds, or performing surgery.",29-1131.00,2250,Veterinærer,0.0153,E0,0.0,,,,
867,8,Veterinærfag,2,4106,Examine animals to detect and determine the nature of diseases or injuries.,29-1131.00,2250,Veterinærer,0.015,E0,0.0,,,,
867,8,Veterinærfag,3,4108,"Inoculate animals against various diseases, such as rabies or distemper.",29-1131.00,2250,Veterinærer,0.015,E0,0.0,,,,
867,8,Veterinærfag,4,34,"Review processing schedules or production orders to make decisions concerning inventory requirements, staffing requirements, work procedures, or duty assignments, considering budgetary limitations and time constraints.",11-3051.00,1321,Ledere av industriproduksjon mv.,0.0022,E2,0.5,,,,
867,8,Veterinærfag,5,32,"Direct or coordinate production, processing, distribution, or marketing activities of industrial organizations.",11-3051.00,1321,Ledere av industriproduksjon mv.,0.0021,E2,0.5,,,,
867,8,Veterinærfag,6,35,Review operations and confer with technical or administrative staff to resolve production or processing problems.,11-3051.00,1321,Ledere av industriproduksjon mv.,0.0021,E2,0.5,,,,
867,8,Veterinærfag,7,20170,Manage the coordination and overall integration of technical activities in architecture or engineering projects.,11-9041.00,1223,Forsknings- og utviklingsledere,0.002,E2,0.5,,,,
867,8,Veterinærfag,8,7207,"Design or coordinate successive phases of problem analysis, solution proposals, or testing.",11-9121.00,1223,Forsknings- og utviklingsledere,0.002,E2,0.5,,,,
867,8,Veterinærfag,9,7208,"Review project activities and prepare and review research, testing, or operational reports.",11-9121.00,1223,Forsknings- og utviklingsledere,0.002,E2,0.5,0.0054,23,1.0,1.0
867,8,Veterinærfag,10,15981,"Develop sustainability project goals, objectives, initiatives, or strategies in collaboration with other sustainability professionals.",13-1199.05,2422,Høyere saksbehandlere i offentlig og privat virksomhet,0.0015,E2,0.5,0.0029,21,1.0,
868,8,Idrettsfag,1,10956,"Evaluate and grade examinations, assignments, or papers, and record grades.",25-9044.00,2310,Universitets- og høyskolelektorer/-lærere,0.0016,E2,0.5,0.0073,56,0.2857,0.5053
868,8,Idrettsfag,2,10965,Teach undergraduate-level courses.,25-9044.00,2310,Universitets- og høyskolelektorer/-lærere,0.0015,E2,0.5,0.0351,332,0.1837,1.0
868,8,Idrettsfag,3,10967,"Develop teaching materials, such as syllabi, visual aids, answer keys, supplementary notes, or course Web sites.",25-9044.00,2310,Universitets- og høyskolelektorer/-lærere,0.0014,E1,1.0,0.0837,820,0.528,0.8324
868,8,Idrettsfag,4,20170,Manage the coordination and overall integration of technical activities in architecture or engineering projects.,11-9041.00,1223,Forsknings- og utviklingsledere,0.0014,E2,0.5,,,,
868,8,Idrettsfag,5,7207,"Design or coordinate successive phases of problem analysis, solution proposals, or testing.",11-9121.00,1223,Forsknings- og utviklingsledere,0.0014,E2,0.5,,,,
868,8,Idrettsfag,6,7208,"Review project activities and prepare and review research, testing, or operational reports.",11-9121.00,1223,Forsknings- og utviklingsledere,0.0014,E2,0.5,0.0054,23,1.0,1.0
868,8,Idrettsfag,7,3909,"Officiate at sporting events, games, or competitions, to maintain standards of play and to ensure that game rules are observed.",27-2023.00,3422,Trenere og idrettsdommere,0.0014,E0,0.0,,,,
868,8,Idrettsfag,8,3920,Teach and explain the rules and regulations governing a specific sport.,27-2023.00,3422,Trenere og idrettsdommere,0.0011,E1,1.0,0.0059,41,0.0,
868,8,Idrettsfag,9,3919,"Confer with other sporting officials, coaches, players, and facility managers to provide information, coordinate activities, and discuss problems.",27-2023.00,3422,Trenere og idrettsdommere,0.0011,E0,0.0,,,,
868,8,Idrettsfag,10,5238,Participate in faculty and college committee activities.,11-9033.00,1345,Ledere av utdanning og undervisning,0.0008,E0,0.0,,,,
869,8,"Helse-, sosial- og idrettsfag, andre",1,46,"Direct, supervise and evaluate work activities of medical, nursing, technical, clerical, service, maintenance, and other personnel.",11-9111.00,1342,Ledere av helsetjenester,0.0026,E2,0.5,,,,
869,8,"Helse-, sosial- og idrettsfag, andre",2,52,"Establish work schedules and assignments for staff, according to workload, space, and equipment availability.",11-9111.00,1342,Ledere av helsetjenester,0.0024,E2,0.5,,,,
869,8,"Helse-, sosial- og idrettsfag, andre",3,49,"Develop and maintain computerized record management systems to store and process data, such as personnel activities and information, and to produce reports.",11-9111.00,1342,Ledere av helsetjenester,0.0023,E2,0.5,0.0095,79,0.6456,1.0
869,8,"Helse-, sosial- og idrettsfag, andre",4,1828,"Prescribe, direct, or administer psychotherapeutic treatments or medications to treat mental, emotional, or behavioral disorders.",29-1223.00,2212,Legespesialister,0.0016,E2,0.5,,,,
869,8,"Helse-, sosial- og idrettsfag, andre",5,17106,"Diagnose, treat, or provide continuous care to hospital inpatients.",29-1229.02,2212,Legespesialister,0.0016,E2,0.5,,,,
869,8,"Helse-, sosial- og idrettsfag, andre",6,17102,Prescribe medications or treatment regimens to hospital inpatients.,29-1229.02,2212,Legespesialister,0.0016,E2,0.5,,,,
869,8,"Helse-, sosial- og idrettsfag, andre",7,20578,Listen and provide emotional support and encouragement to psychiatric patients.,31-1133.00,5321,Helsefagarbeidere,0.0015,E0,0.0,0.0071,34,0.0,
869,8,"Helse-, sosial- og idrettsfag, andre",8,18696,Complete physical checks and monitor patients to detect unusual or harmful behavior and report observations to professional staff.,31-1133.00,5321,Helsefagarbeidere,0.0014,E0,0.0,,,,
869,8,"Helse-, sosial- og idrettsfag, andre",9,2005,Maintain patients' restrictions to assigned areas.,31-1133.00,5321,Helsefagarbeidere,0.0013,E0,0.0,,,,
869,8,"Helse-, sosial- og idrettsfag, andre",10,20699,"Review financial statements, sales or activity reports, or other performance data to measure productivity or goal achievement or to identify areas needing cost reduction or program improvement.",11-1021.00,1420,Varehandelssjefer,0.0013,E2,0.5,0.0243,223,0.4305,0.8399
879,8,"Primærnæringsfag, andre",1,10976,"Advise farmers and demonstrate techniques in areas such as feeding and health maintenance of livestock, growing and harvesting practices, and financial planning.",25-9021.00,2132,Sivilagronomer mv.,0.0028,E0,0.0,0.0077,74,0.2432,
879,8,"Primærnæringsfag, andre",2,10975,"Conduct classes or deliver lectures on subjects such as nutrition, home management, and farming techniques.",25-9021.00,2132,Sivilagronomer mv.,0.0028,E2,0.5,,,,
879,8,"Primærnæringsfag, andre",3,10974,Collaborate with producers to diagnose and prevent management and production problems.,25-9021.00,2132,Sivilagronomer mv.,0.0028,E2,0.5,,,,
879,8,"Primærnæringsfag, andre",4,20170,Manage the coordination and overall integration of technical activities in architecture or engineering projects.,11-9041.00,1223,Forsknings- og utviklingsledere,0.0023,E2,0.5,,,,
879,8,"Primærnæringsfag, andre",5,7207,"Design or coordinate successive phases of problem analysis, solution proposals, or testing.",11-9121.00,1223,Forsknings- og utviklingsledere,0.0023,E2,0.5,,,,
879,8,"Primærnæringsfag, andre",6,7208,"Review project activities and prepare and review research, testing, or operational reports.",11-9121.00,1223,Forsknings- og utviklingsledere,0.0023,E2,0.5,0.0054,23,1.0,1.0
879,8,"Primærnæringsfag, andre",7,19610,"Direct engineering activities, ensuring compliance with environmental, safety, or other governmental regulations.",17-2051.00,2142,Sivilingeniører (bygg og anlegg),0.0019,E2,0.5,,,,
879,8,"Primærnæringsfag, andre",8,148,Inspect project sites to monitor progress and ensure conformance to design specifications and safety or sanitation standards.,17-2051.00,2142,Sivilingeniører (bygg og anlegg),0.0018,E0,0.0,0.0036,15,0.0,1.0
879,8,"Primærnæringsfag, andre",9,15981,"Develop sustainability project goals, objectives, initiatives, or strategies in collaboration with other sustainability professionals.",13-1199.05,2422,Høyere saksbehandlere i offentlig og privat virksomhet,0.0017,E2,0.5,0.0029,21,1.0,
879,8,"Primærnæringsfag, andre",10,15980,"Monitor or track sustainability indicators, such as energy usage, natural resource usage, waste generation, and recycling.",13-1199.05,2422,Høyere saksbehandlere i offentlig og privat virksomhet,0.0016,E2,0.5,,,,
