group,level,group_name,cohort,rank,styrk08,styrk08_name,share,quintile_v1,quintile_v2,automation_chat
301,3,Allmenne fag,all,1,9112,Renholdere i virksomheter,0.1105,1,1,0.46875
301,3,Allmenne fag,all,2,5321,Helsefagarbeidere,0.0853,1,2,0.1875
301,3,Allmenne fag,all,3,5223,Butikkmedarbeidere,0.0778,3,3,0.449861
301,3,Allmenne fag,all,4,5311,Barnehage- og skolefritidsassistenter mv.,0.069,2,3,0.572124
301,3,Allmenne fag,all,5,5329,Andre pleiemedarbeidere,0.0645,3,2,0.278788
301,3,Allmenne fag,all,6,4110,Kontormedarbeidere,0.0385,5,5,0.670689
301,3,Allmenne fag,all,7,9412,Kjøkkenassistenter,0.0305,1,1,0.228
301,3,Allmenne fag,all,8,8331,Bussjåfører og trikkeførere,0.0296,4,2,0.728593
301,3,Allmenne fag,all,9,4321,Lagermedarbeidere og material-forvaltere,0.0265,3,3,0.585239
301,3,Allmenne fag,all,10,8322,"Bil-, drosje- og varebilførere",0.0256,3,2,0.795414
316,3,Bildende kunst og kunsthåndverk,all,1,5223,Butikkmedarbeidere,0.201,3,3,0.449861
316,3,Bildende kunst og kunsthåndverk,all,2,5311,Barnehage- og skolefritidsassistenter mv.,0.1005,2,3,0.572124
316,3,Bildende kunst og kunsthåndverk,all,3,5329,Andre pleiemedarbeidere,0.0946,3,2,0.278788
316,3,Bildende kunst og kunsthåndverk,all,4,4110,Kontormedarbeidere,0.0917,5,5,0.670689
316,3,Bildende kunst og kunsthåndverk,all,5,5321,Helsefagarbeidere,0.0653,1,2,0.1875
316,3,Bildende kunst og kunsthåndverk,all,6,9112,Renholdere i virksomheter,0.0587,1,1,0.46875
316,3,Bildende kunst og kunsthåndverk,all,7,1420,Varehandelssjefer,0.044,4,5,0.431373
316,3,Bildende kunst og kunsthåndverk,all,8,5312,Skoleassistenter,0.0315,3,1,0.412884
316,3,Bildende kunst og kunsthåndverk,all,9,2422,Høyere saksbehandlere i offentlig og privat virksomhet,0.0286,5,5,0.450311
316,3,Bildende kunst og kunsthåndverk,all,10,3322,Selgere (engros),0.0249,5,5,0.398974
341,3,Økonomisk-administrative fag,all,1,4110,Kontormedarbeidere,0.0835,5,5,0.670689
341,3,Økonomisk-administrative fag,all,2,5223,Butikkmedarbeidere,0.0824,3,3,0.449861
341,3,Økonomisk-administrative fag,all,3,2422,Høyere saksbehandlere i offentlig og privat virksomhet,0.0499,5,5,0.450311
341,3,Økonomisk-administrative fag,all,4,3322,Selgere (engros),0.049,5,5,0.398974
341,3,Økonomisk-administrative fag,all,5,1420,Varehandelssjefer,0.0477,4,5,0.431373
341,3,Økonomisk-administrative fag,all,6,4311,Regnskapsmedarbeidere,0.0432,5,5,0.473857
341,3,Økonomisk-administrative fag,all,7,3313,Regnskapsførere,0.0334,5,5,0.535417
341,3,Økonomisk-administrative fag,all,8,5311,Barnehage- og skolefritidsassistenter mv.,0.0318,2,3,0.572124
341,3,Økonomisk-administrative fag,all,9,1120,Administrerende direktører,0.0269,4,5,0.371125
341,3,Økonomisk-administrative fag,all,10,5329,Andre pleiemedarbeidere,0.0265,3,2,0.278788
342,3,Handel og markedsføring,all,1,5223,Butikkmedarbeidere,0.1552,3,3,0.449861
342,3,Handel og markedsføring,all,2,1420,Varehandelssjefer,0.1023,4,5,0.431373
342,3,Handel og markedsføring,all,3,3322,Selgere (engros),0.0794,5,5,0.398974
342,3,Handel og markedsføring,all,4,4110,Kontormedarbeidere,0.0614,5,5,0.670689
342,3,Handel og markedsføring,all,5,5329,Andre pleiemedarbeidere,0.0614,3,2,0.278788
342,3,Handel og markedsføring,all,6,1120,Administrerende direktører,0.0578,4,5,0.371125
342,3,Handel og markedsføring,all,7,5311,Barnehage- og skolefritidsassistenter mv.,0.0542,2,3,0.572124
342,3,Handel og markedsføring,all,8,4311,Regnskapsmedarbeidere,0.0433,5,5,0.473857
342,3,Handel og markedsføring,all,9,5153,Vaktmestre,0.0313,1,1,
342,3,Handel og markedsføring,all,10,2422,Høyere saksbehandlere i offentlig og privat virksomhet,0.0313,5,5,0.450311
343,3,Kontorfag,all,1,4110,Kontormedarbeidere,0.1283,5,5,0.670689
343,3,Kontorfag,all,2,5223,Butikkmedarbeidere,0.1064,3,3,0.449861
343,3,Kontorfag,all,3,2422,Høyere saksbehandlere i offentlig og privat virksomhet,0.0548,5,5,0.450311
343,3,Kontorfag,all,4,5329,Andre pleiemedarbeidere,0.0548,3,2,0.278788
343,3,Kontorfag,all,5,5311,Barnehage- og skolefritidsassistenter mv.,0.0517,2,3,0.572124
343,3,Kontorfag,all,6,4311,Regnskapsmedarbeidere,0.0439,5,5,0.473857
343,3,Kontorfag,all,7,3313,Regnskapsførere,0.0336,5,5,0.535417
343,3,Kontorfag,all,8,3322,Selgere (engros),0.0307,5,5,0.398974
343,3,Kontorfag,all,9,1420,Varehandelssjefer,0.0296,4,5,0.431373
343,3,Kontorfag,all,10,3343,Sjefssekretærer,0.0214,5,4,0.701211
349,3,"Økonomiske og administrative fag, andre",all,1,3312,Kundebehandlere lån og kreditt,0.1871,5,5,0.304565
349,3,"Økonomiske og administrative fag, andre",all,2,4110,Kontormedarbeidere,0.0781,5,5,0.670689
349,3,"Økonomiske og administrative fag, andre",all,3,5223,Butikkmedarbeidere,0.0661,3,3,0.449861
349,3,"Økonomiske og administrative fag, andre",all,4,2412,Finans- og investeringsrådgivere,0.0549,4,5,0.430812
349,3,"Økonomiske og administrative fag, andre",all,5,9112,Renholdere i virksomheter,0.0438,1,1,0.46875
349,3,"Økonomiske og administrative fag, andre",all,6,5329,Andre pleiemedarbeidere,0.0395,3,2,0.278788
349,3,"Økonomiske og administrative fag, andre",all,7,3313,Regnskapsførere,0.0369,5,5,0.535417
349,3,"Økonomiske og administrative fag, andre",all,8,4311,Regnskapsmedarbeidere,0.0361,5,5,0.473857
349,3,"Økonomiske og administrative fag, andre",all,9,2422,Høyere saksbehandlere i offentlig og privat virksomhet,0.0361,5,5,0.450311
349,3,"Økonomiske og administrative fag, andre",all,10,5311,Barnehage- og skolefritidsassistenter mv.,0.03,2,3,0.572124
354,3,Informasjons- og datateknologi,all,1,4110,Kontormedarbeidere,0.1195,5,5,0.670689
354,3,Informasjons- og datateknologi,all,2,2511,Systemanalytikere/-arkitekter,0.07,5,5,0.341622
354,3,Informasjons- og datateknologi,all,3,3322,Selgere (engros),0.0671,5,5,0.398974
354,3,Informasjons- og datateknologi,all,4,2422,Høyere saksbehandlere i offentlig og privat virksomhet,0.0671,5,5,0.450311
354,3,Informasjons- og datateknologi,all,5,5223,Butikkmedarbeidere,0.0583,3,3,0.449861
354,3,Informasjons- og datateknologi,all,6,2519,Andre programvare- og applikasjonsutviklere,0.0466,5,5,0.503293
354,3,Informasjons- og datateknologi,all,7,3511,"Driftsteknikere, IKT",0.0379,5,5,0.53735
354,3,Informasjons- og datateknologi,all,8,1330,Ledere av IKT-enheter,0.0379,5,5,0.357977
354,3,Informasjons- og datateknologi,all,9,4321,Lagermedarbeidere og material-forvaltere,0.0379,3,3,0.585239
354,3,Informasjons- og datateknologi,all,10,1420,Varehandelssjefer,0.0321,4,5,0.431373
355,3,"Utdanninger i elektrofag, mekaniske fag og maskinfag",all,1,8332,Lastebil- og trailersjåfører,0.0562,3,3,0.703704
355,3,"Utdanninger i elektrofag, mekaniske fag og maskinfag",all,2,3322,Selgere (engros),0.05,5,5,0.398974
355,3,"Utdanninger i elektrofag, mekaniske fag og maskinfag",all,3,5223,Butikkmedarbeidere,0.048,3,3,0.449861
355,3,"Utdanninger i elektrofag, mekaniske fag og maskinfag",all,4,5153,Vaktmestre,0.0431,1,1,
355,3,"Utdanninger i elektrofag, mekaniske fag og maskinfag",all,5,4321,Lagermedarbeidere og material-forvaltere,0.0389,3,3,0.585239
355,3,"Utdanninger i elektrofag, mekaniske fag og maskinfag",all,6,7233,Anleggsmaskin- og industrimekanikere,0.0344,2,2,0.596919
355,3,"Utdanninger i elektrofag, mekaniske fag og maskinfag",all,7,1120,Administrerende direktører,0.0332,4,5,0.371125
355,3,"Utdanninger i elektrofag, mekaniske fag og maskinfag",all,8,8331,Bussjåfører og trikkeførere,0.0279,4,2,0.728593
355,3,"Utdanninger i elektrofag, mekaniske fag og maskinfag",all,9,1420,Varehandelssjefer,0.0258,4,5,0.431373
355,3,"Utdanninger i elektrofag, mekaniske fag og maskinfag",all,10,3119,Andre ingeniører,0.0256,3,3,0.505172
357,3,Bygg- og anleggsfag,all,1,7115,Tømrere og snekkere,0.0781,2,2,
357,3,Bygg- og anleggsfag,all,2,5153,Vaktmestre,0.0515,1,1,
357,3,Bygg- og anleggsfag,all,3,3322,Selgere (engros),0.0501,5,5,0.398974
357,3,Bygg- og anleggsfag,all,4,5223,Butikkmedarbeidere,0.0481,3,3,0.449861
357,3,Bygg- og anleggsfag,all,5,8332,Lastebil- og trailersjåfører,0.0469,3,3,0.703704
357,3,Bygg- og anleggsfag,all,6,4321,Lagermedarbeidere og material-forvaltere,0.0379,3,3,0.585239
357,3,Bygg- og anleggsfag,all,7,8342,Anleggsmaskinførere,0.0368,1,1,
357,3,Bygg- og anleggsfag,all,8,1323,Ledere av bygge- og anleggsvirksomhet,0.032,4,3,0.344482
357,3,Bygg- og anleggsfag,all,9,7126,Rørleggere og VVS-montører,0.0286,1,1,0.559557
357,3,Bygg- og anleggsfag,all,10,1120,Administrerende direktører,0.028,4,5,0.371125
358,3,Fabrikasjon og utvinning,all,1,5223,Butikkmedarbeidere,0.1061,3,3,0.449861
358,3,Fabrikasjon og utvinning,all,2,5120,Kokker,0.0937,2,2,0.325445
358,3,Fabrikasjon og utvinning,all,3,5311,Barnehage- og skolefritidsassistenter mv.,0.0564,2,3,0.572124
358,3,Fabrikasjon og utvinning,all,4,3322,Selgere (engros),0.0444,5,5,0.398974
358,3,Fabrikasjon og utvinning,all,5,9112,Renholdere i virksomheter,0.0439,1,1,0.46875
358,3,Fabrikasjon og utvinning,all,6,5329,Andre pleiemedarbeidere,0.0431,3,2,0.278788
358,3,Fabrikasjon og utvinning,all,7,1420,Varehandelssjefer,0.0386,4,5,0.431373
358,3,Fabrikasjon og utvinning,all,8,9412,Kjøkkenassistenter,0.0346,1,1,0.228
358,3,Fabrikasjon og utvinning,all,9,7115,Tømrere og snekkere,0.0342,2,2,
358,3,Fabrikasjon og utvinning,all,10,4110,Kontormedarbeidere,0.0311,5,5,0.670689
359,3,"Naturvitenskapelige fag, håndverksfag og tekniske fag, andre",all,1,7115,Tømrere og snekkere,0.0774,2,2,
359,3,"Naturvitenskapelige fag, håndverksfag og tekniske fag, andre",all,2,9112,Renholdere i virksomheter,0.0561,1,1,0.46875
359,3,"Naturvitenskapelige fag, håndverksfag og tekniske fag, andre",all,3,5223,Butikkmedarbeidere,0.0392,3,3,0.449861
359,3,"Naturvitenskapelige fag, håndverksfag og tekniske fag, andre",all,4,5153,Vaktmestre,0.0373,1,1,
359,3,"Naturvitenskapelige fag, håndverksfag og tekniske fag, andre",all,5,7126,Rørleggere og VVS-montører,0.0324,1,1,0.559557
359,3,"Naturvitenskapelige fag, håndverksfag og tekniske fag, andre",all,6,8331,Bussjåfører og trikkeførere,0.0319,4,2,0.728593
359,3,"Naturvitenskapelige fag, håndverksfag og tekniske fag, andre",all,7,1120,Administrerende direktører,0.03,4,5,0.371125
359,3,"Naturvitenskapelige fag, håndverksfag og tekniske fag, andre",all,8,8332,Lastebil- og trailersjåfører,0.0257,3,3,0.703704
359,3,"Naturvitenskapelige fag, håndverksfag og tekniske fag, andre",all,9,7233,Anleggsmaskin- og industrimekanikere,0.0242,2,2,0.596919
359,3,"Naturvitenskapelige fag, håndverksfag og tekniske fag, andre",all,10,4321,Lagermedarbeidere og material-forvaltere,0.0242,3,3,0.585239
361,3,Pleie- og omsorgsfag,all,1,5321,Helsefagarbeidere,0.6962,1,2,0.1875
361,3,Pleie- og omsorgsfag,all,2,5311,Barnehage- og skolefritidsassistenter mv.,0.0555,2,3,0.572124
361,3,Pleie- og omsorgsfag,all,3,4110,Kontormedarbeidere,0.0302,5,5,0.670689
361,3,Pleie- og omsorgsfag,all,4,5329,Andre pleiemedarbeidere,0.0273,3,2,0.278788
361,3,Pleie- og omsorgsfag,all,5,5223,Butikkmedarbeidere,0.026,3,3,0.449861
361,3,Pleie- og omsorgsfag,all,6,9112,Renholdere i virksomheter,0.0148,1,1,0.46875
361,3,Pleie- og omsorgsfag,all,7,2422,Høyere saksbehandlere i offentlig og privat virksomhet,0.0145,5,5,0.450311
361,3,Pleie- og omsorgsfag,all,8,5322,Hjemmehjelper,0.0109,1,3,0.344326
361,3,Pleie- og omsorgsfag,all,9,5312,Skoleassistenter,0.0099,3,1,0.412884
361,3,Pleie- og omsorgsfag,all,10,1420,Varehandelssjefer,0.0083,4,5,0.431373
362,3,Sosialfag,all,1,5311,Barnehage- og skolefritidsassistenter mv.,0.5346,2,3,0.572124
362,3,Sosialfag,all,2,5223,Butikkmedarbeidere,0.0619,3,3,0.449861
362,3,Sosialfag,all,3,5321,Helsefagarbeidere,0.0545,1,2,0.1875
362,3,Sosialfag,all,4,5329,Andre pleiemedarbeidere,0.0487,3,2,0.278788
362,3,Sosialfag,all,5,9112,Renholdere i virksomheter,0.0386,1,1,0.46875
362,3,Sosialfag,all,6,4110,Kontormedarbeidere,0.036,5,5,0.670689
362,3,Sosialfag,all,7,5312,Skoleassistenter,0.0227,3,1,0.412884
362,3,Sosialfag,all,8,1420,Varehandelssjefer,0.0159,4,5,0.431373
362,3,Sosialfag,all,9,9412,Kjøkkenassistenter,0.0159,1,1,0.228
362,3,Sosialfag,all,10,2342,Førskolelærere,0.0153,2,2,0.457528
368,3,Idrettsfag,all,1,5223,Butikkmedarbeidere,0.0846,3,3,0.449861
368,3,Idrettsfag,all,2,1420,Varehandelssjefer,0.0796,4,5,0.431373
368,3,Idrettsfag,all,3,3322,Selgere (engros),0.0647,5,5,0.398974
368,3,Idrettsfag,all,4,4110,Kontormedarbeidere,0.0647,5,5,0.670689
368,3,Idrettsfag,all,5,1120,Administrerende direktører,0.0547,4,5,0.371125
368,3,Idrettsfag,all,6,4321,Lagermedarbeidere og material-forvaltere,0.0431,3,3,0.585239
368,3,Idrettsfag,all,7,5311,Barnehage- og skolefritidsassistenter mv.,0.0415,2,3,0.572124
368,3,Idrettsfag,all,8,1221,Salgs- og markedssjefer,0.0348,4,5,0.422801
368,3,Idrettsfag,all,9,2422,Høyere saksbehandlere i offentlig og privat virksomhet,0.0348,5,5,0.450311
368,3,Idrettsfag,all,10,8332,Lastebil- og trailersjåfører,0.0282,3,3,0.703704
369,3,"Helse-, sosial- og idrettsfag, andre",all,1,5321,Helsefagarbeidere,0.1338,1,2,0.1875
369,3,"Helse-, sosial- og idrettsfag, andre",all,2,5329,Andre pleiemedarbeidere,0.1221,3,2,0.278788
369,3,"Helse-, sosial- og idrettsfag, andre",all,3,5311,Barnehage- og skolefritidsassistenter mv.,0.1202,2,3,0.572124
369,3,"Helse-, sosial- og idrettsfag, andre",all,4,5223,Butikkmedarbeidere,0.1178,3,3,0.449861
369,3,"Helse-, sosial- og idrettsfag, andre",all,5,4110,Kontormedarbeidere,0.0848,5,5,0.670689
369,3,"Helse-, sosial- og idrettsfag, andre",all,6,9112,Renholdere i virksomheter,0.0617,1,1,0.46875
369,3,"Helse-, sosial- og idrettsfag, andre",all,7,3256,Helsesekretærer,0.0396,3,2,0.231527
369,3,"Helse-, sosial- og idrettsfag, andre",all,8,5322,Hjemmehjelper,0.0316,1,3,0.344326
369,3,"Helse-, sosial- og idrettsfag, andre",all,9,2422,Høyere saksbehandlere i offentlig og privat virksomhet,0.0316,5,5,0.450311
369,3,"Helse-, sosial- og idrettsfag, andre",all,10,1420,Varehandelssjefer,0.025,4,5,0.431373
373,3,Gartneri og hagebruk,all,1,6113,Gartnere,0.287,2,2,0.777533
373,3,Gartneri og hagebruk,all,2,5223,Butikkmedarbeidere,0.0826,3,3,0.449861
373,3,Gartneri og hagebruk,all,3,5311,Barnehage- og skolefritidsassistenter mv.,0.0783,2,3,0.572124
373,3,Gartneri og hagebruk,all,4,1420,Varehandelssjefer,0.0696,4,5,0.431373
373,3,Gartneri og hagebruk,all,5,5153,Vaktmestre,0.0565,1,1,
373,3,Gartneri og hagebruk,all,6,1120,Administrerende direktører,0.0435,4,5,0.371125
373,3,Gartneri og hagebruk,all,7,3322,Selgere (engros),0.0348,5,5,0.398974
373,3,Gartneri og hagebruk,all,8,5329,Andre pleiemedarbeidere,0.0304,3,2,0.278788
373,3,Gartneri og hagebruk,all,9,8331,Bussjåfører og trikkeførere,0.0261,4,2,0.728593
373,3,Gartneri og hagebruk,all,10,8332,Lastebil- og trailersjåfører,0.0261,3,3,0.703704
379,3,"Primærnæringsfag, andre",all,1,8332,Lastebil- og trailersjåfører,0.072,3,3,0.703704
379,3,"Primærnæringsfag, andre",all,2,8342,Anleggsmaskinførere,0.0512,1,1,
379,3,"Primærnæringsfag, andre",all,3,6130,Plante- og husdyrprodusenter (kombinasjonsbruk),0.0497,2,2,0.0
379,3,"Primærnæringsfag, andre",all,4,5153,Vaktmestre,0.0479,1,1,
379,3,"Primærnæringsfag, andre",all,5,5223,Butikkmedarbeidere,0.0476,3,3,0.449861
379,3,"Primærnæringsfag, andre",all,6,6121,Melke- og husdyrprodusenter,0.036,2,2,0.0
379,3,"Primærnæringsfag, andre",all,7,8331,Bussjåfører og trikkeførere,0.036,4,2,0.728593
379,3,"Primærnæringsfag, andre",all,8,5329,Andre pleiemedarbeidere,0.0277,3,2,0.278788
379,3,"Primærnæringsfag, andre",all,9,5311,Barnehage- og skolefritidsassistenter mv.,0.0238,2,3,0.572124
379,3,"Primærnæringsfag, andre",all,10,1120,Administrerende direktører,0.0234,4,5,0.371125
381,3,Samferdsel,all,1,8311,Lokomotiv og T-baneførere,0.0952,3,2,0.788889
381,3,Samferdsel,all,2,5223,Butikkmedarbeidere,0.0672,3,3,0.449861
381,3,Samferdsel,all,3,8332,Lastebil- og trailersjåfører,0.056,3,3,0.703704
381,3,Samferdsel,all,4,5329,Andre pleiemedarbeidere,0.056,3,2,0.278788
381,3,Samferdsel,all,5,3152,Dekksoffiserer og loser,0.0476,3,3,1.0
381,3,Samferdsel,all,6,1324,Ledere av logistikk og transport mv.,0.0448,4,4,0.411458
381,3,Samferdsel,all,7,3322,Selgere (engros),0.0448,5,5,0.398974
381,3,Samferdsel,all,8,4321,Lagermedarbeidere og material-forvaltere,0.042,3,3,0.585239
381,3,Samferdsel,all,9,5153,Vaktmestre,0.042,1,1,
381,3,Samferdsel,all,10,4110,Kontormedarbeidere,0.042,5,5,0.670689
382,3,Sikkerhet,all,1,5413,Fengselsbetjenter,0.5714,3,2,0.3878
382,3,Sikkerhet,all,2,1219,Andre administrative ledere,0.0857,4,4,0.47783
382,3,Sikkerhet,all,3,8331,Bussjåfører og trikkeførere,0.0857,4,2,0.728593
382,3,Sikkerhet,all,4,2422,Høyere saksbehandlere i offentlig og privat virksomhet,0.0762,5,5,0.450311
382,3,Sikkerhet,all,5,5321,Helsefagarbeidere,0.0381,1,2,0.1875
382,3,Sikkerhet,all,6,3322,Selgere (engros),0.0286,5,5,0.398974
382,3,Sikkerhet,all,7,1349,Andre ledere av produksjon og tjenesteyting,0.0286,4,4,0.4435
382,3,Sikkerhet,all,8,2224,Vernepleiere,0.0286,3,3,0.256002
382,3,Sikkerhet,all,9,2635,Rådgivere innen sosiale fagfelt,0.0286,3,3,0.188929
382,3,Sikkerhet,all,10,4110,Kontormedarbeidere,0.0286,5,5,0.670689
383,3,Andre servicefag,all,1,5223,Butikkmedarbeidere,0.1886,3,3,0.449861
383,3,Andre servicefag,all,2,5311,Barnehage- og skolefritidsassistenter mv.,0.1052,2,3,0.572124
383,3,Andre servicefag,all,3,9112,Renholdere i virksomheter,0.0835,1,1,0.46875
383,3,Andre servicefag,all,4,5329,Andre pleiemedarbeidere,0.0684,3,2,0.278788
383,3,Andre servicefag,all,5,4110,Kontormedarbeidere,0.0668,5,5,0.670689
383,3,Andre servicefag,all,6,1420,Varehandelssjefer,0.0634,4,5,0.431373
383,3,Andre servicefag,all,7,5141,Frisører,0.0384,2,3,0.464395
383,3,Andre servicefag,all,8,5322,Hjemmehjelper,0.0367,1,3,0.344326
383,3,Andre servicefag,all,9,5142,Kosmetologer mv.,0.0334,2,3,0.400047
383,3,Andre servicefag,all,10,3322,Selgere (engros),0.0301,5,5,0.398974
389,3,"Samferdsels- og sikkerhetsfag og andre servicefag, andre",all,1,9112,Renholdere i virksomheter,0.1901,1,1,0.46875
389,3,"Samferdsels- og sikkerhetsfag og andre servicefag, andre",all,2,5223,Butikkmedarbeidere,0.0885,3,3,0.449861
389,3,"Samferdsels- og sikkerhetsfag og andre servicefag, andre",all,3,5120,Kokker,0.0521,2,2,0.325445
389,3,"Samferdsels- og sikkerhetsfag og andre servicefag, andre",all,4,8160,Operatører innen næringsmiddelproduksjon,0.0469,1,1,0.278481
389,3,"Samferdsels- og sikkerhetsfag og andre servicefag, andre",all,5,8332,Lastebil- og trailersjåfører,0.0469,3,3,0.703704
389,3,"Samferdsels- og sikkerhetsfag og andre servicefag, andre",all,6,8331,Bussjåfører og trikkeførere,0.0443,4,2,0.728593
389,3,"Samferdsels- og sikkerhetsfag og andre servicefag, andre",all,7,5131,Servitører,0.0365,2,1,0.572016
389,3,"Samferdsels- og sikkerhetsfag og andre servicefag, andre",all,8,5141,Frisører,0.0339,2,3,0.464395
389,3,"Samferdsels- og sikkerhetsfag og andre servicefag, andre",all,9,9412,Kjøkkenassistenter,0.0312,1,1,0.228
389,3,"Samferdsels- og sikkerhetsfag og andre servicefag, andre",all,10,5329,Andre pleiemedarbeidere,0.0286,3,2,0.278788
399,3,Uoppgitt faggruppe,all,1,9112,Renholdere i virksomheter,0.1808,1,1,0.46875
399,3,Uoppgitt faggruppe,all,2,7115,Tømrere og snekkere,0.0715,2,2,
399,3,Uoppgitt faggruppe,all,3,8160,Operatører innen næringsmiddelproduksjon,0.0559,1,1,0.278481
399,3,Uoppgitt faggruppe,all,4,9412,Kjøkkenassistenter,0.0481,1,1,0.228
399,3,Uoppgitt faggruppe,all,5,5223,Butikkmedarbeidere,0.0351,3,3,0.449861
399,3,Uoppgitt faggruppe,all,6,7131,Malere og byggtapetserere,0.0312,1,1,
399,3,Uoppgitt faggruppe,all,7,5120,Kokker,0.0286,2,2,0.325445
399,3,Uoppgitt faggruppe,all,8,7114,Betongarbeidere,0.0286,1,1,0.0
399,3,Uoppgitt faggruppe,all,9,8331,Bussjåfører og trikkeførere,0.0273,4,2,0.728593
399,3,Uoppgitt faggruppe,all,10,7112,Murere,0.026,1,1,
401,4,Allmenne fag,all,1,5223,Butikkmedarbeidere,0.1347,3,3,0.449861
401,4,Allmenne fag,all,2,5329,Andre pleiemedarbeidere,0.0704,3,2,0.278788
401,4,Allmenne fag,all,3,5311,Barnehage- og skolefritidsassistenter mv.,0.0468,2,3,0.572124
401,4,Allmenne fag,all,4,4110,Kontormedarbeidere,0.0379,5,5,0.670689
401,4,Allmenne fag,all,5,1420,Varehandelssjefer,0.0296,4,5,0.431373
401,4,Allmenne fag,all,6,3322,Selgere (engros),0.0294,5,5,0.398974
401,4,Allmenne fag,all,7,0310,Menige,0.0274,,3,
401,4,Allmenne fag,all,8,5321,Helsefagarbeidere,0.0239,1,2,0.1875
401,4,Allmenne fag,all,9,4321,Lagermedarbeidere og material-forvaltere,0.0237,3,3,0.585239
401,4,Allmenne fag,all,10,2422,Høyere saksbehandlere i offentlig og privat virksomhet,0.0205,5,5,0.450311
401,4,Allmenne fag,recent,1,5223,Butikkmedarbeidere,0.204,3,3,0.449861
401,4,Allmenne fag,recent,2,5329,Andre pleiemedarbeidere,0.1311,3,2,0.278788
401,4,Allmenne fag,recent,3,5311,Barnehage- og skolefritidsassistenter mv.,0.0602,2,3,0.572124
401,4,Allmenne fag,recent,4,0310,Menige,0.0375,,3,
401,4,Allmenne fag,recent,5,4321,Lagermedarbeidere og material-forvaltere,0.0347,3,3,0.585239
401,4,Allmenne fag,recent,6,5131,Servitører,0.0297,2,1,0.572016
401,4,Allmenne fag,recent,7,5321,Helsefagarbeidere,0.0262,1,2,0.1875
401,4,Allmenne fag,recent,8,4110,Kontormedarbeidere,0.0226,5,5,0.670689
401,4,Allmenne fag,recent,9,5322,Hjemmehjelper,0.0215,1,3,0.344326
401,4,Allmenne fag,recent,10,5414,Vektere,0.0212,3,2,1.0
412,4,Litteratur- og bibliotekutdanninger,all,1,2641,Forfattere mv.,0.1803,5,5,0.355238
412,4,Litteratur- og bibliotekutdanninger,all,2,2431,Reklame- og markedsføringsrådgivere,0.1803,5,5,0.461735
412,4,Litteratur- og bibliotekutdanninger,all,3,1222,PR- og informasjonssjefer,0.0902,4,5,0.358315
412,4,Litteratur- og bibliotekutdanninger,all,4,2432,Informasjonsrådgivere,0.0738,5,5,0.304988
412,4,Litteratur- og bibliotekutdanninger,all,5,2413,Finansanalytikere,0.0656,4,5,0.393998
412,4,Litteratur- og bibliotekutdanninger,all,6,2422,Høyere saksbehandlere i offentlig og privat virksomhet,0.0574,5,5,0.450311
412,4,Litteratur- og bibliotekutdanninger,all,7,2642,Journalister,0.0492,5,5,0.365885
412,4,Litteratur- og bibliotekutdanninger,all,8,4110,Kontormedarbeidere,0.0492,5,5,0.670689
412,4,Litteratur- og bibliotekutdanninger,all,9,1221,Salgs- og markedssjefer,0.041,4,5,0.422801
412,4,Litteratur- og bibliotekutdanninger,all,10,2511,Systemanalytikere/-arkitekter,0.0328,5,5,0.341622
415,4,"Musikk, dans og drama",all,1,5223,Butikkmedarbeidere,0.1887,3,3,0.449861
415,4,"Musikk, dans og drama",all,2,5311,Barnehage- og skolefritidsassistenter mv.,0.0737,2,3,0.572124
415,4,"Musikk, dans og drama",all,3,5329,Andre pleiemedarbeidere,0.0594,3,2,0.278788
415,4,"Musikk, dans og drama",all,4,5131,Servitører,0.0416,2,1,0.572016
415,4,"Musikk, dans og drama",all,5,5132,Bartendere,0.0346,2,1,0.449153
415,4,"Musikk, dans og drama",all,6,0310,Menige,0.033,,3,
415,4,"Musikk, dans og drama",all,7,4110,Kontormedarbeidere,0.029,5,5,0.670689
415,4,"Musikk, dans og drama",all,8,3322,Selgere (engros),0.0233,5,5,0.398974
415,4,"Musikk, dans og drama",all,9,1420,Varehandelssjefer,0.0206,4,5,0.431373
415,4,"Musikk, dans og drama",all,10,5322,Hjemmehjelper,0.0185,1,3,0.344326
415,4,"Musikk, dans og drama",recent,1,5223,Butikkmedarbeidere,0.2688,3,3,0.449861
415,4,"Musikk, dans og drama",recent,2,5311,Barnehage- og skolefritidsassistenter mv.,0.0934,2,3,0.572124
415,4,"Musikk, dans og drama",recent,3,5329,Andre pleiemedarbeidere,0.0855,3,2,0.278788
415,4,"Musikk, dans og drama",recent,4,5131,Servitører,0.0754,2,1,0.572016
415,4,"Musikk, dans og drama",recent,5,5132,Bartendere,0.0641,2,1,0.449153
415,4,"Musikk, dans og drama",recent,6,5322,Hjemmehjelper,0.0382,1,3,0.344326
415,4,"Musikk, dans og drama",recent,7,0310,Menige,0.0292,,3,
415,4,"Musikk, dans og drama",recent,8,5246,Gatekjøkken- og kafémedarbeidere mv.,0.0259,1,1,0.370468
415,4,"Musikk, dans og drama",recent,9,3322,Selgere (engros),0.0225,5,5,0.398974
415,4,"Musikk, dans og drama",recent,10,4110,Kontormedarbeidere,0.0202,5,5,0.670689
416,4,Bildende kunst og kunsthåndverk,all,1,5223,Butikkmedarbeidere,0.2155,3,3,0.449861
416,4,Bildende kunst og kunsthåndverk,all,2,1420,Varehandelssjefer,0.069,4,5,0.431373
416,4,Bildende kunst og kunsthåndverk,all,3,5311,Barnehage- og skolefritidsassistenter mv.,0.0557,2,3,0.572124
416,4,Bildende kunst og kunsthåndverk,all,4,4110,Kontormedarbeidere,0.0492,5,5,0.670689
416,4,Bildende kunst og kunsthåndverk,all,5,7549,Andre håndverkere,0.0474,2,2,
416,4,Bildende kunst og kunsthåndverk,all,6,5329,Andre pleiemedarbeidere,0.04,3,2,0.278788
416,4,Bildende kunst og kunsthåndverk,all,7,2166,Grafiske- og multimediadesignere,0.0386,5,5,0.48798
416,4,Bildende kunst og kunsthåndverk,all,8,3322,Selgere (engros),0.0328,5,5,0.398974
416,4,Bildende kunst og kunsthåndverk,all,9,1120,Administrerende direktører,0.0195,4,5,0.371125
416,4,Bildende kunst og kunsthåndverk,all,10,9112,Renholdere i virksomheter,0.0176,1,1,0.46875
416,4,Bildende kunst og kunsthåndverk,recent,1,5223,Butikkmedarbeidere,0.359,3,3,0.449861
416,4,Bildende kunst og kunsthåndverk,recent,2,5329,Andre pleiemedarbeidere,0.0771,3,2,0.278788
416,4,Bildende kunst og kunsthåndverk,recent,3,7549,Andre håndverkere,0.0678,2,2,
416,4,Bildende kunst og kunsthåndverk,recent,4,5311,Barnehage- og skolefritidsassistenter mv.,0.0545,2,3,0.572124
416,4,Bildende kunst og kunsthåndverk,recent,5,5132,Bartendere,0.0439,2,1,0.449153
416,4,Bildende kunst og kunsthåndverk,recent,6,5131,Servitører,0.0412,2,1,0.572016
416,4,Bildende kunst og kunsthåndverk,recent,7,1420,Varehandelssjefer,0.0279,4,5,0.431373
416,4,Bildende kunst og kunsthåndverk,recent,8,9112,Renholdere i virksomheter,0.0213,1,1,0.46875
416,4,Bildende kunst og kunsthåndverk,recent,9,4321,Lagermedarbeidere og material-forvaltere,0.0199,3,3,0.585239
416,4,Bildende kunst og kunsthåndverk,recent,10,7321,Førtrykkere,0.016,5,5,0.594967
419,4,"Humanistiske og estetiske fag, andre",all,1,9112,Renholdere i virksomheter,0.0991,1,1,0.46875
419,4,"Humanistiske og estetiske fag, andre",all,2,5223,Butikkmedarbeidere,0.0706,3,3,0.449861
419,4,"Humanistiske og estetiske fag, andre",all,3,5311,Barnehage- og skolefritidsassistenter mv.,0.0556,2,3,0.572124
419,4,"Humanistiske og estetiske fag, andre",all,4,5329,Andre pleiemedarbeidere,0.0407,3,2,0.278788
419,4,"Humanistiske og estetiske fag, andre",all,5,4110,Kontormedarbeidere,0.0371,5,5,0.670689
419,4,"Humanistiske og estetiske fag, andre",all,6,5165,Kjøreskolelærere,0.03,3,3,0.223759
419,4,"Humanistiske og estetiske fag, andre",all,7,5321,Helsefagarbeidere,0.0271,1,2,0.1875
419,4,"Humanistiske og estetiske fag, andre",all,8,8160,Operatører innen næringsmiddelproduksjon,0.0257,1,1,0.278481
419,4,"Humanistiske og estetiske fag, andre",all,9,2166,Grafiske- og multimediadesignere,0.0243,5,5,0.48798
419,4,"Humanistiske og estetiske fag, andre",all,10,1222,PR- og informasjonssjefer,0.0235,4,5,0.358315
419,4,"Humanistiske og estetiske fag, andre",recent,1,5131,Servitører,0.3077,2,1,0.572016
419,4,"Humanistiske og estetiske fag, andre",recent,2,9112,Renholdere i virksomheter,0.2308,1,1,0.46875
419,4,"Humanistiske og estetiske fag, andre",recent,3,5223,Butikkmedarbeidere,0.2308,3,3,0.449861
419,4,"Humanistiske og estetiske fag, andre",recent,4,5246,Gatekjøkken- og kafémedarbeidere mv.,0.2308,1,1,0.370468
419,4,"Humanistiske og estetiske fag, andre",recent,5,5311,Barnehage- og skolefritidsassistenter mv.,0.0,2,3,0.572124
419,4,"Humanistiske og estetiske fag, andre",recent,6,5329,Andre pleiemedarbeidere,0.0,3,2,0.278788
419,4,"Humanistiske og estetiske fag, andre",recent,7,4110,Kontormedarbeidere,0.0,5,5,0.670689
419,4,"Humanistiske og estetiske fag, andre",recent,8,5165,Kjøreskolelærere,0.0,3,3,0.223759
419,4,"Humanistiske og estetiske fag, andre",recent,9,5321,Helsefagarbeidere,0.0,1,2,0.1875
419,4,"Humanistiske og estetiske fag, andre",recent,10,8160,Operatører innen næringsmiddelproduksjon,0.0,1,1,0.278481
429,4,"Lærerutdanninger og utdanninger i pedagogikk, andre",all,1,5311,Barnehage- og skolefritidsassistenter mv.,0.1702,2,3,0.572124
429,4,"Lærerutdanninger og utdanninger i pedagogikk, andre",all,2,9112,Renholdere i virksomheter,0.1576,1,1,0.46875
429,4,"Lærerutdanninger og utdanninger i pedagogikk, andre",all,3,5223,Butikkmedarbeidere,0.105,3,3,0.449861
429,4,"Lærerutdanninger og utdanninger i pedagogikk, andre",all,4,5329,Andre pleiemedarbeidere,0.0546,3,2,0.278788
429,4,"Lærerutdanninger og utdanninger i pedagogikk, andre",all,5,5321,Helsefagarbeidere,0.0525,1,2,0.1875
429,4,"Lærerutdanninger og utdanninger i pedagogikk, andre",all,6,8160,Operatører innen næringsmiddelproduksjon,0.042,1,1,0.278481
429,4,"Lærerutdanninger og utdanninger i pedagogikk, andre",all,7,2342,Førskolelærere,0.0336,2,2,0.457528
429,4,"Lærerutdanninger og utdanninger i pedagogikk, andre",all,8,5312,Skoleassistenter,0.0294,3,1,0.412884
429,4,"Lærerutdanninger og utdanninger i pedagogikk, andre",all,9,5120,Kokker,0.0252,2,2,0.325445
429,4,"Lærerutdanninger og utdanninger i pedagogikk, andre",all,10,8331,Bussjåfører og trikkeførere,0.0231,4,2,0.728593
435,4,Medie- og informasjonsfag,all,1,5223,Butikkmedarbeidere,0.2342,3,3,0.449861
435,4,Medie- og informasjonsfag,all,2,5311,Barnehage- og skolefritidsassistenter mv.,0.0629,2,3,0.572124
435,4,Medie- og informasjonsfag,all,3,5329,Andre pleiemedarbeidere,0.0452,3,2,0.278788
435,4,Medie- og informasjonsfag,all,4,4321,Lagermedarbeidere og material-forvaltere,0.0367,3,3,0.585239
435,4,Medie- og informasjonsfag,all,5,0310,Menige,0.0346,,3,
435,4,Medie- og informasjonsfag,all,6,4110,Kontormedarbeidere,0.0305,5,5,0.670689
435,4,Medie- og informasjonsfag,all,7,5131,Servitører,0.0303,2,1,0.572016
435,4,Medie- og informasjonsfag,all,8,1420,Varehandelssjefer,0.0253,4,5,0.431373
435,4,Medie- og informasjonsfag,all,9,3322,Selgere (engros),0.0224,5,5,0.398974
435,4,Medie- og informasjonsfag,all,10,5414,Vektere,0.0196,3,2,1.0
435,4,Medie- og informasjonsfag,recent,1,5223,Butikkmedarbeidere,0.2779,3,3,0.449861
435,4,Medie- og informasjonsfag,recent,2,5311,Barnehage- og skolefritidsassistenter mv.,0.079,2,3,0.572124
435,4,Medie- og informasjonsfag,recent,3,5329,Andre pleiemedarbeidere,0.0674,3,2,0.278788
435,4,Medie- og informasjonsfag,recent,4,5131,Servitører,0.0409,2,1,0.572016
435,4,Medie- og informasjonsfag,recent,5,4321,Lagermedarbeidere og material-forvaltere,0.0375,3,3,0.585239
435,4,Medie- og informasjonsfag,recent,6,5414,Vektere,0.0354,3,2,1.0
435,4,Medie- og informasjonsfag,recent,7,4110,Kontormedarbeidere,0.0266,5,5,0.670689
435,4,Medie- og informasjonsfag,recent,8,0310,Menige,0.0259,,3,
435,4,Medie- og informasjonsfag,recent,9,5132,Bartendere,0.0238,2,1,0.449153
435,4,Medie- og informasjonsfag,recent,10,5322,Hjemmehjelper,0.0218,1,3,0.344326
439,4,"Samfunnsfag og juridiske fag, andre",all,1,9112,Renholdere i virksomheter,0.1093,1,1,0.46875
439,4,"Samfunnsfag og juridiske fag, andre",all,2,5223,Butikkmedarbeidere,0.0993,3,3,0.449861
439,4,"Samfunnsfag og juridiske fag, andre",all,3,5311,Barnehage- og skolefritidsassistenter mv.,0.0596,2,3,0.572124
439,4,"Samfunnsfag og juridiske fag, andre",all,4,5329,Andre pleiemedarbeidere,0.0596,3,2,0.278788
439,4,"Samfunnsfag og juridiske fag, andre",all,5,8331,Bussjåfører og trikkeførere,0.053,4,2,0.728593
439,4,"Samfunnsfag og juridiske fag, andre",all,6,4110,Kontormedarbeidere,0.043,5,5,0.670689
439,4,"Samfunnsfag og juridiske fag, andre",all,7,4321,Lagermedarbeidere og material-forvaltere,0.0397,3,3,0.585239
439,4,"Samfunnsfag og juridiske fag, andre",all,8,8160,Operatører innen næringsmiddelproduksjon,0.0397,1,1,0.278481
439,4,"Samfunnsfag og juridiske fag, andre",all,9,3322,Selgere (engros),0.0364,5,5,0.398974
439,4,"Samfunnsfag og juridiske fag, andre",all,10,1420,Varehandelssjefer,0.0331,4,5,0.431373
441,4,Økonomisk-administrative fag,all,1,4110,Kontormedarbeidere,0.0684,5,5,0.670689
441,4,Økonomisk-administrative fag,all,2,5223,Butikkmedarbeidere,0.0598,3,3,0.449861
441,4,Økonomisk-administrative fag,all,3,3322,Selgere (engros),0.0525,5,5,0.398974
441,4,Økonomisk-administrative fag,all,4,1420,Varehandelssjefer,0.0492,4,5,0.431373
441,4,Økonomisk-administrative fag,all,5,2422,Høyere saksbehandlere i offentlig og privat virksomhet,0.0468,5,5,0.450311
441,4,Økonomisk-administrative fag,all,6,3313,Regnskapsførere,0.0428,5,5,0.535417
441,4,Økonomisk-administrative fag,all,7,4311,Regnskapsmedarbeidere,0.0379,5,5,0.473857
441,4,Økonomisk-administrative fag,all,8,1120,Administrerende direktører,0.0349,4,5,0.371125
441,4,Økonomisk-administrative fag,all,9,3312,Kundebehandlere lån og kreditt,0.0283,5,5,0.304565
441,4,Økonomisk-administrative fag,all,10,5311,Barnehage- og skolefritidsassistenter mv.,0.0216,2,3,0.572124
442,4,Handel og markedsføring,all,1,5223,Butikkmedarbeidere,0.3874,3,3,0.449861
442,4,Handel og markedsføring,all,2,1420,Varehandelssjefer,0.1261,4,5,0.431373
442,4,Handel og markedsføring,all,3,3322,Selgere (engros),0.0679,5,5,0.398974
442,4,Handel og markedsføring,all,4,5222,Butikkavdelingssjefer,0.0365,4,4,0.45337
442,4,Handel og markedsføring,all,5,4110,Kontormedarbeidere,0.0325,5,5,0.670689
442,4,Handel og markedsføring,all,6,5329,Andre pleiemedarbeidere,0.0198,3,2,0.278788
442,4,Handel og markedsføring,all,7,5311,Barnehage- og skolefritidsassistenter mv.,0.0195,2,3,0.572124
442,4,Handel og markedsføring,all,8,1120,Administrerende direktører,0.0194,4,5,0.371125
442,4,Handel og markedsføring,all,9,4321,Lagermedarbeidere og material-forvaltere,0.0168,3,3,0.585239
442,4,Handel og markedsføring,all,10,1221,Salgs- og markedssjefer,0.0123,4,5,0.422801
442,4,Handel og markedsføring,recent,1,5223,Butikkmedarbeidere,0.4907,3,3,0.449861
442,4,Handel og markedsføring,recent,2,1420,Varehandelssjefer,0.1167,4,5,0.431373
442,4,Handel og markedsføring,recent,3,3322,Selgere (engros),0.0537,5,5,0.398974
442,4,Handel og markedsføring,recent,4,5222,Butikkavdelingssjefer,0.0372,4,4,0.45337
442,4,Handel og markedsføring,recent,5,4110,Kontormedarbeidere,0.0212,5,5,0.670689
442,4,Handel og markedsføring,recent,6,5329,Andre pleiemedarbeidere,0.0186,3,2,0.278788
442,4,Handel og markedsføring,recent,7,4321,Lagermedarbeidere og material-forvaltere,0.0181,3,3,0.585239
442,4,Handel og markedsføring,recent,8,5311,Barnehage- og skolefritidsassistenter mv.,0.0139,2,3,0.572124
442,4,Handel og markedsføring,recent,9,4222,Kundesentermedarbeidere,0.0103,5,5,0.519483
442,4,Handel og markedsføring,recent,10,1120,Administrerende direktører,0.0098,4,5,0.371125
443,4,Kontorfag,all,1,4110,Kontormedarbeidere,0.2292,5,5,0.670689
443,4,Kontorfag,all,2,2422,Høyere saksbehandlere i offentlig og privat virksomhet,0.1024,5,5,0.450311
443,4,Kontorfag,all,3,5223,Butikkmedarbeidere,0.058,3,3,0.449861
443,4,Kontorfag,all,4,3343,Sjefssekretærer,0.0429,5,4,0.701211
443,4,Kontorfag,all,5,4311,Regnskapsmedarbeidere,0.0326,5,5,0.473857
443,4,Kontorfag,all,6,3359,Andre yrker innen offentlig forvaltning,0.0298,3,2,
443,4,Kontorfag,all,7,3313,Regnskapsførere,0.0222,5,5,0.535417
443,4,Kontorfag,all,8,3322,Selgere (engros),0.0205,5,5,0.398974
443,4,Kontorfag,all,9,1420,Varehandelssjefer,0.0198,4,5,0.431373
443,4,Kontorfag,all,10,2423,Personal- og karriererådgivere,0.0195,4,5,0.557621
443,4,Kontorfag,recent,1,4110,Kontormedarbeidere,0.2791,5,5,0.670689
443,4,Kontorfag,recent,2,2422,Høyere saksbehandlere i offentlig og privat virksomhet,0.103,5,5,0.450311
443,4,Kontorfag,recent,3,5223,Butikkmedarbeidere,0.0867,3,3,0.449861
443,4,Kontorfag,recent,4,3343,Sjefssekretærer,0.0556,5,4,0.701211
443,4,Kontorfag,recent,5,4311,Regnskapsmedarbeidere,0.0325,5,5,0.473857
443,4,Kontorfag,recent,6,3359,Andre yrker innen offentlig forvaltning,0.0312,3,2,
443,4,Kontorfag,recent,7,4222,Kundesentermedarbeidere,0.0298,5,5,0.519483
443,4,Kontorfag,recent,8,3322,Selgere (engros),0.0285,5,5,0.398974
443,4,Kontorfag,recent,9,2423,Personal- og karriererådgivere,0.0244,4,5,0.557621
443,4,Kontorfag,recent,10,0310,Menige,0.0244,,3,
444,4,Hotell- og reiselivsfag,all,1,4110,Kontormedarbeidere,0.1102,5,5,0.670689
444,4,Hotell- og reiselivsfag,all,2,4224,Hotellresepsjonister,0.0636,4,4,0.539747
444,4,Hotell- og reiselivsfag,all,3,5223,Butikkmedarbeidere,0.06,3,3,0.449861
444,4,Hotell- og reiselivsfag,all,4,4221,Reisebyråmedarbeidere mv.,0.0553,5,5,0.455944
444,4,Hotell- og reiselivsfag,all,5,2422,Høyere saksbehandlere i offentlig og privat virksomhet,0.0512,5,5,0.450311
444,4,Hotell- og reiselivsfag,all,6,3322,Selgere (engros),0.0427,5,5,0.398974
444,4,Hotell- og reiselivsfag,all,7,1420,Varehandelssjefer,0.0327,4,5,0.431373
444,4,Hotell- og reiselivsfag,all,8,5111,"Flyverter, båtverter mv.",0.0295,2,3,0.654951
444,4,Hotell- og reiselivsfag,all,9,5311,Barnehage- og skolefritidsassistenter mv.,0.0288,2,3,0.572124
444,4,Hotell- og reiselivsfag,all,10,4311,Regnskapsmedarbeidere,0.0258,5,5,0.473857
444,4,Hotell- og reiselivsfag,recent,1,4224,Hotellresepsjonister,0.2933,4,4,0.539747
444,4,Hotell- og reiselivsfag,recent,2,4221,Reisebyråmedarbeidere mv.,0.173,5,5,0.455944
444,4,Hotell- og reiselivsfag,recent,3,5111,"Flyverter, båtverter mv.",0.1349,2,3,0.654951
444,4,Hotell- og reiselivsfag,recent,4,5223,Butikkmedarbeidere,0.088,3,3,0.449861
444,4,Hotell- og reiselivsfag,recent,5,4226,Resepsjonister (ekskl. hotell),0.0557,5,4,0.579901
444,4,Hotell- og reiselivsfag,recent,6,4323,Transportfunksjonærer,0.044,5,5,0.0
444,4,Hotell- og reiselivsfag,recent,7,4110,Kontormedarbeidere,0.0352,5,5,0.670689
444,4,Hotell- og reiselivsfag,recent,8,3322,Selgere (engros),0.0293,5,5,0.398974
444,4,Hotell- og reiselivsfag,recent,9,5311,Barnehage- og skolefritidsassistenter mv.,0.0264,2,3,0.572124
444,4,Hotell- og reiselivsfag,recent,10,5131,Servitører,0.0205,2,1,0.572016
449,4,"Økonomiske og administrative fag, andre",all,1,4110,Kontormedarbeidere,0.105,5,5,0.670689
449,4,"Økonomiske og administrative fag, andre",all,2,5223,Butikkmedarbeidere,0.0653,3,3,0.449861
449,4,"Økonomiske og administrative fag, andre",all,3,9112,Renholdere i virksomheter,0.0615,1,1,0.46875
449,4,"Økonomiske og administrative fag, andre",all,4,2422,Høyere saksbehandlere i offentlig og privat virksomhet,0.0545,5,5,0.450311
449,4,"Økonomiske og administrative fag, andre",all,5,5311,Barnehage- og skolefritidsassistenter mv.,0.0468,2,3,0.572124
449,4,"Økonomiske og administrative fag, andre",all,6,3322,Selgere (engros),0.0337,5,5,0.398974
449,4,"Økonomiske og administrative fag, andre",all,7,5329,Andre pleiemedarbeidere,0.0293,3,2,0.278788
449,4,"Økonomiske og administrative fag, andre",all,8,1420,Varehandelssjefer,0.0289,4,5,0.431373
449,4,"Økonomiske og administrative fag, andre",all,9,4311,Regnskapsmedarbeidere,0.0276,5,5,0.473857
449,4,"Økonomiske og administrative fag, andre",all,10,3313,Regnskapsførere,0.0201,5,5,0.535417
449,4,"Økonomiske og administrative fag, andre",recent,1,9112,Renholdere i virksomheter,0.3913,1,1,0.46875
449,4,"Økonomiske og administrative fag, andre",recent,2,5223,Butikkmedarbeidere,0.3043,3,3,0.449861
449,4,"Økonomiske og administrative fag, andre",recent,3,8160,Operatører innen næringsmiddelproduksjon,0.1739,1,1,0.278481
449,4,"Økonomiske og administrative fag, andre",recent,4,5329,Andre pleiemedarbeidere,0.1304,3,2,0.278788
449,4,"Økonomiske og administrative fag, andre",recent,5,4110,Kontormedarbeidere,0.0,5,5,0.670689
449,4,"Økonomiske og administrative fag, andre",recent,6,2422,Høyere saksbehandlere i offentlig og privat virksomhet,0.0,5,5,0.450311
449,4,"Økonomiske og administrative fag, andre",recent,7,3322,Selgere (engros),0.0,5,5,0.398974
449,4,"Økonomiske og administrative fag, andre",recent,8,5311,Barnehage- og skolefritidsassistenter mv.,0.0,2,3,0.572124
449,4,"Økonomiske og administrative fag, andre",recent,9,4311,Regnskapsmedarbeidere,0.0,5,5,0.473857
449,4,"Økonomiske og administrative fag, andre",recent,10,1420,Varehandelssjefer,0.0,4,5,0.431373
452,4,Fysiske og kjemiske fag,all,1,8131,Operatører innen kjemisk industri,0.2946,1,2,
452,4,Fysiske og kjemiske fag,all,2,8113,Operatører innen boring mv.,0.1467,1,1,
452,4,Fysiske og kjemiske fag,all,3,8121,Operatører innen metallurgiske prosessfag,0.0622,1,1,
452,4,Fysiske og kjemiske fag,all,4,8171,Operatører innen treforedling,0.0367,1,1,
452,4,Fysiske og kjemiske fag,all,5,2146,"Sivilingeniører (geofag, petro-leumsteknologi, metallurgi mv.)",0.0283,4,4,0.445725
452,4,Fysiske og kjemiske fag,all,6,8160,Operatører innen næringsmiddelproduksjon,0.0263,1,1,0.278481
452,4,Fysiske og kjemiske fag,all,7,3117,"Ingeniører innen petroleum, bergverk og metallurgi",0.0237,3,4,0.638681
452,4,Fysiske og kjemiske fag,all,8,3116,Kjemiingeniører,0.0224,3,3,0.430472
452,4,Fysiske og kjemiske fag,all,9,1321,Ledere av industriproduksjon mv.,0.0214,4,4,0.0
452,4,Fysiske og kjemiske fag,all,10,3134,Kontrolloperatører ved olje- og naturgassraffineringsanlegg,0.021,2,2,
452,4,Fysiske og kjemiske fag,recent,1,8131,Operatører innen kjemisk industri,0.3319,1,2,
452,4,Fysiske og kjemiske fag,recent,2,8113,Operatører innen boring mv.,0.223,1,1,
452,4,Fysiske og kjemiske fag,recent,3,8121,Operatører innen metallurgiske prosessfag,0.1141,1,1,
452,4,Fysiske og kjemiske fag,recent,4,8171,Operatører innen treforedling,0.0346,1,1,
452,4,Fysiske og kjemiske fag,recent,5,3134,Kontrolloperatører ved olje- og naturgassraffineringsanlegg,0.0346,2,2,
452,4,Fysiske og kjemiske fag,recent,6,8160,Operatører innen næringsmiddelproduksjon,0.0325,1,1,0.278481
452,4,Fysiske og kjemiske fag,recent,7,3117,"Ingeniører innen petroleum, bergverk og metallurgi",0.0314,3,4,0.638681
452,4,Fysiske og kjemiske fag,recent,8,3116,Kjemiingeniører,0.0262,3,3,0.430472
452,4,Fysiske og kjemiske fag,recent,9,3141,Bioteknikere (ikke-medisinske laboratorier),0.0147,4,3,0.701589
452,4,Fysiske og kjemiske fag,recent,10,8182,Fyrkjele- og turbinoperatører,0.0147,2,1,
454,4,Informasjons- og datateknologi,all,1,2519,Andre programvare- og applikasjonsutviklere,0.1017,5,5,0.503293
454,4,Informasjons- og datateknologi,all,2,3511,"Driftsteknikere, IKT",0.0827,5,5,0.53735
454,4,Informasjons- og datateknologi,all,3,2511,Systemanalytikere/-arkitekter,0.0573,5,5,0.341622
454,4,Informasjons- og datateknologi,all,4,4321,Lagermedarbeidere og material-forvaltere,0.056,3,3,0.585239
454,4,Informasjons- og datateknologi,all,5,5223,Butikkmedarbeidere,0.0469,3,3,0.449861
454,4,Informasjons- og datateknologi,all,6,4110,Kontormedarbeidere,0.0441,5,5,0.670689
454,4,Informasjons- og datateknologi,all,7,2422,Høyere saksbehandlere i offentlig og privat virksomhet,0.0408,5,5,0.450311
454,4,Informasjons- og datateknologi,all,8,3512,"Brukerstøtte, IKT",0.0317,5,5,0.586083
454,4,Informasjons- og datateknologi,all,9,3322,Selgere (engros),0.0271,5,5,0.398974
454,4,Informasjons- og datateknologi,all,10,1420,Varehandelssjefer,0.0179,4,5,0.431373
454,4,Informasjons- og datateknologi,recent,1,2519,Andre programvare- og applikasjonsutviklere,0.2738,5,5,0.503293
454,4,Informasjons- og datateknologi,recent,2,3511,"Driftsteknikere, IKT",0.1796,5,5,0.53735
454,4,Informasjons- og datateknologi,recent,3,3512,"Brukerstøtte, IKT",0.0932,5,5,0.586083
454,4,Informasjons- og datateknologi,recent,4,5223,Butikkmedarbeidere,0.052,3,3,0.449861
454,4,Informasjons- og datateknologi,recent,5,2511,Systemanalytikere/-arkitekter,0.05,5,5,0.341622
454,4,Informasjons- og datateknologi,recent,6,4110,Kontormedarbeidere,0.0304,5,5,0.670689
454,4,Informasjons- og datateknologi,recent,7,2422,Høyere saksbehandlere i offentlig og privat virksomhet,0.0304,5,5,0.450311
454,4,Informasjons- og datateknologi,recent,8,7422,Tele- og IKT-installatører,0.0196,2,2,0.655453
454,4,Informasjons- og datateknologi,recent,9,0310,Menige,0.0186,,3,
454,4,Informasjons- og datateknologi,recent,10,4321,Lagermedarbeidere og material-forvaltere,0.0147,3,3,0.585239
455,4,"Utdanninger i elektrofag, mekaniske fag og maskinfag",all,1,7411,Elektrikere,0.1298,2,2,0.569393
455,4,"Utdanninger i elektrofag, mekaniske fag og maskinfag",all,2,7231,Bilmekanikere,0.0798,1,1,0.328403
455,4,"Utdanninger i elektrofag, mekaniske fag og maskinfag",all,3,7233,Anleggsmaskin- og industrimekanikere,0.0767,2,2,0.596919
455,4,"Utdanninger i elektrofag, mekaniske fag og maskinfag",all,4,3119,Andre ingeniører,0.0331,3,3,0.505172
455,4,"Utdanninger i elektrofag, mekaniske fag og maskinfag",all,5,7412,Automatikere,0.027,2,2,0.60839
455,4,"Utdanninger i elektrofag, mekaniske fag og maskinfag",all,6,8113,Operatører innen boring mv.,0.0241,1,1,
455,4,"Utdanninger i elektrofag, mekaniske fag og maskinfag",all,7,3322,Selgere (engros),0.0228,5,5,0.398974
455,4,"Utdanninger i elektrofag, mekaniske fag og maskinfag",all,8,5223,Butikkmedarbeidere,0.0216,3,3,0.449861
455,4,"Utdanninger i elektrofag, mekaniske fag og maskinfag",all,9,3114,Elektronikkingeniører,0.0194,4,4,0.347287
455,4,"Utdanninger i elektrofag, mekaniske fag og maskinfag",all,10,5153,Vaktmestre,0.0173,1,1,
455,4,"Utdanninger i elektrofag, mekaniske fag og maskinfag",recent,1,7411,Elektrikere,0.2296,2,2,0.569393
455,4,"Utdanninger i elektrofag, mekaniske fag og maskinfag",recent,2,7231,Bilmekanikere,0.1256,1,1,0.328403
455,4,"Utdanninger i elektrofag, mekaniske fag og maskinfag",recent,3,7233,Anleggsmaskin- og industrimekanikere,0.1043,2,2,0.596919
455,4,"Utdanninger i elektrofag, mekaniske fag og maskinfag",recent,4,7412,Automatikere,0.0506,2,2,0.60839
455,4,"Utdanninger i elektrofag, mekaniske fag og maskinfag",recent,5,7413,Energimontører,0.0254,2,2,0.663717
455,4,"Utdanninger i elektrofag, mekaniske fag og maskinfag",recent,6,3119,Andre ingeniører,0.0226,3,3,0.505172
455,4,"Utdanninger i elektrofag, mekaniske fag og maskinfag",recent,7,5223,Butikkmedarbeidere,0.0224,3,3,0.449861
455,4,"Utdanninger i elektrofag, mekaniske fag og maskinfag",recent,8,8121,Operatører innen metallurgiske prosessfag,0.0223,1,1,
455,4,"Utdanninger i elektrofag, mekaniske fag og maskinfag",recent,9,8113,Operatører innen boring mv.,0.0218,1,1,
455,4,"Utdanninger i elektrofag, mekaniske fag og maskinfag",recent,10,8131,Operatører innen kjemisk industri,0.0172,1,2,
457,4,Bygg- og anleggsfag,all,1,7115,Tømrere og snekkere,0.2042,2,2,
457,4,Bygg- og anleggsfag,all,2,7126,Rørleggere og VVS-montører,0.0951,1,1,0.559557
457,4,Bygg- og anleggsfag,all,3,8342,Anleggsmaskinførere,0.0864,1,1,
457,4,Bygg- og anleggsfag,all,4,1323,Ledere av bygge- og anleggsvirksomhet,0.0445,4,3,0.344482
457,4,Bygg- og anleggsfag,all,5,3123,"Arbeidsleder, bygg og anlegg",0.0437,4,3,0.571429
457,4,Bygg- og anleggsfag,all,6,7114,Betongarbeidere,0.0391,1,1,0.0
457,4,Bygg- og anleggsfag,all,7,5153,Vaktmestre,0.0368,1,1,
457,4,Bygg- og anleggsfag,all,8,9312,Hjelpearbeidere i anlegg,0.0299,1,1,
457,4,Bygg- og anleggsfag,all,9,2142,Sivilingeniører (bygg og anlegg),0.0295,4,4,0.0
457,4,Bygg- og anleggsfag,all,10,7131,Malere og byggtapetserere,0.0193,1,1,
457,4,Bygg- og anleggsfag,recent,1,7115,Tømrere og snekkere,0.2745,2,2,
457,4,Bygg- og anleggsfag,recent,2,8342,Anleggsmaskinførere,0.1352,1,1,
457,4,Bygg- og anleggsfag,recent,3,7126,Rørleggere og VVS-montører,0.1213,1,1,0.559557
457,4,Bygg- og anleggsfag,recent,4,9312,Hjelpearbeidere i anlegg,0.0528,1,1,
457,4,Bygg- og anleggsfag,recent,5,7114,Betongarbeidere,0.0525,1,1,0.0
457,4,Bygg- og anleggsfag,recent,6,5153,Vaktmestre,0.0343,1,1,
457,4,Bygg- og anleggsfag,recent,7,3123,"Arbeidsleder, bygg og anlegg",0.0232,4,3,0.571429
457,4,Bygg- og anleggsfag,recent,8,1323,Ledere av bygge- og anleggsvirksomhet,0.0218,4,3,0.344482
457,4,Bygg- og anleggsfag,recent,9,7131,Malere og byggtapetserere,0.0193,1,1,
457,4,Bygg- og anleggsfag,recent,10,7119,Andre bygningsarbeidere,0.0162,1,2,0.490706
458,4,Fabrikasjon og utvinning,all,1,5120,Kokker,0.1966,2,2,0.325445
458,4,Fabrikasjon og utvinning,all,2,8160,Operatører innen næringsmiddelproduksjon,0.0747,1,1,0.278481
458,4,Fabrikasjon og utvinning,all,3,5223,Butikkmedarbeidere,0.0554,3,3,0.449861
458,4,Fabrikasjon og utvinning,all,4,8113,Operatører innen boring mv.,0.0317,1,1,
458,4,Fabrikasjon og utvinning,all,5,3434,Sjefskokker,0.0281,3,3,0.496888
458,4,Fabrikasjon og utvinning,all,6,1420,Varehandelssjefer,0.0228,4,5,0.431373
458,4,Fabrikasjon og utvinning,all,7,3322,Selgere (engros),0.0228,5,5,0.398974
458,4,Fabrikasjon og utvinning,all,8,5311,Barnehage- og skolefritidsassistenter mv.,0.0218,2,3,0.572124
458,4,Fabrikasjon og utvinning,all,9,7115,Tømrere og snekkere,0.0217,2,2,
458,4,Fabrikasjon og utvinning,all,10,7512,"Bakere, konditorer mv.",0.0216,3,2,0.431907
458,4,Fabrikasjon og utvinning,recent,1,5120,Kokker,0.2667,2,2,0.325445
458,4,Fabrikasjon og utvinning,recent,2,8160,Operatører innen næringsmiddelproduksjon,0.0974,1,1,0.278481
458,4,Fabrikasjon og utvinning,recent,3,8113,Operatører innen boring mv.,0.072,1,1,
458,4,Fabrikasjon og utvinning,recent,4,7542,Skytebaser og sprengningsarbeidere,0.0705,2,1,
458,4,Fabrikasjon og utvinning,recent,5,5223,Butikkmedarbeidere,0.0615,3,3,0.449861
458,4,Fabrikasjon og utvinning,recent,6,7512,"Bakere, konditorer mv.",0.0295,3,2,0.431907
458,4,Fabrikasjon og utvinning,recent,7,9412,Kjøkkenassistenter,0.0291,1,1,0.228
458,4,Fabrikasjon og utvinning,recent,8,7233,Anleggsmaskin- og industrimekanikere,0.0235,2,2,0.596919
458,4,Fabrikasjon og utvinning,recent,9,8342,Anleggsmaskinførere,0.0213,1,1,
458,4,Fabrikasjon og utvinning,recent,10,3434,Sjefskokker,0.0213,3,3,0.496888
459,4,"Naturvitenskapelige fag, håndverksfag og tekniske fag, andre",all,1,7115,Tømrere og snekkere,0.1081,2,2,
459,4,"Naturvitenskapelige fag, håndverksfag og tekniske fag, andre",all,2,9112,Renholdere i virksomheter,0.0569,1,1,0.46875
459,4,"Naturvitenskapelige fag, håndverksfag og tekniske fag, andre",all,3,8160,Operatører innen næringsmiddelproduksjon,0.0344,1,1,0.278481
459,4,"Naturvitenskapelige fag, håndverksfag og tekniske fag, andre",all,4,7411,Elektrikere,0.0339,2,2,0.569393
459,4,"Naturvitenskapelige fag, håndverksfag og tekniske fag, andre",all,5,7126,Rørleggere og VVS-montører,0.0289,1,1,0.559557
459,4,"Naturvitenskapelige fag, håndverksfag og tekniske fag, andre",all,6,7114,Betongarbeidere,0.0287,1,1,0.0
459,4,"Naturvitenskapelige fag, håndverksfag og tekniske fag, andre",all,7,7231,Bilmekanikere,0.0261,1,1,0.328403
459,4,"Naturvitenskapelige fag, håndverksfag og tekniske fag, andre",all,8,8332,Lastebil- og trailersjåfører,0.026,3,3,0.703704
459,4,"Naturvitenskapelige fag, håndverksfag og tekniske fag, andre",all,9,5223,Butikkmedarbeidere,0.025,3,3,0.449861
459,4,"Naturvitenskapelige fag, håndverksfag og tekniske fag, andre",all,10,7131,Malere og byggtapetserere,0.023,1,1,
459,4,"Naturvitenskapelige fag, håndverksfag og tekniske fag, andre",recent,1,9112,Renholdere i virksomheter,0.1967,1,1,0.46875
459,4,"Naturvitenskapelige fag, håndverksfag og tekniske fag, andre",recent,2,5223,Butikkmedarbeidere,0.1038,3,3,0.449861
459,4,"Naturvitenskapelige fag, håndverksfag og tekniske fag, andre",recent,3,9412,Kjøkkenassistenter,0.0874,1,1,0.228
459,4,"Naturvitenskapelige fag, håndverksfag og tekniske fag, andre",recent,4,8160,Operatører innen næringsmiddelproduksjon,0.071,1,1,0.278481
459,4,"Naturvitenskapelige fag, håndverksfag og tekniske fag, andre",recent,5,5311,Barnehage- og skolefritidsassistenter mv.,0.0492,2,3,0.572124
459,4,"Naturvitenskapelige fag, håndverksfag og tekniske fag, andre",recent,6,7115,Tømrere og snekkere,0.0383,2,2,
459,4,"Naturvitenskapelige fag, håndverksfag og tekniske fag, andre",recent,7,5131,Servitører,0.0383,2,1,0.572016
459,4,"Naturvitenskapelige fag, håndverksfag og tekniske fag, andre",recent,8,5246,Gatekjøkken- og kafémedarbeidere mv.,0.0383,1,1,0.370468
459,4,"Naturvitenskapelige fag, håndverksfag og tekniske fag, andre",recent,9,7233,Anleggsmaskin- og industrimekanikere,0.0328,2,2,0.596919
459,4,"Naturvitenskapelige fag, håndverksfag og tekniske fag, andre",recent,10,9329,Andre hjelpearbeidere i industri,0.0328,1,2,1.0
461,4,Pleie- og omsorgsfag,all,1,5321,Helsefagarbeidere,0.826,1,2,0.1875
461,4,Pleie- og omsorgsfag,all,2,5329,Andre pleiemedarbeidere,0.0288,3,2,0.278788
461,4,Pleie- og omsorgsfag,all,3,5311,Barnehage- og skolefritidsassistenter mv.,0.0268,2,3,0.572124
461,4,Pleie- og omsorgsfag,all,4,4110,Kontormedarbeidere,0.0129,5,5,0.670689
461,4,Pleie- og omsorgsfag,all,5,5223,Butikkmedarbeidere,0.0117,3,3,0.449861
461,4,Pleie- og omsorgsfag,all,6,5322,Hjemmehjelper,0.0075,1,3,0.344326
461,4,Pleie- og omsorgsfag,all,7,9112,Renholdere i virksomheter,0.0064,1,1,0.46875
461,4,Pleie- og omsorgsfag,all,8,3256,Helsesekretærer,0.0055,3,2,0.231527
461,4,Pleie- og omsorgsfag,all,9,2224,Vernepleiere,0.005,3,3,0.256002
461,4,Pleie- og omsorgsfag,all,10,5312,Skoleassistenter,0.0042,3,1,0.412884
461,4,Pleie- og omsorgsfag,recent,1,5321,Helsefagarbeidere,0.8792,1,2,0.1875
461,4,Pleie- og omsorgsfag,recent,2,5329,Andre pleiemedarbeidere,0.0285,3,2,0.278788
461,4,Pleie- og omsorgsfag,recent,3,5311,Barnehage- og skolefritidsassistenter mv.,0.0156,2,3,0.572124
461,4,Pleie- og omsorgsfag,recent,4,5223,Butikkmedarbeidere,0.0093,3,3,0.449861
461,4,Pleie- og omsorgsfag,recent,5,5322,Hjemmehjelper,0.0072,1,3,0.344326
461,4,Pleie- og omsorgsfag,recent,6,2224,Vernepleiere,0.0065,3,3,0.256002
461,4,Pleie- og omsorgsfag,recent,7,4110,Kontormedarbeidere,0.0049,5,5,0.670689
461,4,Pleie- og omsorgsfag,recent,8,3256,Helsesekretærer,0.0033,3,2,0.231527
461,4,Pleie- og omsorgsfag,recent,9,9112,Renholdere i virksomheter,0.003,1,1,0.46875
461,4,Pleie- og omsorgsfag,recent,10,3412,Miljøarbeidere innen sosiale fagfelt,0.0029,3,3,0.48
462,4,Sosialfag,all,1,5311,Barnehage- og skolefritidsassistenter mv.,0.7406,2,3,0.572124
462,4,Sosialfag,all,2,5321,Helsefagarbeidere,0.0425,1,2,0.1875
462,4,Sosialfag,all,3,5223,Butikkmedarbeidere,0.0267,3,3,0.449861
462,4,Sosialfag,all,4,5312,Skoleassistenter,0.0254,3,1,0.412884
462,4,Sosialfag,all,5,2342,Førskolelærere,0.0244,2,2,0.457528
462,4,Sosialfag,all,6,5329,Andre pleiemedarbeidere,0.0147,3,2,0.278788
462,4,Sosialfag,all,7,4110,Kontormedarbeidere,0.0127,5,5,0.670689
462,4,Sosialfag,all,8,2341,Grunnskolelærere,0.0084,3,3,0.366129
462,4,Sosialfag,all,9,5322,Hjemmehjelper,0.0083,1,3,0.344326
462,4,Sosialfag,all,10,9112,Renholdere i virksomheter,0.006,1,1,0.46875
462,4,Sosialfag,recent,1,5311,Barnehage- og skolefritidsassistenter mv.,0.7722,2,3,0.572124
462,4,Sosialfag,recent,2,5321,Helsefagarbeidere,0.0371,1,2,0.1875
462,4,Sosialfag,recent,3,5312,Skoleassistenter,0.0295,3,1,0.412884
462,4,Sosialfag,recent,4,5223,Butikkmedarbeidere,0.0262,3,3,0.449861
462,4,Sosialfag,recent,5,2342,Førskolelærere,0.0239,2,2,0.457528
462,4,Sosialfag,recent,6,5329,Andre pleiemedarbeidere,0.0154,3,2,0.278788
462,4,Sosialfag,recent,7,5322,Hjemmehjelper,0.0104,1,3,0.344326
462,4,Sosialfag,recent,8,2341,Grunnskolelærere,0.01,3,3,0.366129
462,4,Sosialfag,recent,9,4110,Kontormedarbeidere,0.0069,5,5,0.670689
462,4,Sosialfag,recent,10,4321,Lagermedarbeidere og material-forvaltere,0.004,3,3,0.585239
464,4,Tannhelsefag,all,1,5329,Andre pleiemedarbeidere,0.7606,3,2,0.278788
464,4,Tannhelsefag,all,2,3214,Protese- og tannteknikere,0.0437,2,1,
464,4,Tannhelsefag,all,3,5223,Butikkmedarbeidere,0.032,3,3,0.449861
464,4,Tannhelsefag,all,4,4110,Kontormedarbeidere,0.0207,5,5,0.670689
464,4,Tannhelsefag,all,5,5321,Helsefagarbeidere,0.0154,1,2,0.1875
464,4,Tannhelsefag,all,6,5311,Barnehage- og skolefritidsassistenter mv.,0.014,2,3,0.572124
464,4,Tannhelsefag,all,7,1342,Ledere av helsetjenester,0.0078,4,4,0.476886
464,4,Tannhelsefag,all,8,3256,Helsesekretærer,0.007,3,2,0.231527
464,4,Tannhelsefag,all,9,3322,Selgere (engros),0.007,5,5,0.398974
464,4,Tannhelsefag,all,10,2422,Høyere saksbehandlere i offentlig og privat virksomhet,0.0062,5,5,0.450311
464,4,Tannhelsefag,recent,1,5329,Andre pleiemedarbeidere,0.856,3,2,0.278788
464,4,Tannhelsefag,recent,2,5223,Butikkmedarbeidere,0.0587,3,3,0.449861
464,4,Tannhelsefag,recent,3,5321,Helsefagarbeidere,0.0267,1,2,0.1875
464,4,Tannhelsefag,recent,4,5311,Barnehage- og skolefritidsassistenter mv.,0.024,2,3,0.572124
464,4,Tannhelsefag,recent,5,4110,Kontormedarbeidere,0.0133,5,5,0.670689
464,4,Tannhelsefag,recent,6,5414,Vektere,0.0133,3,2,1.0
464,4,Tannhelsefag,recent,7,4226,Resepsjonister (ekskl. hotell),0.008,5,4,0.579901
464,4,Tannhelsefag,recent,8,3214,Protese- og tannteknikere,0.0,2,1,
464,4,Tannhelsefag,recent,9,1342,Ledere av helsetjenester,0.0,4,4,0.476886
464,4,Tannhelsefag,recent,10,3256,Helsesekretærer,0.0,3,2,0.231527
465,4,Terapeutiske fag,all,1,5321,Helsefagarbeidere,0.4267,1,2,0.1875
465,4,Terapeutiske fag,all,2,5142,Kosmetologer mv.,0.1012,2,3,0.400047
465,4,Terapeutiske fag,all,3,5311,Barnehage- og skolefritidsassistenter mv.,0.0987,2,3,0.572124
465,4,Terapeutiske fag,all,4,5223,Butikkmedarbeidere,0.065,3,3,0.449861
465,4,Terapeutiske fag,all,5,4110,Kontormedarbeidere,0.0411,5,5,0.670689
465,4,Terapeutiske fag,all,6,5329,Andre pleiemedarbeidere,0.0396,3,2,0.278788
465,4,Terapeutiske fag,all,7,1420,Varehandelssjefer,0.021,4,5,0.431373
465,4,Terapeutiske fag,all,8,5312,Skoleassistenter,0.0191,3,1,0.412884
465,4,Terapeutiske fag,all,9,9112,Renholdere i virksomheter,0.0186,1,1,0.46875
465,4,Terapeutiske fag,all,10,3412,Miljøarbeidere innen sosiale fagfelt,0.0147,3,3,0.48
465,4,Terapeutiske fag,recent,1,5142,Kosmetologer mv.,0.5,2,3,0.400047
465,4,Terapeutiske fag,recent,2,5321,Helsefagarbeidere,0.3478,1,2,0.1875
465,4,Terapeutiske fag,recent,3,4110,Kontormedarbeidere,0.087,5,5,0.670689
465,4,Terapeutiske fag,recent,4,1420,Varehandelssjefer,0.0652,4,5,0.431373
465,4,Terapeutiske fag,recent,5,5311,Barnehage- og skolefritidsassistenter mv.,0.0,2,3,0.572124
465,4,Terapeutiske fag,recent,6,5223,Butikkmedarbeidere,0.0,3,3,0.449861
465,4,Terapeutiske fag,recent,7,5329,Andre pleiemedarbeidere,0.0,3,2,0.278788
465,4,Terapeutiske fag,recent,8,3412,Miljøarbeidere innen sosiale fagfelt,0.0,3,3,0.48
465,4,Terapeutiske fag,recent,9,5312,Skoleassistenter,0.0,3,1,0.412884
465,4,Terapeutiske fag,recent,10,3259,Andre helseyrker,0.0,3,3,0.252238
466,4,Apotekfag,all,1,5223,Butikkmedarbeidere,0.7417,3,3,0.449861
466,4,Apotekfag,all,2,5329,Andre pleiemedarbeidere,0.0301,3,2,0.278788
466,4,Apotekfag,all,3,4110,Kontormedarbeidere,0.0269,5,5,0.670689
466,4,Apotekfag,all,4,5311,Barnehage- og skolefritidsassistenter mv.,0.0252,2,3,0.572124
466,4,Apotekfag,all,5,5321,Helsefagarbeidere,0.0252,1,2,0.1875
466,4,Apotekfag,all,6,1420,Varehandelssjefer,0.0099,4,5,0.431373
466,4,Apotekfag,all,7,3322,Selgere (engros),0.0091,5,5,0.398974
466,4,Apotekfag,all,8,3256,Helsesekretærer,0.0082,3,2,0.231527
466,4,Apotekfag,all,9,9112,Renholdere i virksomheter,0.0074,1,1,0.46875
466,4,Apotekfag,all,10,2422,Høyere saksbehandlere i offentlig og privat virksomhet,0.0072,5,5,0.450311
466,4,Apotekfag,recent,1,5223,Butikkmedarbeidere,0.814,3,3,0.449861
466,4,Apotekfag,recent,2,5329,Andre pleiemedarbeidere,0.0566,3,2,0.278788
466,4,Apotekfag,recent,3,5311,Barnehage- og skolefritidsassistenter mv.,0.0377,2,3,0.572124
466,4,Apotekfag,recent,4,5321,Helsefagarbeidere,0.027,1,2,0.1875
466,4,Apotekfag,recent,5,5312,Skoleassistenter,0.0162,3,1,0.412884
466,4,Apotekfag,recent,6,4110,Kontormedarbeidere,0.0108,5,5,0.670689
466,4,Apotekfag,recent,7,9112,Renholdere i virksomheter,0.0108,1,1,0.46875
466,4,Apotekfag,recent,8,8322,"Bil-, drosje- og varebilførere",0.0108,3,2,0.795414
466,4,Apotekfag,recent,9,5414,Vektere,0.0081,3,2,1.0
466,4,Apotekfag,recent,10,5120,Kokker,0.0081,2,2,0.325445
468,4,Idrettsfag,all,1,5223,Butikkmedarbeidere,0.1296,3,3,0.449861
468,4,Idrettsfag,all,2,0310,Menige,0.0926,,3,
468,4,Idrettsfag,all,3,5329,Andre pleiemedarbeidere,0.0775,3,2,0.278788
468,4,Idrettsfag,all,4,5311,Barnehage- og skolefritidsassistenter mv.,0.0484,2,3,0.572124
468,4,Idrettsfag,all,5,4321,Lagermedarbeidere og material-forvaltere,0.0345,3,3,0.585239
468,4,Idrettsfag,all,6,3322,Selgere (engros),0.0322,5,5,0.398974
468,4,Idrettsfag,all,7,1420,Varehandelssjefer,0.0262,4,5,0.431373
468,4,Idrettsfag,all,8,4110,Kontormedarbeidere,0.0179,5,5,0.670689
468,4,Idrettsfag,all,9,5321,Helsefagarbeidere,0.0165,1,2,0.1875
468,4,Idrettsfag,all,10,5312,Skoleassistenter,0.0163,3,1,0.412884
468,4,Idrettsfag,recent,1,5223,Butikkmedarbeidere,0.1555,3,3,0.449861
468,4,Idrettsfag,recent,2,5329,Andre pleiemedarbeidere,0.1083,3,2,0.278788
468,4,Idrettsfag,recent,3,0310,Menige,0.0884,,3,
468,4,Idrettsfag,recent,4,5311,Barnehage- og skolefritidsassistenter mv.,0.0599,2,3,0.572124
468,4,Idrettsfag,recent,5,4321,Lagermedarbeidere og material-forvaltere,0.0438,3,3,0.585239
468,4,Idrettsfag,recent,6,5321,Helsefagarbeidere,0.0251,1,2,0.1875
468,4,Idrettsfag,recent,7,5322,Hjemmehjelper,0.0222,1,3,0.344326
468,4,Idrettsfag,recent,8,5414,Vektere,0.0184,3,2,1.0
468,4,Idrettsfag,recent,9,3421,Idrettsutøvere,0.0184,1,1,
468,4,Idrettsfag,recent,10,7115,Tømrere og snekkere,0.0184,2,2,
469,4,"Helse-, sosial- og idrettsfag, andre",all,1,9112,Renholdere i virksomheter,0.2968,1,1,0.46875
469,4,"Helse-, sosial- og idrettsfag, andre",all,2,3256,Helsesekretærer,0.2285,3,2,0.231527
469,4,"Helse-, sosial- og idrettsfag, andre",all,3,3258,Ambulansepersonell,0.1221,2,1,
469,4,"Helse-, sosial- og idrettsfag, andre",all,4,5321,Helsefagarbeidere,0.0467,1,2,0.1875
469,4,"Helse-, sosial- og idrettsfag, andre",all,5,5329,Andre pleiemedarbeidere,0.0388,3,2,0.278788
469,4,"Helse-, sosial- og idrettsfag, andre",all,6,4110,Kontormedarbeidere,0.0346,5,5,0.670689
469,4,"Helse-, sosial- og idrettsfag, andre",all,7,5151,Renholdsledere i virksomheter,0.0218,3,3,0.490044
469,4,"Helse-, sosial- og idrettsfag, andre",all,8,5311,Barnehage- og skolefritidsassistenter mv.,0.0216,2,3,0.572124
469,4,"Helse-, sosial- og idrettsfag, andre",all,9,5223,Butikkmedarbeidere,0.0209,3,3,0.449861
469,4,"Helse-, sosial- og idrettsfag, andre",all,10,2422,Høyere saksbehandlere i offentlig og privat virksomhet,0.0165,5,5,0.450311
469,4,"Helse-, sosial- og idrettsfag, andre",recent,1,9112,Renholdere i virksomheter,0.3992,1,1,0.46875
469,4,"Helse-, sosial- og idrettsfag, andre",recent,2,3256,Helsesekretærer,0.236,3,2,0.231527
469,4,"Helse-, sosial- og idrettsfag, andre",recent,3,3258,Ambulansepersonell,0.1461,2,1,
469,4,"Helse-, sosial- og idrettsfag, andre",recent,4,5329,Andre pleiemedarbeidere,0.0589,3,2,0.278788
469,4,"Helse-, sosial- og idrettsfag, andre",recent,5,5151,Renholdsledere i virksomheter,0.0264,3,3,0.490044
469,4,"Helse-, sosial- og idrettsfag, andre",recent,6,5321,Helsefagarbeidere,0.0215,1,2,0.1875
469,4,"Helse-, sosial- og idrettsfag, andre",recent,7,4110,Kontormedarbeidere,0.0181,5,5,0.670689
469,4,"Helse-, sosial- og idrettsfag, andre",recent,8,5223,Butikkmedarbeidere,0.0177,3,3,0.449861
469,4,"Helse-, sosial- og idrettsfag, andre",recent,9,5311,Barnehage- og skolefritidsassistenter mv.,0.014,2,3,0.572124
469,4,"Helse-, sosial- og idrettsfag, andre",recent,10,3214,Protese- og tannteknikere,0.0083,2,1,
471,4,Fiske og havbruk,all,1,6221,Havbruksarbeidere,0.5587,2,2,0.0
471,4,Fiske og havbruk,all,2,8350,Dekks- og maskinmannskap (skip),0.0506,1,1,
471,4,Fiske og havbruk,all,3,3152,Dekksoffiserer og loser,0.0449,3,3,1.0
471,4,Fiske og havbruk,all,4,1321,Ledere av industriproduksjon mv.,0.0381,4,4,0.0
471,4,Fiske og havbruk,all,5,3115,Maskiningeniører,0.0326,3,3,0.537986
471,4,Fiske og havbruk,all,6,1312,Ledere innen akvakultur mv.,0.0251,3,4,0.230508
471,4,Fiske og havbruk,all,7,3119,Andre ingeniører,0.0155,3,3,0.505172
471,4,Fiske og havbruk,all,8,1120,Administrerende direktører,0.0137,4,5,0.371125
471,4,Fiske og havbruk,all,9,8160,Operatører innen næringsmiddelproduksjon,0.0121,1,1,0.278481
471,4,Fiske og havbruk,all,10,7233,Anleggsmaskin- og industrimekanikere,0.0119,2,2,0.596919
471,4,Fiske og havbruk,recent,1,6221,Havbruksarbeidere,0.6908,2,2,0.0
471,4,Fiske og havbruk,recent,2,8350,Dekks- og maskinmannskap (skip),0.0712,1,1,
471,4,Fiske og havbruk,recent,3,3152,Dekksoffiserer og loser,0.0331,3,3,1.0
471,4,Fiske og havbruk,recent,4,1321,Ledere av industriproduksjon mv.,0.0242,4,4,0.0
471,4,Fiske og havbruk,recent,5,3115,Maskiningeniører,0.0229,3,3,0.537986
471,4,Fiske og havbruk,recent,6,6121,Melke- og husdyrprodusenter,0.0165,2,2,0.0
471,4,Fiske og havbruk,recent,7,1312,Ledere innen akvakultur mv.,0.014,3,4,0.230508
471,4,Fiske og havbruk,recent,8,7233,Anleggsmaskin- og industrimekanikere,0.0127,2,2,0.596919
471,4,Fiske og havbruk,recent,9,3119,Andre ingeniører,0.0115,3,3,0.505172
471,4,Fiske og havbruk,recent,10,8160,Operatører innen næringsmiddelproduksjon,0.0102,1,1,0.278481
473,4,Gartneri og hagebruk,all,1,6113,Gartnere,0.3621,2,2,0.777533
473,4,Gartneri og hagebruk,all,2,8342,Anleggsmaskinførere,0.0724,1,1,
473,4,Gartneri og hagebruk,all,3,5153,Vaktmestre,0.0537,1,1,
473,4,Gartneri og hagebruk,all,4,3123,"Arbeidsleder, bygg og anlegg",0.0529,4,3,0.571429
473,4,Gartneri og hagebruk,all,5,5223,Butikkmedarbeidere,0.0468,3,3,0.449861
473,4,Gartneri og hagebruk,all,6,9312,Hjelpearbeidere i anlegg,0.0423,1,1,
473,4,Gartneri og hagebruk,all,7,1323,Ledere av bygge- og anleggsvirksomhet,0.0264,4,3,0.344482
473,4,Gartneri og hagebruk,all,8,1120,Administrerende direktører,0.0224,4,5,0.371125
473,4,Gartneri og hagebruk,all,9,1420,Varehandelssjefer,0.0199,4,5,0.431373
473,4,Gartneri og hagebruk,all,10,9214,Hjelpearbeidere i gartneri mv.,0.0159,1,1,0.334846
473,4,Gartneri og hagebruk,recent,1,6113,Gartnere,0.5059,2,2,0.777533
473,4,Gartneri og hagebruk,recent,2,9312,Hjelpearbeidere i anlegg,0.1383,1,1,
473,4,Gartneri og hagebruk,recent,3,8342,Anleggsmaskinførere,0.1304,1,1,
473,4,Gartneri og hagebruk,recent,4,5223,Butikkmedarbeidere,0.0672,3,3,0.449861
473,4,Gartneri og hagebruk,recent,5,5153,Vaktmestre,0.0316,1,1,
473,4,Gartneri og hagebruk,recent,6,9214,Hjelpearbeidere i gartneri mv.,0.0316,1,1,0.334846
473,4,Gartneri og hagebruk,recent,7,3123,"Arbeidsleder, bygg og anlegg",0.0237,4,3,0.571429
473,4,Gartneri og hagebruk,recent,8,1323,Ledere av bygge- og anleggsvirksomhet,0.0119,4,3,0.344482
473,4,Gartneri og hagebruk,recent,9,1120,Administrerende direktører,0.0119,4,5,0.371125
473,4,Gartneri og hagebruk,recent,10,8332,Lastebil- og trailersjåfører,0.0119,3,3,0.703704
474,4,Skogbruk,all,1,8341,Jordbruks- og skogbruksmaskinførere,0.2831,1,1,
474,4,Skogbruk,all,2,6210,Skogbrukere,0.129,2,1,0.0
474,4,Skogbruk,all,3,3143,Skogteknikere,0.0962,3,2,0.631579
474,4,Skogbruk,all,4,8342,Anleggsmaskinførere,0.0678,1,1,
474,4,Skogbruk,all,5,1120,Administrerende direktører,0.0481,4,5,0.371125
474,4,Skogbruk,all,6,8332,Lastebil- og trailersjåfører,0.0372,3,3,0.703704
474,4,Skogbruk,all,7,9312,Hjelpearbeidere i anlegg,0.0328,1,1,
474,4,Skogbruk,all,8,3315,Takstmenn,0.0317,5,4,0.467849
474,4,Skogbruk,all,9,5153,Vaktmestre,0.0251,1,1,
474,4,Skogbruk,all,10,2422,Høyere saksbehandlere i offentlig og privat virksomhet,0.0208,5,5,0.450311
474,4,Skogbruk,recent,1,8341,Jordbruks- og skogbruksmaskinførere,0.6271,1,1,
474,4,Skogbruk,recent,2,6210,Skogbrukere,0.2034,2,1,0.0
474,4,Skogbruk,recent,3,8342,Anleggsmaskinførere,0.1186,1,1,
474,4,Skogbruk,recent,4,9312,Hjelpearbeidere i anlegg,0.0508,1,1,
474,4,Skogbruk,recent,5,3143,Skogteknikere,0.0,3,2,0.631579
474,4,Skogbruk,recent,6,1120,Administrerende direktører,0.0,4,5,0.371125
474,4,Skogbruk,recent,7,8332,Lastebil- og trailersjåfører,0.0,3,3,0.703704
474,4,Skogbruk,recent,8,5153,Vaktmestre,0.0,1,1,
474,4,Skogbruk,recent,9,7115,Tømrere og snekkere,0.0,2,2,
474,4,Skogbruk,recent,10,3315,Takstmenn,0.0,5,4,0.467849
479,4,"Primærnæringsfag, andre",all,1,5223,Butikkmedarbeidere,0.1013,3,3,0.449861
479,4,"Primærnæringsfag, andre",all,2,6130,Plante- og husdyrprodusenter (kombinasjonsbruk),0.0473,2,2,0.0
479,4,"Primærnæringsfag, andre",all,3,5329,Andre pleiemedarbeidere,0.0389,3,2,0.278788
479,4,"Primærnæringsfag, andre",all,4,5311,Barnehage- og skolefritidsassistenter mv.,0.0384,2,3,0.572124
479,4,"Primærnæringsfag, andre",all,5,6121,Melke- og husdyrprodusenter,0.0338,2,2,0.0
479,4,"Primærnæringsfag, andre",all,6,8332,Lastebil- og trailersjåfører,0.0338,3,3,0.703704
479,4,"Primærnæringsfag, andre",all,7,8342,Anleggsmaskinførere,0.0327,1,1,
479,4,"Primærnæringsfag, andre",all,8,9112,Renholdere i virksomheter,0.0264,1,1,0.46875
479,4,"Primærnæringsfag, andre",all,9,8160,Operatører innen næringsmiddelproduksjon,0.0257,1,1,0.278481
479,4,"Primærnæringsfag, andre",all,10,9312,Hjelpearbeidere i anlegg,0.0241,1,1,
479,4,"Primærnæringsfag, andre",recent,1,5223,Butikkmedarbeidere,0.1904,3,3,0.449861
479,4,"Primærnæringsfag, andre",recent,2,6130,Plante- og husdyrprodusenter (kombinasjonsbruk),0.0894,2,2,0.0
479,4,"Primærnæringsfag, andre",recent,3,5311,Barnehage- og skolefritidsassistenter mv.,0.0635,2,3,0.572124
479,4,"Primærnæringsfag, andre",recent,4,5329,Andre pleiemedarbeidere,0.0609,3,2,0.278788
479,4,"Primærnæringsfag, andre",recent,5,6121,Melke- og husdyrprodusenter,0.0596,2,2,0.0
479,4,"Primærnæringsfag, andre",recent,6,8342,Anleggsmaskinførere,0.0505,1,1,
479,4,"Primærnæringsfag, andre",recent,7,9312,Hjelpearbeidere i anlegg,0.044,1,1,
479,4,"Primærnæringsfag, andre",recent,8,8332,Lastebil- og trailersjåfører,0.0311,3,3,0.703704
479,4,"Primærnæringsfag, andre",recent,9,8160,Operatører innen næringsmiddelproduksjon,0.0233,1,1,0.278481
479,4,"Primærnæringsfag, andre",recent,10,4110,Kontormedarbeidere,0.022,5,5,0.670689
481,4,Samferdsel,all,1,8332,Lastebil- og trailersjåfører,0.1731,3,3,0.703704
481,4,Samferdsel,all,2,8331,Bussjåfører og trikkeførere,0.1283,4,2,0.728593
481,4,Samferdsel,all,3,4321,Lagermedarbeidere og material-forvaltere,0.1169,3,3,0.585239
481,4,Samferdsel,all,4,8350,Dekks- og maskinmannskap (skip),0.0548,1,1,
481,4,Samferdsel,all,5,3152,Dekksoffiserer og loser,0.0494,3,3,1.0
481,4,Samferdsel,all,6,4322,Logistikkmedarbeidere,0.0398,5,5,0.439394
481,4,Samferdsel,all,7,8342,Anleggsmaskinførere,0.0322,1,1,
481,4,Samferdsel,all,8,4323,Transportfunksjonærer,0.0222,5,5,0.0
481,4,Samferdsel,all,9,9611,Renovasjonsarbeidere,0.0182,2,3,1.0
481,4,Samferdsel,all,10,1324,Ledere av logistikk og transport mv.,0.0181,4,4,0.411458
481,4,Samferdsel,recent,1,8332,Lastebil- og trailersjåfører,0.1976,3,3,0.703704
481,4,Samferdsel,recent,2,4321,Lagermedarbeidere og material-forvaltere,0.1635,3,3,0.585239
481,4,Samferdsel,recent,3,8331,Bussjåfører og trikkeførere,0.1511,4,2,0.728593
481,4,Samferdsel,recent,4,8350,Dekks- og maskinmannskap (skip),0.0686,1,1,
481,4,Samferdsel,recent,5,4322,Logistikkmedarbeidere,0.0516,5,5,0.439394
481,4,Samferdsel,recent,6,8342,Anleggsmaskinførere,0.0361,1,1,
481,4,Samferdsel,recent,7,4323,Transportfunksjonærer,0.0235,5,5,0.0
481,4,Samferdsel,recent,8,9333,Laste- og lossearbeidere,0.0212,1,3,0.315508
481,4,Samferdsel,recent,9,9611,Renovasjonsarbeidere,0.0199,2,3,1.0
481,4,Samferdsel,recent,10,8322,"Bil-, drosje- og varebilførere",0.0183,3,2,0.795414
482,4,Sikkerhet,all,1,5414,Vektere,0.5014,3,2,1.0
482,4,Sikkerhet,all,2,0310,Menige,0.0355,,3,
482,4,Sikkerhet,all,3,4110,Kontormedarbeidere,0.0266,5,5,0.670689
482,4,Sikkerhet,all,4,5153,Vaktmestre,0.0244,1,1,
482,4,Sikkerhet,all,5,5223,Butikkmedarbeidere,0.0216,3,3,0.449861
482,4,Sikkerhet,all,6,3322,Selgere (engros),0.0188,5,5,0.398974
482,4,Sikkerhet,all,7,2422,Høyere saksbehandlere i offentlig og privat virksomhet,0.0166,5,5,0.450311
482,4,Sikkerhet,all,8,4323,Transportfunksjonærer,0.015,5,5,0.0
482,4,Sikkerhet,all,9,5311,Barnehage- og skolefritidsassistenter mv.,0.0122,2,3,0.572124
482,4,Sikkerhet,all,10,2421,Organisasjonsrådgivere mv.,0.0116,4,5,0.423703
482,4,Sikkerhet,recent,1,5414,Vektere,0.7128,3,2,1.0
482,4,Sikkerhet,recent,2,0310,Menige,0.0426,,3,
482,4,Sikkerhet,recent,3,5223,Butikkmedarbeidere,0.0293,3,3,0.449861
482,4,Sikkerhet,recent,4,4323,Transportfunksjonærer,0.0266,5,5,0.0
482,4,Sikkerhet,recent,5,5153,Vaktmestre,0.0213,1,1,
482,4,Sikkerhet,recent,6,3343,Sjefssekretærer,0.0186,5,4,0.701211
482,4,Sikkerhet,recent,7,0210,Befal med sersjant grad,0.0186,,,
482,4,Sikkerhet,recent,8,3322,Selgere (engros),0.016,5,5,0.398974
482,4,Sikkerhet,recent,9,4110,Kontormedarbeidere,0.0133,5,5,0.670689
482,4,Sikkerhet,recent,10,2421,Organisasjonsrådgivere mv.,0.0133,4,5,0.423703
483,4,Andre servicefag,all,1,5141,Frisører,0.3394,2,3,0.464395
483,4,Andre servicefag,all,2,5223,Butikkmedarbeidere,0.0851,3,3,0.449861
483,4,Andre servicefag,all,3,5311,Barnehage- og skolefritidsassistenter mv.,0.0468,2,3,0.572124
483,4,Andre servicefag,all,4,5329,Andre pleiemedarbeidere,0.0441,3,2,0.278788
483,4,Andre servicefag,all,5,1420,Varehandelssjefer,0.0415,4,5,0.431373
483,4,Andre servicefag,all,6,4110,Kontormedarbeidere,0.0387,5,5,0.670689
483,4,Andre servicefag,all,7,5131,Servitører,0.0331,2,1,0.572016
483,4,Andre servicefag,all,8,1439,Andre daglige ledere i tjenesteytende virksomheter,0.0238,4,4,0.4435
483,4,Andre servicefag,all,9,9611,Renovasjonsarbeidere,0.019,2,3,1.0
483,4,Andre servicefag,all,10,3322,Selgere (engros),0.0186,5,5,0.398974
483,4,Andre servicefag,recent,1,5141,Frisører,0.4284,2,3,0.464395
483,4,Andre servicefag,recent,2,5223,Butikkmedarbeidere,0.1152,3,3,0.449861
483,4,Andre servicefag,recent,3,5131,Servitører,0.0538,2,1,0.572016
483,4,Andre servicefag,recent,4,9611,Renovasjonsarbeidere,0.0455,2,3,1.0
483,4,Andre servicefag,recent,5,5311,Barnehage- og skolefritidsassistenter mv.,0.0432,2,3,0.572124
483,4,Andre servicefag,recent,6,5329,Andre pleiemedarbeidere,0.0387,3,2,0.278788
483,4,Andre servicefag,recent,7,5142,Kosmetologer mv.,0.0318,2,3,0.400047
483,4,Andre servicefag,recent,8,9612,Gjenvinningsarbeidere,0.0235,2,2,
483,4,Andre servicefag,recent,9,1420,Varehandelssjefer,0.0227,4,5,0.431373
483,4,Andre servicefag,recent,10,8342,Anleggsmaskinførere,0.019,1,1,
489,4,"Samferdsels- og sikkerhetsfag og andre servicefag, andre",all,1,9112,Renholdere i virksomheter,0.1449,1,1,0.46875
489,4,"Samferdsels- og sikkerhetsfag og andre servicefag, andre",all,2,5223,Butikkmedarbeidere,0.0532,3,3,0.449861
489,4,"Samferdsels- og sikkerhetsfag og andre servicefag, andre",all,3,8160,Operatører innen næringsmiddelproduksjon,0.0466,1,1,0.278481
489,4,"Samferdsels- og sikkerhetsfag og andre servicefag, andre",all,4,5120,Kokker,0.0407,2,2,0.325445
489,4,"Samferdsels- og sikkerhetsfag og andre servicefag, andre",all,5,8332,Lastebil- og trailersjåfører,0.0381,3,3,0.703704
489,4,"Samferdsels- og sikkerhetsfag og andre servicefag, andre",all,6,5311,Barnehage- og skolefritidsassistenter mv.,0.0359,2,3,0.572124
489,4,"Samferdsels- og sikkerhetsfag og andre servicefag, andre",all,7,5141,Frisører,0.0329,2,3,0.464395
489,4,"Samferdsels- og sikkerhetsfag og andre servicefag, andre",all,8,5329,Andre pleiemedarbeidere,0.0314,3,2,0.278788
489,4,"Samferdsels- og sikkerhetsfag og andre servicefag, andre",all,9,7115,Tømrere og snekkere,0.0277,2,2,
489,4,"Samferdsels- og sikkerhetsfag og andre servicefag, andre",all,10,8331,Bussjåfører og trikkeførere,0.0266,4,2,0.728593
489,4,"Samferdsels- og sikkerhetsfag og andre servicefag, andre",recent,1,9112,Renholdere i virksomheter,0.2632,1,1,0.46875
489,4,"Samferdsels- og sikkerhetsfag og andre servicefag, andre",recent,2,8160,Operatører innen næringsmiddelproduksjon,0.193,1,1,0.278481
489,4,"Samferdsels- og sikkerhetsfag og andre servicefag, andre",recent,3,5223,Butikkmedarbeidere,0.1404,3,3,0.449861
489,4,"Samferdsels- og sikkerhetsfag og andre servicefag, andre",recent,4,9412,Kjøkkenassistenter,0.1228,1,1,0.228
489,4,"Samferdsels- og sikkerhetsfag og andre servicefag, andre",recent,5,5141,Frisører,0.0702,2,3,0.464395
489,4,"Samferdsels- og sikkerhetsfag og andre servicefag, andre",recent,6,5120,Kokker,0.0526,2,2,0.325445
489,4,"Samferdsels- og sikkerhetsfag og andre servicefag, andre",recent,7,5311,Barnehage- og skolefritidsassistenter mv.,0.0526,2,3,0.572124
489,4,"Samferdsels- og sikkerhetsfag og andre servicefag, andre",recent,8,5153,Vaktmestre,0.0526,1,1,
489,4,"Samferdsels- og sikkerhetsfag og andre servicefag, andre",recent,9,5246,Gatekjøkken- og kafémedarbeidere mv.,0.0526,1,1,0.370468
489,4,"Samferdsels- og sikkerhetsfag og andre servicefag, andre",recent,10,8332,Lastebil- og trailersjåfører,0.0,3,3,0.703704
499,4,Uoppgitt faggruppe,all,1,9112,Renholdere i virksomheter,0.1098,1,1,0.46875
499,4,Uoppgitt faggruppe,all,2,7115,Tømrere og snekkere,0.0733,2,2,
499,4,Uoppgitt faggruppe,all,3,8160,Operatører innen næringsmiddelproduksjon,0.0452,1,1,0.278481
499,4,Uoppgitt faggruppe,all,4,5120,Kokker,0.0449,2,2,0.325445
499,4,Uoppgitt faggruppe,all,5,5223,Butikkmedarbeidere,0.0424,3,3,0.449861
499,4,Uoppgitt faggruppe,all,6,5131,Servitører,0.0338,2,1,0.572016
499,4,Uoppgitt faggruppe,all,7,5311,Barnehage- og skolefritidsassistenter mv.,0.0299,2,3,0.572124
499,4,Uoppgitt faggruppe,all,8,9412,Kjøkkenassistenter,0.0273,1,1,0.228
499,4,Uoppgitt faggruppe,all,9,5329,Andre pleiemedarbeidere,0.0257,3,2,0.278788
499,4,Uoppgitt faggruppe,all,10,4321,Lagermedarbeidere og material-forvaltere,0.0256,3,3,0.585239
499,4,Uoppgitt faggruppe,recent,1,9112,Renholdere i virksomheter,0.1102,1,1,0.46875
499,4,Uoppgitt faggruppe,recent,2,7115,Tømrere og snekkere,0.0743,2,2,
499,4,Uoppgitt faggruppe,recent,3,8160,Operatører innen næringsmiddelproduksjon,0.0733,1,1,0.278481
499,4,Uoppgitt faggruppe,recent,4,5223,Butikkmedarbeidere,0.0704,3,3,0.449861
499,4,Uoppgitt faggruppe,recent,5,5131,Servitører,0.0534,2,1,0.572016
499,4,Uoppgitt faggruppe,recent,6,5329,Andre pleiemedarbeidere,0.0393,3,2,0.278788
499,4,Uoppgitt faggruppe,recent,7,5120,Kokker,0.0369,2,2,0.325445
499,4,Uoppgitt faggruppe,recent,8,5311,Barnehage- og skolefritidsassistenter mv.,0.033,2,3,0.572124
499,4,Uoppgitt faggruppe,recent,9,9412,Kjøkkenassistenter,0.033,1,1,0.228
499,4,Uoppgitt faggruppe,recent,10,4321,Lagermedarbeidere og material-forvaltere,0.0257,3,3,0.585239
501,5,Allmenne fag,all,1,5321,Helsefagarbeidere,0.0704,1,2,0.1875
501,5,Allmenne fag,all,2,5311,Barnehage- og skolefritidsassistenter mv.,0.042,2,3,0.572124
501,5,Allmenne fag,all,3,5223,Butikkmedarbeidere,0.0417,3,3,0.449861
501,5,Allmenne fag,all,4,4110,Kontormedarbeidere,0.0293,5,5,0.670689
501,5,Allmenne fag,all,5,3322,Selgere (engros),0.0277,5,5,0.398974
501,5,Allmenne fag,all,6,5329,Andre pleiemedarbeidere,0.0274,3,2,0.278788
501,5,Allmenne fag,all,7,3119,Andre ingeniører,0.0272,3,3,0.505172
501,5,Allmenne fag,all,8,2422,Høyere saksbehandlere i offentlig og privat virksomhet,0.0261,5,5,0.450311
501,5,Allmenne fag,all,9,1120,Administrerende direktører,0.0232,4,5,0.371125
501,5,Allmenne fag,all,10,9112,Renholdere i virksomheter,0.0225,1,1,0.46875
514,5,Religionsutdanninger,all,1,3413,Religiøse yrker,0.2366,3,,
514,5,Religionsutdanninger,all,2,5321,Helsefagarbeidere,0.229,1,2,0.1875
514,5,Religionsutdanninger,all,3,5311,Barnehage- og skolefritidsassistenter mv.,0.0916,2,3,0.572124
514,5,Religionsutdanninger,all,4,5223,Butikkmedarbeidere,0.0916,3,3,0.449861
514,5,Religionsutdanninger,all,5,5329,Andre pleiemedarbeidere,0.084,3,2,0.278788
514,5,Religionsutdanninger,all,6,2636,Geistlige yrker,0.0687,3,4,0.35249
514,5,Religionsutdanninger,all,7,5153,Vaktmestre,0.0611,1,1,
514,5,Religionsutdanninger,all,8,8331,Bussjåfører og trikkeførere,0.0305,4,2,0.728593
514,5,Religionsutdanninger,all,9,7115,Tømrere og snekkere,0.0305,2,2,
514,5,Religionsutdanninger,all,10,8322,"Bil-, drosje- og varebilførere",0.0305,3,2,0.795414
514,5,Religionsutdanninger,recent,1,3413,Religiøse yrker,0.3846,3,,
514,5,Religionsutdanninger,recent,2,5311,Barnehage- og skolefritidsassistenter mv.,0.3846,2,3,0.572124
514,5,Religionsutdanninger,recent,3,7115,Tømrere og snekkere,0.2308,2,2,
514,5,Religionsutdanninger,recent,4,2636,Geistlige yrker,0.0,3,4,0.35249
514,5,Religionsutdanninger,recent,5,8331,Bussjåfører og trikkeførere,0.0,4,2,0.728593
514,5,Religionsutdanninger,recent,6,5321,Helsefagarbeidere,0.0,1,2,0.1875
514,5,Religionsutdanninger,recent,7,4110,Kontormedarbeidere,0.0,5,5,0.670689
514,5,Religionsutdanninger,recent,8,5153,Vaktmestre,0.0,1,1,
514,5,Religionsutdanninger,recent,9,5329,Andre pleiemedarbeidere,0.0,3,2,0.278788
514,5,Religionsutdanninger,recent,10,5223,Butikkmedarbeidere,0.0,3,3,0.449861
515,5,"Musikk, dans og drama",all,1,5223,Butikkmedarbeidere,0.2609,3,3,0.449861
515,5,"Musikk, dans og drama",all,2,5311,Barnehage- og skolefritidsassistenter mv.,0.1677,2,3,0.572124
515,5,"Musikk, dans og drama",all,3,2655,Skuespillere,0.0683,2,2,0.524444
515,5,"Musikk, dans og drama",all,4,5132,Bartendere,0.0683,2,1,0.449153
515,5,"Musikk, dans og drama",all,5,5131,Servitører,0.0683,2,1,0.572016
515,5,"Musikk, dans og drama",all,6,2659,Andre utøvende kunstneriske yrker,0.0559,4,4,
515,5,"Musikk, dans og drama",all,7,5329,Andre pleiemedarbeidere,0.0559,3,2,0.278788
515,5,"Musikk, dans og drama",all,8,3322,Selgere (engros),0.0435,5,5,0.398974
515,5,"Musikk, dans og drama",all,9,4321,Lagermedarbeidere og material-forvaltere,0.0373,3,3,0.585239
515,5,"Musikk, dans og drama",all,10,2653,Koreografer og dansere,0.0373,2,2,0.38835
515,5,"Musikk, dans og drama",recent,1,5223,Butikkmedarbeidere,0.2727,3,3,0.449861
515,5,"Musikk, dans og drama",recent,2,5311,Barnehage- og skolefritidsassistenter mv.,0.2727,2,3,0.572124
515,5,"Musikk, dans og drama",recent,3,5132,Bartendere,0.0909,2,1,0.449153
515,5,"Musikk, dans og drama",recent,4,3322,Selgere (engros),0.0909,5,5,0.398974
515,5,"Musikk, dans og drama",recent,5,5131,Servitører,0.0909,2,1,0.572016
515,5,"Musikk, dans og drama",recent,6,5329,Andre pleiemedarbeidere,0.0909,3,2,0.278788
515,5,"Musikk, dans og drama",recent,7,4321,Lagermedarbeidere og material-forvaltere,0.0909,3,3,0.585239
515,5,"Musikk, dans og drama",recent,8,2655,Skuespillere,0.0,2,2,0.524444
515,5,"Musikk, dans og drama",recent,9,2659,Andre utøvende kunstneriske yrker,0.0,4,4,
515,5,"Musikk, dans og drama",recent,10,3439,Andre yrker innen estetiske fag,0.0,3,,
516,5,Bildende kunst og kunsthåndverk,all,1,5223,Butikkmedarbeidere,0.3089,3,3,0.449861
516,5,Bildende kunst og kunsthåndverk,all,2,2166,Grafiske- og multimediadesignere,0.0657,5,5,0.48798
516,5,Bildende kunst og kunsthåndverk,all,3,5311,Barnehage- og skolefritidsassistenter mv.,0.0587,2,3,0.572124
516,5,Bildende kunst og kunsthåndverk,all,4,1420,Varehandelssjefer,0.0559,4,5,0.431373
516,5,Bildende kunst og kunsthåndverk,all,5,4110,Kontormedarbeidere,0.0521,5,5,0.670689
516,5,Bildende kunst og kunsthåndverk,all,6,3322,Selgere (engros),0.0441,5,5,0.398974
516,5,Bildende kunst og kunsthåndverk,all,7,2163,Produkt- og klesdesignere,0.0385,4,4,0.488239
516,5,Bildende kunst og kunsthåndverk,all,8,5329,Andre pleiemedarbeidere,0.0352,3,2,0.278788
516,5,Bildende kunst og kunsthåndverk,all,9,3432,Interiørdesignere og dekoratører,0.0268,3,4,0.289896
516,5,Bildende kunst og kunsthåndverk,all,10,2431,Reklame- og markedsføringsrådgivere,0.0235,5,5,0.461735
516,5,Bildende kunst og kunsthåndverk,recent,1,5223,Butikkmedarbeidere,0.4256,3,3,0.449861
516,5,Bildende kunst og kunsthåndverk,recent,2,2166,Grafiske- og multimediadesignere,0.1074,5,5,0.48798
516,5,Bildende kunst og kunsthåndverk,recent,3,5131,Servitører,0.0579,2,1,0.572016
516,5,Bildende kunst og kunsthåndverk,recent,4,5311,Barnehage- og skolefritidsassistenter mv.,0.0537,2,3,0.572124
516,5,Bildende kunst og kunsthåndverk,recent,5,3322,Selgere (engros),0.0537,5,5,0.398974
516,5,Bildende kunst og kunsthåndverk,recent,6,2163,Produkt- og klesdesignere,0.0496,4,4,0.488239
516,5,Bildende kunst og kunsthåndverk,recent,7,3431,Fotografer og filmfotografer,0.0372,3,3,0.461126
516,5,Bildende kunst og kunsthåndverk,recent,8,5329,Andre pleiemedarbeidere,0.0289,3,2,0.278788
516,5,Bildende kunst og kunsthåndverk,recent,9,5132,Bartendere,0.0289,2,1,0.449153
516,5,Bildende kunst og kunsthåndverk,recent,10,4110,Kontormedarbeidere,0.0207,5,5,0.670689
524,5,Utdanninger i pedagogikk,all,1,5311,Barnehage- og skolefritidsassistenter mv.,0.7698,2,3,0.572124
524,5,Utdanninger i pedagogikk,all,2,5321,Helsefagarbeidere,0.0981,1,2,0.1875
524,5,Utdanninger i pedagogikk,all,3,5312,Skoleassistenter,0.0566,3,1,0.412884
524,5,Utdanninger i pedagogikk,all,4,2342,Førskolelærere,0.0415,2,2,0.457528
524,5,Utdanninger i pedagogikk,all,5,5322,Hjemmehjelper,0.0226,1,3,0.344326
524,5,Utdanninger i pedagogikk,all,6,5223,Butikkmedarbeidere,0.0113,3,3,0.449861
524,5,Utdanninger i pedagogikk,recent,1,5311,Barnehage- og skolefritidsassistenter mv.,0.9062,2,3,0.572124
524,5,Utdanninger i pedagogikk,recent,2,5321,Helsefagarbeidere,0.0521,1,2,0.1875
524,5,Utdanninger i pedagogikk,recent,3,2342,Førskolelærere,0.0417,2,2,0.457528
524,5,Utdanninger i pedagogikk,recent,4,5312,Skoleassistenter,0.0,3,1,0.412884
524,5,Utdanninger i pedagogikk,recent,5,5322,Hjemmehjelper,0.0,1,3,0.344326
524,5,Utdanninger i pedagogikk,recent,6,5223,Butikkmedarbeidere,0.0,3,3,0.449861
529,5,"Lærerutdanninger og utdanninger i pedagogikk, andre",all,1,5321,Helsefagarbeidere,0.2883,1,2,0.1875
529,5,"Lærerutdanninger og utdanninger i pedagogikk, andre",all,2,5311,Barnehage- og skolefritidsassistenter mv.,0.1937,2,3,0.572124
529,5,"Lærerutdanninger og utdanninger i pedagogikk, andre",all,3,3412,Miljøarbeidere innen sosiale fagfelt,0.0473,3,3,0.48
529,5,"Lærerutdanninger og utdanninger i pedagogikk, andre",all,4,5329,Andre pleiemedarbeidere,0.0405,3,2,0.278788
529,5,"Lærerutdanninger og utdanninger i pedagogikk, andre",all,5,2424,Rådgivere innen kompetanseutvikling,0.0383,5,5,0.482315
529,5,"Lærerutdanninger og utdanninger i pedagogikk, andre",all,6,3258,Ambulansepersonell,0.0383,2,1,
529,5,"Lærerutdanninger og utdanninger i pedagogikk, andre",all,7,3259,Andre helseyrker,0.036,3,3,0.252238
529,5,"Lærerutdanninger og utdanninger i pedagogikk, andre",all,8,2422,Høyere saksbehandlere i offentlig og privat virksomhet,0.0338,5,5,0.450311
529,5,"Lærerutdanninger og utdanninger i pedagogikk, andre",all,9,5141,Frisører,0.0315,2,3,0.464395
529,5,"Lærerutdanninger og utdanninger i pedagogikk, andre",all,10,5223,Butikkmedarbeidere,0.027,3,3,0.449861
529,5,"Lærerutdanninger og utdanninger i pedagogikk, andre",recent,1,5321,Helsefagarbeidere,0.4274,1,2,0.1875
529,5,"Lærerutdanninger og utdanninger i pedagogikk, andre",recent,2,5311,Barnehage- og skolefritidsassistenter mv.,0.2137,2,3,0.572124
529,5,"Lærerutdanninger og utdanninger i pedagogikk, andre",recent,3,2424,Rådgivere innen kompetanseutvikling,0.094,5,5,0.482315
529,5,"Lærerutdanninger og utdanninger i pedagogikk, andre",recent,4,5141,Frisører,0.094,2,3,0.464395
529,5,"Lærerutdanninger og utdanninger i pedagogikk, andre",recent,5,2422,Høyere saksbehandlere i offentlig og privat virksomhet,0.0513,5,5,0.450311
529,5,"Lærerutdanninger og utdanninger i pedagogikk, andre",recent,6,5223,Butikkmedarbeidere,0.0342,3,3,0.449861
529,5,"Lærerutdanninger og utdanninger i pedagogikk, andre",recent,7,8131,Operatører innen kjemisk industri,0.0342,1,2,
529,5,"Lærerutdanninger og utdanninger i pedagogikk, andre",recent,8,4110,Kontormedarbeidere,0.0256,5,5,0.670689
529,5,"Lærerutdanninger og utdanninger i pedagogikk, andre",recent,9,3359,Andre yrker innen offentlig forvaltning,0.0256,3,2,
529,5,"Lærerutdanninger og utdanninger i pedagogikk, andre",recent,10,3412,Miljøarbeidere innen sosiale fagfelt,0.0,3,3,0.48
535,5,Medie- og informasjonsfag,all,1,5223,Butikkmedarbeidere,0.1597,3,3,0.449861
535,5,Medie- og informasjonsfag,all,2,2642,Journalister,0.1505,5,5,0.365885
535,5,Medie- og informasjonsfag,all,3,3521,Teknikere innen radio og tv,0.0648,4,3,0.474074
535,5,Medie- og informasjonsfag,all,4,5311,Barnehage- og skolefritidsassistenter mv.,0.0648,2,3,0.572124
535,5,Medie- og informasjonsfag,all,5,4321,Lagermedarbeidere og material-forvaltere,0.0509,3,3,0.585239
535,5,Medie- og informasjonsfag,all,6,2654,Regissører,0.0463,4,4,0.525646
535,5,Medie- og informasjonsfag,all,7,5329,Andre pleiemedarbeidere,0.0417,3,2,0.278788
535,5,Medie- og informasjonsfag,all,8,3322,Selgere (engros),0.037,5,5,0.398974
535,5,Medie- og informasjonsfag,all,9,4110,Kontormedarbeidere,0.037,5,5,0.670689
535,5,Medie- og informasjonsfag,all,10,2166,Grafiske- og multimediadesignere,0.0324,5,5,0.48798
535,5,Medie- og informasjonsfag,recent,1,5223,Butikkmedarbeidere,0.25,3,3,0.449861
535,5,Medie- og informasjonsfag,recent,2,3521,Teknikere innen radio og tv,0.125,4,3,0.474074
535,5,Medie- og informasjonsfag,recent,3,2642,Journalister,0.0893,5,5,0.365885
535,5,Medie- og informasjonsfag,recent,4,5311,Barnehage- og skolefritidsassistenter mv.,0.0893,2,3,0.572124
535,5,Medie- og informasjonsfag,recent,5,2431,Reklame- og markedsføringsrådgivere,0.0714,5,5,0.461735
535,5,Medie- og informasjonsfag,recent,6,2654,Regissører,0.0536,4,4,0.525646
535,5,Medie- og informasjonsfag,recent,7,4321,Lagermedarbeidere og material-forvaltere,0.0536,3,3,0.585239
535,5,Medie- og informasjonsfag,recent,8,5329,Andre pleiemedarbeidere,0.0536,3,2,0.278788
535,5,Medie- og informasjonsfag,recent,9,3439,Andre yrker innen estetiske fag,0.0536,3,,
535,5,Medie- og informasjonsfag,recent,10,8322,"Bil-, drosje- og varebilførere",0.0536,3,2,0.795414
541,5,Økonomisk-administrative fag,all,1,4311,Regnskapsmedarbeidere,0.0877,5,5,0.473857
541,5,Økonomisk-administrative fag,all,2,4110,Kontormedarbeidere,0.0875,5,5,0.670689
541,5,Økonomisk-administrative fag,all,3,3313,Regnskapsførere,0.0696,5,5,0.535417
541,5,Økonomisk-administrative fag,all,4,5223,Butikkmedarbeidere,0.0479,3,3,0.449861
541,5,Økonomisk-administrative fag,all,5,2422,Høyere saksbehandlere i offentlig og privat virksomhet,0.0447,5,5,0.450311
541,5,Økonomisk-administrative fag,all,6,1120,Administrerende direktører,0.0332,4,5,0.371125
541,5,Økonomisk-administrative fag,all,7,7115,Tømrere og snekkere,0.0315,2,2,
541,5,Økonomisk-administrative fag,all,8,3322,Selgere (engros),0.0266,5,5,0.398974
541,5,Økonomisk-administrative fag,all,9,1420,Varehandelssjefer,0.0243,4,5,0.431373
541,5,Økonomisk-administrative fag,all,10,5311,Barnehage- og skolefritidsassistenter mv.,0.0232,2,3,0.572124
541,5,Økonomisk-administrative fag,recent,1,4311,Regnskapsmedarbeidere,0.1873,5,5,0.473857
541,5,Økonomisk-administrative fag,recent,2,4110,Kontormedarbeidere,0.1825,5,5,0.670689
541,5,Økonomisk-administrative fag,recent,3,3313,Regnskapsførere,0.1046,5,5,0.535417
541,5,Økonomisk-administrative fag,recent,4,3119,Andre ingeniører,0.0681,3,3,0.505172
541,5,Økonomisk-administrative fag,recent,5,5223,Butikkmedarbeidere,0.0535,3,3,0.449861
541,5,Økonomisk-administrative fag,recent,6,1322,Ledere av olje- og gassutvinning mv.,0.0414,4,4,0.4435
541,5,Økonomisk-administrative fag,recent,7,4313,Lønningsmedarbeidere,0.0389,5,5,0.420455
541,5,Økonomisk-administrative fag,recent,8,3322,Selgere (engros),0.0341,5,5,0.398974
541,5,Økonomisk-administrative fag,recent,9,2422,Høyere saksbehandlere i offentlig og privat virksomhet,0.0292,5,5,0.450311
541,5,Økonomisk-administrative fag,recent,10,5311,Barnehage- og skolefritidsassistenter mv.,0.0243,2,3,0.572124
542,5,Handel og markedsføring,all,1,5223,Butikkmedarbeidere,0.1935,3,3,0.449861
542,5,Handel og markedsføring,all,2,4110,Kontormedarbeidere,0.1087,5,5,0.670689
542,5,Handel og markedsføring,all,3,1420,Varehandelssjefer,0.1004,4,5,0.431373
542,5,Handel og markedsføring,all,4,3322,Selgere (engros),0.0932,5,5,0.398974
542,5,Handel og markedsføring,all,5,2431,Reklame- og markedsføringsrådgivere,0.0753,5,5,0.461735
542,5,Handel og markedsføring,all,6,2413,Finansanalytikere,0.037,4,5,0.393998
542,5,Handel og markedsføring,all,7,5311,Barnehage- og skolefritidsassistenter mv.,0.0263,2,3,0.572124
542,5,Handel og markedsføring,all,8,1120,Administrerende direktører,0.0251,4,5,0.371125
542,5,Handel og markedsføring,all,9,5329,Andre pleiemedarbeidere,0.0239,3,2,0.278788
542,5,Handel og markedsføring,all,10,5321,Helsefagarbeidere,0.0227,1,2,0.1875
542,5,Handel og markedsføring,recent,1,5223,Butikkmedarbeidere,0.3529,3,3,0.449861
542,5,Handel og markedsføring,recent,2,4110,Kontormedarbeidere,0.2157,5,5,0.670689
542,5,Handel og markedsføring,recent,3,2431,Reklame- og markedsføringsrådgivere,0.2157,5,5,0.461735
542,5,Handel og markedsføring,recent,4,3322,Selgere (engros),0.098,5,5,0.398974
542,5,Handel og markedsføring,recent,5,2413,Finansanalytikere,0.0588,4,5,0.393998
542,5,Handel og markedsføring,recent,6,4222,Kundesentermedarbeidere,0.0588,5,5,0.519483
542,5,Handel og markedsføring,recent,7,1420,Varehandelssjefer,0.0,4,5,0.431373
542,5,Handel og markedsføring,recent,8,1120,Administrerende direktører,0.0,4,5,0.371125
542,5,Handel og markedsføring,recent,9,3341,Arbeidsledere for kontorpersonell,0.0,4,5,0.333868
542,5,Handel og markedsføring,recent,10,4311,Regnskapsmedarbeidere,0.0,5,5,0.473857
543,5,Kontorfag,all,1,4110,Kontormedarbeidere,0.1924,5,5,0.670689
543,5,Kontorfag,all,2,2422,Høyere saksbehandlere i offentlig og privat virksomhet,0.0937,5,5,0.450311
543,5,Kontorfag,all,3,3256,Helsesekretærer,0.0695,3,2,0.231527
543,5,Kontorfag,all,4,5223,Butikkmedarbeidere,0.0469,3,3,0.449861
543,5,Kontorfag,all,5,3343,Sjefssekretærer,0.0408,5,4,0.701211
543,5,Kontorfag,all,6,4311,Regnskapsmedarbeidere,0.0394,5,5,0.473857
543,5,Kontorfag,all,7,5311,Barnehage- og skolefritidsassistenter mv.,0.0318,2,3,0.572124
543,5,Kontorfag,all,8,3313,Regnskapsførere,0.0301,5,5,0.535417
543,5,Kontorfag,all,9,3322,Selgere (engros),0.0285,5,5,0.398974
543,5,Kontorfag,all,10,5321,Helsefagarbeidere,0.0282,1,2,0.1875
543,5,Kontorfag,recent,1,3256,Helsesekretærer,0.2766,3,2,0.231527
543,5,Kontorfag,recent,2,4110,Kontormedarbeidere,0.2723,5,5,0.670689
543,5,Kontorfag,recent,3,5321,Helsefagarbeidere,0.0723,1,2,0.1875
543,5,Kontorfag,recent,4,5223,Butikkmedarbeidere,0.0681,3,3,0.449861
543,5,Kontorfag,recent,5,2422,Høyere saksbehandlere i offentlig og privat virksomhet,0.0553,5,5,0.450311
543,5,Kontorfag,recent,6,1342,Ledere av helsetjenester,0.0468,4,4,0.476886
543,5,Kontorfag,recent,7,3343,Sjefssekretærer,0.0426,5,4,0.701211
543,5,Kontorfag,recent,8,5311,Barnehage- og skolefritidsassistenter mv.,0.0426,2,3,0.572124
543,5,Kontorfag,recent,9,3359,Andre yrker innen offentlig forvaltning,0.0383,3,2,
543,5,Kontorfag,recent,10,3312,Kundebehandlere lån og kreditt,0.017,5,5,0.304565
544,5,Hotell- og reiselivsfag,all,1,5223,Butikkmedarbeidere,0.095,3,3,0.449861
544,5,Hotell- og reiselivsfag,all,2,4110,Kontormedarbeidere,0.094,5,5,0.670689
544,5,Hotell- og reiselivsfag,all,3,4221,Reisebyråmedarbeidere mv.,0.0845,5,5,0.455944
544,5,Hotell- og reiselivsfag,all,4,3322,Selgere (engros),0.0655,5,5,0.398974
544,5,Hotell- og reiselivsfag,all,5,5120,Kokker,0.0634,2,2,0.325445
544,5,Hotell- og reiselivsfag,all,6,5311,Barnehage- og skolefritidsassistenter mv.,0.056,2,3,0.572124
544,5,Hotell- og reiselivsfag,all,7,2422,Høyere saksbehandlere i offentlig og privat virksomhet,0.0486,5,5,0.450311
544,5,Hotell- og reiselivsfag,all,8,1420,Varehandelssjefer,0.037,4,5,0.431373
544,5,Hotell- og reiselivsfag,all,9,5111,"Flyverter, båtverter mv.",0.0296,2,3,0.654951
544,5,Hotell- og reiselivsfag,all,10,4224,Hotellresepsjonister,0.0285,4,4,0.539747
544,5,Hotell- og reiselivsfag,recent,1,4221,Reisebyråmedarbeidere mv.,0.3611,5,5,0.455944
544,5,Hotell- og reiselivsfag,recent,2,5223,Butikkmedarbeidere,0.1389,3,3,0.449861
544,5,Hotell- og reiselivsfag,recent,3,5311,Barnehage- og skolefritidsassistenter mv.,0.1111,2,3,0.572124
544,5,Hotell- og reiselivsfag,recent,4,4224,Hotellresepsjonister,0.1111,4,4,0.539747
544,5,Hotell- og reiselivsfag,recent,5,1120,Administrerende direktører,0.1111,4,5,0.371125
544,5,Hotell- og reiselivsfag,recent,6,3322,Selgere (engros),0.0833,5,5,0.398974
544,5,Hotell- og reiselivsfag,recent,7,5329,Andre pleiemedarbeidere,0.0833,3,2,0.278788
544,5,Hotell- og reiselivsfag,recent,8,4110,Kontormedarbeidere,0.0,5,5,0.670689
544,5,Hotell- og reiselivsfag,recent,9,3312,Kundebehandlere lån og kreditt,0.0,5,5,0.304565
544,5,Hotell- og reiselivsfag,recent,10,2422,Høyere saksbehandlere i offentlig og privat virksomhet,0.0,5,5,0.450311
549,5,"Økonomiske og administrative fag, andre",all,1,2422,Høyere saksbehandlere i offentlig og privat virksomhet,0.1141,5,5,0.450311
549,5,"Økonomiske og administrative fag, andre",all,2,4110,Kontormedarbeidere,0.0821,5,5,0.670689
549,5,"Økonomiske og administrative fag, andre",all,3,5223,Butikkmedarbeidere,0.0631,3,3,0.449861
549,5,"Økonomiske og administrative fag, andre",all,4,1420,Varehandelssjefer,0.0433,4,5,0.431373
549,5,"Økonomiske og administrative fag, andre",all,5,4311,Regnskapsmedarbeidere,0.0411,5,5,0.473857
549,5,"Økonomiske og administrative fag, andre",all,6,3322,Selgere (engros),0.0388,5,5,0.398974
549,5,"Økonomiske og administrative fag, andre",all,7,3313,Regnskapsførere,0.0327,5,5,0.535417
549,5,"Økonomiske og administrative fag, andre",all,8,9112,Renholdere i virksomheter,0.0327,1,1,0.46875
549,5,"Økonomiske og administrative fag, andre",all,9,5311,Barnehage- og skolefritidsassistenter mv.,0.0319,2,3,0.572124
549,5,"Økonomiske og administrative fag, andre",all,10,1120,Administrerende direktører,0.0304,4,5,0.371125
549,5,"Økonomiske og administrative fag, andre",recent,1,5223,Butikkmedarbeidere,0.4,3,3,0.449861
549,5,"Økonomiske og administrative fag, andre",recent,2,4110,Kontormedarbeidere,0.3333,5,5,0.670689
549,5,"Økonomiske og administrative fag, andre",recent,3,2422,Høyere saksbehandlere i offentlig og privat virksomhet,0.2667,5,5,0.450311
549,5,"Økonomiske og administrative fag, andre",recent,4,1120,Administrerende direktører,0.0,4,5,0.371125
549,5,"Økonomiske og administrative fag, andre",recent,5,3322,Selgere (engros),0.0,5,5,0.398974
549,5,"Økonomiske og administrative fag, andre",recent,6,1420,Varehandelssjefer,0.0,4,5,0.431373
549,5,"Økonomiske og administrative fag, andre",recent,7,3313,Regnskapsførere,0.0,5,5,0.535417
549,5,"Økonomiske og administrative fag, andre",recent,8,1219,Andre administrative ledere,0.0,4,4,0.47783
549,5,"Økonomiske og administrative fag, andre",recent,9,4311,Regnskapsmedarbeidere,0.0,5,5,0.473857
549,5,"Økonomiske og administrative fag, andre",recent,10,3312,Kundebehandlere lån og kreditt,0.0,5,5,0.304565
551,5,Biologiske fag,all,1,8342,Anleggsmaskinførere,0.3333,1,1,
551,5,Biologiske fag,all,2,6113,Gartnere,0.1111,2,2,0.777533
551,5,Biologiske fag,all,3,9312,Hjelpearbeidere i anlegg,0.1111,1,1,
551,5,Biologiske fag,all,4,7126,Rørleggere og VVS-montører,0.094,1,1,0.559557
551,5,Biologiske fag,all,5,9611,Renovasjonsarbeidere,0.094,2,3,1.0
551,5,Biologiske fag,all,6,3123,"Arbeidsleder, bygg og anlegg",0.0598,4,3,0.571429
551,5,Biologiske fag,all,7,1323,Ledere av bygge- og anleggsvirksomhet,0.0427,4,3,0.344482
551,5,Biologiske fag,all,8,8332,Lastebil- og trailersjåfører,0.0427,3,3,0.703704
551,5,Biologiske fag,all,9,9612,Gjenvinningsarbeidere,0.0427,2,2,
551,5,Biologiske fag,all,10,7114,Betongarbeidere,0.0342,1,1,0.0
551,5,Biologiske fag,recent,1,8342,Anleggsmaskinførere,0.7857,1,1,
551,5,Biologiske fag,recent,2,7126,Rørleggere og VVS-montører,0.2143,1,1,0.559557
551,5,Biologiske fag,recent,3,6113,Gartnere,0.0,2,2,0.777533
551,5,Biologiske fag,recent,4,9312,Hjelpearbeidere i anlegg,0.0,1,1,
551,5,Biologiske fag,recent,5,3123,"Arbeidsleder, bygg og anlegg",0.0,4,3,0.571429
551,5,Biologiske fag,recent,6,1323,Ledere av bygge- og anleggsvirksomhet,0.0,4,3,0.344482
551,5,Biologiske fag,recent,7,8332,Lastebil- og trailersjåfører,0.0,3,3,0.703704
551,5,Biologiske fag,recent,8,7114,Betongarbeidere,0.0,1,1,0.0
551,5,Biologiske fag,recent,9,9611,Renovasjonsarbeidere,0.0,2,3,1.0
551,5,Biologiske fag,recent,10,9612,Gjenvinningsarbeidere,0.0,2,2,
552,5,Fysiske og kjemiske fag,all,1,8131,Operatører innen kjemisk industri,0.1542,1,2,
552,5,Fysiske og kjemiske fag,all,2,8113,Operatører innen boring mv.,0.1437,1,1,
552,5,Fysiske og kjemiske fag,all,3,3116,Kjemiingeniører,0.0583,3,3,0.430472
552,5,Fysiske og kjemiske fag,all,4,3119,Andre ingeniører,0.0583,3,3,0.505172
552,5,Fysiske og kjemiske fag,all,5,2146,"Sivilingeniører (geofag, petro-leumsteknologi, metallurgi mv.)",0.05,4,4,0.445725
552,5,Fysiske og kjemiske fag,all,6,1321,Ledere av industriproduksjon mv.,0.0417,4,4,0.0
552,5,Fysiske og kjemiske fag,all,7,8121,Operatører innen metallurgiske prosessfag,0.0417,1,1,
552,5,Fysiske og kjemiske fag,all,8,3117,"Ingeniører innen petroleum, bergverk og metallurgi",0.0354,3,4,0.638681
552,5,Fysiske og kjemiske fag,all,9,3212,Bioingeniører,0.0312,3,3,0.357619
552,5,Fysiske og kjemiske fag,all,10,8160,Operatører innen næringsmiddelproduksjon,0.0292,1,1,0.278481
552,5,Fysiske og kjemiske fag,recent,1,8131,Operatører innen kjemisk industri,0.1897,1,2,
552,5,Fysiske og kjemiske fag,recent,2,8113,Operatører innen boring mv.,0.1724,1,1,
552,5,Fysiske og kjemiske fag,recent,3,8160,Operatører innen næringsmiddelproduksjon,0.1034,1,1,0.278481
552,5,Fysiske og kjemiske fag,recent,4,3116,Kjemiingeniører,0.0862,3,3,0.430472
552,5,Fysiske og kjemiske fag,recent,5,8121,Operatører innen metallurgiske prosessfag,0.0862,1,1,
552,5,Fysiske og kjemiske fag,recent,6,3119,Andre ingeniører,0.069,3,3,0.505172
552,5,Fysiske og kjemiske fag,recent,7,2146,"Sivilingeniører (geofag, petro-leumsteknologi, metallurgi mv.)",0.069,4,4,0.445725
552,5,Fysiske og kjemiske fag,recent,8,5153,Vaktmestre,0.069,1,1,
552,5,Fysiske og kjemiske fag,recent,9,3117,"Ingeniører innen petroleum, bergverk og metallurgi",0.0517,3,4,0.638681
552,5,Fysiske og kjemiske fag,recent,10,3141,Bioteknikere (ikke-medisinske laboratorier),0.0517,4,3,0.701589
554,5,Informasjons- og datateknologi,all,1,2519,Andre programvare- og applikasjonsutviklere,0.1883,5,5,0.503293
554,5,Informasjons- og datateknologi,all,2,2511,Systemanalytikere/-arkitekter,0.1243,5,5,0.341622
554,5,Informasjons- og datateknologi,all,3,3511,"Driftsteknikere, IKT",0.115,5,5,0.53735
554,5,Informasjons- og datateknologi,all,4,5223,Butikkmedarbeidere,0.0628,3,3,0.449861
554,5,Informasjons- og datateknologi,all,5,2422,Høyere saksbehandlere i offentlig og privat virksomhet,0.0485,5,5,0.450311
554,5,Informasjons- og datateknologi,all,6,3512,"Brukerstøtte, IKT",0.0466,5,5,0.586083
554,5,Informasjons- og datateknologi,all,7,3112,Bygningsingeniører,0.0336,4,4,0.301375
554,5,Informasjons- og datateknologi,all,8,3114,Elektronikkingeniører,0.0261,4,4,0.347287
554,5,Informasjons- og datateknologi,all,9,3119,Andre ingeniører,0.0236,3,3,0.505172
554,5,Informasjons- og datateknologi,all,10,3322,Selgere (engros),0.0224,5,5,0.398974
554,5,Informasjons- og datateknologi,recent,1,2519,Andre programvare- og applikasjonsutviklere,0.2278,5,5,0.503293
554,5,Informasjons- og datateknologi,recent,2,2511,Systemanalytikere/-arkitekter,0.1423,5,5,0.341622
554,5,Informasjons- og datateknologi,recent,3,3511,"Driftsteknikere, IKT",0.121,5,5,0.53735
554,5,Informasjons- og datateknologi,recent,4,3512,"Brukerstøtte, IKT",0.0641,5,5,0.586083
554,5,Informasjons- og datateknologi,recent,5,2422,Høyere saksbehandlere i offentlig og privat virksomhet,0.0605,5,5,0.450311
554,5,Informasjons- og datateknologi,recent,6,3112,Bygningsingeniører,0.0569,4,4,0.301375
554,5,Informasjons- og datateknologi,recent,7,3118,Tekniske tegnere,0.0498,5,4,0.509199
554,5,Informasjons- og datateknologi,recent,8,3119,Andre ingeniører,0.0427,3,3,0.505172
554,5,Informasjons- og datateknologi,recent,9,3114,Elektronikkingeniører,0.0249,4,4,0.347287
554,5,Informasjons- og datateknologi,recent,10,2142,Sivilingeniører (bygg og anlegg),0.0249,4,4,0.0
555,5,"Utdanninger i elektrofag, mekaniske fag og maskinfag",all,1,7411,Elektrikere,0.1169,2,2,0.569393
555,5,"Utdanninger i elektrofag, mekaniske fag og maskinfag",all,2,3119,Andre ingeniører,0.0663,3,3,0.505172
555,5,"Utdanninger i elektrofag, mekaniske fag og maskinfag",all,3,3151,Skipsmaskinister,0.0545,2,3,1.0
555,5,"Utdanninger i elektrofag, mekaniske fag og maskinfag",all,4,3114,Elektronikkingeniører,0.0543,4,4,0.347287
555,5,"Utdanninger i elektrofag, mekaniske fag og maskinfag",all,5,3113,Elkraftingeniører,0.0507,3,3,0.265387
555,5,"Utdanninger i elektrofag, mekaniske fag og maskinfag",all,6,2142,Sivilingeniører (bygg og anlegg),0.0353,4,4,0.0
555,5,"Utdanninger i elektrofag, mekaniske fag og maskinfag",all,7,3117,"Ingeniører innen petroleum, bergverk og metallurgi",0.032,3,4,0.638681
555,5,"Utdanninger i elektrofag, mekaniske fag og maskinfag",all,8,7233,Anleggsmaskin- og industrimekanikere,0.0299,2,2,0.596919
555,5,"Utdanninger i elektrofag, mekaniske fag og maskinfag",all,9,1120,Administrerende direktører,0.0295,4,5,0.371125
555,5,"Utdanninger i elektrofag, mekaniske fag og maskinfag",all,10,8113,Operatører innen boring mv.,0.0276,1,1,
555,5,"Utdanninger i elektrofag, mekaniske fag og maskinfag",recent,1,7411,Elektrikere,0.1653,2,2,0.569393
555,5,"Utdanninger i elektrofag, mekaniske fag og maskinfag",recent,2,3151,Skipsmaskinister,0.1105,2,3,1.0
555,5,"Utdanninger i elektrofag, mekaniske fag og maskinfag",recent,3,3114,Elektronikkingeniører,0.0772,4,4,0.347287
555,5,"Utdanninger i elektrofag, mekaniske fag og maskinfag",recent,4,3119,Andre ingeniører,0.0746,3,3,0.505172
555,5,"Utdanninger i elektrofag, mekaniske fag og maskinfag",recent,5,3113,Elkraftingeniører,0.0653,3,3,0.265387
555,5,"Utdanninger i elektrofag, mekaniske fag og maskinfag",recent,6,2142,Sivilingeniører (bygg og anlegg),0.0464,4,4,0.0
555,5,"Utdanninger i elektrofag, mekaniske fag og maskinfag",recent,7,7233,Anleggsmaskin- og industrimekanikere,0.046,2,2,0.596919
555,5,"Utdanninger i elektrofag, mekaniske fag og maskinfag",recent,8,3115,Maskiningeniører,0.032,3,3,0.537986
555,5,"Utdanninger i elektrofag, mekaniske fag og maskinfag",recent,9,3112,Bygningsingeniører,0.0261,4,4,0.301375
555,5,"Utdanninger i elektrofag, mekaniske fag og maskinfag",recent,10,8113,Operatører innen boring mv.,0.0257,1,1,
557,5,Bygg- og anleggsfag,all,1,2142,Sivilingeniører (bygg og anlegg),0.1586,4,4,0.0
557,5,Bygg- og anleggsfag,all,2,3112,Bygningsingeniører,0.1377,4,4,0.301375
557,5,Bygg- og anleggsfag,all,3,1323,Ledere av bygge- og anleggsvirksomhet,0.0929,4,3,0.344482
557,5,Bygg- og anleggsfag,all,4,3123,"Arbeidsleder, bygg og anlegg",0.0841,4,3,0.571429
557,5,Bygg- og anleggsfag,all,5,7115,Tømrere og snekkere,0.0789,2,2,
557,5,Bygg- og anleggsfag,all,6,1120,Administrerende direktører,0.0348,4,5,0.371125
557,5,Bygg- og anleggsfag,all,7,7126,Rørleggere og VVS-montører,0.028,1,1,0.559557
557,5,Bygg- og anleggsfag,all,8,5153,Vaktmestre,0.0277,1,1,
557,5,Bygg- og anleggsfag,all,9,8342,Anleggsmaskinførere,0.0259,1,1,
557,5,Bygg- og anleggsfag,all,10,3322,Selgere (engros),0.0248,5,5,0.398974
557,5,Bygg- og anleggsfag,recent,1,2142,Sivilingeniører (bygg og anlegg),0.1785,4,4,0.0
557,5,Bygg- og anleggsfag,recent,2,3123,"Arbeidsleder, bygg og anlegg",0.1359,4,3,0.571429
557,5,Bygg- og anleggsfag,recent,3,3112,Bygningsingeniører,0.1344,4,4,0.301375
557,5,Bygg- og anleggsfag,recent,4,1323,Ledere av bygge- og anleggsvirksomhet,0.1023,4,3,0.344482
557,5,Bygg- og anleggsfag,recent,5,7115,Tømrere og snekkere,0.1001,2,2,
557,5,Bygg- og anleggsfag,recent,6,7126,Rørleggere og VVS-montører,0.0366,1,1,0.559557
557,5,Bygg- og anleggsfag,recent,7,8342,Anleggsmaskinførere,0.0358,1,1,
557,5,Bygg- og anleggsfag,recent,8,3119,Andre ingeniører,0.0254,3,3,0.505172
557,5,Bygg- og anleggsfag,recent,9,5153,Vaktmestre,0.0209,1,1,
557,5,Bygg- og anleggsfag,recent,10,2422,Høyere saksbehandlere i offentlig og privat virksomhet,0.0187,5,5,0.450311
558,5,Fabrikasjon og utvinning,all,1,8113,Operatører innen boring mv.,0.452,1,1,
558,5,Fabrikasjon og utvinning,all,2,1322,Ledere av olje- og gassutvinning mv.,0.1052,4,4,0.4435
558,5,Fabrikasjon og utvinning,all,3,3117,"Ingeniører innen petroleum, bergverk og metallurgi",0.0755,3,4,0.638681
558,5,Fabrikasjon og utvinning,all,4,8160,Operatører innen næringsmiddelproduksjon,0.037,1,1,0.278481
558,5,Fabrikasjon og utvinning,all,5,3119,Andre ingeniører,0.0337,3,3,0.505172
558,5,Fabrikasjon og utvinning,all,6,2146,"Sivilingeniører (geofag, petro-leumsteknologi, metallurgi mv.)",0.0216,4,4,0.445725
558,5,Fabrikasjon og utvinning,all,7,1321,Ledere av industriproduksjon mv.,0.0209,4,4,0.0
558,5,Fabrikasjon og utvinning,all,8,5223,Butikkmedarbeidere,0.0191,3,3,0.449861
558,5,Fabrikasjon og utvinning,all,9,3322,Selgere (engros),0.0176,5,5,0.398974
558,5,Fabrikasjon og utvinning,all,10,3257,Helse- og miljøkontrollører,0.0165,3,3,0.640625
558,5,Fabrikasjon og utvinning,recent,1,8113,Operatører innen boring mv.,0.6121,1,1,
558,5,Fabrikasjon og utvinning,recent,2,8160,Operatører innen næringsmiddelproduksjon,0.1091,1,1,0.278481
558,5,Fabrikasjon og utvinning,recent,3,3117,"Ingeniører innen petroleum, bergverk og metallurgi",0.0667,3,4,0.638681
558,5,Fabrikasjon og utvinning,recent,4,3119,Andre ingeniører,0.0424,3,3,0.505172
558,5,Fabrikasjon og utvinning,recent,5,5223,Butikkmedarbeidere,0.0424,3,3,0.449861
558,5,Fabrikasjon og utvinning,recent,6,5131,Servitører,0.0364,2,1,0.572016
558,5,Fabrikasjon og utvinning,recent,7,5120,Kokker,0.0303,2,2,0.325445
558,5,Fabrikasjon og utvinning,recent,8,1321,Ledere av industriproduksjon mv.,0.0242,4,4,0.0
558,5,Fabrikasjon og utvinning,recent,9,6221,Havbruksarbeidere,0.0182,2,2,0.0
558,5,Fabrikasjon og utvinning,recent,10,7233,Anleggsmaskin- og industrimekanikere,0.0182,2,2,0.596919
559,5,"Naturvitenskapelige fag, håndverksfag og tekniske fag, andre",all,1,5153,Vaktmestre,0.1795,1,1,
559,5,"Naturvitenskapelige fag, håndverksfag og tekniske fag, andre",all,2,7115,Tømrere og snekkere,0.0594,2,2,
559,5,"Naturvitenskapelige fag, håndverksfag og tekniske fag, andre",all,3,9112,Renholdere i virksomheter,0.0532,1,1,0.46875
559,5,"Naturvitenskapelige fag, håndverksfag og tekniske fag, andre",all,4,7541,Yrkesdykkere,0.0507,1,2,
559,5,"Naturvitenskapelige fag, håndverksfag og tekniske fag, andre",all,5,7411,Elektrikere,0.0309,2,2,0.569393
559,5,"Naturvitenskapelige fag, håndverksfag og tekniske fag, andre",all,6,3119,Andre ingeniører,0.026,3,3,0.505172
559,5,"Naturvitenskapelige fag, håndverksfag og tekniske fag, andre",all,7,1323,Ledere av bygge- og anleggsvirksomhet,0.026,4,3,0.344482
559,5,"Naturvitenskapelige fag, håndverksfag og tekniske fag, andre",all,8,3155,Teknikere innen luftfartssikkerhet,0.0223,4,4,0.347287
559,5,"Naturvitenskapelige fag, håndverksfag og tekniske fag, andre",all,9,3112,Bygningsingeniører,0.0223,4,4,0.301375
559,5,"Naturvitenskapelige fag, håndverksfag og tekniske fag, andre",all,10,5321,Helsefagarbeidere,0.0223,1,2,0.1875
559,5,"Naturvitenskapelige fag, håndverksfag og tekniske fag, andre",recent,1,5153,Vaktmestre,0.325,1,1,
559,5,"Naturvitenskapelige fag, håndverksfag og tekniske fag, andre",recent,2,7541,Yrkesdykkere,0.25,1,2,
559,5,"Naturvitenskapelige fag, håndverksfag og tekniske fag, andre",recent,3,8131,Operatører innen kjemisk industri,0.175,1,2,
559,5,"Naturvitenskapelige fag, håndverksfag og tekniske fag, andre",recent,4,8350,Dekks- og maskinmannskap (skip),0.125,1,1,
559,5,"Naturvitenskapelige fag, håndverksfag og tekniske fag, andre",recent,5,9112,Renholdere i virksomheter,0.125,1,1,0.46875
559,5,"Naturvitenskapelige fag, håndverksfag og tekniske fag, andre",recent,6,3155,Teknikere innen luftfartssikkerhet,0.0,4,4,0.347287
559,5,"Naturvitenskapelige fag, håndverksfag og tekniske fag, andre",recent,7,1120,Administrerende direktører,0.0,4,5,0.371125
559,5,"Naturvitenskapelige fag, håndverksfag og tekniske fag, andre",recent,8,2142,Sivilingeniører (bygg og anlegg),0.0,4,4,0.0
559,5,"Naturvitenskapelige fag, håndverksfag og tekniske fag, andre",recent,9,7115,Tømrere og snekkere,0.0,2,2,
559,5,"Naturvitenskapelige fag, håndverksfag og tekniske fag, andre",recent,10,3119,Andre ingeniører,0.0,3,3,0.505172
561,5,Pleie- og omsorgsfag,all,1,5321,Helsefagarbeidere,0.8138,1,2,0.1875
561,5,Pleie- og omsorgsfag,all,2,5311,Barnehage- og skolefritidsassistenter mv.,0.0904,2,3,0.572124
561,5,Pleie- og omsorgsfag,all,3,3258,Ambulansepersonell,0.0342,2,1,
561,5,Pleie- og omsorgsfag,all,4,5329,Andre pleiemedarbeidere,0.0253,3,2,0.278788
561,5,Pleie- og omsorgsfag,all,5,3256,Helsesekretærer,0.0139,3,2,0.231527
561,5,Pleie- og omsorgsfag,all,6,4110,Kontormedarbeidere,0.0076,5,5,0.670689
561,5,Pleie- og omsorgsfag,all,7,5223,Butikkmedarbeidere,0.0034,3,3,0.449861
561,5,Pleie- og omsorgsfag,all,8,5322,Hjemmehjelper,0.0034,1,3,0.344326
561,5,Pleie- og omsorgsfag,all,9,2421,Organisasjonsrådgivere mv.,0.0021,4,5,0.423703
561,5,Pleie- og omsorgsfag,all,10,3412,Miljøarbeidere innen sosiale fagfelt,0.0021,3,3,0.48
561,5,Pleie- og omsorgsfag,recent,1,5321,Helsefagarbeidere,0.8522,1,2,0.1875
561,5,Pleie- og omsorgsfag,recent,2,5311,Barnehage- og skolefritidsassistenter mv.,0.1028,2,3,0.572124
561,5,Pleie- og omsorgsfag,recent,3,4110,Kontormedarbeidere,0.0171,5,5,0.670689
561,5,Pleie- og omsorgsfag,recent,4,5329,Andre pleiemedarbeidere,0.015,3,2,0.278788
561,5,Pleie- og omsorgsfag,recent,5,3256,Helsesekretærer,0.0064,3,2,0.231527
561,5,Pleie- og omsorgsfag,recent,6,5223,Butikkmedarbeidere,0.0064,3,3,0.449861
561,5,Pleie- og omsorgsfag,recent,7,3258,Ambulansepersonell,0.0,2,1,
561,5,Pleie- og omsorgsfag,recent,8,5322,Hjemmehjelper,0.0,1,3,0.344326
561,5,Pleie- og omsorgsfag,recent,9,1420,Varehandelssjefer,0.0,4,5,0.431373
561,5,Pleie- og omsorgsfag,recent,10,2422,Høyere saksbehandlere i offentlig og privat virksomhet,0.0,5,5,0.450311
562,5,Sosialfag,all,1,5321,Helsefagarbeidere,0.5939,1,2,0.1875
562,5,Sosialfag,all,2,5311,Barnehage- og skolefritidsassistenter mv.,0.264,2,3,0.572124
562,5,Sosialfag,all,3,5329,Andre pleiemedarbeidere,0.0522,3,2,0.278788
562,5,Sosialfag,all,4,5312,Skoleassistenter,0.0205,3,1,0.412884
562,5,Sosialfag,all,5,3412,Miljøarbeidere innen sosiale fagfelt,0.0161,3,3,0.48
562,5,Sosialfag,all,6,5322,Hjemmehjelper,0.0098,1,3,0.344326
562,5,Sosialfag,all,7,2342,Førskolelærere,0.0078,2,2,0.457528
562,5,Sosialfag,all,8,2422,Høyere saksbehandlere i offentlig og privat virksomhet,0.0073,5,5,0.450311
562,5,Sosialfag,all,9,3256,Helsesekretærer,0.0054,3,2,0.231527
562,5,Sosialfag,all,10,2635,Rådgivere innen sosiale fagfelt,0.0044,3,3,0.188929
562,5,Sosialfag,recent,1,5321,Helsefagarbeidere,0.6118,1,2,0.1875
562,5,Sosialfag,recent,2,5311,Barnehage- og skolefritidsassistenter mv.,0.2625,2,3,0.572124
562,5,Sosialfag,recent,3,5329,Andre pleiemedarbeidere,0.0425,3,2,0.278788
562,5,Sosialfag,recent,4,3412,Miljøarbeidere innen sosiale fagfelt,0.0203,3,3,0.48
562,5,Sosialfag,recent,5,5322,Hjemmehjelper,0.0148,1,3,0.344326
562,5,Sosialfag,recent,6,2422,Høyere saksbehandlere i offentlig og privat virksomhet,0.0129,5,5,0.450311
562,5,Sosialfag,recent,7,3256,Helsesekretærer,0.0111,3,2,0.231527
562,5,Sosialfag,recent,8,3343,Sjefssekretærer,0.0074,5,4,0.701211
562,5,Sosialfag,recent,9,5312,Skoleassistenter,0.0055,3,1,0.412884
562,5,Sosialfag,recent,10,2224,Vernepleiere,0.0055,3,3,0.256002
569,5,"Helse-, sosial- og idrettsfag, andre",all,1,5321,Helsefagarbeidere,0.622,1,2,0.1875
569,5,"Helse-, sosial- og idrettsfag, andre",all,2,5311,Barnehage- og skolefritidsassistenter mv.,0.1871,2,3,0.572124
569,5,"Helse-, sosial- og idrettsfag, andre",all,3,5329,Andre pleiemedarbeidere,0.0307,3,2,0.278788
569,5,"Helse-, sosial- og idrettsfag, andre",all,4,3256,Helsesekretærer,0.0253,3,2,0.231527
569,5,"Helse-, sosial- og idrettsfag, andre",all,5,4110,Kontormedarbeidere,0.0196,5,5,0.670689
569,5,"Helse-, sosial- og idrettsfag, andre",all,6,9112,Renholdere i virksomheter,0.0127,1,1,0.46875
569,5,"Helse-, sosial- og idrettsfag, andre",all,7,5312,Skoleassistenter,0.0104,3,1,0.412884
569,5,"Helse-, sosial- og idrettsfag, andre",all,8,2422,Høyere saksbehandlere i offentlig og privat virksomhet,0.008,5,5,0.450311
569,5,"Helse-, sosial- og idrettsfag, andre",all,9,5120,Kokker,0.0079,2,2,0.325445
569,5,"Helse-, sosial- og idrettsfag, andre",all,10,3412,Miljøarbeidere innen sosiale fagfelt,0.0076,3,3,0.48
569,5,"Helse-, sosial- og idrettsfag, andre",recent,1,5321,Helsefagarbeidere,0.6168,1,2,0.1875
569,5,"Helse-, sosial- og idrettsfag, andre",recent,2,5311,Barnehage- og skolefritidsassistenter mv.,0.2474,2,3,0.572124
569,5,"Helse-, sosial- og idrettsfag, andre",recent,3,5329,Andre pleiemedarbeidere,0.0268,3,2,0.278788
569,5,"Helse-, sosial- og idrettsfag, andre",recent,4,3256,Helsesekretærer,0.0164,3,2,0.231527
569,5,"Helse-, sosial- og idrettsfag, andre",recent,5,9112,Renholdere i virksomheter,0.0164,1,1,0.46875
569,5,"Helse-, sosial- og idrettsfag, andre",recent,6,5312,Skoleassistenter,0.0134,3,1,0.412884
569,5,"Helse-, sosial- og idrettsfag, andre",recent,7,2342,Førskolelærere,0.0069,2,2,0.457528
569,5,"Helse-, sosial- og idrettsfag, andre",recent,8,4110,Kontormedarbeidere,0.0064,5,5,0.670689
569,5,"Helse-, sosial- og idrettsfag, andre",recent,9,2422,Høyere saksbehandlere i offentlig og privat virksomhet,0.0059,5,5,0.450311
569,5,"Helse-, sosial- og idrettsfag, andre",recent,10,2341,Grunnskolelærere,0.0055,3,3,0.366129
581,5,Samferdsel,all,1,3152,Dekksoffiserer og loser,0.4566,3,3,1.0
581,5,Samferdsel,all,2,8311,Lokomotiv og T-baneførere,0.1546,3,2,0.788889
581,5,Samferdsel,all,3,3153,Flygere,0.0392,3,3,1.0
581,5,Samferdsel,all,4,8350,Dekks- og maskinmannskap (skip),0.0279,1,1,
581,5,Samferdsel,all,5,3151,Skipsmaskinister,0.024,2,3,1.0
581,5,Samferdsel,all,6,4321,Lagermedarbeidere og material-forvaltere,0.0185,3,3,0.585239
581,5,Samferdsel,all,7,3119,Andre ingeniører,0.0163,3,3,0.505172
581,5,Samferdsel,all,8,8342,Anleggsmaskinførere,0.0152,1,1,
581,5,Samferdsel,all,9,3117,"Ingeniører innen petroleum, bergverk og metallurgi",0.014,3,4,0.638681
581,5,Samferdsel,all,10,1324,Ledere av logistikk og transport mv.,0.0124,4,4,0.411458
581,5,Samferdsel,recent,1,3152,Dekksoffiserer og loser,0.4932,3,3,1.0
581,5,Samferdsel,recent,2,8311,Lokomotiv og T-baneførere,0.2626,3,2,0.788889
581,5,Samferdsel,recent,3,3153,Flygere,0.0456,3,3,1.0
581,5,Samferdsel,recent,4,9333,Laste- og lossearbeidere,0.0308,1,3,0.315508
581,5,Samferdsel,recent,5,8350,Dekks- og maskinmannskap (skip),0.0296,1,1,
581,5,Samferdsel,recent,6,8342,Anleggsmaskinførere,0.0247,1,1,
581,5,Samferdsel,recent,7,4321,Lagermedarbeidere og material-forvaltere,0.0197,3,3,0.585239
581,5,Samferdsel,recent,8,3123,"Arbeidsleder, bygg og anlegg",0.0148,4,3,0.571429
581,5,Samferdsel,recent,9,7411,Elektrikere,0.0111,2,2,0.569393
581,5,Samferdsel,recent,10,4322,Logistikkmedarbeidere,0.0099,5,5,0.439394
582,5,Sikkerhet,all,1,0210,Befal med sersjant grad,0.3543,,,
582,5,Sikkerhet,all,2,3351,Tollere,0.0818,4,4,0.363606
582,5,Sikkerhet,all,3,2422,Høyere saksbehandlere i offentlig og privat virksomhet,0.0538,5,5,0.450311
582,5,Sikkerhet,all,4,3257,Helse- og miljøkontrollører,0.022,3,3,0.640625
582,5,Sikkerhet,all,5,3322,Selgere (engros),0.0173,5,5,0.398974
582,5,Sikkerhet,all,6,0110,Offiserer fra fenrik og høyere grad,0.017,,,
582,5,Sikkerhet,all,7,8113,Operatører innen boring mv.,0.0157,1,1,
582,5,Sikkerhet,all,8,3119,Andre ingeniører,0.0142,3,3,0.505172
582,5,Sikkerhet,all,9,8331,Bussjåfører og trikkeførere,0.0126,4,2,0.728593
582,5,Sikkerhet,all,10,5321,Helsefagarbeidere,0.0123,1,2,0.1875
582,5,Sikkerhet,recent,1,0210,Befal med sersjant grad,0.8237,,,
582,5,Sikkerhet,recent,2,3257,Helse- og miljøkontrollører,0.0318,3,3,0.640625
582,5,Sikkerhet,recent,3,2422,Høyere saksbehandlere i offentlig og privat virksomhet,0.0202,5,5,0.450311
582,5,Sikkerhet,recent,4,5411,Brannkonstabler,0.0173,3,2,0.242857
582,5,Sikkerhet,recent,5,4321,Lagermedarbeidere og material-forvaltere,0.0173,3,3,0.585239
582,5,Sikkerhet,recent,6,3117,"Ingeniører innen petroleum, bergverk og metallurgi",0.0116,3,4,0.638681
582,5,Sikkerhet,recent,7,5321,Helsefagarbeidere,0.0116,1,2,0.1875
582,5,Sikkerhet,recent,8,8131,Operatører innen kjemisk industri,0.0116,1,2,
582,5,Sikkerhet,recent,9,8160,Operatører innen næringsmiddelproduksjon,0.0116,1,1,0.278481
582,5,Sikkerhet,recent,10,3119,Andre ingeniører,0.0087,3,3,0.505172
583,5,Andre servicefag,all,1,5223,Butikkmedarbeidere,0.2622,3,3,0.449861
583,5,Andre servicefag,all,2,5141,Frisører,0.1643,2,3,0.464395
583,5,Andre servicefag,all,3,5311,Barnehage- og skolefritidsassistenter mv.,0.0807,2,3,0.572124
583,5,Andre servicefag,all,4,5142,Kosmetologer mv.,0.0663,2,3,0.400047
583,5,Andre servicefag,all,5,1420,Varehandelssjefer,0.0648,4,5,0.431373
583,5,Andre servicefag,all,6,5120,Kokker,0.0605,2,2,0.325445
583,5,Andre servicefag,all,7,5329,Andre pleiemedarbeidere,0.0461,3,2,0.278788
583,5,Andre servicefag,all,8,5321,Helsefagarbeidere,0.0346,1,2,0.1875
583,5,Andre servicefag,all,9,4110,Kontormedarbeidere,0.0331,5,5,0.670689
583,5,Andre servicefag,all,10,9112,Renholdere i virksomheter,0.0274,1,1,0.46875
583,5,Andre servicefag,recent,1,5223,Butikkmedarbeidere,0.4643,3,3,0.449861
583,5,Andre servicefag,recent,2,5141,Frisører,0.1571,2,3,0.464395
583,5,Andre servicefag,recent,3,5311,Barnehage- og skolefritidsassistenter mv.,0.1071,2,3,0.572124
583,5,Andre servicefag,recent,4,5120,Kokker,0.0786,2,2,0.325445
583,5,Andre servicefag,recent,5,5131,Servitører,0.0571,2,1,0.572016
583,5,Andre servicefag,recent,6,5329,Andre pleiemedarbeidere,0.0286,3,2,0.278788
583,5,Andre servicefag,recent,7,5142,Kosmetologer mv.,0.0214,2,3,0.400047
583,5,Andre servicefag,recent,8,5321,Helsefagarbeidere,0.0214,1,2,0.1875
583,5,Andre servicefag,recent,9,9112,Renholdere i virksomheter,0.0214,1,1,0.46875
583,5,Andre servicefag,recent,10,4224,Hotellresepsjonister,0.0214,4,4,0.539747
599,5,Uoppgitt faggruppe,all,1,5223,Butikkmedarbeidere,0.0946,3,3,0.449861
599,5,Uoppgitt faggruppe,all,2,5329,Andre pleiemedarbeidere,0.0717,3,2,0.278788
599,5,Uoppgitt faggruppe,all,3,5311,Barnehage- og skolefritidsassistenter mv.,0.0694,2,3,0.572124
599,5,Uoppgitt faggruppe,all,4,5321,Helsefagarbeidere,0.0511,1,2,0.1875
599,5,Uoppgitt faggruppe,all,5,5131,Servitører,0.0481,2,1,0.572016
599,5,Uoppgitt faggruppe,all,6,3240,Dyrepleiere,0.0458,2,2,0.152733
599,5,Uoppgitt faggruppe,all,7,9112,Renholdere i virksomheter,0.0397,1,1,0.46875
599,5,Uoppgitt faggruppe,all,8,7411,Elektrikere,0.0381,2,2,0.569393
599,5,Uoppgitt faggruppe,all,9,4110,Kontormedarbeidere,0.0229,5,5,0.670689
599,5,Uoppgitt faggruppe,all,10,5120,Kokker,0.0183,2,2,0.325445
599,5,Uoppgitt faggruppe,recent,1,7411,Elektrikere,0.1204,2,2,0.569393
599,5,Uoppgitt faggruppe,recent,2,5321,Helsefagarbeidere,0.1022,1,2,0.1875
599,5,Uoppgitt faggruppe,recent,3,3240,Dyrepleiere,0.0803,2,2,0.152733
599,5,Uoppgitt faggruppe,recent,4,5223,Butikkmedarbeidere,0.0766,3,3,0.449861
599,5,Uoppgitt faggruppe,recent,5,5329,Andre pleiemedarbeidere,0.0657,3,2,0.278788
599,5,Uoppgitt faggruppe,recent,6,5141,Frisører,0.0547,2,3,0.464395
599,5,Uoppgitt faggruppe,recent,7,5311,Barnehage- og skolefritidsassistenter mv.,0.0474,2,3,0.572124
599,5,Uoppgitt faggruppe,recent,8,4110,Kontormedarbeidere,0.0401,5,5,0.670689
599,5,Uoppgitt faggruppe,recent,9,5131,Servitører,0.0255,2,1,0.572016
599,5,Uoppgitt faggruppe,recent,10,3322,Selgere (engros),0.0182,5,5,0.398974
601,6,Allmenne fag,all,1,9112,Renholdere i virksomheter,0.1164,1,1,0.46875
601,6,Allmenne fag,all,2,5311,Barnehage- og skolefritidsassistenter mv.,0.0753,2,3,0.572124
601,6,Allmenne fag,all,3,5223,Butikkmedarbeidere,0.0605,3,3,0.449861
601,6,Allmenne fag,all,4,5321,Helsefagarbeidere,0.0491,1,2,0.1875
601,6,Allmenne fag,all,5,5329,Andre pleiemedarbeidere,0.0377,3,2,0.278788
601,6,Allmenne fag,all,6,8160,Operatører innen næringsmiddelproduksjon,0.0342,1,1,0.278481
601,6,Allmenne fag,all,7,5131,Servitører,0.0331,2,1,0.572016
601,6,Allmenne fag,all,8,5120,Kokker,0.0297,2,2,0.325445
601,6,Allmenne fag,all,9,3117,"Ingeniører innen petroleum, bergverk og metallurgi",0.024,3,4,0.638681
601,6,Allmenne fag,all,10,3511,"Driftsteknikere, IKT",0.024,5,5,0.53735
601,6,Allmenne fag,recent,1,2310,Universitets- og høyskolelektorer/-lærere,1.0,4,4,0.286836
601,6,Allmenne fag,recent,2,9112,Renholdere i virksomheter,0.0,1,1,0.46875
601,6,Allmenne fag,recent,3,5311,Barnehage- og skolefritidsassistenter mv.,0.0,2,3,0.572124
601,6,Allmenne fag,recent,4,5223,Butikkmedarbeidere,0.0,3,3,0.449861
601,6,Allmenne fag,recent,5,5321,Helsefagarbeidere,0.0,1,2,0.1875
601,6,Allmenne fag,recent,6,5329,Andre pleiemedarbeidere,0.0,3,2,0.278788
601,6,Allmenne fag,recent,7,5120,Kokker,0.0,2,2,0.325445
601,6,Allmenne fag,recent,8,5131,Servitører,0.0,2,1,0.572016
601,6,Allmenne fag,recent,9,8160,Operatører innen næringsmiddelproduksjon,0.0,1,1,0.278481
601,6,Allmenne fag,recent,10,3117,"Ingeniører innen petroleum, bergverk og metallurgi",0.0,3,4,0.638681
611,6,Språkutdanninger,all,1,2422,Høyere saksbehandlere i offentlig og privat virksomhet,0.1441,5,5,0.450311
611,6,Språkutdanninger,all,2,5223,Butikkmedarbeidere,0.0909,3,3,0.449861
611,6,Språkutdanninger,all,3,2643,"Oversettere, tolker mv.",0.0694,5,5,0.588164
611,6,Språkutdanninger,all,4,4110,Kontormedarbeidere,0.069,5,5,0.670689
611,6,Språkutdanninger,all,5,2341,Grunnskolelærere,0.0566,3,3,0.366129
611,6,Språkutdanninger,all,6,5311,Barnehage- og skolefritidsassistenter mv.,0.0525,2,3,0.572124
611,6,Språkutdanninger,all,7,5329,Andre pleiemedarbeidere,0.0336,3,2,0.278788
611,6,Språkutdanninger,all,8,3322,Selgere (engros),0.0269,5,5,0.398974
611,6,Språkutdanninger,all,9,5321,Helsefagarbeidere,0.0228,1,2,0.1875
611,6,Språkutdanninger,all,10,2642,Journalister,0.0212,5,5,0.365885
611,6,Språkutdanninger,recent,1,5223,Butikkmedarbeidere,0.2667,3,3,0.449861
611,6,Språkutdanninger,recent,2,2643,"Oversettere, tolker mv.",0.1378,5,5,0.588164
611,6,Språkutdanninger,recent,3,2422,Høyere saksbehandlere i offentlig og privat virksomhet,0.0978,5,5,0.450311
611,6,Språkutdanninger,recent,4,5311,Barnehage- og skolefritidsassistenter mv.,0.0711,2,3,0.572124
611,6,Språkutdanninger,recent,5,2341,Grunnskolelærere,0.0622,3,3,0.366129
611,6,Språkutdanninger,recent,6,5329,Andre pleiemedarbeidere,0.0622,3,2,0.278788
611,6,Språkutdanninger,recent,7,2431,Reklame- og markedsføringsrådgivere,0.0489,5,5,0.461735
611,6,Språkutdanninger,recent,8,4110,Kontormedarbeidere,0.0267,5,5,0.670689
611,6,Språkutdanninger,recent,9,3353,Saksbehandlere innen sosiale ytelser,0.0267,5,5,0.337035
611,6,Språkutdanninger,recent,10,5321,Helsefagarbeidere,0.0178,1,2,0.1875
612,6,Litteratur- og bibliotekutdanninger,all,1,2622,Bibliotekarer og andre informasjonsarbeidere,0.4015,5,4,0.433784
612,6,Litteratur- og bibliotekutdanninger,all,2,2422,Høyere saksbehandlere i offentlig og privat virksomhet,0.1295,5,5,0.450311
612,6,Litteratur- og bibliotekutdanninger,all,3,1431,"Sports-, rekreasjons- og kultursenterledere",0.0501,4,4,0.4435
612,6,Litteratur- og bibliotekutdanninger,all,4,5223,Butikkmedarbeidere,0.0458,3,3,0.449861
612,6,Litteratur- og bibliotekutdanninger,all,5,4110,Kontormedarbeidere,0.0395,5,5,0.670689
612,6,Litteratur- og bibliotekutdanninger,all,6,2642,Journalister,0.0292,5,5,0.365885
612,6,Litteratur- og bibliotekutdanninger,all,7,1219,Andre administrative ledere,0.0245,4,4,0.47783
612,6,Litteratur- og bibliotekutdanninger,all,8,2641,Forfattere mv.,0.0186,5,5,0.355238
612,6,Litteratur- og bibliotekutdanninger,all,9,2511,Systemanalytikere/-arkitekter,0.0174,5,5,0.341622
612,6,Litteratur- og bibliotekutdanninger,all,10,5311,Barnehage- og skolefritidsassistenter mv.,0.0166,2,3,0.572124
612,6,Litteratur- og bibliotekutdanninger,recent,1,2622,Bibliotekarer og andre informasjonsarbeidere,0.5988,5,4,0.433784
612,6,Litteratur- og bibliotekutdanninger,recent,2,5223,Butikkmedarbeidere,0.1078,3,3,0.449861
612,6,Litteratur- og bibliotekutdanninger,recent,3,2422,Høyere saksbehandlere i offentlig og privat virksomhet,0.0479,5,5,0.450311
612,6,Litteratur- og bibliotekutdanninger,recent,4,2642,Journalister,0.0479,5,5,0.365885
612,6,Litteratur- og bibliotekutdanninger,recent,5,4110,Kontormedarbeidere,0.0479,5,5,0.670689
612,6,Litteratur- og bibliotekutdanninger,recent,6,1431,"Sports-, rekreasjons- og kultursenterledere",0.0299,4,4,0.4435
612,6,Litteratur- og bibliotekutdanninger,recent,7,2431,Reklame- og markedsføringsrådgivere,0.0299,5,5,0.461735
612,6,Litteratur- og bibliotekutdanninger,recent,8,5311,Barnehage- og skolefritidsassistenter mv.,0.018,2,3,0.572124
612,6,Litteratur- og bibliotekutdanninger,recent,9,2641,Forfattere mv.,0.018,5,5,0.355238
612,6,Litteratur- og bibliotekutdanninger,recent,10,3359,Andre yrker innen offentlig forvaltning,0.018,3,2,
613,6,Historisk-filosofiske utdanninger,all,1,2422,Høyere saksbehandlere i offentlig og privat virksomhet,0.1438,5,5,0.450311
613,6,Historisk-filosofiske utdanninger,all,2,5223,Butikkmedarbeidere,0.116,3,3,0.449861
613,6,Historisk-filosofiske utdanninger,all,3,4110,Kontormedarbeidere,0.0587,5,5,0.670689
613,6,Historisk-filosofiske utdanninger,all,4,5311,Barnehage- og skolefritidsassistenter mv.,0.0472,2,3,0.572124
613,6,Historisk-filosofiske utdanninger,all,5,2341,Grunnskolelærere,0.0467,3,3,0.366129
613,6,Historisk-filosofiske utdanninger,all,6,2642,Journalister,0.028,5,5,0.365885
613,6,Historisk-filosofiske utdanninger,all,7,5329,Andre pleiemedarbeidere,0.0268,3,2,0.278788
613,6,Historisk-filosofiske utdanninger,all,8,2330,Lektorer mv. (videregående skole),0.0211,3,3,0.280862
613,6,Historisk-filosofiske utdanninger,all,9,3322,Selgere (engros),0.02,5,5,0.398974
613,6,Historisk-filosofiske utdanninger,all,10,5321,Helsefagarbeidere,0.0182,1,2,0.1875
613,6,Historisk-filosofiske utdanninger,recent,1,5223,Butikkmedarbeidere,0.2448,3,3,0.449861
613,6,Historisk-filosofiske utdanninger,recent,2,2422,Høyere saksbehandlere i offentlig og privat virksomhet,0.1822,5,5,0.450311
613,6,Historisk-filosofiske utdanninger,recent,3,4110,Kontormedarbeidere,0.0873,5,5,0.670689
613,6,Historisk-filosofiske utdanninger,recent,4,5311,Barnehage- og skolefritidsassistenter mv.,0.0683,2,3,0.572124
613,6,Historisk-filosofiske utdanninger,recent,5,5329,Andre pleiemedarbeidere,0.0512,3,2,0.278788
613,6,Historisk-filosofiske utdanninger,recent,6,2622,Bibliotekarer og andre informasjonsarbeidere,0.0342,5,4,0.433784
613,6,Historisk-filosofiske utdanninger,recent,7,5132,Bartendere,0.0323,2,1,0.449153
613,6,Historisk-filosofiske utdanninger,recent,8,2341,Grunnskolelærere,0.0247,3,3,0.366129
613,6,Historisk-filosofiske utdanninger,recent,9,4321,Lagermedarbeidere og material-forvaltere,0.0228,3,3,0.585239
613,6,Historisk-filosofiske utdanninger,recent,10,2423,Personal- og karriererådgivere,0.0209,4,5,0.557621
614,6,Religionsutdanninger,all,1,3413,Religiøse yrker,0.1302,3,,
614,6,Religionsutdanninger,all,2,2422,Høyere saksbehandlere i offentlig og privat virksomhet,0.0798,5,5,0.450311
614,6,Religionsutdanninger,all,3,5311,Barnehage- og skolefritidsassistenter mv.,0.0765,2,3,0.572124
614,6,Religionsutdanninger,all,4,2341,Grunnskolelærere,0.0716,3,3,0.366129
614,6,Religionsutdanninger,all,5,2636,Geistlige yrker,0.0689,3,4,0.35249
614,6,Religionsutdanninger,all,6,5223,Butikkmedarbeidere,0.0629,3,3,0.449861
614,6,Religionsutdanninger,all,7,4110,Kontormedarbeidere,0.0418,5,5,0.670689
614,6,Religionsutdanninger,all,8,5329,Andre pleiemedarbeidere,0.0391,3,2,0.278788
614,6,Religionsutdanninger,all,9,5321,Helsefagarbeidere,0.0369,1,2,0.1875
614,6,Religionsutdanninger,all,10,9112,Renholdere i virksomheter,0.0255,1,1,0.46875
614,6,Religionsutdanninger,recent,1,3413,Religiøse yrker,0.1495,3,,
614,6,Religionsutdanninger,recent,2,5311,Barnehage- og skolefritidsassistenter mv.,0.1402,2,3,0.572124
614,6,Religionsutdanninger,recent,3,2636,Geistlige yrker,0.1075,3,4,0.35249
614,6,Religionsutdanninger,recent,4,5223,Butikkmedarbeidere,0.0888,3,3,0.449861
614,6,Religionsutdanninger,recent,5,2341,Grunnskolelærere,0.0841,3,3,0.366129
614,6,Religionsutdanninger,recent,6,5321,Helsefagarbeidere,0.0748,1,2,0.1875
614,6,Religionsutdanninger,recent,7,2422,Høyere saksbehandlere i offentlig og privat virksomhet,0.0607,5,5,0.450311
614,6,Religionsutdanninger,recent,8,5329,Andre pleiemedarbeidere,0.0514,3,2,0.278788
614,6,Religionsutdanninger,recent,9,9112,Renholdere i virksomheter,0.0467,1,1,0.46875
614,6,Religionsutdanninger,recent,10,3412,Miljøarbeidere innen sosiale fagfelt,0.0327,3,3,0.48
615,6,"Musikk, dans og drama",all,1,2354,Andre musikklærere,0.1147,3,3,0.223759
615,6,"Musikk, dans og drama",all,2,2652,"Dirigenter, komponister, musikere og sangere",0.0954,5,4,0.305814
615,6,"Musikk, dans og drama",all,3,5223,Butikkmedarbeidere,0.0883,3,3,0.449861
615,6,"Musikk, dans og drama",all,4,5311,Barnehage- og skolefritidsassistenter mv.,0.0503,2,3,0.572124
615,6,"Musikk, dans og drama",all,5,2341,Grunnskolelærere,0.0482,3,3,0.366129
615,6,"Musikk, dans og drama",all,6,2655,Skuespillere,0.0386,2,2,0.524444
615,6,"Musikk, dans og drama",all,7,5132,Bartendere,0.0339,2,1,0.449153
615,6,"Musikk, dans og drama",all,8,2422,Høyere saksbehandlere i offentlig og privat virksomhet,0.0293,5,5,0.450311
615,6,"Musikk, dans og drama",all,9,4110,Kontormedarbeidere,0.0278,5,5,0.670689
615,6,"Musikk, dans og drama",all,10,5131,Servitører,0.0272,2,1,0.572016
615,6,"Musikk, dans og drama",recent,1,5223,Butikkmedarbeidere,0.199,3,3,0.449861
615,6,"Musikk, dans og drama",recent,2,2354,Andre musikklærere,0.1125,3,3,0.223759
615,6,"Musikk, dans og drama",recent,3,5311,Barnehage- og skolefritidsassistenter mv.,0.1038,2,3,0.572124
615,6,"Musikk, dans og drama",recent,4,5132,Bartendere,0.0709,2,1,0.449153
615,6,"Musikk, dans og drama",recent,5,2655,Skuespillere,0.0536,2,2,0.524444
615,6,"Musikk, dans og drama",recent,6,2652,"Dirigenter, komponister, musikere og sangere",0.0484,5,4,0.305814
615,6,"Musikk, dans og drama",recent,7,2341,Grunnskolelærere,0.0415,3,3,0.366129
615,6,"Musikk, dans og drama",recent,8,5329,Andre pleiemedarbeidere,0.0363,3,2,0.278788
615,6,"Musikk, dans og drama",recent,9,4110,Kontormedarbeidere,0.0294,5,5,0.670689
615,6,"Musikk, dans og drama",recent,10,3521,Teknikere innen radio og tv,0.0277,4,3,0.474074
616,6,Bildende kunst og kunsthåndverk,all,1,5223,Butikkmedarbeidere,0.1603,3,3,0.449861
616,6,Bildende kunst og kunsthåndverk,all,2,2166,Grafiske- og multimediadesignere,0.1419,5,5,0.48798
616,6,Bildende kunst og kunsthåndverk,all,3,2161,Sivilarkitekter,0.0449,4,5,0.440769
616,6,Bildende kunst og kunsthåndverk,all,4,5311,Barnehage- og skolefritidsassistenter mv.,0.0422,2,3,0.572124
616,6,Bildende kunst og kunsthåndverk,all,5,4110,Kontormedarbeidere,0.0399,5,5,0.670689
616,6,Bildende kunst og kunsthåndverk,all,6,2422,Høyere saksbehandlere i offentlig og privat virksomhet,0.0353,5,5,0.450311
616,6,Bildende kunst og kunsthåndverk,all,7,2431,Reklame- og markedsføringsrådgivere,0.0327,5,5,0.461735
616,6,Bildende kunst og kunsthåndverk,all,8,3322,Selgere (engros),0.0271,5,5,0.398974
616,6,Bildende kunst og kunsthåndverk,all,9,1420,Varehandelssjefer,0.0232,4,5,0.431373
616,6,Bildende kunst og kunsthåndverk,all,10,5329,Andre pleiemedarbeidere,0.023,3,2,0.278788
616,6,Bildende kunst og kunsthåndverk,recent,1,5223,Butikkmedarbeidere,0.2539,3,3,0.449861
616,6,Bildende kunst og kunsthåndverk,recent,2,2166,Grafiske- og multimediadesignere,0.21,5,5,0.48798
616,6,Bildende kunst og kunsthåndverk,recent,3,5311,Barnehage- og skolefritidsassistenter mv.,0.0611,2,3,0.572124
616,6,Bildende kunst og kunsthåndverk,recent,4,2161,Sivilarkitekter,0.0549,4,5,0.440769
616,6,Bildende kunst og kunsthåndverk,recent,5,4110,Kontormedarbeidere,0.0408,5,5,0.670689
616,6,Bildende kunst og kunsthåndverk,recent,6,3322,Selgere (engros),0.0361,5,5,0.398974
616,6,Bildende kunst og kunsthåndverk,recent,7,2163,Produkt- og klesdesignere,0.0345,4,4,0.488239
616,6,Bildende kunst og kunsthåndverk,recent,8,2431,Reklame- og markedsføringsrådgivere,0.0329,5,5,0.461735
616,6,Bildende kunst og kunsthåndverk,recent,9,5132,Bartendere,0.0282,2,1,0.449153
616,6,Bildende kunst og kunsthåndverk,recent,10,3432,Interiørdesignere og dekoratører,0.0251,3,4,0.289896
619,6,"Humanistiske og estetiske fag, andre",all,1,2422,Høyere saksbehandlere i offentlig og privat virksomhet,0.0736,5,5,0.450311
619,6,"Humanistiske og estetiske fag, andre",all,2,5223,Butikkmedarbeidere,0.0411,3,3,0.449861
619,6,"Humanistiske og estetiske fag, andre",all,3,4110,Kontormedarbeidere,0.04,5,5,0.670689
619,6,"Humanistiske og estetiske fag, andre",all,4,5311,Barnehage- og skolefritidsassistenter mv.,0.0387,2,3,0.572124
619,6,"Humanistiske og estetiske fag, andre",all,5,2341,Grunnskolelærere,0.0376,3,3,0.366129
619,6,"Humanistiske og estetiske fag, andre",all,6,1120,Administrerende direktører,0.0268,4,5,0.371125
619,6,"Humanistiske og estetiske fag, andre",all,7,5321,Helsefagarbeidere,0.0245,1,2,0.1875
619,6,"Humanistiske og estetiske fag, andre",all,8,2511,Systemanalytikere/-arkitekter,0.0239,5,5,0.341622
619,6,"Humanistiske og estetiske fag, andre",all,9,3322,Selgere (engros),0.0217,5,5,0.398974
619,6,"Humanistiske og estetiske fag, andre",all,10,5329,Andre pleiemedarbeidere,0.0206,3,2,0.278788
619,6,"Humanistiske og estetiske fag, andre",recent,1,5223,Butikkmedarbeidere,0.1658,3,3,0.449861
619,6,"Humanistiske og estetiske fag, andre",recent,2,9112,Renholdere i virksomheter,0.0842,1,1,0.46875
619,6,"Humanistiske og estetiske fag, andre",recent,3,5311,Barnehage- og skolefritidsassistenter mv.,0.0693,2,3,0.572124
619,6,"Humanistiske og estetiske fag, andre",recent,4,5131,Servitører,0.0619,2,1,0.572016
619,6,"Humanistiske og estetiske fag, andre",recent,5,5329,Andre pleiemedarbeidere,0.0545,3,2,0.278788
619,6,"Humanistiske og estetiske fag, andre",recent,6,2341,Grunnskolelærere,0.0446,3,3,0.366129
619,6,"Humanistiske og estetiske fag, andre",recent,7,9412,Kjøkkenassistenter,0.0396,1,1,0.228
619,6,"Humanistiske og estetiske fag, andre",recent,8,5321,Helsefagarbeidere,0.0322,1,2,0.1875
619,6,"Humanistiske og estetiske fag, andre",recent,9,8160,Operatører innen næringsmiddelproduksjon,0.0322,1,1,0.278481
619,6,"Humanistiske og estetiske fag, andre",recent,10,4224,Hotellresepsjonister,0.0297,4,4,0.539747
621,6,Førskole-/barnehagelærerutdanninger,all,1,2342,Førskolelærere,0.617,2,2,0.457528
621,6,Førskole-/barnehagelærerutdanninger,all,2,1341,Ledere av omsorgstjenester for barn,0.0569,4,4,0.513793
621,6,Førskole-/barnehagelærerutdanninger,all,3,2341,Grunnskolelærere,0.0504,3,3,0.366129
621,6,Førskole-/barnehagelærerutdanninger,all,4,5311,Barnehage- og skolefritidsassistenter mv.,0.0499,2,3,0.572124
621,6,Førskole-/barnehagelærerutdanninger,all,5,5321,Helsefagarbeidere,0.0199,1,2,0.1875
621,6,Førskole-/barnehagelærerutdanninger,all,6,2224,Vernepleiere,0.0182,3,3,0.256002
621,6,Førskole-/barnehagelærerutdanninger,all,7,2422,Høyere saksbehandlere i offentlig og privat virksomhet,0.0169,5,5,0.450311
621,6,Førskole-/barnehagelærerutdanninger,all,8,5223,Butikkmedarbeidere,0.0146,3,3,0.449861
621,6,Førskole-/barnehagelærerutdanninger,all,9,2352,Spesiallærere / spesialpedagoger,0.0123,3,3,0.436711
621,6,Førskole-/barnehagelærerutdanninger,all,10,3412,Miljøarbeidere innen sosiale fagfelt,0.0117,3,3,0.48
621,6,Førskole-/barnehagelærerutdanninger,recent,1,2342,Førskolelærere,0.7803,2,2,0.457528
621,6,Førskole-/barnehagelærerutdanninger,recent,2,5311,Barnehage- og skolefritidsassistenter mv.,0.0451,2,3,0.572124
621,6,Førskole-/barnehagelærerutdanninger,recent,3,2341,Grunnskolelærere,0.0324,3,3,0.366129
621,6,Førskole-/barnehagelærerutdanninger,recent,4,2224,Vernepleiere,0.0191,3,3,0.256002
621,6,Førskole-/barnehagelærerutdanninger,recent,5,5321,Helsefagarbeidere,0.018,1,2,0.1875
621,6,Førskole-/barnehagelærerutdanninger,recent,6,1341,Ledere av omsorgstjenester for barn,0.0134,4,4,0.513793
621,6,Førskole-/barnehagelærerutdanninger,recent,7,5223,Butikkmedarbeidere,0.0113,3,3,0.449861
621,6,Førskole-/barnehagelærerutdanninger,recent,8,2635,Rådgivere innen sosiale fagfelt,0.0106,3,3,0.188929
621,6,Førskole-/barnehagelærerutdanninger,recent,9,3412,Miljøarbeidere innen sosiale fagfelt,0.0096,3,3,0.48
621,6,Førskole-/barnehagelærerutdanninger,recent,10,5329,Andre pleiemedarbeidere,0.0069,3,2,0.278788
622,6,Allmenn-/grunnskolelærerutdanninger,all,1,2341,Grunnskolelærere,0.6625,3,3,0.366129
622,6,Allmenn-/grunnskolelærerutdanninger,all,2,1345,Ledere av utdanning og undervisning,0.0483,4,4,0.368473
622,6,Allmenn-/grunnskolelærerutdanninger,all,3,5223,Butikkmedarbeidere,0.0309,3,3,0.449861
622,6,Allmenn-/grunnskolelærerutdanninger,all,4,2330,Lektorer mv. (videregående skole),0.0284,3,3,0.280862
622,6,Allmenn-/grunnskolelærerutdanninger,all,5,2422,Høyere saksbehandlere i offentlig og privat virksomhet,0.0203,5,5,0.450311
622,6,Allmenn-/grunnskolelærerutdanninger,all,6,5311,Barnehage- og skolefritidsassistenter mv.,0.0173,2,3,0.572124
622,6,Allmenn-/grunnskolelærerutdanninger,all,7,5329,Andre pleiemedarbeidere,0.0143,3,2,0.278788
622,6,Allmenn-/grunnskolelærerutdanninger,all,8,2351,Spesialister i pedagogikk,0.0091,4,3,0.472405
622,6,Allmenn-/grunnskolelærerutdanninger,all,9,5321,Helsefagarbeidere,0.0089,1,2,0.1875
622,6,Allmenn-/grunnskolelærerutdanninger,all,10,4110,Kontormedarbeidere,0.0082,5,5,0.670689
622,6,Allmenn-/grunnskolelærerutdanninger,recent,1,2341,Grunnskolelærere,0.8349,3,3,0.366129
622,6,Allmenn-/grunnskolelærerutdanninger,recent,2,5223,Butikkmedarbeidere,0.0249,3,3,0.449861
622,6,Allmenn-/grunnskolelærerutdanninger,recent,3,5311,Barnehage- og skolefritidsassistenter mv.,0.0165,2,3,0.572124
622,6,Allmenn-/grunnskolelærerutdanninger,recent,4,2330,Lektorer mv. (videregående skole),0.0133,3,3,0.280862
622,6,Allmenn-/grunnskolelærerutdanninger,recent,5,5329,Andre pleiemedarbeidere,0.0125,3,2,0.278788
622,6,Allmenn-/grunnskolelærerutdanninger,recent,6,4110,Kontormedarbeidere,0.0076,5,5,0.670689
622,6,Allmenn-/grunnskolelærerutdanninger,recent,7,2422,Høyere saksbehandlere i offentlig og privat virksomhet,0.0062,5,5,0.450311
622,6,Allmenn-/grunnskolelærerutdanninger,recent,8,2224,Vernepleiere,0.0062,3,3,0.256002
622,6,Allmenn-/grunnskolelærerutdanninger,recent,9,5321,Helsefagarbeidere,0.0057,1,2,0.1875
622,6,Allmenn-/grunnskolelærerutdanninger,recent,10,5312,Skoleassistenter,0.0054,3,1,0.412884
623,6,Fag- og yrkesfaglærerutdanninger,all,1,2330,Lektorer mv. (videregående skole),0.2712,3,3,0.280862
623,6,Fag- og yrkesfaglærerutdanninger,all,2,2341,Grunnskolelærere,0.2655,3,3,0.366129
623,6,Fag- og yrkesfaglærerutdanninger,all,3,5165,Kjøreskolelærere,0.0367,3,3,0.223759
623,6,Fag- og yrkesfaglærerutdanninger,all,4,2422,Høyere saksbehandlere i offentlig og privat virksomhet,0.0364,5,5,0.450311
623,6,Fag- og yrkesfaglærerutdanninger,all,5,1345,Ledere av utdanning og undervisning,0.0328,4,4,0.368473
623,6,Fag- og yrkesfaglærerutdanninger,all,6,5223,Butikkmedarbeidere,0.024,3,3,0.449861
623,6,Fag- og yrkesfaglærerutdanninger,all,7,5311,Barnehage- og skolefritidsassistenter mv.,0.02,2,3,0.572124
623,6,Fag- og yrkesfaglærerutdanninger,all,8,2224,Vernepleiere,0.0129,3,3,0.256002
623,6,Fag- og yrkesfaglærerutdanninger,all,9,5321,Helsefagarbeidere,0.0129,1,2,0.1875
623,6,Fag- og yrkesfaglærerutdanninger,all,10,2223,Sykepleiere,0.0127,3,3,0.256002
623,6,Fag- og yrkesfaglærerutdanninger,recent,1,2341,Grunnskolelærere,0.3418,3,3,0.366129
623,6,Fag- og yrkesfaglærerutdanninger,recent,2,2330,Lektorer mv. (videregående skole),0.3167,3,3,0.280862
623,6,Fag- og yrkesfaglærerutdanninger,recent,3,5165,Kjøreskolelærere,0.0515,3,3,0.223759
623,6,Fag- og yrkesfaglærerutdanninger,recent,4,2422,Høyere saksbehandlere i offentlig og privat virksomhet,0.0246,5,5,0.450311
623,6,Fag- og yrkesfaglærerutdanninger,recent,5,5223,Butikkmedarbeidere,0.0179,3,3,0.449861
623,6,Fag- og yrkesfaglærerutdanninger,recent,6,5311,Barnehage- og skolefritidsassistenter mv.,0.015,2,3,0.572124
623,6,Fag- og yrkesfaglærerutdanninger,recent,7,2223,Sykepleiere,0.015,3,3,0.256002
623,6,Fag- og yrkesfaglærerutdanninger,recent,8,1345,Ledere av utdanning og undervisning,0.0131,4,4,0.368473
623,6,Fag- og yrkesfaglærerutdanninger,recent,9,2354,Andre musikklærere,0.0123,3,3,0.223759
623,6,Fag- og yrkesfaglærerutdanninger,recent,10,2224,Vernepleiere,0.0123,3,3,0.256002
624,6,Utdanninger i pedagogikk,all,1,2341,Grunnskolelærere,0.2003,3,3,0.366129
624,6,Utdanninger i pedagogikk,all,2,2342,Førskolelærere,0.116,2,2,0.457528
624,6,Utdanninger i pedagogikk,all,3,5311,Barnehage- og skolefritidsassistenter mv.,0.0857,2,3,0.572124
624,6,Utdanninger i pedagogikk,all,4,2422,Høyere saksbehandlere i offentlig og privat virksomhet,0.0505,5,5,0.450311
624,6,Utdanninger i pedagogikk,all,5,5321,Helsefagarbeidere,0.0458,1,2,0.1875
624,6,Utdanninger i pedagogikk,all,6,2224,Vernepleiere,0.0458,3,3,0.256002
624,6,Utdanninger i pedagogikk,all,7,2330,Lektorer mv. (videregående skole),0.0446,3,3,0.280862
624,6,Utdanninger i pedagogikk,all,8,5223,Butikkmedarbeidere,0.0429,3,3,0.449861
624,6,Utdanninger i pedagogikk,all,9,2352,Spesiallærere / spesialpedagoger,0.0341,3,3,0.436711
624,6,Utdanninger i pedagogikk,all,10,3412,Miljøarbeidere innen sosiale fagfelt,0.0319,3,3,0.48
624,6,Utdanninger i pedagogikk,recent,1,2341,Grunnskolelærere,0.2403,3,3,0.366129
624,6,Utdanninger i pedagogikk,recent,2,2342,Førskolelærere,0.1419,2,2,0.457528
624,6,Utdanninger i pedagogikk,recent,3,5311,Barnehage- og skolefritidsassistenter mv.,0.089,2,3,0.572124
624,6,Utdanninger i pedagogikk,recent,4,2224,Vernepleiere,0.0649,3,3,0.256002
624,6,Utdanninger i pedagogikk,recent,5,3412,Miljøarbeidere innen sosiale fagfelt,0.0589,3,3,0.48
624,6,Utdanninger i pedagogikk,recent,6,5321,Helsefagarbeidere,0.0549,1,2,0.1875
624,6,Utdanninger i pedagogikk,recent,7,2422,Høyere saksbehandlere i offentlig og privat virksomhet,0.0448,5,5,0.450311
624,6,Utdanninger i pedagogikk,recent,8,2330,Lektorer mv. (videregående skole),0.0388,3,3,0.280862
624,6,Utdanninger i pedagogikk,recent,9,2635,Rådgivere innen sosiale fagfelt,0.0382,3,3,0.188929
624,6,Utdanninger i pedagogikk,recent,10,5223,Butikkmedarbeidere,0.0368,3,3,0.449861
625,6,Videreutdanninger for lærere,all,1,2341,Grunnskolelærere,0.508,3,3,0.366129
625,6,Videreutdanninger for lærere,all,2,2330,Lektorer mv. (videregående skole),0.0674,3,3,0.280862
625,6,Videreutdanninger for lærere,all,3,2342,Førskolelærere,0.0649,2,2,0.457528
625,6,Videreutdanninger for lærere,all,4,1345,Ledere av utdanning og undervisning,0.049,4,4,0.368473
625,6,Videreutdanninger for lærere,all,5,2422,Høyere saksbehandlere i offentlig og privat virksomhet,0.0322,5,5,0.450311
625,6,Videreutdanninger for lærere,all,6,5311,Barnehage- og skolefritidsassistenter mv.,0.0129,2,3,0.572124
625,6,Videreutdanninger for lærere,all,7,1341,Ledere av omsorgstjenester for barn,0.0128,4,4,0.513793
625,6,Videreutdanninger for lærere,all,8,1219,Andre administrative ledere,0.0119,4,4,0.47783
625,6,Videreutdanninger for lærere,all,9,5321,Helsefagarbeidere,0.0115,1,2,0.1875
625,6,Videreutdanninger for lærere,all,10,4110,Kontormedarbeidere,0.0112,5,5,0.670689
625,6,Videreutdanninger for lærere,recent,1,2341,Grunnskolelærere,0.7509,3,3,0.366129
625,6,Videreutdanninger for lærere,recent,2,2330,Lektorer mv. (videregående skole),0.0783,3,3,0.280862
625,6,Videreutdanninger for lærere,recent,3,2342,Førskolelærere,0.0607,2,2,0.457528
625,6,Videreutdanninger for lærere,recent,4,1345,Ledere av utdanning og undervisning,0.0423,4,4,0.368473
625,6,Videreutdanninger for lærere,recent,5,2352,Spesiallærere / spesialpedagoger,0.009,3,3,0.436711
625,6,Videreutdanninger for lærere,recent,6,2422,Høyere saksbehandlere i offentlig og privat virksomhet,0.0076,5,5,0.450311
625,6,Videreutdanninger for lærere,recent,7,2351,Spesialister i pedagogikk,0.0063,4,3,0.472405
625,6,Videreutdanninger for lærere,recent,8,5311,Barnehage- og skolefritidsassistenter mv.,0.0054,2,3,0.572124
625,6,Videreutdanninger for lærere,recent,9,1219,Andre administrative ledere,0.0054,4,4,0.47783
625,6,Videreutdanninger for lærere,recent,10,1341,Ledere av omsorgstjenester for barn,0.0051,4,4,0.513793
629,6,"Lærerutdanninger og utdanninger i pedagogikk, andre",all,1,5311,Barnehage- og skolefritidsassistenter mv.,0.1406,2,3,0.572124
629,6,"Lærerutdanninger og utdanninger i pedagogikk, andre",all,2,2341,Grunnskolelærere,0.1042,3,3,0.366129
629,6,"Lærerutdanninger og utdanninger i pedagogikk, andre",all,3,2342,Førskolelærere,0.0979,2,2,0.457528
629,6,"Lærerutdanninger og utdanninger i pedagogikk, andre",all,4,9112,Renholdere i virksomheter,0.0913,1,1,0.46875
629,6,"Lærerutdanninger og utdanninger i pedagogikk, andre",all,5,5321,Helsefagarbeidere,0.0653,1,2,0.1875
629,6,"Lærerutdanninger og utdanninger i pedagogikk, andre",all,6,5329,Andre pleiemedarbeidere,0.0399,3,2,0.278788
629,6,"Lærerutdanninger og utdanninger i pedagogikk, andre",all,7,5223,Butikkmedarbeidere,0.0369,3,3,0.449861
629,6,"Lærerutdanninger og utdanninger i pedagogikk, andre",all,8,5312,Skoleassistenter,0.0226,3,1,0.412884
629,6,"Lærerutdanninger og utdanninger i pedagogikk, andre",all,9,4110,Kontormedarbeidere,0.0178,5,5,0.670689
629,6,"Lærerutdanninger og utdanninger i pedagogikk, andre",all,10,2422,Høyere saksbehandlere i offentlig og privat virksomhet,0.0175,5,5,0.450311
629,6,"Lærerutdanninger og utdanninger i pedagogikk, andre",recent,1,5311,Barnehage- og skolefritidsassistenter mv.,0.2232,2,3,0.572124
629,6,"Lærerutdanninger og utdanninger i pedagogikk, andre",recent,2,9112,Renholdere i virksomheter,0.1875,1,1,0.46875
629,6,"Lærerutdanninger og utdanninger i pedagogikk, andre",recent,3,5312,Skoleassistenter,0.1071,3,1,0.412884
629,6,"Lærerutdanninger og utdanninger i pedagogikk, andre",recent,4,2341,Grunnskolelærere,0.0982,3,3,0.366129
629,6,"Lærerutdanninger og utdanninger i pedagogikk, andre",recent,5,5329,Andre pleiemedarbeidere,0.0893,3,2,0.278788
629,6,"Lærerutdanninger og utdanninger i pedagogikk, andre",recent,6,5131,Servitører,0.0804,2,1,0.572016
629,6,"Lærerutdanninger og utdanninger i pedagogikk, andre",recent,7,5223,Butikkmedarbeidere,0.0536,3,3,0.449861
629,6,"Lærerutdanninger og utdanninger i pedagogikk, andre",recent,8,2342,Førskolelærere,0.0446,2,2,0.457528
629,6,"Lærerutdanninger og utdanninger i pedagogikk, andre",recent,9,8160,Operatører innen næringsmiddelproduksjon,0.0446,1,1,0.278481
629,6,"Lærerutdanninger og utdanninger i pedagogikk, andre",recent,10,9412,Kjøkkenassistenter,0.0357,1,1,0.228
631,6,Statsvitenskapelige fag,all,1,2422,Høyere saksbehandlere i offentlig og privat virksomhet,0.162,5,5,0.450311
631,6,Statsvitenskapelige fag,all,2,5223,Butikkmedarbeidere,0.0924,3,3,0.449861
631,6,Statsvitenskapelige fag,all,3,4110,Kontormedarbeidere,0.0526,5,5,0.670689
631,6,Statsvitenskapelige fag,all,4,5329,Andre pleiemedarbeidere,0.0371,3,2,0.278788
631,6,Statsvitenskapelige fag,all,5,2642,Journalister,0.0331,5,5,0.365885
631,6,Statsvitenskapelige fag,all,6,5311,Barnehage- og skolefritidsassistenter mv.,0.0319,2,3,0.572124
631,6,Statsvitenskapelige fag,all,7,2423,Personal- og karriererådgivere,0.0303,4,5,0.557621
631,6,Statsvitenskapelige fag,all,8,1219,Andre administrative ledere,0.0234,4,4,0.47783
631,6,Statsvitenskapelige fag,all,9,3322,Selgere (engros),0.0229,5,5,0.398974
631,6,Statsvitenskapelige fag,all,10,1120,Administrerende direktører,0.0196,4,5,0.371125
631,6,Statsvitenskapelige fag,recent,1,2422,Høyere saksbehandlere i offentlig og privat virksomhet,0.2176,5,5,0.450311
631,6,Statsvitenskapelige fag,recent,2,5223,Butikkmedarbeidere,0.1367,3,3,0.449861
631,6,Statsvitenskapelige fag,recent,3,4110,Kontormedarbeidere,0.1043,5,5,0.670689
631,6,Statsvitenskapelige fag,recent,4,5329,Andre pleiemedarbeidere,0.0719,3,2,0.278788
631,6,Statsvitenskapelige fag,recent,5,2642,Journalister,0.0468,5,5,0.365885
631,6,Statsvitenskapelige fag,recent,6,3353,Saksbehandlere innen sosiale ytelser,0.0414,5,5,0.337035
631,6,Statsvitenskapelige fag,recent,7,5311,Barnehage- og skolefritidsassistenter mv.,0.0396,2,3,0.572124
631,6,Statsvitenskapelige fag,recent,8,2341,Grunnskolelærere,0.036,3,3,0.366129
631,6,Statsvitenskapelige fag,recent,9,3412,Miljøarbeidere innen sosiale fagfelt,0.0324,3,3,0.48
631,6,Statsvitenskapelige fag,recent,10,5321,Helsefagarbeidere,0.0288,1,2,0.1875
632,6,Sosiologiske fag,all,1,2422,Høyere saksbehandlere i offentlig og privat virksomhet,0.1189,5,5,0.450311
632,6,Sosiologiske fag,all,2,5223,Butikkmedarbeidere,0.111,3,3,0.449861
632,6,Sosiologiske fag,all,3,5311,Barnehage- og skolefritidsassistenter mv.,0.0532,2,3,0.572124
632,6,Sosiologiske fag,all,4,5329,Andre pleiemedarbeidere,0.0499,3,2,0.278788
632,6,Sosiologiske fag,all,5,4110,Kontormedarbeidere,0.0467,5,5,0.670689
632,6,Sosiologiske fag,all,6,3353,Saksbehandlere innen sosiale ytelser,0.0388,5,5,0.337035
632,6,Sosiologiske fag,all,7,5321,Helsefagarbeidere,0.0388,1,2,0.1875
632,6,Sosiologiske fag,all,8,3412,Miljøarbeidere innen sosiale fagfelt,0.0381,3,3,0.48
632,6,Sosiologiske fag,all,9,2423,Personal- og karriererådgivere,0.037,4,5,0.557621
632,6,Sosiologiske fag,all,10,2635,Rådgivere innen sosiale fagfelt,0.0348,3,3,0.188929
632,6,Sosiologiske fag,recent,1,5223,Butikkmedarbeidere,0.0932,3,3,0.449861
632,6,Sosiologiske fag,recent,2,5329,Andre pleiemedarbeidere,0.0904,3,2,0.278788
632,6,Sosiologiske fag,recent,3,3353,Saksbehandlere innen sosiale ytelser,0.0847,5,5,0.337035
632,6,Sosiologiske fag,recent,4,2422,Høyere saksbehandlere i offentlig og privat virksomhet,0.0791,5,5,0.450311
632,6,Sosiologiske fag,recent,5,5311,Barnehage- og skolefritidsassistenter mv.,0.0791,2,3,0.572124
632,6,Sosiologiske fag,recent,6,2635,Rådgivere innen sosiale fagfelt,0.0791,3,3,0.188929
632,6,Sosiologiske fag,recent,7,3412,Miljøarbeidere innen sosiale fagfelt,0.065,3,3,0.48
632,6,Sosiologiske fag,recent,8,4110,Kontormedarbeidere,0.065,5,5,0.670689
632,6,Sosiologiske fag,recent,9,5321,Helsefagarbeidere,0.0565,1,2,0.1875
632,6,Sosiologiske fag,recent,10,2423,Personal- og karriererådgivere,0.048,4,5,0.557621
633,6,Samfunnsgeografiske fag,all,1,2422,Høyere saksbehandlere i offentlig og privat virksomhet,0.2424,5,5,0.450311
633,6,Samfunnsgeografiske fag,all,2,5223,Butikkmedarbeidere,0.1761,3,3,0.449861
633,6,Samfunnsgeografiske fag,all,3,4110,Kontormedarbeidere,0.0758,5,5,0.670689
633,6,Samfunnsgeografiske fag,all,4,5329,Andre pleiemedarbeidere,0.0436,3,2,0.278788
633,6,Samfunnsgeografiske fag,all,5,5311,Barnehage- og skolefritidsassistenter mv.,0.0322,2,3,0.572124
633,6,Samfunnsgeografiske fag,all,6,2164,Arealplanleggere,0.0303,4,4,1.0
633,6,Samfunnsgeografiske fag,all,7,5131,Servitører,0.0227,2,1,0.572016
633,6,Samfunnsgeografiske fag,all,8,2165,"Landmålere, kartografer mv.",0.0208,5,5,0.795455
633,6,Samfunnsgeografiske fag,all,9,2310,Universitets- og høyskolelektorer/-lærere,0.0208,4,4,0.286836
633,6,Samfunnsgeografiske fag,all,10,2341,Grunnskolelærere,0.0189,3,3,0.366129
633,6,Samfunnsgeografiske fag,recent,1,2422,Høyere saksbehandlere i offentlig og privat virksomhet,0.3214,5,5,0.450311
633,6,Samfunnsgeografiske fag,recent,2,5223,Butikkmedarbeidere,0.1786,3,3,0.449861
633,6,Samfunnsgeografiske fag,recent,3,4110,Kontormedarbeidere,0.1071,5,5,0.670689
633,6,Samfunnsgeografiske fag,recent,4,2164,Arealplanleggere,0.1071,4,4,1.0
633,6,Samfunnsgeografiske fag,recent,5,5311,Barnehage- og skolefritidsassistenter mv.,0.0714,2,3,0.572124
633,6,Samfunnsgeografiske fag,recent,6,5329,Andre pleiemedarbeidere,0.0536,3,2,0.278788
633,6,Samfunnsgeografiske fag,recent,7,2165,"Landmålere, kartografer mv.",0.0536,5,5,0.795455
633,6,Samfunnsgeografiske fag,recent,8,3112,Bygningsingeniører,0.0536,4,4,0.301375
633,6,Samfunnsgeografiske fag,recent,9,3511,"Driftsteknikere, IKT",0.0536,5,5,0.53735
633,6,Samfunnsgeografiske fag,recent,10,2310,Universitets- og høyskolelektorer/-lærere,0.0,4,4,0.286836
634,6,Samfunnsøkonomiske fag,all,1,2422,Høyere saksbehandlere i offentlig og privat virksomhet,0.1091,5,5,0.450311
634,6,Samfunnsøkonomiske fag,all,2,3312,Kundebehandlere lån og kreditt,0.0851,5,5,0.304565
634,6,Samfunnsøkonomiske fag,all,3,5223,Butikkmedarbeidere,0.0807,3,3,0.449861
634,6,Samfunnsøkonomiske fag,all,4,4110,Kontormedarbeidere,0.046,5,5,0.670689
634,6,Samfunnsøkonomiske fag,all,5,3313,Regnskapsførere,0.0372,5,5,0.535417
634,6,Samfunnsøkonomiske fag,all,6,3322,Selgere (engros),0.0328,5,5,0.398974
634,6,Samfunnsøkonomiske fag,all,7,4311,Regnskapsmedarbeidere,0.0303,5,5,0.473857
634,6,Samfunnsøkonomiske fag,all,8,2412,Finans- og investeringsrådgivere,0.0303,4,5,0.430812
634,6,Samfunnsøkonomiske fag,all,9,2511,Systemanalytikere/-arkitekter,0.029,5,5,0.341622
634,6,Samfunnsøkonomiske fag,all,10,2411,"Revisorer, regnskapsrådgivere",0.029,5,5,0.266468
634,6,Samfunnsøkonomiske fag,recent,1,3312,Kundebehandlere lån og kreditt,0.2371,5,5,0.304565
634,6,Samfunnsøkonomiske fag,recent,2,2422,Høyere saksbehandlere i offentlig og privat virksomhet,0.1649,5,5,0.450311
634,6,Samfunnsøkonomiske fag,recent,3,2411,"Revisorer, regnskapsrådgivere",0.0619,5,5,0.266468
634,6,Samfunnsøkonomiske fag,recent,4,3313,Regnskapsførere,0.0619,5,5,0.535417
634,6,Samfunnsøkonomiske fag,recent,5,3321,Forsikringsagenter,0.0619,5,4,0.3102
634,6,Samfunnsøkonomiske fag,recent,6,2413,Finansanalytikere,0.0619,4,5,0.393998
634,6,Samfunnsøkonomiske fag,recent,7,5329,Andre pleiemedarbeidere,0.0619,3,2,0.278788
634,6,Samfunnsøkonomiske fag,recent,8,4110,Kontormedarbeidere,0.0515,5,5,0.670689
634,6,Samfunnsøkonomiske fag,recent,9,3311,Finansmeglere,0.0515,5,4,0.374482
634,6,Samfunnsøkonomiske fag,recent,10,4311,Regnskapsmedarbeidere,0.0412,5,5,0.473857
635,6,Medie- og informasjonsfag,all,1,2642,Journalister,0.2065,5,5,0.365885
635,6,Medie- og informasjonsfag,all,2,2422,Høyere saksbehandlere i offentlig og privat virksomhet,0.0725,5,5,0.450311
635,6,Medie- og informasjonsfag,all,3,5223,Butikkmedarbeidere,0.0614,3,3,0.449861
635,6,Medie- og informasjonsfag,all,4,2432,Informasjonsrådgivere,0.0496,5,5,0.304988
635,6,Medie- og informasjonsfag,all,5,2431,Reklame- og markedsføringsrådgivere,0.0449,5,5,0.461735
635,6,Medie- og informasjonsfag,all,6,4110,Kontormedarbeidere,0.0393,5,5,0.670689
635,6,Medie- og informasjonsfag,all,7,2511,Systemanalytikere/-arkitekter,0.0337,5,5,0.341622
635,6,Medie- og informasjonsfag,all,8,2166,Grafiske- og multimediadesignere,0.0258,5,5,0.48798
635,6,Medie- og informasjonsfag,all,9,2519,Andre programvare- og applikasjonsutviklere,0.0252,5,5,0.503293
635,6,Medie- og informasjonsfag,all,10,3521,Teknikere innen radio og tv,0.0247,4,3,0.474074
635,6,Medie- og informasjonsfag,recent,1,2642,Journalister,0.2577,5,5,0.365885
635,6,Medie- og informasjonsfag,recent,2,5223,Butikkmedarbeidere,0.0864,3,3,0.449861
635,6,Medie- og informasjonsfag,recent,3,2431,Reklame- og markedsføringsrådgivere,0.0628,5,5,0.461735
635,6,Medie- og informasjonsfag,recent,4,2511,Systemanalytikere/-arkitekter,0.0597,5,5,0.341622
635,6,Medie- og informasjonsfag,recent,5,2519,Andre programvare- og applikasjonsutviklere,0.0589,5,5,0.503293
635,6,Medie- og informasjonsfag,recent,6,2422,Høyere saksbehandlere i offentlig og privat virksomhet,0.0479,5,5,0.450311
635,6,Medie- og informasjonsfag,recent,7,2166,Grafiske- og multimediadesignere,0.0471,5,5,0.48798
635,6,Medie- og informasjonsfag,recent,8,4110,Kontormedarbeidere,0.0463,5,5,0.670689
635,6,Medie- og informasjonsfag,recent,9,3511,"Driftsteknikere, IKT",0.0346,5,5,0.53735
635,6,Medie- og informasjonsfag,recent,10,2432,Informasjonsrådgivere,0.033,5,5,0.304988
636,6,Psykologiske fag,all,1,5329,Andre pleiemedarbeidere,0.1144,3,2,0.278788
636,6,Psykologiske fag,all,2,5223,Butikkmedarbeidere,0.0955,3,3,0.449861
636,6,Psykologiske fag,all,3,5321,Helsefagarbeidere,0.0906,1,2,0.1875
636,6,Psykologiske fag,all,4,5311,Barnehage- og skolefritidsassistenter mv.,0.0654,2,3,0.572124
636,6,Psykologiske fag,all,5,2224,Vernepleiere,0.0578,3,3,0.256002
636,6,Psykologiske fag,all,6,2422,Høyere saksbehandlere i offentlig og privat virksomhet,0.0519,5,5,0.450311
636,6,Psykologiske fag,all,7,3412,Miljøarbeidere innen sosiale fagfelt,0.0492,3,3,0.48
636,6,Psykologiske fag,all,8,2635,Rådgivere innen sosiale fagfelt,0.0487,3,3,0.188929
636,6,Psykologiske fag,all,9,4110,Kontormedarbeidere,0.0366,5,5,0.670689
636,6,Psykologiske fag,all,10,2423,Personal- og karriererådgivere,0.0247,4,5,0.557621
636,6,Psykologiske fag,recent,1,5321,Helsefagarbeidere,0.1232,1,2,0.1875
636,6,Psykologiske fag,recent,2,5329,Andre pleiemedarbeidere,0.1046,3,2,0.278788
636,6,Psykologiske fag,recent,3,2224,Vernepleiere,0.0948,3,3,0.256002
636,6,Psykologiske fag,recent,4,2635,Rådgivere innen sosiale fagfelt,0.0841,3,3,0.188929
636,6,Psykologiske fag,recent,5,5311,Barnehage- og skolefritidsassistenter mv.,0.0733,2,3,0.572124
636,6,Psykologiske fag,recent,6,5223,Butikkmedarbeidere,0.0723,3,3,0.449861
636,6,Psykologiske fag,recent,7,3412,Miljøarbeidere innen sosiale fagfelt,0.0723,3,3,0.48
636,6,Psykologiske fag,recent,8,2422,Høyere saksbehandlere i offentlig og privat virksomhet,0.0577,5,5,0.450311
636,6,Psykologiske fag,recent,9,4110,Kontormedarbeidere,0.0381,5,5,0.670689
636,6,Psykologiske fag,recent,10,2310,Universitets- og høyskolelektorer/-lærere,0.0313,4,4,0.286836
637,6,Juridiske fag,all,1,2422,Høyere saksbehandlere i offentlig og privat virksomhet,0.1272,5,5,0.450311
637,6,Juridiske fag,all,2,5223,Butikkmedarbeidere,0.0842,3,3,0.449861
637,6,Juridiske fag,all,3,4110,Kontormedarbeidere,0.0792,5,5,0.670689
637,6,Juridiske fag,all,4,2611,Jurister og advokater,0.048,4,5,0.262006
637,6,Juridiske fag,all,5,5329,Andre pleiemedarbeidere,0.0366,3,2,0.278788
637,6,Juridiske fag,all,6,3312,Kundebehandlere lån og kreditt,0.0359,5,5,0.304565
637,6,Juridiske fag,all,7,2310,Universitets- og høyskolelektorer/-lærere,0.0248,4,4,0.286836
637,6,Juridiske fag,all,8,3321,Forsikringsagenter,0.0235,5,4,0.3102
637,6,Juridiske fag,all,9,3322,Selgere (engros),0.0215,5,5,0.398974
637,6,Juridiske fag,all,10,4311,Regnskapsmedarbeidere,0.0207,5,5,0.473857
637,6,Juridiske fag,recent,1,2422,Høyere saksbehandlere i offentlig og privat virksomhet,0.1587,5,5,0.450311
637,6,Juridiske fag,recent,2,2611,Jurister og advokater,0.1058,4,5,0.262006
637,6,Juridiske fag,recent,3,4110,Kontormedarbeidere,0.0833,5,5,0.670689
637,6,Juridiske fag,recent,4,5223,Butikkmedarbeidere,0.0728,3,3,0.449861
637,6,Juridiske fag,recent,5,2310,Universitets- og høyskolelektorer/-lærere,0.0503,4,4,0.286836
637,6,Juridiske fag,recent,6,3312,Kundebehandlere lån og kreditt,0.0476,5,5,0.304565
637,6,Juridiske fag,recent,7,3321,Forsikringsagenter,0.0476,5,4,0.3102
637,6,Juridiske fag,recent,8,4311,Regnskapsmedarbeidere,0.041,5,5,0.473857
637,6,Juridiske fag,recent,9,2619,Andre juridiske yrker,0.041,4,4,0.393443
637,6,Juridiske fag,recent,10,5329,Andre pleiemedarbeidere,0.0384,3,2,0.278788
638,6,Sosialantropologiske fag,all,1,2422,Høyere saksbehandlere i offentlig og privat virksomhet,0.1324,5,5,0.450311
638,6,Sosialantropologiske fag,all,2,5223,Butikkmedarbeidere,0.1133,3,3,0.449861
638,6,Sosialantropologiske fag,all,3,5311,Barnehage- og skolefritidsassistenter mv.,0.0642,2,3,0.572124
638,6,Sosialantropologiske fag,all,4,4110,Kontormedarbeidere,0.0552,5,5,0.670689
638,6,Sosialantropologiske fag,all,5,5329,Andre pleiemedarbeidere,0.0532,3,2,0.278788
638,6,Sosialantropologiske fag,all,6,5321,Helsefagarbeidere,0.0401,1,2,0.1875
638,6,Sosialantropologiske fag,all,7,2635,Rådgivere innen sosiale fagfelt,0.0291,3,3,0.188929
638,6,Sosialantropologiske fag,all,8,5132,Bartendere,0.0251,2,1,0.449153
638,6,Sosialantropologiske fag,all,9,5131,Servitører,0.0251,2,1,0.572016
638,6,Sosialantropologiske fag,all,10,3412,Miljøarbeidere innen sosiale fagfelt,0.0221,3,3,0.48
638,6,Sosialantropologiske fag,recent,1,5223,Butikkmedarbeidere,0.1628,3,3,0.449861
638,6,Sosialantropologiske fag,recent,2,4110,Kontormedarbeidere,0.1279,5,5,0.670689
638,6,Sosialantropologiske fag,recent,3,2422,Høyere saksbehandlere i offentlig og privat virksomhet,0.1163,5,5,0.450311
638,6,Sosialantropologiske fag,recent,4,5329,Andre pleiemedarbeidere,0.1163,3,2,0.278788
638,6,Sosialantropologiske fag,recent,5,5311,Barnehage- og skolefritidsassistenter mv.,0.1047,2,3,0.572124
638,6,Sosialantropologiske fag,recent,6,5131,Servitører,0.093,2,1,0.572016
638,6,Sosialantropologiske fag,recent,7,2635,Rådgivere innen sosiale fagfelt,0.0581,3,3,0.188929
638,6,Sosialantropologiske fag,recent,8,3312,Kundebehandlere lån og kreditt,0.0465,5,5,0.304565
638,6,Sosialantropologiske fag,recent,9,5321,Helsefagarbeidere,0.0349,1,2,0.1875
638,6,Sosialantropologiske fag,recent,10,5132,Bartendere,0.0349,2,1,0.449153
639,6,"Samfunnsfag og juridiske fag, andre",all,1,2422,Høyere saksbehandlere i offentlig og privat virksomhet,0.1282,5,5,0.450311
639,6,"Samfunnsfag og juridiske fag, andre",all,2,5311,Barnehage- og skolefritidsassistenter mv.,0.0424,2,3,0.572124
639,6,"Samfunnsfag og juridiske fag, andre",all,3,5223,Butikkmedarbeidere,0.0408,3,3,0.449861
639,6,"Samfunnsfag og juridiske fag, andre",all,4,2341,Grunnskolelærere,0.035,3,3,0.366129
639,6,"Samfunnsfag og juridiske fag, andre",all,5,9112,Renholdere i virksomheter,0.0324,1,1,0.46875
639,6,"Samfunnsfag og juridiske fag, andre",all,6,4110,Kontormedarbeidere,0.032,5,5,0.670689
639,6,"Samfunnsfag og juridiske fag, andre",all,7,5321,Helsefagarbeidere,0.0283,1,2,0.1875
639,6,"Samfunnsfag og juridiske fag, andre",all,8,1219,Andre administrative ledere,0.0272,4,4,0.47783
639,6,"Samfunnsfag og juridiske fag, andre",all,9,5329,Andre pleiemedarbeidere,0.0258,3,2,0.278788
639,6,"Samfunnsfag og juridiske fag, andre",all,10,2423,Personal- og karriererådgivere,0.0245,4,5,0.557621
639,6,"Samfunnsfag og juridiske fag, andre",recent,1,2422,Høyere saksbehandlere i offentlig og privat virksomhet,0.1071,5,5,0.450311
639,6,"Samfunnsfag og juridiske fag, andre",recent,2,5223,Butikkmedarbeidere,0.1016,3,3,0.449861
639,6,"Samfunnsfag og juridiske fag, andre",recent,3,5131,Servitører,0.0769,2,1,0.572016
639,6,"Samfunnsfag og juridiske fag, andre",recent,4,9112,Renholdere i virksomheter,0.0604,1,1,0.46875
639,6,"Samfunnsfag og juridiske fag, andre",recent,5,5329,Andre pleiemedarbeidere,0.0549,3,2,0.278788
639,6,"Samfunnsfag og juridiske fag, andre",recent,6,5311,Barnehage- og skolefritidsassistenter mv.,0.0467,2,3,0.572124
639,6,"Samfunnsfag og juridiske fag, andre",recent,7,4110,Kontormedarbeidere,0.0357,5,5,0.670689
639,6,"Samfunnsfag og juridiske fag, andre",recent,8,9412,Kjøkkenassistenter,0.033,1,1,0.228
639,6,"Samfunnsfag og juridiske fag, andre",recent,9,5132,Bartendere,0.0302,2,1,0.449153
639,6,"Samfunnsfag og juridiske fag, andre",recent,10,5120,Kokker,0.0247,2,2,0.325445
641,6,Økonomisk-administrative fag,all,1,3313,Regnskapsførere,0.0763,5,5,0.535417
641,6,Økonomisk-administrative fag,all,2,2422,Høyere saksbehandlere i offentlig og privat virksomhet,0.0643,5,5,0.450311
641,6,Økonomisk-administrative fag,all,3,2411,"Revisorer, regnskapsrådgivere",0.0529,5,5,0.266468
641,6,Økonomisk-administrative fag,all,4,3312,Kundebehandlere lån og kreditt,0.0461,5,5,0.304565
641,6,Økonomisk-administrative fag,all,5,4311,Regnskapsmedarbeidere,0.0441,5,5,0.473857
641,6,Økonomisk-administrative fag,all,6,1120,Administrerende direktører,0.0393,4,5,0.371125
641,6,Økonomisk-administrative fag,all,7,3334,Eiendomsmeglere og - forvaltere,0.0371,4,4,0.371489
641,6,Økonomisk-administrative fag,all,8,1211,Finans- og økonomisjefer,0.0363,4,5,0.387189
641,6,Økonomisk-administrative fag,all,9,4110,Kontormedarbeidere,0.0355,5,5,0.670689
641,6,Økonomisk-administrative fag,all,10,5223,Butikkmedarbeidere,0.0321,3,3,0.449861
641,6,Økonomisk-administrative fag,recent,1,3313,Regnskapsførere,0.0963,5,5,0.535417
641,6,Økonomisk-administrative fag,recent,2,4311,Regnskapsmedarbeidere,0.0823,5,5,0.473857
641,6,Økonomisk-administrative fag,recent,3,3312,Kundebehandlere lån og kreditt,0.0767,5,5,0.304565
641,6,Økonomisk-administrative fag,recent,4,3334,Eiendomsmeglere og - forvaltere,0.055,4,4,0.371489
641,6,Økonomisk-administrative fag,recent,5,2422,Høyere saksbehandlere i offentlig og privat virksomhet,0.0511,5,5,0.450311
641,6,Økonomisk-administrative fag,recent,6,4110,Kontormedarbeidere,0.0488,5,5,0.670689
641,6,Økonomisk-administrative fag,recent,7,2411,"Revisorer, regnskapsrådgivere",0.0419,5,5,0.266468
641,6,Økonomisk-administrative fag,recent,8,3322,Selgere (engros),0.0405,5,5,0.398974
641,6,Økonomisk-administrative fag,recent,9,2423,Personal- og karriererådgivere,0.039,4,5,0.557621
641,6,Økonomisk-administrative fag,recent,10,5223,Butikkmedarbeidere,0.0364,3,3,0.449861
642,6,Handel og markedsføring,all,1,3322,Selgere (engros),0.1084,5,5,0.398974
642,6,Handel og markedsføring,all,2,5223,Butikkmedarbeidere,0.0662,3,3,0.449861
642,6,Handel og markedsføring,all,3,2431,Reklame- og markedsføringsrådgivere,0.0645,5,5,0.461735
642,6,Handel og markedsføring,all,4,1221,Salgs- og markedssjefer,0.0638,4,5,0.422801
642,6,Handel og markedsføring,all,5,4110,Kontormedarbeidere,0.0554,5,5,0.670689
642,6,Handel og markedsføring,all,6,3312,Kundebehandlere lån og kreditt,0.045,5,5,0.304565
642,6,Handel og markedsføring,all,7,1420,Varehandelssjefer,0.0434,4,5,0.431373
642,6,Handel og markedsføring,all,8,2413,Finansanalytikere,0.0415,4,5,0.393998
642,6,Handel og markedsføring,all,9,2422,Høyere saksbehandlere i offentlig og privat virksomhet,0.0414,5,5,0.450311
642,6,Handel og markedsføring,all,10,1120,Administrerende direktører,0.0362,4,5,0.371125
642,6,Handel og markedsføring,recent,1,3322,Selgere (engros),0.1331,5,5,0.398974
642,6,Handel og markedsføring,recent,2,2431,Reklame- og markedsføringsrådgivere,0.1263,5,5,0.461735
642,6,Handel og markedsføring,recent,3,5223,Butikkmedarbeidere,0.0954,3,3,0.449861
642,6,Handel og markedsføring,recent,4,4110,Kontormedarbeidere,0.0733,5,5,0.670689
642,6,Handel og markedsføring,recent,5,3312,Kundebehandlere lån og kreditt,0.0704,5,5,0.304565
642,6,Handel og markedsføring,recent,6,1420,Varehandelssjefer,0.0449,4,5,0.431373
642,6,Handel og markedsføring,recent,7,2413,Finansanalytikere,0.0432,4,5,0.393998
642,6,Handel og markedsføring,recent,8,3321,Forsikringsagenter,0.0335,5,4,0.3102
642,6,Handel og markedsføring,recent,9,1221,Salgs- og markedssjefer,0.0305,4,5,0.422801
642,6,Handel og markedsføring,recent,10,2412,Finans- og investeringsrådgivere,0.0229,4,5,0.430812
644,6,Hotell- og reiselivsfag,all,1,2422,Høyere saksbehandlere i offentlig og privat virksomhet,0.0694,5,5,0.450311
644,6,Hotell- og reiselivsfag,all,2,4110,Kontormedarbeidere,0.0658,5,5,0.670689
644,6,Hotell- og reiselivsfag,all,3,3322,Selgere (engros),0.0555,5,5,0.398974
644,6,Hotell- og reiselivsfag,all,4,5223,Butikkmedarbeidere,0.0536,3,3,0.449861
644,6,Hotell- og reiselivsfag,all,5,4224,Hotellresepsjonister,0.0472,4,4,0.539747
644,6,Hotell- og reiselivsfag,all,6,1120,Administrerende direktører,0.0429,4,5,0.371125
644,6,Hotell- og reiselivsfag,all,7,4221,Reisebyråmedarbeidere mv.,0.0423,5,5,0.455944
644,6,Hotell- og reiselivsfag,all,8,2423,Personal- og karriererådgivere,0.0379,4,5,0.557621
644,6,Hotell- og reiselivsfag,all,9,3312,Kundebehandlere lån og kreditt,0.0301,5,5,0.304565
644,6,Hotell- og reiselivsfag,all,10,1420,Varehandelssjefer,0.0278,4,5,0.431373
644,6,Hotell- og reiselivsfag,recent,1,4224,Hotellresepsjonister,0.1763,4,4,0.539747
644,6,Hotell- og reiselivsfag,recent,2,5223,Butikkmedarbeidere,0.1205,3,3,0.449861
644,6,Hotell- og reiselivsfag,recent,3,4221,Reisebyråmedarbeidere mv.,0.0938,5,5,0.455944
644,6,Hotell- og reiselivsfag,recent,4,4110,Kontormedarbeidere,0.0692,5,5,0.670689
644,6,Hotell- og reiselivsfag,recent,5,3322,Selgere (engros),0.067,5,5,0.398974
644,6,Hotell- og reiselivsfag,recent,6,1120,Administrerende direktører,0.0379,4,5,0.371125
644,6,Hotell- og reiselivsfag,recent,7,1420,Varehandelssjefer,0.0379,4,5,0.431373
644,6,Hotell- og reiselivsfag,recent,8,3312,Kundebehandlere lån og kreditt,0.0357,5,5,0.304565
644,6,Hotell- og reiselivsfag,recent,9,1412,Restaurantsjefer,0.0357,4,3,0.516129
644,6,Hotell- og reiselivsfag,recent,10,2423,Personal- og karriererådgivere,0.0223,4,5,0.557621
649,6,"Økonomiske og administrative fag, andre",all,1,9112,Renholdere i virksomheter,0.0836,1,1,0.46875
649,6,"Økonomiske og administrative fag, andre",all,2,5311,Barnehage- og skolefritidsassistenter mv.,0.0527,2,3,0.572124
649,6,"Økonomiske og administrative fag, andre",all,3,5223,Butikkmedarbeidere,0.0435,3,3,0.449861
649,6,"Økonomiske og administrative fag, andre",all,4,1345,Ledere av utdanning og undervisning,0.0372,4,4,0.368473
649,6,"Økonomiske og administrative fag, andre",all,5,5321,Helsefagarbeidere,0.0351,1,2,0.1875
649,6,"Økonomiske og administrative fag, andre",all,6,4110,Kontormedarbeidere,0.0296,5,5,0.670689
649,6,"Økonomiske og administrative fag, andre",all,7,2422,Høyere saksbehandlere i offentlig og privat virksomhet,0.0291,5,5,0.450311
649,6,"Økonomiske og administrative fag, andre",all,8,5329,Andre pleiemedarbeidere,0.0275,3,2,0.278788
649,6,"Økonomiske og administrative fag, andre",all,9,3313,Regnskapsførere,0.0245,5,5,0.535417
649,6,"Økonomiske og administrative fag, andre",all,10,1341,Ledere av omsorgstjenester for barn,0.0225,4,4,0.513793
649,6,"Økonomiske og administrative fag, andre",recent,1,1345,Ledere av utdanning og undervisning,0.1287,4,4,0.368473
649,6,"Økonomiske og administrative fag, andre",recent,2,1341,Ledere av omsorgstjenester for barn,0.1183,4,4,0.513793
649,6,"Økonomiske og administrative fag, andre",recent,3,5223,Butikkmedarbeidere,0.0808,3,3,0.449861
649,6,"Økonomiske og administrative fag, andre",recent,4,9112,Renholdere i virksomheter,0.0734,1,1,0.46875
649,6,"Økonomiske og administrative fag, andre",recent,5,2342,Førskolelærere,0.0554,2,2,0.457528
649,6,"Økonomiske og administrative fag, andre",recent,6,2341,Grunnskolelærere,0.0524,3,3,0.366129
649,6,"Økonomiske og administrative fag, andre",recent,7,5131,Servitører,0.0524,2,1,0.572016
649,6,"Økonomiske og administrative fag, andre",recent,8,5311,Barnehage- og skolefritidsassistenter mv.,0.0449,2,3,0.572124
649,6,"Økonomiske og administrative fag, andre",recent,9,9412,Kjøkkenassistenter,0.0359,1,1,0.228
649,6,"Økonomiske og administrative fag, andre",recent,10,1219,Andre administrative ledere,0.0299,4,4,0.47783
651,6,Biologiske fag,all,1,5223,Butikkmedarbeidere,0.1228,3,3,0.449861
651,6,Biologiske fag,all,2,2422,Høyere saksbehandlere i offentlig og privat virksomhet,0.1182,5,5,0.450311
651,6,Biologiske fag,all,3,3112,Bygningsingeniører,0.0581,4,4,0.301375
651,6,Biologiske fag,all,4,6221,Havbruksarbeidere,0.0539,2,2,0.0
651,6,Biologiske fag,all,5,3119,Andre ingeniører,0.0485,3,3,0.505172
651,6,Biologiske fag,all,6,5329,Andre pleiemedarbeidere,0.047,3,2,0.278788
651,6,Biologiske fag,all,7,2142,Sivilingeniører (bygg og anlegg),0.0396,4,4,0.0
651,6,Biologiske fag,all,8,5311,Barnehage- og skolefritidsassistenter mv.,0.0266,2,3,0.572124
651,6,Biologiske fag,all,9,4110,Kontormedarbeidere,0.0262,5,5,0.670689
651,6,Biologiske fag,all,10,2310,Universitets- og høyskolelektorer/-lærere,0.0258,4,4,0.286836
651,6,Biologiske fag,recent,1,5223,Butikkmedarbeidere,0.1786,3,3,0.449861
651,6,Biologiske fag,recent,2,3113,Elkraftingeniører,0.0982,3,3,0.265387
651,6,Biologiske fag,recent,3,6221,Havbruksarbeidere,0.0893,2,2,0.0
651,6,Biologiske fag,recent,4,3112,Bygningsingeniører,0.067,4,4,0.301375
651,6,Biologiske fag,recent,5,2422,Høyere saksbehandlere i offentlig og privat virksomhet,0.0536,5,5,0.450311
651,6,Biologiske fag,recent,6,2142,Sivilingeniører (bygg og anlegg),0.0491,4,4,0.0
651,6,Biologiske fag,recent,7,3114,Elektronikkingeniører,0.0491,4,4,0.347287
651,6,Biologiske fag,recent,8,3212,Bioingeniører,0.0402,3,3,0.357619
651,6,Biologiske fag,recent,9,5329,Andre pleiemedarbeidere,0.0402,3,2,0.278788
651,6,Biologiske fag,recent,10,3117,"Ingeniører innen petroleum, bergverk og metallurgi",0.0357,3,4,0.638681
652,6,Fysiske og kjemiske fag,all,1,3116,Kjemiingeniører,0.0967,3,3,0.430472
652,6,Fysiske og kjemiske fag,all,2,3119,Andre ingeniører,0.0767,3,3,0.505172
652,6,Fysiske og kjemiske fag,all,3,5223,Butikkmedarbeidere,0.0597,3,3,0.449861
652,6,Fysiske og kjemiske fag,all,4,2310,Universitets- og høyskolelektorer/-lærere,0.0586,4,4,0.286836
652,6,Fysiske og kjemiske fag,all,5,3117,"Ingeniører innen petroleum, bergverk og metallurgi",0.0575,3,4,0.638681
652,6,Fysiske og kjemiske fag,all,6,2146,"Sivilingeniører (geofag, petro-leumsteknologi, metallurgi mv.)",0.0535,4,4,0.445725
652,6,Fysiske og kjemiske fag,all,7,3212,Bioingeniører,0.0519,3,3,0.357619
652,6,Fysiske og kjemiske fag,all,8,2422,Høyere saksbehandlere i offentlig og privat virksomhet,0.0301,5,5,0.450311
652,6,Fysiske og kjemiske fag,all,9,1322,Ledere av olje- og gassutvinning mv.,0.028,4,4,0.4435
652,6,Fysiske og kjemiske fag,all,10,2149,Andre sivilingeniører (unntatt elektroteknologi),0.0277,5,4,0.304967
652,6,Fysiske og kjemiske fag,recent,1,3116,Kjemiingeniører,0.1916,3,3,0.430472
652,6,Fysiske og kjemiske fag,recent,2,2310,Universitets- og høyskolelektorer/-lærere,0.115,4,4,0.286836
652,6,Fysiske og kjemiske fag,recent,3,3117,"Ingeniører innen petroleum, bergverk og metallurgi",0.0941,3,4,0.638681
652,6,Fysiske og kjemiske fag,recent,4,3119,Andre ingeniører,0.0906,3,3,0.505172
652,6,Fysiske og kjemiske fag,recent,5,3212,Bioingeniører,0.0697,3,3,0.357619
652,6,Fysiske og kjemiske fag,recent,6,5223,Butikkmedarbeidere,0.0627,3,3,0.449861
652,6,Fysiske og kjemiske fag,recent,7,2146,"Sivilingeniører (geofag, petro-leumsteknologi, metallurgi mv.)",0.0453,4,4,0.445725
652,6,Fysiske og kjemiske fag,recent,8,5329,Andre pleiemedarbeidere,0.0244,3,2,0.278788
652,6,Fysiske og kjemiske fag,recent,9,2149,Andre sivilingeniører (unntatt elektroteknologi),0.0244,5,4,0.304967
652,6,Fysiske og kjemiske fag,recent,10,3322,Selgere (engros),0.0244,5,5,0.398974
653,6,Matematikk og statistikk,all,1,2511,Systemanalytikere/-arkitekter,0.119,5,5,0.341622
653,6,Matematikk og statistikk,all,2,5312,Skoleassistenter,0.0923,3,1,0.412884
653,6,Matematikk og statistikk,all,3,2422,Høyere saksbehandlere i offentlig og privat virksomhet,0.0923,5,5,0.450311
653,6,Matematikk og statistikk,all,4,2310,Universitets- og høyskolelektorer/-lærere,0.0923,4,4,0.286836
653,6,Matematikk og statistikk,all,5,5223,Butikkmedarbeidere,0.0744,3,3,0.449861
653,6,Matematikk og statistikk,all,6,2519,Andre programvare- og applikasjonsutviklere,0.0595,5,5,0.503293
653,6,Matematikk og statistikk,all,7,5311,Barnehage- og skolefritidsassistenter mv.,0.0595,2,3,0.572124
653,6,Matematikk og statistikk,all,8,2512,Programvareutviklere,0.0536,5,5,0.655007
653,6,Matematikk og statistikk,all,9,3511,"Driftsteknikere, IKT",0.0536,5,5,0.53735
653,6,Matematikk og statistikk,all,10,2341,Grunnskolelærere,0.0476,3,3,0.366129
653,6,Matematikk og statistikk,recent,1,2422,Høyere saksbehandlere i offentlig og privat virksomhet,0.3103,5,5,0.450311
653,6,Matematikk og statistikk,recent,2,2511,Systemanalytikere/-arkitekter,0.1724,5,5,0.341622
653,6,Matematikk og statistikk,recent,3,5312,Skoleassistenter,0.1034,3,1,0.412884
653,6,Matematikk og statistikk,recent,4,2512,Programvareutviklere,0.1034,5,5,0.655007
653,6,Matematikk og statistikk,recent,5,5223,Butikkmedarbeidere,0.1034,3,3,0.449861
653,6,Matematikk og statistikk,recent,6,2519,Andre programvare- og applikasjonsutviklere,0.1034,5,5,0.503293
653,6,Matematikk og statistikk,recent,7,3313,Regnskapsførere,0.1034,5,5,0.535417
653,6,Matematikk og statistikk,recent,8,2310,Universitets- og høyskolelektorer/-lærere,0.0,4,4,0.286836
653,6,Matematikk og statistikk,recent,9,3321,Forsikringsagenter,0.0,5,4,0.3102
653,6,Matematikk og statistikk,recent,10,3511,"Driftsteknikere, IKT",0.0,5,5,0.53735
654,6,Informasjons- og datateknologi,all,1,2511,Systemanalytikere/-arkitekter,0.2008,5,5,0.341622
654,6,Informasjons- og datateknologi,all,2,2519,Andre programvare- og applikasjonsutviklere,0.1387,5,5,0.503293
654,6,Informasjons- og datateknologi,all,3,3511,"Driftsteknikere, IKT",0.0919,5,5,0.53735
654,6,Informasjons- og datateknologi,all,4,2512,Programvareutviklere,0.0525,5,5,0.655007
654,6,Informasjons- og datateknologi,all,5,2422,Høyere saksbehandlere i offentlig og privat virksomhet,0.0488,5,5,0.450311
654,6,Informasjons- og datateknologi,all,6,5223,Butikkmedarbeidere,0.0294,3,3,0.449861
654,6,Informasjons- og datateknologi,all,7,3114,Elektronikkingeniører,0.0254,4,4,0.347287
654,6,Informasjons- og datateknologi,all,8,3119,Andre ingeniører,0.0242,3,3,0.505172
654,6,Informasjons- og datateknologi,all,9,1330,Ledere av IKT-enheter,0.0235,5,5,0.357977
654,6,Informasjons- og datateknologi,all,10,4110,Kontormedarbeidere,0.0162,5,5,0.670689
654,6,Informasjons- og datateknologi,recent,1,2511,Systemanalytikere/-arkitekter,0.2625,5,5,0.341622
654,6,Informasjons- og datateknologi,recent,2,2519,Andre programvare- og applikasjonsutviklere,0.2089,5,5,0.503293
654,6,Informasjons- og datateknologi,recent,3,3511,"Driftsteknikere, IKT",0.1164,5,5,0.53735
654,6,Informasjons- og datateknologi,recent,4,2512,Programvareutviklere,0.0876,5,5,0.655007
654,6,Informasjons- og datateknologi,recent,5,2422,Høyere saksbehandlere i offentlig og privat virksomhet,0.0349,5,5,0.450311
654,6,Informasjons- og datateknologi,recent,6,3114,Elektronikkingeniører,0.0328,4,4,0.347287
654,6,Informasjons- og datateknologi,recent,7,3119,Andre ingeniører,0.0285,3,3,0.505172
654,6,Informasjons- og datateknologi,recent,8,5223,Butikkmedarbeidere,0.0256,3,3,0.449861
654,6,Informasjons- og datateknologi,recent,9,3512,"Brukerstøtte, IKT",0.0164,5,5,0.586083
654,6,Informasjons- og datateknologi,recent,10,2513,Nett- og multimediautviklere,0.0135,5,5,0.526086
655,6,"Utdanninger i elektrofag, mekaniske fag og maskinfag",all,1,3114,Elektronikkingeniører,0.0889,4,4,0.347287
655,6,"Utdanninger i elektrofag, mekaniske fag og maskinfag",all,2,3119,Andre ingeniører,0.0865,3,3,0.505172
655,6,"Utdanninger i elektrofag, mekaniske fag og maskinfag",all,3,3117,"Ingeniører innen petroleum, bergverk og metallurgi",0.0492,3,4,0.638681
655,6,"Utdanninger i elektrofag, mekaniske fag og maskinfag",all,4,2146,"Sivilingeniører (geofag, petro-leumsteknologi, metallurgi mv.)",0.0471,4,4,0.445725
655,6,"Utdanninger i elektrofag, mekaniske fag og maskinfag",all,5,2142,Sivilingeniører (bygg og anlegg),0.0425,4,4,0.0
655,6,"Utdanninger i elektrofag, mekaniske fag og maskinfag",all,6,3113,Elkraftingeniører,0.0411,3,3,0.265387
655,6,"Utdanninger i elektrofag, mekaniske fag og maskinfag",all,7,3115,Maskiningeniører,0.0409,3,3,0.537986
655,6,"Utdanninger i elektrofag, mekaniske fag og maskinfag",all,8,3112,Bygningsingeniører,0.0392,4,4,0.301375
655,6,"Utdanninger i elektrofag, mekaniske fag og maskinfag",all,9,3254,Optikere,0.033,3,3,
655,6,"Utdanninger i elektrofag, mekaniske fag og maskinfag",all,10,2511,Systemanalytikere/-arkitekter,0.0277,5,5,0.341622
655,6,"Utdanninger i elektrofag, mekaniske fag og maskinfag",recent,1,3114,Elektronikkingeniører,0.1356,4,4,0.347287
655,6,"Utdanninger i elektrofag, mekaniske fag og maskinfag",recent,2,3119,Andre ingeniører,0.1149,3,3,0.505172
655,6,"Utdanninger i elektrofag, mekaniske fag og maskinfag",recent,3,3117,"Ingeniører innen petroleum, bergverk og metallurgi",0.0672,3,4,0.638681
655,6,"Utdanninger i elektrofag, mekaniske fag og maskinfag",recent,4,3113,Elkraftingeniører,0.0663,3,3,0.265387
655,6,"Utdanninger i elektrofag, mekaniske fag og maskinfag",recent,5,3254,Optikere,0.059,3,3,
655,6,"Utdanninger i elektrofag, mekaniske fag og maskinfag",recent,6,3115,Maskiningeniører,0.0585,3,3,0.537986
655,6,"Utdanninger i elektrofag, mekaniske fag og maskinfag",recent,7,2142,Sivilingeniører (bygg og anlegg),0.0499,4,4,0.0
655,6,"Utdanninger i elektrofag, mekaniske fag og maskinfag",recent,8,3112,Bygningsingeniører,0.0456,4,4,0.301375
655,6,"Utdanninger i elektrofag, mekaniske fag og maskinfag",recent,9,2146,"Sivilingeniører (geofag, petro-leumsteknologi, metallurgi mv.)",0.0228,4,4,0.445725
655,6,"Utdanninger i elektrofag, mekaniske fag og maskinfag",recent,10,2511,Systemanalytikere/-arkitekter,0.0224,5,5,0.341622
656,6,Geofag,all,1,3112,Bygningsingeniører,0.1542,4,4,0.301375
656,6,Geofag,all,2,5223,Butikkmedarbeidere,0.0976,3,3,0.449861
656,6,Geofag,all,3,2142,Sivilingeniører (bygg og anlegg),0.0831,4,4,0.0
656,6,Geofag,all,4,2422,Høyere saksbehandlere i offentlig og privat virksomhet,0.0819,5,5,0.450311
656,6,Geofag,all,5,2114,Geologer og geofysikere,0.0711,4,4,0.451302
656,6,Geofag,all,6,3117,"Ingeniører innen petroleum, bergverk og metallurgi",0.0554,3,4,0.638681
656,6,Geofag,all,7,3118,Tekniske tegnere,0.0482,5,4,0.509199
656,6,Geofag,all,8,2165,"Landmålere, kartografer mv.",0.0482,5,5,0.795455
656,6,Geofag,all,9,2310,Universitets- og høyskolelektorer/-lærere,0.0446,4,4,0.286836
656,6,Geofag,all,10,2146,"Sivilingeniører (geofag, petro-leumsteknologi, metallurgi mv.)",0.0434,4,4,0.445725
656,6,Geofag,recent,1,3112,Bygningsingeniører,0.3235,4,4,0.301375
656,6,Geofag,recent,2,2142,Sivilingeniører (bygg og anlegg),0.1912,4,4,0.0
656,6,Geofag,recent,3,3118,Tekniske tegnere,0.1324,5,4,0.509199
656,6,Geofag,recent,4,2114,Geologer og geofysikere,0.1176,4,4,0.451302
656,6,Geofag,recent,5,2422,Høyere saksbehandlere i offentlig og privat virksomhet,0.0588,5,5,0.450311
656,6,Geofag,recent,6,2310,Universitets- og høyskolelektorer/-lærere,0.0441,4,4,0.286836
656,6,Geofag,recent,7,3119,Andre ingeniører,0.0441,3,3,0.505172
656,6,Geofag,recent,8,2165,"Landmålere, kartografer mv.",0.0441,5,5,0.795455
656,6,Geofag,recent,9,3511,"Driftsteknikere, IKT",0.0441,5,5,0.53735
656,6,Geofag,recent,10,3117,"Ingeniører innen petroleum, bergverk og metallurgi",0.0,3,4,0.638681
657,6,Bygg- og anleggsfag,all,1,3112,Bygningsingeniører,0.2502,4,4,0.301375
657,6,Bygg- og anleggsfag,all,2,2142,Sivilingeniører (bygg og anlegg),0.1981,4,4,0.0
657,6,Bygg- og anleggsfag,all,3,1323,Ledere av bygge- og anleggsvirksomhet,0.0517,4,3,0.344482
657,6,Bygg- og anleggsfag,all,4,3119,Andre ingeniører,0.0468,3,3,0.505172
657,6,Bygg- og anleggsfag,all,5,2422,Høyere saksbehandlere i offentlig og privat virksomhet,0.0465,5,5,0.450311
657,6,Bygg- og anleggsfag,all,6,3123,"Arbeidsleder, bygg og anlegg",0.0293,4,3,0.571429
657,6,Bygg- og anleggsfag,all,7,1120,Administrerende direktører,0.0261,4,5,0.371125
657,6,Bygg- og anleggsfag,all,8,5223,Butikkmedarbeidere,0.0255,3,3,0.449861
657,6,Bygg- og anleggsfag,all,9,1219,Andre administrative ledere,0.0187,4,4,0.47783
657,6,Bygg- og anleggsfag,all,10,2161,Sivilarkitekter,0.0136,4,5,0.440769
657,6,Bygg- og anleggsfag,recent,1,3112,Bygningsingeniører,0.3062,4,4,0.301375
657,6,Bygg- og anleggsfag,recent,2,2142,Sivilingeniører (bygg og anlegg),0.2492,4,4,0.0
657,6,Bygg- og anleggsfag,recent,3,3123,"Arbeidsleder, bygg og anlegg",0.0625,4,3,0.571429
657,6,Bygg- og anleggsfag,recent,4,2422,Høyere saksbehandlere i offentlig og privat virksomhet,0.0557,5,5,0.450311
657,6,Bygg- og anleggsfag,recent,5,3119,Andre ingeniører,0.0509,3,3,0.505172
657,6,Bygg- og anleggsfag,recent,6,1323,Ledere av bygge- og anleggsvirksomhet,0.0455,4,3,0.344482
657,6,Bygg- og anleggsfag,recent,7,5223,Butikkmedarbeidere,0.0305,3,3,0.449861
657,6,Bygg- og anleggsfag,recent,8,2161,Sivilarkitekter,0.0156,4,5,0.440769
657,6,Bygg- og anleggsfag,recent,9,3322,Selgere (engros),0.0149,5,5,0.398974
657,6,Bygg- og anleggsfag,recent,10,7115,Tømrere og snekkere,0.0143,2,2,
658,6,Fabrikasjon og utvinning,all,1,3257,Helse- og miljøkontrollører,0.1416,3,3,0.640625
658,6,Fabrikasjon og utvinning,all,2,3119,Andre ingeniører,0.1256,3,3,0.505172
658,6,Fabrikasjon og utvinning,all,3,8160,Operatører innen næringsmiddelproduksjon,0.0825,1,1,0.278481
658,6,Fabrikasjon og utvinning,all,4,3116,Kjemiingeniører,0.0505,3,3,0.430472
658,6,Fabrikasjon og utvinning,all,5,2422,Høyere saksbehandlere i offentlig og privat virksomhet,0.0493,5,5,0.450311
658,6,Fabrikasjon og utvinning,all,6,2265,Ernæringsfysiologer,0.0468,5,4,0.263246
658,6,Fabrikasjon og utvinning,all,7,5223,Butikkmedarbeidere,0.0456,3,3,0.449861
658,6,Fabrikasjon og utvinning,all,8,1321,Ledere av industriproduksjon mv.,0.0431,4,4,0.0
658,6,Fabrikasjon og utvinning,all,9,3322,Selgere (engros),0.032,5,5,0.398974
658,6,Fabrikasjon og utvinning,all,10,3212,Bioingeniører,0.032,3,3,0.357619
658,6,Fabrikasjon og utvinning,recent,1,8160,Operatører innen næringsmiddelproduksjon,0.3636,1,1,0.278481
658,6,Fabrikasjon og utvinning,recent,2,3119,Andre ingeniører,0.2727,3,3,0.505172
658,6,Fabrikasjon og utvinning,recent,3,2265,Ernæringsfysiologer,0.1818,5,4,0.263246
658,6,Fabrikasjon og utvinning,recent,4,3212,Bioingeniører,0.1818,3,3,0.357619
658,6,Fabrikasjon og utvinning,recent,5,3257,Helse- og miljøkontrollører,0.0,3,3,0.640625
658,6,Fabrikasjon og utvinning,recent,6,2422,Høyere saksbehandlere i offentlig og privat virksomhet,0.0,5,5,0.450311
658,6,Fabrikasjon og utvinning,recent,7,3116,Kjemiingeniører,0.0,3,3,0.430472
658,6,Fabrikasjon og utvinning,recent,8,1321,Ledere av industriproduksjon mv.,0.0,4,4,0.0
658,6,Fabrikasjon og utvinning,recent,9,3322,Selgere (engros),0.0,5,5,0.398974
658,6,Fabrikasjon og utvinning,recent,10,2149,Andre sivilingeniører (unntatt elektroteknologi),0.0,5,4,0.304967
659,6,"Naturvitenskapelige fag, håndverksfag og tekniske fag, andre",all,1,2511,Systemanalytikere/-arkitekter,0.0601,5,5,0.341622
659,6,"Naturvitenskapelige fag, håndverksfag og tekniske fag, andre",all,2,3119,Andre ingeniører,0.0393,3,3,0.505172
659,6,"Naturvitenskapelige fag, håndverksfag og tekniske fag, andre",all,3,2519,Andre programvare- og applikasjonsutviklere,0.0368,5,5,0.503293
659,6,"Naturvitenskapelige fag, håndverksfag og tekniske fag, andre",all,4,2422,Høyere saksbehandlere i offentlig og privat virksomhet,0.0303,5,5,0.450311
659,6,"Naturvitenskapelige fag, håndverksfag og tekniske fag, andre",all,5,3117,"Ingeniører innen petroleum, bergverk og metallurgi",0.0288,3,4,0.638681
659,6,"Naturvitenskapelige fag, håndverksfag og tekniske fag, andre",all,6,5223,Butikkmedarbeidere,0.0287,3,3,0.449861
659,6,"Naturvitenskapelige fag, håndverksfag og tekniske fag, andre",all,7,2142,Sivilingeniører (bygg og anlegg),0.0285,4,4,0.0
659,6,"Naturvitenskapelige fag, håndverksfag og tekniske fag, andre",all,8,3511,"Driftsteknikere, IKT",0.0259,5,5,0.53735
659,6,"Naturvitenskapelige fag, håndverksfag og tekniske fag, andre",all,9,3112,Bygningsingeniører,0.0253,4,4,0.301375
659,6,"Naturvitenskapelige fag, håndverksfag og tekniske fag, andre",all,10,3114,Elektronikkingeniører,0.023,4,4,0.347287
659,6,"Naturvitenskapelige fag, håndverksfag og tekniske fag, andre",recent,1,2511,Systemanalytikere/-arkitekter,0.0729,5,5,0.341622
659,6,"Naturvitenskapelige fag, håndverksfag og tekniske fag, andre",recent,2,5223,Butikkmedarbeidere,0.0549,3,3,0.449861
659,6,"Naturvitenskapelige fag, håndverksfag og tekniske fag, andre",recent,3,2519,Andre programvare- og applikasjonsutviklere,0.0496,5,5,0.503293
659,6,"Naturvitenskapelige fag, håndverksfag og tekniske fag, andre",recent,4,2310,Universitets- og høyskolelektorer/-lærere,0.0474,4,4,0.286836
659,6,"Naturvitenskapelige fag, håndverksfag og tekniske fag, andre",recent,5,2421,Organisasjonsrådgivere mv.,0.0391,4,5,0.423703
659,6,"Naturvitenskapelige fag, håndverksfag og tekniske fag, andre",recent,6,2512,Programvareutviklere,0.0368,5,5,0.655007
659,6,"Naturvitenskapelige fag, håndverksfag og tekniske fag, andre",recent,7,9112,Renholdere i virksomheter,0.0346,1,1,0.46875
659,6,"Naturvitenskapelige fag, håndverksfag og tekniske fag, andre",recent,8,3114,Elektronikkingeniører,0.0323,4,4,0.347287
659,6,"Naturvitenskapelige fag, håndverksfag og tekniske fag, andre",recent,9,3511,"Driftsteknikere, IKT",0.0286,5,5,0.53735
659,6,"Naturvitenskapelige fag, håndverksfag og tekniske fag, andre",recent,10,3119,Andre ingeniører,0.0256,3,3,0.505172
661,6,Pleie- og omsorgsfag,all,1,2223,Sykepleiere,0.4809,3,3,0.256002
661,6,Pleie- og omsorgsfag,all,2,2221,Spesialsykepleiere,0.1636,3,3,0.256002
661,6,Pleie- og omsorgsfag,all,3,2224,Vernepleiere,0.0968,3,3,0.256002
661,6,Pleie- og omsorgsfag,all,4,1342,Ledere av helsetjenester,0.0368,4,4,0.476886
661,6,Pleie- og omsorgsfag,all,5,5329,Andre pleiemedarbeidere,0.0262,3,2,0.278788
661,6,Pleie- og omsorgsfag,all,6,2422,Høyere saksbehandlere i offentlig og privat virksomhet,0.0249,5,5,0.450311
661,6,Pleie- og omsorgsfag,all,7,5321,Helsefagarbeidere,0.019,1,2,0.1875
661,6,Pleie- og omsorgsfag,all,8,1219,Andre administrative ledere,0.0122,4,4,0.47783
661,6,Pleie- og omsorgsfag,all,9,3412,Miljøarbeidere innen sosiale fagfelt,0.0086,3,3,0.48
661,6,Pleie- og omsorgsfag,all,10,5311,Barnehage- og skolefritidsassistenter mv.,0.0085,2,3,0.572124
661,6,Pleie- og omsorgsfag,recent,1,2223,Sykepleiere,0.6166,3,3,0.256002
661,6,Pleie- og omsorgsfag,recent,2,2221,Spesialsykepleiere,0.1323,3,3,0.256002
661,6,Pleie- og omsorgsfag,recent,3,2224,Vernepleiere,0.1272,3,3,0.256002
661,6,Pleie- og omsorgsfag,recent,4,1342,Ledere av helsetjenester,0.0127,4,4,0.476886
661,6,Pleie- og omsorgsfag,recent,5,2422,Høyere saksbehandlere i offentlig og privat virksomhet,0.0112,5,5,0.450311
661,6,Pleie- og omsorgsfag,recent,6,2635,Rådgivere innen sosiale fagfelt,0.0098,3,3,0.188929
661,6,Pleie- og omsorgsfag,recent,7,3412,Miljøarbeidere innen sosiale fagfelt,0.0088,3,3,0.48
661,6,Pleie- og omsorgsfag,recent,8,5321,Helsefagarbeidere,0.0079,1,2,0.1875
661,6,Pleie- og omsorgsfag,recent,9,3258,Ambulansepersonell,0.0079,2,1,
661,6,Pleie- og omsorgsfag,recent,10,5311,Barnehage- og skolefritidsassistenter mv.,0.0072,2,3,0.572124
662,6,Sosialfag,all,1,2635,Rådgivere innen sosiale fagfelt,0.2447,3,3,0.188929
662,6,Sosialfag,all,2,3412,Miljøarbeidere innen sosiale fagfelt,0.1896,3,3,0.48
662,6,Sosialfag,all,3,2422,Høyere saksbehandlere i offentlig og privat virksomhet,0.105,5,5,0.450311
662,6,Sosialfag,all,4,2224,Vernepleiere,0.0809,3,3,0.256002
662,6,Sosialfag,all,5,5311,Barnehage- og skolefritidsassistenter mv.,0.0559,2,3,0.572124
662,6,Sosialfag,all,6,5321,Helsefagarbeidere,0.0505,1,2,0.1875
662,6,Sosialfag,all,7,3353,Saksbehandlere innen sosiale ytelser,0.0247,5,5,0.337035
662,6,Sosialfag,all,8,5329,Andre pleiemedarbeidere,0.0228,3,2,0.278788
662,6,Sosialfag,all,9,1219,Andre administrative ledere,0.0221,4,4,0.47783
662,6,Sosialfag,all,10,5223,Butikkmedarbeidere,0.0191,3,3,0.449861
662,6,Sosialfag,recent,1,2635,Rådgivere innen sosiale fagfelt,0.3068,3,3,0.188929
662,6,Sosialfag,recent,2,3412,Miljøarbeidere innen sosiale fagfelt,0.2453,3,3,0.48
662,6,Sosialfag,recent,3,2224,Vernepleiere,0.1034,3,3,0.256002
662,6,Sosialfag,recent,4,2422,Høyere saksbehandlere i offentlig og privat virksomhet,0.0649,5,5,0.450311
662,6,Sosialfag,recent,5,5311,Barnehage- og skolefritidsassistenter mv.,0.0617,2,3,0.572124
662,6,Sosialfag,recent,6,5321,Helsefagarbeidere,0.0542,1,2,0.1875
662,6,Sosialfag,recent,7,3353,Saksbehandlere innen sosiale ytelser,0.0407,5,5,0.337035
662,6,Sosialfag,recent,8,4110,Kontormedarbeidere,0.0162,5,5,0.670689
662,6,Sosialfag,recent,9,5329,Andre pleiemedarbeidere,0.0146,3,2,0.278788
662,6,Sosialfag,recent,10,2342,Førskolelærere,0.0138,2,2,0.457528
663,6,Medisin,all,1,5329,Andre pleiemedarbeidere,0.4701,3,2,0.278788
663,6,Medisin,all,2,2211,Allmennpraktiserende leger,0.1426,4,3,0.254981
663,6,Medisin,all,3,5321,Helsefagarbeidere,0.0834,1,2,0.1875
663,6,Medisin,all,4,2310,Universitets- og høyskolelektorer/-lærere,0.0502,4,4,0.286836
663,6,Medisin,all,5,5223,Butikkmedarbeidere,0.0363,3,3,0.449861
663,6,Medisin,all,6,4110,Kontormedarbeidere,0.0356,5,5,0.670689
663,6,Medisin,all,7,3258,Ambulansepersonell,0.023,2,1,
663,6,Medisin,all,8,5322,Hjemmehjelper,0.0205,1,3,0.344326
663,6,Medisin,all,9,3256,Helsesekretærer,0.0163,3,2,0.231527
663,6,Medisin,all,10,2422,Høyere saksbehandlere i offentlig og privat virksomhet,0.0127,5,5,0.450311
663,6,Medisin,recent,1,2211,Allmennpraktiserende leger,0.5314,4,3,0.254981
663,6,Medisin,recent,2,5329,Andre pleiemedarbeidere,0.2487,3,2,0.278788
663,6,Medisin,recent,3,5321,Helsefagarbeidere,0.0497,1,2,0.1875
663,6,Medisin,recent,4,2310,Universitets- og høyskolelektorer/-lærere,0.0445,4,4,0.286836
663,6,Medisin,recent,5,3258,Ambulansepersonell,0.0288,2,1,
663,6,Medisin,recent,6,2341,Grunnskolelærere,0.0157,3,3,0.366129
663,6,Medisin,recent,7,2223,Sykepleiere,0.0131,3,3,0.256002
663,6,Medisin,recent,8,5223,Butikkmedarbeidere,0.0105,3,3,0.449861
663,6,Medisin,recent,9,2422,Høyere saksbehandlere i offentlig og privat virksomhet,0.0105,5,5,0.450311
663,6,Medisin,recent,10,4110,Kontormedarbeidere,0.0105,5,5,0.670689
664,6,Tannhelsefag,all,1,3251,Tannpleiere,0.5932,3,2,0.190265
664,6,Tannhelsefag,all,2,5329,Andre pleiemedarbeidere,0.1774,3,2,0.278788
664,6,Tannhelsefag,all,3,5223,Butikkmedarbeidere,0.0513,3,3,0.449861
664,6,Tannhelsefag,all,4,3214,Protese- og tannteknikere,0.0474,2,1,
664,6,Tannhelsefag,all,5,5321,Helsefagarbeidere,0.0208,1,2,0.1875
664,6,Tannhelsefag,all,6,4110,Kontormedarbeidere,0.0208,5,5,0.670689
664,6,Tannhelsefag,all,7,2422,Høyere saksbehandlere i offentlig og privat virksomhet,0.0149,5,5,0.450311
664,6,Tannhelsefag,all,8,5311,Barnehage- og skolefritidsassistenter mv.,0.0149,2,3,0.572124
664,6,Tannhelsefag,all,9,1342,Ledere av helsetjenester,0.0117,4,4,0.476886
664,6,Tannhelsefag,all,10,5322,Hjemmehjelper,0.0065,1,3,0.344326
664,6,Tannhelsefag,recent,1,3251,Tannpleiere,0.6806,3,2,0.190265
664,6,Tannhelsefag,recent,2,5329,Andre pleiemedarbeidere,0.199,3,2,0.278788
664,6,Tannhelsefag,recent,3,3214,Protese- og tannteknikere,0.0785,2,1,
664,6,Tannhelsefag,recent,4,5223,Butikkmedarbeidere,0.0262,3,3,0.449861
664,6,Tannhelsefag,recent,5,2211,Allmennpraktiserende leger,0.0157,4,3,0.254981
664,6,Tannhelsefag,recent,6,5321,Helsefagarbeidere,0.0,1,2,0.1875
664,6,Tannhelsefag,recent,7,2422,Høyere saksbehandlere i offentlig og privat virksomhet,0.0,5,5,0.450311
664,6,Tannhelsefag,recent,8,5322,Hjemmehjelper,0.0,1,3,0.344326
664,6,Tannhelsefag,recent,9,4110,Kontormedarbeidere,0.0,5,5,0.670689
664,6,Tannhelsefag,recent,10,5311,Barnehage- og skolefritidsassistenter mv.,0.0,2,3,0.572124
665,6,Terapeutiske fag,all,1,2264,Fysioterapeuter,0.3705,2,3,0.274177
665,6,Terapeutiske fag,all,2,2267,Ergoterapeuter,0.2006,3,3,0.358289
665,6,Terapeutiske fag,all,3,2422,Høyere saksbehandlere i offentlig og privat virksomhet,0.0584,5,5,0.450311
665,6,Terapeutiske fag,all,4,5321,Helsefagarbeidere,0.0402,1,2,0.1875
665,6,Terapeutiske fag,all,5,2224,Vernepleiere,0.0303,3,3,0.256002
665,6,Terapeutiske fag,all,6,5329,Andre pleiemedarbeidere,0.0194,3,2,0.278788
665,6,Terapeutiske fag,all,7,5223,Butikkmedarbeidere,0.0185,3,3,0.449861
665,6,Terapeutiske fag,all,8,3412,Miljøarbeidere innen sosiale fagfelt,0.018,3,3,0.48
665,6,Terapeutiske fag,all,9,1342,Ledere av helsetjenester,0.0176,4,4,0.476886
665,6,Terapeutiske fag,all,10,2269,Kiropraktorer mv.,0.0168,3,2,0.0
665,6,Terapeutiske fag,recent,1,2264,Fysioterapeuter,0.4262,2,3,0.274177
665,6,Terapeutiske fag,recent,2,2267,Ergoterapeuter,0.2756,3,3,0.358289
665,6,Terapeutiske fag,recent,3,2224,Vernepleiere,0.0388,3,3,0.256002
665,6,Terapeutiske fag,recent,4,5321,Helsefagarbeidere,0.0373,1,2,0.1875
665,6,Terapeutiske fag,recent,5,2422,Høyere saksbehandlere i offentlig og privat virksomhet,0.0295,5,5,0.450311
665,6,Terapeutiske fag,recent,6,3412,Miljøarbeidere innen sosiale fagfelt,0.0287,3,3,0.48
665,6,Terapeutiske fag,recent,7,5329,Andre pleiemedarbeidere,0.0194,3,2,0.278788
665,6,Terapeutiske fag,recent,8,2635,Rådgivere innen sosiale fagfelt,0.0186,3,3,0.188929
665,6,Terapeutiske fag,recent,9,5311,Barnehage- og skolefritidsassistenter mv.,0.0155,2,3,0.572124
665,6,Terapeutiske fag,recent,10,5223,Butikkmedarbeidere,0.0148,3,3,0.449861
666,6,Apotekfag,all,1,3213,Reseptarer,0.6948,4,4,1.0
666,6,Apotekfag,all,2,5223,Butikkmedarbeidere,0.1596,3,3,0.449861
666,6,Apotekfag,all,3,2262,Farmasøyter,0.0389,4,4,0.203782
666,6,Apotekfag,all,4,4110,Kontormedarbeidere,0.0132,5,5,0.670689
666,6,Apotekfag,all,5,1420,Varehandelssjefer,0.0132,4,5,0.431373
666,6,Apotekfag,all,6,5329,Andre pleiemedarbeidere,0.0116,3,2,0.278788
666,6,Apotekfag,all,7,5321,Helsefagarbeidere,0.0116,1,2,0.1875
666,6,Apotekfag,all,8,2422,Høyere saksbehandlere i offentlig og privat virksomhet,0.0099,5,5,0.450311
666,6,Apotekfag,all,9,1342,Ledere av helsetjenester,0.0058,4,4,0.476886
666,6,Apotekfag,all,10,2413,Finansanalytikere,0.005,4,5,0.393998
666,6,Apotekfag,recent,1,3213,Reseptarer,0.8599,4,4,1.0
666,6,Apotekfag,recent,2,5223,Butikkmedarbeidere,0.0435,3,3,0.449861
666,6,Apotekfag,recent,3,2262,Farmasøyter,0.0386,4,4,0.203782
666,6,Apotekfag,recent,4,5329,Andre pleiemedarbeidere,0.0145,3,2,0.278788
666,6,Apotekfag,recent,5,5321,Helsefagarbeidere,0.0145,1,2,0.1875
666,6,Apotekfag,recent,6,4110,Kontormedarbeidere,0.0145,5,5,0.670689
666,6,Apotekfag,recent,7,2422,Høyere saksbehandlere i offentlig og privat virksomhet,0.0145,5,5,0.450311
666,6,Apotekfag,recent,8,2643,"Oversettere, tolker mv.",0.0,5,5,0.588164
666,6,Apotekfag,recent,9,3359,Andre yrker innen offentlig forvaltning,0.0,3,2,
666,6,Apotekfag,recent,10,1420,Varehandelssjefer,0.0,4,5,0.431373
667,6,Veterinærfag,all,1,3240,Dyrepleiere,0.5428,2,2,0.152733
667,6,Veterinærfag,all,2,5164,Dyrepassere og - trenere mv.,0.1283,2,2,0.32166
667,6,Veterinærfag,all,3,2250,Veterinærer,0.107,3,2,0.386598
667,6,Veterinærfag,all,4,5223,Butikkmedarbeidere,0.0936,3,3,0.449861
667,6,Veterinærfag,all,5,3141,Bioteknikere (ikke-medisinske laboratorier),0.0294,4,3,0.701589
667,6,Veterinærfag,all,6,8322,"Bil-, drosje- og varebilførere",0.0214,3,2,0.795414
667,6,Veterinærfag,all,7,4110,Kontormedarbeidere,0.0187,5,5,0.670689
667,6,Veterinærfag,all,8,5322,Hjemmehjelper,0.016,1,3,0.344326
667,6,Veterinærfag,all,9,3315,Takstmenn,0.016,5,4,0.467849
667,6,Veterinærfag,all,10,5329,Andre pleiemedarbeidere,0.0107,3,2,0.278788
667,6,Veterinærfag,recent,1,3240,Dyrepleiere,0.7872,2,2,0.152733
667,6,Veterinærfag,recent,2,2250,Veterinærer,0.1489,3,2,0.386598
667,6,Veterinærfag,recent,3,5164,Dyrepassere og - trenere mv.,0.0638,2,2,0.32166
667,6,Veterinærfag,recent,4,5223,Butikkmedarbeidere,0.0,3,3,0.449861
667,6,Veterinærfag,recent,5,3141,Bioteknikere (ikke-medisinske laboratorier),0.0,4,3,0.701589
667,6,Veterinærfag,recent,6,8322,"Bil-, drosje- og varebilførere",0.0,3,2,0.795414
667,6,Veterinærfag,recent,7,5322,Hjemmehjelper,0.0,1,3,0.344326
667,6,Veterinærfag,recent,8,5329,Andre pleiemedarbeidere,0.0,3,2,0.278788
667,6,Veterinærfag,recent,9,4110,Kontormedarbeidere,0.0,5,5,0.670689
667,6,Veterinærfag,recent,10,7223,Metalldreiere mv.,0.0,1,2,0.875
668,6,Idrettsfag,all,1,3422,Trenere og idrettsdommere,0.099,3,3,0.174645
668,6,Idrettsfag,all,2,5223,Butikkmedarbeidere,0.0951,3,3,0.449861
668,6,Idrettsfag,all,3,2341,Grunnskolelærere,0.0691,3,3,0.366129
668,6,Idrettsfag,all,4,5311,Barnehage- og skolefritidsassistenter mv.,0.0578,2,3,0.572124
668,6,Idrettsfag,all,5,5329,Andre pleiemedarbeidere,0.0461,3,2,0.278788
668,6,Idrettsfag,all,6,5321,Helsefagarbeidere,0.0394,1,2,0.1875
668,6,Idrettsfag,all,7,3423,Sports- og aktivitetsinstruktører,0.036,2,3,0.320382
668,6,Idrettsfag,all,8,2422,Høyere saksbehandlere i offentlig og privat virksomhet,0.0314,5,5,0.450311
668,6,Idrettsfag,all,9,2330,Lektorer mv. (videregående skole),0.0285,3,3,0.280862
668,6,Idrettsfag,all,10,4110,Kontormedarbeidere,0.0266,5,5,0.670689
668,6,Idrettsfag,recent,1,3422,Trenere og idrettsdommere,0.1542,3,3,0.174645
668,6,Idrettsfag,recent,2,5223,Butikkmedarbeidere,0.1288,3,3,0.449861
668,6,Idrettsfag,recent,3,5311,Barnehage- og skolefritidsassistenter mv.,0.0797,2,3,0.572124
668,6,Idrettsfag,recent,4,2341,Grunnskolelærere,0.0746,3,3,0.366129
668,6,Idrettsfag,recent,5,5329,Andre pleiemedarbeidere,0.0695,3,2,0.278788
668,6,Idrettsfag,recent,6,5321,Helsefagarbeidere,0.0627,1,2,0.1875
668,6,Idrettsfag,recent,7,3423,Sports- og aktivitetsinstruktører,0.0441,2,3,0.320382
668,6,Idrettsfag,recent,8,4110,Kontormedarbeidere,0.0373,5,5,0.670689
668,6,Idrettsfag,recent,9,2224,Vernepleiere,0.0373,3,3,0.256002
668,6,Idrettsfag,recent,10,4321,Lagermedarbeidere og material-forvaltere,0.0305,3,3,0.585239
669,6,"Helse-, sosial- og idrettsfag, andre",all,1,2221,Spesialsykepleiere,0.1603,3,3,0.256002
669,6,"Helse-, sosial- og idrettsfag, andre",all,2,3212,Bioingeniører,0.1228,3,3,0.357619
669,6,"Helse-, sosial- og idrettsfag, andre",all,3,3211,Radiografer mv.,0.0848,3,3,0.3375
669,6,"Helse-, sosial- og idrettsfag, andre",all,4,2224,Vernepleiere,0.0614,3,3,0.256002
669,6,"Helse-, sosial- og idrettsfag, andre",all,5,5321,Helsefagarbeidere,0.0496,1,2,0.1875
669,6,"Helse-, sosial- og idrettsfag, andre",all,6,2223,Sykepleiere,0.0444,3,3,0.256002
669,6,"Helse-, sosial- og idrettsfag, andre",all,7,2422,Høyere saksbehandlere i offentlig og privat virksomhet,0.0423,5,5,0.450311
669,6,"Helse-, sosial- og idrettsfag, andre",all,8,1342,Ledere av helsetjenester,0.0389,4,4,0.476886
669,6,"Helse-, sosial- og idrettsfag, andre",all,9,2635,Rådgivere innen sosiale fagfelt,0.0376,3,3,0.188929
669,6,"Helse-, sosial- og idrettsfag, andre",all,10,3412,Miljøarbeidere innen sosiale fagfelt,0.0356,3,3,0.48
669,6,"Helse-, sosial- og idrettsfag, andre",recent,1,2221,Spesialsykepleiere,0.1802,3,3,0.256002
669,6,"Helse-, sosial- og idrettsfag, andre",recent,2,3212,Bioingeniører,0.1274,3,3,0.357619
669,6,"Helse-, sosial- og idrettsfag, andre",recent,3,3211,Radiografer mv.,0.1,3,3,0.3375
669,6,"Helse-, sosial- og idrettsfag, andre",recent,4,2224,Vernepleiere,0.0952,3,3,0.256002
669,6,"Helse-, sosial- og idrettsfag, andre",recent,5,3412,Miljøarbeidere innen sosiale fagfelt,0.0528,3,3,0.48
669,6,"Helse-, sosial- og idrettsfag, andre",recent,6,2635,Rådgivere innen sosiale fagfelt,0.052,3,3,0.188929
669,6,"Helse-, sosial- og idrettsfag, andre",recent,7,3258,Ambulansepersonell,0.0457,2,1,
669,6,"Helse-, sosial- og idrettsfag, andre",recent,8,2223,Sykepleiere,0.0437,3,3,0.256002
669,6,"Helse-, sosial- og idrettsfag, andre",recent,9,5321,Helsefagarbeidere,0.0325,1,2,0.1875
669,6,"Helse-, sosial- og idrettsfag, andre",recent,10,2422,Høyere saksbehandlere i offentlig og privat virksomhet,0.0322,5,5,0.450311
671,6,Fiske og havbruk,all,1,6221,Havbruksarbeidere,0.3423,2,2,0.0
671,6,Fiske og havbruk,all,2,1321,Ledere av industriproduksjon mv.,0.1012,4,4,0.0
671,6,Fiske og havbruk,all,3,3322,Selgere (engros),0.0521,5,5,0.398974
671,6,Fiske og havbruk,all,4,5223,Butikkmedarbeidere,0.0461,3,3,0.449861
671,6,Fiske og havbruk,all,5,4110,Kontormedarbeidere,0.0432,5,5,0.670689
671,6,Fiske og havbruk,all,6,1120,Administrerende direktører,0.0372,4,5,0.371125
671,6,Fiske og havbruk,all,7,3119,Andre ingeniører,0.0298,3,3,0.505172
671,6,Fiske og havbruk,all,8,2422,Høyere saksbehandlere i offentlig og privat virksomhet,0.0298,5,5,0.450311
671,6,Fiske og havbruk,all,9,5329,Andre pleiemedarbeidere,0.0283,3,2,0.278788
671,6,Fiske og havbruk,all,10,3115,Maskiningeniører,0.0253,3,3,0.537986
671,6,Fiske og havbruk,recent,1,6221,Havbruksarbeidere,0.6667,2,2,0.0
671,6,Fiske og havbruk,recent,2,1321,Ledere av industriproduksjon mv.,0.2353,4,4,0.0
671,6,Fiske og havbruk,recent,3,2131,"Biologer, botanikere, zoologer mv.",0.0392,4,4,0.255362
671,6,Fiske og havbruk,recent,4,3115,Maskiningeniører,0.0294,3,3,0.537986
671,6,Fiske og havbruk,recent,5,2132,Sivilagronomer mv.,0.0294,4,4,0.24989
671,6,Fiske og havbruk,recent,6,3257,Helse- og miljøkontrollører,0.0,3,3,0.640625
671,6,Fiske og havbruk,recent,7,1312,Ledere innen akvakultur mv.,0.0,3,4,0.230508
671,6,Fiske og havbruk,recent,8,3116,Kjemiingeniører,0.0,3,3,0.430472
671,6,Fiske og havbruk,recent,9,3119,Andre ingeniører,0.0,3,3,0.505172
671,6,Fiske og havbruk,recent,10,3152,Dekksoffiserer og loser,0.0,3,3,1.0
672,6,Jordbruk,all,1,3322,Selgere (engros),0.1179,5,5,0.398974
672,6,Jordbruk,all,2,6130,Plante- og husdyrprodusenter (kombinasjonsbruk),0.1107,2,2,0.0
672,6,Jordbruk,all,3,5223,Butikkmedarbeidere,0.1,3,3,0.449861
672,6,Jordbruk,all,4,3142,Agroteknikere,0.0821,4,4,0.777467
672,6,Jordbruk,all,5,2422,Høyere saksbehandlere i offentlig og privat virksomhet,0.0714,5,5,0.450311
672,6,Jordbruk,all,6,2132,Sivilagronomer mv.,0.0464,4,4,0.24989
672,6,Jordbruk,all,7,6121,Melke- og husdyrprodusenter,0.0464,2,2,0.0
672,6,Jordbruk,all,8,1221,Salgs- og markedssjefer,0.0393,4,5,0.422801
672,6,Jordbruk,all,9,4321,Lagermedarbeidere og material-forvaltere,0.0321,3,3,0.585239
672,6,Jordbruk,all,10,4110,Kontormedarbeidere,0.0286,5,5,0.670689
672,6,Jordbruk,recent,1,6130,Plante- og husdyrprodusenter (kombinasjonsbruk),0.2812,2,2,0.0
672,6,Jordbruk,recent,2,3142,Agroteknikere,0.25,4,4,0.777467
672,6,Jordbruk,recent,3,5223,Butikkmedarbeidere,0.2188,3,3,0.449861
672,6,Jordbruk,recent,4,3322,Selgere (engros),0.125,5,5,0.398974
672,6,Jordbruk,recent,5,2422,Høyere saksbehandlere i offentlig og privat virksomhet,0.125,5,5,0.450311
672,6,Jordbruk,recent,6,1221,Salgs- og markedssjefer,0.0,4,5,0.422801
672,6,Jordbruk,recent,7,2132,Sivilagronomer mv.,0.0,4,4,0.24989
672,6,Jordbruk,recent,8,7233,Anleggsmaskin- og industrimekanikere,0.0,2,2,0.596919
672,6,Jordbruk,recent,9,4323,Transportfunksjonærer,0.0,5,5,0.0
672,6,Jordbruk,recent,10,2421,Organisasjonsrådgivere mv.,0.0,4,5,0.423703
674,6,Skogbruk,all,1,3143,Skogteknikere,0.2355,3,2,0.631579
674,6,Skogbruk,all,2,2422,Høyere saksbehandlere i offentlig og privat virksomhet,0.2168,5,5,0.450311
674,6,Skogbruk,all,3,5223,Butikkmedarbeidere,0.0679,3,3,0.449861
674,6,Skogbruk,all,4,1120,Administrerende direktører,0.0448,4,5,0.371125
674,6,Skogbruk,all,5,1311,"Ledere i skogbruk, gartnerier mv.",0.039,3,4,0.230508
674,6,Skogbruk,all,6,6210,Skogbrukere,0.0231,2,1,0.0
674,6,Skogbruk,all,7,5311,Barnehage- og skolefritidsassistenter mv.,0.0231,2,3,0.572124
674,6,Skogbruk,all,8,3112,Bygningsingeniører,0.0217,4,4,0.301375
674,6,Skogbruk,all,9,3119,Andre ingeniører,0.0188,3,3,0.505172
674,6,Skogbruk,all,10,5321,Helsefagarbeidere,0.0188,1,2,0.1875
674,6,Skogbruk,recent,1,3143,Skogteknikere,0.4,3,2,0.631579
674,6,Skogbruk,recent,2,2422,Høyere saksbehandlere i offentlig og privat virksomhet,0.275,5,5,0.450311
674,6,Skogbruk,recent,3,5223,Butikkmedarbeidere,0.15,3,3,0.449861
674,6,Skogbruk,recent,4,1120,Administrerende direktører,0.1,4,5,0.371125
674,6,Skogbruk,recent,5,8160,Operatører innen næringsmiddelproduksjon,0.075,1,1,0.278481
674,6,Skogbruk,recent,6,1311,"Ledere i skogbruk, gartnerier mv.",0.0,3,4,0.230508
674,6,Skogbruk,recent,7,1219,Andre administrative ledere,0.0,4,4,0.47783
674,6,Skogbruk,recent,8,2142,Sivilingeniører (bygg og anlegg),0.0,4,4,0.0
674,6,Skogbruk,recent,9,2164,Arealplanleggere,0.0,4,4,1.0
674,6,Skogbruk,recent,10,3315,Takstmenn,0.0,5,4,0.467849
679,6,"Primærnæringsfag, andre",all,1,9112,Renholdere i virksomheter,0.0616,1,1,0.46875
679,6,"Primærnæringsfag, andre",all,2,5223,Butikkmedarbeidere,0.0509,3,3,0.449861
679,6,"Primærnæringsfag, andre",all,3,3240,Dyrepleiere,0.0465,2,2,0.152733
679,6,"Primærnæringsfag, andre",all,4,2422,Høyere saksbehandlere i offentlig og privat virksomhet,0.0434,5,5,0.450311
679,6,"Primærnæringsfag, andre",all,5,8160,Operatører innen næringsmiddelproduksjon,0.0427,1,1,0.278481
679,6,"Primærnæringsfag, andre",all,6,5321,Helsefagarbeidere,0.0377,1,2,0.1875
679,6,"Primærnæringsfag, andre",all,7,5311,Barnehage- og skolefritidsassistenter mv.,0.0339,2,3,0.572124
679,6,"Primærnæringsfag, andre",all,8,6113,Gartnere,0.0314,2,2,0.777533
679,6,"Primærnæringsfag, andre",all,9,5329,Andre pleiemedarbeidere,0.0308,3,2,0.278788
679,6,"Primærnæringsfag, andre",all,10,7115,Tømrere og snekkere,0.0283,2,2,
679,6,"Primærnæringsfag, andre",recent,1,3240,Dyrepleiere,0.1654,2,2,0.152733
679,6,"Primærnæringsfag, andre",recent,2,9112,Renholdere i virksomheter,0.1102,1,1,0.46875
679,6,"Primærnæringsfag, andre",recent,3,5223,Butikkmedarbeidere,0.0866,3,3,0.449861
679,6,"Primærnæringsfag, andre",recent,4,2250,Veterinærer,0.0787,3,2,0.386598
679,6,"Primærnæringsfag, andre",recent,5,2422,Høyere saksbehandlere i offentlig og privat virksomhet,0.0709,5,5,0.450311
679,6,"Primærnæringsfag, andre",recent,6,5311,Barnehage- og skolefritidsassistenter mv.,0.063,2,3,0.572124
679,6,"Primærnæringsfag, andre",recent,7,8160,Operatører innen næringsmiddelproduksjon,0.063,1,1,0.278481
679,6,"Primærnæringsfag, andre",recent,8,3322,Selgere (engros),0.0551,5,5,0.398974
679,6,"Primærnæringsfag, andre",recent,9,6113,Gartnere,0.0472,2,2,0.777533
679,6,"Primærnæringsfag, andre",recent,10,4321,Lagermedarbeidere og material-forvaltere,0.0394,3,3,0.585239
681,6,Samferdsel,all,1,3152,Dekksoffiserer og loser,0.2594,3,3,1.0
681,6,Samferdsel,all,2,3154,Flygeledere,0.0508,3,3,1.0
681,6,Samferdsel,all,3,0110,Offiserer fra fenrik og høyere grad,0.0498,,,
681,6,Samferdsel,all,4,2422,Høyere saksbehandlere i offentlig og privat virksomhet,0.0448,5,5,0.450311
681,6,Samferdsel,all,5,3331,Speditører og befraktere,0.0396,5,5,0.464876
681,6,Samferdsel,all,6,1324,Ledere av logistikk og transport mv.,0.037,4,4,0.411458
681,6,Samferdsel,all,7,4322,Logistikkmedarbeidere,0.0366,5,5,0.439394
681,6,Samferdsel,all,8,3323,Innkjøpere,0.032,4,5,0.7625
681,6,Samferdsel,all,9,4110,Kontormedarbeidere,0.0262,5,5,0.670689
681,6,Samferdsel,all,10,1120,Administrerende direktører,0.0234,4,5,0.371125
681,6,Samferdsel,recent,1,3152,Dekksoffiserer og loser,0.4777,3,3,1.0
681,6,Samferdsel,recent,2,0110,Offiserer fra fenrik og høyere grad,0.1183,,,
681,6,Samferdsel,recent,3,4322,Logistikkmedarbeidere,0.0647,5,5,0.439394
681,6,Samferdsel,recent,4,3331,Speditører og befraktere,0.0424,5,5,0.464876
681,6,Samferdsel,recent,5,0210,Befal med sersjant grad,0.0402,,,
681,6,Samferdsel,recent,6,3154,Flygeledere,0.0357,3,3,1.0
681,6,Samferdsel,recent,7,3323,Innkjøpere,0.0357,4,5,0.7625
681,6,Samferdsel,recent,8,4110,Kontormedarbeidere,0.0312,5,5,0.670689
681,6,Samferdsel,recent,9,4321,Lagermedarbeidere og material-forvaltere,0.0268,3,3,0.585239
681,6,Samferdsel,recent,10,3324,Handels- og skipsmeglere,0.0246,5,5,0.392905
682,6,Sikkerhet,all,1,3355,Politibetjenter mv.,0.4703,3,4,0.121447
682,6,Sikkerhet,all,2,0110,Offiserer fra fenrik og høyere grad,0.0926,,,
682,6,Sikkerhet,all,3,5413,Fengselsbetjenter,0.0484,3,2,0.3878
682,6,Sikkerhet,all,4,2422,Høyere saksbehandlere i offentlig og privat virksomhet,0.029,5,5,0.450311
682,6,Sikkerhet,all,5,0210,Befal med sersjant grad,0.0222,,,
682,6,Sikkerhet,all,6,1120,Administrerende direktører,0.0142,4,5,0.371125
682,6,Sikkerhet,all,7,1349,Andre ledere av produksjon og tjenesteyting,0.014,4,4,0.4435
682,6,Sikkerhet,all,8,3119,Andre ingeniører,0.0131,3,3,0.505172
682,6,Sikkerhet,all,9,1219,Andre administrative ledere,0.011,4,4,0.47783
682,6,Sikkerhet,all,10,3112,Bygningsingeniører,0.0109,4,4,0.301375
682,6,Sikkerhet,recent,1,3355,Politibetjenter mv.,0.6159,3,4,0.121447
682,6,Sikkerhet,recent,2,5413,Fengselsbetjenter,0.1113,3,2,0.3878
682,6,Sikkerhet,recent,3,0110,Offiserer fra fenrik og høyere grad,0.0998,,,
682,6,Sikkerhet,recent,4,2422,Høyere saksbehandlere i offentlig og privat virksomhet,0.0281,5,5,0.450311
682,6,Sikkerhet,recent,5,0210,Befal med sersjant grad,0.0146,,,
682,6,Sikkerhet,recent,6,3119,Andre ingeniører,0.0112,3,3,0.505172
682,6,Sikkerhet,recent,7,2224,Vernepleiere,0.0081,3,3,0.256002
682,6,Sikkerhet,recent,8,3412,Miljøarbeidere innen sosiale fagfelt,0.0077,3,3,0.48
682,6,Sikkerhet,recent,9,3112,Bygningsingeniører,0.0077,4,4,0.301375
682,6,Sikkerhet,recent,10,4110,Kontormedarbeidere,0.0073,5,5,0.670689
689,6,"Samferdsels- og sikkerhetsfag og andre servicefag, andre",all,1,9112,Renholdere i virksomheter,0.0752,1,1,0.46875
689,6,"Samferdsels- og sikkerhetsfag og andre servicefag, andre",all,2,5223,Butikkmedarbeidere,0.0437,3,3,0.449861
689,6,"Samferdsels- og sikkerhetsfag og andre servicefag, andre",all,3,4110,Kontormedarbeidere,0.0351,5,5,0.670689
689,6,"Samferdsels- og sikkerhetsfag og andre servicefag, andre",all,4,5329,Andre pleiemedarbeidere,0.0329,3,2,0.278788
689,6,"Samferdsels- og sikkerhetsfag og andre servicefag, andre",all,5,1120,Administrerende direktører,0.0322,4,5,0.371125
689,6,"Samferdsels- og sikkerhetsfag og andre servicefag, andre",all,6,5321,Helsefagarbeidere,0.0282,1,2,0.1875
689,6,"Samferdsels- og sikkerhetsfag og andre servicefag, andre",all,7,5311,Barnehage- og skolefritidsassistenter mv.,0.0268,2,3,0.572124
689,6,"Samferdsels- og sikkerhetsfag og andre servicefag, andre",all,8,3322,Selgere (engros),0.0257,5,5,0.398974
689,6,"Samferdsels- og sikkerhetsfag og andre servicefag, andre",all,9,2422,Høyere saksbehandlere i offentlig og privat virksomhet,0.0253,5,5,0.450311
689,6,"Samferdsels- og sikkerhetsfag og andre servicefag, andre",all,10,5120,Kokker,0.0253,2,2,0.325445
689,6,"Samferdsels- og sikkerhetsfag og andre servicefag, andre",recent,1,9112,Renholdere i virksomheter,0.234,1,1,0.46875
689,6,"Samferdsels- og sikkerhetsfag og andre servicefag, andre",recent,2,5223,Butikkmedarbeidere,0.1489,3,3,0.449861
689,6,"Samferdsels- og sikkerhetsfag og andre servicefag, andre",recent,3,9412,Kjøkkenassistenter,0.1064,1,1,0.228
689,6,"Samferdsels- og sikkerhetsfag og andre servicefag, andre",recent,4,5311,Barnehage- og skolefritidsassistenter mv.,0.0851,2,3,0.572124
689,6,"Samferdsels- og sikkerhetsfag og andre servicefag, andre",recent,5,4321,Lagermedarbeidere og material-forvaltere,0.0851,3,3,0.585239
689,6,"Samferdsels- og sikkerhetsfag og andre servicefag, andre",recent,6,5246,Gatekjøkken- og kafémedarbeidere mv.,0.0851,1,1,0.370468
689,6,"Samferdsels- og sikkerhetsfag og andre servicefag, andre",recent,7,5120,Kokker,0.0638,2,2,0.325445
689,6,"Samferdsels- og sikkerhetsfag og andre servicefag, andre",recent,8,4224,Hotellresepsjonister,0.0638,4,4,0.539747
689,6,"Samferdsels- og sikkerhetsfag og andre servicefag, andre",recent,9,7231,Bilmekanikere,0.0638,1,1,0.328403
689,6,"Samferdsels- og sikkerhetsfag og andre servicefag, andre",recent,10,8322,"Bil-, drosje- og varebilførere",0.0638,3,2,0.795414
699,6,Uoppgitt faggruppe,all,1,9112,Renholdere i virksomheter,0.0728,1,1,0.46875
699,6,Uoppgitt faggruppe,all,2,5311,Barnehage- og skolefritidsassistenter mv.,0.0512,2,3,0.572124
699,6,Uoppgitt faggruppe,all,3,5223,Butikkmedarbeidere,0.0494,3,3,0.449861
699,6,Uoppgitt faggruppe,all,4,5329,Andre pleiemedarbeidere,0.0356,3,2,0.278788
699,6,Uoppgitt faggruppe,all,5,2422,Høyere saksbehandlere i offentlig og privat virksomhet,0.0323,5,5,0.450311
699,6,Uoppgitt faggruppe,all,6,5131,Servitører,0.0315,2,1,0.572016
699,6,Uoppgitt faggruppe,all,7,5321,Helsefagarbeidere,0.029,1,2,0.1875
699,6,Uoppgitt faggruppe,all,8,5120,Kokker,0.0278,2,2,0.325445
699,6,Uoppgitt faggruppe,all,9,8160,Operatører innen næringsmiddelproduksjon,0.0262,1,1,0.278481
699,6,Uoppgitt faggruppe,all,10,9412,Kjøkkenassistenter,0.0248,1,1,0.228
699,6,Uoppgitt faggruppe,recent,1,9112,Renholdere i virksomheter,0.0783,1,1,0.46875
699,6,Uoppgitt faggruppe,recent,2,5223,Butikkmedarbeidere,0.0701,3,3,0.449861
699,6,Uoppgitt faggruppe,recent,3,5311,Barnehage- og skolefritidsassistenter mv.,0.0637,2,3,0.572124
699,6,Uoppgitt faggruppe,recent,4,5131,Servitører,0.0546,2,1,0.572016
699,6,Uoppgitt faggruppe,recent,5,5329,Andre pleiemedarbeidere,0.0473,3,2,0.278788
699,6,Uoppgitt faggruppe,recent,6,8160,Operatører innen næringsmiddelproduksjon,0.043,1,1,0.278481
699,6,Uoppgitt faggruppe,recent,7,9412,Kjøkkenassistenter,0.043,1,1,0.228
699,6,Uoppgitt faggruppe,recent,8,5120,Kokker,0.0331,2,2,0.325445
699,6,Uoppgitt faggruppe,recent,9,4110,Kontormedarbeidere,0.0228,5,5,0.670689
699,6,Uoppgitt faggruppe,recent,10,5246,Gatekjøkken- og kafémedarbeidere mv.,0.0219,1,1,0.370468
701,7,Allmenne fag,all,1,2310,Universitets- og høyskolelektorer/-lærere,0.1287,4,4,0.286836
701,7,Allmenne fag,all,2,5311,Barnehage- og skolefritidsassistenter mv.,0.1188,2,3,0.572124
701,7,Allmenne fag,all,3,5329,Andre pleiemedarbeidere,0.1089,3,2,0.278788
701,7,Allmenne fag,all,4,9112,Renholdere i virksomheter,0.0792,1,1,0.46875
701,7,Allmenne fag,all,5,9412,Kjøkkenassistenter,0.0693,1,1,0.228
701,7,Allmenne fag,all,6,3117,"Ingeniører innen petroleum, bergverk og metallurgi",0.0594,3,4,0.638681
701,7,Allmenne fag,all,7,2341,Grunnskolelærere,0.0594,3,3,0.366129
701,7,Allmenne fag,all,8,2422,Høyere saksbehandlere i offentlig og privat virksomhet,0.0495,5,5,0.450311
701,7,Allmenne fag,all,9,2511,Systemanalytikere/-arkitekter,0.0495,5,5,0.341622
701,7,Allmenne fag,all,10,3119,Andre ingeniører,0.0495,3,3,0.505172
701,7,Allmenne fag,recent,1,2310,Universitets- og høyskolelektorer/-lærere,1.0,4,4,0.286836
701,7,Allmenne fag,recent,2,5311,Barnehage- og skolefritidsassistenter mv.,0.0,2,3,0.572124
701,7,Allmenne fag,recent,3,3117,"Ingeniører innen petroleum, bergverk og metallurgi",0.0,3,4,0.638681
701,7,Allmenne fag,recent,4,2341,Grunnskolelærere,0.0,3,3,0.366129
701,7,Allmenne fag,recent,5,5329,Andre pleiemedarbeidere,0.0,3,2,0.278788
701,7,Allmenne fag,recent,6,2422,Høyere saksbehandlere i offentlig og privat virksomhet,0.0,5,5,0.450311
701,7,Allmenne fag,recent,7,2511,Systemanalytikere/-arkitekter,0.0,5,5,0.341622
701,7,Allmenne fag,recent,8,3119,Andre ingeniører,0.0,3,3,0.505172
701,7,Allmenne fag,recent,9,4110,Kontormedarbeidere,0.0,5,5,0.670689
701,7,Allmenne fag,recent,10,9112,Renholdere i virksomheter,0.0,1,1,0.46875
711,7,Språkutdanninger,all,1,2330,Lektorer mv. (videregående skole),0.3531,3,3,0.280862
711,7,Språkutdanninger,all,2,2341,Grunnskolelærere,0.2245,3,3,0.366129
711,7,Språkutdanninger,all,3,2422,Høyere saksbehandlere i offentlig og privat virksomhet,0.1228,5,5,0.450311
711,7,Språkutdanninger,all,4,2310,Universitets- og høyskolelektorer/-lærere,0.0764,4,4,0.286836
711,7,Språkutdanninger,all,5,1345,Ledere av utdanning og undervisning,0.0398,4,4,0.368473
711,7,Språkutdanninger,all,6,2643,"Oversettere, tolker mv.",0.015,5,5,0.588164
711,7,Språkutdanninger,all,7,4110,Kontormedarbeidere,0.015,5,5,0.670689
711,7,Språkutdanninger,all,8,2641,Forfattere mv.,0.0147,5,5,0.355238
711,7,Språkutdanninger,all,9,1219,Andre administrative ledere,0.0127,4,4,0.47783
711,7,Språkutdanninger,all,10,2642,Journalister,0.0122,5,5,0.365885
711,7,Språkutdanninger,recent,1,2330,Lektorer mv. (videregående skole),0.3773,3,3,0.280862
711,7,Språkutdanninger,recent,2,2341,Grunnskolelærere,0.3727,3,3,0.366129
711,7,Språkutdanninger,recent,3,2310,Universitets- og høyskolelektorer/-lærere,0.1136,4,4,0.286836
711,7,Språkutdanninger,recent,4,2422,Høyere saksbehandlere i offentlig og privat virksomhet,0.0568,5,5,0.450311
711,7,Språkutdanninger,recent,5,2642,Journalister,0.0159,5,5,0.365885
711,7,Språkutdanninger,recent,6,2641,Forfattere mv.,0.0136,5,5,0.355238
711,7,Språkutdanninger,recent,7,5223,Butikkmedarbeidere,0.0136,3,3,0.449861
711,7,Språkutdanninger,recent,8,2622,Bibliotekarer og andre informasjonsarbeidere,0.0091,5,4,0.433784
711,7,Språkutdanninger,recent,9,2643,"Oversettere, tolker mv.",0.0068,5,5,0.588164
711,7,Språkutdanninger,recent,10,4110,Kontormedarbeidere,0.0068,5,5,0.670689
712,7,Litteratur- og bibliotekutdanninger,all,1,2341,Grunnskolelærere,0.1782,3,3,0.366129
712,7,Litteratur- og bibliotekutdanninger,all,2,2330,Lektorer mv. (videregående skole),0.1642,3,3,0.280862
712,7,Litteratur- og bibliotekutdanninger,all,3,2422,Høyere saksbehandlere i offentlig og privat virksomhet,0.1355,5,5,0.450311
712,7,Litteratur- og bibliotekutdanninger,all,4,2622,Bibliotekarer og andre informasjonsarbeidere,0.1156,5,4,0.433784
712,7,Litteratur- og bibliotekutdanninger,all,5,2310,Universitets- og høyskolelektorer/-lærere,0.0552,4,4,0.286836
712,7,Litteratur- og bibliotekutdanninger,all,6,2641,Forfattere mv.,0.0493,5,5,0.355238
712,7,Litteratur- og bibliotekutdanninger,all,7,2642,Journalister,0.0302,5,5,0.365885
712,7,Litteratur- og bibliotekutdanninger,all,8,4110,Kontormedarbeidere,0.0265,5,5,0.670689
712,7,Litteratur- og bibliotekutdanninger,all,9,1345,Ledere av utdanning og undervisning,0.0243,4,4,0.368473
712,7,Litteratur- og bibliotekutdanninger,all,10,2432,Informasjonsrådgivere,0.0206,5,5,0.304988
712,7,Litteratur- og bibliotekutdanninger,recent,1,2341,Grunnskolelærere,0.4094,3,3,0.366129
712,7,Litteratur- og bibliotekutdanninger,recent,2,2622,Bibliotekarer og andre informasjonsarbeidere,0.1879,5,4,0.433784
712,7,Litteratur- og bibliotekutdanninger,recent,3,2330,Lektorer mv. (videregående skole),0.1477,3,3,0.280862
712,7,Litteratur- og bibliotekutdanninger,recent,4,2422,Høyere saksbehandlere i offentlig og privat virksomhet,0.1074,5,5,0.450311
712,7,Litteratur- og bibliotekutdanninger,recent,5,2310,Universitets- og høyskolelektorer/-lærere,0.0403,4,4,0.286836
712,7,Litteratur- og bibliotekutdanninger,recent,6,2641,Forfattere mv.,0.0336,5,5,0.355238
712,7,Litteratur- og bibliotekutdanninger,recent,7,4110,Kontormedarbeidere,0.0336,5,5,0.670689
712,7,Litteratur- og bibliotekutdanninger,recent,8,5223,Butikkmedarbeidere,0.0201,3,3,0.449861
712,7,Litteratur- og bibliotekutdanninger,recent,9,2432,Informasjonsrådgivere,0.0201,5,5,0.304988
712,7,Litteratur- og bibliotekutdanninger,recent,10,2642,Journalister,0.0,5,5,0.365885
713,7,Historisk-filosofiske utdanninger,all,1,2422,Høyere saksbehandlere i offentlig og privat virksomhet,0.2656,5,5,0.450311
713,7,Historisk-filosofiske utdanninger,all,2,2341,Grunnskolelærere,0.1539,3,3,0.366129
713,7,Historisk-filosofiske utdanninger,all,3,2330,Lektorer mv. (videregående skole),0.1192,3,3,0.280862
713,7,Historisk-filosofiske utdanninger,all,4,2621,Arkivarer og kuratorer,0.0609,4,5,0.415981
713,7,Historisk-filosofiske utdanninger,all,5,2310,Universitets- og høyskolelektorer/-lærere,0.0576,4,4,0.286836
713,7,Historisk-filosofiske utdanninger,all,6,1219,Andre administrative ledere,0.0247,4,4,0.47783
713,7,Historisk-filosofiske utdanninger,all,7,4110,Kontormedarbeidere,0.0211,5,5,0.670689
713,7,Historisk-filosofiske utdanninger,all,8,2633,"Rådgivere/forskere, humanistiske fag",0.0189,4,5,0.457163
713,7,Historisk-filosofiske utdanninger,all,9,1345,Ledere av utdanning og undervisning,0.0186,4,4,0.368473
713,7,Historisk-filosofiske utdanninger,all,10,5223,Butikkmedarbeidere,0.0171,3,3,0.449861
713,7,Historisk-filosofiske utdanninger,recent,1,2341,Grunnskolelærere,0.2771,3,3,0.366129
713,7,Historisk-filosofiske utdanninger,recent,2,2422,Høyere saksbehandlere i offentlig og privat virksomhet,0.2755,5,5,0.450311
713,7,Historisk-filosofiske utdanninger,recent,3,2330,Lektorer mv. (videregående skole),0.1386,3,3,0.280862
713,7,Historisk-filosofiske utdanninger,recent,4,2310,Universitets- og høyskolelektorer/-lærere,0.1302,4,4,0.286836
713,7,Historisk-filosofiske utdanninger,recent,5,2621,Arkivarer og kuratorer,0.0484,4,5,0.415981
713,7,Historisk-filosofiske utdanninger,recent,6,5223,Butikkmedarbeidere,0.025,3,3,0.449861
713,7,Historisk-filosofiske utdanninger,recent,7,2633,"Rådgivere/forskere, humanistiske fag",0.025,4,5,0.457163
713,7,Historisk-filosofiske utdanninger,recent,8,4110,Kontormedarbeidere,0.0117,5,5,0.670689
713,7,Historisk-filosofiske utdanninger,recent,9,2642,Journalister,0.0117,5,5,0.365885
713,7,Historisk-filosofiske utdanninger,recent,10,5329,Andre pleiemedarbeidere,0.0067,3,2,0.278788
714,7,Religionsutdanninger,all,1,2636,Geistlige yrker,0.4173,3,4,0.35249
714,7,Religionsutdanninger,all,2,2422,Høyere saksbehandlere i offentlig og privat virksomhet,0.1133,5,5,0.450311
714,7,Religionsutdanninger,all,3,2341,Grunnskolelærere,0.1111,3,3,0.366129
714,7,Religionsutdanninger,all,4,3413,Religiøse yrker,0.0858,3,,
714,7,Religionsutdanninger,all,5,2330,Lektorer mv. (videregående skole),0.073,3,3,0.280862
714,7,Religionsutdanninger,all,6,2310,Universitets- og høyskolelektorer/-lærere,0.0409,4,4,0.286836
714,7,Religionsutdanninger,all,7,1219,Andre administrative ledere,0.0144,4,4,0.47783
714,7,Religionsutdanninger,all,8,0110,Offiserer fra fenrik og høyere grad,0.0125,,,
714,7,Religionsutdanninger,all,9,1345,Ledere av utdanning og undervisning,0.01,4,4,0.368473
714,7,Religionsutdanninger,all,10,2635,Rådgivere innen sosiale fagfelt,0.0097,3,3,0.188929
714,7,Religionsutdanninger,recent,1,2636,Geistlige yrker,0.3665,3,4,0.35249
714,7,Religionsutdanninger,recent,2,2341,Grunnskolelærere,0.2191,3,3,0.366129
714,7,Religionsutdanninger,recent,3,3413,Religiøse yrker,0.1315,3,,
714,7,Religionsutdanninger,recent,4,2330,Lektorer mv. (videregående skole),0.1036,3,3,0.280862
714,7,Religionsutdanninger,recent,5,2310,Universitets- og høyskolelektorer/-lærere,0.0717,4,4,0.286836
714,7,Religionsutdanninger,recent,6,2422,Høyere saksbehandlere i offentlig og privat virksomhet,0.0319,5,5,0.450311
714,7,Religionsutdanninger,recent,7,0110,Offiserer fra fenrik og høyere grad,0.0159,,,
714,7,Religionsutdanninger,recent,8,5321,Helsefagarbeidere,0.012,1,2,0.1875
714,7,Religionsutdanninger,recent,9,5311,Barnehage- og skolefritidsassistenter mv.,0.012,2,3,0.572124
714,7,Religionsutdanninger,recent,10,2421,Organisasjonsrådgivere mv.,0.012,4,5,0.423703
715,7,"Musikk, dans og drama",all,1,2354,Andre musikklærere,0.2219,3,3,0.223759
715,7,"Musikk, dans og drama",all,2,2652,"Dirigenter, komponister, musikere og sangere",0.1639,5,4,0.305814
715,7,"Musikk, dans og drama",all,3,2341,Grunnskolelærere,0.1435,3,3,0.366129
715,7,"Musikk, dans og drama",all,4,2330,Lektorer mv. (videregående skole),0.1038,3,3,0.280862
715,7,"Musikk, dans og drama",all,5,2310,Universitets- og høyskolelektorer/-lærere,0.101,4,4,0.286836
715,7,"Musikk, dans og drama",all,6,2422,Høyere saksbehandlere i offentlig og privat virksomhet,0.0583,5,5,0.450311
715,7,"Musikk, dans og drama",all,7,1345,Ledere av utdanning og undervisning,0.0281,4,4,0.368473
715,7,"Musikk, dans og drama",all,8,0210,Befal med sersjant grad,0.0122,,,
715,7,"Musikk, dans og drama",all,9,5311,Barnehage- og skolefritidsassistenter mv.,0.0113,2,3,0.572124
715,7,"Musikk, dans og drama",all,10,2654,Regissører,0.0104,4,4,0.525646
715,7,"Musikk, dans og drama",recent,1,2354,Andre musikklærere,0.3642,3,3,0.223759
715,7,"Musikk, dans og drama",recent,2,2341,Grunnskolelærere,0.2052,3,3,0.366129
715,7,"Musikk, dans og drama",recent,3,2652,"Dirigenter, komponister, musikere og sangere",0.1532,5,4,0.305814
715,7,"Musikk, dans og drama",recent,4,2310,Universitets- og høyskolelektorer/-lærere,0.0694,4,4,0.286836
715,7,"Musikk, dans og drama",recent,5,2330,Lektorer mv. (videregående skole),0.0694,3,3,0.280862
715,7,"Musikk, dans og drama",recent,6,2422,Høyere saksbehandlere i offentlig og privat virksomhet,0.0376,5,5,0.450311
715,7,"Musikk, dans og drama",recent,7,4110,Kontormedarbeidere,0.0231,5,5,0.670689
715,7,"Musikk, dans og drama",recent,8,0310,Menige,0.0202,,3,
715,7,"Musikk, dans og drama",recent,9,1345,Ledere av utdanning og undervisning,0.0173,4,4,0.368473
715,7,"Musikk, dans og drama",recent,10,3359,Andre yrker innen offentlig forvaltning,0.0116,3,2,
716,7,Bildende kunst og kunsthåndverk,all,1,2166,Grafiske- og multimediadesignere,0.1349,5,5,0.48798
716,7,Bildende kunst og kunsthåndverk,all,2,2341,Grunnskolelærere,0.1249,3,3,0.366129
716,7,Bildende kunst og kunsthåndverk,all,3,2161,Sivilarkitekter,0.0957,4,5,0.440769
716,7,Bildende kunst og kunsthåndverk,all,4,2310,Universitets- og høyskolelektorer/-lærere,0.0693,4,4,0.286836
716,7,Bildende kunst og kunsthåndverk,all,5,2422,Høyere saksbehandlere i offentlig og privat virksomhet,0.0669,5,5,0.450311
716,7,Bildende kunst og kunsthåndverk,all,6,2330,Lektorer mv. (videregående skole),0.0633,3,3,0.280862
716,7,Bildende kunst og kunsthåndverk,all,7,5223,Butikkmedarbeidere,0.0416,3,3,0.449861
716,7,Bildende kunst og kunsthåndverk,all,8,2511,Systemanalytikere/-arkitekter,0.0372,5,5,0.341622
716,7,Bildende kunst og kunsthåndverk,all,9,2163,Produkt- og klesdesignere,0.036,4,4,0.488239
716,7,Bildende kunst og kunsthåndverk,all,10,2519,Andre programvare- og applikasjonsutviklere,0.026,5,5,0.503293
716,7,Bildende kunst og kunsthåndverk,recent,1,2166,Grafiske- og multimediadesignere,0.2462,5,5,0.48798
716,7,Bildende kunst og kunsthåndverk,recent,2,2341,Grunnskolelærere,0.1269,3,3,0.366129
716,7,Bildende kunst og kunsthåndverk,recent,3,2161,Sivilarkitekter,0.1115,4,5,0.440769
716,7,Bildende kunst og kunsthåndverk,recent,4,2330,Lektorer mv. (videregående skole),0.0654,3,3,0.280862
716,7,Bildende kunst og kunsthåndverk,recent,5,2519,Andre programvare- og applikasjonsutviklere,0.0654,5,5,0.503293
716,7,Bildende kunst og kunsthåndverk,recent,6,2511,Systemanalytikere/-arkitekter,0.0577,5,5,0.341622
716,7,Bildende kunst og kunsthåndverk,recent,7,5223,Butikkmedarbeidere,0.05,3,3,0.449861
716,7,Bildende kunst og kunsthåndverk,recent,8,2422,Høyere saksbehandlere i offentlig og privat virksomhet,0.05,5,5,0.450311
716,7,Bildende kunst og kunsthåndverk,recent,9,2512,Programvareutviklere,0.0462,5,5,0.655007
716,7,Bildende kunst og kunsthåndverk,recent,10,4110,Kontormedarbeidere,0.0308,5,5,0.670689
719,7,"Humanistiske og estetiske fag, andre",all,1,2341,Grunnskolelærere,0.0948,3,3,0.366129
719,7,"Humanistiske og estetiske fag, andre",all,2,2422,Høyere saksbehandlere i offentlig og privat virksomhet,0.0771,5,5,0.450311
719,7,"Humanistiske og estetiske fag, andre",all,3,5311,Barnehage- og skolefritidsassistenter mv.,0.0563,2,3,0.572124
719,7,"Humanistiske og estetiske fag, andre",all,4,2330,Lektorer mv. (videregående skole),0.0478,3,3,0.280862
719,7,"Humanistiske og estetiske fag, andre",all,5,2652,"Dirigenter, komponister, musikere og sangere",0.0342,5,4,0.305814
719,7,"Humanistiske og estetiske fag, andre",all,6,2310,Universitets- og høyskolelektorer/-lærere,0.0334,4,4,0.286836
719,7,"Humanistiske og estetiske fag, andre",all,7,5223,Butikkmedarbeidere,0.0311,3,3,0.449861
719,7,"Humanistiske og estetiske fag, andre",all,8,2354,Andre musikklærere,0.0276,3,3,0.223759
719,7,"Humanistiske og estetiske fag, andre",all,9,4110,Kontormedarbeidere,0.0247,5,5,0.670689
719,7,"Humanistiske og estetiske fag, andre",all,10,2161,Sivilarkitekter,0.0216,4,5,0.440769
719,7,"Humanistiske og estetiske fag, andre",recent,1,2341,Grunnskolelærere,0.1358,3,3,0.366129
719,7,"Humanistiske og estetiske fag, andre",recent,2,5223,Butikkmedarbeidere,0.1078,3,3,0.449861
719,7,"Humanistiske og estetiske fag, andre",recent,3,5311,Barnehage- og skolefritidsassistenter mv.,0.1056,2,3,0.572124
719,7,"Humanistiske og estetiske fag, andre",recent,4,2422,Høyere saksbehandlere i offentlig og privat virksomhet,0.0668,5,5,0.450311
719,7,"Humanistiske og estetiske fag, andre",recent,5,9112,Renholdere i virksomheter,0.0582,1,1,0.46875
719,7,"Humanistiske og estetiske fag, andre",recent,6,5312,Skoleassistenter,0.0539,3,1,0.412884
719,7,"Humanistiske og estetiske fag, andre",recent,7,2310,Universitets- og høyskolelektorer/-lærere,0.0431,4,4,0.286836
719,7,"Humanistiske og estetiske fag, andre",recent,8,5329,Andre pleiemedarbeidere,0.0409,3,2,0.278788
719,7,"Humanistiske og estetiske fag, andre",recent,9,8160,Operatører innen næringsmiddelproduksjon,0.0345,1,1,0.278481
719,7,"Humanistiske og estetiske fag, andre",recent,10,5246,Gatekjøkken- og kafémedarbeidere mv.,0.0323,1,1,0.370468
721,7,Førskole-/barnehagelærerutdanninger,all,1,2342,Førskolelærere,0.4103,2,2,0.457528
721,7,Førskole-/barnehagelærerutdanninger,all,2,2310,Universitets- og høyskolelektorer/-lærere,0.1843,4,4,0.286836
721,7,Førskole-/barnehagelærerutdanninger,all,3,1341,Ledere av omsorgstjenester for barn,0.125,4,4,0.513793
721,7,Førskole-/barnehagelærerutdanninger,all,4,2422,Høyere saksbehandlere i offentlig og privat virksomhet,0.0753,5,5,0.450311
721,7,Førskole-/barnehagelærerutdanninger,all,5,2341,Grunnskolelærere,0.0449,3,3,0.366129
721,7,Førskole-/barnehagelærerutdanninger,all,6,5311,Barnehage- og skolefritidsassistenter mv.,0.0321,2,3,0.572124
721,7,Førskole-/barnehagelærerutdanninger,all,7,1219,Andre administrative ledere,0.0288,4,4,0.47783
721,7,Førskole-/barnehagelærerutdanninger,all,8,2330,Lektorer mv. (videregående skole),0.0192,3,3,0.280862
721,7,Førskole-/barnehagelærerutdanninger,all,9,1343,Ledere av eldreomsorg,0.016,4,4,0.454129
721,7,Førskole-/barnehagelærerutdanninger,all,10,2634,Psykologer,0.016,4,4,0.151061
721,7,Førskole-/barnehagelærerutdanninger,recent,1,2342,Førskolelærere,0.5043,2,2,0.457528
721,7,Førskole-/barnehagelærerutdanninger,recent,2,2310,Universitets- og høyskolelektorer/-lærere,0.1913,4,4,0.286836
721,7,Førskole-/barnehagelærerutdanninger,recent,3,2422,Høyere saksbehandlere i offentlig og privat virksomhet,0.0957,5,5,0.450311
721,7,Førskole-/barnehagelærerutdanninger,recent,4,1341,Ledere av omsorgstjenester for barn,0.0783,4,4,0.513793
721,7,Førskole-/barnehagelærerutdanninger,recent,5,2341,Grunnskolelærere,0.0348,3,3,0.366129
721,7,Førskole-/barnehagelærerutdanninger,recent,6,1219,Andre administrative ledere,0.0348,4,4,0.47783
721,7,Førskole-/barnehagelærerutdanninger,recent,7,1343,Ledere av eldreomsorg,0.0348,4,4,0.454129
721,7,Førskole-/barnehagelærerutdanninger,recent,8,2352,Spesiallærere / spesialpedagoger,0.0261,3,3,0.436711
721,7,Førskole-/barnehagelærerutdanninger,recent,9,2330,Lektorer mv. (videregående skole),0.0,3,3,0.280862
721,7,Førskole-/barnehagelærerutdanninger,recent,10,5311,Barnehage- og skolefritidsassistenter mv.,0.0,2,3,0.572124
722,7,Allmenn-/grunnskolelærerutdanninger,all,1,2341,Grunnskolelærere,0.8966,3,3,0.366129
722,7,Allmenn-/grunnskolelærerutdanninger,all,2,2330,Lektorer mv. (videregående skole),0.0237,3,3,0.280862
722,7,Allmenn-/grunnskolelærerutdanninger,all,3,2310,Universitets- og høyskolelektorer/-lærere,0.0129,4,4,0.286836
722,7,Allmenn-/grunnskolelærerutdanninger,all,4,5311,Barnehage- og skolefritidsassistenter mv.,0.011,2,3,0.572124
722,7,Allmenn-/grunnskolelærerutdanninger,all,5,5223,Butikkmedarbeidere,0.0076,3,3,0.449861
722,7,Allmenn-/grunnskolelærerutdanninger,all,6,5312,Skoleassistenter,0.0059,3,1,0.412884
722,7,Allmenn-/grunnskolelærerutdanninger,all,7,2224,Vernepleiere,0.0046,3,3,0.256002
722,7,Allmenn-/grunnskolelærerutdanninger,all,8,1345,Ledere av utdanning og undervisning,0.0043,4,4,0.368473
722,7,Allmenn-/grunnskolelærerutdanninger,all,9,2422,Høyere saksbehandlere i offentlig og privat virksomhet,0.0041,5,5,0.450311
722,7,Allmenn-/grunnskolelærerutdanninger,all,10,5321,Helsefagarbeidere,0.0032,1,2,0.1875
722,7,Allmenn-/grunnskolelærerutdanninger,recent,1,2341,Grunnskolelærere,0.9035,3,3,0.366129
722,7,Allmenn-/grunnskolelærerutdanninger,recent,2,2330,Lektorer mv. (videregående skole),0.0472,3,3,0.280862
722,7,Allmenn-/grunnskolelærerutdanninger,recent,3,2310,Universitets- og høyskolelektorer/-lærere,0.0335,4,4,0.286836
722,7,Allmenn-/grunnskolelærerutdanninger,recent,4,2422,Høyere saksbehandlere i offentlig og privat virksomhet,0.0098,5,5,0.450311
722,7,Allmenn-/grunnskolelærerutdanninger,recent,5,5311,Barnehage- og skolefritidsassistenter mv.,0.0059,2,3,0.572124
722,7,Allmenn-/grunnskolelærerutdanninger,recent,6,1345,Ledere av utdanning og undervisning,0.0,4,4,0.368473
722,7,Allmenn-/grunnskolelærerutdanninger,recent,7,5223,Butikkmedarbeidere,0.0,3,3,0.449861
722,7,Allmenn-/grunnskolelærerutdanninger,recent,8,2224,Vernepleiere,0.0,3,3,0.256002
722,7,Allmenn-/grunnskolelærerutdanninger,recent,9,5312,Skoleassistenter,0.0,3,1,0.412884
722,7,Allmenn-/grunnskolelærerutdanninger,recent,10,3412,Miljøarbeidere innen sosiale fagfelt,0.0,3,3,0.48
723,7,Fag- og yrkesfaglærerutdanninger,all,1,2341,Grunnskolelærere,0.4671,3,3,0.366129
723,7,Fag- og yrkesfaglærerutdanninger,all,2,2330,Lektorer mv. (videregående skole),0.3772,3,3,0.280862
723,7,Fag- og yrkesfaglærerutdanninger,all,3,2310,Universitets- og høyskolelektorer/-lærere,0.0409,4,4,0.286836
723,7,Fag- og yrkesfaglærerutdanninger,all,4,2422,Høyere saksbehandlere i offentlig og privat virksomhet,0.0283,5,5,0.450311
723,7,Fag- og yrkesfaglærerutdanninger,all,5,1345,Ledere av utdanning og undervisning,0.0174,4,4,0.368473
723,7,Fag- og yrkesfaglærerutdanninger,all,6,4110,Kontormedarbeidere,0.0059,5,5,0.670689
723,7,Fag- og yrkesfaglærerutdanninger,all,7,5223,Butikkmedarbeidere,0.0056,3,3,0.449861
723,7,Fag- og yrkesfaglærerutdanninger,all,8,2511,Systemanalytikere/-arkitekter,0.0038,5,5,0.341622
723,7,Fag- og yrkesfaglærerutdanninger,all,9,5311,Barnehage- og skolefritidsassistenter mv.,0.0031,2,3,0.572124
723,7,Fag- og yrkesfaglærerutdanninger,all,10,2351,Spesialister i pedagogikk,0.0028,4,3,0.472405
723,7,Fag- og yrkesfaglærerutdanninger,recent,1,2341,Grunnskolelærere,0.5372,3,3,0.366129
723,7,Fag- og yrkesfaglærerutdanninger,recent,2,2330,Lektorer mv. (videregående skole),0.3744,3,3,0.280862
723,7,Fag- og yrkesfaglærerutdanninger,recent,3,2310,Universitets- og høyskolelektorer/-lærere,0.0413,4,4,0.286836
723,7,Fag- og yrkesfaglærerutdanninger,recent,4,2422,Høyere saksbehandlere i offentlig og privat virksomhet,0.0273,5,5,0.450311
723,7,Fag- og yrkesfaglærerutdanninger,recent,5,2342,Førskolelærere,0.0045,2,2,0.457528
723,7,Fag- og yrkesfaglærerutdanninger,recent,6,4110,Kontormedarbeidere,0.0038,5,5,0.670689
723,7,Fag- og yrkesfaglærerutdanninger,recent,7,2519,Andre programvare- og applikasjonsutviklere,0.0032,5,5,0.503293
723,7,Fag- og yrkesfaglærerutdanninger,recent,8,3119,Andre ingeniører,0.0025,3,3,0.505172
723,7,Fag- og yrkesfaglærerutdanninger,recent,9,1345,Ledere av utdanning og undervisning,0.0019,4,4,0.368473
723,7,Fag- og yrkesfaglærerutdanninger,recent,10,2421,Organisasjonsrådgivere mv.,0.0019,4,5,0.423703
724,7,Utdanninger i pedagogikk,all,1,2341,Grunnskolelærere,0.2866,3,3,0.366129
724,7,Utdanninger i pedagogikk,all,2,2634,Psykologer,0.1112,4,4,0.151061
724,7,Utdanninger i pedagogikk,all,3,2422,Høyere saksbehandlere i offentlig og privat virksomhet,0.0968,5,5,0.450311
724,7,Utdanninger i pedagogikk,all,4,2330,Lektorer mv. (videregående skole),0.0866,3,3,0.280862
724,7,Utdanninger i pedagogikk,all,5,2352,Spesiallærere / spesialpedagoger,0.0812,3,3,0.436711
724,7,Utdanninger i pedagogikk,all,6,2310,Universitets- og høyskolelektorer/-lærere,0.0621,4,4,0.286836
724,7,Utdanninger i pedagogikk,all,7,2342,Førskolelærere,0.0452,2,2,0.457528
724,7,Utdanninger i pedagogikk,all,8,1345,Ledere av utdanning og undervisning,0.0438,4,4,0.368473
724,7,Utdanninger i pedagogikk,all,9,1219,Andre administrative ledere,0.0179,4,4,0.47783
724,7,Utdanninger i pedagogikk,all,10,2266,Audiografer og logopeder,0.0162,4,4,1.0
724,7,Utdanninger i pedagogikk,recent,1,2341,Grunnskolelærere,0.3798,3,3,0.366129
724,7,Utdanninger i pedagogikk,recent,2,2634,Psykologer,0.1021,4,4,0.151061
724,7,Utdanninger i pedagogikk,recent,3,2330,Lektorer mv. (videregående skole),0.0954,3,3,0.280862
724,7,Utdanninger i pedagogikk,recent,4,2422,Høyere saksbehandlere i offentlig og privat virksomhet,0.086,5,5,0.450311
724,7,Utdanninger i pedagogikk,recent,5,2352,Spesiallærere / spesialpedagoger,0.0807,3,3,0.436711
724,7,Utdanninger i pedagogikk,recent,6,2310,Universitets- og høyskolelektorer/-lærere,0.0571,4,4,0.286836
724,7,Utdanninger i pedagogikk,recent,7,2342,Førskolelærere,0.0495,2,2,0.457528
724,7,Utdanninger i pedagogikk,recent,8,1345,Ledere av utdanning og undervisning,0.0321,4,4,0.368473
724,7,Utdanninger i pedagogikk,recent,9,2266,Audiografer og logopeder,0.0227,4,4,1.0
724,7,Utdanninger i pedagogikk,recent,10,2423,Personal- og karriererådgivere,0.0111,4,5,0.557621
725,7,Videreutdanninger for lærere,all,1,2341,Grunnskolelærere,0.6579,3,3,0.366129
725,7,Videreutdanninger for lærere,all,2,2330,Lektorer mv. (videregående skole),0.1361,3,3,0.280862
725,7,Videreutdanninger for lærere,all,3,1345,Ledere av utdanning og undervisning,0.0995,4,4,0.368473
725,7,Videreutdanninger for lærere,all,4,2422,Høyere saksbehandlere i offentlig og privat virksomhet,0.0297,5,5,0.450311
725,7,Videreutdanninger for lærere,all,5,2354,Andre musikklærere,0.0244,3,3,0.223759
725,7,Videreutdanninger for lærere,all,6,1219,Andre administrative ledere,0.0175,4,4,0.47783
725,7,Videreutdanninger for lærere,all,7,2351,Spesialister i pedagogikk,0.0087,4,3,0.472405
725,7,Videreutdanninger for lærere,all,8,2342,Førskolelærere,0.007,2,2,0.457528
725,7,Videreutdanninger for lærere,all,9,3412,Miljøarbeidere innen sosiale fagfelt,0.007,3,3,0.48
725,7,Videreutdanninger for lærere,all,10,2310,Universitets- og høyskolelektorer/-lærere,0.007,4,4,0.286836
725,7,Videreutdanninger for lærere,recent,1,2341,Grunnskolelærere,0.6971,3,3,0.366129
725,7,Videreutdanninger for lærere,recent,2,2330,Lektorer mv. (videregående skole),0.1535,3,3,0.280862
725,7,Videreutdanninger for lærere,recent,3,1345,Ledere av utdanning og undervisning,0.0996,4,4,0.368473
725,7,Videreutdanninger for lærere,recent,4,2422,Høyere saksbehandlere i offentlig og privat virksomhet,0.0332,5,5,0.450311
725,7,Videreutdanninger for lærere,recent,5,2310,Universitets- og høyskolelektorer/-lærere,0.0166,4,4,0.286836
725,7,Videreutdanninger for lærere,recent,6,2354,Andre musikklærere,0.0,3,3,0.223759
725,7,Videreutdanninger for lærere,recent,7,2342,Førskolelærere,0.0,2,2,0.457528
725,7,Videreutdanninger for lærere,recent,8,3412,Miljøarbeidere innen sosiale fagfelt,0.0,3,3,0.48
725,7,Videreutdanninger for lærere,recent,9,1219,Andre administrative ledere,0.0,4,4,0.47783
725,7,Videreutdanninger for lærere,recent,10,2351,Spesialister i pedagogikk,0.0,4,3,0.472405
729,7,"Lærerutdanninger og utdanninger i pedagogikk, andre",all,1,2341,Grunnskolelærere,0.2973,3,3,0.366129
729,7,"Lærerutdanninger og utdanninger i pedagogikk, andre",all,2,5311,Barnehage- og skolefritidsassistenter mv.,0.1012,2,3,0.572124
729,7,"Lærerutdanninger og utdanninger i pedagogikk, andre",all,3,2342,Førskolelærere,0.0688,2,2,0.457528
729,7,"Lærerutdanninger og utdanninger i pedagogikk, andre",all,4,2330,Lektorer mv. (videregående skole),0.0595,3,3,0.280862
729,7,"Lærerutdanninger og utdanninger i pedagogikk, andre",all,5,9112,Renholdere i virksomheter,0.0537,1,1,0.46875
729,7,"Lærerutdanninger og utdanninger i pedagogikk, andre",all,6,2422,Høyere saksbehandlere i offentlig og privat virksomhet,0.0276,5,5,0.450311
729,7,"Lærerutdanninger og utdanninger i pedagogikk, andre",all,7,5321,Helsefagarbeidere,0.0224,1,2,0.1875
729,7,"Lærerutdanninger og utdanninger i pedagogikk, andre",all,8,5223,Butikkmedarbeidere,0.0222,3,3,0.449861
729,7,"Lærerutdanninger og utdanninger i pedagogikk, andre",all,9,5329,Andre pleiemedarbeidere,0.0203,3,2,0.278788
729,7,"Lærerutdanninger og utdanninger i pedagogikk, andre",all,10,5312,Skoleassistenter,0.0198,3,1,0.412884
729,7,"Lærerutdanninger og utdanninger i pedagogikk, andre",recent,1,2341,Grunnskolelærere,0.4826,3,3,0.366129
729,7,"Lærerutdanninger og utdanninger i pedagogikk, andre",recent,2,2330,Lektorer mv. (videregående skole),0.0851,3,3,0.280862
729,7,"Lærerutdanninger og utdanninger i pedagogikk, andre",recent,3,5311,Barnehage- og skolefritidsassistenter mv.,0.0711,2,3,0.572124
729,7,"Lærerutdanninger og utdanninger i pedagogikk, andre",recent,4,9112,Renholdere i virksomheter,0.0418,1,1,0.46875
729,7,"Lærerutdanninger og utdanninger i pedagogikk, andre",recent,5,5223,Butikkmedarbeidere,0.0279,3,3,0.449861
729,7,"Lærerutdanninger og utdanninger i pedagogikk, andre",recent,6,2310,Universitets- og høyskolelektorer/-lærere,0.0265,4,4,0.286836
729,7,"Lærerutdanninger og utdanninger i pedagogikk, andre",recent,7,5312,Skoleassistenter,0.0265,3,1,0.412884
729,7,"Lærerutdanninger og utdanninger i pedagogikk, andre",recent,8,2352,Spesiallærere / spesialpedagoger,0.0223,3,3,0.436711
729,7,"Lærerutdanninger og utdanninger i pedagogikk, andre",recent,9,5329,Andre pleiemedarbeidere,0.0195,3,2,0.278788
729,7,"Lærerutdanninger og utdanninger i pedagogikk, andre",recent,10,8160,Operatører innen næringsmiddelproduksjon,0.0195,1,1,0.278481
731,7,Statsvitenskapelige fag,all,1,2422,Høyere saksbehandlere i offentlig og privat virksomhet,0.3367,5,5,0.450311
731,7,Statsvitenskapelige fag,all,2,1219,Andre administrative ledere,0.0598,4,4,0.47783
731,7,Statsvitenskapelige fag,all,3,2423,Personal- og karriererådgivere,0.0367,4,5,0.557621
731,7,Statsvitenskapelige fag,all,4,2310,Universitets- og høyskolelektorer/-lærere,0.033,4,4,0.286836
731,7,Statsvitenskapelige fag,all,5,2341,Grunnskolelærere,0.0285,3,3,0.366129
731,7,Statsvitenskapelige fag,all,6,2330,Lektorer mv. (videregående skole),0.0249,3,3,0.280862
731,7,Statsvitenskapelige fag,all,7,2421,Organisasjonsrådgivere mv.,0.0234,4,5,0.423703
731,7,Statsvitenskapelige fag,all,8,4110,Kontormedarbeidere,0.0194,5,5,0.670689
731,7,Statsvitenskapelige fag,all,9,1120,Administrerende direktører,0.0192,4,5,0.371125
731,7,Statsvitenskapelige fag,all,10,1213,Strategi- og planleggingssjefer,0.0178,4,4,0.4435
731,7,Statsvitenskapelige fag,recent,1,2422,Høyere saksbehandlere i offentlig og privat virksomhet,0.4154,5,5,0.450311
731,7,Statsvitenskapelige fag,recent,2,2310,Universitets- og høyskolelektorer/-lærere,0.0733,4,4,0.286836
731,7,Statsvitenskapelige fag,recent,3,2423,Personal- og karriererådgivere,0.0552,4,5,0.557621
731,7,Statsvitenskapelige fag,recent,4,2341,Grunnskolelærere,0.0398,3,3,0.366129
731,7,Statsvitenskapelige fag,recent,5,1219,Andre administrative ledere,0.0326,4,4,0.47783
731,7,Statsvitenskapelige fag,recent,6,4110,Kontormedarbeidere,0.0308,5,5,0.670689
731,7,Statsvitenskapelige fag,recent,7,2421,Organisasjonsrådgivere mv.,0.0244,4,5,0.423703
731,7,Statsvitenskapelige fag,recent,8,2511,Systemanalytikere/-arkitekter,0.0217,5,5,0.341622
731,7,Statsvitenskapelige fag,recent,9,1342,Ledere av helsetjenester,0.0199,4,4,0.476886
731,7,Statsvitenskapelige fag,recent,10,3119,Andre ingeniører,0.019,3,3,0.505172
732,7,Sosiologiske fag,all,1,2422,Høyere saksbehandlere i offentlig og privat virksomhet,0.3709,5,5,0.450311
732,7,Sosiologiske fag,all,2,2310,Universitets- og høyskolelektorer/-lærere,0.0702,4,4,0.286836
732,7,Sosiologiske fag,all,3,1219,Andre administrative ledere,0.0511,4,4,0.47783
732,7,Sosiologiske fag,all,4,2341,Grunnskolelærere,0.0502,3,3,0.366129
732,7,Sosiologiske fag,all,5,2423,Personal- og karriererådgivere,0.0475,4,5,0.557621
732,7,Sosiologiske fag,all,6,2330,Lektorer mv. (videregående skole),0.0338,3,3,0.280862
732,7,Sosiologiske fag,all,7,4110,Kontormedarbeidere,0.024,5,5,0.670689
732,7,Sosiologiske fag,all,8,3353,Saksbehandlere innen sosiale ytelser,0.0227,5,5,0.337035
732,7,Sosiologiske fag,all,9,2635,Rådgivere innen sosiale fagfelt,0.0204,3,3,0.188929
732,7,Sosiologiske fag,all,10,2120,"Matematikere, statistikere mv.",0.0182,5,5,0.439465
732,7,Sosiologiske fag,recent,1,2422,Høyere saksbehandlere i offentlig og privat virksomhet,0.3796,5,5,0.450311
732,7,Sosiologiske fag,recent,2,2310,Universitets- og høyskolelektorer/-lærere,0.1971,4,4,0.286836
732,7,Sosiologiske fag,recent,3,3353,Saksbehandlere innen sosiale ytelser,0.0876,5,5,0.337035
732,7,Sosiologiske fag,recent,4,2341,Grunnskolelærere,0.0657,3,3,0.366129
732,7,Sosiologiske fag,recent,5,2635,Rådgivere innen sosiale fagfelt,0.0511,3,3,0.188929
732,7,Sosiologiske fag,recent,6,4110,Kontormedarbeidere,0.0438,5,5,0.670689
732,7,Sosiologiske fag,recent,7,2423,Personal- og karriererådgivere,0.0292,4,5,0.557621
732,7,Sosiologiske fag,recent,8,2330,Lektorer mv. (videregående skole),0.0292,3,3,0.280862
732,7,Sosiologiske fag,recent,9,2632,"Rådgivere/forskere, samfunnsvitenskap",0.0292,4,4,0.315374
732,7,Sosiologiske fag,recent,10,2421,Organisasjonsrådgivere mv.,0.0219,4,5,0.423703
733,7,Samfunnsgeografiske fag,all,1,2422,Høyere saksbehandlere i offentlig og privat virksomhet,0.426,5,5,0.450311
733,7,Samfunnsgeografiske fag,all,2,2330,Lektorer mv. (videregående skole),0.0496,3,3,0.280862
733,7,Samfunnsgeografiske fag,all,3,1219,Andre administrative ledere,0.043,4,4,0.47783
733,7,Samfunnsgeografiske fag,all,4,2164,Arealplanleggere,0.043,4,4,1.0
733,7,Samfunnsgeografiske fag,all,5,2142,Sivilingeniører (bygg og anlegg),0.0408,4,4,0.0
733,7,Samfunnsgeografiske fag,all,6,2310,Universitets- og høyskolelektorer/-lærere,0.0387,4,4,0.286836
733,7,Samfunnsgeografiske fag,all,7,2341,Grunnskolelærere,0.0357,3,3,0.366129
733,7,Samfunnsgeografiske fag,all,8,1213,Strategi- og planleggingssjefer,0.0306,4,4,0.4435
733,7,Samfunnsgeografiske fag,all,9,2421,Organisasjonsrådgivere mv.,0.019,4,5,0.423703
733,7,Samfunnsgeografiske fag,all,10,2632,"Rådgivere/forskere, samfunnsvitenskap",0.0182,4,4,0.315374
733,7,Samfunnsgeografiske fag,recent,1,2422,Høyere saksbehandlere i offentlig og privat virksomhet,0.6239,5,5,0.450311
733,7,Samfunnsgeografiske fag,recent,2,2310,Universitets- og høyskolelektorer/-lærere,0.1009,4,4,0.286836
733,7,Samfunnsgeografiske fag,recent,3,2164,Arealplanleggere,0.0642,4,4,1.0
733,7,Samfunnsgeografiske fag,recent,4,2161,Sivilarkitekter,0.0642,4,5,0.440769
733,7,Samfunnsgeografiske fag,recent,5,4110,Kontormedarbeidere,0.0459,5,5,0.670689
733,7,Samfunnsgeografiske fag,recent,6,2341,Grunnskolelærere,0.0367,3,3,0.366129
733,7,Samfunnsgeografiske fag,recent,7,2421,Organisasjonsrådgivere mv.,0.0367,4,5,0.423703
733,7,Samfunnsgeografiske fag,recent,8,2142,Sivilingeniører (bygg og anlegg),0.0275,4,4,0.0
733,7,Samfunnsgeografiske fag,recent,9,1120,Administrerende direktører,0.0,4,5,0.371125
733,7,Samfunnsgeografiske fag,recent,10,2330,Lektorer mv. (videregående skole),0.0,3,3,0.280862
734,7,Samfunnsøkonomiske fag,all,1,2422,Høyere saksbehandlere i offentlig og privat virksomhet,0.3124,5,5,0.450311
734,7,Samfunnsøkonomiske fag,all,2,2413,Finansanalytikere,0.0608,4,5,0.393998
734,7,Samfunnsøkonomiske fag,all,3,1219,Andre administrative ledere,0.0599,4,4,0.47783
734,7,Samfunnsøkonomiske fag,all,4,2120,"Matematikere, statistikere mv.",0.0431,5,5,0.439465
734,7,Samfunnsøkonomiske fag,all,5,2631,"Rådgivere/forskere, samfunnsøkonomi",0.041,5,5,0.303949
734,7,Samfunnsøkonomiske fag,all,6,2411,"Revisorer, regnskapsrådgivere",0.0366,5,5,0.266468
734,7,Samfunnsøkonomiske fag,all,7,3312,Kundebehandlere lån og kreditt,0.0344,5,5,0.304565
734,7,Samfunnsøkonomiske fag,all,8,2412,Finans- og investeringsrådgivere,0.0344,4,5,0.430812
734,7,Samfunnsøkonomiske fag,all,9,1120,Administrerende direktører,0.0273,4,5,0.371125
734,7,Samfunnsøkonomiske fag,all,10,3321,Forsikringsagenter,0.0245,5,4,0.3102
734,7,Samfunnsøkonomiske fag,recent,1,2422,Høyere saksbehandlere i offentlig og privat virksomhet,0.375,5,5,0.450311
734,7,Samfunnsøkonomiske fag,recent,2,2413,Finansanalytikere,0.1174,4,5,0.393998
734,7,Samfunnsøkonomiske fag,recent,3,2310,Universitets- og høyskolelektorer/-lærere,0.0947,4,4,0.286836
734,7,Samfunnsøkonomiske fag,recent,4,2120,"Matematikere, statistikere mv.",0.0758,5,5,0.439465
734,7,Samfunnsøkonomiske fag,recent,5,2631,"Rådgivere/forskere, samfunnsøkonomi",0.0644,5,5,0.303949
734,7,Samfunnsøkonomiske fag,recent,6,3321,Forsikringsagenter,0.0455,5,4,0.3102
734,7,Samfunnsøkonomiske fag,recent,7,3312,Kundebehandlere lån og kreditt,0.0417,5,5,0.304565
734,7,Samfunnsøkonomiske fag,recent,8,2412,Finans- og investeringsrådgivere,0.0341,4,5,0.430812
734,7,Samfunnsøkonomiske fag,recent,9,2421,Organisasjonsrådgivere mv.,0.0341,4,5,0.423703
734,7,Samfunnsøkonomiske fag,recent,10,2411,"Revisorer, regnskapsrådgivere",0.0227,5,5,0.266468
735,7,Medie- og informasjonsfag,all,1,2422,Høyere saksbehandlere i offentlig og privat virksomhet,0.1632,5,5,0.450311
735,7,Medie- og informasjonsfag,all,2,2432,Informasjonsrådgivere,0.1039,5,5,0.304988
735,7,Medie- og informasjonsfag,all,3,2642,Journalister,0.0849,5,5,0.365885
735,7,Medie- og informasjonsfag,all,4,2511,Systemanalytikere/-arkitekter,0.0759,5,5,0.341622
735,7,Medie- og informasjonsfag,all,5,2431,Reklame- og markedsføringsrådgivere,0.0632,5,5,0.461735
735,7,Medie- og informasjonsfag,all,6,2519,Andre programvare- og applikasjonsutviklere,0.0488,5,5,0.503293
735,7,Medie- og informasjonsfag,all,7,2330,Lektorer mv. (videregående skole),0.0382,3,3,0.280862
735,7,Medie- og informasjonsfag,all,8,2413,Finansanalytikere,0.037,4,5,0.393998
735,7,Medie- og informasjonsfag,all,9,4110,Kontormedarbeidere,0.0319,5,5,0.670689
735,7,Medie- og informasjonsfag,all,10,2310,Universitets- og høyskolelektorer/-lærere,0.0274,4,4,0.286836
735,7,Medie- og informasjonsfag,recent,1,2422,Høyere saksbehandlere i offentlig og privat virksomhet,0.1572,5,5,0.450311
735,7,Medie- og informasjonsfag,recent,2,2432,Informasjonsrådgivere,0.1572,5,5,0.304988
735,7,Medie- og informasjonsfag,recent,3,2642,Journalister,0.1301,5,5,0.365885
735,7,Medie- og informasjonsfag,recent,4,2511,Systemanalytikere/-arkitekter,0.1084,5,5,0.341622
735,7,Medie- og informasjonsfag,recent,5,2431,Reklame- og markedsføringsrådgivere,0.1003,5,5,0.461735
735,7,Medie- og informasjonsfag,recent,6,2519,Andre programvare- og applikasjonsutviklere,0.0867,5,5,0.503293
735,7,Medie- og informasjonsfag,recent,7,2413,Finansanalytikere,0.0352,4,5,0.393998
735,7,Medie- og informasjonsfag,recent,8,4110,Kontormedarbeidere,0.0352,5,5,0.670689
735,7,Medie- og informasjonsfag,recent,9,2310,Universitets- og høyskolelektorer/-lærere,0.0325,4,4,0.286836
735,7,Medie- og informasjonsfag,recent,10,3511,"Driftsteknikere, IKT",0.0298,5,5,0.53735
736,7,Psykologiske fag,all,1,2634,Psykologer,0.6858,4,4,0.151061
736,7,Psykologiske fag,all,2,2422,Høyere saksbehandlere i offentlig og privat virksomhet,0.058,5,5,0.450311
736,7,Psykologiske fag,all,3,2310,Universitets- og høyskolelektorer/-lærere,0.034,4,4,0.286836
736,7,Psykologiske fag,all,4,2423,Personal- og karriererådgivere,0.0316,4,5,0.557621
736,7,Psykologiske fag,all,5,1342,Ledere av helsetjenester,0.0225,4,4,0.476886
736,7,Psykologiske fag,all,6,3412,Miljøarbeidere innen sosiale fagfelt,0.0134,3,3,0.48
736,7,Psykologiske fag,all,7,2421,Organisasjonsrådgivere mv.,0.0113,4,5,0.423703
736,7,Psykologiske fag,all,8,2635,Rådgivere innen sosiale fagfelt,0.0095,3,3,0.188929
736,7,Psykologiske fag,all,9,1219,Andre administrative ledere,0.0081,4,4,0.47783
736,7,Psykologiske fag,all,10,2224,Vernepleiere,0.0078,3,3,0.256002
736,7,Psykologiske fag,recent,1,2634,Psykologer,0.7314,4,4,0.151061
736,7,Psykologiske fag,recent,2,2422,Høyere saksbehandlere i offentlig og privat virksomhet,0.0649,5,5,0.450311
736,7,Psykologiske fag,recent,3,2310,Universitets- og høyskolelektorer/-lærere,0.0567,4,4,0.286836
736,7,Psykologiske fag,recent,4,2423,Personal- og karriererådgivere,0.0376,4,5,0.557621
736,7,Psykologiske fag,recent,5,3412,Miljøarbeidere innen sosiale fagfelt,0.0146,3,3,0.48
736,7,Psykologiske fag,recent,6,2635,Rådgivere innen sosiale fagfelt,0.0108,3,3,0.188929
736,7,Psykologiske fag,recent,7,4110,Kontormedarbeidere,0.0076,5,5,0.670689
736,7,Psykologiske fag,recent,8,2224,Vernepleiere,0.007,3,3,0.256002
736,7,Psykologiske fag,recent,9,5321,Helsefagarbeidere,0.007,1,2,0.1875
736,7,Psykologiske fag,recent,10,2413,Finansanalytikere,0.0064,4,5,0.393998
737,7,Juridiske fag,all,1,2611,Jurister og advokater,0.3986,4,5,0.262006
737,7,Juridiske fag,all,2,2422,Høyere saksbehandlere i offentlig og privat virksomhet,0.2594,5,5,0.450311
737,7,Juridiske fag,all,3,1219,Andre administrative ledere,0.0445,4,4,0.47783
737,7,Juridiske fag,all,4,2619,Andre juridiske yrker,0.0297,4,4,0.393443
737,7,Juridiske fag,all,5,2612,Dommere,0.0283,4,4,0.518849
737,7,Juridiske fag,all,6,1120,Administrerende direktører,0.0161,4,5,0.371125
737,7,Juridiske fag,all,7,3321,Forsikringsagenter,0.0154,5,4,0.3102
737,7,Juridiske fag,all,8,1213,Strategi- og planleggingssjefer,0.0149,4,4,0.4435
737,7,Juridiske fag,all,9,2423,Personal- og karriererådgivere,0.0112,4,5,0.557621
737,7,Juridiske fag,all,10,4110,Kontormedarbeidere,0.0111,5,5,0.670689
737,7,Juridiske fag,recent,1,2611,Jurister og advokater,0.4797,4,5,0.262006
737,7,Juridiske fag,recent,2,2422,Høyere saksbehandlere i offentlig og privat virksomhet,0.299,5,5,0.450311
737,7,Juridiske fag,recent,3,2619,Andre juridiske yrker,0.0432,4,4,0.393443
737,7,Juridiske fag,recent,4,2612,Dommere,0.0261,4,4,0.518849
737,7,Juridiske fag,recent,5,3321,Forsikringsagenter,0.0171,5,4,0.3102
737,7,Juridiske fag,recent,6,4110,Kontormedarbeidere,0.0148,5,5,0.670689
737,7,Juridiske fag,recent,7,2310,Universitets- og høyskolelektorer/-lærere,0.0148,4,4,0.286836
737,7,Juridiske fag,recent,8,2421,Organisasjonsrådgivere mv.,0.0083,4,5,0.423703
737,7,Juridiske fag,recent,9,2511,Systemanalytikere/-arkitekter,0.0061,5,5,0.341622
737,7,Juridiske fag,recent,10,3312,Kundebehandlere lån og kreditt,0.0061,5,5,0.304565
738,7,Sosialantropologiske fag,all,1,2422,Høyere saksbehandlere i offentlig og privat virksomhet,0.3734,5,5,0.450311
738,7,Sosialantropologiske fag,all,2,2310,Universitets- og høyskolelektorer/-lærere,0.0622,4,4,0.286836
738,7,Sosialantropologiske fag,all,3,2341,Grunnskolelærere,0.0594,3,3,0.366129
738,7,Sosialantropologiske fag,all,4,2635,Rådgivere innen sosiale fagfelt,0.0441,3,3,0.188929
738,7,Sosialantropologiske fag,all,5,1219,Andre administrative ledere,0.0427,4,4,0.47783
738,7,Sosialantropologiske fag,all,6,2330,Lektorer mv. (videregående skole),0.0385,3,3,0.280862
738,7,Sosialantropologiske fag,all,7,3412,Miljøarbeidere innen sosiale fagfelt,0.0315,3,3,0.48
738,7,Sosialantropologiske fag,all,8,2423,Personal- og karriererådgivere,0.0287,4,5,0.557621
738,7,Sosialantropologiske fag,all,9,4110,Kontormedarbeidere,0.0238,5,5,0.670689
738,7,Sosialantropologiske fag,all,10,2421,Organisasjonsrådgivere mv.,0.0231,4,5,0.423703
738,7,Sosialantropologiske fag,recent,1,2422,Høyere saksbehandlere i offentlig og privat virksomhet,0.4706,5,5,0.450311
738,7,Sosialantropologiske fag,recent,2,2310,Universitets- og høyskolelektorer/-lærere,0.2353,4,4,0.286836
738,7,Sosialantropologiske fag,recent,3,3412,Miljøarbeidere innen sosiale fagfelt,0.098,3,3,0.48
738,7,Sosialantropologiske fag,recent,4,3353,Saksbehandlere innen sosiale ytelser,0.0784,5,5,0.337035
738,7,Sosialantropologiske fag,recent,5,2635,Rådgivere innen sosiale fagfelt,0.0588,3,3,0.188929
738,7,Sosialantropologiske fag,recent,6,2330,Lektorer mv. (videregående skole),0.0588,3,3,0.280862
738,7,Sosialantropologiske fag,recent,7,2341,Grunnskolelærere,0.0,3,3,0.366129
738,7,Sosialantropologiske fag,recent,8,1219,Andre administrative ledere,0.0,4,4,0.47783
738,7,Sosialantropologiske fag,recent,9,4110,Kontormedarbeidere,0.0,5,5,0.670689
738,7,Sosialantropologiske fag,recent,10,2423,Personal- og karriererådgivere,0.0,4,5,0.557621
739,7,"Samfunnsfag og juridiske fag, andre",all,1,2422,Høyere saksbehandlere i offentlig og privat virksomhet,0.2367,5,5,0.450311
739,7,"Samfunnsfag og juridiske fag, andre",all,2,4110,Kontormedarbeidere,0.0312,5,5,0.670689
739,7,"Samfunnsfag og juridiske fag, andre",all,3,2423,Personal- og karriererådgivere,0.0305,4,5,0.557621
739,7,"Samfunnsfag og juridiske fag, andre",all,4,5311,Barnehage- og skolefritidsassistenter mv.,0.0274,2,3,0.572124
739,7,"Samfunnsfag og juridiske fag, andre",all,5,2421,Organisasjonsrådgivere mv.,0.0264,4,5,0.423703
739,7,"Samfunnsfag og juridiske fag, andre",all,6,2413,Finansanalytikere,0.0259,4,5,0.393998
739,7,"Samfunnsfag og juridiske fag, andre",all,7,2341,Grunnskolelærere,0.0251,3,3,0.366129
739,7,"Samfunnsfag og juridiske fag, andre",all,8,2310,Universitets- og høyskolelektorer/-lærere,0.0247,4,4,0.286836
739,7,"Samfunnsfag og juridiske fag, andre",all,9,1219,Andre administrative ledere,0.0224,4,4,0.47783
739,7,"Samfunnsfag og juridiske fag, andre",all,10,5223,Butikkmedarbeidere,0.022,3,3,0.449861
739,7,"Samfunnsfag og juridiske fag, andre",recent,1,2422,Høyere saksbehandlere i offentlig og privat virksomhet,0.2876,5,5,0.450311
739,7,"Samfunnsfag og juridiske fag, andre",recent,2,2421,Organisasjonsrådgivere mv.,0.0537,4,5,0.423703
739,7,"Samfunnsfag og juridiske fag, andre",recent,3,4110,Kontormedarbeidere,0.0477,5,5,0.670689
739,7,"Samfunnsfag og juridiske fag, andre",recent,4,2310,Universitets- og høyskolelektorer/-lærere,0.0406,4,4,0.286836
739,7,"Samfunnsfag og juridiske fag, andre",recent,5,2423,Personal- og karriererådgivere,0.0382,4,5,0.557621
739,7,"Samfunnsfag og juridiske fag, andre",recent,6,2413,Finansanalytikere,0.0382,4,5,0.393998
739,7,"Samfunnsfag og juridiske fag, andre",recent,7,2511,Systemanalytikere/-arkitekter,0.037,5,5,0.341622
739,7,"Samfunnsfag og juridiske fag, andre",recent,8,5311,Barnehage- og skolefritidsassistenter mv.,0.037,2,3,0.572124
739,7,"Samfunnsfag og juridiske fag, andre",recent,9,5223,Butikkmedarbeidere,0.0298,3,3,0.449861
739,7,"Samfunnsfag og juridiske fag, andre",recent,10,9112,Renholdere i virksomheter,0.0263,1,1,0.46875
741,7,Økonomisk-administrative fag,all,1,2411,"Revisorer, regnskapsrådgivere",0.0825,5,5,0.266468
741,7,Økonomisk-administrative fag,all,2,2422,Høyere saksbehandlere i offentlig og privat virksomhet,0.0802,5,5,0.450311
741,7,Økonomisk-administrative fag,all,3,2413,Finansanalytikere,0.0469,4,5,0.393998
741,7,Økonomisk-administrative fag,all,4,4311,Regnskapsmedarbeidere,0.0435,5,5,0.473857
741,7,Økonomisk-administrative fag,all,5,2421,Organisasjonsrådgivere mv.,0.0393,4,5,0.423703
741,7,Økonomisk-administrative fag,all,6,1211,Finans- og økonomisjefer,0.0392,4,5,0.387189
741,7,Økonomisk-administrative fag,all,7,1120,Administrerende direktører,0.038,4,5,0.371125
741,7,Økonomisk-administrative fag,all,8,2412,Finans- og investeringsrådgivere,0.0353,4,5,0.430812
741,7,Økonomisk-administrative fag,all,9,1219,Andre administrative ledere,0.0332,4,4,0.47783
741,7,Økonomisk-administrative fag,all,10,3313,Regnskapsførere,0.0299,5,5,0.535417
741,7,Økonomisk-administrative fag,recent,1,2411,"Revisorer, regnskapsrådgivere",0.1082,5,5,0.266468
741,7,Økonomisk-administrative fag,recent,2,2422,Høyere saksbehandlere i offentlig og privat virksomhet,0.0804,5,5,0.450311
741,7,Økonomisk-administrative fag,recent,3,2421,Organisasjonsrådgivere mv.,0.0591,4,5,0.423703
741,7,Økonomisk-administrative fag,recent,4,4311,Regnskapsmedarbeidere,0.0586,5,5,0.473857
741,7,Økonomisk-administrative fag,recent,5,2413,Finansanalytikere,0.0574,4,5,0.393998
741,7,Økonomisk-administrative fag,recent,6,2412,Finans- og investeringsrådgivere,0.0443,4,5,0.430812
741,7,Økonomisk-administrative fag,recent,7,3311,Finansmeglere,0.0416,5,4,0.374482
741,7,Økonomisk-administrative fag,recent,8,3312,Kundebehandlere lån og kreditt,0.0374,5,5,0.304565
741,7,Økonomisk-administrative fag,recent,9,3313,Regnskapsførere,0.0365,5,5,0.535417
741,7,Økonomisk-administrative fag,recent,10,2511,Systemanalytikere/-arkitekter,0.0325,5,5,0.341622
742,7,Handel og markedsføring,all,1,2431,Reklame- og markedsføringsrådgivere,0.1301,5,5,0.461735
742,7,Handel og markedsføring,all,2,1221,Salgs- og markedssjefer,0.1133,4,5,0.422801
742,7,Handel og markedsføring,all,3,2413,Finansanalytikere,0.0955,4,5,0.393998
742,7,Handel og markedsføring,all,4,3322,Selgere (engros),0.0918,5,5,0.398974
742,7,Handel og markedsføring,all,5,4110,Kontormedarbeidere,0.0506,5,5,0.670689
742,7,Handel og markedsføring,all,6,2422,Høyere saksbehandlere i offentlig og privat virksomhet,0.0318,5,5,0.450311
742,7,Handel og markedsføring,all,7,1120,Administrerende direktører,0.0309,4,5,0.371125
742,7,Handel og markedsføring,all,8,2421,Organisasjonsrådgivere mv.,0.0272,4,5,0.423703
742,7,Handel og markedsføring,all,9,2411,"Revisorer, regnskapsrådgivere",0.0272,5,5,0.266468
742,7,Handel og markedsføring,all,10,5223,Butikkmedarbeidere,0.0262,3,3,0.449861
742,7,Handel og markedsføring,recent,1,2431,Reklame- og markedsføringsrådgivere,0.274,5,5,0.461735
742,7,Handel og markedsføring,recent,2,2413,Finansanalytikere,0.1438,4,5,0.393998
742,7,Handel og markedsføring,recent,3,3322,Selgere (engros),0.1233,5,5,0.398974
742,7,Handel og markedsføring,recent,4,1221,Salgs- og markedssjefer,0.0822,4,5,0.422801
742,7,Handel og markedsføring,recent,5,2411,"Revisorer, regnskapsrådgivere",0.0822,5,5,0.266468
742,7,Handel og markedsføring,recent,6,4110,Kontormedarbeidere,0.0411,5,5,0.670689
742,7,Handel og markedsføring,recent,7,2421,Organisasjonsrådgivere mv.,0.0411,4,5,0.423703
742,7,Handel og markedsføring,recent,8,2432,Informasjonsrådgivere,0.0342,5,5,0.304988
742,7,Handel og markedsføring,recent,9,3323,Innkjøpere,0.0274,4,5,0.7625
742,7,Handel og markedsføring,recent,10,4311,Regnskapsmedarbeidere,0.0274,5,5,0.473857
744,7,Hotell- og reiselivsfag,all,1,2422,Høyere saksbehandlere i offentlig og privat virksomhet,0.1737,5,5,0.450311
744,7,Hotell- og reiselivsfag,all,2,1120,Administrerende direktører,0.0975,4,5,0.371125
744,7,Hotell- og reiselivsfag,all,3,3322,Selgere (engros),0.089,5,5,0.398974
744,7,Hotell- og reiselivsfag,all,4,5223,Butikkmedarbeidere,0.0678,3,3,0.449861
744,7,Hotell- og reiselivsfag,all,5,2330,Lektorer mv. (videregående skole),0.0636,3,3,0.280862
744,7,Hotell- og reiselivsfag,all,6,5131,Servitører,0.0593,2,1,0.572016
744,7,Hotell- og reiselivsfag,all,7,4224,Hotellresepsjonister,0.0551,4,4,0.539747
744,7,Hotell- og reiselivsfag,all,8,2310,Universitets- og høyskolelektorer/-lærere,0.0508,4,4,0.286836
744,7,Hotell- og reiselivsfag,all,9,4221,Reisebyråmedarbeidere mv.,0.0508,5,5,0.455944
744,7,Hotell- og reiselivsfag,all,10,5311,Barnehage- og skolefritidsassistenter mv.,0.0339,2,3,0.572124
744,7,Hotell- og reiselivsfag,recent,1,2310,Universitets- og høyskolelektorer/-lærere,0.25,4,4,0.286836
744,7,Hotell- og reiselivsfag,recent,2,4224,Hotellresepsjonister,0.25,4,4,0.539747
744,7,Hotell- og reiselivsfag,recent,3,5131,Servitører,0.25,2,1,0.572016
744,7,Hotell- og reiselivsfag,recent,4,1412,Restaurantsjefer,0.25,4,3,0.516129
744,7,Hotell- og reiselivsfag,recent,5,2422,Høyere saksbehandlere i offentlig og privat virksomhet,0.0,5,5,0.450311
744,7,Hotell- og reiselivsfag,recent,6,2330,Lektorer mv. (videregående skole),0.0,3,3,0.280862
744,7,Hotell- og reiselivsfag,recent,7,1221,Salgs- og markedssjefer,0.0,4,5,0.422801
744,7,Hotell- og reiselivsfag,recent,8,1120,Administrerende direktører,0.0,4,5,0.371125
744,7,Hotell- og reiselivsfag,recent,9,3322,Selgere (engros),0.0,5,5,0.398974
744,7,Hotell- og reiselivsfag,recent,10,2341,Grunnskolelærere,0.0,3,3,0.366129
749,7,"Økonomiske og administrative fag, andre",all,1,9112,Renholdere i virksomheter,0.0643,1,1,0.46875
749,7,"Økonomiske og administrative fag, andre",all,2,5223,Butikkmedarbeidere,0.0562,3,3,0.449861
749,7,"Økonomiske og administrative fag, andre",all,3,5311,Barnehage- og skolefritidsassistenter mv.,0.0428,2,3,0.572124
749,7,"Økonomiske og administrative fag, andre",all,4,2422,Høyere saksbehandlere i offentlig og privat virksomhet,0.0395,5,5,0.450311
749,7,"Økonomiske og administrative fag, andre",all,5,3313,Regnskapsførere,0.0383,5,5,0.535417
749,7,"Økonomiske og administrative fag, andre",all,6,4110,Kontormedarbeidere,0.0337,5,5,0.670689
749,7,"Økonomiske og administrative fag, andre",all,7,2411,"Revisorer, regnskapsrådgivere",0.0332,5,5,0.266468
749,7,"Økonomiske og administrative fag, andre",all,8,4311,Regnskapsmedarbeidere,0.0315,5,5,0.473857
749,7,"Økonomiske og administrative fag, andre",all,9,2413,Finansanalytikere,0.0217,4,5,0.393998
749,7,"Økonomiske og administrative fag, andre",all,10,8160,Operatører innen næringsmiddelproduksjon,0.0208,1,1,0.278481
749,7,"Økonomiske og administrative fag, andre",recent,1,9112,Renholdere i virksomheter,0.1433,1,1,0.46875
749,7,"Økonomiske og administrative fag, andre",recent,2,5223,Butikkmedarbeidere,0.1433,3,3,0.449861
749,7,"Økonomiske og administrative fag, andre",recent,3,5311,Barnehage- og skolefritidsassistenter mv.,0.0791,2,3,0.572124
749,7,"Økonomiske og administrative fag, andre",recent,4,5312,Skoleassistenter,0.0725,3,1,0.412884
749,7,"Økonomiske og administrative fag, andre",recent,5,8160,Operatører innen næringsmiddelproduksjon,0.0511,1,1,0.278481
749,7,"Økonomiske og administrative fag, andre",recent,6,5329,Andre pleiemedarbeidere,0.0428,3,2,0.278788
749,7,"Økonomiske og administrative fag, andre",recent,7,9412,Kjøkkenassistenter,0.0395,1,1,0.228
749,7,"Økonomiske og administrative fag, andre",recent,8,4110,Kontormedarbeidere,0.0379,5,5,0.670689
749,7,"Økonomiske og administrative fag, andre",recent,9,4224,Hotellresepsjonister,0.0297,4,4,0.539747
749,7,"Økonomiske og administrative fag, andre",recent,10,5131,Servitører,0.028,2,1,0.572016
751,7,Biologiske fag,all,1,2422,Høyere saksbehandlere i offentlig og privat virksomhet,0.208,5,5,0.450311
751,7,Biologiske fag,all,2,2310,Universitets- og høyskolelektorer/-lærere,0.0684,4,4,0.286836
751,7,Biologiske fag,all,3,3212,Bioingeniører,0.0662,3,3,0.357619
751,7,Biologiske fag,all,4,2330,Lektorer mv. (videregående skole),0.0641,3,3,0.280862
751,7,Biologiske fag,all,5,2142,Sivilingeniører (bygg og anlegg),0.0584,4,4,0.0
751,7,Biologiske fag,all,6,2341,Grunnskolelærere,0.047,3,3,0.366129
751,7,Biologiske fag,all,7,3119,Andre ingeniører,0.0465,3,3,0.505172
751,7,Biologiske fag,all,8,2131,"Biologer, botanikere, zoologer mv.",0.0459,4,4,0.255362
751,7,Biologiske fag,all,9,2149,Andre sivilingeniører (unntatt elektroteknologi),0.0417,5,4,0.304967
751,7,Biologiske fag,all,10,2133,Miljøvernrådgivere,0.0266,4,5,0.4886
751,7,Biologiske fag,recent,1,2422,Høyere saksbehandlere i offentlig og privat virksomhet,0.2048,5,5,0.450311
751,7,Biologiske fag,recent,2,2310,Universitets- og høyskolelektorer/-lærere,0.1957,4,4,0.286836
751,7,Biologiske fag,recent,3,2142,Sivilingeniører (bygg og anlegg),0.0961,4,4,0.0
751,7,Biologiske fag,recent,4,3212,Bioingeniører,0.095,3,3,0.357619
751,7,Biologiske fag,recent,5,3119,Andre ingeniører,0.0503,3,3,0.505172
751,7,Biologiske fag,recent,6,2131,"Biologer, botanikere, zoologer mv.",0.0492,4,4,0.255362
751,7,Biologiske fag,recent,7,2149,Andre sivilingeniører (unntatt elektroteknologi),0.0481,5,4,0.304967
751,7,Biologiske fag,recent,8,2133,Miljøvernrådgivere,0.0423,4,5,0.4886
751,7,Biologiske fag,recent,9,2330,Lektorer mv. (videregående skole),0.024,3,3,0.280862
751,7,Biologiske fag,recent,10,2341,Grunnskolelærere,0.0206,3,3,0.366129
752,7,Fysiske og kjemiske fag,all,1,2146,"Sivilingeniører (geofag, petro-leumsteknologi, metallurgi mv.)",0.1149,4,4,0.445725
752,7,Fysiske og kjemiske fag,all,2,3117,"Ingeniører innen petroleum, bergverk og metallurgi",0.0659,3,4,0.638681
752,7,Fysiske og kjemiske fag,all,3,3119,Andre ingeniører,0.0592,3,3,0.505172
752,7,Fysiske og kjemiske fag,all,4,2149,Andre sivilingeniører (unntatt elektroteknologi),0.0528,5,4,0.304967
752,7,Fysiske og kjemiske fag,all,5,1322,Ledere av olje- og gassutvinning mv.,0.0523,4,4,0.4435
752,7,Fysiske og kjemiske fag,all,6,2330,Lektorer mv. (videregående skole),0.051,3,3,0.280862
752,7,Fysiske og kjemiske fag,all,7,2422,Høyere saksbehandlere i offentlig og privat virksomhet,0.0426,5,5,0.450311
752,7,Fysiske og kjemiske fag,all,8,2310,Universitets- og høyskolelektorer/-lærere,0.0422,4,4,0.286836
752,7,Fysiske og kjemiske fag,all,9,3116,Kjemiingeniører,0.0412,3,3,0.430472
752,7,Fysiske og kjemiske fag,all,10,2511,Systemanalytikere/-arkitekter,0.0307,5,5,0.341622
752,7,Fysiske og kjemiske fag,recent,1,2310,Universitets- og høyskolelektorer/-lærere,0.1585,4,4,0.286836
752,7,Fysiske og kjemiske fag,recent,2,2149,Andre sivilingeniører (unntatt elektroteknologi),0.078,5,4,0.304967
752,7,Fysiske og kjemiske fag,recent,3,3119,Andre ingeniører,0.0755,3,3,0.505172
752,7,Fysiske og kjemiske fag,recent,4,3117,"Ingeniører innen petroleum, bergverk og metallurgi",0.0717,3,4,0.638681
752,7,Fysiske og kjemiske fag,recent,5,3116,Kjemiingeniører,0.0629,3,3,0.430472
752,7,Fysiske og kjemiske fag,recent,6,3212,Bioingeniører,0.0616,3,3,0.357619
752,7,Fysiske og kjemiske fag,recent,7,2113,Kjemikere,0.0591,4,4,0.352294
752,7,Fysiske og kjemiske fag,recent,8,2422,Høyere saksbehandlere i offentlig og privat virksomhet,0.0415,5,5,0.450311
752,7,Fysiske og kjemiske fag,recent,9,2146,"Sivilingeniører (geofag, petro-leumsteknologi, metallurgi mv.)",0.039,4,4,0.445725
752,7,Fysiske og kjemiske fag,recent,10,2519,Andre programvare- og applikasjonsutviklere,0.039,5,5,0.503293
753,7,Matematikk og statistikk,all,1,2310,Universitets- og høyskolelektorer/-lærere,0.1115,4,4,0.286836
753,7,Matematikk og statistikk,all,2,2120,"Matematikere, statistikere mv.",0.1028,5,5,0.439465
753,7,Matematikk og statistikk,all,3,2330,Lektorer mv. (videregående skole),0.1005,3,3,0.280862
753,7,Matematikk og statistikk,all,4,2341,Grunnskolelærere,0.0989,3,3,0.366129
753,7,Matematikk og statistikk,all,5,2511,Systemanalytikere/-arkitekter,0.0887,5,5,0.341622
753,7,Matematikk og statistikk,all,6,3321,Forsikringsagenter,0.0714,5,4,0.3102
753,7,Matematikk og statistikk,all,7,2422,Høyere saksbehandlere i offentlig og privat virksomhet,0.0651,5,5,0.450311
753,7,Matematikk og statistikk,all,8,2519,Andre programvare- og applikasjonsutviklere,0.0463,5,5,0.503293
753,7,Matematikk og statistikk,all,9,2512,Programvareutviklere,0.0338,5,5,0.655007
753,7,Matematikk og statistikk,all,10,2413,Finansanalytikere,0.0338,4,5,0.393998
753,7,Matematikk og statistikk,recent,1,2120,"Matematikere, statistikere mv.",0.1553,5,5,0.439465
753,7,Matematikk og statistikk,recent,2,2310,Universitets- og høyskolelektorer/-lærere,0.1456,4,4,0.286836
753,7,Matematikk og statistikk,recent,3,2511,Systemanalytikere/-arkitekter,0.1262,5,5,0.341622
753,7,Matematikk og statistikk,recent,4,2330,Lektorer mv. (videregående skole),0.1165,3,3,0.280862
753,7,Matematikk og statistikk,recent,5,2341,Grunnskolelærere,0.1165,3,3,0.366129
753,7,Matematikk og statistikk,recent,6,3321,Forsikringsagenter,0.0971,5,4,0.3102
753,7,Matematikk og statistikk,recent,7,2422,Høyere saksbehandlere i offentlig og privat virksomhet,0.068,5,5,0.450311
753,7,Matematikk og statistikk,recent,8,2519,Andre programvare- og applikasjonsutviklere,0.0485,5,5,0.503293
753,7,Matematikk og statistikk,recent,9,2512,Programvareutviklere,0.0388,5,5,0.655007
753,7,Matematikk og statistikk,recent,10,3511,"Driftsteknikere, IKT",0.0291,5,5,0.53735
754,7,Informasjons- og datateknologi,all,1,2511,Systemanalytikere/-arkitekter,0.2634,5,5,0.341622
754,7,Informasjons- og datateknologi,all,2,2519,Andre programvare- og applikasjonsutviklere,0.1974,5,5,0.503293
754,7,Informasjons- og datateknologi,all,3,2512,Programvareutviklere,0.1005,5,5,0.655007
754,7,Informasjons- og datateknologi,all,4,3511,"Driftsteknikere, IKT",0.0745,5,5,0.53735
754,7,Informasjons- og datateknologi,all,5,2422,Høyere saksbehandlere i offentlig og privat virksomhet,0.042,5,5,0.450311
754,7,Informasjons- og datateknologi,all,6,3119,Andre ingeniører,0.0287,3,3,0.505172
754,7,Informasjons- og datateknologi,all,7,2152,Sivilingeniører (elektronikk),0.0237,5,4,0.390269
754,7,Informasjons- og datateknologi,all,8,1330,Ledere av IKT-enheter,0.0234,5,5,0.357977
754,7,Informasjons- og datateknologi,all,9,3114,Elektronikkingeniører,0.0219,4,4,0.347287
754,7,Informasjons- og datateknologi,all,10,2310,Universitets- og høyskolelektorer/-lærere,0.0192,4,4,0.286836
754,7,Informasjons- og datateknologi,recent,1,2519,Andre programvare- og applikasjonsutviklere,0.286,5,5,0.503293
754,7,Informasjons- og datateknologi,recent,2,2511,Systemanalytikere/-arkitekter,0.2837,5,5,0.341622
754,7,Informasjons- og datateknologi,recent,3,2512,Programvareutviklere,0.136,5,5,0.655007
754,7,Informasjons- og datateknologi,recent,4,3511,"Driftsteknikere, IKT",0.0872,5,5,0.53735
754,7,Informasjons- og datateknologi,recent,5,2422,Høyere saksbehandlere i offentlig og privat virksomhet,0.0366,5,5,0.450311
754,7,Informasjons- og datateknologi,recent,6,3119,Andre ingeniører,0.0308,3,3,0.505172
754,7,Informasjons- og datateknologi,recent,7,2310,Universitets- og høyskolelektorer/-lærere,0.0285,4,4,0.286836
754,7,Informasjons- og datateknologi,recent,8,3114,Elektronikkingeniører,0.0186,4,4,0.347287
754,7,Informasjons- og datateknologi,recent,9,2421,Organisasjonsrådgivere mv.,0.0145,4,5,0.423703
754,7,Informasjons- og datateknologi,recent,10,2166,Grafiske- og multimediadesignere,0.014,5,5,0.48798
755,7,"Utdanninger i elektrofag, mekaniske fag og maskinfag",all,1,3119,Andre ingeniører,0.0804,3,3,0.505172
755,7,"Utdanninger i elektrofag, mekaniske fag og maskinfag",all,2,2146,"Sivilingeniører (geofag, petro-leumsteknologi, metallurgi mv.)",0.0708,4,4,0.445725
755,7,"Utdanninger i elektrofag, mekaniske fag og maskinfag",all,3,2511,Systemanalytikere/-arkitekter,0.0612,5,5,0.341622
755,7,"Utdanninger i elektrofag, mekaniske fag og maskinfag",all,4,2142,Sivilingeniører (bygg og anlegg),0.0593,4,4,0.0
755,7,"Utdanninger i elektrofag, mekaniske fag og maskinfag",all,5,3117,"Ingeniører innen petroleum, bergverk og metallurgi",0.0575,3,4,0.638681
755,7,"Utdanninger i elektrofag, mekaniske fag og maskinfag",all,6,2144,Sivilingeniører (maskin- og marin-teknikk),0.0534,4,4,0.421638
755,7,"Utdanninger i elektrofag, mekaniske fag og maskinfag",all,7,3114,Elektronikkingeniører,0.0525,4,4,0.347287
755,7,"Utdanninger i elektrofag, mekaniske fag og maskinfag",all,8,2152,Sivilingeniører (elektronikk),0.0485,5,4,0.390269
755,7,"Utdanninger i elektrofag, mekaniske fag og maskinfag",all,9,2151,Sivilingeniører (elkraftteknikk),0.0386,5,4,0.33452
755,7,"Utdanninger i elektrofag, mekaniske fag og maskinfag",all,10,1322,Ledere av olje- og gassutvinning mv.,0.0377,4,4,0.4435
755,7,"Utdanninger i elektrofag, mekaniske fag og maskinfag",recent,1,3114,Elektronikkingeniører,0.093,4,4,0.347287
755,7,"Utdanninger i elektrofag, mekaniske fag og maskinfag",recent,2,3119,Andre ingeniører,0.089,3,3,0.505172
755,7,"Utdanninger i elektrofag, mekaniske fag og maskinfag",recent,3,2511,Systemanalytikere/-arkitekter,0.0729,5,5,0.341622
755,7,"Utdanninger i elektrofag, mekaniske fag og maskinfag",recent,4,2142,Sivilingeniører (bygg og anlegg),0.0719,4,4,0.0
755,7,"Utdanninger i elektrofag, mekaniske fag og maskinfag",recent,5,2144,Sivilingeniører (maskin- og marin-teknikk),0.0699,4,4,0.421638
755,7,"Utdanninger i elektrofag, mekaniske fag og maskinfag",recent,6,2146,"Sivilingeniører (geofag, petro-leumsteknologi, metallurgi mv.)",0.0639,4,4,0.445725
755,7,"Utdanninger i elektrofag, mekaniske fag og maskinfag",recent,7,3117,"Ingeniører innen petroleum, bergverk og metallurgi",0.0588,3,4,0.638681
755,7,"Utdanninger i elektrofag, mekaniske fag og maskinfag",recent,8,2519,Andre programvare- og applikasjonsutviklere,0.0578,5,5,0.503293
755,7,"Utdanninger i elektrofag, mekaniske fag og maskinfag",recent,9,2152,Sivilingeniører (elektronikk),0.0543,5,4,0.390269
755,7,"Utdanninger i elektrofag, mekaniske fag og maskinfag",recent,10,3113,Elkraftingeniører,0.0447,3,3,0.265387
756,7,Geofag,all,1,2114,Geologer og geofysikere,0.2161,4,4,0.451302
756,7,Geofag,all,2,2146,"Sivilingeniører (geofag, petro-leumsteknologi, metallurgi mv.)",0.1399,4,4,0.445725
756,7,Geofag,all,3,2142,Sivilingeniører (bygg og anlegg),0.0845,4,4,0.0
756,7,Geofag,all,4,3117,"Ingeniører innen petroleum, bergverk og metallurgi",0.0788,3,4,0.638681
756,7,Geofag,all,5,2422,Høyere saksbehandlere i offentlig og privat virksomhet,0.0746,5,5,0.450311
756,7,Geofag,all,6,1322,Ledere av olje- og gassutvinning mv.,0.0461,4,4,0.4435
756,7,Geofag,all,7,2112,Meteorologer,0.0311,5,5,0.452261
756,7,Geofag,all,8,3119,Andre ingeniører,0.0298,3,3,0.505172
756,7,Geofag,all,9,2341,Grunnskolelærere,0.029,3,3,0.366129
756,7,Geofag,all,10,3112,Bygningsingeniører,0.0264,4,4,0.301375
756,7,Geofag,recent,1,2114,Geologer og geofysikere,0.2133,4,4,0.451302
756,7,Geofag,recent,2,3117,"Ingeniører innen petroleum, bergverk og metallurgi",0.1429,3,4,0.638681
756,7,Geofag,recent,3,2146,"Sivilingeniører (geofag, petro-leumsteknologi, metallurgi mv.)",0.1227,4,4,0.445725
756,7,Geofag,recent,4,2142,Sivilingeniører (bygg og anlegg),0.1227,4,4,0.0
756,7,Geofag,recent,5,2422,Høyere saksbehandlere i offentlig og privat virksomhet,0.0584,5,5,0.450311
756,7,Geofag,recent,6,2310,Universitets- og høyskolelektorer/-lærere,0.0483,4,4,0.286836
756,7,Geofag,recent,7,3112,Bygningsingeniører,0.0443,4,4,0.301375
756,7,Geofag,recent,8,8113,Operatører innen boring mv.,0.0382,1,1,
756,7,Geofag,recent,9,3119,Andre ingeniører,0.0362,3,3,0.505172
756,7,Geofag,recent,10,2112,Meteorologer,0.0302,5,5,0.452261
757,7,Bygg- og anleggsfag,all,1,2142,Sivilingeniører (bygg og anlegg),0.2902,4,4,0.0
757,7,Bygg- og anleggsfag,all,2,2161,Sivilarkitekter,0.2322,4,5,0.440769
757,7,Bygg- og anleggsfag,all,3,2422,Høyere saksbehandlere i offentlig og privat virksomhet,0.0684,5,5,0.450311
757,7,Bygg- og anleggsfag,all,4,3112,Bygningsingeniører,0.0523,4,4,0.301375
757,7,Bygg- og anleggsfag,all,5,2162,Landskapsarkitekter,0.0453,4,5,0.324153
757,7,Bygg- og anleggsfag,all,6,1323,Ledere av bygge- og anleggsvirksomhet,0.0322,4,3,0.344482
757,7,Bygg- og anleggsfag,all,7,2164,Arealplanleggere,0.027,4,4,1.0
757,7,Bygg- og anleggsfag,all,8,1219,Andre administrative ledere,0.0269,4,4,0.47783
757,7,Bygg- og anleggsfag,all,9,1120,Administrerende direktører,0.0228,4,5,0.371125
757,7,Bygg- og anleggsfag,all,10,3119,Andre ingeniører,0.0213,3,3,0.505172
757,7,Bygg- og anleggsfag,recent,1,2142,Sivilingeniører (bygg og anlegg),0.3422,4,4,0.0
757,7,Bygg- og anleggsfag,recent,2,2161,Sivilarkitekter,0.2328,4,5,0.440769
757,7,Bygg- og anleggsfag,recent,3,2422,Høyere saksbehandlere i offentlig og privat virksomhet,0.0776,5,5,0.450311
757,7,Bygg- og anleggsfag,recent,4,2162,Landskapsarkitekter,0.0579,4,5,0.324153
757,7,Bygg- og anleggsfag,recent,5,3112,Bygningsingeniører,0.0562,4,4,0.301375
757,7,Bygg- og anleggsfag,recent,6,2164,Arealplanleggere,0.0428,4,4,1.0
757,7,Bygg- og anleggsfag,recent,7,3119,Andre ingeniører,0.0243,3,3,0.505172
757,7,Bygg- og anleggsfag,recent,8,3334,Eiendomsmeglere og - forvaltere,0.0237,4,4,0.371489
757,7,Bygg- og anleggsfag,recent,9,3123,"Arbeidsleder, bygg og anlegg",0.022,4,3,0.571429
757,7,Bygg- og anleggsfag,recent,10,2310,Universitets- og høyskolelektorer/-lærere,0.0156,4,4,0.286836
758,7,Fabrikasjon og utvinning,all,1,3119,Andre ingeniører,0.197,3,3,0.505172
758,7,Fabrikasjon og utvinning,all,2,2265,Ernæringsfysiologer,0.101,5,4,0.263246
758,7,Fabrikasjon og utvinning,all,3,3257,Helse- og miljøkontrollører,0.0927,3,3,0.640625
758,7,Fabrikasjon og utvinning,all,4,2422,Høyere saksbehandlere i offentlig og privat virksomhet,0.0646,5,5,0.450311
758,7,Fabrikasjon og utvinning,all,5,1321,Ledere av industriproduksjon mv.,0.053,4,4,0.0
758,7,Fabrikasjon og utvinning,all,6,2149,Andre sivilingeniører (unntatt elektroteknologi),0.048,5,4,0.304967
758,7,Fabrikasjon og utvinning,all,7,3212,Bioingeniører,0.043,3,3,0.357619
758,7,Fabrikasjon og utvinning,all,8,1120,Administrerende direktører,0.0381,4,5,0.371125
758,7,Fabrikasjon og utvinning,all,9,2413,Finansanalytikere,0.0331,4,5,0.393998
758,7,Fabrikasjon og utvinning,all,10,1221,Salgs- og markedssjefer,0.0298,4,5,0.422801
758,7,Fabrikasjon og utvinning,recent,1,3119,Andre ingeniører,0.3478,3,3,0.505172
758,7,Fabrikasjon og utvinning,recent,2,3257,Helse- og miljøkontrollører,0.1957,3,3,0.640625
758,7,Fabrikasjon og utvinning,recent,3,2265,Ernæringsfysiologer,0.1739,5,4,0.263246
758,7,Fabrikasjon og utvinning,recent,4,3212,Bioingeniører,0.1522,3,3,0.357619
758,7,Fabrikasjon og utvinning,recent,5,2413,Finansanalytikere,0.0652,4,5,0.393998
758,7,Fabrikasjon og utvinning,recent,6,2310,Universitets- og høyskolelektorer/-lærere,0.0652,4,4,0.286836
758,7,Fabrikasjon og utvinning,recent,7,2422,Høyere saksbehandlere i offentlig og privat virksomhet,0.0,5,5,0.450311
758,7,Fabrikasjon og utvinning,recent,8,1120,Administrerende direktører,0.0,4,5,0.371125
758,7,Fabrikasjon og utvinning,recent,9,1321,Ledere av industriproduksjon mv.,0.0,4,4,0.0
758,7,Fabrikasjon og utvinning,recent,10,2149,Andre sivilingeniører (unntatt elektroteknologi),0.0,5,4,0.304967
759,7,"Naturvitenskapelige fag, håndverksfag og tekniske fag, andre",all,1,2511,Systemanalytikere/-arkitekter,0.0665,5,5,0.341622
759,7,"Naturvitenskapelige fag, håndverksfag og tekniske fag, andre",all,2,2142,Sivilingeniører (bygg og anlegg),0.0589,4,4,0.0
759,7,"Naturvitenskapelige fag, håndverksfag og tekniske fag, andre",all,3,2146,"Sivilingeniører (geofag, petro-leumsteknologi, metallurgi mv.)",0.0523,4,4,0.445725
759,7,"Naturvitenskapelige fag, håndverksfag og tekniske fag, andre",all,4,3119,Andre ingeniører,0.052,3,3,0.505172
759,7,"Naturvitenskapelige fag, håndverksfag og tekniske fag, andre",all,5,2519,Andre programvare- og applikasjonsutviklere,0.0407,5,5,0.503293
759,7,"Naturvitenskapelige fag, håndverksfag og tekniske fag, andre",all,6,3117,"Ingeniører innen petroleum, bergverk og metallurgi",0.0396,3,4,0.638681
759,7,"Naturvitenskapelige fag, håndverksfag og tekniske fag, andre",all,7,2422,Høyere saksbehandlere i offentlig og privat virksomhet,0.0338,5,5,0.450311
759,7,"Naturvitenskapelige fag, håndverksfag og tekniske fag, andre",all,8,3114,Elektronikkingeniører,0.0248,4,4,0.347287
759,7,"Naturvitenskapelige fag, håndverksfag og tekniske fag, andre",all,9,3511,"Driftsteknikere, IKT",0.0239,5,5,0.53735
759,7,"Naturvitenskapelige fag, håndverksfag og tekniske fag, andre",all,10,1120,Administrerende direktører,0.0235,4,5,0.371125
759,7,"Naturvitenskapelige fag, håndverksfag og tekniske fag, andre",recent,1,2511,Systemanalytikere/-arkitekter,0.0796,5,5,0.341622
759,7,"Naturvitenskapelige fag, håndverksfag og tekniske fag, andre",recent,2,2310,Universitets- og høyskolelektorer/-lærere,0.0719,4,4,0.286836
759,7,"Naturvitenskapelige fag, håndverksfag og tekniske fag, andre",recent,3,2142,Sivilingeniører (bygg og anlegg),0.0546,4,4,0.0
759,7,"Naturvitenskapelige fag, håndverksfag og tekniske fag, andre",recent,4,2519,Andre programvare- og applikasjonsutviklere,0.0546,5,5,0.503293
759,7,"Naturvitenskapelige fag, håndverksfag og tekniske fag, andre",recent,5,2421,Organisasjonsrådgivere mv.,0.05,4,5,0.423703
759,7,"Naturvitenskapelige fag, håndverksfag og tekniske fag, andre",recent,6,3119,Andre ingeniører,0.0438,3,3,0.505172
759,7,"Naturvitenskapelige fag, håndverksfag og tekniske fag, andre",recent,7,2413,Finansanalytikere,0.0334,4,5,0.393998
759,7,"Naturvitenskapelige fag, håndverksfag og tekniske fag, andre",recent,8,3114,Elektronikkingeniører,0.0304,4,4,0.347287
759,7,"Naturvitenskapelige fag, håndverksfag og tekniske fag, andre",recent,9,2512,Programvareutviklere,0.03,5,5,0.655007
759,7,"Naturvitenskapelige fag, håndverksfag og tekniske fag, andre",recent,10,2146,"Sivilingeniører (geofag, petro-leumsteknologi, metallurgi mv.)",0.0288,4,4,0.445725
761,7,Pleie- og omsorgsfag,all,1,2221,Spesialsykepleiere,0.4352,3,3,0.256002
761,7,Pleie- og omsorgsfag,all,2,2222,Jordmødre,0.2716,3,3,0.151316
761,7,Pleie- og omsorgsfag,all,3,2310,Universitets- og høyskolelektorer/-lærere,0.0805,4,4,0.286836
761,7,Pleie- og omsorgsfag,all,4,2223,Sykepleiere,0.0714,3,3,0.256002
761,7,Pleie- og omsorgsfag,all,5,1342,Ledere av helsetjenester,0.037,4,4,0.476886
761,7,Pleie- og omsorgsfag,all,6,2422,Høyere saksbehandlere i offentlig og privat virksomhet,0.0313,5,5,0.450311
761,7,Pleie- og omsorgsfag,all,7,2423,Personal- og karriererådgivere,0.0099,4,5,0.557621
761,7,Pleie- og omsorgsfag,all,8,2330,Lektorer mv. (videregående skole),0.0089,3,3,0.280862
761,7,Pleie- og omsorgsfag,all,9,2264,Fysioterapeuter,0.0063,2,3,0.274177
761,7,Pleie- og omsorgsfag,all,10,2267,Ergoterapeuter,0.0062,3,3,0.358289
761,7,Pleie- og omsorgsfag,recent,1,2221,Spesialsykepleiere,0.5188,3,3,0.256002
761,7,Pleie- og omsorgsfag,recent,2,2222,Jordmødre,0.2432,3,3,0.151316
761,7,Pleie- og omsorgsfag,recent,3,2310,Universitets- og høyskolelektorer/-lærere,0.0732,4,4,0.286836
761,7,Pleie- og omsorgsfag,recent,4,2223,Sykepleiere,0.065,3,3,0.256002
761,7,Pleie- og omsorgsfag,recent,5,1342,Ledere av helsetjenester,0.037,4,4,0.476886
761,7,Pleie- og omsorgsfag,recent,6,2422,Høyere saksbehandlere i offentlig og privat virksomhet,0.0244,5,5,0.450311
761,7,Pleie- og omsorgsfag,recent,7,2423,Personal- og karriererådgivere,0.0089,4,5,0.557621
761,7,Pleie- og omsorgsfag,recent,8,2267,Ergoterapeuter,0.0074,3,3,0.358289
761,7,Pleie- og omsorgsfag,recent,9,2330,Lektorer mv. (videregående skole),0.0067,3,3,0.280862
761,7,Pleie- og omsorgsfag,recent,10,2224,Vernepleiere,0.0037,3,3,0.256002
762,7,Sosialfag,all,1,2635,Rådgivere innen sosiale fagfelt,0.2908,3,3,0.188929
762,7,Sosialfag,all,2,2422,Høyere saksbehandlere i offentlig og privat virksomhet,0.1559,5,5,0.450311
762,7,Sosialfag,all,3,3412,Miljøarbeidere innen sosiale fagfelt,0.1251,3,3,0.48
762,7,Sosialfag,all,4,2310,Universitets- og høyskolelektorer/-lærere,0.0719,4,4,0.286836
762,7,Sosialfag,all,5,2224,Vernepleiere,0.0607,3,3,0.256002
762,7,Sosialfag,all,6,2341,Grunnskolelærere,0.0326,3,3,0.366129
762,7,Sosialfag,all,7,1219,Andre administrative ledere,0.0255,4,4,0.47783
762,7,Sosialfag,all,8,5321,Helsefagarbeidere,0.021,1,2,0.1875
762,7,Sosialfag,all,9,2352,Spesiallærere / spesialpedagoger,0.0205,3,3,0.436711
762,7,Sosialfag,all,10,2221,Spesialsykepleiere,0.0179,3,3,0.256002
762,7,Sosialfag,recent,1,2635,Rådgivere innen sosiale fagfelt,0.369,3,3,0.188929
762,7,Sosialfag,recent,2,2422,Høyere saksbehandlere i offentlig og privat virksomhet,0.1934,5,5,0.450311
762,7,Sosialfag,recent,3,3412,Miljøarbeidere innen sosiale fagfelt,0.145,3,3,0.48
762,7,Sosialfag,recent,4,2224,Vernepleiere,0.0687,3,3,0.256002
762,7,Sosialfag,recent,5,2310,Universitets- og høyskolelektorer/-lærere,0.0662,4,4,0.286836
762,7,Sosialfag,recent,6,2352,Spesiallærere / spesialpedagoger,0.028,3,3,0.436711
762,7,Sosialfag,recent,7,5311,Barnehage- og skolefritidsassistenter mv.,0.0178,2,3,0.572124
762,7,Sosialfag,recent,8,4110,Kontormedarbeidere,0.0153,5,5,0.670689
762,7,Sosialfag,recent,9,3353,Saksbehandlere innen sosiale ytelser,0.0127,5,5,0.337035
762,7,Sosialfag,recent,10,5321,Helsefagarbeidere,0.0102,1,2,0.1875
763,7,Medisin,all,1,2212,Legespesialister,0.5751,4,3,0.179852
763,7,Medisin,all,2,2211,Allmennpraktiserende leger,0.2844,4,3,0.254981
763,7,Medisin,all,3,1342,Ledere av helsetjenester,0.0295,4,4,0.476886
763,7,Medisin,all,4,2310,Universitets- og høyskolelektorer/-lærere,0.0222,4,4,0.286836
763,7,Medisin,all,5,2422,Høyere saksbehandlere i offentlig og privat virksomhet,0.0097,5,5,0.450311
763,7,Medisin,all,6,5329,Andre pleiemedarbeidere,0.0079,3,2,0.278788
763,7,Medisin,all,7,0110,Offiserer fra fenrik og høyere grad,0.0066,,,
763,7,Medisin,all,8,1120,Administrerende direktører,0.0062,4,5,0.371125
763,7,Medisin,all,9,2223,Sykepleiere,0.0058,3,3,0.256002
763,7,Medisin,all,10,5321,Helsefagarbeidere,0.0056,1,2,0.1875
763,7,Medisin,recent,1,2212,Legespesialister,0.6163,4,3,0.179852
763,7,Medisin,recent,2,2211,Allmennpraktiserende leger,0.2781,4,3,0.254981
763,7,Medisin,recent,3,2310,Universitets- og høyskolelektorer/-lærere,0.0375,4,4,0.286836
763,7,Medisin,recent,4,5329,Andre pleiemedarbeidere,0.0158,3,2,0.278788
763,7,Medisin,recent,5,2223,Sykepleiere,0.0088,3,3,0.256002
763,7,Medisin,recent,6,3212,Bioingeniører,0.0074,3,3,0.357619
763,7,Medisin,recent,7,0110,Offiserer fra fenrik og høyere grad,0.0063,,,
763,7,Medisin,recent,8,5321,Helsefagarbeidere,0.0059,1,2,0.1875
763,7,Medisin,recent,9,5223,Butikkmedarbeidere,0.0029,3,3,0.449861
763,7,Medisin,recent,10,4110,Kontormedarbeidere,0.0029,5,5,0.670689
764,7,Tannhelsefag,all,1,2261,Tannleger,0.8642,2,2,0.591592
764,7,Tannhelsefag,all,2,1120,Administrerende direktører,0.0246,4,5,0.371125
764,7,Tannhelsefag,all,3,1342,Ledere av helsetjenester,0.0246,4,4,0.476886
764,7,Tannhelsefag,all,4,5329,Andre pleiemedarbeidere,0.0184,3,2,0.278788
764,7,Tannhelsefag,all,5,2422,Høyere saksbehandlere i offentlig og privat virksomhet,0.011,5,5,0.450311
764,7,Tannhelsefag,all,6,2310,Universitets- og høyskolelektorer/-lærere,0.0094,4,4,0.286836
764,7,Tannhelsefag,all,7,0110,Offiserer fra fenrik og høyere grad,0.0084,,,
764,7,Tannhelsefag,all,8,1213,Strategi- og planleggingssjefer,0.0065,4,4,0.4435
764,7,Tannhelsefag,all,9,5321,Helsefagarbeidere,0.0058,1,2,0.1875
764,7,Tannhelsefag,all,10,2330,Lektorer mv. (videregående skole),0.0039,3,3,0.280862
764,7,Tannhelsefag,recent,1,2261,Tannleger,0.9213,2,2,0.591592
764,7,Tannhelsefag,recent,2,5329,Andre pleiemedarbeidere,0.03,3,2,0.278788
764,7,Tannhelsefag,recent,3,2310,Universitets- og høyskolelektorer/-lærere,0.0187,4,4,0.286836
764,7,Tannhelsefag,recent,4,0110,Offiserer fra fenrik og høyere grad,0.0187,,,
764,7,Tannhelsefag,recent,5,1342,Ledere av helsetjenester,0.0112,4,4,0.476886
764,7,Tannhelsefag,recent,6,1120,Administrerende direktører,0.0,4,5,0.371125
764,7,Tannhelsefag,recent,7,2422,Høyere saksbehandlere i offentlig og privat virksomhet,0.0,5,5,0.450311
764,7,Tannhelsefag,recent,8,1219,Andre administrative ledere,0.0,4,4,0.47783
764,7,Tannhelsefag,recent,9,1213,Strategi- og planleggingssjefer,0.0,4,4,0.4435
764,7,Tannhelsefag,recent,10,1420,Varehandelssjefer,0.0,4,5,0.431373
765,7,Terapeutiske fag,all,1,2264,Fysioterapeuter,0.6782,2,3,0.274177
765,7,Terapeutiske fag,all,2,2269,Kiropraktorer mv.,0.0706,3,2,0.0
765,7,Terapeutiske fag,all,3,2310,Universitets- og høyskolelektorer/-lærere,0.0549,4,4,0.286836
765,7,Terapeutiske fag,all,4,2267,Ergoterapeuter,0.0424,3,3,0.358289
765,7,Terapeutiske fag,all,5,2221,Spesialsykepleiere,0.0283,3,3,0.256002
765,7,Terapeutiske fag,all,6,2224,Vernepleiere,0.0204,3,3,0.256002
765,7,Terapeutiske fag,all,7,2422,Høyere saksbehandlere i offentlig og privat virksomhet,0.0188,5,5,0.450311
765,7,Terapeutiske fag,all,8,1342,Ledere av helsetjenester,0.0173,4,4,0.476886
765,7,Terapeutiske fag,all,9,5329,Andre pleiemedarbeidere,0.0126,3,2,0.278788
765,7,Terapeutiske fag,all,10,2635,Rådgivere innen sosiale fagfelt,0.011,3,3,0.188929
765,7,Terapeutiske fag,recent,1,2264,Fysioterapeuter,0.6519,2,3,0.274177
765,7,Terapeutiske fag,recent,2,2310,Universitets- og høyskolelektorer/-lærere,0.1185,4,4,0.286836
765,7,Terapeutiske fag,recent,3,2267,Ergoterapeuter,0.0889,3,3,0.358289
765,7,Terapeutiske fag,recent,4,2224,Vernepleiere,0.0444,3,3,0.256002
765,7,Terapeutiske fag,recent,5,2223,Sykepleiere,0.0296,3,3,0.256002
765,7,Terapeutiske fag,recent,6,2269,Kiropraktorer mv.,0.0222,3,2,0.0
765,7,Terapeutiske fag,recent,7,2221,Spesialsykepleiere,0.0222,3,3,0.256002
765,7,Terapeutiske fag,recent,8,3412,Miljøarbeidere innen sosiale fagfelt,0.0222,3,3,0.48
765,7,Terapeutiske fag,recent,9,2422,Høyere saksbehandlere i offentlig og privat virksomhet,0.0,5,5,0.450311
765,7,Terapeutiske fag,recent,10,1342,Ledere av helsetjenester,0.0,4,4,0.476886
766,7,Apotekfag,all,1,2262,Farmasøyter,0.4561,4,4,0.203782
766,7,Apotekfag,all,2,1420,Varehandelssjefer,0.254,4,5,0.431373
766,7,Apotekfag,all,3,2422,Høyere saksbehandlere i offentlig og privat virksomhet,0.0507,5,5,0.450311
766,7,Apotekfag,all,4,1342,Ledere av helsetjenester,0.0301,4,4,0.476886
766,7,Apotekfag,all,5,3119,Andre ingeniører,0.0292,3,3,0.505172
766,7,Apotekfag,all,6,3213,Reseptarer,0.0175,4,4,1.0
766,7,Apotekfag,all,7,2310,Universitets- og høyskolelektorer/-lærere,0.0163,4,4,0.286836
766,7,Apotekfag,all,8,1219,Andre administrative ledere,0.0147,4,4,0.47783
766,7,Apotekfag,all,9,1120,Administrerende direktører,0.0104,4,5,0.371125
766,7,Apotekfag,all,10,2511,Systemanalytikere/-arkitekter,0.0092,5,5,0.341622
766,7,Apotekfag,recent,1,2262,Farmasøyter,0.5562,4,4,0.203782
766,7,Apotekfag,recent,2,1420,Varehandelssjefer,0.245,4,5,0.431373
766,7,Apotekfag,recent,3,2310,Universitets- og høyskolelektorer/-lærere,0.0634,4,4,0.286836
766,7,Apotekfag,recent,4,2422,Høyere saksbehandlere i offentlig og privat virksomhet,0.0605,5,5,0.450311
766,7,Apotekfag,recent,5,3119,Andre ingeniører,0.0317,3,3,0.505172
766,7,Apotekfag,recent,6,3213,Reseptarer,0.0173,4,4,1.0
766,7,Apotekfag,recent,7,1342,Ledere av helsetjenester,0.0086,4,4,0.476886
766,7,Apotekfag,recent,8,4110,Kontormedarbeidere,0.0086,5,5,0.670689
766,7,Apotekfag,recent,9,5223,Butikkmedarbeidere,0.0086,3,3,0.449861
766,7,Apotekfag,recent,10,1219,Andre administrative ledere,0.0,4,4,0.47783
767,7,Veterinærfag,all,1,2250,Veterinærer,0.5867,3,2,0.386598
767,7,Veterinærfag,all,2,3257,Helse- og miljøkontrollører,0.1221,3,3,0.640625
767,7,Veterinærfag,all,3,2422,Høyere saksbehandlere i offentlig og privat virksomhet,0.0509,5,5,0.450311
767,7,Veterinærfag,all,4,1120,Administrerende direktører,0.0264,4,5,0.371125
767,7,Veterinærfag,all,5,2310,Universitets- og høyskolelektorer/-lærere,0.0248,4,4,0.286836
767,7,Veterinærfag,all,6,1219,Andre administrative ledere,0.0168,4,4,0.47783
767,7,Veterinærfag,all,7,3240,Dyrepleiere,0.0168,2,2,0.152733
767,7,Veterinærfag,all,8,3322,Selgere (engros),0.0112,5,5,0.398974
767,7,Veterinærfag,all,9,0110,Offiserer fra fenrik og høyere grad,0.01,,,
767,7,Veterinærfag,all,10,5223,Butikkmedarbeidere,0.0092,3,3,0.449861
767,7,Veterinærfag,recent,1,2250,Veterinærer,0.7197,3,2,0.386598
767,7,Veterinærfag,recent,2,3257,Helse- og miljøkontrollører,0.0809,3,3,0.640625
767,7,Veterinærfag,recent,3,2310,Universitets- og høyskolelektorer/-lærere,0.0458,4,4,0.286836
767,7,Veterinærfag,recent,4,2422,Høyere saksbehandlere i offentlig og privat virksomhet,0.0323,5,5,0.450311
767,7,Veterinærfag,recent,5,3240,Dyrepleiere,0.0323,2,2,0.152733
767,7,Veterinærfag,recent,6,3322,Selgere (engros),0.0135,5,5,0.398974
767,7,Veterinærfag,recent,7,2131,"Biologer, botanikere, zoologer mv.",0.0135,4,4,0.255362
767,7,Veterinærfag,recent,8,2212,Legespesialister,0.0108,4,3,0.179852
767,7,Veterinærfag,recent,9,5223,Butikkmedarbeidere,0.0108,3,3,0.449861
767,7,Veterinærfag,recent,10,1120,Administrerende direktører,0.0081,4,5,0.371125
768,7,Idrettsfag,all,1,2341,Grunnskolelærere,0.2169,3,3,0.366129
768,7,Idrettsfag,all,2,2330,Lektorer mv. (videregående skole),0.2062,3,3,0.280862
768,7,Idrettsfag,all,3,2310,Universitets- og høyskolelektorer/-lærere,0.0939,4,4,0.286836
768,7,Idrettsfag,all,4,3422,Trenere og idrettsdommere,0.0683,3,3,0.174645
768,7,Idrettsfag,all,5,2422,Høyere saksbehandlere i offentlig og privat virksomhet,0.067,5,5,0.450311
768,7,Idrettsfag,all,6,3359,Andre yrker innen offentlig forvaltning,0.0333,3,2,
768,7,Idrettsfag,all,7,1345,Ledere av utdanning og undervisning,0.0282,4,4,0.368473
768,7,Idrettsfag,all,8,3423,Sports- og aktivitetsinstruktører,0.0175,2,3,0.320382
768,7,Idrettsfag,all,9,2264,Fysioterapeuter,0.0165,2,3,0.274177
768,7,Idrettsfag,all,10,5311,Barnehage- og skolefritidsassistenter mv.,0.0142,2,3,0.572124
768,7,Idrettsfag,recent,1,2341,Grunnskolelærere,0.3099,3,3,0.366129
768,7,Idrettsfag,recent,2,2330,Lektorer mv. (videregående skole),0.1844,3,3,0.280862
768,7,Idrettsfag,recent,3,2310,Universitets- og høyskolelektorer/-lærere,0.1103,4,4,0.286836
768,7,Idrettsfag,recent,4,3422,Trenere og idrettsdommere,0.097,3,3,0.174645
768,7,Idrettsfag,recent,5,2422,Høyere saksbehandlere i offentlig og privat virksomhet,0.057,5,5,0.450311
768,7,Idrettsfag,recent,6,3359,Andre yrker innen offentlig forvaltning,0.0342,3,2,
768,7,Idrettsfag,recent,7,2224,Vernepleiere,0.0266,3,3,0.256002
768,7,Idrettsfag,recent,8,3423,Sports- og aktivitetsinstruktører,0.0228,2,3,0.320382
768,7,Idrettsfag,recent,9,5311,Barnehage- og skolefritidsassistenter mv.,0.0209,2,3,0.572124
768,7,Idrettsfag,recent,10,1120,Administrerende direktører,0.0133,4,5,0.371125
769,7,"Helse-, sosial- og idrettsfag, andre",all,1,2422,Høyere saksbehandlere i offentlig og privat virksomhet,0.1263,5,5,0.450311
769,7,"Helse-, sosial- og idrettsfag, andre",all,2,2221,Spesialsykepleiere,0.0884,3,3,0.256002
769,7,"Helse-, sosial- og idrettsfag, andre",all,3,2310,Universitets- og høyskolelektorer/-lærere,0.0823,4,4,0.286836
769,7,"Helse-, sosial- og idrettsfag, andre",all,4,2223,Sykepleiere,0.0629,3,3,0.256002
769,7,"Helse-, sosial- og idrettsfag, andre",all,5,5321,Helsefagarbeidere,0.0537,1,2,0.1875
769,7,"Helse-, sosial- og idrettsfag, andre",all,6,1342,Ledere av helsetjenester,0.0404,4,4,0.476886
769,7,"Helse-, sosial- og idrettsfag, andre",all,7,2635,Rådgivere innen sosiale fagfelt,0.0371,3,3,0.188929
769,7,"Helse-, sosial- og idrettsfag, andre",all,8,2265,Ernæringsfysiologer,0.0369,5,4,0.263246
769,7,"Helse-, sosial- og idrettsfag, andre",all,9,2264,Fysioterapeuter,0.0347,2,3,0.274177
769,7,"Helse-, sosial- og idrettsfag, andre",all,10,3412,Miljøarbeidere innen sosiale fagfelt,0.0271,3,3,0.48
769,7,"Helse-, sosial- og idrettsfag, andre",recent,1,2422,Høyere saksbehandlere i offentlig og privat virksomhet,0.1708,5,5,0.450311
769,7,"Helse-, sosial- og idrettsfag, andre",recent,2,2310,Universitets- og høyskolelektorer/-lærere,0.1361,4,4,0.286836
769,7,"Helse-, sosial- og idrettsfag, andre",recent,3,2221,Spesialsykepleiere,0.085,3,3,0.256002
769,7,"Helse-, sosial- og idrettsfag, andre",recent,4,2265,Ernæringsfysiologer,0.0624,5,4,0.263246
769,7,"Helse-, sosial- og idrettsfag, andre",recent,5,2635,Rådgivere innen sosiale fagfelt,0.056,3,3,0.188929
769,7,"Helse-, sosial- og idrettsfag, andre",recent,6,1342,Ledere av helsetjenester,0.039,4,4,0.476886
769,7,"Helse-, sosial- og idrettsfag, andre",recent,7,2223,Sykepleiere,0.0369,3,3,0.256002
769,7,"Helse-, sosial- og idrettsfag, andre",recent,8,2264,Fysioterapeuter,0.0333,2,3,0.274177
769,7,"Helse-, sosial- og idrettsfag, andre",recent,9,5329,Andre pleiemedarbeidere,0.0291,3,2,0.278788
769,7,"Helse-, sosial- og idrettsfag, andre",recent,10,2224,Vernepleiere,0.0276,3,3,0.256002
771,7,Fiske og havbruk,all,1,2131,"Biologer, botanikere, zoologer mv.",0.1739,4,4,0.255362
771,7,Fiske og havbruk,all,2,2422,Høyere saksbehandlere i offentlig og privat virksomhet,0.1528,5,5,0.450311
771,7,Fiske og havbruk,all,3,6221,Havbruksarbeidere,0.0632,2,2,0.0
771,7,Fiske og havbruk,all,4,3322,Selgere (engros),0.0593,5,5,0.398974
771,7,Fiske og havbruk,all,5,3119,Andre ingeniører,0.0527,3,3,0.505172
771,7,Fiske og havbruk,all,6,1120,Administrerende direktører,0.0395,4,5,0.371125
771,7,Fiske og havbruk,all,7,1321,Ledere av industriproduksjon mv.,0.0369,4,4,0.0
771,7,Fiske og havbruk,all,8,1221,Salgs- og markedssjefer,0.0356,4,5,0.422801
771,7,Fiske og havbruk,all,9,3257,Helse- og miljøkontrollører,0.0356,3,3,0.640625
771,7,Fiske og havbruk,all,10,2149,Andre sivilingeniører (unntatt elektroteknologi),0.0329,5,4,0.304967
771,7,Fiske og havbruk,recent,1,2131,"Biologer, botanikere, zoologer mv.",0.2778,4,4,0.255362
771,7,Fiske og havbruk,recent,2,2422,Høyere saksbehandlere i offentlig og privat virksomhet,0.2111,5,5,0.450311
771,7,Fiske og havbruk,recent,3,6221,Havbruksarbeidere,0.1556,2,2,0.0
771,7,Fiske og havbruk,recent,4,3119,Andre ingeniører,0.1111,3,3,0.505172
771,7,Fiske og havbruk,recent,5,3322,Selgere (engros),0.0667,5,5,0.398974
771,7,Fiske og havbruk,recent,6,3257,Helse- og miljøkontrollører,0.0556,3,3,0.640625
771,7,Fiske og havbruk,recent,7,2250,Veterinærer,0.0556,3,2,0.386598
771,7,Fiske og havbruk,recent,8,1321,Ledere av industriproduksjon mv.,0.0333,4,4,0.0
771,7,Fiske og havbruk,recent,9,2149,Andre sivilingeniører (unntatt elektroteknologi),0.0333,5,4,0.304967
771,7,Fiske og havbruk,recent,10,1120,Administrerende direktører,0.0,4,5,0.371125
772,7,Jordbruk,all,1,2422,Høyere saksbehandlere i offentlig og privat virksomhet,0.3127,5,5,0.450311
772,7,Jordbruk,all,2,2330,Lektorer mv. (videregående skole),0.0993,3,3,0.280862
772,7,Jordbruk,all,3,1219,Andre administrative ledere,0.0744,4,4,0.47783
772,7,Jordbruk,all,4,1120,Administrerende direktører,0.0695,4,5,0.371125
772,7,Jordbruk,all,5,3142,Agroteknikere,0.0596,4,4,0.777467
772,7,Jordbruk,all,6,2142,Sivilingeniører (bygg og anlegg),0.0546,4,4,0.0
772,7,Jordbruk,all,7,2132,Sivilagronomer mv.,0.0496,4,4,0.24989
772,7,Jordbruk,all,8,2341,Grunnskolelærere,0.0298,3,3,0.366129
772,7,Jordbruk,all,9,3313,Regnskapsførere,0.0223,5,5,0.535417
772,7,Jordbruk,all,10,1213,Strategi- og planleggingssjefer,0.0199,4,4,0.4435
773,7,Gartneri og hagebruk,all,1,2422,Høyere saksbehandlere i offentlig og privat virksomhet,0.2636,5,5,0.450311
773,7,Gartneri og hagebruk,all,2,1219,Andre administrative ledere,0.1091,4,4,0.47783
773,7,Gartneri og hagebruk,all,3,2330,Lektorer mv. (videregående skole),0.0909,3,3,0.280862
773,7,Gartneri og hagebruk,all,4,3142,Agroteknikere,0.0636,4,4,0.777467
773,7,Gartneri og hagebruk,all,5,3257,Helse- og miljøkontrollører,0.0636,3,3,0.640625
773,7,Gartneri og hagebruk,all,6,1120,Administrerende direktører,0.0545,4,5,0.371125
773,7,Gartneri og hagebruk,all,7,1311,"Ledere i skogbruk, gartnerier mv.",0.0545,3,4,0.230508
773,7,Gartneri og hagebruk,all,8,2132,Sivilagronomer mv.,0.0545,4,4,0.24989
773,7,Gartneri og hagebruk,all,9,2341,Grunnskolelærere,0.0545,3,3,0.366129
773,7,Gartneri og hagebruk,all,10,6113,Gartnere,0.0545,2,2,0.777533
774,7,Skogbruk,all,1,2422,Høyere saksbehandlere i offentlig og privat virksomhet,0.2945,5,5,0.450311
774,7,Skogbruk,all,2,3143,Skogteknikere,0.1738,3,2,0.631579
774,7,Skogbruk,all,3,1120,Administrerende direktører,0.0695,4,5,0.371125
774,7,Skogbruk,all,4,1311,"Ledere i skogbruk, gartnerier mv.",0.0552,3,4,0.230508
774,7,Skogbruk,all,5,1219,Andre administrative ledere,0.0491,4,4,0.47783
774,7,Skogbruk,all,6,2142,Sivilingeniører (bygg og anlegg),0.0491,4,4,0.0
774,7,Skogbruk,all,7,2330,Lektorer mv. (videregående skole),0.0286,3,3,0.280862
774,7,Skogbruk,all,8,2132,Sivilagronomer mv.,0.0245,4,4,0.24989
774,7,Skogbruk,all,9,1349,Andre ledere av produksjon og tjenesteyting,0.0204,4,4,0.4435
774,7,Skogbruk,all,10,2310,Universitets- og høyskolelektorer/-lærere,0.0204,4,4,0.286836
774,7,Skogbruk,recent,1,3143,Skogteknikere,0.6667,3,2,0.631579
774,7,Skogbruk,recent,2,2422,Høyere saksbehandlere i offentlig og privat virksomhet,0.3333,5,5,0.450311
774,7,Skogbruk,recent,3,1120,Administrerende direktører,0.0,4,5,0.371125
774,7,Skogbruk,recent,4,1219,Andre administrative ledere,0.0,4,4,0.47783
774,7,Skogbruk,recent,5,1311,"Ledere i skogbruk, gartnerier mv.",0.0,3,4,0.230508
774,7,Skogbruk,recent,6,2142,Sivilingeniører (bygg og anlegg),0.0,4,4,0.0
774,7,Skogbruk,recent,7,2330,Lektorer mv. (videregående skole),0.0,3,3,0.280862
774,7,Skogbruk,recent,8,1349,Andre ledere av produksjon og tjenesteyting,0.0,4,4,0.4435
774,7,Skogbruk,recent,9,1213,Strategi- og planleggingssjefer,0.0,4,4,0.4435
774,7,Skogbruk,recent,10,2132,Sivilagronomer mv.,0.0,4,4,0.24989
779,7,"Primærnæringsfag, andre",all,1,2422,Høyere saksbehandlere i offentlig og privat virksomhet,0.1447,5,5,0.450311
779,7,"Primærnæringsfag, andre",all,2,2330,Lektorer mv. (videregående skole),0.0393,3,3,0.280862
779,7,"Primærnæringsfag, andre",all,3,1120,Administrerende direktører,0.0378,4,5,0.371125
779,7,"Primærnæringsfag, andre",all,4,8160,Operatører innen næringsmiddelproduksjon,0.0299,1,1,0.278481
779,7,"Primærnæringsfag, andre",all,5,2413,Finansanalytikere,0.0288,4,5,0.393998
779,7,"Primærnæringsfag, andre",all,6,2310,Universitets- og høyskolelektorer/-lærere,0.0288,4,4,0.286836
779,7,"Primærnæringsfag, andre",all,7,9112,Renholdere i virksomheter,0.0288,1,1,0.46875
779,7,"Primærnæringsfag, andre",all,8,1219,Andre administrative ledere,0.0278,4,4,0.47783
779,7,"Primærnæringsfag, andre",all,9,3142,Agroteknikere,0.0241,4,4,0.777467
779,7,"Primærnæringsfag, andre",all,10,5223,Butikkmedarbeidere,0.0236,3,3,0.449861
779,7,"Primærnæringsfag, andre",recent,1,2310,Universitets- og høyskolelektorer/-lærere,0.1667,4,4,0.286836
779,7,"Primærnæringsfag, andre",recent,2,9112,Renholdere i virksomheter,0.1136,1,1,0.46875
779,7,"Primærnæringsfag, andre",recent,3,5223,Butikkmedarbeidere,0.0758,3,3,0.449861
779,7,"Primærnæringsfag, andre",recent,4,8160,Operatører innen næringsmiddelproduksjon,0.0758,1,1,0.278481
779,7,"Primærnæringsfag, andre",recent,5,2422,Høyere saksbehandlere i offentlig og privat virksomhet,0.0682,5,5,0.450311
779,7,"Primærnæringsfag, andre",recent,6,6130,Plante- og husdyrprodusenter (kombinasjonsbruk),0.053,2,2,0.0
779,7,"Primærnæringsfag, andre",recent,7,7511,"Slaktere, fiskehandlere mv.",0.0455,1,1,
779,7,"Primærnæringsfag, andre",recent,8,2413,Finansanalytikere,0.0379,4,5,0.393998
779,7,"Primærnæringsfag, andre",recent,9,2132,Sivilagronomer mv.,0.0379,4,4,0.24989
779,7,"Primærnæringsfag, andre",recent,10,5311,Barnehage- og skolefritidsassistenter mv.,0.0379,2,3,0.572124
781,7,Samferdsel,all,1,3323,Innkjøpere,0.0904,4,5,0.7625
781,7,Samferdsel,all,2,2142,Sivilingeniører (bygg og anlegg),0.0732,4,4,0.0
781,7,Samferdsel,all,3,2422,Høyere saksbehandlere i offentlig og privat virksomhet,0.0675,5,5,0.450311
781,7,Samferdsel,all,4,1324,Ledere av logistikk og transport mv.,0.0595,4,4,0.411458
781,7,Samferdsel,all,5,4322,Logistikkmedarbeidere,0.0572,5,5,0.439394
781,7,Samferdsel,all,6,2146,"Sivilingeniører (geofag, petro-leumsteknologi, metallurgi mv.)",0.0412,4,4,0.445725
781,7,Samferdsel,all,7,2413,Finansanalytikere,0.0412,4,5,0.393998
781,7,Samferdsel,all,8,2511,Systemanalytikere/-arkitekter,0.04,5,5,0.341622
781,7,Samferdsel,all,9,2310,Universitets- og høyskolelektorer/-lærere,0.0389,4,4,0.286836
781,7,Samferdsel,all,10,0110,Offiserer fra fenrik og høyere grad,0.0332,,,
781,7,Samferdsel,recent,1,2142,Sivilingeniører (bygg og anlegg),0.1118,4,4,0.0
781,7,Samferdsel,recent,2,3323,Innkjøpere,0.1118,4,5,0.7625
781,7,Samferdsel,recent,3,4322,Logistikkmedarbeidere,0.1118,5,5,0.439394
781,7,Samferdsel,recent,4,2310,Universitets- og høyskolelektorer/-lærere,0.0807,4,4,0.286836
781,7,Samferdsel,recent,5,2422,Høyere saksbehandlere i offentlig og privat virksomhet,0.0497,5,5,0.450311
781,7,Samferdsel,recent,6,2413,Finansanalytikere,0.0497,4,5,0.393998
781,7,Samferdsel,recent,7,2519,Andre programvare- og applikasjonsutviklere,0.0497,5,5,0.503293
781,7,Samferdsel,recent,8,3119,Andre ingeniører,0.0435,3,3,0.505172
781,7,Samferdsel,recent,9,3152,Dekksoffiserer og loser,0.0435,3,3,1.0
781,7,Samferdsel,recent,10,2146,"Sivilingeniører (geofag, petro-leumsteknologi, metallurgi mv.)",0.0435,4,4,0.445725
782,7,Sikkerhet,all,1,0110,Offiserer fra fenrik og høyere grad,0.1966,,,
782,7,Sikkerhet,all,2,2422,Høyere saksbehandlere i offentlig og privat virksomhet,0.0902,5,5,0.450311
782,7,Sikkerhet,all,3,1219,Andre administrative ledere,0.0547,4,4,0.47783
782,7,Sikkerhet,all,4,3355,Politibetjenter mv.,0.0467,3,4,0.121447
782,7,Sikkerhet,all,5,4110,Kontormedarbeidere,0.0445,5,5,0.670689
782,7,Sikkerhet,all,6,1120,Administrerende direktører,0.0439,4,5,0.371125
782,7,Sikkerhet,all,7,3119,Andre ingeniører,0.0386,3,3,0.505172
782,7,Sikkerhet,all,8,2511,Systemanalytikere/-arkitekter,0.0348,5,5,0.341622
782,7,Sikkerhet,all,9,2146,"Sivilingeniører (geofag, petro-leumsteknologi, metallurgi mv.)",0.0224,4,4,0.445725
782,7,Sikkerhet,all,10,2142,Sivilingeniører (bygg og anlegg),0.0221,4,4,0.0
782,7,Sikkerhet,recent,1,0110,Offiserer fra fenrik og høyere grad,0.2375,,,
782,7,Sikkerhet,recent,2,3355,Politibetjenter mv.,0.1594,3,4,0.121447
782,7,Sikkerhet,recent,3,2422,Høyere saksbehandlere i offentlig og privat virksomhet,0.0906,5,5,0.450311
782,7,Sikkerhet,recent,4,3119,Andre ingeniører,0.0563,3,3,0.505172
782,7,Sikkerhet,recent,5,1349,Andre ledere av produksjon og tjenesteyting,0.05,4,4,0.4435
782,7,Sikkerhet,recent,6,2511,Systemanalytikere/-arkitekter,0.0469,5,5,0.341622
782,7,Sikkerhet,recent,7,2142,Sivilingeniører (bygg og anlegg),0.0437,4,4,0.0
782,7,Sikkerhet,recent,8,2519,Andre programvare- og applikasjonsutviklere,0.0437,5,5,0.503293
782,7,Sikkerhet,recent,9,1219,Andre administrative ledere,0.0406,4,4,0.47783
782,7,Sikkerhet,recent,10,2146,"Sivilingeniører (geofag, petro-leumsteknologi, metallurgi mv.)",0.0375,4,4,0.445725
789,7,"Samferdsels- og sikkerhetsfag og andre servicefag, andre",all,1,9112,Renholdere i virksomheter,0.0649,1,1,0.46875
789,7,"Samferdsels- og sikkerhetsfag og andre servicefag, andre",all,2,8160,Operatører innen næringsmiddelproduksjon,0.0414,1,1,0.278481
789,7,"Samferdsels- og sikkerhetsfag og andre servicefag, andre",all,3,2422,Høyere saksbehandlere i offentlig og privat virksomhet,0.0378,5,5,0.450311
789,7,"Samferdsels- og sikkerhetsfag og andre servicefag, andre",all,4,5311,Barnehage- og skolefritidsassistenter mv.,0.036,2,3,0.572124
789,7,"Samferdsels- og sikkerhetsfag og andre servicefag, andre",all,5,8331,Bussjåfører og trikkeførere,0.0324,4,2,0.728593
789,7,"Samferdsels- og sikkerhetsfag og andre servicefag, andre",all,6,5120,Kokker,0.0306,2,2,0.325445
789,7,"Samferdsels- og sikkerhetsfag og andre servicefag, andre",all,7,3119,Andre ingeniører,0.027,3,3,0.505172
789,7,"Samferdsels- og sikkerhetsfag og andre servicefag, andre",all,8,5329,Andre pleiemedarbeidere,0.0252,3,2,0.278788
789,7,"Samferdsels- og sikkerhetsfag og andre servicefag, andre",all,9,1120,Administrerende direktører,0.0234,4,5,0.371125
789,7,"Samferdsels- og sikkerhetsfag og andre servicefag, andre",all,10,4321,Lagermedarbeidere og material-forvaltere,0.0216,3,3,0.585239
789,7,"Samferdsels- og sikkerhetsfag og andre servicefag, andre",recent,1,9112,Renholdere i virksomheter,0.3,1,1,0.46875
789,7,"Samferdsels- og sikkerhetsfag og andre servicefag, andre",recent,2,8160,Operatører innen næringsmiddelproduksjon,0.2667,1,1,0.278481
789,7,"Samferdsels- og sikkerhetsfag og andre servicefag, andre",recent,3,9312,Hjelpearbeidere i anlegg,0.1667,1,1,
789,7,"Samferdsels- og sikkerhetsfag og andre servicefag, andre",recent,4,5311,Barnehage- og skolefritidsassistenter mv.,0.1333,2,3,0.572124
789,7,"Samferdsels- og sikkerhetsfag og andre servicefag, andre",recent,5,5223,Butikkmedarbeidere,0.1333,3,3,0.449861
789,7,"Samferdsels- og sikkerhetsfag og andre servicefag, andre",recent,6,2422,Høyere saksbehandlere i offentlig og privat virksomhet,0.0,5,5,0.450311
789,7,"Samferdsels- og sikkerhetsfag og andre servicefag, andre",recent,7,8331,Bussjåfører og trikkeførere,0.0,4,2,0.728593
789,7,"Samferdsels- og sikkerhetsfag og andre servicefag, andre",recent,8,5120,Kokker,0.0,2,2,0.325445
789,7,"Samferdsels- og sikkerhetsfag og andre servicefag, andre",recent,9,3119,Andre ingeniører,0.0,3,3,0.505172
789,7,"Samferdsels- og sikkerhetsfag og andre servicefag, andre",recent,10,5329,Andre pleiemedarbeidere,0.0,3,2,0.278788
799,7,Uoppgitt faggruppe,all,1,2310,Universitets- og høyskolelektorer/-lærere,0.0555,4,4,0.286836
799,7,Uoppgitt faggruppe,all,2,9112,Renholdere i virksomheter,0.054,1,1,0.46875
799,7,Uoppgitt faggruppe,all,3,5311,Barnehage- og skolefritidsassistenter mv.,0.0489,2,3,0.572124
799,7,Uoppgitt faggruppe,all,4,5223,Butikkmedarbeidere,0.0375,3,3,0.449861
799,7,Uoppgitt faggruppe,all,5,5131,Servitører,0.026,2,1,0.572016
799,7,Uoppgitt faggruppe,all,6,5329,Andre pleiemedarbeidere,0.0258,3,2,0.278788
799,7,Uoppgitt faggruppe,all,7,3117,"Ingeniører innen petroleum, bergverk og metallurgi",0.0257,3,4,0.638681
799,7,Uoppgitt faggruppe,all,8,3119,Andre ingeniører,0.0232,3,3,0.505172
799,7,Uoppgitt faggruppe,all,9,2341,Grunnskolelærere,0.0232,3,3,0.366129
799,7,Uoppgitt faggruppe,all,10,2511,Systemanalytikere/-arkitekter,0.0227,5,5,0.341622
799,7,Uoppgitt faggruppe,recent,1,2310,Universitets- og høyskolelektorer/-lærere,0.1175,4,4,0.286836
799,7,Uoppgitt faggruppe,recent,2,5311,Barnehage- og skolefritidsassistenter mv.,0.0674,2,3,0.572124
799,7,Uoppgitt faggruppe,recent,3,9112,Renholdere i virksomheter,0.0588,1,1,0.46875
799,7,Uoppgitt faggruppe,recent,4,5223,Butikkmedarbeidere,0.0588,3,3,0.449861
799,7,Uoppgitt faggruppe,recent,5,5329,Andre pleiemedarbeidere,0.0386,3,2,0.278788
799,7,Uoppgitt faggruppe,recent,6,5131,Servitører,0.0323,2,1,0.572016
799,7,Uoppgitt faggruppe,recent,7,8160,Operatører innen næringsmiddelproduksjon,0.0276,1,1,0.278481
799,7,Uoppgitt faggruppe,recent,8,9412,Kjøkkenassistenter,0.0265,1,1,0.228
799,7,Uoppgitt faggruppe,recent,9,2341,Grunnskolelærere,0.0259,3,3,0.366129
799,7,Uoppgitt faggruppe,recent,10,5312,Skoleassistenter,0.0242,3,1,0.412884
813,8,Historisk-filosofiske utdanninger,all,1,2310,Universitets- og høyskolelektorer/-lærere,0.7963,4,4,0.286836
813,8,Historisk-filosofiske utdanninger,all,2,2422,Høyere saksbehandlere i offentlig og privat virksomhet,0.0783,5,5,0.450311
813,8,Historisk-filosofiske utdanninger,all,3,1223,Forsknings- og utviklingsledere,0.0339,4,4,0.372923
813,8,Historisk-filosofiske utdanninger,all,4,2149,Andre sivilingeniører (unntatt elektroteknologi),0.0313,5,4,0.304967
813,8,Historisk-filosofiske utdanninger,all,5,2632,"Rådgivere/forskere, samfunnsvitenskap",0.0183,4,4,0.315374
813,8,Historisk-filosofiske utdanninger,all,6,2621,Arkivarer og kuratorer,0.0157,4,5,0.415981
813,8,Historisk-filosofiske utdanninger,all,7,1345,Ledere av utdanning og undervisning,0.0104,4,4,0.368473
813,8,Historisk-filosofiske utdanninger,all,8,2633,"Rådgivere/forskere, humanistiske fag",0.0078,4,5,0.457163
813,8,Historisk-filosofiske utdanninger,all,9,1120,Administrerende direktører,0.0078,4,5,0.371125
813,8,Historisk-filosofiske utdanninger,recent,1,2310,Universitets- og høyskolelektorer/-lærere,1.0,4,4,0.286836
813,8,Historisk-filosofiske utdanninger,recent,2,2632,"Rådgivere/forskere, samfunnsvitenskap",0.0,4,4,0.315374
813,8,Historisk-filosofiske utdanninger,recent,3,2149,Andre sivilingeniører (unntatt elektroteknologi),0.0,5,4,0.304967
813,8,Historisk-filosofiske utdanninger,recent,4,2422,Høyere saksbehandlere i offentlig og privat virksomhet,0.0,5,5,0.450311
813,8,Historisk-filosofiske utdanninger,recent,5,2633,"Rådgivere/forskere, humanistiske fag",0.0,4,5,0.457163
813,8,Historisk-filosofiske utdanninger,recent,6,2621,Arkivarer og kuratorer,0.0,4,5,0.415981
813,8,Historisk-filosofiske utdanninger,recent,7,1223,Forsknings- og utviklingsledere,0.0,4,4,0.372923
813,8,Historisk-filosofiske utdanninger,recent,8,1345,Ledere av utdanning og undervisning,0.0,4,4,0.368473
813,8,Historisk-filosofiske utdanninger,recent,9,1120,Administrerende direktører,0.0,4,5,0.371125
814,8,Religionsutdanninger,all,1,2310,Universitets- og høyskolelektorer/-lærere,0.7755,4,4,0.286836
814,8,Religionsutdanninger,all,2,2636,Geistlige yrker,0.0816,3,4,0.35249
814,8,Religionsutdanninger,all,3,2422,Høyere saksbehandlere i offentlig og privat virksomhet,0.0612,5,5,0.450311
814,8,Religionsutdanninger,all,4,1345,Ledere av utdanning og undervisning,0.0204,4,4,0.368473
814,8,Religionsutdanninger,all,5,1114,Toppledere i interesseorganisasjoner,0.0153,4,5,0.392827
814,8,Religionsutdanninger,all,6,1219,Andre administrative ledere,0.0153,4,4,0.47783
814,8,Religionsutdanninger,all,7,1223,Forsknings- og utviklingsledere,0.0153,4,4,0.372923
814,8,Religionsutdanninger,all,8,2632,"Rådgivere/forskere, samfunnsvitenskap",0.0153,4,4,0.315374
814,8,Religionsutdanninger,recent,1,2310,Universitets- og høyskolelektorer/-lærere,0.8462,4,4,0.286836
814,8,Religionsutdanninger,recent,2,2422,Høyere saksbehandlere i offentlig og privat virksomhet,0.1538,5,5,0.450311
814,8,Religionsutdanninger,recent,3,2636,Geistlige yrker,0.0,3,4,0.35249
814,8,Religionsutdanninger,recent,4,1345,Ledere av utdanning og undervisning,0.0,4,4,0.368473
814,8,Religionsutdanninger,recent,5,1114,Toppledere i interesseorganisasjoner,0.0,4,5,0.392827
814,8,Religionsutdanninger,recent,6,1219,Andre administrative ledere,0.0,4,4,0.47783
814,8,Religionsutdanninger,recent,7,1223,Forsknings- og utviklingsledere,0.0,4,4,0.372923
814,8,Religionsutdanninger,recent,8,2632,"Rådgivere/forskere, samfunnsvitenskap",0.0,4,4,0.315374
815,8,"Musikk, dans og drama",all,1,2310,Universitets- og høyskolelektorer/-lærere,0.7213,4,4,0.286836
815,8,"Musikk, dans og drama",all,2,2354,Andre musikklærere,0.0738,3,3,0.223759
815,8,"Musikk, dans og drama",all,3,2652,"Dirigenter, komponister, musikere og sangere",0.0574,5,4,0.305814
815,8,"Musikk, dans og drama",all,4,2422,Høyere saksbehandlere i offentlig og privat virksomhet,0.0574,5,5,0.450311
815,8,"Musikk, dans og drama",all,5,1431,"Sports-, rekreasjons- og kultursenterledere",0.0328,4,4,0.4435
815,8,"Musikk, dans og drama",all,6,2341,Grunnskolelærere,0.0328,3,3,0.366129
815,8,"Musikk, dans og drama",all,7,2120,"Matematikere, statistikere mv.",0.0246,5,5,0.439465
815,8,"Musikk, dans og drama",recent,1,2310,Universitets- og høyskolelektorer/-lærere,0.7,4,4,0.286836
815,8,"Musikk, dans og drama",recent,2,2422,Høyere saksbehandlere i offentlig og privat virksomhet,0.15,5,5,0.450311
815,8,"Musikk, dans og drama",recent,3,2354,Andre musikklærere,0.15,3,3,0.223759
815,8,"Musikk, dans og drama",recent,4,2652,"Dirigenter, komponister, musikere og sangere",0.0,5,4,0.305814
815,8,"Musikk, dans og drama",recent,5,1431,"Sports-, rekreasjons- og kultursenterledere",0.0,4,4,0.4435
815,8,"Musikk, dans og drama",recent,6,2341,Grunnskolelærere,0.0,3,3,0.366129
815,8,"Musikk, dans og drama",recent,7,2120,"Matematikere, statistikere mv.",0.0,5,5,0.439465
819,8,"Humanistiske og estetiske fag, andre",all,1,2310,Universitets- og høyskolelektorer/-lærere,0.5904,4,4,0.286836
819,8,"Humanistiske og estetiske fag, andre",all,2,2422,Høyere saksbehandlere i offentlig og privat virksomhet,0.0828,5,5,0.450311
819,8,"Humanistiske og estetiske fag, andre",all,3,2652,"Dirigenter, komponister, musikere og sangere",0.027,5,4,0.305814
819,8,"Humanistiske og estetiske fag, andre",all,4,2330,Lektorer mv. (videregående skole),0.0251,3,3,0.280862
819,8,"Humanistiske og estetiske fag, andre",all,5,2621,Arkivarer og kuratorer,0.0221,4,5,0.415981
819,8,"Humanistiske og estetiske fag, andre",all,6,1223,Forsknings- og utviklingsledere,0.019,4,4,0.372923
819,8,"Humanistiske og estetiske fag, andre",all,7,2341,Grunnskolelærere,0.019,3,3,0.366129
819,8,"Humanistiske og estetiske fag, andre",all,8,2149,Andre sivilingeniører (unntatt elektroteknologi),0.0159,5,4,0.304967
819,8,"Humanistiske og estetiske fag, andre",all,9,2622,Bibliotekarer og andre informasjonsarbeidere,0.0123,5,4,0.433784
819,8,"Humanistiske og estetiske fag, andre",all,10,2354,Andre musikklærere,0.011,3,3,0.223759
819,8,"Humanistiske og estetiske fag, andre",recent,1,2310,Universitets- og høyskolelektorer/-lærere,0.8243,4,4,0.286836
819,8,"Humanistiske og estetiske fag, andre",recent,2,2422,Høyere saksbehandlere i offentlig og privat virksomhet,0.0878,5,5,0.450311
819,8,"Humanistiske og estetiske fag, andre",recent,3,2621,Arkivarer og kuratorer,0.0473,4,5,0.415981
819,8,"Humanistiske og estetiske fag, andre",recent,4,2622,Bibliotekarer og andre informasjonsarbeidere,0.0203,5,4,0.433784
819,8,"Humanistiske og estetiske fag, andre",recent,5,2633,"Rådgivere/forskere, humanistiske fag",0.0203,4,5,0.457163
819,8,"Humanistiske og estetiske fag, andre",recent,6,1223,Forsknings- og utviklingsledere,0.0,4,4,0.372923
819,8,"Humanistiske og estetiske fag, andre",recent,7,2149,Andre sivilingeniører (unntatt elektroteknologi),0.0,5,4,0.304967
819,8,"Humanistiske og estetiske fag, andre",recent,8,2330,Lektorer mv. (videregående skole),0.0,3,3,0.280862
819,8,"Humanistiske og estetiske fag, andre",recent,9,1219,Andre administrative ledere,0.0,4,4,0.47783
819,8,"Humanistiske og estetiske fag, andre",recent,10,1345,Ledere av utdanning og undervisning,0.0,4,4,0.368473
824,8,Utdanninger i pedagogikk,all,1,2310,Universitets- og høyskolelektorer/-lærere,0.9259,4,4,0.286836
824,8,Utdanninger i pedagogikk,all,2,2422,Høyere saksbehandlere i offentlig og privat virksomhet,0.0417,5,5,0.450311
824,8,Utdanninger i pedagogikk,all,3,1223,Forsknings- og utviklingsledere,0.0185,4,4,0.372923
824,8,Utdanninger i pedagogikk,all,4,2632,"Rådgivere/forskere, samfunnsvitenskap",0.0139,4,4,0.315374
824,8,Utdanninger i pedagogikk,recent,1,2310,Universitets- og høyskolelektorer/-lærere,0.9302,4,4,0.286836
824,8,Utdanninger i pedagogikk,recent,2,2422,Høyere saksbehandlere i offentlig og privat virksomhet,0.0698,5,5,0.450311
824,8,Utdanninger i pedagogikk,recent,3,1223,Forsknings- og utviklingsledere,0.0,4,4,0.372923
824,8,Utdanninger i pedagogikk,recent,4,2632,"Rådgivere/forskere, samfunnsvitenskap",0.0,4,4,0.315374
829,8,"Lærerutdanninger og utdanninger i pedagogikk, andre",all,1,2310,Universitets- og høyskolelektorer/-lærere,0.5664,4,4,0.286836
829,8,"Lærerutdanninger og utdanninger i pedagogikk, andre",all,2,2341,Grunnskolelærere,0.0794,3,3,0.366129
829,8,"Lærerutdanninger og utdanninger i pedagogikk, andre",all,3,5311,Barnehage- og skolefritidsassistenter mv.,0.0443,2,3,0.572124
829,8,"Lærerutdanninger og utdanninger i pedagogikk, andre",all,4,9112,Renholdere i virksomheter,0.0412,1,1,0.46875
829,8,"Lærerutdanninger og utdanninger i pedagogikk, andre",all,5,2342,Førskolelærere,0.0321,2,2,0.457528
829,8,"Lærerutdanninger og utdanninger i pedagogikk, andre",all,6,2330,Lektorer mv. (videregående skole),0.0214,3,3,0.280862
829,8,"Lærerutdanninger og utdanninger i pedagogikk, andre",all,7,2422,Høyere saksbehandlere i offentlig og privat virksomhet,0.0198,5,5,0.450311
829,8,"Lærerutdanninger og utdanninger i pedagogikk, andre",all,8,5321,Helsefagarbeidere,0.0198,1,2,0.1875
829,8,"Lærerutdanninger og utdanninger i pedagogikk, andre",all,9,5312,Skoleassistenter,0.0137,3,1,0.412884
829,8,"Lærerutdanninger og utdanninger i pedagogikk, andre",all,10,5329,Andre pleiemedarbeidere,0.0137,3,2,0.278788
829,8,"Lærerutdanninger og utdanninger i pedagogikk, andre",recent,1,2310,Universitets- og høyskolelektorer/-lærere,0.9589,4,4,0.286836
829,8,"Lærerutdanninger og utdanninger i pedagogikk, andre",recent,2,2632,"Rådgivere/forskere, samfunnsvitenskap",0.0411,4,4,0.315374
829,8,"Lærerutdanninger og utdanninger i pedagogikk, andre",recent,3,2422,Høyere saksbehandlere i offentlig og privat virksomhet,0.0,5,5,0.450311
829,8,"Lærerutdanninger og utdanninger i pedagogikk, andre",recent,4,2341,Grunnskolelærere,0.0,3,3,0.366129
829,8,"Lærerutdanninger og utdanninger i pedagogikk, andre",recent,5,2149,Andre sivilingeniører (unntatt elektroteknologi),0.0,5,4,0.304967
829,8,"Lærerutdanninger og utdanninger i pedagogikk, andre",recent,6,2352,Spesiallærere / spesialpedagoger,0.0,3,3,0.436711
829,8,"Lærerutdanninger og utdanninger i pedagogikk, andre",recent,7,5311,Barnehage- og skolefritidsassistenter mv.,0.0,2,3,0.572124
829,8,"Lærerutdanninger og utdanninger i pedagogikk, andre",recent,8,9112,Renholdere i virksomheter,0.0,1,1,0.46875
829,8,"Lærerutdanninger og utdanninger i pedagogikk, andre",recent,9,2342,Førskolelærere,0.0,2,2,0.457528
829,8,"Lærerutdanninger og utdanninger i pedagogikk, andre",recent,10,2330,Lektorer mv. (videregående skole),0.0,3,3,0.280862
831,8,Statsvitenskapelige fag,all,1,2310,Universitets- og høyskolelektorer/-lærere,0.6091,4,4,0.286836
831,8,Statsvitenskapelige fag,all,2,2422,Høyere saksbehandlere i offentlig og privat virksomhet,0.0803,5,5,0.450311
831,8,Statsvitenskapelige fag,all,3,2149,Andre sivilingeniører (unntatt elektroteknologi),0.0749,5,4,0.304967
831,8,Statsvitenskapelige fag,all,4,2632,"Rådgivere/forskere, samfunnsvitenskap",0.0489,4,4,0.315374
831,8,Statsvitenskapelige fag,all,5,1223,Forsknings- og utviklingsledere,0.0304,4,4,0.372923
831,8,Statsvitenskapelige fag,all,6,1219,Andre administrative ledere,0.0304,4,4,0.47783
831,8,Statsvitenskapelige fag,all,7,2631,"Rådgivere/forskere, samfunnsøkonomi",0.0261,5,5,0.303949
831,8,Statsvitenskapelige fag,all,8,2634,Psykologer,0.0261,4,4,0.151061
831,8,Statsvitenskapelige fag,all,9,1120,Administrerende direktører,0.0163,4,5,0.371125
831,8,Statsvitenskapelige fag,all,10,1345,Ledere av utdanning og undervisning,0.0109,4,4,0.368473
831,8,Statsvitenskapelige fag,recent,1,2310,Universitets- og høyskolelektorer/-lærere,0.6875,4,4,0.286836
831,8,Statsvitenskapelige fag,recent,2,2634,Psykologer,0.125,4,4,0.151061
831,8,Statsvitenskapelige fag,recent,3,2149,Andre sivilingeniører (unntatt elektroteknologi),0.0938,5,4,0.304967
831,8,Statsvitenskapelige fag,recent,4,2632,"Rådgivere/forskere, samfunnsvitenskap",0.0938,4,4,0.315374
831,8,Statsvitenskapelige fag,recent,5,2422,Høyere saksbehandlere i offentlig og privat virksomhet,0.0,5,5,0.450311
831,8,Statsvitenskapelige fag,recent,6,2631,"Rådgivere/forskere, samfunnsøkonomi",0.0,5,5,0.303949
831,8,Statsvitenskapelige fag,recent,7,1223,Forsknings- og utviklingsledere,0.0,4,4,0.372923
831,8,Statsvitenskapelige fag,recent,8,1219,Andre administrative ledere,0.0,4,4,0.47783
831,8,Statsvitenskapelige fag,recent,9,1120,Administrerende direktører,0.0,4,5,0.371125
831,8,Statsvitenskapelige fag,recent,10,1345,Ledere av utdanning og undervisning,0.0,4,4,0.368473
836,8,Psykologiske fag,all,1,2310,Universitets- og høyskolelektorer/-lærere,0.5569,4,4,0.286836
836,8,Psykologiske fag,all,2,2634,Psykologer,0.1809,4,4,0.151061
836,8,Psykologiske fag,all,3,2149,Andre sivilingeniører (unntatt elektroteknologi),0.0772,5,4,0.304967
836,8,Psykologiske fag,all,4,2422,Høyere saksbehandlere i offentlig og privat virksomhet,0.0508,5,5,0.450311
836,8,Psykologiske fag,all,5,1223,Forsknings- og utviklingsledere,0.0264,4,4,0.372923
836,8,Psykologiske fag,all,6,2212,Legespesialister,0.0224,4,3,0.179852
836,8,Psykologiske fag,all,7,1219,Andre administrative ledere,0.0142,4,4,0.47783
836,8,Psykologiske fag,all,8,1342,Ledere av helsetjenester,0.0142,4,4,0.476886
836,8,Psykologiske fag,all,9,2632,"Rådgivere/forskere, samfunnsvitenskap",0.0122,4,4,0.315374
836,8,Psykologiske fag,all,10,1120,Administrerende direktører,0.0081,4,5,0.371125
836,8,Psykologiske fag,recent,1,2310,Universitets- og høyskolelektorer/-lærere,0.6809,4,4,0.286836
836,8,Psykologiske fag,recent,2,2634,Psykologer,0.2128,4,4,0.151061
836,8,Psykologiske fag,recent,3,2149,Andre sivilingeniører (unntatt elektroteknologi),0.1064,5,4,0.304967
836,8,Psykologiske fag,recent,4,2422,Høyere saksbehandlere i offentlig og privat virksomhet,0.0,5,5,0.450311
836,8,Psykologiske fag,recent,5,2212,Legespesialister,0.0,4,3,0.179852
836,8,Psykologiske fag,recent,6,1223,Forsknings- og utviklingsledere,0.0,4,4,0.372923
836,8,Psykologiske fag,recent,7,1219,Andre administrative ledere,0.0,4,4,0.47783
836,8,Psykologiske fag,recent,8,1342,Ledere av helsetjenester,0.0,4,4,0.476886
836,8,Psykologiske fag,recent,9,2632,"Rådgivere/forskere, samfunnsvitenskap",0.0,4,4,0.315374
836,8,Psykologiske fag,recent,10,1120,Administrerende direktører,0.0,4,5,0.371125
837,8,Juridiske fag,all,1,2310,Universitets- og høyskolelektorer/-lærere,0.7064,4,4,0.286836
837,8,Juridiske fag,all,2,2611,Jurister og advokater,0.1162,4,5,0.262006
837,8,Juridiske fag,all,3,2422,Høyere saksbehandlere i offentlig og privat virksomhet,0.0642,5,5,0.450311
837,8,Juridiske fag,all,4,2612,Dommere,0.052,4,4,0.518849
837,8,Juridiske fag,all,5,2149,Andre sivilingeniører (unntatt elektroteknologi),0.0153,5,4,0.304967
837,8,Juridiske fag,all,6,1223,Forsknings- og utviklingsledere,0.0092,4,4,0.372923
837,8,Juridiske fag,all,7,1219,Andre administrative ledere,0.0092,4,4,0.47783
837,8,Juridiske fag,all,8,2423,Personal- og karriererådgivere,0.0092,4,5,0.557621
837,8,Juridiske fag,all,9,2511,Systemanalytikere/-arkitekter,0.0092,5,5,0.341622
837,8,Juridiske fag,all,10,9112,Renholdere i virksomheter,0.0092,1,1,0.46875
837,8,Juridiske fag,recent,1,2310,Universitets- og høyskolelektorer/-lærere,0.7308,4,4,0.286836
837,8,Juridiske fag,recent,2,2611,Jurister og advokater,0.1346,4,5,0.262006
837,8,Juridiske fag,recent,3,2422,Høyere saksbehandlere i offentlig og privat virksomhet,0.1346,5,5,0.450311
837,8,Juridiske fag,recent,4,2612,Dommere,0.0,4,4,0.518849
837,8,Juridiske fag,recent,5,1223,Forsknings- og utviklingsledere,0.0,4,4,0.372923
837,8,Juridiske fag,recent,6,2149,Andre sivilingeniører (unntatt elektroteknologi),0.0,5,4,0.304967
837,8,Juridiske fag,recent,7,1219,Andre administrative ledere,0.0,4,4,0.47783
837,8,Juridiske fag,recent,8,2423,Personal- og karriererådgivere,0.0,4,5,0.557621
837,8,Juridiske fag,recent,9,2511,Systemanalytikere/-arkitekter,0.0,5,5,0.341622
837,8,Juridiske fag,recent,10,9112,Renholdere i virksomheter,0.0,1,1,0.46875
839,8,"Samfunnsfag og juridiske fag, andre",all,1,2310,Universitets- og høyskolelektorer/-lærere,0.4729,4,4,0.286836
839,8,"Samfunnsfag og juridiske fag, andre",all,2,2422,Høyere saksbehandlere i offentlig og privat virksomhet,0.0953,5,5,0.450311
839,8,"Samfunnsfag og juridiske fag, andre",all,3,2149,Andre sivilingeniører (unntatt elektroteknologi),0.0787,5,4,0.304967
839,8,"Samfunnsfag og juridiske fag, andre",all,4,2634,Psykologer,0.049,4,4,0.151061
839,8,"Samfunnsfag og juridiske fag, andre",all,5,2632,"Rådgivere/forskere, samfunnsvitenskap",0.042,4,4,0.315374
839,8,"Samfunnsfag og juridiske fag, andre",all,6,2631,"Rådgivere/forskere, samfunnsøkonomi",0.0201,5,5,0.303949
839,8,"Samfunnsfag og juridiske fag, andre",all,7,2413,Finansanalytikere,0.0166,4,5,0.393998
839,8,"Samfunnsfag og juridiske fag, andre",all,8,2611,Jurister og advokater,0.014,4,5,0.262006
839,8,"Samfunnsfag og juridiske fag, andre",all,9,5311,Barnehage- og skolefritidsassistenter mv.,0.0131,2,3,0.572124
839,8,"Samfunnsfag og juridiske fag, andre",all,10,1223,Forsknings- og utviklingsledere,0.0131,4,4,0.372923
839,8,"Samfunnsfag og juridiske fag, andre",recent,1,2310,Universitets- og høyskolelektorer/-lærere,0.565,4,4,0.286836
839,8,"Samfunnsfag og juridiske fag, andre",recent,2,2149,Andre sivilingeniører (unntatt elektroteknologi),0.0976,5,4,0.304967
839,8,"Samfunnsfag og juridiske fag, andre",recent,3,2422,Høyere saksbehandlere i offentlig og privat virksomhet,0.0976,5,5,0.450311
839,8,"Samfunnsfag og juridiske fag, andre",recent,4,2634,Psykologer,0.0732,4,4,0.151061
839,8,"Samfunnsfag og juridiske fag, andre",recent,5,2632,"Rådgivere/forskere, samfunnsvitenskap",0.0447,4,4,0.315374
839,8,"Samfunnsfag og juridiske fag, andre",recent,6,2631,"Rådgivere/forskere, samfunnsøkonomi",0.0447,5,5,0.303949
839,8,"Samfunnsfag og juridiske fag, andre",recent,7,2120,"Matematikere, statistikere mv.",0.0244,5,5,0.439465
839,8,"Samfunnsfag og juridiske fag, andre",recent,8,2212,Legespesialister,0.0203,4,3,0.179852
839,8,"Samfunnsfag og juridiske fag, andre",recent,9,1223,Forsknings- og utviklingsledere,0.0163,4,4,0.372923
839,8,"Samfunnsfag og juridiske fag, andre",recent,10,2413,Finansanalytikere,0.0163,4,5,0.393998
841,8,Økonomisk-administrative fag,all,1,2310,Universitets- og høyskolelektorer/-lærere,0.7909,4,4,0.286836
841,8,Økonomisk-administrative fag,all,2,2422,Høyere saksbehandlere i offentlig og privat virksomhet,0.1273,5,5,0.450311
841,8,Økonomisk-administrative fag,all,3,2149,Andre sivilingeniører (unntatt elektroteknologi),0.0545,5,4,0.304967
841,8,Økonomisk-administrative fag,all,4,2511,Systemanalytikere/-arkitekter,0.0273,5,5,0.341622
841,8,Økonomisk-administrative fag,recent,1,2310,Universitets- og høyskolelektorer/-lærere,0.8929,4,4,0.286836
841,8,Økonomisk-administrative fag,recent,2,2422,Høyere saksbehandlere i offentlig og privat virksomhet,0.1071,5,5,0.450311
841,8,Økonomisk-administrative fag,recent,3,2149,Andre sivilingeniører (unntatt elektroteknologi),0.0,5,4,0.304967
841,8,Økonomisk-administrative fag,recent,4,2511,Systemanalytikere/-arkitekter,0.0,5,5,0.341622
849,8,"Økonomiske og administrative fag, andre",all,1,2310,Universitets- og høyskolelektorer/-lærere,0.3492,4,4,0.286836
849,8,"Økonomiske og administrative fag, andre",all,2,2422,Høyere saksbehandlere i offentlig og privat virksomhet,0.0648,5,5,0.450311
849,8,"Økonomiske og administrative fag, andre",all,3,9112,Renholdere i virksomheter,0.0303,1,1,0.46875
849,8,"Økonomiske og administrative fag, andre",all,4,1120,Administrerende direktører,0.0285,4,5,0.371125
849,8,"Økonomiske og administrative fag, andre",all,5,2413,Finansanalytikere,0.0242,4,5,0.393998
849,8,"Økonomiske og administrative fag, andre",all,6,4110,Kontormedarbeidere,0.0233,5,5,0.670689
849,8,"Økonomiske og administrative fag, andre",all,7,2149,Andre sivilingeniører (unntatt elektroteknologi),0.0225,5,4,0.304967
849,8,"Økonomiske og administrative fag, andre",all,8,3313,Regnskapsførere,0.0207,5,5,0.535417
849,8,"Økonomiske og administrative fag, andre",all,9,2631,"Rådgivere/forskere, samfunnsøkonomi",0.0207,5,5,0.303949
849,8,"Økonomiske og administrative fag, andre",all,10,1219,Andre administrative ledere,0.0199,4,4,0.47783
849,8,"Økonomiske og administrative fag, andre",recent,1,2310,Universitets- og høyskolelektorer/-lærere,0.8113,4,4,0.286836
849,8,"Økonomiske og administrative fag, andre",recent,2,2631,"Rådgivere/forskere, samfunnsøkonomi",0.1321,5,5,0.303949
849,8,"Økonomiske og administrative fag, andre",recent,3,2422,Høyere saksbehandlere i offentlig og privat virksomhet,0.0566,5,5,0.450311
849,8,"Økonomiske og administrative fag, andre",recent,4,9112,Renholdere i virksomheter,0.0,1,1,0.46875
849,8,"Økonomiske og administrative fag, andre",recent,5,4110,Kontormedarbeidere,0.0,5,5,0.670689
849,8,"Økonomiske og administrative fag, andre",recent,6,5311,Barnehage- og skolefritidsassistenter mv.,0.0,2,3,0.572124
849,8,"Økonomiske og administrative fag, andre",recent,7,3313,Regnskapsførere,0.0,5,5,0.535417
849,8,"Økonomiske og administrative fag, andre",recent,8,1120,Administrerende direktører,0.0,4,5,0.371125
849,8,"Økonomiske og administrative fag, andre",recent,9,2413,Finansanalytikere,0.0,4,5,0.393998
849,8,"Økonomiske og administrative fag, andre",recent,10,5223,Butikkmedarbeidere,0.0,3,3,0.449861
851,8,Biologiske fag,all,1,2310,Universitets- og høyskolelektorer/-lærere,0.3356,4,4,0.286836
851,8,Biologiske fag,all,2,2149,Andre sivilingeniører (unntatt elektroteknologi),0.245,5,4,0.304967
851,8,Biologiske fag,all,3,2422,Høyere saksbehandlere i offentlig og privat virksomhet,0.1174,5,5,0.450311
851,8,Biologiske fag,all,4,2131,"Biologer, botanikere, zoologer mv.",0.0906,4,4,0.255362
851,8,Biologiske fag,all,5,2142,Sivilingeniører (bygg og anlegg),0.0369,4,4,0.0
851,8,Biologiske fag,all,6,1223,Forsknings- og utviklingsledere,0.0201,4,4,0.372923
851,8,Biologiske fag,all,7,2146,"Sivilingeniører (geofag, petro-leumsteknologi, metallurgi mv.)",0.0201,4,4,0.445725
851,8,Biologiske fag,all,8,3212,Bioingeniører,0.0201,3,3,0.357619
851,8,Biologiske fag,all,9,3142,Agroteknikere,0.0168,4,4,0.777467
851,8,Biologiske fag,all,10,2133,Miljøvernrådgivere,0.0168,4,5,0.4886
851,8,Biologiske fag,recent,1,2310,Universitets- og høyskolelektorer/-lærere,0.4902,4,4,0.286836
851,8,Biologiske fag,recent,2,2149,Andre sivilingeniører (unntatt elektroteknologi),0.2549,5,4,0.304967
851,8,Biologiske fag,recent,3,2422,Høyere saksbehandlere i offentlig og privat virksomhet,0.1176,5,5,0.450311
851,8,Biologiske fag,recent,4,2142,Sivilingeniører (bygg og anlegg),0.0784,4,4,0.0
851,8,Biologiske fag,recent,5,2131,"Biologer, botanikere, zoologer mv.",0.0588,4,4,0.255362
851,8,Biologiske fag,recent,6,2114,Geologer og geofysikere,0.0,4,4,0.451302
851,8,Biologiske fag,recent,7,1223,Forsknings- og utviklingsledere,0.0,4,4,0.372923
851,8,Biologiske fag,recent,8,3142,Agroteknikere,0.0,4,4,0.777467
851,8,Biologiske fag,recent,9,2133,Miljøvernrådgivere,0.0,4,5,0.4886
851,8,Biologiske fag,recent,10,2413,Finansanalytikere,0.0,4,5,0.393998
852,8,Fysiske og kjemiske fag,all,1,2149,Andre sivilingeniører (unntatt elektroteknologi),0.1685,5,4,0.304967
852,8,Fysiske og kjemiske fag,all,2,2310,Universitets- og høyskolelektorer/-lærere,0.1663,4,4,0.286836
852,8,Fysiske og kjemiske fag,all,3,2146,"Sivilingeniører (geofag, petro-leumsteknologi, metallurgi mv.)",0.162,4,4,0.445725
852,8,Fysiske og kjemiske fag,all,4,2113,Kjemikere,0.0778,4,4,0.352294
852,8,Fysiske og kjemiske fag,all,5,3119,Andre ingeniører,0.0605,3,3,0.505172
852,8,Fysiske og kjemiske fag,all,6,2422,Høyere saksbehandlere i offentlig og privat virksomhet,0.0583,5,5,0.450311
852,8,Fysiske og kjemiske fag,all,7,2131,"Biologer, botanikere, zoologer mv.",0.0497,4,4,0.255362
852,8,Fysiske og kjemiske fag,all,8,2511,Systemanalytikere/-arkitekter,0.0367,5,5,0.341622
852,8,Fysiske og kjemiske fag,all,9,3116,Kjemiingeniører,0.0367,3,3,0.430472
852,8,Fysiske og kjemiske fag,all,10,2114,Geologer og geofysikere,0.0367,4,4,0.451302
852,8,Fysiske og kjemiske fag,recent,1,2146,"Sivilingeniører (geofag, petro-leumsteknologi, metallurgi mv.)",0.1957,4,4,0.445725
852,8,Fysiske og kjemiske fag,recent,2,2149,Andre sivilingeniører (unntatt elektroteknologi),0.1739,5,4,0.304967
852,8,Fysiske og kjemiske fag,recent,3,2310,Universitets- og høyskolelektorer/-lærere,0.1304,4,4,0.286836
852,8,Fysiske og kjemiske fag,recent,4,2113,Kjemikere,0.1304,4,4,0.352294
852,8,Fysiske og kjemiske fag,recent,5,3116,Kjemiingeniører,0.1304,3,3,0.430472
852,8,Fysiske og kjemiske fag,recent,6,2131,"Biologer, botanikere, zoologer mv.",0.1087,4,4,0.255362
852,8,Fysiske og kjemiske fag,recent,7,2511,Systemanalytikere/-arkitekter,0.0652,5,5,0.341622
852,8,Fysiske og kjemiske fag,recent,8,2114,Geologer og geofysikere,0.0652,4,4,0.451302
852,8,Fysiske og kjemiske fag,recent,9,2111,Fysikere og astronomer,0.0,5,5,0.489454
852,8,Fysiske og kjemiske fag,recent,10,2422,Høyere saksbehandlere i offentlig og privat virksomhet,0.0,5,5,0.450311
853,8,Matematikk og statistikk,all,1,2310,Universitets- og høyskolelektorer/-lærere,0.4722,4,4,0.286836
853,8,Matematikk og statistikk,all,2,2120,"Matematikere, statistikere mv.",0.1481,5,5,0.439465
853,8,Matematikk og statistikk,all,3,2511,Systemanalytikere/-arkitekter,0.1389,5,5,0.341622
853,8,Matematikk og statistikk,all,4,2149,Andre sivilingeniører (unntatt elektroteknologi),0.0926,5,4,0.304967
853,8,Matematikk og statistikk,all,5,3321,Forsikringsagenter,0.0648,5,4,0.3102
853,8,Matematikk og statistikk,all,6,2152,Sivilingeniører (elektronikk),0.0278,5,4,0.390269
853,8,Matematikk og statistikk,all,7,2413,Finansanalytikere,0.0278,4,5,0.393998
853,8,Matematikk og statistikk,all,8,2512,Programvareutviklere,0.0278,5,5,0.655007
853,8,Matematikk og statistikk,recent,1,2310,Universitets- og høyskolelektorer/-lærere,0.5385,4,4,0.286836
853,8,Matematikk og statistikk,recent,2,2120,"Matematikere, statistikere mv.",0.4615,5,5,0.439465
853,8,Matematikk og statistikk,recent,3,2511,Systemanalytikere/-arkitekter,0.0,5,5,0.341622
853,8,Matematikk og statistikk,recent,4,2149,Andre sivilingeniører (unntatt elektroteknologi),0.0,5,4,0.304967
853,8,Matematikk og statistikk,recent,5,3321,Forsikringsagenter,0.0,5,4,0.3102
853,8,Matematikk og statistikk,recent,6,2152,Sivilingeniører (elektronikk),0.0,5,4,0.390269
853,8,Matematikk og statistikk,recent,7,2413,Finansanalytikere,0.0,4,5,0.393998
853,8,Matematikk og statistikk,recent,8,2512,Programvareutviklere,0.0,5,5,0.655007
854,8,Informasjons- og datateknologi,all,1,2310,Universitets- og høyskolelektorer/-lærere,0.3694,4,4,0.286836
854,8,Informasjons- og datateknologi,all,2,2511,Systemanalytikere/-arkitekter,0.1592,5,5,0.341622
854,8,Informasjons- og datateknologi,all,3,2519,Andre programvare- og applikasjonsutviklere,0.1019,5,5,0.503293
854,8,Informasjons- og datateknologi,all,4,2149,Andre sivilingeniører (unntatt elektroteknologi),0.0955,5,4,0.304967
854,8,Informasjons- og datateknologi,all,5,2512,Programvareutviklere,0.0701,5,5,0.655007
854,8,Informasjons- og datateknologi,all,6,3511,"Driftsteknikere, IKT",0.0446,5,5,0.53735
854,8,Informasjons- og datateknologi,all,7,2153,Sivilingeniører (telekommunikasjon),0.0255,5,5,0.415138
854,8,Informasjons- og datateknologi,all,8,2120,"Matematikere, statistikere mv.",0.0191,5,5,0.439465
854,8,Informasjons- og datateknologi,all,9,2151,Sivilingeniører (elkraftteknikk),0.0191,5,4,0.33452
854,8,Informasjons- og datateknologi,all,10,2421,Organisasjonsrådgivere mv.,0.0191,4,5,0.423703
854,8,Informasjons- og datateknologi,recent,1,2310,Universitets- og høyskolelektorer/-lærere,0.7,4,4,0.286836
854,8,Informasjons- og datateknologi,recent,2,2519,Andre programvare- og applikasjonsutviklere,0.3,5,5,0.503293
854,8,Informasjons- og datateknologi,recent,3,2511,Systemanalytikere/-arkitekter,0.0,5,5,0.341622
854,8,Informasjons- og datateknologi,recent,4,2149,Andre sivilingeniører (unntatt elektroteknologi),0.0,5,4,0.304967
854,8,Informasjons- og datateknologi,recent,5,2512,Programvareutviklere,0.0,5,5,0.655007
854,8,Informasjons- og datateknologi,recent,6,3511,"Driftsteknikere, IKT",0.0,5,5,0.53735
854,8,Informasjons- og datateknologi,recent,7,2153,Sivilingeniører (telekommunikasjon),0.0,5,5,0.415138
854,8,Informasjons- og datateknologi,recent,8,2120,"Matematikere, statistikere mv.",0.0,5,5,0.439465
854,8,Informasjons- og datateknologi,recent,9,2151,Sivilingeniører (elkraftteknikk),0.0,5,4,0.33452
854,8,Informasjons- og datateknologi,recent,10,2421,Organisasjonsrådgivere mv.,0.0,4,5,0.423703
855,8,"Utdanninger i elektrofag, mekaniske fag og maskinfag",all,1,2310,Universitets- og høyskolelektorer/-lærere,0.2171,4,4,0.286836
855,8,"Utdanninger i elektrofag, mekaniske fag og maskinfag",all,2,2149,Andre sivilingeniører (unntatt elektroteknologi),0.2068,5,4,0.304967
855,8,"Utdanninger i elektrofag, mekaniske fag og maskinfag",all,3,2146,"Sivilingeniører (geofag, petro-leumsteknologi, metallurgi mv.)",0.0751,4,4,0.445725
855,8,"Utdanninger i elektrofag, mekaniske fag og maskinfag",all,4,3119,Andre ingeniører,0.0576,3,3,0.505172
855,8,"Utdanninger i elektrofag, mekaniske fag og maskinfag",all,5,2152,Sivilingeniører (elektronikk),0.0504,5,4,0.390269
855,8,"Utdanninger i elektrofag, mekaniske fag og maskinfag",all,6,2142,Sivilingeniører (bygg og anlegg),0.0484,4,4,0.0
855,8,"Utdanninger i elektrofag, mekaniske fag og maskinfag",all,7,2511,Systemanalytikere/-arkitekter,0.0442,5,5,0.341622
855,8,"Utdanninger i elektrofag, mekaniske fag og maskinfag",all,8,2144,Sivilingeniører (maskin- og marin-teknikk),0.0412,4,4,0.421638
855,8,"Utdanninger i elektrofag, mekaniske fag og maskinfag",all,9,3114,Elektronikkingeniører,0.0319,4,4,0.347287
855,8,"Utdanninger i elektrofag, mekaniske fag og maskinfag",all,10,3117,"Ingeniører innen petroleum, bergverk og metallurgi",0.0298,3,4,0.638681
855,8,"Utdanninger i elektrofag, mekaniske fag og maskinfag",recent,1,2149,Andre sivilingeniører (unntatt elektroteknologi),0.377,5,4,0.304967
855,8,"Utdanninger i elektrofag, mekaniske fag og maskinfag",recent,2,2310,Universitets- og høyskolelektorer/-lærere,0.2131,4,4,0.286836
855,8,"Utdanninger i elektrofag, mekaniske fag og maskinfag",recent,3,2142,Sivilingeniører (bygg og anlegg),0.0984,4,4,0.0
855,8,"Utdanninger i elektrofag, mekaniske fag og maskinfag",recent,4,2146,"Sivilingeniører (geofag, petro-leumsteknologi, metallurgi mv.)",0.082,4,4,0.445725
855,8,"Utdanninger i elektrofag, mekaniske fag og maskinfag",recent,5,3114,Elektronikkingeniører,0.0738,4,4,0.347287
855,8,"Utdanninger i elektrofag, mekaniske fag og maskinfag",recent,6,3119,Andre ingeniører,0.0574,3,3,0.505172
855,8,"Utdanninger i elektrofag, mekaniske fag og maskinfag",recent,7,2144,Sivilingeniører (maskin- og marin-teknikk),0.041,4,4,0.421638
855,8,"Utdanninger i elektrofag, mekaniske fag og maskinfag",recent,8,3511,"Driftsteknikere, IKT",0.0328,5,5,0.53735
855,8,"Utdanninger i elektrofag, mekaniske fag og maskinfag",recent,9,2511,Systemanalytikere/-arkitekter,0.0246,5,5,0.341622
855,8,"Utdanninger i elektrofag, mekaniske fag og maskinfag",recent,10,2152,Sivilingeniører (elektronikk),0.0,5,4,0.390269
857,8,Bygg- og anleggsfag,all,1,2310,Universitets- og høyskolelektorer/-lærere,0.3875,4,4,0.286836
857,8,Bygg- og anleggsfag,all,2,2142,Sivilingeniører (bygg og anlegg),0.1917,4,4,0.0
857,8,Bygg- og anleggsfag,all,3,2149,Andre sivilingeniører (unntatt elektroteknologi),0.1208,5,4,0.304967
857,8,Bygg- og anleggsfag,all,4,2161,Sivilarkitekter,0.0667,4,5,0.440769
857,8,Bygg- og anleggsfag,all,5,2422,Høyere saksbehandlere i offentlig og privat virksomhet,0.0375,5,5,0.450311
857,8,Bygg- og anleggsfag,all,6,3119,Andre ingeniører,0.0292,3,3,0.505172
857,8,Bygg- og anleggsfag,all,7,2144,Sivilingeniører (maskin- og marin-teknikk),0.025,4,4,0.421638
857,8,Bygg- og anleggsfag,all,8,2146,"Sivilingeniører (geofag, petro-leumsteknologi, metallurgi mv.)",0.0208,4,4,0.445725
857,8,Bygg- og anleggsfag,all,9,1219,Andre administrative ledere,0.0208,4,4,0.47783
857,8,Bygg- og anleggsfag,all,10,3112,Bygningsingeniører,0.0167,4,4,0.301375
857,8,Bygg- og anleggsfag,recent,1,2310,Universitets- og høyskolelektorer/-lærere,0.3,4,4,0.286836
857,8,Bygg- og anleggsfag,recent,2,2142,Sivilingeniører (bygg og anlegg),0.2333,4,4,0.0
857,8,Bygg- og anleggsfag,recent,3,2149,Andre sivilingeniører (unntatt elektroteknologi),0.2,5,4,0.304967
857,8,Bygg- og anleggsfag,recent,4,2161,Sivilarkitekter,0.1667,4,5,0.440769
857,8,Bygg- og anleggsfag,recent,5,2146,"Sivilingeniører (geofag, petro-leumsteknologi, metallurgi mv.)",0.1,4,4,0.445725
857,8,Bygg- og anleggsfag,recent,6,3112,Bygningsingeniører,0.0,4,4,0.301375
857,8,Bygg- og anleggsfag,recent,7,1323,Ledere av bygge- og anleggsvirksomhet,0.0,4,3,0.344482
857,8,Bygg- og anleggsfag,recent,8,3119,Andre ingeniører,0.0,3,3,0.505172
857,8,Bygg- og anleggsfag,recent,9,2144,Sivilingeniører (maskin- og marin-teknikk),0.0,4,4,0.421638
857,8,Bygg- og anleggsfag,recent,10,2422,Høyere saksbehandlere i offentlig og privat virksomhet,0.0,5,5,0.450311
859,8,"Naturvitenskapelige fag, håndverksfag og tekniske fag, andre",all,1,2310,Universitets- og høyskolelektorer/-lærere,0.2396,4,4,0.286836
859,8,"Naturvitenskapelige fag, håndverksfag og tekniske fag, andre",all,2,2149,Andre sivilingeniører (unntatt elektroteknologi),0.1119,5,4,0.304967
859,8,"Naturvitenskapelige fag, håndverksfag og tekniske fag, andre",all,3,2146,"Sivilingeniører (geofag, petro-leumsteknologi, metallurgi mv.)",0.0546,4,4,0.445725
859,8,"Naturvitenskapelige fag, håndverksfag og tekniske fag, andre",all,4,2422,Høyere saksbehandlere i offentlig og privat virksomhet,0.0434,5,5,0.450311
859,8,"Naturvitenskapelige fag, håndverksfag og tekniske fag, andre",all,5,2131,"Biologer, botanikere, zoologer mv.",0.0367,4,4,0.255362
859,8,"Naturvitenskapelige fag, håndverksfag og tekniske fag, andre",all,6,2511,Systemanalytikere/-arkitekter,0.0355,5,5,0.341622
859,8,"Naturvitenskapelige fag, håndverksfag og tekniske fag, andre",all,7,2114,Geologer og geofysikere,0.0346,4,4,0.451302
859,8,"Naturvitenskapelige fag, håndverksfag og tekniske fag, andre",all,8,1223,Forsknings- og utviklingsledere,0.0254,4,4,0.372923
859,8,"Naturvitenskapelige fag, håndverksfag og tekniske fag, andre",all,9,3119,Andre ingeniører,0.0241,3,3,0.505172
859,8,"Naturvitenskapelige fag, håndverksfag og tekniske fag, andre",all,10,2142,Sivilingeniører (bygg og anlegg),0.0227,4,4,0.0
859,8,"Naturvitenskapelige fag, håndverksfag og tekniske fag, andre",recent,1,2310,Universitets- og høyskolelektorer/-lærere,0.3052,4,4,0.286836
859,8,"Naturvitenskapelige fag, håndverksfag og tekniske fag, andre",recent,2,2149,Andre sivilingeniører (unntatt elektroteknologi),0.1705,5,4,0.304967
859,8,"Naturvitenskapelige fag, håndverksfag og tekniske fag, andre",recent,3,2511,Systemanalytikere/-arkitekter,0.0602,5,5,0.341622
859,8,"Naturvitenskapelige fag, håndverksfag og tekniske fag, andre",recent,4,2422,Høyere saksbehandlere i offentlig og privat virksomhet,0.043,5,5,0.450311
859,8,"Naturvitenskapelige fag, håndverksfag og tekniske fag, andre",recent,5,2519,Andre programvare- og applikasjonsutviklere,0.0344,5,5,0.503293
859,8,"Naturvitenskapelige fag, håndverksfag og tekniske fag, andre",recent,6,2131,"Biologer, botanikere, zoologer mv.",0.033,4,4,0.255362
859,8,"Naturvitenskapelige fag, håndverksfag og tekniske fag, andre",recent,7,2146,"Sivilingeniører (geofag, petro-leumsteknologi, metallurgi mv.)",0.033,4,4,0.445725
859,8,"Naturvitenskapelige fag, håndverksfag og tekniske fag, andre",recent,8,2114,Geologer og geofysikere,0.0244,4,4,0.451302
859,8,"Naturvitenskapelige fag, håndverksfag og tekniske fag, andre",recent,9,2142,Sivilingeniører (bygg og anlegg),0.0244,4,4,0.0
859,8,"Naturvitenskapelige fag, håndverksfag og tekniske fag, andre",recent,10,3511,"Driftsteknikere, IKT",0.0201,5,5,0.53735
863,8,Medisin,all,1,2212,Legespesialister,0.4143,4,3,0.179852
863,8,Medisin,all,2,2310,Universitets- og høyskolelektorer/-lærere,0.1785,4,4,0.286836
863,8,Medisin,all,3,1342,Ledere av helsetjenester,0.0735,4,4,0.476886
863,8,Medisin,all,4,2422,Høyere saksbehandlere i offentlig og privat virksomhet,0.0529,5,5,0.450311
863,8,Medisin,all,5,2211,Allmennpraktiserende leger,0.0501,4,3,0.254981
863,8,Medisin,all,6,2149,Andre sivilingeniører (unntatt elektroteknologi),0.0466,5,4,0.304967
863,8,Medisin,all,7,1223,Forsknings- og utviklingsledere,0.0143,4,4,0.372923
863,8,Medisin,all,8,3212,Bioingeniører,0.0139,3,3,0.357619
863,8,Medisin,all,9,1120,Administrerende direktører,0.0129,4,5,0.371125
863,8,Medisin,all,10,2131,"Biologer, botanikere, zoologer mv.",0.0109,4,4,0.255362
863,8,Medisin,recent,1,2212,Legespesialister,0.4855,4,3,0.179852
863,8,Medisin,recent,2,2310,Universitets- og høyskolelektorer/-lærere,0.198,4,4,0.286836
863,8,Medisin,recent,3,2422,Høyere saksbehandlere i offentlig og privat virksomhet,0.0604,5,5,0.450311
863,8,Medisin,recent,4,1342,Ledere av helsetjenester,0.0436,4,4,0.476886
863,8,Medisin,recent,5,2211,Allmennpraktiserende leger,0.0436,4,3,0.254981
863,8,Medisin,recent,6,2149,Andre sivilingeniører (unntatt elektroteknologi),0.0391,5,4,0.304967
863,8,Medisin,recent,7,3212,Bioingeniører,0.0157,3,3,0.357619
863,8,Medisin,recent,8,2131,"Biologer, botanikere, zoologer mv.",0.0134,4,4,0.255362
863,8,Medisin,recent,9,2264,Fysioterapeuter,0.0112,2,3,0.274177
863,8,Medisin,recent,10,2634,Psykologer,0.0101,4,4,0.151061
864,8,Tannhelsefag,all,1,2310,Universitets- og høyskolelektorer/-lærere,0.469,4,4,0.286836
864,8,Tannhelsefag,all,2,2261,Tannleger,0.4071,2,2,0.591592
864,8,Tannhelsefag,all,3,2149,Andre sivilingeniører (unntatt elektroteknologi),0.0531,5,4,0.304967
864,8,Tannhelsefag,all,4,2422,Høyere saksbehandlere i offentlig og privat virksomhet,0.0442,5,5,0.450311
864,8,Tannhelsefag,all,5,5329,Andre pleiemedarbeidere,0.0265,3,2,0.278788
864,8,Tannhelsefag,recent,1,2261,Tannleger,1.0,2,2,0.591592
864,8,Tannhelsefag,recent,2,2310,Universitets- og høyskolelektorer/-lærere,0.0,4,4,0.286836
864,8,Tannhelsefag,recent,3,2149,Andre sivilingeniører (unntatt elektroteknologi),0.0,5,4,0.304967
864,8,Tannhelsefag,recent,4,2422,Høyere saksbehandlere i offentlig og privat virksomhet,0.0,5,5,0.450311
864,8,Tannhelsefag,recent,5,5329,Andre pleiemedarbeidere,0.0,3,2,0.278788
867,8,Veterinærfag,all,1,2310,Universitets- og høyskolelektorer/-lærere,0.2893,4,4,0.286836
867,8,Veterinærfag,all,2,2250,Veterinærer,0.2233,3,2,0.386598
867,8,Veterinærfag,all,3,2131,"Biologer, botanikere, zoologer mv.",0.1038,4,4,0.255362
867,8,Veterinærfag,all,4,2422,Høyere saksbehandlere i offentlig og privat virksomhet,0.0849,5,5,0.450311
867,8,Veterinærfag,all,5,2149,Andre sivilingeniører (unntatt elektroteknologi),0.0849,5,4,0.304967
867,8,Veterinærfag,all,6,1223,Forsknings- og utviklingsledere,0.0472,4,4,0.372923
867,8,Veterinærfag,all,7,1213,Strategi- og planleggingssjefer,0.0252,4,4,0.4435
867,8,Veterinærfag,all,8,2212,Legespesialister,0.022,4,3,0.179852
867,8,Veterinærfag,all,9,1321,Ledere av industriproduksjon mv.,0.022,4,4,0.0
867,8,Veterinærfag,all,10,2113,Kjemikere,0.0189,4,4,0.352294
867,8,Veterinærfag,recent,1,2310,Universitets- og høyskolelektorer/-lærere,0.3333,4,4,0.286836
867,8,Veterinærfag,recent,2,2250,Veterinærer,0.3333,3,2,0.386598
867,8,Veterinærfag,recent,3,2149,Andre sivilingeniører (unntatt elektroteknologi),0.2222,5,4,0.304967
867,8,Veterinærfag,recent,4,2131,"Biologer, botanikere, zoologer mv.",0.1111,4,4,0.255362
867,8,Veterinærfag,recent,5,2422,Høyere saksbehandlere i offentlig og privat virksomhet,0.0,5,5,0.450311
867,8,Veterinærfag,recent,6,1223,Forsknings- og utviklingsledere,0.0,4,4,0.372923
867,8,Veterinærfag,recent,7,2212,Legespesialister,0.0,4,3,0.179852
867,8,Veterinærfag,recent,8,1213,Strategi- og planleggingssjefer,0.0,4,4,0.4435
867,8,Veterinærfag,recent,9,1219,Andre administrative ledere,0.0,4,4,0.47783
867,8,Veterinærfag,recent,10,1321,Ledere av industriproduksjon mv.,0.0,4,4,0.0
868,8,Idrettsfag,all,1,2310,Universitets- og høyskolelektorer/-lærere,0.7168,4,4,0.286836
868,8,Idrettsfag,all,2,2149,Andre sivilingeniører (unntatt elektroteknologi),0.052,5,4,0.304967
868,8,Idrettsfag,all,3,2212,Legespesialister,0.0405,4,3,0.179852
868,8,Idrettsfag,all,4,3422,Trenere og idrettsdommere,0.0405,3,3,0.174645
868,8,Idrettsfag,all,5,1223,Forsknings- og utviklingsledere,0.0347,4,4,0.372923
868,8,Idrettsfag,all,6,2422,Høyere saksbehandlere i offentlig og privat virksomhet,0.0347,5,5,0.450311
868,8,Idrettsfag,all,7,1345,Ledere av utdanning og undervisning,0.0289,4,4,0.368473
868,8,Idrettsfag,all,8,2341,Grunnskolelærere,0.0289,3,3,0.366129
868,8,Idrettsfag,all,9,2264,Fysioterapeuter,0.0231,2,3,0.274177
868,8,Idrettsfag,recent,1,2310,Universitets- og høyskolelektorer/-lærere,1.0,4,4,0.286836
868,8,Idrettsfag,recent,2,2149,Andre sivilingeniører (unntatt elektroteknologi),0.0,5,4,0.304967
868,8,Idrettsfag,recent,3,2212,Legespesialister,0.0,4,3,0.179852
868,8,Idrettsfag,recent,4,3422,Trenere og idrettsdommere,0.0,3,3,0.174645
868,8,Idrettsfag,recent,5,1223,Forsknings- og utviklingsledere,0.0,4,4,0.372923
868,8,Idrettsfag,recent,6,2422,Høyere saksbehandlere i offentlig og privat virksomhet,0.0,5,5,0.450311
868,8,Idrettsfag,recent,7,1345,Ledere av utdanning og undervisning,0.0,4,4,0.368473
868,8,Idrettsfag,recent,8,2341,Grunnskolelærere,0.0,3,3,0.366129
868,8,Idrettsfag,recent,9,2264,Fysioterapeuter,0.0,2,3,0.274177
869,8,"Helse-, sosial- og idrettsfag, andre",all,1,2212,Legespesialister,0.2633,4,3,0.179852
869,8,"Helse-, sosial- og idrettsfag, andre",all,2,2310,Universitets- og høyskolelektorer/-lærere,0.2626,4,4,0.286836
869,8,"Helse-, sosial- og idrettsfag, andre",all,3,2211,Allmennpraktiserende leger,0.0615,4,3,0.254981
869,8,"Helse-, sosial- og idrettsfag, andre",all,4,2422,Høyere saksbehandlere i offentlig og privat virksomhet,0.0481,5,5,0.450311
869,8,"Helse-, sosial- og idrettsfag, andre",all,5,2149,Andre sivilingeniører (unntatt elektroteknologi),0.0408,5,4,0.304967
869,8,"Helse-, sosial- og idrettsfag, andre",all,6,5321,Helsefagarbeidere,0.0372,1,2,0.1875
869,8,"Helse-, sosial- og idrettsfag, andre",all,7,1342,Ledere av helsetjenester,0.0323,4,4,0.476886
869,8,"Helse-, sosial- og idrettsfag, andre",all,8,2261,Tannleger,0.0244,2,2,0.591592
869,8,"Helse-, sosial- og idrettsfag, andre",all,9,5329,Andre pleiemedarbeidere,0.0171,3,2,0.278788
869,8,"Helse-, sosial- og idrettsfag, andre",all,10,2223,Sykepleiere,0.0165,3,3,0.256002
869,8,"Helse-, sosial- og idrettsfag, andre",recent,1,2310,Universitets- og høyskolelektorer/-lærere,0.4774,4,4,0.286836
869,8,"Helse-, sosial- og idrettsfag, andre",recent,2,2212,Legespesialister,0.2462,4,3,0.179852
869,8,"Helse-, sosial- og idrettsfag, andre",recent,3,2422,Høyere saksbehandlere i offentlig og privat virksomhet,0.0754,5,5,0.450311
869,8,"Helse-, sosial- og idrettsfag, andre",recent,4,2149,Andre sivilingeniører (unntatt elektroteknologi),0.0452,5,4,0.304967
869,8,"Helse-, sosial- og idrettsfag, andre",recent,5,1342,Ledere av helsetjenester,0.0352,4,4,0.476886
869,8,"Helse-, sosial- og idrettsfag, andre",recent,6,2211,Allmennpraktiserende leger,0.0201,4,3,0.254981
869,8,"Helse-, sosial- og idrettsfag, andre",recent,7,2634,Psykologer,0.0201,4,4,0.151061
869,8,"Helse-, sosial- og idrettsfag, andre",recent,8,5329,Andre pleiemedarbeidere,0.0201,3,2,0.278788
869,8,"Helse-, sosial- og idrettsfag, andre",recent,9,2261,Tannleger,0.0151,2,2,0.591592
869,8,"Helse-, sosial- og idrettsfag, andre",recent,10,2264,Fysioterapeuter,0.0151,2,3,0.274177
879,8,"Primærnæringsfag, andre",all,1,2310,Universitets- og høyskolelektorer/-lærere,0.2799,4,4,0.286836
879,8,"Primærnæringsfag, andre",all,2,2149,Andre sivilingeniører (unntatt elektroteknologi),0.1042,5,4,0.304967
879,8,"Primærnæringsfag, andre",all,3,2132,Sivilagronomer mv.,0.0985,4,4,0.24989
879,8,"Primærnæringsfag, andre",all,4,2422,Høyere saksbehandlere i offentlig og privat virksomhet,0.0965,5,5,0.450311
879,8,"Primærnæringsfag, andre",all,5,2131,"Biologer, botanikere, zoologer mv.",0.0656,4,4,0.255362
879,8,"Primærnæringsfag, andre",all,6,1223,Forsknings- og utviklingsledere,0.056,4,4,0.372923
879,8,"Primærnæringsfag, andre",all,7,1120,Administrerende direktører,0.027,4,5,0.371125
879,8,"Primærnæringsfag, andre",all,8,2146,"Sivilingeniører (geofag, petro-leumsteknologi, metallurgi mv.)",0.0232,4,4,0.445725
879,8,"Primærnæringsfag, andre",all,9,2142,Sivilingeniører (bygg og anlegg),0.0193,4,4,0.0
879,8,"Primærnæringsfag, andre",all,10,3119,Andre ingeniører,0.0174,3,3,0.505172
879,8,"Primærnæringsfag, andre",recent,1,2131,"Biologer, botanikere, zoologer mv.",0.5714,4,4,0.255362
879,8,"Primærnæringsfag, andre",recent,2,2310,Universitets- og høyskolelektorer/-lærere,0.4286,4,4,0.286836
879,8,"Primærnæringsfag, andre",recent,3,2422,Høyere saksbehandlere i offentlig og privat virksomhet,0.0,5,5,0.450311
879,8,"Primærnæringsfag, andre",recent,4,2149,Andre sivilingeniører (unntatt elektroteknologi),0.0,5,4,0.304967
879,8,"Primærnæringsfag, andre",recent,5,2132,Sivilagronomer mv.,0.0,4,4,0.24989
879,8,"Primærnæringsfag, andre",recent,6,1223,Forsknings- og utviklingsledere,0.0,4,4,0.372923
879,8,"Primærnæringsfag, andre",recent,7,1345,Ledere av utdanning og undervisning,0.0,4,4,0.368473
879,8,"Primærnæringsfag, andre",recent,8,1120,Administrerende direktører,0.0,4,5,0.371125
879,8,"Primærnæringsfag, andre",recent,9,2330,Lektorer mv. (videregående skole),0.0,3,3,0.280862
879,8,"Primærnæringsfag, andre",recent,10,1219,Andre administrative ledere,0.0,4,4,0.47783
