observation_date,adjustment,usage_pattern,age_bucket,No usage,Quintile 1 (least usage),Quintile 2,Quintile 3,Quintile 4,Quintile 5 (most usage)
2021-01-01,percap,Augmentation,21-30,128.39,87.58,112.24,83.96,81.69,117.98
2021-01-01,percap,Augmentation,31-40,127.75,109.54,131.73,103.98,116.24,132.57
2021-01-01,percap,Augmentation,41-50,146.18,124.24,150.29,117.58,143.61,142.7
2021-01-01,percap,Augmentation,51-60,166.44,143.68,157.54,116.03,153.73,175.01
2021-01-01,percap,Augmentation,All ages,138.22,108.54,131.56,101.74,111.24,133.81
2021-01-01,percap,Automation,21-30,128.39,112.91,116.22,79.55,115.95,92.27
2021-01-01,percap,Automation,31-40,127.75,122.54,133.69,104.07,127.01,121.57
2021-01-01,percap,Automation,41-50,146.18,141.4,137.87,132.72,138.66,134.81
2021-01-01,percap,Automation,51-60,166.44,170.22,148.98,147.77,129.42,146.52
2021-01-01,percap,Automation,All ages,138.22,129.69,130.74,102.68,127.49,115.01
2021-01-01,percap_sa,Augmentation,21-30,93.48,84.25,84.0,74.91,79.88,87.13
2021-01-01,percap_sa,Augmentation,31-40,98.62,91.86,84.22,69.48,86.55,87.07
2021-01-01,percap_sa,Augmentation,41-50,125.11,99.54,85.55,72.91,91.1,91.52
2021-01-01,percap_sa,Augmentation,51-60,121.0,102.07,83.91,67.35,90.42,106.1
2021-01-01,percap_sa,Augmentation,All ages,105.96,92.55,84.56,71.95,86.15,90.55
2021-01-01,percap_sa,Automation,21-30,93.48,92.05,76.87,77.65,85.71,83.05
2021-01-01,percap_sa,Automation,31-40,98.62,87.57,79.06,81.26,80.92,85.44
2021-01-01,percap_sa,Automation,41-50,125.11,92.28,83.72,90.27,78.01,85.82
2021-01-01,percap_sa,Automation,51-60,121.0,101.9,91.62,88.51,72.2,82.79
2021-01-01,percap_sa,Automation,All ages,105.96,92.34,81.27,83.03,80.06,84.45
2021-01-01,raw,Augmentation,21-30,128.49,87.65,112.32,84.02,81.75,118.07
2021-01-01,raw,Augmentation,31-40,123.54,105.93,127.39,100.55,112.4,128.2
2021-01-01,raw,Augmentation,41-50,146.93,124.88,151.06,118.18,144.35,143.44
2021-01-01,raw,Augmentation,51-60,161.77,139.64,153.12,112.77,149.4,170.09
2021-01-01,raw,Augmentation,All ages,136.27,107.01,129.71,100.31,109.67,131.92
2021-01-01,raw,Automation,21-30,128.49,112.99,116.31,79.61,116.04,92.34
2021-01-01,raw,Automation,31-40,123.54,118.5,129.28,100.64,122.83,117.56
2021-01-01,raw,Automation,41-50,146.93,142.13,138.58,133.41,139.38,135.51
2021-01-01,raw,Automation,51-60,161.77,165.43,144.79,143.61,125.79,142.4
2021-01-01,raw,Automation,All ages,136.27,127.86,128.9,101.24,125.7,113.39
2021-01-01,sa,Augmentation,21-30,93.55,84.32,84.07,74.97,79.94,87.2
2021-01-01,sa,Augmentation,31-40,95.22,88.69,81.32,67.08,83.56,84.06
2021-01-01,sa,Augmentation,41-50,125.75,100.05,85.99,73.28,91.57,91.99
2021-01-01,sa,Augmentation,51-60,117.45,99.08,81.45,65.38,87.77,102.99
2021-01-01,sa,Augmentation,All ages,104.39,91.18,83.3,70.89,84.87,89.21
2021-01-01,sa,Automation,21-30,93.55,92.12,76.93,77.71,85.77,83.11
2021-01-01,sa,Automation,31-40,95.22,84.55,76.33,78.46,78.13,82.49
2021-01-01,sa,Automation,41-50,125.75,92.75,84.15,90.73,78.41,86.26
2021-01-01,sa,Automation,51-60,117.45,98.91,88.93,85.92,70.08,80.36
2021-01-01,sa,Automation,All ages,104.39,90.98,80.06,81.8,78.87,83.2
2021-02-01,percap,Augmentation,21-30,85.41,61.75,79.19,54.75,52.94,76.9
2021-02-01,percap,Augmentation,31-40,70.4,58.78,69.86,56.58,63.09,68.36
2021-02-01,percap,Augmentation,41-50,68.75,57.1,70.01,53.99,56.49,66.18
2021-02-01,percap,Augmentation,51-60,71.13,57.8,61.38,42.82,47.81,65.87
2021-02-01,percap,Augmentation,All ages,75.53,59.62,72.53,53.43,55.54,71.24
2021-02-01,percap,Automation,21-30,85.41,79.72,73.94,52.45,72.97,65.02
2021-02-01,percap,Automation,31-40,70.4,69.35,63.4,59.74,62.46,65.52
2021-02-01,percap,Automation,41-50,68.75,72.63,60.33,56.12,52.19,64.28
2021-02-01,percap,Automation,51-60,71.13,68.31,52.16,49.16,39.85,62.11
2021-02-01,percap,Automation,All ages,75.53,73.85,65.02,54.72,58.33,64.86
2021-02-01,percap_sa,Augmentation,21-30,85.9,70.06,86.25,65.77,69.26,86.18
2021-02-01,percap_sa,Augmentation,31-40,74.89,65.3,73.47,65.64,79.39,80.63
2021-02-01,percap_sa,Augmentation,41-50,82.05,65.01,71.95,62.31,73.46,79.79
2021-02-01,percap_sa,Augmentation,51-60,94.36,66.62,70.25,55.9,70.79,90.77
2021-02-01,percap_sa,Augmentation,All ages,83.36,67.36,77.82,63.8,72.97,84.3
2021-02-01,percap_sa,Automation,21-30,85.9,89.19,83.24,68.23,76.07,73.95
2021-02-01,percap_sa,Automation,31-40,74.89,75.32,76.31,75.76,70.24,69.08
2021-02-01,percap_sa,Automation,41-50,82.05,78.23,77.99,70.76,60.33,67.36
2021-02-01,percap_sa,Automation,51-60,94.36,81.93,75.89,67.52,55.56,69.59
2021-02-01,percap_sa,Automation,All ages,83.36,82.02,79.53,70.81,66.92,70.93
2021-02-01,raw,Augmentation,21-30,85.47,61.8,79.25,54.79,52.98,76.96
2021-02-01,raw,Augmentation,31-40,68.08,56.84,67.56,54.71,61.01,66.1
2021-02-01,raw,Augmentation,41-50,69.1,57.39,70.37,54.27,56.78,66.52
2021-02-01,raw,Augmentation,51-60,69.13,56.18,59.66,41.61,46.46,64.02
2021-02-01,raw,Augmentation,All ages,74.47,58.78,71.51,52.68,54.76,70.24
2021-02-01,raw,Automation,21-30,85.47,79.78,74.0,52.49,73.02,65.07
2021-02-01,raw,Automation,31-40,68.08,67.07,61.31,57.77,60.4,63.36
2021-02-01,raw,Automation,41-50,69.1,73.01,60.64,56.41,52.46,64.61
2021-02-01,raw,Automation,51-60,69.13,66.39,50.7,47.78,38.73,60.36
2021-02-01,raw,Automation,All ages,74.47,72.81,64.11,53.95,57.51,63.95
2021-02-01,sa,Augmentation,21-30,85.97,70.11,86.31,65.82,69.31,86.25
2021-02-01,sa,Augmentation,31-40,72.42,63.15,71.05,63.48,76.77,77.97
2021-02-01,sa,Augmentation,41-50,82.47,65.35,72.32,62.63,73.84,80.2
2021-02-01,sa,Augmentation,51-60,91.71,64.74,68.28,54.33,68.8,88.22
2021-02-01,sa,Augmentation,All ages,82.19,66.41,76.73,62.9,71.94,83.11
2021-02-01,sa,Automation,21-30,85.97,89.26,83.31,68.29,76.13,74.01
2021-02-01,sa,Automation,31-40,72.42,72.84,73.79,73.26,67.92,66.8
2021-02-01,sa,Automation,41-50,82.47,78.63,78.39,71.12,60.64,67.7
2021-02-01,sa,Automation,51-60,91.71,79.63,73.76,65.62,54.0,67.64
2021-02-01,sa,Automation,All ages,82.19,80.87,78.41,69.81,65.98,69.93
2021-03-01,percap,Augmentation,21-30,88.37,69.53,75.82,54.69,55.61,96.5
2021-03-01,percap,Augmentation,31-40,77.14,66.28,74.71,64.2,69.84,89.41
2021-03-01,percap,Augmentation,41-50,74.08,57.91,76.51,62.03,70.36,85.02
2021-03-01,percap,Augmentation,51-60,57.33,59.88,69.14,52.77,58.17,82.18
2021-03-01,percap,Augmentation,All ages,77.55,65.19,74.91,58.76,62.28,90.79
2021-03-01,percap,Automation,21-30,88.37,75.11,81.45,64.83,65.95,63.51
2021-03-01,percap,Automation,31-40,77.14,71.0,78.64,75.24,66.75,69.89
2021-03-01,percap,Automation,41-50,74.08,72.53,69.86,76.29,62.99,67.94
2021-03-01,percap,Automation,51-60,57.33,72.12,58.15,66.95,50.9,65.59
2021-03-01,percap,Automation,All ages,77.55,73.12,75.0,69.86,62.55,66.52
2021-03-01,percap_sa,Augmentation,21-30,94.89,79.68,78.79,64.53,72.54,110.79
2021-03-01,percap_sa,Augmentation,31-40,89.17,75.12,68.2,70.6,84.88,97.68
2021-03-01,percap_sa,Augmentation,41-50,93.72,65.73,67.21,70.38,88.57,98.7
2021-03-01,percap_sa,Augmentation,51-60,70.12,69.87,70.2,63.94,74.35,97.41
2021-03-01,percap_sa,Augmentation,All ages,89.83,74.42,72.12,67.67,79.01,103.45
2021-03-01,percap_sa,Automation,21-30,94.89,84.02,89.44,83.74,78.15,68.18
2021-03-01,percap_sa,Automation,31-40,89.17,79.46,83.62,88.32,74.8,66.03
2021-03-01,percap_sa,Automation,41-50,93.72,79.96,83.51,89.41,73.32,62.82
2021-03-01,percap_sa,Automation,51-60,70.12,86.14,78.23,73.39,70.1,65.71
2021-03-01,percap_sa,Automation,All ages,89.83,82.3,85.34,84.87,74.53,66.19
2021-03-01,raw,Augmentation,21-30,88.44,69.58,75.88,54.74,55.66,96.57
2021-03-01,raw,Augmentation,31-40,74.6,64.1,72.25,62.09,67.54,86.47
2021-03-01,raw,Augmentation,41-50,74.46,58.21,76.9,62.35,70.73,85.46
2021-03-01,raw,Augmentation,51-60,55.71,58.2,67.2,51.28,56.54,79.87
2021-03-01,raw,Augmentation,All ages,76.46,64.27,73.85,57.93,61.41,89.51
2021-03-01,raw,Automation,21-30,88.44,75.16,81.51,64.88,66.0,63.56
2021-03-01,raw,Automation,31-40,74.6,68.66,76.05,72.76,64.55,67.59
2021-03-01,raw,Automation,41-50,74.46,72.9,70.22,76.69,63.31,68.29
2021-03-01,raw,Automation,51-60,55.71,70.09,56.52,65.07,49.46,63.75
2021-03-01,raw,Automation,All ages,76.46,72.09,73.94,68.88,61.67,65.58
2021-03-01,sa,Augmentation,21-30,94.96,79.74,78.85,64.57,72.59,110.87
2021-03-01,sa,Augmentation,31-40,86.37,72.76,66.06,68.38,82.21,94.61
2021-03-01,sa,Augmentation,41-50,94.21,66.07,67.56,70.75,89.03,99.21
2021-03-01,sa,Augmentation,51-60,68.24,67.99,68.32,62.22,72.36,94.8
2021-03-01,sa,Augmentation,All ages,88.63,73.43,71.16,66.76,77.96,102.07
2021-03-01,sa,Automation,21-30,94.96,84.08,89.5,83.8,78.21,68.23
2021-03-01,sa,Automation,31-40,86.37,76.97,80.99,85.55,72.45,63.96
2021-03-01,sa,Automation,41-50,94.21,80.37,83.95,89.87,73.7,63.15
2021-03-01,sa,Automation,51-60,68.24,83.83,76.13,71.42,68.21,63.95
2021-03-01,sa,Automation,All ages,88.63,81.2,84.2,83.74,73.53,65.3
2021-04-01,percap,Augmentation,21-30,85.96,68.42,73.38,49.74,52.21,78.58
2021-04-01,percap,Augmentation,31-40,74.33,65.97,70.0,53.11,56.53,73.8
2021-04-01,percap,Augmentation,41-50,65.51,61.71,73.4,52.4,57.88,64.43
2021-04-01,percap,Augmentation,51-60,66.75,66.14,62.44,46.09,46.3,71.74
2021-04-01,percap,Augmentation,All ages,75.39,66.21,71.09,50.8,53.66,73.79
2021-04-01,percap,Automation,21-30,85.96,80.29,79.23,53.56,59.29,60.03
2021-04-01,percap,Automation,31-40,74.33,74.92,67.28,56.11,54.51,67.02
2021-04-01,percap,Automation,41-50,65.51,71.43,64.05,57.62,50.86,66.36
2021-04-01,percap,Automation,51-60,66.75,72.03,56.49,53.49,40.96,60.98
2021-04-01,percap,Automation,All ages,75.39,75.88,69.42,55.05,52.25,63.39
2021-04-01,percap_sa,Augmentation,21-30,94.26,75.77,87.26,57.59,66.76,86.51
2021-04-01,percap_sa,Augmentation,31-40,87.32,70.8,79.35,60.9,66.24,80.19
2021-04-01,percap_sa,Augmentation,41-50,85.56,64.8,85.98,62.13,70.97,70.95
2021-04-01,percap_sa,Augmentation,51-60,90.34,73.03,80.03,60.77,59.02,75.06
2021-04-01,percap_sa,Augmentation,All ages,90.34,71.73,84.0,60.05,66.5,80.39
2021-04-01,percap_sa,Automation,21-30,94.26,83.74,81.24,67.4,72.85,75.23
2021-04-01,percap_sa,Automation,31-40,87.32,71.98,69.27,66.6,64.52,83.84
2021-04-01,percap_sa,Automation,41-50,85.56,68.53,72.72,69.21,59.54,86.24
2021-04-01,percap_sa,Automation,51-60,90.34,71.79,63.2,66.28,56.65,85.09
2021-04-01,percap_sa,Automation,All ages,90.34,75.35,73.6,67.59,64.13,80.97
2021-04-01,raw,Augmentation,21-30,85.97,68.42,73.39,49.75,52.22,78.59
2021-04-01,raw,Augmentation,31-40,72.12,64.01,67.92,51.53,54.85,71.61
2021-04-01,raw,Augmentation,41-50,65.77,61.96,73.69,52.61,58.1,64.68
2021-04-01,raw,Augmentation,51-60,65.11,64.51,60.91,44.96,45.17,69.98
2021-04-01,raw,Augmentation,All ages,74.42,65.36,70.18,50.14,52.97,72.84
2021-04-01,raw,Automation,21-30,85.97,80.3,79.24,53.57,59.29,60.03
2021-04-01,raw,Automation,31-40,72.12,72.69,65.28,54.44,52.89,65.03
2021-04-01,raw,Automation,41-50,65.77,71.71,64.3,57.84,51.05,66.62
2021-04-01,raw,Automation,51-60,65.11,70.26,55.1,52.18,39.95,59.48
2021-04-01,raw,Automation,All ages,74.42,74.91,68.53,54.35,51.58,62.58
2021-04-01,sa,Augmentation,21-30,94.27,75.78,87.28,57.6,66.77,86.53
2021-04-01,sa,Augmentation,31-40,84.59,68.59,76.88,59.0,64.18,77.69
2021-04-01,sa,Augmentation,41-50,85.88,65.04,86.29,62.35,71.23,71.21
2021-04-01,sa,Augmentation,51-60,88.03,71.16,77.98,59.21,57.51,73.14
2021-04-01,sa,Augmentation,All ages,89.11,70.76,82.86,59.24,65.6,79.3
2021-04-01,sa,Automation,21-30,94.27,83.75,81.25,67.41,72.86,75.25
2021-04-01,sa,Automation,31-40,84.59,69.74,67.11,64.52,62.5,81.22
2021-04-01,sa,Automation,41-50,85.88,68.78,72.99,69.46,59.76,86.55
2021-04-01,sa,Automation,51-60,88.03,69.96,61.58,64.58,55.2,82.91
2021-04-01,sa,Automation,All ages,89.11,74.33,72.6,66.68,63.27,79.87
2021-05-01,percap,Augmentation,21-30,113.35,87.99,83.12,57.75,69.19,93.65
2021-05-01,percap,Augmentation,31-40,94.68,82.4,77.44,66.56,68.51,89.43
2021-05-01,percap,Augmentation,41-50,79.88,76.71,74.23,63.67,68.11,86.37
2021-05-01,percap,Augmentation,51-60,84.76,74.44,74.44,57.8,61.04,75.08
2021-05-01,percap,Augmentation,All ages,96.53,82.58,78.75,61.6,67.95,89.08
2021-05-01,percap,Automation,21-30,113.35,95.23,87.31,72.44,74.61,67.66
2021-05-01,percap,Automation,31-40,94.68,89.77,82.72,70.99,66.81,73.17
2021-05-01,percap,Automation,41-50,79.88,84.23,76.51,71.65,64.22,69.24
2021-05-01,percap,Automation,51-60,84.76,81.28,69.0,65.3,54.7,68.83
2021-05-01,percap,Automation,All ages,96.53,89.6,81.2,71.37,65.91,69.76
2021-05-01,percap_sa,Augmentation,21-30,92.81,76.59,92.62,59.13,72.42,89.63
2021-05-01,percap_sa,Augmentation,31-40,79.13,71.23,80.49,62.84,72.94,82.8
2021-05-01,percap_sa,Augmentation,41-50,73.21,68.96,75.43,62.44,74.31,78.46
2021-05-01,percap_sa,Augmentation,51-60,82.18,69.57,80.46,64.54,72.82,71.17
2021-05-01,percap_sa,Augmentation,All ages,83.58,72.79,84.12,61.82,73.13,83.56
2021-05-01,percap_sa,Automation,21-30,92.81,88.6,85.3,72.87,83.17,72.79
2021-05-01,percap_sa,Automation,31-40,79.13,79.0,79.26,71.26,68.63,74.04
2021-05-01,percap_sa,Automation,41-50,73.21,75.1,77.72,71.85,67.1,69.1
2021-05-01,percap_sa,Automation,51-60,82.18,79.05,77.38,70.6,67.39,69.41
2021-05-01,percap_sa,Automation,All ages,83.58,81.78,81.05,72.3,71.8,72.18
2021-05-01,raw,Augmentation,21-30,113.36,88.0,83.13,57.76,69.19,93.66
2021-05-01,raw,Augmentation,31-40,91.86,79.94,75.14,64.58,66.47,86.77
2021-05-01,raw,Augmentation,41-50,80.19,77.01,74.52,63.92,68.38,86.71
2021-05-01,raw,Augmentation,51-60,82.68,72.61,72.62,56.38,59.55,73.24
2021-05-01,raw,Augmentation,All ages,95.29,81.52,77.74,60.81,67.08,87.94
2021-05-01,raw,Automation,21-30,113.36,95.24,87.32,72.45,74.61,67.67
2021-05-01,raw,Automation,31-40,91.86,87.1,80.26,68.88,64.83,70.99
2021-05-01,raw,Automation,41-50,80.19,84.56,76.81,71.93,64.47,69.51
2021-05-01,raw,Automation,51-60,82.68,79.29,67.31,63.69,53.35,67.14
2021-05-01,raw,Automation,All ages,95.29,88.45,80.16,70.45,65.06,68.87
2021-05-01,sa,Augmentation,21-30,92.82,76.6,92.63,59.13,72.42,89.64
2021-05-01,sa,Augmentation,31-40,76.78,69.12,78.11,60.98,70.78,80.35
2021-05-01,sa,Augmentation,41-50,73.49,69.22,75.71,62.67,74.59,78.75
2021-05-01,sa,Augmentation,51-60,80.18,67.87,78.49,62.97,71.04,69.43
2021-05-01,sa,Augmentation,All ages,82.51,71.85,83.05,61.03,72.19,82.49
2021-05-01,sa,Automation,21-30,92.82,88.61,85.31,72.88,83.18,72.8
2021-05-01,sa,Automation,31-40,76.78,76.66,76.91,69.14,66.6,71.84
2021-05-01,sa,Automation,41-50,73.49,75.38,78.01,72.12,67.36,69.35
2021-05-01,sa,Automation,51-60,80.18,77.12,75.49,68.88,65.74,67.71
2021-05-01,sa,Automation,All ages,82.51,80.73,80.01,71.38,70.88,71.26
2021-06-01,percap,Augmentation,21-30,160.87,141.16,101.32,99.26,120.45,158.09
2021-06-01,percap,Augmentation,31-40,97.07,105.61,82.46,72.73,85.4,110.7
2021-06-01,percap,Augmentation,41-50,88.12,92.21,82.02,66.27,76.32,100.93
2021-06-01,percap,Augmentation,51-60,107.79,86.05,75.56,55.97,67.09,125.59
2021-06-01,percap,Augmentation,All ages,119.15,114.5,88.92,78.41,97.16,129.63
2021-06-01,percap,Automation,21-30,160.87,148.53,131.21,125.42,106.96,99.68
2021-06-01,percap,Automation,31-40,97.07,106.53,87.94,94.44,71.16,82.41
2021-06-01,percap,Automation,41-50,88.12,100.02,78.81,85.39,67.7,75.84
2021-06-01,percap,Automation,51-60,107.79,108.11,88.6,73.66,53.08,72.16
2021-06-01,percap,Automation,All ages,119.15,120.96,101.63,105.43,76.36,87.44
2021-06-01,percap_sa,Augmentation,21-30,106.36,106.62,100.26,84.83,97.27,129.47
2021-06-01,percap_sa,Augmentation,31-40,81.24,104.95,97.91,82.87,100.43,127.82
2021-06-01,percap_sa,Augmentation,41-50,88.96,93.79,96.86,78.14,95.89,124.65
2021-06-01,percap_sa,Augmentation,51-60,107.5,93.22,100.36,71.79,92.36,167.61
2021-06-01,percap_sa,Augmentation,All ages,97.25,102.76,99.33,81.37,97.93,132.59
2021-06-01,percap_sa,Automation,21-30,106.36,124.85,111.06,98.43,103.92,91.41
2021-06-01,percap_sa,Automation,31-40,81.24,109.92,103.92,103.17,94.07,96.7
2021-06-01,percap_sa,Automation,41-50,88.96,105.67,100.26,98.24,88.92,90.22
2021-06-01,percap_sa,Automation,51-60,107.5,119.09,125.25,94.07,76.21,95.8
2021-06-01,percap_sa,Automation,All ages,97.25,116.8,109.16,99.8,92.62,93.35
2021-06-01,raw,Augmentation,21-30,160.89,141.18,101.33,99.27,120.47,158.1
2021-06-01,raw,Augmentation,31-40,94.19,102.47,80.01,70.57,82.86,107.41
2021-06-01,raw,Augmentation,41-50,88.46,92.58,82.34,66.53,76.61,101.32
2021-06-01,raw,Augmentation,51-60,105.15,83.94,73.71,54.6,65.44,122.51
2021-06-01,raw,Augmentation,All ages,117.62,113.03,87.78,77.4,95.91,127.97
2021-06-01,raw,Automation,21-30,160.89,148.54,131.22,125.43,106.97,99.69
2021-06-01,raw,Automation,31-40,94.19,103.36,85.32,91.64,69.05,79.96
2021-06-01,raw,Automation,41-50,88.46,100.41,79.12,85.72,67.96,76.14
2021-06-01,raw,Automation,51-60,105.15,105.46,86.43,71.85,51.77,70.39
2021-06-01,raw,Automation,All ages,117.62,119.41,100.33,104.08,75.38,86.32
2021-06-01,sa,Augmentation,21-30,106.37,106.62,100.26,84.84,97.27,129.47
2021-06-01,sa,Augmentation,31-40,78.95,102.0,95.15,80.54,97.61,124.22
2021-06-01,sa,Augmentation,41-50,89.3,94.15,97.23,78.44,96.25,125.13
2021-06-01,sa,Augmentation,51-60,105.01,91.06,98.03,70.12,90.22,163.72
2021-06-01,sa,Augmentation,All ages,96.08,101.52,98.13,80.38,96.74,130.99
2021-06-01,sa,Automation,21-30,106.37,124.86,111.06,98.43,103.93,91.42
2021-06-01,sa,Automation,31-40,78.95,106.83,101.0,100.27,91.42,93.98
2021-06-01,sa,Automation,41-50,89.3,106.08,100.65,98.62,89.26,90.57
2021-06-01,sa,Automation,51-60,105.01,116.33,122.35,91.89,74.44,93.58
2021-06-01,sa,Automation,All ages,96.08,115.39,107.84,98.6,91.5,92.22
2021-07-01,percap,Augmentation,21-30,157.67,145.37,110.87,97.8,125.97,134.93
2021-07-01,percap,Augmentation,31-40,81.79,90.63,68.66,54.46,70.49,72.56
2021-07-01,percap,Augmentation,41-50,81.02,84.36,68.33,49.78,57.16,66.2
2021-07-01,percap,Augmentation,51-60,76.46,77.41,70.7,46.12,54.65,70.53
2021-07-01,percap,Augmentation,All ages,107.41,109.16,85.35,67.68,90.77,96.1
2021-07-01,percap,Automation,21-30,157.67,140.33,125.73,123.08,114.42,108.91
2021-07-01,percap,Automation,31-40,81.79,82.47,64.63,74.13,52.57,69.21
2021-07-01,percap,Automation,41-50,81.02,76.78,64.02,62.78,48.64,64.26
2021-07-01,percap,Automation,51-60,76.46,82.47,61.15,57.96,44.58,66.5
2021-07-01,percap,Automation,All ages,107.41,102.57,85.81,93.55,66.52,84.82
2021-07-01,percap_sa,Augmentation,21-30,103.17,98.48,101.11,86.09,96.69,102.49
2021-07-01,percap_sa,Augmentation,31-40,93.12,96.36,98.35,81.74,99.79,104.29
2021-07-01,percap_sa,Augmentation,41-50,105.6,93.88,92.22,78.07,91.25,100.69
2021-07-01,percap_sa,Augmentation,51-60,104.07,90.52,95.86,74.52,90.45,113.58
2021-07-01,percap_sa,Augmentation,All ages,102.07,96.57,98.5,82.18,96.89,104.19
2021-07-01,percap_sa,Automation,21-30,103.17,109.3,95.62,93.94,94.96,97.08
2021-07-01,percap_sa,Automation,31-40,93.12,100.71,93.72,95.22,88.57,100.16
2021-07-01,percap_sa,Automation,41-50,105.6,96.06,94.91,87.7,84.22,92.42
2021-07-01,percap_sa,Automation,51-60,104.07,104.45,91.02,86.77,81.2,97.41
2021-07-01,percap_sa,Automation,All ages,102.07,104.56,94.72,93.59,87.71,97.6
2021-07-01,raw,Augmentation,21-30,157.58,145.29,110.81,97.74,125.9,134.86
2021-07-01,raw,Augmentation,31-40,79.63,88.23,66.84,53.02,68.62,70.64
2021-07-01,raw,Augmentation,41-50,81.24,84.58,68.51,49.91,57.31,66.38
2021-07-01,raw,Augmentation,51-60,74.86,75.79,69.23,45.16,53.5,69.05
2021-07-01,raw,Augmentation,All ages,106.17,107.9,84.37,66.9,89.72,94.99
2021-07-01,raw,Automation,21-30,157.58,140.25,125.66,123.01,114.36,108.85
2021-07-01,raw,Automation,31-40,79.63,80.29,62.92,72.17,51.18,67.38
2021-07-01,raw,Automation,41-50,81.24,76.98,64.19,62.95,48.77,64.43
2021-07-01,raw,Automation,51-60,74.86,80.75,59.87,56.75,43.65,65.11
2021-07-01,raw,Automation,All ages,106.17,101.39,84.82,92.47,65.75,83.84
2021-07-01,sa,Augmentation,21-30,103.12,98.43,101.05,86.04,96.64,102.44
2021-07-01,sa,Augmentation,31-40,90.52,93.67,95.6,79.45,97.0,101.37
2021-07-01,sa,Augmentation,41-50,105.87,94.12,92.46,78.27,91.48,100.95
2021-07-01,sa,Augmentation,51-60,101.77,88.52,93.74,72.88,88.46,111.07
2021-07-01,sa,Augmentation,All ages,100.82,95.38,97.29,81.18,95.71,102.91
2021-07-01,sa,Automation,21-30,103.12,109.24,95.57,93.89,94.91,97.03
2021-07-01,sa,Automation,31-40,90.52,97.89,91.1,92.56,86.09,97.35
2021-07-01,sa,Automation,41-50,105.87,96.31,95.16,87.92,84.44,92.65
2021-07-01,sa,Automation,51-60,101.77,102.14,89.01,84.85,79.4,95.26
2021-07-01,sa,Automation,All ages,100.82,103.28,93.56,92.44,86.63,96.4
2021-08-01,percap,Augmentation,21-30,120.3,100.06,121.99,107.92,97.4,134.92
2021-08-01,percap,Augmentation,31-40,79.69,83.78,101.78,85.78,91.11,92.27
2021-08-01,percap,Augmentation,41-50,65.09,68.28,91.66,76.66,78.37,80.08
2021-08-01,percap,Augmentation,51-60,65.17,69.9,74.97,54.76,57.24,65.75
2021-08-01,percap,Augmentation,All ages,88.49,85.34,104.15,87.18,87.28,104.06
2021-08-01,percap,Automation,21-30,120.3,102.28,131.32,98.69,122.17,120.05
2021-08-01,percap,Automation,31-40,79.69,84.19,93.36,84.73,82.67,109.2
2021-08-01,percap,Automation,41-50,65.09,79.94,76.72,73.51,73.12,94.53
2021-08-01,percap,Automation,51-60,65.17,73.5,65.16,57.56,48.03,76.96
2021-08-01,percap,Automation,All ages,88.49,88.58,99.42,86.54,84.08,107.37
2021-08-01,percap_sa,Augmentation,21-30,93.08,95.5,96.78,78.22,92.73,94.51
2021-08-01,percap_sa,Augmentation,31-40,93.04,92.64,94.9,77.58,97.53,98.94
2021-08-01,percap_sa,Augmentation,41-50,88.88,84.87,93.83,78.26,90.57,98.15
2021-08-01,percap_sa,Augmentation,51-60,94.89,93.47,92.05,70.11,77.51,99.33
2021-08-01,percap_sa,Augmentation,All ages,93.1,92.69,95.43,77.03,92.2,97.2
2021-08-01,percap_sa,Automation,21-30,93.08,97.74,92.06,89.71,84.99,92.43
2021-08-01,percap_sa,Automation,31-40,93.04,94.12,95.37,93.13,79.69,95.09
2021-08-01,percap_sa,Automation,41-50,88.88,95.1,91.8,87.0,78.01,93.06
2021-08-01,percap_sa,Automation,51-60,94.89,98.96,96.63,76.8,65.09,92.23
2021-08-01,percap_sa,Automation,All ages,93.1,96.61,93.52,89.37,78.16,93.52
2021-08-01,raw,Augmentation,21-30,120.23,100.0,121.92,107.86,97.34,134.85
2021-08-01,raw,Augmentation,31-40,77.58,81.56,99.09,83.52,88.7,89.83
2021-08-01,raw,Augmentation,41-50,65.27,68.46,91.9,76.86,78.58,80.29
2021-08-01,raw,Augmentation,51-60,63.8,68.43,73.4,53.61,56.05,64.37
2021-08-01,raw,Augmentation,All ages,87.47,84.35,102.94,86.18,86.27,102.86
2021-08-01,raw,Automation,21-30,120.23,102.22,131.25,98.64,122.1,119.98
2021-08-01,raw,Automation,31-40,77.58,81.97,90.89,82.49,80.48,106.32
2021-08-01,raw,Automation,41-50,65.27,80.15,76.93,73.71,73.31,94.78
2021-08-01,raw,Automation,51-60,63.8,71.97,63.8,56.36,47.02,75.36
2021-08-01,raw,Automation,All ages,87.47,87.55,98.27,85.54,83.11,106.13
2021-08-01,sa,Augmentation,21-30,93.02,95.45,96.73,78.18,92.68,94.46
2021-08-01,sa,Augmentation,31-40,90.59,90.19,92.39,75.53,94.95,96.33
2021-08-01,sa,Augmentation,41-50,89.1,85.08,94.07,78.45,90.79,98.39
2021-08-01,sa,Augmentation,51-60,92.92,91.53,90.13,68.65,75.9,97.26
2021-08-01,sa,Augmentation,All ages,92.03,91.62,94.33,76.14,91.13,96.07
2021-08-01,sa,Automation,21-30,93.02,97.69,92.01,89.66,84.94,92.38
2021-08-01,sa,Automation,31-40,90.59,91.63,92.85,90.67,77.59,92.58
2021-08-01,sa,Automation,41-50,89.1,95.33,92.03,87.22,78.2,93.3
2021-08-01,sa,Automation,51-60,92.92,96.9,94.62,75.2,63.74,90.31
2021-08-01,sa,Automation,All ages,92.03,95.49,92.44,88.34,77.26,92.44
2021-09-01,percap,Augmentation,21-30,142.98,124.35,142.71,110.31,128.6,141.83
2021-09-01,percap,Augmentation,31-40,106.6,119.36,112.77,87.04,109.48,115.63
2021-09-01,percap,Augmentation,41-50,101.82,102.16,116.64,88.63,96.92,110.81
2021-09-01,percap,Augmentation,51-60,118.9,108.26,100.16,75.12,79.25,97.56
2021-09-01,percap,Augmentation,All ages,120.23,116.58,123.6,93.99,111.91,123.29
2021-09-01,percap,Automation,21-30,142.98,126.93,139.37,125.61,140.68,128.91
2021-09-01,percap,Automation,31-40,106.6,116.31,107.87,108.84,89.36,111.71
2021-09-01,percap,Automation,41-50,101.82,108.54,106.38,99.62,84.93,111.47
2021-09-01,percap,Automation,51-60,118.9,118.88,83.49,83.86,70.04,97.27
2021-09-01,percap,Automation,All ages,120.23,119.07,115.41,112.61,98.18,117.42
2021-09-01,percap_sa,Augmentation,21-30,105.02,99.71,99.05,80.63,94.25,98.93
2021-09-01,percap_sa,Augmentation,31-40,94.44,99.58,92.96,73.48,94.95,98.07
2021-09-01,percap_sa,Augmentation,41-50,104.66,89.72,98.05,77.73,90.23,103.07
2021-09-01,percap_sa,Augmentation,51-60,114.83,97.48,98.35,74.88,83.5,104.55
2021-09-01,percap_sa,Augmentation,All ages,103.95,97.55,97.32,77.3,92.94,100.44
2021-09-01,percap_sa,Automation,21-30,105.02,101.1,93.34,92.72,90.41,94.89
2021-09-01,percap_sa,Automation,31-40,94.44,99.51,91.22,92.68,74.42,93.71
2021-09-01,percap_sa,Automation,41-50,104.66,97.82,100.52,88.24,75.03,95.87
2021-09-01,percap_sa,Automation,51-60,114.83,107.02,96.28,85.14,70.98,95.68
2021-09-01,percap_sa,Automation,All ages,103.95,100.97,94.57,91.68,78.64,95.1
2021-09-01,raw,Augmentation,21-30,142.9,124.28,142.63,110.25,128.53,141.75
2021-09-01,raw,Augmentation,31-40,103.78,116.2,109.79,84.73,106.58,112.57
2021-09-01,raw,Augmentation,41-50,102.08,102.43,116.95,88.86,97.17,111.1
2021-09-01,raw,Augmentation,51-60,116.41,106.0,98.06,73.55,77.59,95.52
2021-09-01,raw,Augmentation,All ages,118.84,115.24,122.17,92.9,110.62,121.87
2021-09-01,raw,Automation,21-30,142.9,126.86,139.29,125.54,140.6,128.84
2021-09-01,raw,Automation,31-40,103.78,113.24,105.01,105.96,86.99,108.75
2021-09-01,raw,Automation,41-50,102.08,108.83,106.66,99.89,85.15,111.76
2021-09-01,raw,Automation,51-60,116.41,116.39,81.74,82.1,68.57,95.24
2021-09-01,raw,Automation,All ages,118.84,117.69,114.08,111.31,97.04,116.07
2021-09-01,sa,Augmentation,21-30,104.96,99.65,98.99,80.58,94.2,98.87
2021-09-01,sa,Augmentation,31-40,92.09,97.1,90.65,71.66,92.6,95.64
2021-09-01,sa,Augmentation,41-50,104.91,89.94,98.29,77.91,90.45,103.32
2021-09-01,sa,Augmentation,51-60,112.59,95.58,96.43,73.42,81.88,102.51
2021-09-01,sa,Augmentation,All ages,102.82,96.49,96.26,76.46,91.94,99.35
2021-09-01,sa,Automation,21-30,104.96,101.04,93.29,92.67,90.36,94.84
2021-09-01,sa,Automation,31-40,92.09,97.04,88.96,90.37,72.57,91.39
2021-09-01,sa,Automation,41-50,104.91,98.05,100.76,88.45,75.21,96.1
2021-09-01,sa,Automation,51-60,112.59,104.93,94.41,83.48,69.6,93.82
2021-09-01,sa,Automation,All ages,102.82,99.87,93.55,90.69,77.78,94.07
2021-10-01,percap,Augmentation,21-30,111.24,102.68,105.92,88.98,96.05,103.22
2021-10-01,percap,Augmentation,31-40,98.54,93.17,96.94,82.64,89.45,93.84
2021-10-01,percap,Augmentation,41-50,101.31,92.41,96.68,75.13,81.57,89.7
2021-10-01,percap,Augmentation,51-60,86.05,83.21,84.42,59.7,72.85,90.76
2021-10-01,percap,Augmentation,All ages,101.79,95.57,98.77,79.94,88.9,96.53
2021-10-01,percap,Automation,21-30,111.24,105.8,109.53,96.86,95.05,94.23
2021-10-01,percap,Automation,31-40,98.54,91.5,96.44,90.96,83.0,91.73
2021-10-01,percap,Automation,41-50,101.31,96.66,86.06,89.3,68.82,88.45
2021-10-01,percap,Automation,51-60,86.05,97.16,75.46,77.95,55.49,78.71
2021-10-01,percap,Automation,All ages,101.79,98.67,95.97,92.16,77.31,90.75
2021-10-01,percap_sa,Augmentation,21-30,105.69,91.69,101.69,86.56,98.45,95.98
2021-10-01,percap_sa,Augmentation,31-40,100.62,85.67,96.76,80.8,92.95,89.98
2021-10-01,percap_sa,Augmentation,41-50,112.1,85.2,93.55,76.06,85.65,90.14
2021-10-01,percap_sa,Augmentation,51-60,100.24,77.46,87.62,65.64,82.41,105.15
2021-10-01,percap_sa,Augmentation,All ages,105.28,87.03,97.01,79.83,92.95,94.37
2021-10-01,percap_sa,Automation,21-30,105.69,92.76,93.71,97.19,90.21,98.76
2021-10-01,percap_sa,Automation,31-40,100.62,83.48,86.71,91.32,82.79,99.07
2021-10-01,percap_sa,Automation,41-50,112.1,85.18,86.06,89.64,73.06,91.91
2021-10-01,percap_sa,Automation,51-60,100.24,90.21,82.14,83.85,67.21,87.29
2021-10-01,percap_sa,Automation,All ages,105.28,88.31,88.87,93.22,79.69,96.37
2021-10-01,raw,Augmentation,21-30,111.1,102.55,105.79,88.87,95.94,103.1
2021-10-01,raw,Augmentation,31-40,96.26,91.01,94.7,80.73,87.37,91.67
2021-10-01,raw,Augmentation,41-50,101.44,92.54,96.81,75.24,81.68,89.82
2021-10-01,raw,Augmentation,51-60,84.56,81.77,82.97,58.67,71.59,89.19
2021-10-01,raw,Augmentation,All ages,100.74,94.59,97.76,79.12,87.98,95.54
2021-10-01,raw,Automation,21-30,111.1,105.67,109.39,96.74,94.94,94.11
2021-10-01,raw,Automation,31-40,96.26,89.38,94.21,88.85,81.08,89.6
2021-10-01,raw,Automation,41-50,101.44,96.79,86.18,89.42,68.92,88.57
2021-10-01,raw,Automation,51-60,84.56,95.48,74.16,76.6,54.53,77.35
2021-10-01,raw,Automation,All ages,100.74,97.66,94.99,91.21,76.52,89.82
2021-10-01,sa,Augmentation,21-30,105.57,91.58,101.57,86.46,98.34,95.87
2021-10-01,sa,Augmentation,31-40,98.13,83.55,94.37,78.8,90.65,87.76
2021-10-01,sa,Augmentation,41-50,112.25,85.32,93.68,76.17,85.76,90.26
2021-10-01,sa,Augmentation,51-60,98.38,76.02,86.0,64.42,80.88,103.2
2021-10-01,sa,Augmentation,All ages,104.12,86.07,95.95,78.95,91.93,93.33
2021-10-01,sa,Automation,21-30,105.57,92.65,93.6,97.08,90.1,98.65
2021-10-01,sa,Automation,31-40,98.13,81.41,84.57,89.06,80.75,96.62
2021-10-01,sa,Automation,41-50,112.25,85.3,86.18,89.76,73.16,92.04
2021-10-01,sa,Automation,51-60,98.38,88.53,80.61,82.3,65.96,85.67
2021-10-01,sa,Automation,All ages,104.12,87.34,87.89,92.2,78.82,95.32
2021-11-01,percap,Augmentation,21-30,96.99,102.11,110.71,81.1,93.54,105.54
2021-11-01,percap,Augmentation,31-40,86.74,98.4,111.01,74.76,94.18,99.01
2021-11-01,percap,Augmentation,41-50,96.26,92.93,103.08,72.54,90.14,98.3
2021-11-01,percap,Augmentation,51-60,91.59,89.97,99.87,61.89,78.78,102.52
2021-11-01,percap,Augmentation,All ages,93.27,97.78,107.95,74.68,91.28,101.99
2021-11-01,percap,Automation,21-30,96.99,106.92,97.92,93.48,93.9,101.52
2021-11-01,percap,Automation,31-40,86.74,98.63,92.81,91.36,79.54,108.82
2021-11-01,percap,Automation,41-50,96.26,99.77,90.17,89.33,70.63,101.29
2021-11-01,percap,Automation,51-60,91.59,105.45,86.03,78.23,62.01,96.51
2021-11-01,percap,Automation,All ages,93.27,102.93,93.17,90.71,77.73,103.03
2021-11-01,percap_sa,Augmentation,21-30,96.99,102.11,110.71,81.1,93.54,105.54
2021-11-01,percap_sa,Augmentation,31-40,86.74,98.4,111.01,74.76,94.18,99.01
2021-11-01,percap_sa,Augmentation,41-50,96.26,92.93,103.08,72.54,90.14,98.3
2021-11-01,percap_sa,Augmentation,51-60,91.59,89.97,99.87,61.89,78.78,102.52
2021-11-01,percap_sa,Augmentation,All ages,93.27,97.78,107.95,74.68,91.28,101.99
2021-11-01,percap_sa,Automation,21-30,96.99,106.92,97.92,93.48,93.9,101.52
2021-11-01,percap_sa,Automation,31-40,86.74,98.63,92.81,91.36,79.54,108.82
2021-11-01,percap_sa,Automation,41-50,96.26,99.77,90.17,89.33,70.63,101.29
2021-11-01,percap_sa,Automation,51-60,91.59,105.45,86.03,78.23,62.01,96.51
2021-11-01,percap_sa,Automation,All ages,93.27,102.93,93.17,90.71,77.73,103.03
2021-11-01,raw,Augmentation,21-30,96.88,101.98,110.57,81.0,93.42,105.41
2021-11-01,raw,Augmentation,31-40,84.73,96.13,108.44,73.03,92.0,96.72
2021-11-01,raw,Augmentation,41-50,96.39,93.06,103.22,72.63,90.26,98.43
2021-11-01,raw,Augmentation,51-60,90.0,88.41,98.15,60.83,77.42,100.75
2021-11-01,raw,Augmentation,All ages,92.31,96.78,106.84,73.91,90.34,100.94
2021-11-01,raw,Automation,21-30,96.88,106.79,97.8,93.37,93.79,101.4
2021-11-01,raw,Automation,31-40,84.73,96.34,90.66,89.24,77.7,106.3
2021-11-01,raw,Automation,41-50,96.39,99.9,90.29,89.45,70.73,101.42
2021-11-01,raw,Automation,51-60,90.0,103.63,84.54,76.88,60.94,94.85
2021-11-01,raw,Automation,All ages,92.31,101.87,92.22,89.78,76.93,101.97
2021-11-01,sa,Augmentation,21-30,96.88,101.98,110.57,81.0,93.42,105.41
2021-11-01,sa,Augmentation,31-40,84.73,96.13,108.44,73.03,92.0,96.72
2021-11-01,sa,Augmentation,41-50,96.39,93.06,103.22,72.63,90.26,98.43
2021-11-01,sa,Augmentation,51-60,90.0,88.41,98.15,60.83,77.42,100.75
2021-11-01,sa,Augmentation,All ages,92.31,96.78,106.84,73.91,90.34,100.94
2021-11-01,sa,Automation,21-30,96.88,106.79,97.8,93.37,93.79,101.4
2021-11-01,sa,Automation,31-40,84.73,96.34,90.66,89.24,77.7,106.3
2021-11-01,sa,Automation,41-50,96.39,99.9,90.29,89.45,70.73,101.42
2021-11-01,sa,Automation,51-60,90.0,103.63,84.54,76.88,60.94,94.85
2021-11-01,sa,Automation,All ages,92.31,101.87,92.22,89.78,76.93,101.97
2021-12-01,percap,Augmentation,21-30,84.87,111.62,86.8,69.88,82.38,92.93
2021-12-01,percap,Augmentation,31-40,87.3,103.67,81.65,68.67,86.14,79.78
2021-12-01,percap,Augmentation,41-50,88.1,90.05,87.57,67.49,81.48,87.58
2021-12-01,percap,Augmentation,51-60,88.14,104.3,80.36,59.98,76.19,82.39
2021-12-01,percap,Augmentation,All ages,86.85,104.2,84.72,67.61,82.46,86.94
2021-12-01,percap,Automation,21-30,84.87,112.83,87.59,84.74,84.61,75.35
2021-12-01,percap,Automation,31-40,87.3,94.34,80.07,84.15,76.37,78.39
2021-12-01,percap,Automation,41-50,88.1,92.77,78.89,79.36,73.74,85.22
2021-12-01,percap,Automation,51-60,88.14,99.36,75.28,75.63,63.8,79.87
2021-12-01,percap,Automation,All ages,86.85,101.55,81.87,82.83,75.46,78.71
2021-12-01,percap_sa,Augmentation,21-30,96.61,98.1,106.27,92.69,106.05,109.68
2021-12-01,percap_sa,Augmentation,31-40,98.39,96.59,100.6,88.28,113.74,104.57
2021-12-01,percap_sa,Augmentation,41-50,102.52,87.69,100.02,87.62,108.74,114.49
2021-12-01,percap_sa,Augmentation,51-60,90.24,89.26,99.26,78.89,99.19,121.95
2021-12-01,percap_sa,Augmentation,All ages,97.29,94.58,102.63,88.42,107.73,110.78
2021-12-01,percap_sa,Automation,21-30,96.61,107.04,101.6,104.39,106.38,98.3
2021-12-01,percap_sa,Automation,31-40,98.39,96.86,99.95,107.94,94.96,100.52
2021-12-01,percap_sa,Automation,41-50,102.52,97.23,97.12,105.89,88.22,103.94
2021-12-01,percap_sa,Automation,51-60,90.24,103.31,96.29,102.13,77.71,100.59
2021-12-01,percap_sa,Automation,All ages,97.29,101.79,99.61,105.57,93.03,100.45
2021-12-01,raw,Augmentation,21-30,84.76,111.48,86.7,69.79,82.28,92.82
2021-12-01,raw,Augmentation,31-40,85.28,101.27,79.76,67.08,84.14,77.93
2021-12-01,raw,Augmentation,41-50,88.22,90.18,87.69,67.58,81.59,87.69
2021-12-01,raw,Augmentation,51-60,86.61,102.49,78.98,58.95,74.88,80.96
2021-12-01,raw,Augmentation,All ages,85.96,103.13,83.85,66.92,81.61,86.04
2021-12-01,raw,Automation,21-30,84.76,112.69,87.48,84.63,84.51,75.26
2021-12-01,raw,Automation,31-40,85.28,92.15,78.21,82.2,74.6,76.58
2021-12-01,raw,Automation,41-50,88.22,92.9,79.0,79.47,73.84,85.33
2021-12-01,raw,Automation,51-60,86.61,97.64,73.98,74.32,62.69,78.49
2021-12-01,raw,Automation,All ages,85.96,100.5,81.03,81.98,74.68,77.9
2021-12-01,sa,Augmentation,21-30,96.49,97.98,106.14,92.57,105.92,109.54
2021-12-01,sa,Augmentation,31-40,96.27,94.5,98.43,86.37,111.29,102.31
2021-12-01,sa,Augmentation,41-50,102.66,87.81,100.15,87.74,108.89,114.64
2021-12-01,sa,Augmentation,51-60,88.8,87.84,97.67,77.63,97.6,120.0
2021-12-01,sa,Augmentation,All ages,96.36,93.68,101.65,87.57,106.71,109.72
2021-12-01,sa,Automation,21-30,96.49,106.91,101.47,104.26,106.25,98.18
2021-12-01,sa,Automation,31-40,96.27,94.77,97.8,105.61,92.91,98.35
2021-12-01,sa,Automation,41-50,102.66,97.36,97.25,106.03,88.33,104.08
2021-12-01,sa,Automation,51-60,88.8,101.66,94.75,100.5,76.47,98.98
2021-12-01,sa,Automation,All ages,96.36,100.82,98.66,104.57,92.15,99.49
2022-01-01,percap,Augmentation,21-30,131.6,97.54,133.72,89.21,91.59,147.48
2022-01-01,percap,Augmentation,31-40,121.34,109.52,145.75,117.73,127.77,165.32
2022-01-01,percap,Augmentation,41-50,122.94,108.73,167.74,126.08,146.09,178.65
2022-01-01,percap,Augmentation,51-60,128.61,124.34,180.0,128.83,150.55,218.16
2022-01-01,percap,Augmentation,All ages,126.46,106.69,150.18,111.15,118.33,166.96
2022-01-01,percap,Automation,21-30,131.6,118.37,155.8,92.45,130.36,101.76
2022-01-01,percap,Automation,31-40,121.34,135.49,163.89,119.27,137.14,129.4
2022-01-01,percap,Automation,41-50,122.94,153.83,164.42,137.53,143.44,142.49
2022-01-01,percap,Automation,51-60,128.61,190.91,158.97,152.65,137.15,161.24
2022-01-01,percap,Automation,All ages,126.46,140.76,160.53,113.78,136.91,124.22
2022-01-01,percap_sa,Augmentation,21-30,95.81,93.84,100.08,79.6,89.56,108.91
2022-01-01,percap_sa,Augmentation,31-40,93.67,91.85,93.19,78.66,95.14,108.57
2022-01-01,percap_sa,Augmentation,41-50,105.22,87.11,95.48,78.18,92.68,114.57
2022-01-01,percap_sa,Augmentation,51-60,93.49,88.33,95.87,74.78,88.55,132.26
2022-01-01,percap_sa,Augmentation,All ages,96.94,90.98,96.52,78.61,91.64,112.98
2022-01-01,percap_sa,Automation,21-30,95.81,96.51,103.04,90.24,96.36,91.58
2022-01-01,percap_sa,Automation,31-40,93.67,96.82,96.92,93.13,87.37,90.94
2022-01-01,percap_sa,Automation,41-50,105.22,100.39,99.84,93.54,80.7,90.71
2022-01-01,percap_sa,Automation,51-60,93.49,114.29,97.77,91.44,76.51,91.1
2022-01-01,percap_sa,Automation,All ages,96.94,100.23,99.78,91.99,85.98,91.21
2022-01-01,raw,Augmentation,21-30,131.42,97.41,133.54,89.09,91.47,147.29
2022-01-01,raw,Augmentation,31-40,119.1,107.5,143.07,115.56,125.42,162.28
2022-01-01,raw,Augmentation,41-50,123.02,108.79,167.85,126.16,146.19,178.76
2022-01-01,raw,Augmentation,51-60,126.9,122.69,177.61,127.12,148.55,215.26
2022-01-01,raw,Augmentation,All ages,125.41,105.81,148.94,110.23,117.35,165.58
2022-01-01,raw,Automation,21-30,131.42,118.22,155.59,92.32,130.19,101.62
2022-01-01,raw,Automation,31-40,119.1,132.99,160.87,117.07,134.61,127.01
2022-01-01,raw,Automation,41-50,123.02,153.93,164.53,137.62,143.53,142.58
2022-01-01,raw,Automation,51-60,126.9,188.38,156.86,150.63,135.33,159.1
2022-01-01,raw,Automation,All ages,125.41,139.6,159.2,112.84,135.78,123.19
2022-01-01,sa,Augmentation,21-30,95.69,93.71,99.95,79.49,89.45,108.77
2022-01-01,sa,Augmentation,31-40,91.8,90.01,91.33,77.09,93.24,106.4
2022-01-01,sa,Augmentation,41-50,105.28,87.16,95.54,78.23,92.73,114.64
2022-01-01,sa,Augmentation,51-60,92.14,87.04,94.48,73.69,87.26,130.34
2022-01-01,sa,Augmentation,All ages,96.07,90.16,95.65,77.9,90.82,111.97
2022-01-01,sa,Automation,21-30,95.69,96.38,102.91,90.13,96.23,91.47
2022-01-01,sa,Automation,31-40,91.8,94.89,94.98,91.26,85.62,89.12
2022-01-01,sa,Automation,41-50,105.28,100.45,99.9,93.6,80.75,90.76
2022-01-01,sa,Automation,51-60,92.14,112.63,96.35,90.11,75.4,89.78
2022-01-01,sa,Automation,All ages,96.07,99.33,98.89,91.17,85.2,90.39
2022-02-01,percap,Augmentation,21-30,101.32,90.52,103.67,75.77,78.49,99.5
2022-02-01,percap,Augmentation,31-40,88.4,86.82,107.56,79.08,84.51,95.82
2022-02-01,percap,Augmentation,41-50,85.06,83.7,112.88,75.26,80.07,90.07
2022-02-01,percap,Augmentation,51-60,77.97,80.45,105.95,62.84,68.25,89.18
2022-02-01,percap,Augmentation,All ages,90.62,86.89,106.96,74.72,78.98,95.49
2022-02-01,percap,Automation,21-30,101.32,99.63,94.35,79.73,92.17,91.2
2022-02-01,percap,Automation,31-40,88.4,94.51,89.13,83.67,80.77,104.92
2022-02-01,percap,Automation,41-50,85.06,97.38,81.15,84.1,66.44,108.49
2022-02-01,percap,Automation,51-60,77.97,95.74,75.57,76.47,53.5,100.9
2022-02-01,percap,Automation,All ages,90.62,97.22,87.4,81.21,74.91,99.48
2022-02-01,percap_sa,Augmentation,21-30,101.9,102.69,112.91,91.02,102.69,111.51
2022-02-01,percap_sa,Augmentation,31-40,94.04,96.46,113.11,91.75,106.34,113.02
2022-02-01,percap_sa,Augmentation,41-50,101.52,95.3,116.01,86.86,104.12,108.6
2022-02-01,percap_sa,Augmentation,51-60,103.44,92.71,121.26,82.03,101.07,122.88
2022-02-01,percap_sa,Augmentation,All ages,100.01,98.17,114.76,89.22,103.77,113.0
2022-02-01,percap_sa,Automation,21-30,101.9,111.47,106.22,103.73,96.1,103.72
2022-02-01,percap_sa,Automation,31-40,94.04,102.64,107.28,106.1,90.84,110.61
2022-02-01,percap_sa,Automation,41-50,101.52,104.89,104.91,106.03,76.8,113.68
2022-02-01,percap_sa,Automation,51-60,103.44,114.83,109.94,105.03,74.59,113.06
2022-02-01,percap_sa,Automation,All ages,100.01,107.97,106.9,105.08,85.94,108.78
2022-02-01,raw,Augmentation,21-30,101.18,90.4,103.53,75.67,78.39,99.37
2022-02-01,raw,Augmentation,31-40,86.77,85.22,105.57,77.62,82.95,94.05
2022-02-01,raw,Augmentation,41-50,85.11,83.75,112.95,75.31,80.12,90.13
2022-02-01,raw,Augmentation,51-60,76.94,79.38,104.55,62.0,67.35,88.0
2022-02-01,raw,Augmentation,All ages,89.88,86.17,106.08,74.1,78.33,94.7
2022-02-01,raw,Automation,21-30,101.18,99.5,94.22,79.63,92.05,91.08
2022-02-01,raw,Automation,31-40,86.77,92.77,87.49,82.12,79.28,102.98
2022-02-01,raw,Automation,41-50,85.11,97.44,81.2,84.15,66.48,108.56
2022-02-01,raw,Automation,51-60,76.94,94.47,74.56,75.45,52.79,99.56
2022-02-01,raw,Automation,All ages,89.88,96.41,86.68,80.54,74.29,98.65
2022-02-01,sa,Augmentation,21-30,101.77,102.56,112.76,90.9,102.55,111.36
2022-02-01,sa,Augmentation,31-40,92.31,94.68,111.03,90.06,104.38,110.94
2022-02-01,sa,Augmentation,41-50,101.58,95.36,116.08,86.91,104.18,108.66
2022-02-01,sa,Augmentation,51-60,102.07,91.48,119.65,80.95,99.73,121.25
2022-02-01,sa,Augmentation,All ages,99.19,97.36,113.82,88.48,102.92,112.06
2022-02-01,sa,Automation,21-30,101.77,111.32,106.08,103.6,95.97,103.59
2022-02-01,sa,Automation,31-40,92.31,100.75,105.3,104.15,89.16,108.57
2022-02-01,sa,Automation,41-50,101.58,104.95,104.97,106.09,76.85,113.75
2022-02-01,sa,Automation,51-60,102.07,113.31,108.48,103.63,73.6,111.56
2022-02-01,sa,Automation,All ages,99.19,107.08,106.02,104.22,85.23,107.89
2022-03-01,percap,Augmentation,21-30,101.22,93.54,97.92,79.69,78.2,97.89
2022-03-01,percap,Augmentation,31-40,90.16,92.1,103.09,86.5,86.92,97.98
2022-03-01,percap,Augmentation,41-50,85.76,90.29,100.19,82.04,87.1,95.66
2022-03-01,percap,Augmentation,51-60,90.67,92.61,93.77,80.02,80.92,108.16
2022-03-01,percap,Augmentation,All ages,93.17,92.44,99.34,82.22,82.42,98.73
2022-03-01,percap,Automation,21-30,101.22,96.58,99.07,80.41,82.91,90.73
2022-03-01,percap,Automation,31-40,90.16,96.96,97.47,91.23,78.86,98.93
2022-03-01,percap,Automation,41-50,85.76,99.24,87.67,98.61,73.49,89.93
2022-03-01,percap,Automation,51-60,90.67,100.69,82.5,102.9,61.88,91.43
2022-03-01,percap,Automation,All ages,93.17,97.88,93.88,88.88,75.28,93.0
2022-03-01,percap_sa,Augmentation,21-30,108.69,107.2,101.75,94.01,102.0,112.38
2022-03-01,percap_sa,Augmentation,31-40,104.22,104.38,94.11,95.12,105.63,107.05
2022-03-01,percap_sa,Augmentation,41-50,108.5,102.48,88.01,93.09,109.63,111.05
2022-03-01,percap_sa,Augmentation,51-60,110.91,108.05,95.2,96.96,103.43,128.21
2022-03-01,percap_sa,Augmentation,All ages,107.92,105.53,95.65,94.68,104.56,112.5
2022-03-01,percap_sa,Automation,21-30,108.69,108.05,108.79,103.87,98.25,97.4
2022-03-01,percap_sa,Automation,31-40,104.22,108.52,103.64,107.09,88.37,93.47
2022-03-01,percap_sa,Automation,41-50,108.5,109.41,104.81,115.56,85.54,83.15
2022-03-01,percap_sa,Automation,51-60,110.91,120.27,110.98,112.8,85.23,91.6
2022-03-01,percap_sa,Automation,All ages,107.92,110.16,106.82,107.97,89.71,92.54
2022-03-01,raw,Augmentation,21-30,101.09,93.42,97.79,79.58,78.1,97.76
2022-03-01,raw,Augmentation,31-40,88.5,90.4,101.19,84.91,85.32,96.18
2022-03-01,raw,Augmentation,41-50,85.82,90.35,100.25,82.09,87.15,95.72
2022-03-01,raw,Augmentation,51-60,89.47,91.38,92.52,78.95,79.85,106.73
2022-03-01,raw,Augmentation,All ages,92.4,91.68,98.52,81.54,81.73,97.92
2022-03-01,raw,Automation,21-30,101.09,96.46,98.94,80.3,82.8,90.61
2022-03-01,raw,Automation,31-40,88.5,95.17,95.67,89.54,77.4,97.11
2022-03-01,raw,Automation,41-50,85.82,99.3,87.73,98.67,73.53,89.98
2022-03-01,raw,Automation,51-60,89.47,99.35,81.4,101.53,61.06,90.22
2022-03-01,raw,Automation,All ages,92.4,97.07,93.11,88.14,74.66,92.24
2022-03-01,sa,Augmentation,21-30,108.55,107.06,101.61,93.89,101.86,112.23
2022-03-01,sa,Augmentation,31-40,102.46,102.62,92.52,93.51,103.84,105.24
2022-03-01,sa,Augmentation,41-50,108.57,102.55,88.07,93.15,109.71,111.13
2022-03-01,sa,Augmentation,51-60,109.58,106.75,94.06,95.79,102.19,126.67
2022-03-01,sa,Augmentation,All ages,107.1,104.74,94.93,93.97,103.77,111.65
2022-03-01,sa,Automation,21-30,108.55,107.9,108.64,103.72,98.11,97.26
2022-03-01,sa,Automation,31-40,102.46,106.69,101.89,105.29,86.88,91.9
2022-03-01,sa,Automation,41-50,108.57,109.48,104.88,115.64,85.59,83.21
2022-03-01,sa,Automation,51-60,109.58,118.83,109.65,111.44,84.2,90.5
2022-03-01,sa,Automation,All ages,107.1,109.33,106.02,107.16,89.03,91.84
2022-04-01,percap,Augmentation,21-30,100.9,89.08,96.21,76.28,73.85,99.31
2022-04-01,percap,Augmentation,31-40,85.95,91.4,101.5,76.27,83.69,97.3
2022-04-01,percap,Augmentation,41-50,86.44,88.46,103.65,70.43,75.77,97.22
2022-04-01,percap,Augmentation,51-60,76.21,85.35,91.11,64.62,68.91,98.27
2022-04-01,percap,Augmentation,All ages,89.8,89.19,98.51,73.32,76.01,98.25
2022-04-01,percap,Automation,21-30,100.9,91.88,99.6,79.01,75.41,87.15
2022-04-01,percap,Automation,31-40,85.95,96.06,95.33,88.1,74.0,92.81
2022-04-01,percap,Automation,41-50,86.44,98.47,92.73,82.94,71.11,87.29
2022-04-01,percap,Automation,51-60,76.21,104.51,90.69,75.63,55.25,79.2
2022-04-01,percap,Automation,All ages,89.8,96.24,95.66,81.67,69.99,87.84
2022-04-01,percap_sa,Augmentation,21-30,110.64,98.65,114.4,88.31,94.44,109.34
2022-04-01,percap_sa,Augmentation,31-40,100.96,98.1,115.05,87.47,98.08,105.72
2022-04-01,percap_sa,Augmentation,41-50,112.9,92.89,121.41,83.49,92.92,107.06
2022-04-01,percap_sa,Augmentation,51-60,103.14,94.24,116.77,85.19,87.83,102.82
2022-04-01,percap_sa,Augmentation,All ages,107.61,96.63,116.4,86.67,94.19,107.04
2022-04-01,percap_sa,Automation,21-30,110.64,95.83,102.13,99.42,92.65,109.23
2022-04-01,percap_sa,Automation,31-40,100.96,92.29,98.14,104.57,87.58,116.09
2022-04-01,percap_sa,Automation,41-50,112.9,94.47,105.28,99.63,83.25,113.44
2022-04-01,percap_sa,Automation,51-60,103.14,104.17,101.46,93.71,76.42,110.52
2022-04-01,percap_sa,Automation,All ages,107.61,95.56,101.43,100.27,85.9,112.2
2022-04-01,raw,Augmentation,21-30,100.81,89.0,96.12,76.21,73.79,99.22
2022-04-01,raw,Augmentation,31-40,84.88,90.27,100.24,75.33,82.66,96.1
2022-04-01,raw,Augmentation,41-50,86.48,88.5,103.7,70.45,75.8,97.26
2022-04-01,raw,Augmentation,51-60,75.53,84.59,90.3,64.04,68.29,97.39
2022-04-01,raw,Augmentation,All ages,89.31,88.7,97.97,72.91,75.59,97.7
2022-04-01,raw,Automation,21-30,100.81,91.8,99.51,78.94,75.34,87.07
2022-04-01,raw,Automation,31-40,84.88,94.87,94.15,87.01,73.08,91.66
2022-04-01,raw,Automation,41-50,86.48,98.51,92.77,82.97,71.14,87.33
2022-04-01,raw,Automation,51-60,75.53,103.57,89.88,74.96,54.76,78.5
2022-04-01,raw,Automation,All ages,89.31,95.71,95.13,81.22,69.6,87.36
2022-04-01,sa,Augmentation,21-30,110.55,98.57,114.3,88.24,94.36,109.24
2022-04-01,sa,Augmentation,31-40,99.56,96.74,113.46,86.25,96.72,104.26
2022-04-01,sa,Augmentation,41-50,112.92,92.9,121.44,83.51,92.94,107.08
2022-04-01,sa,Augmentation,51-60,102.12,93.3,115.61,84.34,86.95,101.8
2022-04-01,sa,Augmentation,All ages,106.93,96.03,115.68,86.13,93.61,106.37
2022-04-01,sa,Automation,21-30,110.55,95.75,102.04,99.33,92.58,109.14
2022-04-01,sa,Automation,31-40,99.56,91.01,96.78,103.12,86.36,114.48
2022-04-01,sa,Automation,41-50,112.92,94.49,105.3,99.64,83.27,113.46
2022-04-01,sa,Automation,51-60,102.12,103.13,100.45,92.77,75.66,109.41
2022-04-01,sa,Automation,All ages,106.93,94.96,100.79,99.65,85.36,111.5
2022-05-01,percap,Augmentation,21-30,127.83,110.77,115.05,91.67,97.6,120.01
2022-05-01,percap,Augmentation,31-40,118.84,113.19,121.52,98.41,102.3,130.76
2022-05-01,percap,Augmentation,41-50,118.3,103.55,123.56,91.24,94.73,127.97
2022-05-01,percap,Augmentation,51-60,102.21,96.22,122.32,75.4,81.18,126.7
2022-05-01,percap,Augmentation,All ages,119.36,108.2,119.6,91.1,96.11,125.57
2022-05-01,percap,Automation,21-30,127.83,112.87,111.45,98.63,99.17,111.46
2022-05-01,percap,Automation,31-40,118.84,124.41,108.83,107.08,100.15,120.48
2022-05-01,percap,Automation,41-50,118.3,125.5,101.71,102.46,83.8,120.15
2022-05-01,percap,Automation,51-60,102.21,119.73,87.96,87.49,65.59,130.11
2022-05-01,percap,Automation,All ages,119.36,119.86,105.31,100.25,89.08,117.88
2022-05-01,percap_sa,Augmentation,21-30,104.67,96.42,128.2,93.85,102.15,114.85
2022-05-01,percap_sa,Augmentation,31-40,99.31,97.85,126.3,92.91,108.92,121.07
2022-05-01,percap_sa,Augmentation,41-50,108.43,93.08,125.56,89.47,103.34,116.24
2022-05-01,percap_sa,Augmentation,51-60,99.1,89.92,132.2,84.2,96.83,120.1
2022-05-01,percap_sa,Augmentation,All ages,103.35,95.37,127.75,91.42,103.44,117.79
2022-05-01,percap_sa,Automation,21-30,104.67,105.01,108.88,99.22,110.55,119.9
2022-05-01,percap_sa,Automation,31-40,99.31,109.49,104.28,107.48,102.88,121.92
2022-05-01,percap_sa,Automation,41-50,108.43,111.88,103.32,102.73,87.56,119.9
2022-05-01,percap_sa,Automation,51-60,99.1,116.44,98.64,94.61,80.8,131.21
2022-05-01,percap_sa,Automation,All ages,103.35,109.39,105.11,101.56,97.03,121.97
2022-05-01,raw,Augmentation,21-30,127.72,110.67,114.95,91.59,97.51,119.91
2022-05-01,raw,Augmentation,31-40,117.36,111.78,120.01,97.2,101.03,129.14
2022-05-01,raw,Augmentation,41-50,118.35,103.59,123.62,91.28,94.77,128.02
2022-05-01,raw,Augmentation,51-60,101.3,95.36,121.23,74.73,80.45,125.57
2022-05-01,raw,Augmentation,All ages,118.7,107.6,118.93,90.6,95.58,124.87
2022-05-01,raw,Automation,21-30,127.72,112.77,111.35,98.54,99.08,111.36
2022-05-01,raw,Automation,31-40,117.36,122.87,107.48,105.75,98.91,118.99
2022-05-01,raw,Automation,41-50,118.35,125.55,101.75,102.5,83.84,120.2
2022-05-01,raw,Automation,51-60,101.3,118.67,87.17,86.72,65.0,128.95
2022-05-01,raw,Automation,All ages,118.7,119.19,104.73,99.69,88.58,117.23
2022-05-01,sa,Augmentation,21-30,104.58,96.33,128.09,93.77,102.06,114.75
2022-05-01,sa,Augmentation,31-40,98.09,96.64,124.75,91.77,107.58,119.58
2022-05-01,sa,Augmentation,41-50,108.46,93.11,125.6,89.5,103.37,116.27
2022-05-01,sa,Augmentation,51-60,98.23,89.13,131.04,83.46,95.98,119.05
2022-05-01,sa,Augmentation,All ages,102.78,94.84,127.05,90.91,102.87,117.14
2022-05-01,sa,Automation,21-30,104.58,104.92,108.79,99.13,110.45,119.79
2022-05-01,sa,Automation,31-40,98.09,108.14,103.0,106.16,101.61,120.42
2022-05-01,sa,Automation,41-50,108.46,111.91,103.35,102.76,87.59,119.93
2022-05-01,sa,Automation,51-60,98.23,115.43,97.77,93.78,80.1,130.06
2022-05-01,sa,Automation,All ages,102.78,108.79,104.53,101.0,96.5,121.3
2022-06-01,percap,Augmentation,21-30,150.3,130.33,119.59,110.11,121.33,136.59
2022-06-01,percap,Augmentation,31-40,105.61,95.6,98.6,75.05,87.12,97.37
2022-06-01,percap,Augmentation,41-50,96.69,95.4,104.26,70.8,78.49,97.26
2022-06-01,percap,Augmentation,51-60,101.08,84.07,90.83,61.94,71.19,96.26
2022-06-01,percap,Augmentation,All ages,118.49,107.6,106.79,84.6,98.61,112.84
2022-06-01,percap,Automation,21-30,150.3,137.03,129.54,123.54,102.01,116.8
2022-06-01,percap,Automation,31-40,105.61,100.84,93.56,94.1,65.59,90.35
2022-06-01,percap,Automation,41-50,96.69,104.24,95.26,90.27,61.08,88.2
2022-06-01,percap,Automation,51-60,101.08,105.02,82.87,80.99,52.66,77.66
2022-06-01,percap,Automation,All ages,118.49,115.34,105.15,105.79,71.58,99.58
2022-06-01,percap_sa,Augmentation,21-30,99.37,98.43,118.33,94.11,97.97,111.86
2022-06-01,percap_sa,Augmentation,31-40,88.38,95.01,117.07,85.51,102.46,112.43
2022-06-01,percap_sa,Augmentation,41-50,97.62,97.04,123.11,83.48,98.62,120.12
2022-06-01,percap_sa,Augmentation,51-60,100.81,91.08,120.64,79.44,98.0,128.46
2022-06-01,percap_sa,Augmentation,All ages,96.71,96.57,119.29,87.79,99.39,115.42
2022-06-01,percap_sa,Automation,21-30,99.37,115.18,109.65,96.95,99.11,107.11
2022-06-01,percap_sa,Automation,31-40,88.38,104.05,110.57,102.8,86.71,106.02
2022-06-01,percap_sa,Automation,41-50,97.62,110.13,121.19,103.86,80.23,104.92
2022-06-01,percap_sa,Automation,51-60,100.81,115.69,117.14,103.43,75.6,103.09
2022-06-01,percap_sa,Automation,All ages,96.71,111.37,112.93,100.15,86.83,106.3
2022-06-01,raw,Augmentation,21-30,150.16,130.21,119.49,110.01,121.22,136.47
2022-06-01,raw,Augmentation,31-40,104.3,94.42,97.38,74.12,86.04,96.17
2022-06-01,raw,Augmentation,41-50,96.74,95.44,104.3,70.83,78.52,97.31
2022-06-01,raw,Augmentation,51-60,100.18,83.32,90.02,61.39,70.55,95.4
2022-06-01,raw,Augmentation,All ages,117.83,107.01,106.2,84.13,98.06,112.21
2022-06-01,raw,Automation,21-30,150.16,136.91,129.43,123.43,101.92,116.69
2022-06-01,raw,Automation,31-40,104.3,99.59,92.4,92.94,64.78,89.24
2022-06-01,raw,Automation,41-50,96.74,104.29,95.3,90.31,61.11,88.24
2022-06-01,raw,Automation,51-60,100.18,104.09,82.13,80.26,52.19,76.97
2022-06-01,raw,Automation,All ages,117.83,114.7,104.56,105.2,71.19,99.03
2022-06-01,sa,Augmentation,21-30,99.28,98.34,118.22,94.02,97.88,111.76
2022-06-01,sa,Augmentation,31-40,87.43,93.99,115.81,84.59,101.36,111.22
2022-06-01,sa,Augmentation,41-50,97.65,97.07,123.16,83.51,98.65,120.17
2022-06-01,sa,Augmentation,51-60,100.05,90.4,119.73,78.84,97.26,127.49
2022-06-01,sa,Augmentation,All ages,96.25,96.11,118.72,87.37,98.91,114.86
2022-06-01,sa,Automation,21-30,99.28,115.07,109.55,96.86,99.02,107.01
2022-06-01,sa,Automation,31-40,87.43,102.93,109.38,101.69,85.77,104.88
2022-06-01,sa,Automation,41-50,97.65,110.17,121.24,103.9,80.25,104.96
2022-06-01,sa,Automation,51-60,100.05,114.82,116.26,102.65,75.03,102.32
2022-06-01,sa,Automation,All ages,96.25,110.84,112.39,99.67,86.42,105.79
2022-07-01,percap,Augmentation,21-30,144.32,134.39,106.57,87.55,111.91,139.18
2022-07-01,percap,Augmentation,31-40,81.47,87.97,69.9,48.55,64.55,71.62
2022-07-01,percap,Augmentation,41-50,74.68,78.59,73.85,44.38,56.65,65.89
2022-07-01,percap,Augmentation,51-60,68.5,74.26,71.72,41.59,50.79,67.94
2022-07-01,percap,Augmentation,All ages,99.75,102.29,85.04,60.38,82.17,96.85
2022-07-01,percap,Automation,21-30,144.32,121.95,127.92,117.21,98.54,100.93
2022-07-01,percap,Automation,31-40,81.47,76.35,69.07,71.79,44.26,65.75
2022-07-01,percap,Automation,41-50,74.68,76.19,64.58,63.23,41.56,64.79
2022-07-01,percap,Automation,51-60,68.5,76.81,65.35,58.15,34.95,63.63
2022-07-01,percap,Automation,All ages,99.75,92.96,88.36,89.97,56.09,80.04
2022-07-01,percap_sa,Augmentation,21-30,94.44,91.04,97.19,77.07,85.9,105.72
2022-07-01,percap_sa,Augmentation,31-40,92.76,93.54,100.13,72.87,91.38,102.93
2022-07-01,percap_sa,Augmentation,41-50,97.33,87.46,99.68,69.6,90.43,100.22
2022-07-01,percap_sa,Augmentation,51-60,93.23,86.84,97.23,67.21,84.06,109.42
2022-07-01,percap_sa,Augmentation,All ages,94.8,90.48,98.14,73.31,87.71,105.0
2022-07-01,percap_sa,Automation,21-30,94.44,94.98,97.28,89.46,81.78,89.97
2022-07-01,percap_sa,Automation,31-40,92.76,93.24,100.17,92.22,74.56,95.15
2022-07-01,percap_sa,Automation,41-50,97.33,95.33,95.75,88.33,71.95,93.18
2022-07-01,percap_sa,Automation,51-60,93.23,97.28,97.28,87.05,63.65,93.21
2022-07-01,percap_sa,Automation,All ages,94.8,94.76,97.53,90.01,73.97,92.1
2022-07-01,raw,Augmentation,21-30,144.26,134.33,106.53,87.51,111.86,139.12
2022-07-01,raw,Augmentation,31-40,80.97,87.42,69.47,48.25,64.15,71.17
2022-07-01,raw,Augmentation,41-50,74.69,78.6,73.87,44.38,56.66,65.91
2022-07-01,raw,Augmentation,51-60,68.19,73.93,71.4,41.41,50.56,67.64
2022-07-01,raw,Augmentation,All ages,99.48,102.01,84.81,60.21,81.94,96.58
2022-07-01,raw,Automation,21-30,144.26,121.89,127.86,117.16,98.49,100.88
2022-07-01,raw,Automation,31-40,80.97,75.88,68.65,71.35,43.98,65.34
2022-07-01,raw,Automation,41-50,74.69,76.21,64.59,63.24,41.56,64.8
2022-07-01,raw,Automation,51-60,68.19,76.47,65.06,57.89,34.79,63.35
2022-07-01,raw,Automation,All ages,99.48,92.7,88.11,89.72,55.94,79.82
2022-07-01,sa,Augmentation,21-30,94.4,91.01,97.15,77.04,85.87,105.68
2022-07-01,sa,Augmentation,31-40,92.04,92.81,99.36,72.31,90.68,102.14
2022-07-01,sa,Augmentation,41-50,97.34,87.47,99.7,69.61,90.45,100.24
2022-07-01,sa,Augmentation,51-60,92.7,86.35,96.68,66.83,83.59,108.8
2022-07-01,sa,Augmentation,All ages,94.47,90.17,97.8,73.05,87.41,104.63
2022-07-01,sa,Automation,21-30,94.4,94.95,97.24,89.42,81.75,89.93
2022-07-01,sa,Automation,31-40,92.04,92.52,99.39,91.51,73.98,94.41
2022-07-01,sa,Automation,41-50,97.34,95.34,95.76,88.34,71.96,93.19
2022-07-01,sa,Automation,51-60,92.7,96.73,96.73,86.56,63.29,92.69
2022-07-01,sa,Automation,All ages,94.47,94.43,97.19,89.7,73.71,91.78
2022-08-01,percap,Augmentation,21-30,126.34,102.2,129.36,119.06,97.07,157.41
2022-08-01,percap,Augmentation,31-40,82.21,86.34,108.85,90.19,93.28,99.04
2022-08-01,percap,Augmentation,41-50,85.87,75.67,97.26,78.05,80.97,85.91
2022-08-01,percap,Augmentation,51-60,71.19,68.17,85.44,58.81,68.58,75.0
2022-08-01,percap,Augmentation,All ages,96.63,88.02,111.32,93.1,89.45,116.89
2022-08-01,percap,Automation,21-30,126.34,110.05,144.39,102.82,148.77,122.79
2022-08-01,percap,Automation,31-40,82.21,86.03,98.23,90.01,91.21,112.27
2022-08-01,percap,Automation,41-50,85.87,81.79,81.35,81.37,76.26,96.06
2022-08-01,percap,Automation,51-60,71.19,74.28,66.41,71.22,63.1,78.72
2022-08-01,percap,Automation,All ages,96.63,92.28,106.41,92.43,97.2,109.65
2022-08-01,percap_sa,Augmentation,21-30,97.75,97.55,102.63,86.29,92.43,110.26
2022-08-01,percap_sa,Augmentation,31-40,95.98,95.47,101.49,81.57,99.85,106.2
2022-08-01,percap_sa,Augmentation,41-50,117.24,94.06,99.56,79.68,93.57,105.29
2022-08-01,percap_sa,Augmentation,51-60,103.66,91.16,104.9,75.29,92.86,113.31
2022-08-01,percap_sa,Augmentation,All ages,101.66,95.6,102.0,82.26,94.49,109.18
2022-08-01,percap_sa,Automation,21-30,97.75,105.17,101.22,93.46,103.5,94.55
2022-08-01,percap_sa,Automation,31-40,95.98,96.17,100.35,98.93,87.93,97.76
2022-08-01,percap_sa,Automation,41-50,117.24,97.3,97.34,96.3,81.35,94.57
2022-08-01,percap_sa,Automation,51-60,103.66,100.0,98.49,95.02,85.52,94.33
2022-08-01,percap_sa,Automation,All ages,101.66,100.64,100.11,95.45,90.37,95.5
2022-08-01,raw,Augmentation,21-30,126.29,102.16,129.31,119.01,97.03,157.34
2022-08-01,raw,Augmentation,31-40,81.7,85.8,108.17,89.64,92.7,98.43
2022-08-01,raw,Augmentation,41-50,85.89,75.69,97.28,78.07,80.98,85.92
2022-08-01,raw,Augmentation,51-60,70.87,67.86,85.06,58.54,68.28,74.67
2022-08-01,raw,Augmentation,All ages,96.36,87.78,111.01,92.84,89.2,116.56
2022-08-01,raw,Automation,21-30,126.29,110.0,144.32,102.77,148.71,122.74
2022-08-01,raw,Automation,31-40,81.7,85.5,97.63,89.45,90.64,111.58
2022-08-01,raw,Automation,41-50,85.89,81.81,81.37,81.38,76.28,96.08
2022-08-01,raw,Automation,51-60,70.87,73.94,66.12,70.9,62.82,78.37
2022-08-01,raw,Automation,All ages,96.36,92.02,106.12,92.17,96.93,109.34
2022-08-01,sa,Augmentation,21-30,97.71,97.51,102.59,86.26,92.39,110.21
2022-08-01,sa,Augmentation,31-40,95.39,94.88,100.86,81.07,99.24,105.55
2022-08-01,sa,Augmentation,41-50,117.25,94.06,99.57,79.68,93.57,105.3
2022-08-01,sa,Augmentation,51-60,103.22,90.77,104.45,74.96,92.46,112.82
2022-08-01,sa,Augmentation,All ages,101.38,95.34,101.72,82.03,94.23,108.87
2022-08-01,sa,Automation,21-30,97.71,105.13,101.17,93.41,103.45,94.51
2022-08-01,sa,Automation,31-40,95.39,95.58,99.73,98.33,87.38,97.16
2022-08-01,sa,Automation,41-50,117.25,97.3,97.34,96.3,81.36,94.58
2022-08-01,sa,Automation,51-60,103.22,99.57,98.06,94.61,85.15,93.92
2022-08-01,sa,Automation,All ages,101.38,100.37,99.83,95.19,90.12,95.24
2022-09-01,percap,Augmentation,21-30,126.08,117.8,158.96,119.68,131.66,155.53
2022-09-01,percap,Augmentation,31-40,107.35,111.65,133.6,103.71,118.24,128.98
2022-09-01,percap,Augmentation,41-50,96.62,99.26,128.77,96.01,103.72,120.01
2022-09-01,percap,Augmentation,51-60,98.27,91.92,107.24,74.91,90.36,116.26
2022-09-01,percap,Augmentation,All ages,110.09,109.04,138.85,103.41,117.83,136.34
2022-09-01,percap,Automation,21-30,126.08,128.89,152.14,130.59,155.52,138.15
2022-09-01,percap,Automation,31-40,107.35,113.45,120.36,116.96,116.0,128.28
2022-09-01,percap,Automation,41-50,96.62,107.13,109.81,109.74,98.03,118.94
2022-09-01,percap,Automation,51-60,98.27,115.38,88.05,92.32,79.52,100.46
2022-09-01,percap,Automation,All ages,110.09,118.03,124.74,119.35,114.84,127.37
2022-09-01,percap_sa,Augmentation,21-30,92.6,94.45,110.33,87.47,96.49,108.48
2022-09-01,percap_sa,Augmentation,31-40,95.11,93.15,110.13,87.57,102.55,109.4
2022-09-01,percap_sa,Augmentation,41-50,99.31,87.18,108.25,84.2,96.56,111.63
2022-09-01,percap_sa,Augmentation,51-60,94.9,82.76,105.3,74.66,95.21,124.59
2022-09-01,percap_sa,Augmentation,All ages,95.18,91.24,109.32,85.05,97.86,111.07
2022-09-01,percap_sa,Automation,21-30,92.6,102.66,101.9,96.4,99.95,101.7
2022-09-01,percap_sa,Automation,31-40,95.11,97.07,101.78,99.59,96.61,107.62
2022-09-01,percap_sa,Automation,41-50,99.31,96.54,103.76,97.2,86.6,102.3
2022-09-01,percap_sa,Automation,51-60,94.9,103.86,101.54,93.73,80.59,98.82
2022-09-01,percap_sa,Automation,All ages,95.18,100.09,102.22,97.17,91.98,103.16
2022-09-01,raw,Augmentation,21-30,126.02,117.75,158.89,119.62,131.6,155.46
2022-09-01,raw,Augmentation,31-40,106.69,110.96,132.77,103.07,117.5,128.18
2022-09-01,raw,Augmentation,41-50,96.64,99.28,128.8,96.03,103.74,120.03
2022-09-01,raw,Augmentation,51-60,97.83,91.51,106.77,74.57,89.96,115.75
2022-09-01,raw,Augmentation,All ages,109.78,108.74,138.46,103.12,117.5,135.96
2022-09-01,raw,Automation,21-30,126.02,128.83,152.08,130.53,155.45,138.09
2022-09-01,raw,Automation,31-40,106.69,112.75,119.61,116.24,115.28,127.49
2022-09-01,raw,Automation,41-50,96.64,107.16,109.83,109.76,98.05,118.97
2022-09-01,raw,Automation,51-60,97.83,114.86,87.65,91.91,79.17,100.01
2022-09-01,raw,Automation,All ages,109.78,117.71,124.39,119.02,114.52,127.01
2022-09-01,sa,Augmentation,21-30,92.56,94.41,110.28,87.43,96.44,108.43
2022-09-01,sa,Augmentation,31-40,94.67,92.73,109.63,87.17,102.08,108.9
2022-09-01,sa,Augmentation,41-50,99.31,87.18,108.25,84.2,96.56,111.63
2022-09-01,sa,Augmentation,51-60,94.62,82.51,104.99,74.44,94.92,124.22
2022-09-01,sa,Augmentation,All ages,94.98,91.05,109.1,84.87,97.66,110.84
2022-09-01,sa,Automation,21-30,92.56,102.61,101.85,96.35,99.9,101.65
2022-09-01,sa,Automation,31-40,94.67,96.62,101.32,99.14,96.16,107.13
2022-09-01,sa,Automation,41-50,99.31,96.54,103.76,97.2,86.6,102.3
2022-09-01,sa,Automation,51-60,94.62,103.55,101.23,93.45,80.35,98.53
2022-09-01,sa,Automation,All ages,94.98,99.88,102.01,96.97,91.8,102.94
2022-10-01,percap,Augmentation,21-30,93.38,98.37,103.76,86.92,85.52,121.59
2022-10-01,percap,Augmentation,31-40,91.38,101.9,98.27,85.36,92.61,123.56
2022-10-01,percap,Augmentation,41-50,86.28,99.69,100.05,78.69,93.05,119.44
2022-10-01,percap,Augmentation,51-60,83.62,99.74,95.51,76.52,84.86,113.0
2022-10-01,percap,Augmentation,All ages,89.75,99.82,100.35,83.17,88.52,120.79
2022-10-01,percap,Automation,21-30,93.38,114.76,117.02,87.94,105.87,88.87
2022-10-01,percap,Automation,31-40,91.38,116.68,113.01,93.59,94.59,87.88
2022-10-01,percap,Automation,41-50,86.28,125.82,100.74,93.49,82.37,88.04
2022-10-01,percap,Automation,51-60,83.62,127.31,95.0,85.34,72.09,88.07
2022-10-01,percap,Automation,All ages,89.75,119.34,109.26,90.01,90.13,88.34
2022-10-01,percap_sa,Augmentation,21-30,88.73,87.84,99.62,84.55,87.65,113.06
2022-10-01,percap_sa,Augmentation,31-40,93.3,93.7,98.1,83.46,96.24,118.48
2022-10-01,percap_sa,Augmentation,41-50,95.47,91.9,96.8,79.66,97.7,120.02
2022-10-01,percap_sa,Augmentation,51-60,97.41,92.84,99.13,84.13,96.0,130.92
2022-10-01,percap_sa,Augmentation,All ages,92.83,90.9,98.56,83.05,92.56,118.08
2022-10-01,percap_sa,Automation,21-30,88.73,100.62,100.12,88.24,100.47,93.15
2022-10-01,percap_sa,Automation,31-40,93.3,106.45,101.61,93.95,94.36,94.92
2022-10-01,percap_sa,Automation,41-50,95.47,110.88,100.74,93.84,87.44,91.48
2022-10-01,percap_sa,Automation,51-60,97.41,118.21,103.41,91.8,87.32,97.67
2022-10-01,percap_sa,Automation,All ages,92.83,106.81,101.17,91.05,92.91,93.82
2022-10-01,raw,Augmentation,21-30,93.38,98.37,103.76,86.92,85.52,121.59
2022-10-01,raw,Augmentation,31-40,91.38,101.9,98.27,85.36,92.61,123.56
2022-10-01,raw,Augmentation,41-50,86.28,99.69,100.05,78.69,93.05,119.44
2022-10-01,raw,Augmentation,51-60,83.62,99.74,95.51,76.52,84.86,113.0
2022-10-01,raw,Augmentation,All ages,89.75,99.82,100.35,83.17,88.52,120.79
2022-10-01,raw,Automation,21-30,93.38,114.76,117.02,87.94,105.87,88.87
2022-10-01,raw,Automation,31-40,91.38,116.68,113.01,93.59,94.59,87.88
2022-10-01,raw,Automation,41-50,86.28,125.82,100.74,93.49,82.37,88.04
2022-10-01,raw,Automation,51-60,83.62,127.31,95.0,85.34,72.09,88.07
2022-10-01,raw,Automation,All ages,89.75,119.34,109.26,90.01,90.13,88.34
2022-10-01,sa,Augmentation,21-30,88.73,87.85,99.62,84.55,87.65,113.07
2022-10-01,sa,Augmentation,31-40,93.15,93.55,97.94,83.32,96.08,118.29
2022-10-01,sa,Augmentation,41-50,95.47,91.9,96.8,79.66,97.7,120.02
2022-10-01,sa,Augmentation,51-60,97.28,92.72,99.0,84.02,95.87,130.75
2022-10-01,sa,Augmentation,All ages,92.77,90.83,98.49,82.99,92.49,117.99
2022-10-01,sa,Automation,21-30,88.73,100.62,100.12,88.25,100.48,93.15
2022-10-01,sa,Automation,31-40,93.15,106.28,101.45,93.8,94.21,94.77
2022-10-01,sa,Automation,41-50,95.47,110.88,100.74,93.84,87.45,91.49
2022-10-01,sa,Automation,51-60,97.28,118.05,103.27,91.68,87.2,97.54
2022-10-01,sa,Automation,All ages,92.77,106.73,101.1,90.99,92.84,93.75
2022-11-01,percap,Augmentation,21-30,100.0,100.0,100.0,100.0,100.0,100.0
2022-11-01,percap,Augmentation,31-40,100.0,100.0,100.0,100.0,100.0,100.0
2022-11-01,percap,Augmentation,41-50,100.0,100.0,100.0,100.0,100.0,100.0
2022-11-01,percap,Augmentation,51-60,100.0,100.0,100.0,100.0,100.0,100.0
2022-11-01,percap,Augmentation,All ages,100.0,100.0,100.0,100.0,100.0,100.0
2022-11-01,percap,Automation,21-30,100.0,100.0,100.0,100.0,100.0,100.0
2022-11-01,percap,Automation,31-40,100.0,100.0,100.0,100.0,100.0,100.0
2022-11-01,percap,Automation,41-50,100.0,100.0,100.0,100.0,100.0,100.0
2022-11-01,percap,Automation,51-60,100.0,100.0,100.0,100.0,100.0,100.0
2022-11-01,percap,Automation,All ages,100.0,100.0,100.0,100.0,100.0,100.0
2022-11-01,percap_sa,Augmentation,21-30,100.0,100.0,100.0,100.0,100.0,100.0
2022-11-01,percap_sa,Augmentation,31-40,100.0,100.0,100.0,100.0,100.0,100.0
2022-11-01,percap_sa,Augmentation,41-50,100.0,100.0,100.0,100.0,100.0,100.0
2022-11-01,percap_sa,Augmentation,51-60,100.0,100.0,100.0,100.0,100.0,100.0
2022-11-01,percap_sa,Augmentation,All ages,100.0,100.0,100.0,100.0,100.0,100.0
2022-11-01,percap_sa,Automation,21-30,100.0,100.0,100.0,100.0,100.0,100.0
2022-11-01,percap_sa,Automation,31-40,100.0,100.0,100.0,100.0,100.0,100.0
2022-11-01,percap_sa,Automation,41-50,100.0,100.0,100.0,100.0,100.0,100.0
2022-11-01,percap_sa,Automation,51-60,100.0,100.0,100.0,100.0,100.0,100.0
2022-11-01,percap_sa,Automation,All ages,100.0,100.0,100.0,100.0,100.0,100.0
2022-11-01,raw,Augmentation,21-30,100.0,100.0,100.0,100.0,100.0,100.0
2022-11-01,raw,Augmentation,31-40,100.0,100.0,100.0,100.0,100.0,100.0
2022-11-01,raw,Augmentation,41-50,100.0,100.0,100.0,100.0,100.0,100.0
2022-11-01,raw,Augmentation,51-60,100.0,100.0,100.0,100.0,100.0,100.0
2022-11-01,raw,Augmentation,All ages,100.0,100.0,100.0,100.0,100.0,100.0
2022-11-01,raw,Automation,21-30,100.0,100.0,100.0,100.0,100.0,100.0
2022-11-01,raw,Automation,31-40,100.0,100.0,100.0,100.0,100.0,100.0
2022-11-01,raw,Automation,41-50,100.0,100.0,100.0,100.0,100.0,100.0
2022-11-01,raw,Automation,51-60,100.0,100.0,100.0,100.0,100.0,100.0
2022-11-01,raw,Automation,All ages,100.0,100.0,100.0,100.0,100.0,100.0
2022-11-01,sa,Augmentation,21-30,100.0,100.0,100.0,100.0,100.0,100.0
2022-11-01,sa,Augmentation,31-40,100.0,100.0,100.0,100.0,100.0,100.0
2022-11-01,sa,Augmentation,41-50,100.0,100.0,100.0,100.0,100.0,100.0
2022-11-01,sa,Augmentation,51-60,100.0,100.0,100.0,100.0,100.0,100.0
2022-11-01,sa,Augmentation,All ages,100.0,100.0,100.0,100.0,100.0,100.0
2022-11-01,sa,Automation,21-30,100.0,100.0,100.0,100.0,100.0,100.0
2022-11-01,sa,Automation,31-40,100.0,100.0,100.0,100.0,100.0,100.0
2022-11-01,sa,Automation,41-50,100.0,100.0,100.0,100.0,100.0,100.0
2022-11-01,sa,Automation,51-60,100.0,100.0,100.0,100.0,100.0,100.0
2022-11-01,sa,Automation,All ages,100.0,100.0,100.0,100.0,100.0,100.0
2022-12-01,percap,Augmentation,21-30,87.28,107.05,78.27,60.65,67.41,81.53
2022-12-01,percap,Augmentation,31-40,91.35,99.91,75.98,57.86,70.2,76.25
2022-12-01,percap,Augmentation,41-50,107.0,104.84,85.02,58.3,67.67,71.96
2022-12-01,percap,Augmentation,51-60,113.33,117.55,77.86,56.97,67.26,68.79
2022-12-01,percap,Augmentation,All ages,96.77,105.91,78.87,58.8,68.12,76.65
2022-12-01,percap,Automation,21-30,87.28,102.37,80.19,70.45,68.94,70.42
2022-12-01,percap,Automation,31-40,91.35,89.9,73.76,72.27,64.15,71.62
2022-12-01,percap,Automation,41-50,107.0,98.55,74.64,70.54,61.0,75.78
2022-12-01,percap,Automation,51-60,113.33,106.15,71.37,66.77,62.86,72.21
2022-12-01,percap,Automation,All ages,96.77,98.45,75.86,70.51,64.38,71.97
2022-12-01,percap_sa,Augmentation,21-30,99.35,94.09,95.82,80.45,86.78,96.22
2022-12-01,percap_sa,Augmentation,31-40,102.95,93.08,93.61,74.38,92.69,99.95
2022-12-01,percap_sa,Augmentation,41-50,124.52,102.1,97.11,75.69,90.32,94.07
2022-12-01,percap_sa,Augmentation,51-60,116.03,100.6,96.16,74.92,87.56,101.83
2022-12-01,percap_sa,Augmentation,All ages,108.41,96.14,95.53,76.89,89.0,97.68
2022-12-01,percap_sa,Automation,21-30,99.35,97.12,93.01,86.8,86.68,91.87
2022-12-01,percap_sa,Automation,31-40,102.95,92.31,92.08,92.7,79.77,91.84
2022-12-01,percap_sa,Automation,41-50,124.52,103.28,91.89,94.11,72.98,92.43
2022-12-01,percap_sa,Automation,51-60,116.03,110.38,91.29,90.17,76.57,90.94
2022-12-01,percap_sa,Automation,All ages,108.41,98.69,92.3,89.88,79.38,91.85
2022-12-01,raw,Augmentation,21-30,87.28,107.05,78.27,60.65,67.41,81.53
2022-12-01,raw,Augmentation,31-40,91.35,99.91,75.98,57.86,70.2,76.25
2022-12-01,raw,Augmentation,41-50,107.0,104.84,85.02,58.3,67.67,71.96
2022-12-01,raw,Augmentation,51-60,113.33,117.55,77.86,56.97,67.26,68.79
2022-12-01,raw,Augmentation,All ages,96.77,105.91,78.87,58.8,68.12,76.65
2022-12-01,raw,Automation,21-30,87.28,102.37,80.19,70.45,68.94,70.42
2022-12-01,raw,Automation,31-40,91.35,89.9,73.76,72.27,64.15,71.62
2022-12-01,raw,Automation,41-50,107.0,98.55,74.64,70.54,61.0,75.78
2022-12-01,raw,Automation,51-60,113.33,106.15,71.37,66.77,62.86,72.21
2022-12-01,raw,Automation,All ages,96.77,98.45,75.86,70.51,64.38,71.97
2022-12-01,sa,Augmentation,21-30,99.35,94.09,95.82,80.44,86.78,96.22
2022-12-01,sa,Augmentation,31-40,103.12,93.23,93.76,74.5,92.84,100.1
2022-12-01,sa,Augmentation,41-50,124.52,102.09,97.11,75.68,90.32,94.07
2022-12-01,sa,Augmentation,51-60,116.18,100.74,96.29,75.02,87.67,101.96
2022-12-01,sa,Augmentation,All ages,108.49,96.21,95.6,76.95,89.07,97.75
2022-12-01,sa,Automation,21-30,99.35,97.12,93.01,86.8,86.68,91.86
2022-12-01,sa,Automation,31-40,103.12,92.46,92.22,92.84,79.9,91.98
2022-12-01,sa,Automation,41-50,124.52,103.28,91.89,94.11,72.98,92.43
2022-12-01,sa,Automation,51-60,116.18,110.52,91.41,90.29,76.67,91.06
2022-12-01,sa,Automation,All ages,108.49,98.76,92.37,89.94,79.44,91.92
2023-01-01,percap,Augmentation,21-30,137.56,102.17,153.3,97.86,99.29,141.93
2023-01-01,percap,Augmentation,31-40,125.18,109.65,182.97,121.3,131.55,154.98
2023-01-01,percap,Augmentation,41-50,132.94,116.04,203.53,131.12,148.89,160.07
2023-01-01,percap,Augmentation,51-60,150.64,123.15,223.0,130.89,158.87,172.96
2023-01-01,percap,Augmentation,All ages,135.02,109.75,181.01,116.56,124.14,152.82
2023-01-01,percap,Automation,21-30,137.56,131.56,152.51,99.16,125.54,119.19
2023-01-01,percap,Automation,31-40,125.18,140.75,161.09,123.0,135.92,159.22
2023-01-01,percap,Automation,41-50,132.94,161.2,155.45,138.08,146.7,174.34
2023-01-01,percap,Automation,51-60,150.64,178.69,161.89,152.79,137.47,196.13
2023-01-01,percap,Automation,All ages,135.02,146.85,156.97,117.8,136.14,149.76
2023-01-01,percap_sa,Augmentation,21-30,100.15,98.29,114.74,87.31,97.09,104.81
2023-01-01,percap_sa,Augmentation,31-40,96.65,91.96,116.98,81.05,97.95,101.78
2023-01-01,percap_sa,Augmentation,41-50,113.78,92.97,115.86,81.31,94.45,102.65
2023-01-01,percap_sa,Augmentation,51-60,109.51,87.48,118.77,75.98,93.45,104.86
2023-01-01,percap_sa,Augmentation,All ages,103.51,93.58,116.34,82.44,96.14,103.41
2023-01-01,percap_sa,Automation,21-30,100.15,107.26,100.87,96.8,92.8,107.28
2023-01-01,percap_sa,Automation,31-40,96.65,100.58,95.26,96.04,86.59,111.9
2023-01-01,percap_sa,Automation,41-50,113.78,105.2,94.39,93.91,82.53,110.98
2023-01-01,percap_sa,Automation,51-60,109.51,106.97,99.56,91.52,76.69,110.82
2023-01-01,percap_sa,Automation,All ages,103.51,104.56,97.57,95.25,85.49,109.97
2023-01-01,raw,Augmentation,21-30,137.59,102.19,153.33,97.87,99.3,141.96
2023-01-01,raw,Augmentation,31-40,125.88,110.26,183.99,121.97,132.28,155.84
2023-01-01,raw,Augmentation,41-50,132.97,116.06,203.57,131.15,148.92,160.1
2023-01-01,raw,Augmentation,51-60,151.29,123.67,223.95,131.45,159.55,173.7
2023-01-01,raw,Augmentation,All ages,135.38,110.03,181.48,116.87,124.46,153.22
2023-01-01,raw,Automation,21-30,137.59,131.58,152.53,99.18,125.56,119.21
2023-01-01,raw,Automation,31-40,125.88,141.53,161.99,123.68,136.67,160.1
2023-01-01,raw,Automation,41-50,132.97,161.23,155.48,138.11,146.73,174.37
2023-01-01,raw,Automation,51-60,151.29,179.46,162.58,153.45,138.06,196.97
2023-01-01,raw,Automation,All ages,135.38,147.23,157.38,118.11,136.5,150.15
2023-01-01,sa,Augmentation,21-30,100.17,98.31,114.76,87.33,97.11,104.84
2023-01-01,sa,Augmentation,31-40,97.03,92.32,117.45,81.37,98.34,102.19
2023-01-01,sa,Augmentation,41-50,113.8,92.99,115.88,81.32,94.46,102.67
2023-01-01,sa,Augmentation,51-60,109.84,87.74,119.13,76.21,93.73,105.18
2023-01-01,sa,Augmentation,All ages,103.7,93.76,116.55,82.59,96.32,103.61
2023-01-01,sa,Automation,21-30,100.17,107.28,100.89,96.82,92.82,107.3
2023-01-01,sa,Automation,31-40,97.03,100.98,95.64,96.42,86.93,112.34
2023-01-01,sa,Automation,41-50,113.8,105.22,94.4,93.93,82.55,111.0
2023-01-01,sa,Automation,51-60,109.84,107.3,99.86,91.8,76.92,111.15
2023-01-01,sa,Automation,All ages,103.7,104.76,97.76,95.43,85.65,110.17
2023-02-01,percap,Augmentation,21-30,99.91,75.89,93.9,67.63,64.72,88.37
2023-02-01,percap,Augmentation,31-40,98.54,81.39,104.09,65.97,71.1,82.96
2023-02-01,percap,Augmentation,41-50,109.95,75.78,104.45,65.1,67.37,83.9
2023-02-01,percap,Augmentation,51-60,79.35,77.83,92.13,56.35,57.69,78.31
2023-02-01,percap,Augmentation,All ages,98.57,77.66,98.58,64.9,65.78,84.71
2023-02-01,percap,Automation,21-30,99.91,86.68,84.05,65.16,83.48,83.4
2023-02-01,percap,Automation,31-40,98.54,92.72,74.16,69.68,72.7,97.36
2023-02-01,percap,Automation,41-50,109.95,89.44,74.34,68.18,71.87,93.01
2023-02-01,percap,Automation,51-60,79.35,85.75,68.09,62.25,57.25,84.73
2023-02-01,percap,Automation,All ages,98.57,88.87,76.78,66.45,72.29,89.18
2023-02-01,percap_sa,Augmentation,21-30,100.49,86.09,102.27,81.24,84.67,99.03
2023-02-01,percap_sa,Augmentation,31-40,104.82,90.43,109.46,76.54,89.48,97.85
2023-02-01,percap_sa,Augmentation,41-50,131.23,86.29,107.34,75.13,87.61,101.15
2023-02-01,percap_sa,Augmentation,51-60,105.27,89.69,105.45,73.57,85.43,107.9
2023-02-01,percap_sa,Augmentation,All ages,108.78,87.74,105.78,77.5,86.43,100.24
2023-02-01,percap_sa,Automation,21-30,100.49,96.98,94.62,84.77,87.03,94.85
2023-02-01,percap_sa,Automation,31-40,104.82,100.7,89.26,88.37,81.76,102.64
2023-02-01,percap_sa,Automation,41-50,131.23,96.33,96.1,85.96,83.08,97.46
2023-02-01,percap_sa,Automation,51-60,105.27,102.84,99.07,85.5,79.81,94.94
2023-02-01,percap_sa,Automation,All ages,108.78,98.7,93.91,85.98,82.93,97.52
2023-02-01,raw,Augmentation,21-30,99.93,75.9,93.92,67.64,64.73,88.39
2023-02-01,raw,Augmentation,31-40,99.09,81.85,104.67,66.34,71.5,83.42
2023-02-01,raw,Augmentation,41-50,109.97,75.8,104.47,65.12,67.38,83.91
2023-02-01,raw,Augmentation,51-60,79.69,78.16,92.53,56.59,57.94,78.64
2023-02-01,raw,Augmentation,All ages,98.82,77.86,98.84,65.07,65.95,84.93
2023-02-01,raw,Automation,21-30,99.93,86.69,84.07,65.17,83.49,83.41
2023-02-01,raw,Automation,31-40,99.09,93.24,74.57,70.07,73.1,97.9
2023-02-01,raw,Automation,41-50,109.97,89.45,74.35,68.2,71.88,93.03
2023-02-01,raw,Automation,51-60,79.69,86.11,68.38,62.52,57.5,85.09
2023-02-01,raw,Automation,All ages,98.82,89.1,76.98,66.62,72.47,89.41
2023-02-01,sa,Augmentation,21-30,100.51,86.11,102.28,81.26,84.69,99.05
2023-02-01,sa,Augmentation,31-40,105.41,90.93,110.07,76.97,89.97,98.39
2023-02-01,sa,Augmentation,41-50,131.25,86.31,107.37,75.15,87.62,101.17
2023-02-01,sa,Augmentation,51-60,105.72,90.08,105.9,73.89,85.8,108.37
2023-02-01,sa,Augmentation,All ages,109.06,87.97,106.05,77.7,86.66,100.5
2023-02-01,sa,Automation,21-30,100.51,96.99,94.64,84.79,87.05,94.87
2023-02-01,sa,Automation,31-40,105.41,101.26,89.76,88.86,82.21,103.21
2023-02-01,sa,Automation,41-50,131.25,96.35,96.12,85.98,83.1,97.48
2023-02-01,sa,Automation,51-60,105.72,103.28,99.49,85.87,80.16,95.35
2023-02-01,sa,Automation,All ages,109.06,98.96,94.15,86.21,83.15,97.78
2023-03-01,percap,Augmentation,21-30,80.81,77.57,119.75,66.05,65.46,83.09
2023-03-01,percap,Augmentation,31-40,66.34,77.95,157.27,68.4,76.21,87.35
2023-03-01,percap,Augmentation,41-50,76.4,83.68,168.52,65.7,67.28,80.97
2023-03-01,percap,Augmentation,51-60,78.06,79.32,130.6,57.5,64.81,93.21
2023-03-01,percap,Augmentation,All ages,75.32,79.1,141.37,65.35,68.31,85.08
2023-03-01,percap,Automation,21-30,80.81,90.95,81.32,63.69,75.72,106.76
2023-03-01,percap,Automation,31-40,66.34,83.6,83.68,74.39,76.45,148.0
2023-03-01,percap,Automation,41-50,76.4,88.87,79.97,67.26,68.61,157.0
2023-03-01,percap,Automation,51-60,78.06,89.95,68.99,74.18,55.54,128.18
2023-03-01,percap,Automation,All ages,75.32,88.2,79.94,68.18,70.22,130.08
2023-03-01,percap_sa,Augmentation,21-30,86.77,88.9,124.44,77.92,85.38,95.39
2023-03-01,percap_sa,Augmentation,31-40,76.69,88.34,143.56,75.22,92.62,95.43
2023-03-01,percap_sa,Augmentation,41-50,96.65,94.97,148.03,74.55,84.69,93.99
2023-03-01,percap_sa,Augmentation,51-60,95.49,92.54,132.61,69.67,82.83,110.48
2023-03-01,percap_sa,Augmentation,All ages,87.25,90.3,136.12,75.25,86.66,96.94
2023-03-01,percap_sa,Automation,21-30,86.77,101.74,89.29,82.27,89.72,114.6
2023-03-01,percap_sa,Automation,31-40,76.69,93.57,88.98,87.33,85.67,139.83
2023-03-01,percap_sa,Automation,41-50,96.65,97.98,95.6,78.82,79.86,145.17
2023-03-01,percap_sa,Automation,51-60,95.49,107.44,92.81,81.31,76.5,128.42
2023-03-01,percap_sa,Automation,All ages,87.25,99.27,90.96,82.83,83.67,129.43
2023-03-01,raw,Augmentation,21-30,80.82,77.58,119.77,66.06,65.47,83.1
2023-03-01,raw,Augmentation,31-40,66.71,78.38,158.14,68.78,76.64,87.84
2023-03-01,raw,Augmentation,41-50,76.41,83.69,168.55,65.71,67.29,80.99
2023-03-01,raw,Augmentation,51-60,78.39,79.66,131.16,57.75,65.09,93.6
2023-03-01,raw,Augmentation,All ages,75.52,79.31,141.73,65.52,68.49,85.3
2023-03-01,raw,Automation,21-30,80.82,90.96,81.33,63.7,75.73,106.77
2023-03-01,raw,Automation,31-40,66.71,84.07,84.15,74.8,76.87,148.82
2023-03-01,raw,Automation,41-50,76.41,88.89,79.98,67.27,68.62,157.03
2023-03-01,raw,Automation,51-60,78.39,90.33,69.28,74.49,55.78,128.72
2023-03-01,raw,Automation,All ages,75.52,88.43,80.15,68.36,70.4,130.41
2023-03-01,sa,Augmentation,21-30,86.79,88.91,124.45,77.93,85.39,95.4
2023-03-01,sa,Augmentation,31-40,77.24,88.97,144.59,75.76,93.28,96.12
2023-03-01,sa,Augmentation,41-50,96.68,94.99,148.07,74.57,84.71,94.02
2023-03-01,sa,Augmentation,51-60,96.02,93.06,133.34,70.06,83.29,111.1
2023-03-01,sa,Augmentation,All ages,87.54,90.6,136.57,75.5,86.95,97.27
2023-03-01,sa,Automation,21-30,86.79,101.76,89.3,82.28,89.73,114.62
2023-03-01,sa,Automation,31-40,77.24,94.24,89.62,87.95,86.28,140.83
2023-03-01,sa,Automation,41-50,96.68,98.0,95.63,78.84,79.88,145.21
2023-03-01,sa,Automation,51-60,96.02,108.03,93.32,81.76,76.93,129.13
2023-03-01,sa,Automation,All ages,87.54,99.6,91.27,83.11,83.95,129.86
2023-04-01,percap,Augmentation,21-30,75.51,81.21,77.53,65.81,70.06,90.29
2023-04-01,percap,Augmentation,31-40,69.68,89.68,77.94,63.3,86.65,92.39
2023-04-01,percap,Augmentation,41-50,72.39,98.41,74.47,60.33,83.22,97.78
2023-04-01,percap,Augmentation,51-60,74.15,98.07,70.37,49.32,75.15,137.07
2023-04-01,percap,Augmentation,All ages,72.92,89.19,76.02,61.41,77.12,97.64
2023-04-01,percap,Automation,21-30,75.51,100.86,92.56,67.7,69.87,67.78
2023-04-01,percap,Automation,31-40,69.68,117.43,93.17,74.32,68.15,66.17
2023-04-01,percap,Automation,41-50,72.39,127.3,87.25,75.26,65.04,62.57
2023-04-01,percap,Automation,51-60,74.15,126.01,107.76,74.91,53.01,56.32
2023-04-01,percap,Automation,All ages,72.92,114.61,93.77,71.4,64.85,64.92
2023-04-01,percap_sa,Augmentation,21-30,82.79,89.94,92.2,76.19,89.58,99.4
2023-04-01,percap_sa,Augmentation,31-40,81.85,96.24,88.34,72.59,101.54,100.39
2023-04-01,percap_sa,Augmentation,41-50,94.55,103.33,87.23,71.52,102.05,107.67
2023-04-01,percap_sa,Augmentation,51-60,100.36,108.29,90.19,65.02,95.78,143.42
2023-04-01,percap_sa,Augmentation,All ages,87.38,96.63,89.83,72.59,95.57,106.37
2023-04-01,percap_sa,Automation,21-30,82.79,105.2,94.91,85.18,85.85,84.95
2023-04-01,percap_sa,Automation,31-40,81.85,112.82,95.92,88.21,80.66,82.78
2023-04-01,percap_sa,Automation,41-50,94.55,122.13,99.06,90.4,76.15,81.31
2023-04-01,percap_sa,Automation,51-60,100.36,125.6,120.56,92.81,73.32,78.58
2023-04-01,percap_sa,Automation,All ages,87.38,113.8,99.42,87.66,79.59,82.92
2023-04-01,raw,Augmentation,21-30,75.51,81.22,77.54,65.81,70.06,90.29
2023-04-01,raw,Augmentation,31-40,70.41,90.62,78.75,63.96,87.55,93.36
2023-04-01,raw,Augmentation,41-50,72.45,98.49,74.53,60.38,83.28,97.86
2023-04-01,raw,Augmentation,51-60,74.77,98.89,70.96,49.73,75.78,138.22
2023-04-01,raw,Augmentation,All ages,73.29,89.64,76.4,61.72,77.51,98.13
2023-04-01,raw,Automation,21-30,75.51,100.87,92.57,67.71,69.87,67.79
2023-04-01,raw,Automation,31-40,70.41,118.66,94.14,75.1,68.87,66.87
2023-04-01,raw,Automation,41-50,72.45,127.41,87.32,75.32,65.1,62.62
2023-04-01,raw,Automation,51-60,74.77,127.07,108.66,75.54,53.45,56.79
2023-04-01,raw,Automation,All ages,73.29,115.18,94.24,71.76,65.18,65.25
2023-04-01,sa,Augmentation,21-30,82.8,89.95,92.21,76.2,89.59,99.42
2023-04-01,sa,Augmentation,31-40,82.58,97.11,89.13,73.24,102.45,101.28
2023-04-01,sa,Augmentation,41-50,94.6,103.39,87.28,71.57,102.11,107.73
2023-04-01,sa,Augmentation,51-60,101.09,109.08,90.85,65.49,96.48,144.47
2023-04-01,sa,Augmentation,All ages,87.76,97.05,90.21,72.91,95.98,106.83
2023-04-01,sa,Automation,21-30,82.8,105.21,94.92,85.2,85.86,84.96
2023-04-01,sa,Automation,31-40,82.58,113.83,96.78,89.0,81.38,83.52
2023-04-01,sa,Automation,41-50,94.6,122.2,99.12,90.45,76.2,81.36
2023-04-01,sa,Automation,51-60,101.09,126.52,121.44,93.49,73.86,79.15
2023-04-01,sa,Automation,All ages,87.76,114.29,99.85,88.04,79.94,83.28
2023-05-01,percap,Augmentation,21-30,112.82,101.0,85.17,75.55,85.28,96.66
2023-05-01,percap,Augmentation,31-40,100.99,101.78,85.85,79.33,84.27,93.98
2023-05-01,percap,Augmentation,41-50,110.05,99.38,92.24,76.86,82.07,106.02
2023-05-01,percap,Augmentation,51-60,99.75,99.54,81.15,64.58,70.37,108.17
2023-05-01,percap,Augmentation,All ages,106.8,100.64,86.12,75.22,82.34,98.9
2023-05-01,percap,Automation,21-30,112.82,104.41,96.7,85.12,83.11,78.27
2023-05-01,percap,Automation,31-40,100.99,101.41,94.32,83.58,80.13,83.99
2023-05-01,percap,Automation,41-50,110.05,105.28,95.15,89.22,74.49,85.69
2023-05-01,percap,Automation,51-60,99.75,101.82,87.15,78.99,60.71,79.8
2023-05-01,percap,Automation,All ages,106.8,103.29,94.25,84.6,75.7,81.35
2023-05-01,percap_sa,Augmentation,21-30,92.38,87.92,94.9,77.35,89.26,92.5
2023-05-01,percap_sa,Augmentation,31-40,84.4,87.99,89.23,74.89,89.73,87.02
2023-05-01,percap_sa,Augmentation,41-50,100.87,89.34,93.73,75.37,89.54,96.3
2023-05-01,percap_sa,Augmentation,51-60,96.72,93.03,87.71,72.12,83.94,102.53
2023-05-01,percap_sa,Augmentation,All ages,92.47,88.7,91.99,75.48,88.62,92.78
2023-05-01,percap_sa,Automation,21-30,92.38,97.14,94.48,85.63,92.65,84.2
2023-05-01,percap_sa,Automation,31-40,84.4,89.24,90.38,83.89,82.31,84.99
2023-05-01,percap_sa,Automation,41-50,100.87,93.86,96.66,89.46,77.83,85.51
2023-05-01,percap_sa,Automation,51-60,96.72,99.02,97.74,85.41,74.8,80.47
2023-05-01,percap_sa,Automation,All ages,92.47,94.27,94.07,85.71,82.46,84.18
2023-05-01,raw,Augmentation,21-30,112.83,101.01,85.17,75.55,85.28,96.67
2023-05-01,raw,Augmentation,31-40,102.04,102.84,86.75,80.16,85.15,94.96
2023-05-01,raw,Augmentation,41-50,110.14,99.46,92.32,76.93,82.14,106.1
2023-05-01,raw,Augmentation,51-60,100.59,100.37,81.83,65.12,70.95,109.07
2023-05-01,raw,Augmentation,All ages,107.34,101.14,86.55,75.6,82.75,99.4
2023-05-01,raw,Automation,21-30,112.83,104.42,96.71,85.13,83.12,78.28
2023-05-01,raw,Automation,31-40,102.04,102.47,95.31,84.45,80.97,84.87
2023-05-01,raw,Automation,41-50,110.14,105.37,95.23,89.29,74.55,85.76
2023-05-01,raw,Automation,51-60,100.59,102.67,87.89,79.65,61.22,80.47
2023-05-01,raw,Automation,All ages,107.34,103.81,94.72,85.03,76.08,81.76
2023-05-01,sa,Augmentation,21-30,92.38,87.93,94.91,77.35,89.26,92.51
2023-05-01,sa,Augmentation,31-40,85.29,88.91,90.17,75.68,90.67,87.93
2023-05-01,sa,Augmentation,41-50,100.93,89.4,93.79,75.42,89.6,96.36
2023-05-01,sa,Augmentation,51-60,97.55,93.82,88.46,72.74,84.65,103.4
2023-05-01,sa,Augmentation,All ages,92.94,89.15,92.45,75.86,89.07,93.24
2023-05-01,sa,Automation,21-30,92.38,97.15,94.48,85.64,92.66,84.21
2023-05-01,sa,Automation,31-40,85.29,90.18,91.33,84.78,83.18,85.89
2023-05-01,sa,Automation,41-50,100.93,93.92,96.72,89.52,77.89,85.56
2023-05-01,sa,Automation,51-60,97.55,99.87,98.57,86.14,75.44,81.16
2023-05-01,sa,Automation,All ages,92.94,94.75,94.54,86.14,82.87,84.6
2023-06-01,percap,Augmentation,21-30,137.33,116.04,91.33,89.47,103.89,117.84
2023-06-01,percap,Augmentation,31-40,118.96,88.8,75.53,64.23,77.05,78.7
2023-06-01,percap,Augmentation,41-50,102.65,87.07,74.03,64.65,70.75,72.97
2023-06-01,percap,Augmentation,51-60,105.68,87.19,67.73,58.95,61.0,73.4
2023-06-01,percap,Augmentation,All ages,119.57,98.63,80.15,72.32,85.4,92.31
2023-06-01,percap,Automation,21-30,137.33,110.71,108.24,105.88,91.94,92.83
2023-06-01,percap,Automation,31-40,118.96,89.35,72.48,77.01,64.09,74.71
2023-06-01,percap,Automation,41-50,102.65,88.69,66.34,72.68,63.45,73.06
2023-06-01,percap,Automation,51-60,105.68,91.18,61.37,63.51,57.78,67.52
2023-06-01,percap,Automation,All ages,119.57,97.11,82.08,87.98,69.98,80.98
2023-06-01,percap_sa,Augmentation,21-30,90.79,87.64,90.37,76.47,83.89,96.51
2023-06-01,percap_sa,Augmentation,31-40,99.55,88.25,89.68,73.18,90.62,90.87
2023-06-01,percap_sa,Augmentation,41-50,103.63,88.56,87.41,76.23,88.89,90.12
2023-06-01,percap_sa,Augmentation,51-60,105.4,94.46,89.96,75.61,83.97,97.96
2023-06-01,percap_sa,Augmentation,All ages,97.59,88.52,89.54,75.04,86.07,94.42
2023-06-01,percap_sa,Automation,21-30,90.79,93.06,91.62,83.09,89.33,85.13
2023-06-01,percap_sa,Automation,31-40,99.55,92.19,85.66,84.13,84.71,87.66
2023-06-01,percap_sa,Automation,41-50,103.63,93.69,84.4,83.62,83.34,86.91
2023-06-01,percap_sa,Automation,51-60,105.4,100.44,86.76,81.11,82.96,89.64
2023-06-01,percap_sa,Automation,All ages,97.59,93.77,88.16,83.29,84.89,86.45
2023-06-01,raw,Augmentation,21-30,137.34,116.05,91.34,89.48,103.89,117.85
2023-06-01,raw,Augmentation,31-40,120.21,89.73,76.32,64.9,77.86,79.53
2023-06-01,raw,Augmentation,41-50,102.73,87.14,74.09,64.7,70.81,73.03
2023-06-01,raw,Augmentation,51-60,106.57,87.92,68.3,59.44,61.51,74.01
2023-06-01,raw,Augmentation,All ages,120.17,99.12,80.56,72.68,85.83,92.77
2023-06-01,raw,Automation,21-30,137.34,110.72,108.25,105.89,91.95,92.83
2023-06-01,raw,Automation,31-40,120.21,90.28,73.24,77.82,64.76,75.49
2023-06-01,raw,Automation,41-50,102.73,88.76,66.39,72.73,63.51,73.12
2023-06-01,raw,Automation,51-60,106.57,91.94,61.89,64.04,58.26,68.09
2023-06-01,raw,Automation,All ages,120.17,97.6,82.49,88.43,70.34,81.39
2023-06-01,sa,Augmentation,21-30,90.8,87.65,90.38,76.48,83.89,96.51
2023-06-01,sa,Augmentation,31-40,100.76,89.32,90.77,74.07,91.72,91.98
2023-06-01,sa,Augmentation,41-50,103.71,88.63,87.48,76.29,88.96,90.19
2023-06-01,sa,Augmentation,51-60,106.43,95.39,90.84,76.35,84.79,98.92
2023-06-01,sa,Augmentation,All ages,98.16,89.03,90.05,75.48,86.57,94.97
2023-06-01,sa,Automation,21-30,90.8,93.07,91.62,83.1,89.33,85.13
2023-06-01,sa,Automation,31-40,100.76,93.31,86.7,85.15,85.74,88.73
2023-06-01,sa,Automation,41-50,103.71,93.76,84.46,83.68,83.4,86.98
2023-06-01,sa,Automation,51-60,106.43,101.42,87.6,81.9,83.77,90.52
2023-06-01,sa,Automation,All ages,98.16,94.31,88.67,83.77,85.38,86.95
2023-07-01,percap,Augmentation,21-30,139.35,128.83,111.37,87.65,111.78,126.11
2023-07-01,percap,Augmentation,31-40,76.95,78.74,65.52,52.52,64.02,63.81
2023-07-01,percap,Augmentation,41-50,77.91,77.71,74.75,53.18,57.79,66.14
2023-07-01,percap,Augmentation,51-60,73.26,79.91,75.67,48.57,52.1,66.34
2023-07-01,percap,Augmentation,All ages,97.91,97.76,86.09,64.28,82.01,88.89
2023-07-01,percap,Automation,21-30,139.35,122.49,125.49,109.66,116.21,100.25
2023-07-01,percap,Automation,31-40,76.95,75.73,59.01,68.55,51.8,60.51
2023-07-01,percap,Automation,41-50,77.91,80.61,63.21,68.74,45.59,63.61
2023-07-01,percap,Automation,51-60,73.26,88.12,68.01,59.41,44.16,59.68
2023-07-01,percap,Automation,All ages,97.91,95.19,84.35,86.34,65.6,77.35
2023-07-01,percap_sa,Augmentation,21-30,91.19,87.28,101.56,77.16,85.8,95.79
2023-07-01,percap_sa,Augmentation,31-40,87.61,83.72,93.86,78.83,90.64,91.71
2023-07-01,percap_sa,Augmentation,41-50,101.55,86.48,100.9,83.4,92.27,100.59
2023-07-01,percap_sa,Augmentation,51-60,99.71,93.44,102.59,78.48,86.24,106.84
2023-07-01,percap_sa,Augmentation,All ages,93.04,86.48,99.35,78.05,87.55,96.37
2023-07-01,percap_sa,Automation,21-30,91.19,95.41,95.43,83.69,96.45,89.36
2023-07-01,percap_sa,Automation,31-40,87.61,92.48,85.57,88.06,87.26,87.57
2023-07-01,percap_sa,Automation,41-50,101.55,100.86,93.72,96.02,78.93,91.49
2023-07-01,percap_sa,Automation,51-60,99.71,111.6,101.24,88.94,80.43,87.41
2023-07-01,percap_sa,Automation,All ages,93.04,97.04,93.11,86.38,86.5,88.99
2023-07-01,raw,Augmentation,21-30,139.35,128.83,111.37,87.65,111.77,126.11
2023-07-01,raw,Augmentation,31-40,78.14,79.96,66.54,53.33,65.02,64.8
2023-07-01,raw,Augmentation,41-50,78.03,77.82,74.86,53.25,57.88,66.23
2023-07-01,raw,Augmentation,51-60,74.18,80.91,76.62,49.18,52.76,67.18
2023-07-01,raw,Augmentation,All ages,98.64,98.49,86.73,64.76,82.63,89.55
2023-07-01,raw,Automation,21-30,139.35,122.49,125.49,109.65,116.21,100.25
2023-07-01,raw,Automation,31-40,78.14,76.9,59.92,69.61,52.6,61.45
2023-07-01,raw,Automation,41-50,78.03,80.73,63.3,68.83,45.65,63.7
2023-07-01,raw,Automation,51-60,74.18,89.23,68.87,60.16,44.72,60.43
2023-07-01,raw,Automation,All ages,98.64,95.91,84.98,86.98,66.09,77.93
2023-07-01,sa,Augmentation,21-30,91.19,87.28,101.56,77.16,85.8,95.79
2023-07-01,sa,Augmentation,31-40,88.83,84.89,95.16,79.93,91.9,92.99
2023-07-01,sa,Augmentation,41-50,101.68,86.6,101.03,83.51,92.39,100.72
2023-07-01,sa,Augmentation,51-60,100.84,94.5,103.75,79.37,87.22,108.05
2023-07-01,sa,Augmentation,All ages,93.67,87.06,100.02,78.57,88.14,97.02
2023-07-01,sa,Automation,21-30,91.19,95.41,95.43,83.69,96.45,89.36
2023-07-01,sa,Automation,31-40,88.83,93.77,86.77,89.28,88.48,88.79
2023-07-01,sa,Automation,41-50,101.68,101.0,93.84,96.14,79.04,91.61
2023-07-01,sa,Automation,51-60,100.84,112.87,102.39,89.95,81.34,88.41
2023-07-01,sa,Automation,All ages,93.67,97.7,93.74,86.96,87.09,89.6
2023-08-01,percap,Augmentation,21-30,125.75,88.98,126.64,105.13,88.26,142.53
2023-08-01,percap,Augmentation,31-40,72.18,78.16,102.93,82.11,79.71,87.6
2023-08-01,percap,Augmentation,41-50,72.39,72.44,97.19,71.31,78.01,80.47
2023-08-01,percap,Augmentation,51-60,66.67,65.26,81.13,58.63,67.25,78.06
2023-08-01,percap,Augmentation,All ages,89.67,79.41,107.75,84.26,81.31,106.56
2023-08-01,percap,Automation,21-30,125.75,100.96,136.77,93.16,123.23,116.18
2023-08-01,percap,Automation,31-40,72.18,86.37,82.96,76.78,85.43,102.8
2023-08-01,percap,Automation,41-50,72.39,84.61,80.37,75.26,71.07,90.66
2023-08-01,percap,Automation,51-60,66.67,85.71,63.97,69.06,55.76,76.14
2023-08-01,percap,Automation,All ages,89.67,91.08,98.4,83.04,85.93,102.71
2023-08-01,percap_sa,Augmentation,21-30,97.29,84.93,100.47,76.2,84.04,99.84
2023-08-01,percap_sa,Augmentation,31-40,84.28,86.43,95.97,74.26,85.32,93.94
2023-08-01,percap_sa,Augmentation,41-50,98.84,90.04,99.5,72.79,90.15,98.62
2023-08-01,percap_sa,Augmentation,51-60,97.08,87.28,99.61,75.07,91.06,117.93
2023-08-01,percap_sa,Augmentation,All ages,94.34,86.25,98.73,74.44,85.89,99.53
2023-08-01,percap_sa,Automation,21-30,97.29,96.49,95.88,84.67,85.73,89.46
2023-08-01,percap_sa,Automation,31-40,84.28,96.55,84.75,84.39,82.36,89.52
2023-08-01,percap_sa,Automation,41-50,98.84,100.65,96.16,89.07,75.81,89.25
2023-08-01,percap_sa,Automation,51-60,97.08,115.39,94.86,92.14,75.58,91.23
2023-08-01,percap_sa,Automation,All ages,94.34,99.34,92.57,85.76,79.89,89.46
2023-08-01,raw,Augmentation,21-30,125.75,88.98,126.64,105.13,88.26,142.53
2023-08-01,raw,Augmentation,31-40,73.3,79.38,104.53,83.39,80.95,88.96
2023-08-01,raw,Augmentation,41-50,72.5,72.54,97.33,71.41,78.12,80.58
2023-08-01,raw,Augmentation,51-60,67.51,66.09,82.15,59.37,68.1,79.04
2023-08-01,raw,Augmentation,All ages,90.34,80.0,108.56,84.89,81.92,107.36
2023-08-01,raw,Automation,21-30,125.75,100.96,136.77,93.16,123.23,116.18
2023-08-01,raw,Automation,31-40,73.3,87.71,84.25,77.97,86.76,104.4
2023-08-01,raw,Automation,41-50,72.5,84.73,80.48,75.37,71.17,90.79
2023-08-01,raw,Automation,51-60,67.51,86.79,64.77,69.93,56.46,77.09
2023-08-01,raw,Automation,All ages,90.34,91.77,99.14,83.67,86.57,103.48
2023-08-01,sa,Augmentation,21-30,97.29,84.93,100.47,76.2,84.04,99.84
2023-08-01,sa,Augmentation,31-40,85.59,87.77,97.46,75.41,86.65,95.4
2023-08-01,sa,Augmentation,41-50,98.97,90.15,99.63,72.88,90.26,98.75
2023-08-01,sa,Augmentation,51-60,98.31,88.39,100.88,76.02,92.22,119.43
2023-08-01,sa,Augmentation,All ages,95.05,86.9,99.47,75.0,86.54,100.28
2023-08-01,sa,Automation,21-30,97.29,96.49,95.88,84.67,85.73,89.46
2023-08-01,sa,Automation,31-40,85.59,98.05,86.07,85.7,83.64,90.91
2023-08-01,sa,Automation,41-50,98.97,100.78,96.28,89.19,75.91,89.37
2023-08-01,sa,Automation,51-60,98.31,116.86,96.06,93.32,76.54,92.39
2023-08-01,sa,Automation,All ages,95.05,100.09,93.26,86.4,80.49,90.13
2023-09-01,percap,Augmentation,21-30,123.4,105.91,131.36,100.61,109.56,138.21
2023-09-01,percap,Augmentation,31-40,94.88,100.38,109.44,86.0,98.65,108.48
2023-09-01,percap,Augmentation,41-50,96.82,106.87,104.75,78.92,94.31,95.72
2023-09-01,percap,Augmentation,51-60,91.43,104.13,95.44,71.26,78.72,95.24
2023-09-01,percap,Augmentation,All ages,104.46,104.16,114.85,87.31,99.76,116.03
2023-09-01,percap,Automation,21-30,123.4,120.24,140.61,108.25,131.26,110.5
2023-09-01,percap,Automation,31-40,94.88,106.56,103.95,98.8,96.81,97.97
2023-09-01,percap,Automation,41-50,96.82,110.91,87.69,98.4,84.37,93.29
2023-09-01,percap,Automation,51-60,91.43,115.44,80.94,83.35,73.22,85.55
2023-09-01,percap,Automation,All ages,104.46,113.5,109.95,101.13,98.1,100.64
2023-09-01,percap_sa,Augmentation,21-30,90.63,84.92,91.18,73.53,80.3,96.4
2023-09-01,percap_sa,Augmentation,31-40,84.05,83.75,90.22,72.61,85.56,92.01
2023-09-01,percap_sa,Augmentation,41-50,99.52,93.87,88.06,69.22,87.81,89.04
2023-09-01,percap_sa,Augmentation,51-60,88.3,93.76,93.72,71.03,82.94,102.06
2023-09-01,percap_sa,Augmentation,All ages,90.31,87.15,90.42,71.81,82.85,94.53
2023-09-01,percap_sa,Automation,21-30,90.63,95.77,94.17,79.91,84.36,81.34
2023-09-01,percap_sa,Automation,31-40,84.05,91.17,87.91,84.13,80.62,82.19
2023-09-01,percap_sa,Automation,41-50,99.52,99.95,82.86,87.15,74.54,80.23
2023-09-01,percap_sa,Automation,51-60,88.3,103.92,93.34,84.63,74.21,84.16
2023-09-01,percap_sa,Automation,All ages,90.31,96.25,90.1,82.34,78.58,81.51
2023-09-01,raw,Augmentation,21-30,123.4,105.91,131.36,100.61,109.56,138.21
2023-09-01,raw,Augmentation,31-40,96.35,101.94,111.14,87.34,100.18,110.16
2023-09-01,raw,Augmentation,41-50,96.96,107.03,104.9,79.04,94.45,95.86
2023-09-01,raw,Augmentation,51-60,92.58,105.44,96.64,72.16,79.71,96.43
2023-09-01,raw,Augmentation,All ages,105.24,104.94,115.71,87.97,100.51,116.91
2023-09-01,raw,Automation,21-30,123.4,120.24,140.6,108.25,131.26,110.5
2023-09-01,raw,Automation,31-40,96.35,108.21,105.56,100.33,98.31,99.49
2023-09-01,raw,Automation,41-50,96.96,111.07,87.81,98.54,84.49,93.42
2023-09-01,raw,Automation,51-60,92.58,116.89,81.96,84.4,74.14,86.63
2023-09-01,raw,Automation,All ages,105.24,114.36,110.78,101.89,98.84,101.4
2023-09-01,sa,Augmentation,21-30,90.63,84.92,91.17,73.53,80.29,96.4
2023-09-01,sa,Augmentation,31-40,85.5,85.19,91.77,73.86,87.03,93.59
2023-09-01,sa,Augmentation,41-50,99.64,93.98,88.16,69.3,87.91,89.15
2023-09-01,sa,Augmentation,51-60,89.54,95.08,95.04,72.03,84.11,103.49
2023-09-01,sa,Augmentation,All ages,91.06,87.87,91.17,72.4,83.53,95.31
2023-09-01,sa,Automation,21-30,90.63,95.77,94.17,79.91,84.35,81.34
2023-09-01,sa,Automation,31-40,85.5,92.73,89.42,85.57,82.0,83.61
2023-09-01,sa,Automation,41-50,99.64,100.07,82.96,87.26,74.63,80.33
2023-09-01,sa,Automation,51-60,89.54,105.38,94.66,85.82,75.25,85.34
2023-09-01,sa,Automation,All ages,91.06,97.04,90.84,83.02,79.22,82.18
2023-10-01,percap,Augmentation,21-30,98.46,111.85,102.6,74.08,83.84,101.97
2023-10-01,percap,Augmentation,31-40,78.99,106.11,97.82,70.92,90.29,96.69
2023-10-01,percap,Augmentation,41-50,88.35,103.21,107.11,73.88,87.13,94.94
2023-10-01,percap,Augmentation,51-60,85.51,113.4,108.9,65.51,74.77,83.81
2023-10-01,percap,Augmentation,All ages,88.61,108.49,102.81,71.74,84.6,96.79
2023-10-01,percap,Automation,21-30,98.46,122.32,112.12,83.59,89.9,81.81
2023-10-01,percap,Automation,31-40,78.99,109.53,104.13,90.46,75.11,81.11
2023-10-01,percap,Automation,41-50,88.35,114.85,100.36,88.72,71.91,89.86
2023-10-01,percap,Automation,51-60,85.51,118.1,100.07,82.06,60.36,84.34
2023-10-01,percap,Automation,All ages,88.61,116.26,105.43,85.82,75.26,83.26
2023-10-01,percap_sa,Augmentation,21-30,93.55,99.88,98.5,72.06,85.93,94.81
2023-10-01,percap_sa,Augmentation,31-40,80.65,97.57,97.65,69.33,93.83,92.71
2023-10-01,percap_sa,Augmentation,41-50,97.76,95.15,103.64,74.79,91.48,95.4
2023-10-01,percap_sa,Augmentation,51-60,99.61,105.56,113.03,72.02,84.57,97.1
2023-10-01,percap_sa,Augmentation,All ages,91.65,98.79,100.97,71.64,88.45,94.62
2023-10-01,percap_sa,Automation,21-30,93.55,107.25,95.93,83.87,85.32,85.75
2023-10-01,percap_sa,Automation,31-40,80.65,99.93,93.62,90.81,74.92,87.6
2023-10-01,percap_sa,Automation,41-50,97.76,101.21,100.36,89.06,76.34,93.38
2023-10-01,percap_sa,Automation,51-60,99.61,109.66,108.93,88.27,73.11,93.54
2023-10-01,percap_sa,Automation,All ages,91.65,104.05,97.62,86.82,77.57,88.42
2023-10-01,raw,Augmentation,21-30,98.45,111.84,102.59,74.07,83.83,101.96
2023-10-01,raw,Augmentation,31-40,80.62,108.29,99.83,72.37,92.15,98.67
2023-10-01,raw,Augmentation,41-50,88.53,103.42,107.33,74.03,87.31,95.14
2023-10-01,raw,Augmentation,51-60,86.95,115.3,110.73,66.61,76.02,85.21
2023-10-01,raw,Augmentation,All ages,89.49,109.57,103.83,72.46,85.44,97.75
2023-10-01,raw,Automation,21-30,98.45,122.31,112.11,83.58,89.89,81.8
2023-10-01,raw,Automation,31-40,80.62,111.78,106.27,92.31,76.65,82.78
2023-10-01,raw,Automation,41-50,88.53,115.09,100.56,88.9,72.06,90.04
2023-10-01,raw,Automation,51-60,86.95,120.08,101.75,83.43,61.37,85.76
2023-10-01,raw,Automation,All ages,89.49,117.42,106.48,86.68,76.01,84.09
2023-10-01,sa,Augmentation,21-30,93.54,99.87,98.5,72.06,85.92,94.81
2023-10-01,sa,Augmentation,31-40,82.18,99.41,99.49,70.65,95.6,94.46
2023-10-01,sa,Augmentation,41-50,97.96,95.35,103.85,74.95,91.67,95.6
2023-10-01,sa,Augmentation,51-60,101.15,107.19,114.77,73.14,85.88,98.6
2023-10-01,sa,Augmentation,All ages,92.5,99.71,101.91,72.3,89.27,95.49
2023-10-01,sa,Automation,21-30,93.54,107.24,95.93,83.87,85.31,85.74
2023-10-01,sa,Automation,31-40,82.18,101.82,95.39,92.53,76.34,89.26
2023-10-01,sa,Automation,41-50,97.96,101.42,100.56,89.24,76.5,93.57
2023-10-01,sa,Automation,51-60,101.15,111.35,110.61,89.64,74.24,94.98
2023-10-01,sa,Automation,All ages,92.5,105.02,98.52,87.62,78.29,89.23
2023-11-01,percap,Augmentation,21-30,89.89,79.65,89.75,66.34,80.24,97.79
2023-11-01,percap,Augmentation,31-40,87.7,80.53,83.76,62.9,90.23,100.44
2023-11-01,percap,Augmentation,41-50,110.77,81.63,91.34,62.83,85.56,106.46
2023-11-01,percap,Augmentation,51-60,107.02,85.31,99.23,64.64,86.42,133.71
2023-11-01,percap,Augmentation,All ages,96.38,80.9,89.5,64.27,84.32,104.21
2023-11-01,percap,Automation,21-30,89.89,94.3,92.27,77.86,82.74,78.12
2023-11-01,percap,Automation,31-40,87.7,90.89,89.89,86.36,74.19,75.48
2023-11-01,percap,Automation,41-50,110.77,97.36,97.45,84.74,69.8,77.46
2023-11-01,percap,Automation,51-60,107.02,113.21,109.48,88.0,70.3,82.93
2023-11-01,percap,Automation,All ages,96.38,96.42,95.02,82.16,74.57,77.69
2023-11-01,percap_sa,Augmentation,21-30,89.89,79.65,89.75,66.34,80.24,97.79
2023-11-01,percap_sa,Augmentation,31-40,87.7,80.53,83.76,62.9,90.23,100.44
2023-11-01,percap_sa,Augmentation,41-50,110.77,81.63,91.34,62.83,85.56,106.46
2023-11-01,percap_sa,Augmentation,51-60,107.02,85.31,99.23,64.64,86.42,133.71
2023-11-01,percap_sa,Augmentation,All ages,96.38,80.9,89.5,64.27,84.32,104.21
2023-11-01,percap_sa,Automation,21-30,89.89,94.3,92.27,77.86,82.74,78.12
2023-11-01,percap_sa,Automation,31-40,87.7,90.89,89.89,86.36,74.19,75.48
2023-11-01,percap_sa,Automation,41-50,110.77,97.36,97.45,84.74,69.8,77.46
2023-11-01,percap_sa,Automation,51-60,107.02,113.21,109.48,88.0,70.3,82.93
2023-11-01,percap_sa,Automation,All ages,96.38,96.42,95.02,82.16,74.57,77.69
2023-11-01,raw,Augmentation,21-30,89.88,79.64,89.74,66.33,80.23,97.78
2023-11-01,raw,Augmentation,31-40,89.5,82.18,85.48,64.19,92.09,102.5
2023-11-01,raw,Augmentation,41-50,111.0,81.8,91.52,62.96,85.74,106.68
2023-11-01,raw,Augmentation,51-60,108.81,86.74,100.89,65.72,87.86,135.95
2023-11-01,raw,Augmentation,All ages,97.35,81.71,90.4,64.91,85.16,105.26
2023-11-01,raw,Automation,21-30,89.88,94.29,92.26,77.85,82.73,78.11
2023-11-01,raw,Automation,31-40,89.5,92.76,91.73,88.14,75.72,77.03
2023-11-01,raw,Automation,41-50,111.0,97.56,97.65,84.91,69.94,77.62
2023-11-01,raw,Automation,51-60,108.81,115.11,111.31,89.47,71.48,84.32
2023-11-01,raw,Automation,All ages,97.35,97.39,95.97,82.98,75.31,78.47
2023-11-01,sa,Augmentation,21-30,89.88,79.64,89.74,66.33,80.23,97.78
2023-11-01,sa,Augmentation,31-40,89.5,82.18,85.48,64.19,92.09,102.5
2023-11-01,sa,Augmentation,41-50,111.0,81.8,91.52,62.96,85.74,106.68
2023-11-01,sa,Augmentation,51-60,108.81,86.74,100.89,65.72,87.86,135.95
2023-11-01,sa,Augmentation,All ages,97.35,81.71,90.4,64.91,85.16,105.26
2023-11-01,sa,Automation,21-30,89.88,94.29,92.26,77.85,82.73,78.11
2023-11-01,sa,Automation,31-40,89.5,92.76,91.73,88.14,75.72,77.03
2023-11-01,sa,Automation,41-50,111.0,97.56,97.65,84.91,69.94,77.62
2023-11-01,sa,Automation,51-60,108.81,115.11,111.31,89.47,71.48,84.32
2023-11-01,sa,Automation,All ages,97.35,97.39,95.97,82.98,75.31,78.47
2023-12-01,percap,Augmentation,21-30,78.85,99.9,78.77,54.41,63.08,81.65
2023-12-01,percap,Augmentation,31-40,66.88,94.54,79.49,55.29,60.83,71.67
2023-12-01,percap,Augmentation,41-50,73.1,87.6,84.67,52.56,58.67,73.76
2023-12-01,percap,Augmentation,51-60,91.3,100.63,83.96,51.27,60.18,74.47
2023-12-01,percap,Augmentation,All ages,76.01,95.83,80.71,53.74,61.19,76.18
2023-12-01,percap,Automation,21-30,78.85,100.96,81.44,64.98,65.94,67.09
2023-12-01,percap,Automation,31-40,66.88,97.14,72.1,61.22,62.01,68.76
2023-12-01,percap,Automation,41-50,73.1,92.54,79.71,56.75,63.44,66.73
2023-12-01,percap,Automation,51-60,91.3,101.21,83.47,55.37,60.1,69.19
2023-12-01,percap,Automation,All ages,76.01,98.0,78.5,61.38,63.0,67.61
2023-12-01,percap_sa,Augmentation,21-30,89.76,87.81,96.43,72.17,81.21,96.37
2023-12-01,percap_sa,Augmentation,31-40,75.37,88.08,97.93,71.07,80.32,93.95
2023-12-01,percap_sa,Augmentation,41-50,85.06,85.3,96.7,68.24,78.3,96.42
2023-12-01,percap_sa,Augmentation,51-60,93.48,86.12,103.7,67.43,78.34,110.23
2023-12-01,percap_sa,Augmentation,All ages,85.16,86.99,97.77,70.27,79.95,97.07
2023-12-01,percap_sa,Automation,21-30,89.76,95.78,94.47,80.05,82.91,87.52
2023-12-01,percap_sa,Automation,31-40,75.37,99.74,90.01,78.52,77.1,88.17
2023-12-01,percap_sa,Automation,41-50,85.06,96.98,98.14,75.71,75.9,81.39
2023-12-01,percap_sa,Automation,51-60,93.48,105.24,106.77,74.77,73.21,87.13
2023-12-01,percap_sa,Automation,All ages,85.16,98.24,95.51,78.24,77.67,86.28
2023-12-01,raw,Augmentation,21-30,78.84,99.89,78.76,54.4,63.07,81.65
2023-12-01,raw,Augmentation,31-40,68.25,96.48,81.12,56.42,62.08,73.14
2023-12-01,raw,Augmentation,41-50,73.25,87.78,84.84,52.67,58.79,73.91
2023-12-01,raw,Augmentation,51-60,92.83,102.31,85.37,52.13,61.19,75.72
2023-12-01,raw,Augmentation,All ages,76.77,96.79,81.52,54.27,61.8,76.94
2023-12-01,raw,Automation,21-30,78.84,100.95,81.44,64.97,65.93,67.09
2023-12-01,raw,Automation,31-40,68.25,99.13,73.58,62.47,63.28,70.17
2023-12-01,raw,Automation,41-50,73.25,92.73,79.88,56.86,63.57,66.86
2023-12-01,raw,Automation,51-60,92.83,102.91,84.87,56.3,61.11,70.35
2023-12-01,raw,Automation,All ages,76.77,98.98,79.29,61.99,63.62,68.29
2023-12-01,sa,Augmentation,21-30,89.75,87.79,96.42,72.16,81.19,96.36
2023-12-01,sa,Augmentation,31-40,77.04,90.03,100.1,72.64,82.1,96.03
2023-12-01,sa,Augmentation,41-50,85.24,85.48,96.89,68.38,78.46,96.62
2023-12-01,sa,Augmentation,51-60,95.17,87.68,105.58,68.65,79.76,112.22
2023-12-01,sa,Augmentation,All ages,86.07,87.92,98.82,71.02,80.81,98.11
2023-12-01,sa,Automation,21-30,89.75,95.77,94.46,80.04,82.9,87.51
2023-12-01,sa,Automation,31-40,77.04,101.95,92.0,80.26,78.81,90.12
2023-12-01,sa,Automation,41-50,85.24,97.18,98.34,75.86,76.05,81.55
2023-12-01,sa,Automation,51-60,95.17,107.14,108.7,76.12,74.53,88.71
2023-12-01,sa,Automation,All ages,86.07,99.29,96.54,79.08,78.5,87.21
2024-01-01,percap,Augmentation,21-30,121.82,89.84,114.05,86.2,86.96,118.88
2024-01-01,percap,Augmentation,31-40,109.03,110.22,131.32,107.94,120.67,132.5
2024-01-01,percap,Augmentation,41-50,106.52,117.03,149.61,113.12,137.55,135.68
2024-01-01,percap,Augmentation,51-60,130.12,140.19,163.46,120.21,138.41,158.44
2024-01-01,percap,Augmentation,All ages,115.93,107.46,132.48,103.18,111.11,130.52
2024-01-01,percap,Automation,21-30,121.82,115.89,128.73,84.06,114.8,89.09
2024-01-01,percap,Automation,31-40,109.03,126.7,150.42,110.67,119.67,112.21
2024-01-01,percap,Automation,41-50,106.52,140.81,152.91,125.06,128.51,121.24
2024-01-01,percap,Automation,51-60,130.12,162.91,155.79,135.57,132.2,138.69
2024-01-01,percap,Automation,All ages,115.93,130.56,143.97,103.37,123.02,107.3
2024-01-01,percap_sa,Augmentation,21-30,88.69,86.42,85.36,76.91,85.03,87.79
2024-01-01,percap_sa,Augmentation,31-40,84.18,92.43,83.96,72.13,89.85,87.02
2024-01-01,percap_sa,Augmentation,41-50,91.16,93.77,85.16,70.14,87.25,87.02
2024-01-01,percap_sa,Augmentation,51-60,94.59,99.59,87.06,69.77,81.41,96.06
2024-01-01,percap_sa,Augmentation,All ages,88.87,91.64,85.15,72.97,86.05,88.32
2024-01-01,percap_sa,Automation,21-30,88.69,94.48,85.14,82.06,84.86,80.18
2024-01-01,percap_sa,Automation,31-40,84.18,90.54,88.95,86.41,76.24,78.87
2024-01-01,percap_sa,Automation,41-50,91.16,91.89,92.85,85.06,72.3,77.18
2024-01-01,percap_sa,Automation,51-60,94.59,97.52,95.81,81.21,73.75,78.36
2024-01-01,percap_sa,Automation,All ages,88.87,92.96,89.49,83.58,77.25,78.79
2024-01-01,raw,Augmentation,21-30,121.75,89.79,113.99,86.15,86.91,118.82
2024-01-01,raw,Augmentation,31-40,111.71,112.93,134.55,110.6,123.64,135.76
2024-01-01,raw,Augmentation,41-50,106.8,117.34,150.0,113.42,137.91,136.04
2024-01-01,raw,Augmentation,51-60,132.73,143.0,166.74,122.61,141.19,161.61
2024-01-01,raw,Augmentation,All ages,117.31,108.74,134.06,104.41,112.43,132.07
2024-01-01,raw,Automation,21-30,121.75,115.83,128.67,84.02,114.74,89.04
2024-01-01,raw,Automation,31-40,111.71,129.82,154.12,113.39,122.62,114.98
2024-01-01,raw,Automation,41-50,106.8,141.19,153.32,125.39,128.85,121.57
2024-01-01,raw,Automation,51-60,132.73,166.18,158.91,138.28,134.85,141.47
2024-01-01,raw,Automation,All ages,117.31,132.11,145.69,104.6,124.48,108.58
2024-01-01,sa,Augmentation,21-30,88.65,86.38,85.32,76.87,84.99,87.75
2024-01-01,sa,Augmentation,31-40,86.11,94.56,85.89,73.78,91.92,89.02
2024-01-01,sa,Augmentation,41-50,91.4,94.01,85.39,70.33,87.48,87.24
2024-01-01,sa,Augmentation,51-60,96.37,101.46,88.69,71.08,82.94,97.86
2024-01-01,sa,Augmentation,All ages,89.86,92.66,86.1,73.79,87.01,89.31
2024-01-01,sa,Automation,21-30,88.65,94.44,85.1,82.02,84.82,80.14
2024-01-01,sa,Automation,31-40,86.11,92.62,91.0,88.4,78.0,80.68
2024-01-01,sa,Automation,41-50,91.4,92.13,93.09,85.28,72.49,77.38
2024-01-01,sa,Automation,51-60,96.37,99.35,97.61,82.73,75.13,79.83
2024-01-01,sa,Automation,All ages,89.86,94.0,90.49,84.51,78.11,79.67
2024-02-01,percap,Augmentation,21-30,82.25,78.37,77.98,59.83,64.33,80.67
2024-02-01,percap,Augmentation,31-40,72.21,79.45,70.01,55.63,68.94,72.81
2024-02-01,percap,Augmentation,41-50,68.65,81.02,74.08,58.3,63.95,76.78
2024-02-01,percap,Augmentation,51-60,66.67,79.93,68.1,50.04,52.53,72.11
2024-02-01,percap,Augmentation,All ages,73.89,79.26,73.43,56.72,63.62,76.42
2024-02-01,percap,Automation,21-30,82.25,80.36,78.03,62.02,86.64,70.13
2024-02-01,percap,Automation,31-40,72.21,77.9,70.8,63.95,68.54,66.22
2024-02-01,percap,Automation,41-50,68.65,89.07,67.21,64.62,64.7,66.59
2024-02-01,percap,Automation,51-60,66.67,84.19,58.86,54.76,52.08,65.55
2024-02-01,percap,Automation,All ages,73.89,81.83,70.74,61.92,69.04,67.66
2024-02-01,percap_sa,Augmentation,21-30,82.73,88.91,84.93,71.88,84.16,90.41
2024-02-01,percap_sa,Augmentation,31-40,76.81,88.27,73.63,64.54,86.75,85.88
2024-02-01,percap_sa,Augmentation,41-50,81.94,92.25,76.14,67.28,83.16,92.57
2024-02-01,percap_sa,Augmentation,51-60,88.45,92.11,77.94,65.33,77.79,99.36
2024-02-01,percap_sa,Augmentation,All ages,81.55,89.55,78.78,67.73,83.59,90.42
2024-02-01,percap_sa,Automation,21-30,82.73,89.91,87.84,80.69,90.34,79.76
2024-02-01,percap_sa,Automation,31-40,76.81,84.6,85.22,81.1,77.08,69.81
2024-02-01,percap_sa,Automation,41-50,81.94,95.94,86.88,81.47,74.79,69.77
2024-02-01,percap_sa,Automation,51-60,88.45,100.97,85.63,75.2,72.6,73.46
2024-02-01,percap_sa,Automation,All ages,81.55,90.88,86.52,80.12,79.2,73.99
2024-02-01,raw,Augmentation,21-30,82.21,78.33,77.94,59.8,64.3,80.63
2024-02-01,raw,Augmentation,31-40,73.98,81.41,71.73,57.0,70.63,74.61
2024-02-01,raw,Augmentation,41-50,68.84,81.23,74.28,58.45,64.12,76.99
2024-02-01,raw,Augmentation,51-60,68.01,81.53,69.46,51.05,53.59,73.55
2024-02-01,raw,Augmentation,All ages,74.77,80.2,74.3,57.4,64.38,77.33
2024-02-01,raw,Automation,21-30,82.21,80.32,77.99,61.99,86.6,70.1
2024-02-01,raw,Automation,31-40,73.98,79.82,72.54,65.53,70.22,67.85
2024-02-01,raw,Automation,41-50,68.84,89.31,67.39,64.79,64.87,66.77
2024-02-01,raw,Automation,51-60,68.01,85.87,60.04,55.85,53.12,66.87
2024-02-01,raw,Automation,All ages,74.77,82.8,71.58,62.66,69.86,68.47
2024-02-01,sa,Augmentation,21-30,82.69,88.86,84.89,71.84,84.12,90.36
2024-02-01,sa,Augmentation,31-40,78.7,90.45,75.44,66.13,88.88,88.0
2024-02-01,sa,Augmentation,41-50,82.16,92.49,76.34,67.46,83.38,92.82
2024-02-01,sa,Augmentation,51-60,90.23,93.96,79.5,66.64,79.35,101.35
2024-02-01,sa,Augmentation,All ages,82.52,90.61,79.72,68.54,84.58,91.5
2024-02-01,sa,Automation,21-30,82.69,89.87,87.79,80.65,90.29,79.72
2024-02-01,sa,Automation,31-40,78.7,86.69,87.31,83.1,78.97,71.53
2024-02-01,sa,Automation,41-50,82.16,96.19,87.12,81.68,74.99,69.96
2024-02-01,sa,Automation,51-60,90.23,103.0,87.34,76.71,74.05,74.93
2024-02-01,sa,Automation,All ages,82.52,91.97,87.55,81.08,80.15,74.87
2024-03-01,percap,Augmentation,21-30,82.8,70.86,74.17,60.92,63.65,80.58
2024-03-01,percap,Augmentation,31-40,81.04,72.33,73.22,56.95,68.36,84.06
2024-03-01,percap,Augmentation,41-50,82.17,68.34,82.27,54.81,64.27,82.88
2024-03-01,percap,Augmentation,51-60,73.42,64.9,77.41,47.61,61.22,78.16
2024-03-01,percap,Augmentation,All ages,80.59,69.87,75.77,56.38,64.42,81.64
2024-03-01,percap,Automation,21-30,82.8,78.48,82.25,63.53,71.94,64.83
2024-03-01,percap,Automation,31-40,81.04,76.04,82.16,68.1,67.45,63.16
2024-03-01,percap,Automation,41-50,82.17,81.46,72.11,68.91,59.58,68.32
2024-03-01,percap,Automation,51-60,73.42,76.91,66.79,66.8,48.17,66.12
2024-03-01,percap,Automation,All ages,80.59,78.03,77.76,65.78,62.87,65.01
2024-03-01,percap_sa,Augmentation,21-30,88.91,81.2,77.07,71.88,83.02,92.51
2024-03-01,percap_sa,Augmentation,31-40,93.67,81.97,66.84,62.62,83.08,91.84
2024-03-01,percap_sa,Augmentation,41-50,103.96,77.56,72.27,62.19,80.9,96.21
2024-03-01,percap_sa,Augmentation,51-60,89.81,75.72,78.6,57.69,78.24,92.64
2024-03-01,percap_sa,Augmentation,All ages,93.35,79.77,72.95,64.93,81.73,93.02
2024-03-01,percap_sa,Automation,21-30,88.91,87.8,90.31,82.06,85.24,69.6
2024-03-01,percap_sa,Automation,31-40,93.67,85.11,87.36,79.94,75.59,59.68
2024-03-01,percap_sa,Automation,41-50,103.96,89.81,86.21,80.75,69.35,63.17
2024-03-01,percap_sa,Automation,51-60,89.81,91.86,89.86,73.23,66.34,66.25
2024-03-01,percap_sa,Automation,All ages,93.35,87.83,88.48,79.91,74.91,64.69
2024-03-01,raw,Augmentation,21-30,82.75,70.82,74.13,60.89,63.62,80.54
2024-03-01,raw,Augmentation,31-40,83.03,74.11,75.03,58.35,70.05,86.13
2024-03-01,raw,Augmentation,41-50,82.39,68.52,82.49,54.95,64.44,83.1
2024-03-01,raw,Augmentation,51-60,74.89,66.2,78.96,48.56,62.44,79.72
2024-03-01,raw,Augmentation,All ages,81.55,70.7,76.67,57.05,65.19,82.61
2024-03-01,raw,Automation,21-30,82.75,78.44,82.21,63.5,71.9,64.8
2024-03-01,raw,Automation,31-40,83.03,77.91,84.18,69.77,69.11,64.71
2024-03-01,raw,Automation,41-50,82.39,81.68,72.3,69.09,59.74,68.5
2024-03-01,raw,Automation,51-60,74.89,78.45,68.13,68.14,49.13,67.45
2024-03-01,raw,Automation,All ages,81.55,78.96,78.69,66.56,63.61,65.79
2024-03-01,sa,Augmentation,21-30,88.86,81.16,77.03,71.84,82.98,92.46
2024-03-01,sa,Augmentation,31-40,96.13,84.12,68.6,64.27,85.26,94.25
2024-03-01,sa,Augmentation,41-50,104.24,77.77,72.47,62.36,81.12,96.47
2024-03-01,sa,Augmentation,51-60,91.73,77.34,80.28,58.92,79.91,94.62
2024-03-01,sa,Augmentation,All ages,94.53,80.77,73.87,65.75,82.76,94.2
2024-03-01,sa,Automation,21-30,88.86,87.75,90.26,82.02,85.19,69.56
2024-03-01,sa,Automation,31-40,96.13,87.35,89.65,82.04,77.57,61.24
2024-03-01,sa,Automation,41-50,104.24,90.05,86.44,80.97,69.54,63.34
2024-03-01,sa,Automation,51-60,91.73,93.82,91.78,74.79,67.76,67.66
2024-03-01,sa,Automation,All ages,94.53,88.94,89.6,80.92,75.86,65.51
2024-04-01,percap,Augmentation,21-30,82.01,77.31,77.64,66.85,65.89,82.44
2024-04-01,percap,Augmentation,31-40,75.92,73.29,77.76,60.76,68.83,80.8
2024-04-01,percap,Augmentation,41-50,77.61,74.06,75.46,59.97,64.28,78.85
2024-04-01,percap,Augmentation,51-60,67.4,66.68,73.48,53.08,62.34,85.95
2024-04-01,percap,Augmentation,All ages,76.91,73.95,76.52,61.44,65.63,81.48
2024-04-01,percap,Automation,21-30,82.01,90.87,88.05,64.84,76.65,66.19
2024-04-01,percap,Automation,31-40,75.92,85.47,82.83,67.21,68.43,63.86
2024-04-01,percap,Automation,41-50,77.61,86.43,72.92,67.33,63.74,62.57
2024-04-01,percap,Automation,51-60,67.4,90.8,68.5,62.03,56.03,63.66
2024-04-01,percap,Automation,All ages,76.91,88.18,80.37,65.31,66.94,64.38
2024-04-01,percap_sa,Augmentation,21-30,89.92,85.61,92.33,77.39,84.25,90.77
2024-04-01,percap_sa,Augmentation,31-40,89.18,78.66,88.15,69.67,80.67,87.8
2024-04-01,percap_sa,Augmentation,41-50,101.37,77.76,88.39,71.1,78.83,86.83
2024-04-01,percap_sa,Augmentation,51-60,91.22,73.63,94.17,69.98,79.45,89.93
2024-04-01,percap_sa,Augmentation,All ages,92.16,80.12,90.42,72.63,81.33,88.76
2024-04-01,percap_sa,Automation,21-30,89.92,94.78,90.28,81.59,94.18,82.96
2024-04-01,percap_sa,Automation,31-40,89.18,82.12,85.28,79.77,80.98,79.88
2024-04-01,percap_sa,Automation,41-50,101.37,82.92,82.79,80.88,74.62,81.32
2024-04-01,percap_sa,Automation,51-60,91.22,90.51,76.64,76.85,77.51,88.82
2024-04-01,percap_sa,Automation,All ages,92.16,87.56,85.21,80.18,82.16,82.23
2024-04-01,raw,Augmentation,21-30,81.9,77.21,77.55,66.76,65.8,82.34
2024-04-01,raw,Augmentation,31-40,78.03,75.33,79.92,62.44,70.74,83.05
2024-04-01,raw,Augmentation,41-50,77.87,74.3,75.71,60.17,64.49,79.11
2024-04-01,raw,Augmentation,51-60,68.91,68.18,75.13,54.27,63.74,87.88
2024-04-01,raw,Augmentation,All ages,77.94,74.93,77.54,62.25,66.5,82.56
2024-04-01,raw,Automation,21-30,81.9,90.76,87.94,64.76,76.55,66.11
2024-04-01,raw,Automation,31-40,78.03,87.84,85.13,69.07,70.32,65.63
2024-04-01,raw,Automation,41-50,77.87,86.72,73.16,67.55,63.95,62.78
2024-04-01,raw,Automation,51-60,68.91,92.84,70.04,63.42,57.29,65.09
2024-04-01,raw,Automation,All ages,77.94,89.35,81.44,66.17,67.83,65.23
2024-04-01,sa,Augmentation,21-30,89.81,85.51,92.22,77.3,84.15,90.66
2024-04-01,sa,Augmentation,31-40,91.52,80.72,90.46,71.5,82.78,90.1
2024-04-01,sa,Augmentation,41-50,101.68,78.0,88.66,71.31,79.06,87.09
2024-04-01,sa,Augmentation,51-60,93.16,75.21,96.18,71.47,81.15,91.85
2024-04-01,sa,Augmentation,All ages,93.32,81.13,91.55,73.54,82.35,89.88
2024-04-01,sa,Automation,21-30,89.81,94.66,90.18,81.49,94.07,82.86
2024-04-01,sa,Automation,31-40,91.52,84.27,87.51,81.86,83.1,81.98
2024-04-01,sa,Automation,41-50,101.68,83.17,83.04,81.12,74.85,81.57
2024-04-01,sa,Automation,51-60,93.16,92.44,78.28,78.5,79.17,90.72
2024-04-01,sa,Automation,All ages,93.32,88.66,86.28,81.19,83.2,83.26
2024-05-01,percap,Augmentation,21-30,102.42,101.2,70.93,69.41,73.18,95.99
2024-05-01,percap,Augmentation,31-40,103.66,98.44,75.26,66.6,75.86,94.67
2024-05-01,percap,Augmentation,41-50,106.46,98.84,77.97,63.74,73.36,98.38
2024-05-01,percap,Augmentation,51-60,100.96,96.06,79.11,57.77,68.85,114.71
2024-05-01,percap,Augmentation,All ages,103.25,99.04,74.52,65.52,73.05,97.98
2024-05-01,percap,Automation,21-30,102.42,100.02,86.11,79.39,64.59,69.78
2024-05-01,percap,Automation,31-40,103.66,98.8,88.15,80.16,64.85,71.56
2024-05-01,percap,Automation,41-50,106.46,102.07,85.12,78.61,66.2,72.08
2024-05-01,percap,Automation,51-60,100.96,106.16,87.17,76.97,58.65,71.98
2024-05-01,percap,Automation,All ages,103.25,100.75,86.53,78.9,63.87,70.78
2024-05-01,percap_sa,Augmentation,21-30,83.86,88.09,79.04,71.07,76.59,91.86
2024-05-01,percap_sa,Augmentation,31-40,86.63,85.1,78.22,62.87,80.78,87.66
2024-05-01,percap_sa,Augmentation,41-50,97.57,88.86,79.23,62.5,80.04,89.36
2024-05-01,percap_sa,Augmentation,51-60,97.89,89.78,85.5,64.51,82.13,108.73
2024-05-01,percap_sa,Augmentation,All ages,89.4,87.29,79.6,65.75,78.62,91.91
2024-05-01,percap_sa,Automation,21-30,83.86,93.06,84.13,79.87,72.0,75.07
2024-05-01,percap_sa,Automation,31-40,86.63,86.94,84.47,80.47,66.62,72.41
2024-05-01,percap_sa,Automation,41-50,97.57,91.0,86.47,78.82,69.17,71.92
2024-05-01,percap_sa,Automation,51-60,97.89,103.24,97.75,83.23,72.25,72.59
2024-05-01,percap_sa,Automation,All ages,89.4,91.96,86.36,79.93,69.57,73.23
2024-05-01,raw,Augmentation,21-30,102.29,101.08,70.84,69.33,73.09,95.87
2024-05-01,raw,Augmentation,31-40,106.53,101.17,77.35,68.44,77.97,97.3
2024-05-01,raw,Augmentation,41-50,106.81,99.17,78.23,63.95,73.6,98.7
2024-05-01,raw,Augmentation,51-60,103.22,98.22,80.88,59.07,70.4,117.28
2024-05-01,raw,Augmentation,All ages,104.62,100.35,75.51,66.39,74.02,99.28
2024-05-01,raw,Automation,21-30,102.29,99.9,86.0,79.29,64.51,69.7
2024-05-01,raw,Automation,31-40,106.53,101.54,90.6,82.39,66.65,73.54
2024-05-01,raw,Automation,41-50,106.81,102.41,85.4,78.86,66.42,72.31
2024-05-01,raw,Automation,51-60,103.22,108.54,89.13,78.7,59.96,73.6
2024-05-01,raw,Automation,All ages,104.62,102.09,87.68,79.94,64.72,71.72
2024-05-01,sa,Augmentation,21-30,83.76,87.98,78.94,70.98,76.5,91.75
2024-05-01,sa,Augmentation,31-40,89.04,87.47,80.4,64.62,83.02,90.1
2024-05-01,sa,Augmentation,41-50,97.88,89.13,79.48,62.7,80.28,89.64
2024-05-01,sa,Augmentation,51-60,100.1,91.81,87.43,65.97,83.98,111.19
2024-05-01,sa,Augmentation,All ages,90.59,88.45,80.66,66.63,79.66,93.13
2024-05-01,sa,Automation,21-30,83.76,92.94,84.02,79.77,71.91,74.98
2024-05-01,sa,Automation,31-40,89.04,89.36,86.82,82.71,68.47,74.42
2024-05-01,sa,Automation,41-50,97.88,91.29,86.74,79.06,69.39,72.15
2024-05-01,sa,Automation,51-60,100.1,105.58,99.96,85.11,73.88,74.23
2024-05-01,sa,Automation,All ages,90.59,93.18,87.51,81.0,70.5,74.21
2024-06-01,percap,Augmentation,21-30,133.92,113.01,89.5,83.07,103.05,108.55
2024-06-01,percap,Augmentation,31-40,96.79,86.76,69.67,60.59,70.79,77.03
2024-06-01,percap,Augmentation,41-50,102.39,84.05,73.5,55.81,66.13,73.83
2024-06-01,percap,Augmentation,51-60,87.47,80.05,69.18,51.18,58.57,79.36
2024-06-01,percap,Augmentation,All ages,109.04,95.13,77.69,65.85,82.03,88.78
2024-06-01,percap,Automation,21-30,133.92,104.85,99.75,105.35,84.15,89.2
2024-06-01,percap,Automation,31-40,96.79,85.51,69.69,75.48,57.09,67.49
2024-06-01,percap,Automation,41-50,102.39,87.87,65.47,71.98,53.07,67.26
2024-06-01,percap,Automation,51-60,87.47,93.79,64.53,62.82,48.55,62.43
2024-06-01,percap,Automation,All ages,109.04,93.89,78.38,86.84,61.43,75.57
2024-06-01,percap_sa,Augmentation,21-30,88.54,85.36,88.56,71.0,83.21,88.9
2024-06-01,percap_sa,Augmentation,31-40,81.0,86.22,82.72,69.04,83.25,88.95
2024-06-01,percap_sa,Augmentation,41-50,103.37,85.49,86.79,65.8,83.09,91.18
2024-06-01,percap_sa,Augmentation,51-60,87.23,86.72,91.89,65.64,80.63,105.91
2024-06-01,percap_sa,Augmentation,All ages,89.0,85.38,86.79,68.33,82.68,90.81
2024-06-01,percap_sa,Automation,21-30,88.54,88.13,84.43,82.68,81.76,81.8
2024-06-01,percap_sa,Automation,31-40,81.0,88.22,82.35,82.46,75.47,79.19
2024-06-01,percap_sa,Automation,41-50,103.37,92.84,83.29,82.82,69.71,80.01
2024-06-01,percap_sa,Automation,51-60,87.23,103.31,91.22,80.23,69.7,82.88
2024-06-01,percap_sa,Automation,All ages,89.0,90.66,84.18,82.2,74.52,80.67
2024-06-01,raw,Augmentation,21-30,133.75,112.87,89.39,82.97,102.92,108.42
2024-06-01,raw,Augmentation,31-40,99.47,89.17,71.6,62.28,72.76,79.17
2024-06-01,raw,Augmentation,41-50,102.73,84.33,73.74,55.99,66.35,74.07
2024-06-01,raw,Augmentation,51-60,89.43,81.84,70.74,52.33,59.88,81.14
2024-06-01,raw,Augmentation,All ages,110.49,96.39,78.73,66.73,83.12,89.95
2024-06-01,raw,Automation,21-30,133.75,104.72,99.63,105.22,84.04,89.09
2024-06-01,raw,Automation,31-40,99.47,87.88,71.62,77.58,58.68,69.36
2024-06-01,raw,Automation,41-50,102.73,88.16,65.68,72.22,53.25,67.48
2024-06-01,raw,Automation,51-60,89.43,95.89,65.98,64.23,49.64,63.83
2024-06-01,raw,Automation,All ages,110.49,95.14,79.42,87.99,62.24,76.57
2024-06-01,sa,Augmentation,21-30,88.43,85.25,88.45,70.91,83.11,88.78
2024-06-01,sa,Augmentation,31-40,83.38,88.76,85.15,71.08,85.7,91.57
2024-06-01,sa,Augmentation,41-50,103.7,85.76,87.07,66.01,83.35,91.47
2024-06-01,sa,Augmentation,51-60,89.32,88.79,94.08,67.21,82.56,108.44
2024-06-01,sa,Augmentation,All ages,90.25,86.58,88.01,69.29,83.84,92.08
2024-06-01,sa,Automation,21-30,88.43,88.02,84.33,82.57,81.65,81.7
2024-06-01,sa,Automation,31-40,83.38,90.82,84.78,84.89,77.69,81.52
2024-06-01,sa,Automation,41-50,103.7,93.13,83.55,83.08,69.93,80.27
2024-06-01,sa,Automation,51-60,89.32,105.78,93.4,82.14,71.37,84.86
2024-06-01,sa,Automation,All ages,90.25,91.93,85.36,83.36,75.56,81.8
2024-07-01,percap,Augmentation,21-30,140.96,121.65,120.07,99.1,113.96,138.09
2024-07-01,percap,Augmentation,31-40,78.44,78.56,67.8,45.99,64.87,63.28
2024-07-01,percap,Augmentation,41-50,78.65,80.66,82.23,41.38,55.93,63.68
2024-07-01,percap,Augmentation,51-60,73.14,73.67,80.01,44.28,49.33,58.28
2024-07-01,percap,Augmentation,All ages,98.74,94.48,91.82,63.04,82.13,91.67
2024-07-01,percap,Automation,21-30,140.96,129.08,134.09,110.15,121.12,112.28
2024-07-01,percap,Automation,31-40,78.44,78.21,66.31,62.56,48.52,60.45
2024-07-01,percap,Automation,41-50,78.65,80.36,75.34,59.11,43.65,62.18
2024-07-01,percap,Automation,51-60,73.14,81.3,72.01,49.64,41.5,64.27
2024-07-01,percap,Automation,All ages,98.74,97.05,92.34,81.96,64.73,82.3
2024-07-01,percap_sa,Augmentation,21-30,92.24,82.41,109.49,87.23,87.47,104.89
2024-07-01,percap_sa,Augmentation,31-40,89.31,83.54,97.12,69.03,91.84,90.96
2024-07-01,percap_sa,Augmentation,41-50,102.51,89.77,110.99,64.9,89.3,96.85
2024-07-01,percap_sa,Augmentation,51-60,99.56,86.15,108.48,71.55,81.65,93.86
2024-07-01,percap_sa,Augmentation,All ages,93.84,83.58,105.96,76.55,87.68,99.38
2024-07-01,percap_sa,Automation,21-30,92.24,100.54,101.97,84.07,100.52,100.09
2024-07-01,percap_sa,Automation,31-40,89.31,95.51,96.16,80.36,81.75,87.48
2024-07-01,percap_sa,Automation,41-50,102.51,100.54,111.71,82.57,75.57,89.43
2024-07-01,percap_sa,Automation,51-60,99.56,102.97,107.2,74.32,75.59,94.15
2024-07-01,percap_sa,Automation,All ages,93.84,98.93,101.93,82.0,85.36,94.69
2024-07-01,raw,Augmentation,21-30,140.68,121.4,119.83,98.9,113.73,137.81
2024-07-01,raw,Augmentation,31-40,80.87,80.99,69.9,47.42,66.88,65.24
2024-07-01,raw,Augmentation,41-50,78.95,80.98,82.55,41.54,56.15,63.93
2024-07-01,raw,Augmentation,51-60,74.97,75.51,82.0,45.38,50.56,59.73
2024-07-01,raw,Augmentation,All ages,100.19,95.87,93.17,63.97,83.34,93.01
2024-07-01,raw,Automation,21-30,140.68,128.83,133.82,109.93,120.87,112.06
2024-07-01,raw,Automation,31-40,80.87,80.63,68.36,64.5,50.02,62.32
2024-07-01,raw,Automation,41-50,78.95,80.67,75.64,59.34,43.82,62.42
2024-07-01,raw,Automation,51-60,74.97,83.33,73.81,50.88,42.53,65.87
2024-07-01,raw,Automation,All ages,100.19,98.47,93.7,83.17,65.69,83.51
2024-07-01,sa,Augmentation,21-30,92.06,82.25,109.28,87.06,87.3,104.69
2024-07-01,sa,Augmentation,31-40,91.93,85.99,99.97,71.06,94.54,93.62
2024-07-01,sa,Augmentation,41-50,102.89,90.11,111.41,65.14,89.63,97.22
2024-07-01,sa,Augmentation,51-60,101.91,88.19,111.04,73.25,83.58,96.08
2024-07-01,sa,Augmentation,All ages,95.15,84.74,107.44,77.62,88.9,100.77
2024-07-01,sa,Automation,21-30,92.06,100.35,101.77,83.9,100.33,99.89
2024-07-01,sa,Automation,31-40,91.93,98.31,98.98,82.72,84.15,90.05
2024-07-01,sa,Automation,41-50,102.89,100.92,112.13,82.89,75.86,89.77
2024-07-01,sa,Automation,51-60,101.91,105.41,109.74,76.08,77.37,96.37
2024-07-01,sa,Automation,All ages,95.15,100.31,103.35,83.15,86.55,96.01
2024-08-01,percap,Augmentation,21-30,120.71,85.61,114.09,93.37,83.89,120.24
2024-08-01,percap,Augmentation,31-40,71.17,69.25,93.49,71.83,70.21,78.53
2024-08-01,percap,Augmentation,41-50,67.27,69.63,88.78,63.81,68.03,71.37
2024-08-01,percap,Augmentation,51-60,59.77,65.72,75.32,50.21,59.09,60.86
2024-08-01,percap,Augmentation,All ages,85.23,74.89,97.62,74.18,73.95,91.12
2024-08-01,percap,Automation,21-30,120.71,95.75,116.27,86.55,104.14,106.07
2024-08-01,percap,Automation,31-40,71.17,72.76,77.94,68.15,74.55,92.68
2024-08-01,percap,Automation,41-50,67.27,74.17,66.92,67.04,65.55,86.55
2024-08-01,percap,Automation,51-60,59.77,74.73,55.36,57.69,50.07,73.56
2024-08-01,percap,Automation,All ages,85.23,81.36,85.5,74.87,75.15,94.42
2024-08-01,percap_sa,Augmentation,21-30,93.39,81.71,90.51,67.67,79.87,84.22
2024-08-01,percap_sa,Augmentation,31-40,83.09,76.57,87.16,64.96,75.16,84.21
2024-08-01,percap_sa,Augmentation,41-50,91.86,86.54,90.88,65.14,78.62,87.48
2024-08-01,percap_sa,Augmentation,51-60,87.04,87.88,92.48,64.29,80.01,91.94
2024-08-01,percap_sa,Augmentation,All ages,89.67,81.34,89.45,65.54,78.12,85.11
2024-08-01,percap_sa,Automation,21-30,93.39,91.51,81.51,78.66,72.45,81.67
2024-08-01,percap_sa,Automation,31-40,83.09,81.33,79.62,74.9,71.87,80.7
2024-08-01,percap_sa,Automation,41-50,91.86,88.23,80.06,79.34,69.93,85.22
2024-08-01,percap_sa,Automation,51-60,87.04,100.6,82.1,76.97,67.86,88.14
2024-08-01,percap_sa,Automation,All ages,89.67,88.74,80.43,77.32,69.86,82.24
2024-08-01,raw,Augmentation,21-30,120.47,85.44,113.86,93.18,83.72,120.0
2024-08-01,raw,Augmentation,31-40,73.37,71.39,96.38,74.06,72.39,80.96
2024-08-01,raw,Augmentation,41-50,67.54,69.9,89.12,64.05,68.3,71.65
2024-08-01,raw,Augmentation,51-60,61.26,67.35,77.19,51.46,60.56,62.37
2024-08-01,raw,Augmentation,All ages,86.49,75.99,99.06,75.27,75.04,92.46
2024-08-01,raw,Automation,21-30,120.47,95.56,116.04,86.38,103.93,105.86
2024-08-01,raw,Automation,31-40,73.37,75.01,80.35,70.26,76.86,95.55
2024-08-01,raw,Automation,41-50,67.54,74.45,67.18,67.3,65.81,86.89
2024-08-01,raw,Automation,51-60,61.26,76.58,56.74,59.12,51.32,75.39
2024-08-01,raw,Automation,All ages,86.49,82.56,86.75,75.97,76.25,95.81
2024-08-01,sa,Augmentation,21-30,93.21,81.55,90.33,67.54,79.72,84.05
2024-08-01,sa,Augmentation,31-40,85.67,78.95,89.87,66.98,77.49,86.82
2024-08-01,sa,Augmentation,41-50,92.2,86.87,91.22,65.38,78.92,87.8
2024-08-01,sa,Augmentation,51-60,89.21,90.08,94.79,65.9,82.01,94.24
2024-08-01,sa,Augmentation,All ages,90.99,82.54,90.77,66.5,79.27,86.36
2024-08-01,sa,Automation,21-30,93.21,91.32,81.34,78.51,72.3,81.51
2024-08-01,sa,Automation,31-40,85.67,83.85,82.08,77.22,74.09,83.2
2024-08-01,sa,Automation,41-50,92.2,88.56,80.36,79.64,70.19,85.53
2024-08-01,sa,Automation,51-60,89.21,103.12,84.15,78.89,69.56,90.35
2024-08-01,sa,Automation,All ages,90.99,90.04,81.61,78.46,70.89,83.45
2024-09-01,percap,Augmentation,21-30,111.47,99.91,135.63,101.59,111.75,135.67
2024-09-01,percap,Augmentation,31-40,91.01,92.58,98.18,78.68,97.88,101.09
2024-09-01,percap,Augmentation,41-50,95.77,88.99,101.84,70.5,88.07,92.23
2024-09-01,percap,Augmentation,51-60,95.74,87.18,89.83,61.77,73.13,96.05
2024-09-01,percap,Augmentation,All ages,99.55,93.7,111.62,82.17,98.38,111.98
2024-09-01,percap,Automation,21-30,111.47,114.79,135.2,107.74,144.62,114.51
2024-09-01,percap,Automation,31-40,91.01,101.51,94.92,89.89,98.45,89.57
2024-09-01,percap,Automation,41-50,95.77,99.23,87.5,87.13,79.54,87.74
2024-09-01,percap,Automation,51-60,95.74,104.82,81.92,73.4,68.52,76.72
2024-09-01,percap,Automation,All ages,99.55,106.02,105.26,95.31,99.84,97.62
2024-09-01,percap_sa,Augmentation,21-30,81.87,80.11,94.14,74.25,81.9,94.63
2024-09-01,percap_sa,Augmentation,31-40,80.63,77.24,80.93,66.43,84.89,85.75
2024-09-01,percap_sa,Augmentation,41-50,98.45,78.16,85.61,61.82,81.99,85.79
2024-09-01,percap_sa,Augmentation,51-60,92.46,78.49,88.21,61.56,77.06,102.93
2024-09-01,percap_sa,Augmentation,All ages,86.07,78.4,87.89,67.58,81.7,91.22
2024-09-01,percap_sa,Automation,21-30,81.87,91.43,90.55,79.53,92.94,84.3
2024-09-01,percap_sa,Automation,31-40,80.63,86.85,80.27,76.54,81.99,75.15
2024-09-01,percap_sa,Automation,41-50,98.45,89.42,82.68,77.17,70.27,75.46
2024-09-01,percap_sa,Automation,51-60,92.46,94.35,94.47,74.52,69.43,75.47
2024-09-01,percap_sa,Automation,All ages,86.07,89.9,86.25,77.6,79.97,79.06
2024-09-01,raw,Augmentation,21-30,111.25,99.71,135.36,101.38,111.53,135.4
2024-09-01,raw,Augmentation,31-40,93.83,95.45,101.22,81.12,100.91,104.22
2024-09-01,raw,Augmentation,41-50,96.15,89.34,102.23,70.77,88.41,92.58
2024-09-01,raw,Augmentation,51-60,98.12,89.35,92.06,63.3,74.95,98.44
2024-09-01,raw,Augmentation,All ages,101.01,95.08,113.26,83.38,99.82,113.62
2024-09-01,raw,Automation,21-30,111.25,114.56,134.93,107.53,144.33,114.29
2024-09-01,raw,Automation,31-40,93.83,104.65,97.86,92.67,101.5,92.35
2024-09-01,raw,Automation,41-50,96.15,99.61,87.84,87.47,79.85,88.08
2024-09-01,raw,Automation,51-60,98.12,107.42,83.96,75.23,70.22,78.63
2024-09-01,raw,Automation,All ages,101.01,107.58,106.8,96.71,101.31,99.05
2024-09-01,sa,Augmentation,21-30,81.71,79.94,93.95,74.1,81.74,94.44
2024-09-01,sa,Augmentation,31-40,83.26,79.76,83.57,68.6,87.67,88.55
2024-09-01,sa,Augmentation,41-50,98.81,78.45,85.92,62.05,82.29,86.1
2024-09-01,sa,Augmentation,51-60,94.9,80.57,90.53,63.19,79.09,105.65
2024-09-01,sa,Augmentation,All ages,87.39,79.61,89.24,68.62,82.96,92.63
2024-09-01,sa,Automation,21-30,81.71,91.24,90.37,79.37,92.76,84.13
2024-09-01,sa,Automation,31-40,83.26,89.69,82.9,79.04,84.67,77.6
2024-09-01,sa,Automation,41-50,98.81,89.75,82.99,77.45,70.53,75.74
2024-09-01,sa,Automation,51-60,94.9,96.85,96.97,76.49,71.27,77.46
2024-09-01,sa,Automation,All ages,87.39,91.29,87.58,78.79,81.2,80.28
2024-10-01,percap,Augmentation,21-30,92.75,81.87,105.89,74.08,78.32,94.98
2024-10-01,percap,Augmentation,31-40,79.17,78.79,91.92,67.44,75.78,91.09
2024-10-01,percap,Augmentation,41-50,89.91,80.81,96.39,63.84,79.82,99.43
2024-10-01,percap,Augmentation,51-60,89.67,86.46,92.88,63.82,73.67,118.65
2024-10-01,percap,Augmentation,All ages,87.56,81.12,97.92,68.28,76.98,97.1
2024-10-01,percap,Automation,21-30,92.75,91.65,106.4,79.29,85.99,85.36
2024-10-01,percap,Automation,31-40,79.17,81.19,100.82,75.14,74.7,78.03
2024-10-01,percap,Automation,41-50,89.91,91.01,103.35,80.77,71.22,75.66
2024-10-01,percap,Automation,51-60,89.67,104.13,104.59,79.38,62.75,78.1
2024-10-01,percap,Automation,All ages,87.56,89.92,103.61,78.09,74.38,80.31
2024-10-01,percap_sa,Augmentation,21-30,88.12,73.11,101.66,72.06,80.28,88.32
2024-10-01,percap_sa,Augmentation,31-40,80.83,72.45,91.75,65.94,78.75,87.34
2024-10-01,percap_sa,Augmentation,41-50,99.48,74.5,93.26,64.63,83.81,99.91
2024-10-01,percap_sa,Augmentation,51-60,104.45,80.48,96.4,70.17,83.33,137.47
2024-10-01,percap_sa,Augmentation,All ages,90.57,73.87,96.17,68.19,80.49,94.92
2024-10-01,percap_sa,Automation,21-30,88.12,80.36,91.04,79.56,81.61,89.47
2024-10-01,percap_sa,Automation,31-40,80.83,74.08,90.65,75.43,74.51,84.28
2024-10-01,percap_sa,Automation,41-50,99.48,80.2,103.35,81.08,75.61,78.63
2024-10-01,percap_sa,Automation,51-60,104.45,96.69,113.84,85.39,76.01,86.61
2024-10-01,percap_sa,Automation,All ages,90.57,80.48,95.94,78.99,76.67,85.29
2024-10-01,raw,Augmentation,21-30,92.49,81.65,105.6,73.88,78.11,94.72
2024-10-01,raw,Augmentation,31-40,81.87,81.48,95.06,69.74,78.37,94.2
2024-10-01,raw,Augmentation,41-50,90.31,81.17,96.82,64.12,80.18,99.88
2024-10-01,raw,Augmentation,51-60,92.12,88.82,95.42,65.57,75.69,121.9
2024-10-01,raw,Augmentation,All ages,88.97,82.42,99.49,69.38,78.22,98.66
2024-10-01,raw,Automation,21-30,92.49,91.4,106.11,79.07,85.76,85.12
2024-10-01,raw,Automation,31-40,81.87,83.97,104.27,77.7,77.25,80.7
2024-10-01,raw,Automation,41-50,90.31,91.42,103.82,81.13,71.54,76.0
2024-10-01,raw,Automation,51-60,92.12,106.98,107.45,81.55,64.47,80.23
2024-10-01,raw,Automation,All ages,88.97,91.37,105.28,79.35,75.57,81.61
2024-10-01,sa,Augmentation,21-30,87.89,72.91,101.39,71.87,80.06,88.08
2024-10-01,sa,Augmentation,31-40,83.46,74.8,94.73,68.08,81.31,90.18
2024-10-01,sa,Augmentation,41-50,99.93,74.84,93.68,64.92,84.19,100.36
2024-10-01,sa,Augmentation,51-60,107.17,82.58,98.91,72.0,85.5,141.05
2024-10-01,sa,Augmentation,All ages,91.96,75.0,97.65,69.23,81.72,96.38
2024-10-01,sa,Automation,21-30,87.89,80.14,90.79,79.35,81.39,89.22
2024-10-01,sa,Automation,31-40,83.46,76.49,93.6,77.88,76.93,87.02
2024-10-01,sa,Automation,41-50,99.93,80.56,103.82,81.44,75.96,78.98
2024-10-01,sa,Automation,51-60,107.17,99.2,116.8,87.61,77.99,88.86
2024-10-01,sa,Automation,All ages,91.96,81.71,97.41,80.21,77.84,86.6
2024-11-01,percap,Augmentation,21-30,79.9,85.03,81.95,77.82,70.42,88.7
2024-11-01,percap,Augmentation,31-40,75.57,84.16,79.42,70.0,73.09,82.4
2024-11-01,percap,Augmentation,41-50,77.71,83.58,94.21,71.56,73.87,87.19
2024-11-01,percap,Augmentation,51-60,75.56,85.21,89.88,74.72,75.48,98.49
2024-11-01,percap,Augmentation,All ages,77.33,84.26,84.44,73.59,72.08,87.36
2024-11-01,percap,Automation,21-30,79.9,105.49,77.17,74.05,71.39,76.95
2024-11-01,percap,Automation,31-40,75.57,94.95,72.61,79.11,63.28,73.92
2024-11-01,percap,Automation,41-50,77.71,103.32,75.28,86.32,62.73,78.45
2024-11-01,percap,Automation,51-60,75.56,111.67,70.34,88.92,62.35,83.52
2024-11-01,percap,Automation,All ages,77.33,102.52,74.26,78.75,65.04,76.89
2024-11-01,percap_sa,Augmentation,21-30,79.9,85.03,81.95,77.82,70.42,88.7
2024-11-01,percap_sa,Augmentation,31-40,75.57,84.16,79.42,70.0,73.09,82.4
2024-11-01,percap_sa,Augmentation,41-50,77.71,83.58,94.21,71.56,73.87,87.19
2024-11-01,percap_sa,Augmentation,51-60,75.56,85.21,89.88,74.72,75.48,98.49
2024-11-01,percap_sa,Augmentation,All ages,77.33,84.26,84.44,73.59,72.08,87.36
2024-11-01,percap_sa,Automation,21-30,79.9,105.49,77.17,74.05,71.39,76.95
2024-11-01,percap_sa,Automation,31-40,75.57,94.95,72.61,79.11,63.28,73.92
2024-11-01,percap_sa,Automation,41-50,77.71,103.32,75.28,86.32,62.73,78.45
2024-11-01,percap_sa,Automation,51-60,75.56,111.67,70.34,88.92,62.35,83.52
2024-11-01,percap_sa,Automation,All ages,77.33,102.52,74.26,78.75,65.04,76.89
2024-11-01,raw,Augmentation,21-30,79.69,84.79,81.73,77.61,70.22,88.45
2024-11-01,raw,Augmentation,31-40,78.15,87.04,82.14,72.39,75.58,85.21
2024-11-01,raw,Augmentation,41-50,78.06,83.96,94.63,71.88,74.2,87.58
2024-11-01,raw,Augmentation,51-60,77.63,87.54,92.34,76.76,77.55,101.18
2024-11-01,raw,Augmentation,All ages,78.58,85.62,85.79,74.77,73.24,88.77
2024-11-01,raw,Automation,21-30,79.69,105.2,76.96,73.85,71.2,76.74
2024-11-01,raw,Automation,31-40,78.15,98.19,75.08,81.82,65.44,76.45
2024-11-01,raw,Automation,41-50,78.06,103.79,75.62,86.71,63.01,78.8
2024-11-01,raw,Automation,51-60,77.63,114.73,72.26,91.35,64.06,85.8
2024-11-01,raw,Automation,All ages,78.58,104.17,75.45,80.02,66.09,78.13
2024-11-01,sa,Augmentation,21-30,79.69,84.79,81.73,77.61,70.22,88.45
2024-11-01,sa,Augmentation,31-40,78.15,87.04,82.14,72.39,75.58,85.21
2024-11-01,sa,Augmentation,41-50,78.06,83.96,94.63,71.88,74.2,87.58
2024-11-01,sa,Augmentation,51-60,77.63,87.54,92.34,76.76,77.55,101.18
2024-11-01,sa,Augmentation,All ages,78.58,85.62,85.79,74.77,73.24,88.77
2024-11-01,sa,Automation,21-30,79.69,105.2,76.96,73.85,71.2,76.74
2024-11-01,sa,Automation,31-40,78.15,98.19,75.08,81.82,65.44,76.45
2024-11-01,sa,Automation,41-50,78.06,103.79,75.62,86.71,63.01,78.8
2024-11-01,sa,Automation,51-60,77.63,114.73,72.26,91.35,64.06,85.8
2024-11-01,sa,Automation,All ages,78.58,104.17,75.45,80.02,66.09,78.13
2024-12-01,percap,Augmentation,21-30,71.95,95.61,81.23,57.93,66.21,73.9
2024-12-01,percap,Augmentation,31-40,63.96,87.71,79.51,54.45,66.9,65.24
2024-12-01,percap,Augmentation,41-50,67.03,87.13,99.75,58.43,66.72,71.98
2024-12-01,percap,Augmentation,51-60,79.63,94.19,102.82,57.88,68.94,76.8
2024-12-01,percap,Augmentation,All ages,69.62,91.16,87.04,56.88,66.56,71.02
2024-12-01,percap,Automation,21-30,71.95,101.81,68.64,68.34,70.98,67.79
2024-12-01,percap,Automation,31-40,63.96,89.26,62.62,64.12,62.97,72.65
2024-12-01,percap,Automation,41-50,67.03,94.86,68.15,69.32,63.01,85.51
2024-12-01,percap,Automation,51-60,79.63,114.79,62.14,67.8,65.09,90.74
2024-12-01,percap,Automation,All ages,69.62,98.21,65.64,67.02,65.45,74.97
2024-12-01,percap_sa,Augmentation,21-30,81.91,84.04,99.45,76.84,85.23,87.22
2024-12-01,percap_sa,Augmentation,31-40,72.08,81.72,97.96,69.99,88.34,85.52
2024-12-01,percap_sa,Augmentation,41-50,78.01,84.85,113.93,75.85,89.05,94.09
2024-12-01,percap_sa,Augmentation,51-60,81.53,80.61,126.99,76.13,89.74,113.68
2024-12-01,percap_sa,Augmentation,All ages,77.99,82.75,105.44,74.39,86.96,90.5
2024-12-01,percap_sa,Automation,21-30,81.91,96.59,79.61,84.2,89.24,88.43
2024-12-01,percap_sa,Automation,31-40,72.08,91.65,78.18,82.24,78.3,93.15
2024-12-01,percap_sa,Automation,41-50,78.01,99.42,83.9,92.49,75.39,104.3
2024-12-01,percap_sa,Automation,51-60,81.53,119.36,79.48,91.56,79.29,114.27
2024-12-01,percap_sa,Automation,All ages,77.99,98.45,79.87,85.43,80.7,95.68
2024-12-01,raw,Augmentation,21-30,71.76,95.35,81.01,57.77,66.03,73.7
2024-12-01,raw,Augmentation,31-40,66.14,90.71,82.23,56.31,69.18,67.47
2024-12-01,raw,Augmentation,41-50,67.34,87.52,100.2,58.69,67.03,72.3
2024-12-01,raw,Augmentation,51-60,81.81,96.76,105.63,59.46,70.82,78.9
2024-12-01,raw,Augmentation,All ages,70.74,92.63,88.44,57.8,67.63,72.16
2024-12-01,raw,Automation,21-30,71.76,101.53,68.45,68.16,70.78,67.6
2024-12-01,raw,Automation,31-40,66.14,92.31,64.76,66.31,65.12,75.13
2024-12-01,raw,Automation,41-50,67.34,95.29,68.46,69.63,63.3,85.9
2024-12-01,raw,Automation,51-60,81.81,117.93,63.84,69.66,66.87,93.22
2024-12-01,raw,Automation,All ages,70.74,99.79,66.7,68.1,66.51,76.18
2024-12-01,sa,Augmentation,21-30,81.68,83.8,99.17,76.63,85.0,86.97
2024-12-01,sa,Augmentation,31-40,74.66,84.64,101.47,72.5,91.5,88.58
2024-12-01,sa,Augmentation,41-50,78.36,85.23,114.44,76.2,89.45,94.52
2024-12-01,sa,Augmentation,51-60,83.87,82.92,130.64,78.31,92.32,116.94
2024-12-01,sa,Augmentation,All ages,79.31,84.14,107.21,75.64,88.42,92.02
2024-12-01,sa,Automation,21-30,81.68,96.32,79.39,83.96,89.0,88.19
2024-12-01,sa,Automation,31-40,74.66,94.93,80.98,85.19,81.11,96.49
2024-12-01,sa,Automation,41-50,78.36,99.86,84.28,92.9,75.73,104.77
2024-12-01,sa,Automation,51-60,83.87,122.78,81.76,94.19,81.56,117.55
2024-12-01,sa,Automation,All ages,79.31,100.1,81.21,86.87,82.06,97.29
2025-01-01,percap,Augmentation,21-30,138.49,96.22,106.84,86.97,95.81,132.49
2025-01-01,percap,Augmentation,31-40,114.32,102.73,118.92,105.87,128.67,139.1
2025-01-01,percap,Augmentation,41-50,124.27,116.04,148.53,112.89,149.45,159.74
2025-01-01,percap,Augmentation,51-60,117.27,144.73,175.75,119.62,169.42,190.91
2025-01-01,percap,Augmentation,All ages,124.85,108.02,127.56,102.66,123.17,146.01
2025-01-01,percap,Automation,21-30,138.49,146.43,134.34,86.26,107.53,86.53
2025-01-01,percap,Automation,31-40,114.32,152.67,140.39,107.36,119.6,101.67
2025-01-01,percap,Automation,41-50,124.27,176.51,157.6,123.89,129.69,122.85
2025-01-01,percap,Automation,51-60,117.27,199.34,183.26,145.24,133.37,155.43
2025-01-01,percap,Automation,All ages,124.85,161.44,147.78,104.31,121.64,105.53
2025-01-01,percap_sa,Augmentation,21-30,100.83,92.56,79.96,77.59,93.69,97.84
2025-01-01,percap_sa,Augmentation,31-40,88.26,86.15,76.03,70.74,95.81,91.35
2025-01-01,percap_sa,Augmentation,41-50,106.36,92.97,84.55,70.0,94.8,102.44
2025-01-01,percap_sa,Augmentation,51-60,85.25,102.82,93.61,69.43,99.65,115.74
2025-01-01,percap_sa,Augmentation,All ages,95.71,92.11,81.98,72.61,95.39,98.8
2025-01-01,percap_sa,Automation,21-30,100.83,119.38,88.85,84.21,79.48,77.88
2025-01-01,percap_sa,Automation,31-40,88.26,109.1,83.02,83.83,76.2,71.45
2025-01-01,percap_sa,Automation,41-50,106.36,115.19,95.69,84.26,72.96,78.2
2025-01-01,percap_sa,Automation,51-60,85.25,119.33,112.7,87.0,74.4,87.82
2025-01-01,percap_sa,Automation,All ages,95.71,114.95,91.86,84.34,76.38,77.49
2025-01-01,raw,Augmentation,21-30,138.02,95.89,106.48,86.67,95.49,132.04
2025-01-01,raw,Augmentation,31-40,118.5,106.49,123.27,109.74,133.38,144.19
2025-01-01,raw,Augmentation,41-50,124.88,116.61,149.26,113.44,150.18,160.52
2025-01-01,raw,Augmentation,51-60,120.69,148.96,180.88,123.11,174.37,196.48
2025-01-01,raw,Augmentation,All ages,126.99,109.87,129.75,104.42,125.28,148.51
2025-01-01,raw,Automation,21-30,138.02,145.93,133.88,85.97,107.17,86.24
2025-01-01,raw,Automation,31-40,118.5,158.26,145.53,111.29,123.98,105.39
2025-01-01,raw,Automation,41-50,124.88,177.38,158.37,124.5,130.33,123.45
2025-01-01,raw,Automation,51-60,120.69,205.15,188.61,149.48,137.26,159.96
2025-01-01,raw,Automation,All ages,126.99,164.21,150.31,106.1,123.72,107.34
2025-01-01,sa,Augmentation,21-30,100.49,92.25,79.7,77.33,93.38,97.51
2025-01-01,sa,Augmentation,31-40,91.34,89.16,78.69,73.21,99.16,94.55
2025-01-01,sa,Augmentation,41-50,106.88,93.42,84.96,70.34,95.26,102.94
2025-01-01,sa,Augmentation,51-60,87.63,105.68,96.22,71.37,102.43,118.97
2025-01-01,sa,Augmentation,All ages,97.28,93.62,83.33,73.8,96.95,100.42
2025-01-01,sa,Automation,21-30,100.49,118.98,88.55,83.92,79.22,77.62
2025-01-01,sa,Automation,31-40,91.34,112.92,85.92,86.76,78.86,73.95
2025-01-01,sa,Automation,41-50,106.88,115.75,96.16,84.67,73.32,78.58
2025-01-01,sa,Automation,51-60,87.63,122.66,115.85,89.43,76.47,90.27
2025-01-01,sa,Automation,All ages,97.28,116.84,93.36,85.72,77.63,78.76
2025-02-01,percap,Augmentation,21-30,76.45,72.46,78.71,60.83,67.09,87.82
2025-02-01,percap,Augmentation,31-40,64.07,76.11,75.18,63.86,76.63,82.42
2025-02-01,percap,Augmentation,41-50,75.45,77.62,82.68,66.4,81.09,98.24
2025-02-01,percap,Augmentation,51-60,77.08,96.88,83.75,71.31,77.95,103.06
2025-02-01,percap,Augmentation,All ages,72.6,77.47,78.91,64.33,73.13,89.65
2025-02-01,percap,Automation,21-30,76.45,82.47,80.12,70.41,71.27,66.85
2025-02-01,percap,Automation,31-40,64.07,79.51,76.03,78.47,67.01,69.51
2025-02-01,percap,Automation,41-50,75.45,93.96,79.49,88.34,74.01,66.87
2025-02-01,percap,Automation,51-60,77.08,103.55,90.74,89.56,69.44,69.42
2025-02-01,percap,Automation,All ages,72.6,86.66,80.12,77.31,70.27,67.65
2025-02-01,percap_sa,Augmentation,21-30,76.89,82.21,85.73,73.08,87.78,98.41
2025-02-01,percap_sa,Augmentation,31-40,68.16,84.55,79.06,74.09,96.42,97.22
2025-02-01,percap_sa,Augmentation,41-50,90.05,88.38,84.97,76.63,105.45,118.44
2025-02-01,percap_sa,Augmentation,51-60,102.27,111.65,95.86,93.09,115.42,142.01
2025-02-01,percap_sa,Augmentation,All ages,80.13,87.53,84.67,76.81,96.09,106.08
2025-02-01,percap_sa,Automation,21-30,76.89,92.26,90.2,91.6,74.31,76.03
2025-02-01,percap_sa,Automation,31-40,68.16,86.34,91.51,99.51,75.36,73.28
2025-02-01,percap_sa,Automation,41-50,90.05,101.2,102.77,111.38,85.55,70.07
2025-02-01,percap_sa,Automation,51-60,102.27,124.2,132.02,123.01,96.8,77.78
2025-02-01,percap_sa,Automation,All ages,80.13,96.25,97.99,100.03,80.62,73.98
2025-02-01,raw,Augmentation,21-30,76.19,72.22,78.45,60.62,66.86,87.52
2025-02-01,raw,Augmentation,31-40,66.42,78.89,77.93,66.19,79.43,85.44
2025-02-01,raw,Augmentation,41-50,75.83,78.0,83.08,66.73,81.49,98.72
2025-02-01,raw,Augmentation,51-60,79.33,99.71,86.2,73.39,80.22,106.07
2025-02-01,raw,Augmentation,All ages,73.85,78.8,80.26,65.43,74.38,91.18
2025-02-01,raw,Automation,21-30,76.19,82.19,79.85,70.17,71.03,66.63
2025-02-01,raw,Automation,31-40,66.42,82.41,78.81,81.34,69.46,72.05
2025-02-01,raw,Automation,41-50,75.83,94.43,79.88,88.78,74.37,67.2
2025-02-01,raw,Automation,51-60,79.33,106.58,93.39,92.17,71.46,71.44
2025-02-01,raw,Automation,All ages,73.85,88.15,81.49,78.63,71.48,68.81
2025-02-01,sa,Augmentation,21-30,76.63,81.93,85.44,72.83,87.48,98.08
2025-02-01,sa,Augmentation,31-40,70.65,87.65,81.96,76.8,99.95,100.78
2025-02-01,sa,Augmentation,41-50,90.5,88.82,85.39,77.01,105.96,119.02
2025-02-01,sa,Augmentation,51-60,105.25,114.91,98.65,95.81,118.79,146.16
2025-02-01,sa,Augmentation,All ages,81.5,89.03,86.12,78.12,97.73,107.89
2025-02-01,sa,Automation,21-30,76.63,91.95,89.89,91.29,74.05,75.77
2025-02-01,sa,Automation,31-40,70.65,89.5,94.85,103.15,78.11,75.96
2025-02-01,sa,Automation,41-50,90.5,101.7,103.27,111.93,85.97,70.41
2025-02-01,sa,Automation,51-60,105.25,127.83,135.87,126.6,99.62,80.05
2025-02-01,sa,Automation,All ages,81.5,97.9,99.67,101.75,82.0,75.25
2025-03-01,percap,Augmentation,21-30,81.22,68.21,75.23,56.12,58.4,84.71
2025-03-01,percap,Augmentation,31-40,71.83,67.35,69.95,57.38,61.8,80.4
2025-03-01,percap,Augmentation,41-50,74.04,68.98,76.65,54.09,60.94,83.17
2025-03-01,percap,Augmentation,51-60,64.26,67.53,68.37,54.39,55.62,81.95
2025-03-01,percap,Augmentation,All ages,74.14,67.8,72.79,55.67,59.05,82.52
2025-03-01,percap,Automation,21-30,81.22,81.33,80.74,59.81,65.4,64.44
2025-03-01,percap,Automation,31-40,71.83,77.27,72.15,62.95,60.89,64.56
2025-03-01,percap,Automation,41-50,74.04,82.56,72.84,64.85,54.75,66.48
2025-03-01,percap,Automation,51-60,64.26,77.97,68.42,58.86,51.43,66.13
2025-03-01,percap,Automation,All ages,74.14,79.69,74.55,61.04,58.66,64.8
2025-03-01,percap_sa,Augmentation,21-30,87.21,78.17,78.17,66.21,76.17,97.26
2025-03-01,percap_sa,Augmentation,31-40,83.03,76.33,63.86,63.1,75.1,87.83
2025-03-01,percap_sa,Augmentation,41-50,93.67,78.29,67.34,61.38,76.71,96.54
2025-03-01,percap_sa,Augmentation,51-60,78.61,78.79,69.42,65.91,71.08,97.14
2025-03-01,percap_sa,Augmentation,All ages,85.88,77.41,70.09,64.1,74.91,94.02
2025-03-01,percap_sa,Automation,21-30,87.21,90.98,88.65,77.26,77.5,69.18
2025-03-01,percap_sa,Automation,31-40,83.03,86.48,76.72,73.9,68.23,61.0
2025-03-01,percap_sa,Automation,41-50,93.67,91.01,87.08,76.0,63.73,61.47
2025-03-01,percap_sa,Automation,51-60,78.61,93.13,92.04,64.52,70.83,66.25
2025-03-01,percap_sa,Automation,All ages,85.88,89.7,84.82,74.15,69.9,64.48
2025-03-01,raw,Augmentation,21-30,80.94,67.98,74.98,55.93,58.2,84.43
2025-03-01,raw,Augmentation,31-40,74.46,69.81,72.51,59.48,64.06,83.34
2025-03-01,raw,Augmentation,41-50,74.4,69.31,77.03,54.36,61.24,83.57
2025-03-01,raw,Augmentation,51-60,66.14,69.5,70.36,55.98,57.24,84.34
2025-03-01,raw,Augmentation,All ages,75.41,68.96,74.04,56.62,60.06,83.93
2025-03-01,raw,Automation,21-30,80.94,81.05,80.46,59.61,65.18,64.22
2025-03-01,raw,Automation,31-40,74.46,80.09,74.79,65.25,63.11,66.92
2025-03-01,raw,Automation,41-50,74.4,82.96,73.2,65.17,55.02,66.81
2025-03-01,raw,Automation,51-60,66.14,80.24,70.41,60.58,52.93,68.06
2025-03-01,raw,Automation,All ages,75.41,81.06,75.82,62.09,59.66,65.91
2025-03-01,sa,Augmentation,21-30,86.91,77.9,77.91,65.98,75.91,96.92
2025-03-01,sa,Augmentation,31-40,86.2,79.25,66.3,65.51,77.97,91.19
2025-03-01,sa,Augmentation,41-50,94.13,78.67,67.67,61.68,77.09,97.02
2025-03-01,sa,Augmentation,51-60,81.0,81.19,71.53,67.92,73.25,100.1
2025-03-01,sa,Augmentation,All ages,87.41,78.79,71.34,65.25,76.25,95.7
2025-03-01,sa,Automation,21-30,86.91,90.67,88.35,77.0,77.23,68.94
2025-03-01,sa,Automation,31-40,86.2,89.79,79.66,76.72,70.84,63.33
2025-03-01,sa,Automation,41-50,94.13,91.46,87.51,76.37,64.04,61.78
2025-03-01,sa,Automation,51-60,81.0,95.97,94.85,66.49,72.99,68.27
2025-03-01,sa,Automation,All ages,87.41,91.3,86.34,75.48,71.15,65.63
2025-04-01,percap,Augmentation,21-30,94.13,82.41,83.89,69.22,72.4,95.66
2025-04-01,percap,Augmentation,31-40,81.05,82.67,79.13,59.65,73.86,84.16
2025-04-01,percap,Augmentation,41-50,89.0,79.94,83.6,59.17,66.91,87.27
2025-04-01,percap,Augmentation,51-60,82.51,74.07,85.62,54.85,58.77,95.34
2025-04-01,percap,Augmentation,All ages,87.22,80.63,82.42,61.96,69.57,90.2
2025-04-01,percap,Automation,21-30,94.13,100.6,93.68,73.62,76.57,70.61
2025-04-01,percap,Automation,31-40,81.05,87.36,80.43,76.41,64.15,68.07
2025-04-01,percap,Automation,41-50,89.0,93.49,77.34,72.69,61.55,68.98
2025-04-01,percap,Automation,51-60,82.51,97.63,72.43,64.38,56.15,73.21
2025-04-01,percap,Automation,All ages,87.22,94.5,82.99,72.73,65.11,69.61
2025-04-01,percap_sa,Augmentation,21-30,103.22,91.26,99.76,80.14,92.58,105.31
2025-04-01,percap_sa,Augmentation,31-40,95.21,88.72,89.69,68.41,86.55,91.44
2025-04-01,percap_sa,Augmentation,41-50,116.24,83.93,97.92,70.15,82.05,96.1
2025-04-01,percap_sa,Augmentation,51-60,111.67,81.79,109.74,72.32,74.9,99.76
2025-04-01,percap_sa,Augmentation,All ages,104.52,87.36,97.39,73.25,86.21,98.26
2025-04-01,percap_sa,Automation,21-30,103.22,104.93,96.05,92.63,94.08,88.49
2025-04-01,percap_sa,Automation,31-40,95.21,83.93,82.8,90.69,75.93,85.15
2025-04-01,percap_sa,Automation,41-50,116.24,89.68,87.81,87.32,72.06,89.64
2025-04-01,percap_sa,Automation,51-60,111.67,97.31,81.03,79.77,77.68,102.15
2025-04-01,percap_sa,Automation,All ages,104.52,93.83,87.99,89.29,79.91,88.91
2025-04-01,raw,Augmentation,21-30,93.76,82.08,83.56,68.94,72.12,95.28
2025-04-01,raw,Augmentation,31-40,84.15,85.83,82.15,61.93,76.68,87.38
2025-04-01,raw,Augmentation,41-50,89.45,80.35,84.02,59.47,67.25,87.72
2025-04-01,raw,Augmentation,51-60,85.02,76.32,88.23,56.52,60.55,98.24
2025-04-01,raw,Augmentation,All ages,88.78,82.06,83.89,63.06,70.8,91.8
2025-04-01,raw,Automation,21-30,93.76,100.2,93.31,73.32,76.27,70.33
2025-04-01,raw,Automation,31-40,84.15,90.7,83.5,79.34,66.61,70.68
2025-04-01,raw,Automation,41-50,89.45,93.96,77.73,73.06,61.87,69.33
2025-04-01,raw,Automation,51-60,85.02,100.6,74.63,66.34,57.86,75.44
2025-04-01,raw,Automation,All ages,88.78,96.18,84.47,74.02,66.27,70.85
2025-04-01,sa,Augmentation,21-30,102.81,90.9,99.37,79.82,92.22,104.9
2025-04-01,sa,Augmentation,31-40,98.7,91.98,92.99,70.92,89.73,94.79
2025-04-01,sa,Augmentation,41-50,116.8,84.34,98.4,70.5,82.45,96.57
2025-04-01,sa,Augmentation,51-60,114.95,84.19,112.96,74.44,77.1,102.68
2025-04-01,sa,Augmentation,All ages,106.3,88.85,99.05,74.5,87.68,99.94
2025-04-01,sa,Automation,21-30,102.81,104.52,95.68,92.26,93.71,88.15
2025-04-01,sa,Automation,31-40,98.7,87.01,85.84,94.02,78.71,88.28
2025-04-01,sa,Automation,41-50,116.8,90.12,88.24,87.74,72.42,90.08
2025-04-01,sa,Automation,51-60,114.95,100.17,83.41,82.11,79.95,105.15
2025-04-01,sa,Automation,All ages,106.3,95.43,89.49,90.81,81.27,90.43
2025-05-01,percap,Augmentation,21-30,110.54,86.15,77.74,70.46,71.8,91.41
2025-05-01,percap,Augmentation,31-40,94.05,81.18,73.58,72.13,77.64,88.4
2025-05-01,percap,Augmentation,41-50,86.83,86.74,80.63,70.34,78.24,93.48
2025-05-01,percap,Augmentation,51-60,103.47,81.15,78.36,63.18,75.64,96.87
2025-05-01,percap,Augmentation,All ages,99.25,83.88,76.92,69.64,74.57,91.2
2025-05-01,percap,Automation,21-30,110.54,88.64,92.14,76.24,82.97,65.44
2025-05-01,percap,Automation,31-40,94.05,83.61,86.65,78.87,80.46,65.58
2025-05-01,percap,Automation,41-50,86.83,89.49,87.17,80.1,84.1,68.01
2025-05-01,percap,Automation,51-60,103.47,96.14,81.38,75.51,73.57,65.39
2025-05-01,percap,Automation,All ages,99.25,88.11,87.67,77.06,80.59,65.68
2025-05-01,percap_sa,Augmentation,21-30,90.51,74.99,86.62,72.14,75.15,87.48
2025-05-01,percap_sa,Augmentation,31-40,78.6,70.18,76.48,68.09,82.67,81.85
2025-05-01,percap_sa,Augmentation,41-50,79.58,77.97,81.93,68.97,85.36,84.91
2025-05-01,percap_sa,Augmentation,51-60,100.33,75.84,84.69,70.56,90.23,91.82
2025-05-01,percap_sa,Augmentation,All ages,85.94,73.93,82.17,69.88,80.26,85.55
2025-05-01,percap_sa,Automation,21-30,90.51,82.46,90.02,76.7,92.49,70.4
2025-05-01,percap_sa,Automation,31-40,78.6,73.58,83.03,79.16,82.65,66.37
2025-05-01,percap_sa,Automation,41-50,79.58,79.79,88.55,80.31,87.88,67.87
2025-05-01,percap_sa,Automation,51-60,100.33,93.5,91.26,81.65,90.64,65.94
2025-05-01,percap_sa,Automation,All ages,85.94,80.42,87.51,78.07,87.79,67.96
2025-05-01,raw,Augmentation,21-30,110.1,85.81,77.43,70.18,71.51,91.04
2025-05-01,raw,Augmentation,31-40,97.64,84.28,76.4,74.89,80.61,91.78
2025-05-01,raw,Augmentation,41-50,87.27,87.18,81.04,70.7,78.64,93.96
2025-05-01,raw,Augmentation,51-60,106.62,83.62,80.74,65.1,77.94,99.82
2025-05-01,raw,Augmentation,All ages,101.02,85.37,78.29,70.88,75.9,92.83
2025-05-01,raw,Automation,21-30,110.1,88.28,91.78,75.94,82.64,65.18
2025-05-01,raw,Automation,31-40,97.64,86.81,89.97,81.88,83.54,68.09
2025-05-01,raw,Automation,41-50,87.27,89.95,87.61,80.51,84.53,68.36
2025-05-01,raw,Automation,51-60,106.62,99.06,83.86,77.81,75.81,67.38
2025-05-01,raw,Automation,All ages,101.02,89.68,89.23,78.43,82.03,66.84
2025-05-01,sa,Augmentation,21-30,90.15,74.69,86.28,71.86,74.85,87.13
2025-05-01,sa,Augmentation,31-40,81.61,72.87,79.41,70.7,85.84,84.99
2025-05-01,sa,Augmentation,41-50,79.98,78.36,82.34,69.32,85.79,85.33
2025-05-01,sa,Augmentation,51-60,103.39,78.16,87.28,72.71,92.99,94.63
2025-05-01,sa,Augmentation,All ages,87.47,75.25,83.63,71.13,81.69,87.08
2025-05-01,sa,Automation,21-30,90.15,82.13,89.66,76.39,92.12,70.12
2025-05-01,sa,Automation,31-40,81.61,76.4,86.21,82.2,85.82,68.91
2025-05-01,sa,Automation,41-50,79.98,80.18,88.98,80.71,88.31,68.21
2025-05-01,sa,Automation,51-60,103.39,96.36,94.05,84.14,93.41,67.96
2025-05-01,sa,Automation,All ages,87.47,81.85,89.06,79.46,89.36,69.17
2025-06-01,percap,Augmentation,21-30,133.61,112.2,94.25,84.76,99.16,107.07
2025-06-01,percap,Augmentation,31-40,81.7,79.61,71.19,61.71,69.22,74.44
2025-06-01,percap,Augmentation,41-50,89.73,85.52,75.82,57.09,66.21,80.26
2025-06-01,percap,Augmentation,51-60,81.53,77.14,72.6,53.72,58.02,76.12
2025-06-01,percap,Augmentation,All ages,100.76,92.49,80.71,67.3,79.68,88.1
2025-06-01,percap,Automation,21-30,133.61,104.41,100.67,102.98,86.34,91.05
2025-06-01,percap,Automation,31-40,81.7,81.8,67.81,71.6,59.35,69.66
2025-06-01,percap,Automation,41-50,89.73,86.53,72.06,71.43,57.64,69.74
2025-06-01,percap,Automation,51-60,81.53,90.5,63.17,62.39,51.47,65.49
2025-06-01,percap,Automation,All ages,100.76,91.78,79.17,84.37,64.31,77.6
2025-06-01,percap_sa,Augmentation,21-30,88.34,84.74,93.26,72.44,80.07,87.68
2025-06-01,percap_sa,Augmentation,31-40,68.37,79.11,84.52,70.31,81.41,85.96
2025-06-01,percap_sa,Augmentation,41-50,90.59,86.98,89.53,67.32,83.19,99.13
2025-06-01,percap_sa,Augmentation,51-60,81.31,83.57,96.43,68.89,79.87,101.59
2025-06-01,percap_sa,Augmentation,All ages,82.24,83.0,90.16,69.84,80.31,90.11
2025-06-01,percap_sa,Automation,21-30,88.34,87.76,85.21,80.82,83.89,83.5
2025-06-01,percap_sa,Automation,31-40,68.37,84.4,80.14,78.22,78.46,81.74
2025-06-01,percap_sa,Automation,41-50,90.59,91.42,91.67,82.18,75.71,82.96
2025-06-01,percap_sa,Automation,51-60,81.31,99.7,89.3,79.68,73.89,86.94
2025-06-01,percap_sa,Automation,All ages,82.24,88.62,85.03,79.87,78.01,82.84
2025-06-01,raw,Augmentation,21-30,133.08,111.75,93.88,84.42,98.76,106.64
2025-06-01,raw,Augmentation,31-40,84.82,82.65,73.91,64.07,71.87,77.29
2025-06-01,raw,Augmentation,41-50,90.19,85.96,76.2,57.38,66.55,80.67
2025-06-01,raw,Augmentation,51-60,84.01,79.49,74.81,55.35,59.78,78.44
2025-06-01,raw,Augmentation,All ages,102.55,94.13,82.14,68.5,81.1,89.67
2025-06-01,raw,Automation,21-30,133.08,104.0,100.27,102.57,86.0,90.69
2025-06-01,raw,Automation,31-40,84.82,84.93,70.41,74.34,61.62,72.32
2025-06-01,raw,Automation,41-50,90.19,86.97,72.43,71.8,57.93,70.09
2025-06-01,raw,Automation,51-60,84.01,93.26,65.1,64.29,53.03,67.48
2025-06-01,raw,Automation,All ages,102.55,93.41,80.57,85.87,65.45,78.98
2025-06-01,sa,Augmentation,21-30,87.98,84.4,92.89,72.15,79.75,87.33
2025-06-01,sa,Augmentation,31-40,71.1,82.27,87.9,73.12,84.66,89.39
2025-06-01,sa,Augmentation,41-50,91.04,87.42,89.98,67.66,83.61,99.63
2025-06-01,sa,Augmentation,51-60,83.9,86.24,99.5,71.09,82.41,104.83
2025-06-01,sa,Augmentation,All ages,83.76,84.54,91.83,71.14,81.8,91.78
2025-06-01,sa,Automation,21-30,87.98,87.41,84.87,80.49,83.55,83.16
2025-06-01,sa,Automation,31-40,71.1,87.78,83.34,81.34,81.59,85.0
2025-06-01,sa,Automation,41-50,91.04,91.88,92.13,82.6,76.09,83.37
2025-06-01,sa,Automation,51-60,83.9,102.87,92.15,82.22,76.25,89.71
2025-06-01,sa,Automation,All ages,83.76,90.26,86.61,81.35,79.45,84.37
2025-07-01,percap,Augmentation,21-30,134.21,109.25,97.62,76.81,94.49,112.22
2025-07-01,percap,Augmentation,31-40,70.03,66.83,63.08,42.59,50.41,56.47
2025-07-01,percap,Augmentation,41-50,65.45,65.51,66.11,39.98,46.54,57.27
2025-07-01,percap,Augmentation,51-60,55.15,67.34,70.38,37.96,40.06,61.48
2025-07-01,percap,Augmentation,All ages,88.19,82.37,77.42,52.99,66.98,78.51
2025-07-01,percap,Automation,21-30,134.21,111.06,104.58,96.83,82.99,89.36
2025-07-01,percap,Automation,31-40,70.03,64.67,60.25,56.8,43.31,49.66
2025-07-01,percap,Automation,41-50,65.45,58.48,64.31,56.3,37.32,51.97
2025-07-01,percap,Automation,51-60,55.15,70.77,70.57,45.03,36.75,52.29
2025-07-01,percap,Automation,All ages,88.19,80.49,77.68,73.19,50.75,66.37
2025-07-01,percap_sa,Augmentation,21-30,87.82,74.01,89.02,67.61,72.53,85.24
2025-07-01,percap_sa,Augmentation,31-40,79.73,71.06,90.36,63.92,71.36,81.17
2025-07-01,percap_sa,Augmentation,41-50,85.3,72.9,89.23,62.71,74.29,87.11
2025-07-01,percap_sa,Augmentation,51-60,75.06,78.74,95.43,61.35,66.3,99.01
2025-07-01,percap_sa,Augmentation,All ages,83.81,72.87,89.34,64.34,71.5,85.12
2025-07-01,percap_sa,Automation,21-30,87.82,86.51,79.53,73.9,68.88,79.65
2025-07-01,percap_sa,Automation,31-40,79.73,78.97,87.37,72.97,72.96,71.87
2025-07-01,percap_sa,Automation,41-50,85.3,73.17,95.34,78.64,64.62,74.75
2025-07-01,percap_sa,Automation,51-60,75.06,89.63,105.05,67.41,66.94,76.6
2025-07-01,percap_sa,Automation,All ages,83.81,82.05,85.74,73.22,66.91,76.36
2025-07-01,raw,Augmentation,21-30,133.6,108.75,97.17,76.46,94.06,111.71
2025-07-01,raw,Augmentation,31-40,72.83,69.5,65.6,44.29,52.43,58.73
2025-07-01,raw,Augmentation,41-50,65.79,65.85,66.46,40.19,46.78,57.58
2025-07-01,raw,Augmentation,51-60,56.9,69.47,72.61,39.17,41.33,63.43
2025-07-01,raw,Augmentation,All ages,89.81,83.89,78.85,53.96,68.21,79.96
2025-07-01,raw,Automation,21-30,133.6,110.56,104.11,96.39,82.61,88.95
2025-07-01,raw,Automation,31-40,72.83,67.26,62.66,59.07,45.04,51.64
2025-07-01,raw,Automation,41-50,65.79,58.79,64.65,56.6,37.52,52.25
2025-07-01,raw,Automation,51-60,56.9,73.01,72.81,46.46,37.92,53.95
2025-07-01,raw,Automation,All ages,89.81,81.98,79.11,74.54,51.68,67.59
2025-07-01,sa,Augmentation,21-30,87.43,73.68,88.62,67.3,72.2,84.85
2025-07-01,sa,Augmentation,31-40,82.79,73.79,93.82,66.37,74.1,84.28
2025-07-01,sa,Augmentation,41-50,85.74,73.28,89.7,63.03,74.68,87.57
2025-07-01,sa,Augmentation,51-60,77.35,81.14,98.33,63.21,68.32,102.02
2025-07-01,sa,Augmentation,All ages,85.29,74.16,90.92,65.48,72.76,86.63
2025-07-01,sa,Automation,21-30,87.43,86.12,79.17,73.57,68.57,79.29
2025-07-01,sa,Automation,31-40,82.79,82.0,90.72,75.77,75.76,74.62
2025-07-01,sa,Automation,41-50,85.74,73.55,95.84,79.05,64.96,75.14
2025-07-01,sa,Automation,51-60,77.35,92.36,108.25,69.46,68.97,78.93
2025-07-01,sa,Automation,All ages,85.29,83.51,87.26,74.52,68.1,77.71
2025-08-01,percap,Augmentation,21-30,116.47,87.27,107.24,94.36,77.17,111.77
2025-08-01,percap,Augmentation,31-40,60.3,69.6,85.75,67.58,69.33,79.13
2025-08-01,percap,Augmentation,41-50,64.5,68.19,81.92,61.81,59.29,75.91
2025-08-01,percap,Augmentation,51-60,62.2,62.34,67.53,54.63,54.13,62.92
2025-08-01,percap,Augmentation,All ages,80.3,74.79,90.26,73.43,68.47,88.95
2025-08-01,percap,Automation,21-30,116.47,95.55,103.07,78.34,119.34,102.44
2025-08-01,percap,Automation,31-40,60.3,72.21,72.78,67.19,76.24,85.05
2025-08-01,percap,Automation,41-50,64.5,71.63,69.43,62.81,65.3,76.05
2025-08-01,percap,Automation,51-60,62.2,69.17,53.63,57.11,54.06,65.31
2025-08-01,percap,Automation,All ages,80.3,79.72,79.53,69.98,80.23,87.69
2025-08-01,percap_sa,Augmentation,21-30,90.11,83.29,85.08,68.39,73.48,78.29
2025-08-01,percap_sa,Augmentation,31-40,70.4,76.96,79.95,61.12,74.21,84.85
2025-08-01,percap_sa,Augmentation,41-50,88.07,84.76,83.87,63.1,68.52,93.04
2025-08-01,percap_sa,Augmentation,51-60,90.57,83.37,82.91,69.95,73.29,95.06
2025-08-01,percap_sa,Augmentation,All ages,84.48,81.23,82.71,64.87,72.33,83.09
2025-08-01,percap_sa,Automation,21-30,90.11,91.32,72.26,71.21,83.02,78.88
2025-08-01,percap_sa,Automation,31-40,70.4,80.72,74.34,73.85,73.5,74.05
2025-08-01,percap_sa,Automation,41-50,88.07,85.21,83.07,74.33,69.66,74.88
2025-08-01,percap_sa,Automation,51-60,90.57,93.12,79.53,76.2,73.27,78.26
2025-08-01,percap_sa,Automation,All ages,84.48,86.95,74.82,72.27,74.59,76.38
2025-08-01,raw,Augmentation,21-30,115.94,86.87,106.75,93.93,76.82,111.26
2025-08-01,raw,Augmentation,31-40,62.71,72.38,89.17,70.28,72.1,82.29
2025-08-01,raw,Augmentation,41-50,64.85,68.55,82.36,62.14,59.6,76.31
2025-08-01,raw,Augmentation,51-60,64.17,64.32,69.67,56.37,55.84,64.92
2025-08-01,raw,Augmentation,All ages,81.78,76.17,91.93,74.78,69.73,90.6
2025-08-01,raw,Automation,21-30,115.94,95.12,102.6,77.99,118.79,101.97
2025-08-01,raw,Automation,31-40,62.71,75.09,75.69,69.88,79.29,88.45
2025-08-01,raw,Automation,41-50,64.85,72.01,69.8,63.14,65.64,76.46
2025-08-01,raw,Automation,51-60,64.17,71.36,55.33,58.92,55.77,67.38
2025-08-01,raw,Automation,All ages,81.78,81.2,81.0,71.27,81.71,89.31
2025-08-01,sa,Augmentation,21-30,89.7,82.91,84.7,68.08,73.14,77.94
2025-08-01,sa,Augmentation,31-40,73.22,80.04,83.15,63.56,77.18,88.25
2025-08-01,sa,Augmentation,41-50,88.53,85.19,84.3,63.42,68.87,93.52
2025-08-01,sa,Augmentation,51-60,93.45,86.03,85.55,72.17,75.62,98.09
2025-08-01,sa,Augmentation,All ages,86.04,82.73,84.24,66.07,73.66,84.62
2025-08-01,sa,Automation,21-30,89.7,90.9,71.93,70.88,82.64,78.52
2025-08-01,sa,Automation,31-40,73.22,83.95,77.32,76.81,76.44,77.02
2025-08-01,sa,Automation,41-50,88.53,85.65,83.5,74.71,70.02,75.26
2025-08-01,sa,Automation,51-60,93.45,96.09,82.06,78.63,75.6,80.75
2025-08-01,sa,Automation,All ages,86.04,88.56,76.2,73.6,75.97,77.79
2025-09-01,percap,Augmentation,21-30,113.48,106.74,128.56,112.43,109.17,142.23
2025-09-01,percap,Augmentation,31-40,81.61,89.35,88.57,81.66,93.49,99.55
2025-09-01,percap,Augmentation,41-50,95.42,93.79,100.3,69.85,87.49,99.11
2025-09-01,percap,Augmentation,51-60,78.12,92.57,88.71,62.72,76.55,93.24
2025-09-01,percap,Augmentation,All ages,94.62,96.88,105.54,86.67,96.35,114.84
2025-09-01,percap,Automation,21-30,113.48,131.2,128.9,108.81,140.39,115.54
2025-09-01,percap,Automation,31-40,81.61,100.12,89.0,91.29,90.02,83.73
2025-09-01,percap,Automation,41-50,95.42,108.52,90.51,88.58,76.85,84.56
2025-09-01,percap,Automation,51-60,78.12,99.84,84.33,81.18,62.17,79.59
2025-09-01,percap,Automation,All ages,94.62,112.52,102.12,97.09,94.21,95.97
2025-09-01,percap_sa,Augmentation,21-30,83.35,85.59,89.23,82.18,80.01,99.2
2025-09-01,percap_sa,Augmentation,31-40,72.3,74.54,73.01,68.95,81.09,84.43
2025-09-01,percap_sa,Augmentation,41-50,98.08,82.38,84.31,61.26,81.45,92.19
2025-09-01,percap_sa,Augmentation,51-60,75.44,83.35,87.11,62.51,80.65,99.92
2025-09-01,percap_sa,Augmentation,All ages,81.8,81.06,83.09,71.28,80.02,93.56
2025-09-01,percap_sa,Automation,21-30,83.35,104.5,86.33,80.32,90.23,85.05
2025-09-01,percap_sa,Automation,31-40,72.3,85.66,75.27,77.73,74.97,70.24
2025-09-01,percap_sa,Automation,41-50,98.08,97.8,85.53,78.46,67.89,72.73
2025-09-01,percap_sa,Automation,51-60,75.44,89.88,97.25,82.42,63.0,78.29
2025-09-01,percap_sa,Automation,All ages,81.8,95.42,83.69,79.05,75.46,77.73
2025-09-01,raw,Augmentation,21-30,112.97,106.26,127.98,111.92,108.68,141.58
2025-09-01,raw,Augmentation,31-40,84.87,92.92,92.11,84.93,97.23,103.53
2025-09-01,raw,Augmentation,41-50,95.93,94.29,100.83,70.22,87.95,99.64
2025-09-01,raw,Augmentation,51-60,80.6,95.5,91.53,64.71,78.97,96.2
2025-09-01,raw,Augmentation,All ages,96.36,98.67,107.48,88.27,98.13,116.96
2025-09-01,raw,Automation,21-30,112.97,130.61,128.31,108.31,139.76,115.01
2025-09-01,raw,Automation,31-40,84.87,104.13,92.56,94.94,93.62,87.08
2025-09-01,raw,Automation,41-50,95.93,109.1,90.99,89.05,77.25,85.01
2025-09-01,raw,Automation,51-60,80.6,103.01,87.0,83.75,64.14,82.11
2025-09-01,raw,Automation,All ages,96.36,114.6,104.01,98.89,95.95,97.74
2025-09-01,sa,Augmentation,21-30,82.97,85.19,88.82,81.8,79.64,98.75
2025-09-01,sa,Augmentation,31-40,75.32,77.65,76.05,71.82,84.47,87.96
2025-09-01,sa,Augmentation,41-50,98.58,82.8,84.74,61.57,81.87,92.66
2025-09-01,sa,Augmentation,51-60,77.95,86.11,90.01,64.59,83.33,103.24
2025-09-01,sa,Augmentation,All ages,83.37,82.62,84.69,72.65,81.55,95.36
2025-09-01,sa,Automation,21-30,82.97,104.02,85.93,79.95,89.81,84.66
2025-09-01,sa,Automation,31-40,75.32,89.23,78.4,80.97,78.09,73.17
2025-09-01,sa,Automation,41-50,98.58,98.29,85.96,78.86,68.23,73.1
2025-09-01,sa,Automation,51-60,77.95,92.86,100.48,85.16,65.09,80.89
2025-09-01,sa,Automation,All ages,83.37,97.25,85.29,80.57,76.91,79.22
2025-10-01,percap,Augmentation,21-30,89.72,87.5,93.74,68.98,75.7,84.41
2025-10-01,percap,Augmentation,31-40,66.37,77.04,76.86,62.35,84.24,82.36
2025-10-01,percap,Augmentation,41-50,74.9,77.15,84.0,62.47,79.54,83.99
2025-10-01,percap,Augmentation,51-60,78.33,75.36,71.64,52.8,74.06,85.52
2025-10-01,percap,Augmentation,All ages,77.76,80.49,83.55,63.02,77.88,83.51
2025-10-01,percap,Automation,21-30,89.72,95.07,89.37,72.63,105.95,74.4
2025-10-01,percap,Automation,31-40,66.37,77.37,88.8,71.57,85.7,68.63
2025-10-01,percap,Automation,41-50,74.9,85.99,82.55,73.25,78.53,70.79
2025-10-01,percap,Automation,51-60,78.33,87.89,73.07,67.45,66.88,62.81
2025-10-01,percap,Automation,All ages,77.76,86.63,85.18,71.42,85.39,70.35
2025-10-01,percap_sa,Augmentation,21-30,85.25,78.13,90.0,67.11,77.59,78.49
2025-10-01,percap_sa,Augmentation,31-40,67.76,70.83,76.72,60.96,87.55,78.98
2025-10-01,percap_sa,Augmentation,41-50,82.87,71.13,81.28,63.24,83.52,84.39
2025-10-01,percap_sa,Augmentation,51-60,91.25,70.15,74.36,58.05,83.78,99.08
2025-10-01,percap_sa,Augmentation,All ages,80.43,73.29,82.07,62.94,81.43,81.64
2025-10-01,percap_sa,Automation,21-30,85.25,83.36,76.46,72.88,100.55,77.98
2025-10-01,percap_sa,Automation,31-40,67.76,70.59,79.84,71.85,85.49,74.12
2025-10-01,percap_sa,Automation,41-50,82.87,75.78,82.55,73.52,83.37,73.56
2025-10-01,percap_sa,Automation,51-60,91.25,81.61,79.54,72.55,81.01,69.66
2025-10-01,percap_sa,Automation,All ages,80.43,77.53,78.87,72.24,88.02,74.71
2025-10-01,raw,Augmentation,21-30,89.26,87.05,93.26,68.63,75.31,83.98
2025-10-01,raw,Augmentation,31-40,69.14,80.25,80.07,64.95,87.76,85.8
2025-10-01,raw,Augmentation,41-50,75.31,77.58,84.46,62.82,79.98,84.45
2025-10-01,raw,Augmentation,51-60,80.92,77.85,74.0,54.54,76.51,88.34
2025-10-01,raw,Augmentation,All ages,79.25,82.03,85.15,64.23,79.37,85.11
2025-10-01,raw,Automation,21-30,89.26,94.59,88.91,72.26,105.41,74.02
2025-10-01,raw,Automation,31-40,69.14,80.59,92.51,74.55,89.27,71.49
2025-10-01,raw,Automation,41-50,75.31,86.46,83.01,73.65,78.96,71.18
2025-10-01,raw,Automation,51-60,80.92,90.79,75.48,69.67,69.08,64.88
2025-10-01,raw,Automation,All ages,79.25,88.28,86.8,72.78,87.02,71.69
2025-10-01,sa,Augmentation,21-30,84.81,77.74,89.54,66.76,77.19,78.09
2025-10-01,sa,Augmentation,31-40,70.48,73.67,79.8,63.4,91.05,82.14
2025-10-01,sa,Augmentation,41-50,83.33,71.52,81.73,63.59,83.98,84.86
2025-10-01,sa,Augmentation,51-60,94.14,72.37,76.71,59.89,86.43,102.22
2025-10-01,sa,Augmentation,All ages,81.91,74.64,83.57,64.09,82.93,83.14
2025-10-01,sa,Automation,21-30,84.81,82.94,76.07,72.51,100.04,77.59
2025-10-01,sa,Automation,31-40,70.48,73.41,83.04,74.72,88.91,77.09
2025-10-01,sa,Automation,41-50,83.33,76.2,83.01,73.93,83.83,73.97
2025-10-01,sa,Automation,51-60,94.14,84.19,82.05,74.85,83.57,71.86
2025-10-01,sa,Automation,All ages,81.91,78.96,80.32,73.57,89.63,76.08
2025-11-01,percap,Augmentation,21-30,80.23,76.45,89.74,60.15,85.17,84.87
2025-11-01,percap,Augmentation,31-40,71.26,73.2,89.13,54.24,76.15,84.42
2025-11-01,percap,Augmentation,41-50,80.6,74.45,103.8,60.47,73.13,85.73
2025-11-01,percap,Augmentation,51-60,77.05,73.8,99.61,53.06,74.1,84.29
2025-11-01,percap,Augmentation,All ages,77.02,74.47,93.3,57.24,78.78,84.5
2025-11-01,percap,Automation,21-30,80.23,86.72,67.88,84.98,100.29,69.18
2025-11-01,percap,Automation,31-40,71.26,89.0,63.74,81.4,77.23,65.65
2025-11-01,percap,Automation,41-50,80.6,93.08,65.32,87.05,70.44,76.5
2025-11-01,percap,Automation,51-60,77.05,93.61,59.92,84.23,62.68,78.54
2025-11-01,percap,Automation,All ages,77.02,89.4,64.76,83.78,78.58,70.35
2025-11-01,percap_sa,Augmentation,21-30,80.23,76.45,89.74,60.15,85.17,84.87
2025-11-01,percap_sa,Augmentation,31-40,71.26,73.2,89.13,54.24,76.15,84.42
2025-11-01,percap_sa,Augmentation,41-50,80.6,74.45,103.8,60.47,73.13,85.73
2025-11-01,percap_sa,Augmentation,51-60,77.05,73.8,99.61,53.06,74.1,84.29
2025-11-01,percap_sa,Augmentation,All ages,77.02,74.47,93.3,57.24,78.78,84.5
2025-11-01,percap_sa,Automation,21-30,80.23,86.72,67.88,84.98,100.29,69.18
2025-11-01,percap_sa,Automation,31-40,71.26,89.0,63.74,81.4,77.23,65.65
2025-11-01,percap_sa,Automation,41-50,80.6,93.08,65.32,87.05,70.44,76.5
2025-11-01,percap_sa,Automation,51-60,77.05,93.61,59.92,84.23,62.68,78.54
2025-11-01,percap_sa,Automation,All ages,77.02,89.4,64.76,83.78,78.58,70.35
2025-11-01,raw,Augmentation,21-30,79.82,76.06,89.27,59.84,84.74,84.43
2025-11-01,raw,Augmentation,31-40,74.23,76.25,92.85,56.5,79.32,87.94
2025-11-01,raw,Augmentation,41-50,81.05,74.86,104.38,60.81,73.54,86.2
2025-11-01,raw,Augmentation,51-60,79.6,76.24,102.9,54.81,76.54,87.07
2025-11-01,raw,Augmentation,All ages,78.49,75.9,95.08,58.33,80.29,86.12
2025-11-01,raw,Automation,21-30,79.82,86.28,67.53,84.54,99.78,68.82
2025-11-01,raw,Automation,31-40,74.23,92.71,66.4,84.8,80.45,68.39
2025-11-01,raw,Automation,41-50,81.05,93.59,65.68,87.53,70.83,76.93
2025-11-01,raw,Automation,51-60,79.6,96.7,61.9,87.01,64.75,81.13
2025-11-01,raw,Automation,All ages,78.49,91.11,66.0,85.39,80.09,71.7
2025-11-01,sa,Augmentation,21-30,79.82,76.06,89.27,59.84,84.74,84.43
2025-11-01,sa,Augmentation,31-40,74.23,76.25,92.85,56.5,79.32,87.94
2025-11-01,sa,Augmentation,41-50,81.05,74.86,104.38,60.81,73.54,86.2
2025-11-01,sa,Augmentation,51-60,79.6,76.24,102.9,54.81,76.54,87.07
2025-11-01,sa,Augmentation,All ages,78.49,75.9,95.08,58.33,80.29,86.12
2025-11-01,sa,Automation,21-30,79.82,86.28,67.53,84.54,99.78,68.82
2025-11-01,sa,Automation,31-40,74.23,92.71,66.4,84.8,80.45,68.39
2025-11-01,sa,Automation,41-50,81.05,93.59,65.68,87.53,70.83,76.93
2025-11-01,sa,Automation,51-60,79.6,96.7,61.9,87.01,64.75,81.13
2025-11-01,sa,Automation,All ages,78.49,91.11,66.0,85.39,80.09,71.7
2025-12-01,percap,Augmentation,21-30,73.2,105.53,83.37,59.0,73.46,81.06
2025-12-01,percap,Augmentation,31-40,59.4,95.2,74.48,54.55,76.79,68.82
2025-12-01,percap,Augmentation,41-50,67.65,91.28,80.72,53.38,75.65,73.55
2025-12-01,percap,Augmentation,51-60,77.23,108.25,84.54,58.08,75.34,75.26
2025-12-01,percap,Augmentation,All ages,68.45,99.64,80.13,56.22,74.53,74.92
2025-12-01,percap,Automation,21-30,73.2,102.12,79.23,72.01,87.13,71.59
2025-12-01,percap,Automation,31-40,59.4,92.72,69.14,69.04,68.7,68.62
2025-12-01,percap,Automation,41-50,67.65,91.88,74.37,71.41,67.53,67.54
2025-12-01,percap,Automation,51-60,77.23,108.04,71.73,72.43,66.02,77.74
2025-12-01,percap,Automation,All ages,68.45,97.73,73.88,70.75,72.59,70.42
2025-12-01,percap_sa,Augmentation,21-30,83.33,92.75,102.07,78.27,94.57,95.66
2025-12-01,percap_sa,Augmentation,31-40,66.95,88.69,91.76,70.12,101.4,90.21
2025-12-01,percap_sa,Augmentation,41-50,78.73,88.88,92.19,69.31,100.96,96.16
2025-12-01,percap_sa,Augmentation,51-60,79.07,92.65,104.41,76.38,98.08,111.4
2025-12-01,percap_sa,Augmentation,All ages,76.68,90.44,97.07,73.52,97.38,95.47
2025-12-01,percap_sa,Automation,21-30,83.33,96.88,91.9,88.71,109.55,93.39
2025-12-01,percap_sa,Automation,31-40,66.95,95.21,86.32,88.56,85.43,87.98
2025-12-01,percap_sa,Automation,41-50,78.73,96.29,91.55,95.27,80.79,82.38
2025-12-01,percap_sa,Automation,51-60,79.07,112.34,91.74,97.81,80.41,97.91
2025-12-01,percap_sa,Automation,All ages,76.68,97.96,89.88,90.18,89.5,89.86
2025-12-01,raw,Augmentation,21-30,72.83,104.99,82.94,58.7,73.08,80.64
2025-12-01,raw,Augmentation,31-40,61.88,99.17,77.58,56.83,79.99,71.69
2025-12-01,raw,Augmentation,41-50,68.02,91.78,81.16,53.68,76.06,73.96
2025-12-01,raw,Augmentation,51-60,79.77,111.82,87.32,59.99,77.82,77.74
2025-12-01,raw,Augmentation,All ages,69.76,101.54,81.67,57.29,75.96,76.35
2025-12-01,raw,Automation,21-30,72.83,101.59,78.82,71.64,86.68,71.22
2025-12-01,raw,Automation,31-40,61.88,96.59,72.03,71.92,71.57,71.48
2025-12-01,raw,Automation,41-50,68.02,92.39,74.78,71.8,67.9,67.91
2025-12-01,raw,Automation,51-60,79.77,111.61,74.09,74.82,68.2,80.31
2025-12-01,raw,Automation,All ages,69.76,99.6,75.29,72.1,73.98,71.76
2025-12-01,sa,Augmentation,21-30,82.9,92.27,101.54,77.86,94.08,95.17
2025-12-01,sa,Augmentation,31-40,69.85,92.54,95.74,73.17,105.8,94.12
2025-12-01,sa,Augmentation,41-50,79.16,89.37,92.69,69.69,101.51,96.68
2025-12-01,sa,Augmentation,51-60,81.78,95.83,108.0,79.01,101.44,115.22
2025-12-01,sa,Augmentation,All ages,78.2,92.24,99.0,74.98,99.31,97.36
2025-12-01,sa,Automation,21-30,82.9,96.38,91.42,88.25,108.99,92.91
2025-12-01,sa,Automation,31-40,69.85,99.34,90.06,92.4,89.13,91.8
2025-12-01,sa,Automation,41-50,79.16,96.82,92.06,95.8,81.23,82.83
2025-12-01,sa,Automation,51-60,81.78,116.2,94.9,101.17,83.18,101.27
2025-12-01,sa,Automation,All ages,78.2,99.91,91.67,91.97,91.28,91.65
2026-01-01,percap,Augmentation,21-30,89.93,72.38,91.58,78.6,96.21,110.53
2026-01-01,percap,Augmentation,31-40,61.62,76.47,97.08,96.25,109.59,116.44
2026-01-01,percap,Augmentation,41-50,64.2,81.77,117.05,93.27,118.63,121.18
2026-01-01,percap,Augmentation,51-60,85.97,91.5,120.1,97.64,126.03,149.1
2026-01-01,percap,Augmentation,All ages,75.3,77.63,101.67,89.5,107.07,118.37
2026-01-01,percap,Automation,21-30,89.93,95.61,120.86,86.04,109.35,75.07
2026-01-01,percap,Automation,31-40,61.62,99.32,121.88,93.45,112.56,89.31
2026-01-01,percap,Automation,41-50,64.2,106.15,118.05,108.83,108.35,100.75
2026-01-01,percap,Automation,51-60,85.97,119.19,128.91,121.26,100.12,116.05
2026-01-01,percap,Automation,All ages,75.3,101.86,121.42,95.24,108.19,88.45
2026-01-01,percap_sa,Augmentation,21-30,65.47,69.63,68.54,70.13,94.08,81.62
2026-01-01,percap_sa,Augmentation,31-40,47.57,64.13,62.07,64.31,81.6,76.47
2026-01-01,percap_sa,Augmentation,41-50,54.94,65.51,66.63,57.84,75.25,77.71
2026-01-01,percap_sa,Augmentation,51-60,62.5,65.0,63.97,56.67,74.13,90.4
2026-01-01,percap_sa,Augmentation,All ages,57.72,66.19,65.34,63.3,82.92,80.1
2026-01-01,percap_sa,Automation,21-30,65.47,77.95,79.94,83.99,80.83,67.57
2026-01-01,percap_sa,Automation,31-40,47.57,70.98,72.07,72.96,71.71,62.77
2026-01-01,percap_sa,Automation,41-50,54.94,69.27,71.68,74.02,60.96,64.13
2026-01-01,percap_sa,Automation,51-60,62.5,71.35,79.28,72.63,55.85,65.57
2026-01-01,percap_sa,Automation,All ages,57.72,72.53,75.47,77.01,67.94,64.95
2026-01-01,raw,Augmentation,21-30,89.41,71.96,91.05,78.15,95.66,109.89
2026-01-01,raw,Augmentation,31-40,64.29,79.79,101.3,100.43,114.35,121.49
2026-01-01,raw,Augmentation,41-50,64.57,82.24,117.72,93.8,119.31,121.87
2026-01-01,raw,Augmentation,51-60,88.92,94.64,124.21,100.98,130.35,154.21
2026-01-01,raw,Augmentation,All ages,76.79,79.16,103.68,91.28,109.19,120.71
2026-01-01,raw,Automation,21-30,89.41,95.06,120.17,85.55,108.73,74.64
2026-01-01,raw,Automation,31-40,64.29,103.64,127.17,97.5,117.45,93.19
2026-01-01,raw,Automation,41-50,64.57,106.76,118.73,109.45,108.97,101.32
2026-01-01,raw,Automation,51-60,88.92,123.27,133.33,125.41,103.55,120.03
2026-01-01,raw,Automation,All ages,76.79,103.88,123.82,97.13,110.33,90.2
2026-01-01,sa,Augmentation,21-30,65.1,69.23,68.15,69.73,93.55,81.16
2026-01-01,sa,Augmentation,31-40,49.56,66.81,64.66,67.0,85.01,79.66
2026-01-01,sa,Augmentation,41-50,55.26,65.89,67.01,58.16,75.68,78.15
2026-01-01,sa,Augmentation,51-60,64.56,67.14,66.07,58.54,76.58,93.38
2026-01-01,sa,Augmentation,All ages,58.82,67.45,66.59,64.51,84.5,81.63
2026-01-01,sa,Automation,21-30,65.1,77.5,79.48,83.51,80.37,67.18
2026-01-01,sa,Automation,31-40,49.56,73.94,75.08,76.01,74.71,65.39
2026-01-01,sa,Automation,41-50,55.26,69.67,72.09,74.44,61.3,64.5
2026-01-01,sa,Automation,51-60,64.56,73.7,81.89,75.03,57.69,67.73
2026-01-01,sa,Automation,All ages,58.82,73.91,76.91,78.48,69.23,66.18
2026-02-01,percap,Augmentation,21-30,65.92,59.63,71.98,58.69,58.02,74.41
2026-02-01,percap,Augmentation,31-40,54.06,56.58,62.23,54.58,60.69,72.77
2026-02-01,percap,Augmentation,41-50,52.08,65.91,70.32,52.08,57.9,73.32
2026-02-01,percap,Augmentation,51-60,51.95,57.68,62.86,46.92,50.51,81.59
2026-02-01,percap,Augmentation,All ages,57.13,59.5,67.28,54.14,57.3,74.23
2026-02-01,percap,Automation,21-30,65.92,71.1,69.64,56.7,82.48,62.07
2026-02-01,percap,Automation,31-40,54.06,64.18,65.02,58.52,67.5,56.64
2026-02-01,percap,Automation,41-50,52.08,73.49,60.26,58.58,63.63,62.23
2026-02-01,percap,Automation,51-60,51.95,70.85,66.29,53.64,48.42,55.72
2026-02-01,percap,Automation,All ages,57.13,69.26,65.62,56.77,66.58,59.49
2026-02-01,percap_sa,Augmentation,21-30,66.31,67.65,78.39,70.5,75.91,83.39
2026-02-01,percap_sa,Augmentation,31-40,57.51,62.86,65.44,63.32,76.37,85.84
2026-02-01,percap_sa,Augmentation,41-50,62.16,75.05,72.27,60.11,75.29,88.39
2026-02-01,percap_sa,Augmentation,51-60,68.93,66.48,71.94,61.26,74.79,112.43
2026-02-01,percap_sa,Augmentation,All ages,63.05,67.22,72.19,64.64,75.29,87.84
2026-02-01,percap_sa,Automation,21-30,66.31,79.55,78.4,73.77,85.99,70.59
2026-02-01,percap_sa,Automation,31-40,57.51,69.7,78.26,74.21,75.91,59.71
2026-02-01,percap_sa,Automation,41-50,62.16,79.15,77.9,73.86,73.56,65.21
2026-02-01,percap_sa,Automation,51-60,68.93,84.98,96.45,73.67,67.51,62.44
2026-02-01,percap_sa,Automation,All ages,63.05,76.92,80.26,73.46,76.39,65.06
2026-02-01,raw,Augmentation,21-30,65.55,59.29,71.57,58.35,57.69,73.98
2026-02-01,raw,Augmentation,31-40,56.41,59.04,64.93,56.95,63.32,75.93
2026-02-01,raw,Augmentation,41-50,52.38,66.28,70.72,52.38,58.23,73.74
2026-02-01,raw,Augmentation,51-60,53.73,59.66,65.01,48.53,52.24,84.39
2026-02-01,raw,Augmentation,All ages,58.26,60.68,68.61,55.21,58.43,75.7
2026-02-01,raw,Automation,21-30,65.55,70.69,69.24,56.38,82.01,61.71
2026-02-01,raw,Automation,31-40,56.41,66.97,67.84,61.06,70.43,59.1
2026-02-01,raw,Automation,41-50,52.38,73.91,60.6,58.91,64.0,62.59
2026-02-01,raw,Automation,51-60,53.73,73.28,68.56,55.47,50.08,57.63
2026-02-01,raw,Automation,All ages,58.26,70.63,66.92,57.89,67.9,60.67
2026-02-01,sa,Augmentation,21-30,65.93,67.27,77.94,70.1,75.47,82.91
2026-02-01,sa,Augmentation,31-40,60.01,65.59,68.29,66.07,79.69,89.56
2026-02-01,sa,Augmentation,41-50,62.51,75.47,72.68,60.45,75.72,88.9
2026-02-01,sa,Augmentation,51-60,71.29,68.76,74.41,63.36,77.35,116.28
2026-02-01,sa,Augmentation,All ages,64.3,68.55,73.62,65.92,76.78,89.58
2026-02-01,sa,Automation,21-30,65.93,79.09,77.95,73.35,85.5,70.18
2026-02-01,sa,Automation,31-40,60.01,72.73,81.66,77.43,79.2,62.31
2026-02-01,sa,Automation,41-50,62.51,79.6,78.34,74.28,73.98,65.58
2026-02-01,sa,Automation,51-60,71.29,87.89,99.75,76.19,69.82,64.58
2026-02-01,sa,Automation,All ages,64.3,78.44,81.85,74.91,77.9,66.34
2026-03-01,percap,Augmentation,21-30,74.67,61.41,65.59,51.67,55.39,69.66
2026-03-01,percap,Augmentation,31-40,62.03,58.71,61.2,53.45,61.13,67.45
2026-03-01,percap,Augmentation,41-50,65.21,63.68,66.5,53.65,59.53,68.43
2026-03-01,percap,Augmentation,51-60,56.97,65.73,69.67,50.19,55.66,77.19
2026-03-01,percap,Augmentation,All ages,66.01,61.39,64.81,52.23,57.28,69.34
2026-03-01,percap,Automation,21-30,74.67,69.47,66.07,53.59,72.48,57.21
2026-03-01,percap,Automation,31-40,62.03,61.91,61.07,59.83,67.2,54.99
2026-03-01,percap,Automation,41-50,65.21,75.71,59.19,59.36,61.63,57.15
2026-03-01,percap,Automation,51-60,56.97,77.82,66.26,58.87,55.01,57.38
2026-03-01,percap,Automation,All ages,66.01,69.42,62.98,56.44,64.75,56.31
2026-03-01,percap_sa,Augmentation,21-30,80.19,70.38,68.16,60.96,72.25,79.97
2026-03-01,percap_sa,Augmentation,31-40,71.71,66.53,55.87,58.78,74.29,73.69
2026-03-01,percap_sa,Augmentation,41-50,82.5,72.27,58.42,60.88,74.93,79.44
2026-03-01,percap_sa,Augmentation,51-60,69.68,76.69,70.74,60.81,71.14,91.5
2026-03-01,percap_sa,Augmentation,All ages,76.46,70.08,62.4,60.14,72.67,79.01
2026-03-01,percap_sa,Automation,21-30,80.19,77.72,72.54,69.22,85.89,61.42
2026-03-01,percap_sa,Automation,31-40,71.71,69.29,64.93,70.24,75.3,51.96
2026-03-01,percap_sa,Automation,41-50,82.5,83.47,70.76,69.56,71.73,52.84
2026-03-01,percap_sa,Automation,51-60,69.68,92.95,89.14,64.53,75.76,57.49
2026-03-01,percap_sa,Automation,All ages,76.46,78.14,71.66,68.56,77.15,56.03
2026-03-01,raw,Augmentation,21-30,74.25,61.06,65.22,51.38,55.08,69.26
2026-03-01,raw,Augmentation,31-40,64.73,61.25,63.86,55.78,63.79,70.38
2026-03-01,raw,Augmentation,41-50,65.58,64.04,66.88,53.96,59.87,68.82
2026-03-01,raw,Augmentation,51-60,58.92,67.99,72.05,51.9,57.57,79.83
2026-03-01,raw,Augmentation,All ages,67.31,62.6,66.09,53.26,58.41,70.71
2026-03-01,raw,Automation,21-30,74.25,69.07,65.69,53.28,72.07,56.89
2026-03-01,raw,Automation,31-40,64.73,64.59,63.72,62.43,70.11,57.38
2026-03-01,raw,Automation,41-50,65.58,76.14,59.53,59.7,61.98,57.47
2026-03-01,raw,Automation,51-60,58.92,80.48,68.53,60.88,56.89,59.35
2026-03-01,raw,Automation,All ages,67.31,70.8,64.22,57.55,66.03,57.43
2026-03-01,sa,Augmentation,21-30,79.72,69.98,67.77,60.61,71.83,79.51
2026-03-01,sa,Augmentation,31-40,74.94,69.53,58.39,61.43,77.64,77.02
2026-03-01,sa,Augmentation,41-50,82.97,72.69,58.75,61.23,75.36,79.9
2026-03-01,sa,Augmentation,51-60,72.16,79.42,73.25,62.97,73.67,94.75
2026-03-01,sa,Augmentation,All ages,78.03,71.52,63.68,61.38,74.16,80.63
2026-03-01,sa,Automation,21-30,79.72,77.27,72.13,68.82,85.39,61.06
2026-03-01,sa,Automation,31-40,74.94,72.41,67.86,73.4,78.7,54.3
2026-03-01,sa,Automation,41-50,82.97,83.95,71.17,69.96,72.15,53.14
2026-03-01,sa,Automation,51-60,72.16,96.26,92.31,66.83,78.46,59.54
2026-03-01,sa,Automation,All ages,78.03,79.74,73.13,69.97,78.74,57.18
2026-04-01,percap,Augmentation,21-30,80.16,74.5,79.11,56.74,63.41,73.67
2026-04-01,percap,Augmentation,31-40,74.31,67.67,71.07,52.77,67.47,65.25
2026-04-01,percap,Augmentation,41-50,89.93,68.57,81.3,57.12,67.97,69.25
2026-04-01,percap,Augmentation,51-60,67.37,75.82,69.92,51.56,65.79,79.17
2026-04-01,percap,Augmentation,All ages,78.38,71.19,75.59,54.69,65.18,70.59
2026-04-01,percap,Automation,21-30,80.16,77.7,78.82,64.0,71.57,64.72
2026-04-01,percap,Automation,31-40,74.31,66.06,70.32,63.6,68.25,59.63
2026-04-01,percap,Automation,41-50,89.93,74.19,70.2,68.04,65.16,67.6
2026-04-01,percap,Automation,51-60,67.37,79.8,65.37,69.52,58.23,61.61
2026-04-01,percap,Automation,All ages,78.38,73.53,72.28,64.77,66.33,63.1
2026-04-01,percap_sa,Augmentation,21-30,87.9,82.51,94.08,65.69,81.08,81.11
2026-04-01,percap_sa,Augmentation,31-40,87.3,72.62,80.57,60.52,79.06,70.9
2026-04-01,percap_sa,Augmentation,41-50,117.46,72.0,95.23,67.72,83.35,76.26
2026-04-01,percap_sa,Augmentation,51-60,91.18,83.73,89.61,67.98,83.85,82.84
2026-04-01,percap_sa,Augmentation,All ages,93.91,77.12,89.32,64.65,80.77,76.9
2026-04-01,percap_sa,Automation,21-30,87.9,81.04,80.82,80.53,87.93,81.12
2026-04-01,percap_sa,Automation,31-40,87.3,63.47,72.39,75.48,80.78,74.59
2026-04-01,percap_sa,Automation,41-50,117.46,71.18,79.7,81.73,76.29,87.85
2026-04-01,percap_sa,Automation,51-60,91.18,79.54,73.14,86.14,80.54,85.97
2026-04-01,percap_sa,Automation,All ages,93.91,73.01,76.63,79.52,81.4,80.6
2026-04-01,raw,Augmentation,21-30,79.66,74.03,78.62,56.38,63.01,73.21
2026-04-01,raw,Augmentation,31-40,77.67,70.72,74.28,55.15,70.51,68.2
2026-04-01,raw,Augmentation,41-50,90.46,68.98,81.78,57.46,68.37,69.66
2026-04-01,raw,Augmentation,51-60,69.76,78.52,72.4,53.4,68.13,81.99
2026-04-01,raw,Augmentation,All ages,79.98,72.64,77.14,55.81,66.51,72.03
2026-04-01,raw,Automation,21-30,79.66,77.21,78.33,63.6,71.12,64.32
2026-04-01,raw,Automation,31-40,77.67,69.04,73.49,66.47,71.33,62.32
2026-04-01,raw,Automation,41-50,90.46,74.63,70.61,68.44,65.55,68.0
2026-04-01,raw,Automation,51-60,69.76,82.63,67.7,71.99,60.29,63.8
2026-04-01,raw,Automation,All ages,79.98,75.03,73.76,66.1,67.68,64.39
2026-04-01,sa,Augmentation,21-30,87.35,81.99,93.49,65.28,80.58,80.6
2026-04-01,sa,Augmentation,31-40,91.1,75.78,84.07,63.15,82.51,73.99
2026-04-01,sa,Augmentation,41-50,118.13,72.41,95.77,68.1,83.82,76.69
2026-04-01,sa,Augmentation,51-60,94.31,86.61,92.7,70.32,86.74,85.69
2026-04-01,sa,Augmentation,All ages,95.77,78.64,91.08,65.93,82.36,78.42
2026-04-01,sa,Automation,21-30,87.35,80.53,80.32,80.03,87.38,80.61
2026-04-01,sa,Automation,31-40,91.1,66.24,75.55,78.77,84.29,77.84
2026-04-01,sa,Automation,41-50,118.13,71.58,80.15,82.19,76.73,88.35
2026-04-01,sa,Automation,51-60,94.31,82.28,75.66,89.1,83.31,88.93
2026-04-01,sa,Automation,All ages,95.77,74.45,78.14,81.09,83.01,82.19
