date,sector,age_group,ai_q,variable,value,value_index
2021-01-16,1,1,1,kontantlonn,26436.31625789551,0.9451672418366749
2021-02-16,1,1,1,kontantlonn,25941.91153178892,0.9274909836633894
2021-03-16,1,1,1,kontantlonn,25584.72711390284,0.9147207093261095
2021-04-16,1,1,1,kontantlonn,25766.552737180424,0.9212214494886947
2021-05-16,1,1,1,kontantlonn,29025.204816759786,1.0377267586291654
2021-06-16,1,1,1,kontantlonn,34334.096882524274,1.2275334935031519
2021-07-16,1,1,1,kontantlonn,25627.31138874144,0.9162432081947932
2021-08-16,1,1,1,kontantlonn,26545.813287167297,0.9490820461587489
2021-09-16,1,1,1,kontantlonn,26017.01988331447,0.9301763030837571
2021-10-16,1,1,1,kontantlonn,25779.41505101304,0.9216813107481158
2021-11-16,1,1,1,kontantlonn,26117.44077860811,0.9337666119490896
2021-12-16,1,1,1,kontantlonn,26735.530791938334,0.9558649416636785
2022-01-16,1,1,1,kontantlonn,27312.86697770146,0.9765062157726333
2022-02-16,1,1,1,kontantlonn,27489.663917763777,0.9828271673974255
2022-03-16,1,1,1,kontantlonn,29148.658008913982,1.0421405321665231
2022-04-16,1,1,1,kontantlonn,27897.78196384581,0.9974184517577767
2022-05-16,1,1,1,kontantlonn,30709.605816870506,1.097948486644925
2022-06-16,1,1,1,kontantlonn,34883.48373440152,1.2471755060447087
2022-07-16,1,1,1,kontantlonn,28032.6234722722,1.0022393872981588
2022-08-16,1,1,1,kontantlonn,27845.01485544645,0.9955318900364315
2022-09-16,1,1,1,kontantlonn,27944.81742621011,0.9991000921874678
2022-10-16,1,1,1,kontantlonn,27969.98783678086,1.0
2022-11-16,1,1,1,kontantlonn,27670.752557108168,0.9893015584626321
2022-12-16,1,1,1,kontantlonn,28919.651228108436,1.0339529425922294
2023-01-16,1,1,1,kontantlonn,29380.620903344236,1.050433810511293
2023-02-16,1,1,1,kontantlonn,28787.868009555594,1.0292413488896557
2023-03-16,1,1,1,kontantlonn,29321.60784744875,1.0483239398799629
2023-04-16,1,1,1,kontantlonn,28275.78823236674,1.01093316155053
2023-05-16,1,1,1,kontantlonn,32887.12635143858,1.1758005238812306
2023-06-16,1,1,1,kontantlonn,38440.69906146507,1.3743552298194104
2023-07-16,1,1,1,kontantlonn,29709.8239310686,1.062203677185724
2023-08-16,1,1,1,kontantlonn,30401.12292552718,1.0869194188761622
2023-09-16,1,1,1,kontantlonn,30250.08427494918,1.0815193932680216
2023-10-16,1,1,1,kontantlonn,30177.122899211474,1.0789108338305462
2023-11-16,1,1,1,kontantlonn,30246.06134148162,1.0813755629063126
2023-12-16,1,1,1,kontantlonn,30749.047266455782,1.0993586213155384
2024-01-16,1,1,1,kontantlonn,31577.676440619536,1.1289842750340608
2024-02-16,1,1,1,kontantlonn,31312.250613042266,1.119494609570988
2024-03-16,1,1,1,kontantlonn,31521.670304865846,1.1269819096386764
2024-04-16,1,1,1,kontantlonn,31999.2837293226,1.144057834992805
2024-05-16,1,1,1,kontantlonn,33065.72939279121,1.18218604833676
2024-06-16,1,1,1,kontantlonn,40714.53502557537,1.4556507948149797
2024-07-16,1,1,1,kontantlonn,31150.978816852767,1.1137287223231778
2024-08-16,1,1,1,kontantlonn,32134.527130889914,1.1488931392609558
2024-09-16,1,1,1,kontantlonn,31883.160348689256,1.1399061213306116
2024-10-16,1,1,1,kontantlonn,31981.40284453863,1.1434185467353943
2024-11-16,1,1,1,kontantlonn,31720.11820098565,1.134076939399785
2024-12-16,1,1,1,kontantlonn,30473.340376831253,1.08950138107527
2025-01-16,1,1,1,kontantlonn,31502.522902461104,1.1262973400737386
2025-02-16,1,1,1,kontantlonn,30731.488140266203,1.0987308367668984
2025-03-16,1,1,1,kontantlonn,29793.206730523772,1.065184829696113
2025-04-16,1,1,1,kontantlonn,29856.447038673978,1.067445835618577
2025-05-16,1,1,1,kontantlonn,36491.14580870773,1.3046536173577254
2025-06-16,1,1,1,kontantlonn,42560.56065291431,1.5216510247082295
2025-07-16,1,1,1,kontantlonn,34416.6032434619,1.2304833110511282
2025-08-16,1,1,1,kontantlonn,33710.28734480161,1.205230675877241
2025-09-16,1,1,1,kontantlonn,33284.15662961435,1.1899953916263524
2025-10-16,1,1,1,kontantlonn,33510.32077161226,1.198081349450778
2025-11-16,1,1,1,kontantlonn,33707.19584044128,1.20512014653492
2025-12-16,1,1,1,kontantlonn,34236.58637741993,1.2240472386762506
2026-01-16,1,1,1,kontantlonn,34750.533141883876,1.2424221756788367
2026-02-16,1,1,1,kontantlonn,34461.856997429786,1.232101250759646
2021-01-16,1,1,2,kontantlonn,19675.57265534395,0.9551137055458395
2021-02-16,1,1,2,kontantlonn,19448.827666806377,0.9441067961150612
2021-03-16,1,1,2,kontantlonn,19062.627171785887,0.9253594187276756
2021-04-16,1,1,2,kontantlonn,18980.52827390469,0.9213740819880487
2021-05-16,1,1,2,kontantlonn,20210.872751980314,0.9810988429460737
2021-06-16,1,1,2,kontantlonn,25591.576124513093,1.242294978205037
2021-07-16,1,1,2,kontantlonn,19696.05689799237,0.9561080746167656
2021-08-16,1,1,2,kontantlonn,22379.40762273454,1.086366293723365
2021-09-16,1,1,2,kontantlonn,20731.27683525023,1.0063608813659881
2021-10-16,1,1,2,kontantlonn,19724.326906638442,0.9574803890691447
2021-11-16,1,1,2,kontantlonn,19920.64796935817,0.9670104261854982
2021-12-16,1,1,2,kontantlonn,20505.35663705014,0.9953940098324202
2022-01-16,1,1,2,kontantlonn,20051.368471715166,0.9733560073578507
2022-02-16,1,1,2,kontantlonn,20332.202853887342,0.9869885847724801
2022-03-16,1,1,2,kontantlonn,20546.287600130592,0.9973809265287794
2022-04-16,1,1,2,kontantlonn,20304.920353392114,0.9856642070478259
2022-05-16,1,1,2,kontantlonn,20858.538482840348,1.0125385589326257
2022-06-16,1,1,2,kontantlonn,25520.4382287224,1.238841722716947
2022-07-16,1,1,2,kontantlonn,21093.586782357463,1.0239485369935726
2022-08-16,1,1,2,kontantlonn,23378.518590296684,1.1348662583849063
2022-09-16,1,1,2,kontantlonn,21638.58426635505,1.0504044158425532
2022-10-16,1,1,2,kontantlonn,20600.24114521477,1.0
2022-11-16,1,1,2,kontantlonn,20810.975090498167,1.010229683419621
2022-12-16,1,1,2,kontantlonn,21267.309854167295,1.03238159710123
2023-01-16,1,1,2,kontantlonn,21109.99417758836,1.0247450031667227
2023-02-16,1,1,2,kontantlonn,20702.537226905166,1.004965771078566
2023-03-16,1,1,2,kontantlonn,20703.648143615268,1.005019698442924
2023-04-16,1,1,2,kontantlonn,20471.990588739773,0.9937743177096356
2023-05-16,1,1,2,kontantlonn,22050.91214503019,1.07042009797795
2023-06-16,1,1,2,kontantlonn,26862.964942882496,1.3040121595432144
2023-07-16,1,1,2,kontantlonn,22400.541120060167,1.0873921796426924
2023-08-16,1,1,2,kontantlonn,25336.000045361994,1.229888517652003
2023-09-16,1,1,2,kontantlonn,23688.450686596923,1.1499113296593382
2023-10-16,1,1,2,kontantlonn,22550.150465153845,1.0946546841948992
2023-11-16,1,1,2,kontantlonn,22302.54326728133,1.0826350580105701
2023-12-16,1,1,2,kontantlonn,22704.97680863646,1.1021704381315263
2024-01-16,1,1,2,kontantlonn,22521.745443280062,1.0932758157790612
2024-02-16,1,1,2,kontantlonn,22226.941939561973,1.0789651336059756
2024-03-16,1,1,2,kontantlonn,22241.07441464575,1.0796511680549976
2024-04-16,1,1,2,kontantlonn,22524.692620976944,1.0934188809828183
2024-05-16,1,1,2,kontantlonn,22517.609551606678,1.0930750466888244
2024-06-16,1,1,2,kontantlonn,28367.803751442796,1.3770617320192076
2024-07-16,1,1,2,kontantlonn,23496.606500297177,1.1405986140970588
2024-08-16,1,1,2,kontantlonn,26254.559800258805,1.2744782750447305
2024-09-16,1,1,2,kontantlonn,24543.541764759597,1.1914201193931564
2024-10-16,1,1,2,kontantlonn,23742.371185326803,1.152528798957381
2024-11-16,1,1,2,kontantlonn,23356.638361977177,1.1338041238125356
2024-12-16,1,1,2,kontantlonn,23762.546345947143,1.153508164221997
2025-01-16,1,1,2,kontantlonn,23592.065858282327,1.1452325092690736
2025-02-16,1,1,2,kontantlonn,23408.151163454277,1.1363047159713349
2025-03-16,1,1,2,kontantlonn,23305.08497052872,1.1313015612898423
2025-04-16,1,1,2,kontantlonn,23197.05973657815,1.1260576792794774
2025-05-16,1,1,2,kontantlonn,23636.66333616894,1.1473974100375761
2025-06-16,1,1,2,kontantlonn,29287.926924036725,1.4217273825864905
2025-07-16,1,1,2,kontantlonn,24873.30322312332,1.2074277697909928
2025-08-16,1,1,2,kontantlonn,27008.680033837776,1.3110856248453004
2025-09-16,1,1,2,kontantlonn,24941.266556912637,1.2107269221315033
2025-10-16,1,1,2,kontantlonn,23839.626644231696,1.1572498824737982
2025-11-16,1,1,2,kontantlonn,23787.19342465426,1.1547046103477183
2025-12-16,1,1,2,kontantlonn,24027.71008150258,1.1663800395406525
2026-01-16,1,1,2,kontantlonn,23843.184884690734,1.1574226105712002
2026-02-16,1,1,2,kontantlonn,23507.005041911394,1.1411033917615976
2021-01-16,1,1,3,kontantlonn,34764.44228139059,0.9286811074664498
2021-02-16,1,1,3,kontantlonn,35464.70500360466,0.9473875994365898
2021-03-16,1,1,3,kontantlonn,34634.168461198096,0.9252010333542006
2021-04-16,1,1,3,kontantlonn,34749.530617704324,0.9282827642330321
2021-05-16,1,1,3,kontantlonn,36530.47177956159,0.9758579963376914
2021-06-16,1,1,3,kontantlonn,39664.67505563816,1.0595836418087783
2021-07-16,1,1,3,kontantlonn,35281.921111317955,0.9425047957332578
2021-08-16,1,1,3,kontantlonn,36229.27459828283,0.9678119552244283
2021-09-16,1,1,3,kontantlonn,36060.44660544638,0.963301962914193
2021-10-16,1,1,3,kontantlonn,36255.304053574655,0.9685072939608159
2021-11-16,1,1,3,kontantlonn,36071.75785940243,0.9636041264802216
2021-12-16,1,1,3,kontantlonn,37031.9165012773,0.9892533569112001
2022-01-16,1,1,3,kontantlonn,36188.30725196567,0.9667175726297119
2022-02-16,1,1,3,kontantlonn,36309.81936059862,0.9699635904631762
2022-03-16,1,1,3,kontantlonn,36283.44350582492,0.9692589981724858
2022-04-16,1,1,3,kontantlonn,36705.19467361209,0.9805254622913571
2022-05-16,1,1,3,kontantlonn,36852.703405706256,0.9844659418069888
2022-06-16,1,1,3,kontantlonn,40553.28835460817,1.0833216432965407
2022-07-16,1,1,3,kontantlonn,37350.60285926538,0.9977665957394048
2022-08-16,1,1,3,kontantlonn,37771.93399597271,1.0090218393437849
2022-09-16,1,1,3,kontantlonn,38475.040201781376,1.027804290809329
2022-10-16,1,1,3,kontantlonn,37434.20858020041,1.0
2022-11-16,1,1,3,kontantlonn,36847.34992547167,0.9843229314312488
2022-12-16,1,1,3,kontantlonn,38457.69813827273,1.027341023007861
2023-01-16,1,1,3,kontantlonn,37166.91295168812,0.992859589165893
2023-02-16,1,1,3,kontantlonn,37224.19938240983,0.9943899121750993
2023-03-16,1,1,3,kontantlonn,37216.030893245515,0.9941717029628806
2023-04-16,1,1,3,kontantlonn,37316.27797575326,0.9968496568000232
2023-05-16,1,1,3,kontantlonn,38717.86558049876,1.0342910147959505
2023-06-16,1,1,3,kontantlonn,43364.135453235554,1.1584093025589324
2023-07-16,1,1,3,kontantlonn,39407.85714466273,1.052723127837307
2023-08-16,1,1,3,kontantlonn,40820.877256386266,1.0904698884959765
2023-09-16,1,1,3,kontantlonn,41902.346869224566,1.1193597636624655
2023-10-16,1,1,3,kontantlonn,41411.62321390738,1.1062508006596592
2023-11-16,1,1,3,kontantlonn,39597.202298693795,1.0577812060286866
2023-12-16,1,1,3,kontantlonn,40635.28991449487,1.0855121947465871
2024-01-16,1,1,3,kontantlonn,39747.10063679268,1.0617855203653377
2024-02-16,1,1,3,kontantlonn,40033.00792111659,1.06942311429794
2024-03-16,1,1,3,kontantlonn,39506.43004294537,1.0553563582973944
2024-04-16,1,1,3,kontantlonn,41029.191006936475,1.0960346849335427
2024-05-16,1,1,3,kontantlonn,40285.57689889301,1.0761701242483523
2024-06-16,1,1,3,kontantlonn,46141.14400422437,1.232593014631788
2024-07-16,1,1,3,kontantlonn,40792.900924834445,1.0897225418146146
2024-08-16,1,1,3,kontantlonn,42415.8403097313,1.1330769880938731
2024-09-16,1,1,3,kontantlonn,43802.77494224826,1.170126913419409
2024-10-16,1,1,3,kontantlonn,42260.30662603253,1.12892213376149
2024-11-16,1,1,3,kontantlonn,41445.235511507715,1.1071487039111283
2024-12-16,1,1,3,kontantlonn,42562.648515425826,1.136998754073779
2025-01-16,1,1,3,kontantlonn,41931.95189712058,1.1201506185788341
2025-02-16,1,1,3,kontantlonn,42425.090704272436,1.133324098822054
2025-03-16,1,1,3,kontantlonn,41808.25050863419,1.116846117343784
2025-04-16,1,1,3,kontantlonn,42879.413482081894,1.145460665749497
2025-05-16,1,1,3,kontantlonn,42758.28732588452,1.1422249580695052
2025-06-16,1,1,3,kontantlonn,47869.850340075885,1.2787728699410803
2025-07-16,1,1,3,kontantlonn,43836.07144018746,1.1710163805459242
2025-08-16,1,1,3,kontantlonn,44928.04509117776,1.200186855691694
2025-09-16,1,1,3,kontantlonn,45573.84499417577,1.2174384532943099
2025-10-16,1,1,3,kontantlonn,44060.50881604296,1.1770118959947056
2025-11-16,1,1,3,kontantlonn,43538.84235646229,1.1630763413411853
2025-12-16,1,1,3,kontantlonn,45271.950729256656,1.2093737906135877
2026-01-16,1,1,3,kontantlonn,43640.68267050815,1.1657968560230347
2026-02-16,1,1,3,kontantlonn,44117.59916667034,1.1785369810116646
2021-01-16,1,1,4,kontantlonn,37987.77665089151,1.0659739446063743
2021-02-16,1,1,4,kontantlonn,35525.883769366126,0.996890836894242
2021-03-16,1,1,4,kontantlonn,34319.50113882218,0.9630385674338927
2021-04-16,1,1,4,kontantlonn,33896.81227674199,0.9511775070250775
2021-05-16,1,1,4,kontantlonn,36215.756725235355,1.0162493427316168
2021-06-16,1,1,4,kontantlonn,36359.56444566125,1.0202847271768827
2021-07-16,1,1,4,kontantlonn,39889.166262919025,1.1193287856541456
2021-08-16,1,1,4,kontantlonn,39186.55993770563,1.0996129690935694
2021-09-16,1,1,4,kontantlonn,37346.20806118332,1.0479709062450666
2021-10-16,1,1,4,kontantlonn,34334.15391608977,0.9634497386094766
2021-11-16,1,1,4,kontantlonn,33408.47125330412,0.9374741831414206
2021-12-16,1,1,4,kontantlonn,33792.10013001477,0.948239182386581
2022-01-16,1,1,4,kontantlonn,36884.23497662156,1.0350074923612296
2022-02-16,1,1,4,kontantlonn,35275.443278089464,0.9898632332303388
2022-03-16,1,1,4,kontantlonn,35932.80376430563,1.0083094075605694
2022-04-16,1,1,4,kontantlonn,34005.152776266455,0.9542176467705556
2022-05-16,1,1,4,kontantlonn,35517.13074468584,0.9966452185120074
2022-06-16,1,1,4,kontantlonn,36385.65299128409,1.021016797130389
2022-07-16,1,1,4,kontantlonn,41375.214637849684,1.161028747793508
2022-08-16,1,1,4,kontantlonn,41098.40685577745,1.1532612523155552
2022-09-16,1,1,4,kontantlonn,39133.5251079862,1.0981247602110888
2022-10-16,1,1,4,kontantlonn,35636.68403257176,1.0
2022-11-16,1,1,4,kontantlonn,35540.09670424501,0.9972896656647833
2022-12-16,1,1,4,kontantlonn,36091.23058663918,1.0127550182180804
2023-01-16,1,1,4,kontantlonn,39487.344742966314,1.1080532831526937
2023-02-16,1,1,4,kontantlonn,37564.62601227812,1.0540999262990975
2023-03-16,1,1,4,kontantlonn,37530.21727048471,1.053134383552136
2023-04-16,1,1,4,kontantlonn,35835.41349129052,1.005576541816773
2023-05-16,1,1,4,kontantlonn,37784.67139931857,1.0602746137879597
2023-06-16,1,1,4,kontantlonn,38968.20736491688,1.0934857836183671
2023-07-16,1,1,4,kontantlonn,43670.8218697641,1.2254457185143595
2023-08-16,1,1,4,kontantlonn,43366.24841124665,1.2168990911615152
2023-09-16,1,1,4,kontantlonn,41183.23273673034,1.1556415490029617
2023-10-16,1,1,4,kontantlonn,40178.26250805962,1.1274411073526618
2023-11-16,1,1,4,kontantlonn,39037.794040057066,1.0954384533750872
2023-12-16,1,1,4,kontantlonn,39513.91333209345,1.1087988235936297
2024-01-16,1,1,4,kontantlonn,41485.37449988234,1.164119940619753
2024-02-16,1,1,4,kontantlonn,40309.835413924106,1.1311331710066266
2024-03-16,1,1,4,kontantlonn,40988.05353238496,1.1501646307754694
2024-04-16,1,1,4,kontantlonn,39037.181269808214,1.095421258446168
2024-05-16,1,1,4,kontantlonn,41152.048147588415,1.1547664791139278
2024-06-16,1,1,4,kontantlonn,42488.27255754077,1.1922622351368801
2024-07-16,1,1,4,kontantlonn,46468.42844187819,1.3039492787658433
2024-08-16,1,1,4,kontantlonn,46754.61776919544,1.311980029524126
2024-09-16,1,1,4,kontantlonn,44603.43052134044,1.2516156239613405
2024-10-16,1,1,4,kontantlonn,43418.185918249335,1.218356508101745
2024-11-16,1,1,4,kontantlonn,41468.055137224466,1.1636339424656588
2024-12-16,1,1,4,kontantlonn,41571.28720590025,1.1665307346750975
2025-01-16,1,1,4,kontantlonn,43713.68977326373,1.2266486335628093
2025-02-16,1,1,4,kontantlonn,43286.98338964832,1.2146748375938745
2025-03-16,1,1,4,kontantlonn,44568.489248312886,1.2506351378702212
2025-04-16,1,1,4,kontantlonn,43204.21531134073,1.2123522848492942
2025-05-16,1,1,4,kontantlonn,44961.49842028535,1.2616633573199674
2025-06-16,1,1,4,kontantlonn,45038.57385335799,1.2638261689048553
2025-07-16,1,1,4,kontantlonn,49752.008308953285,1.3960897221380135
2025-08-16,1,1,4,kontantlonn,48294.279251017375,1.3551844275656129
2025-09-16,1,1,4,kontantlonn,46846.805666235625,1.314566911540307
2025-10-16,1,1,4,kontantlonn,44095.34720661321,1.2373583121906144
2025-11-16,1,1,4,kontantlonn,43339.46078307595,1.2161474042720668
2025-12-16,1,1,4,kontantlonn,43750.25076458572,1.2276745705239636
2026-01-16,1,1,4,kontantlonn,46550.72069875824,1.3062584794985725
2026-02-16,1,1,4,kontantlonn,45114.633983176245,1.2659604900933457
2021-01-16,1,1,5,kontantlonn,36897.002550218785,0.932004241822946
2021-02-16,1,1,5,kontantlonn,37256.42315722444,0.9410830695643572
2021-03-16,1,1,5,kontantlonn,36892.58116195743,0.9318925592381961
2021-04-16,1,1,5,kontantlonn,36957.70759948407,0.9335376282637092
2021-05-16,1,1,5,kontantlonn,37327.5591574812,0.9428799378572593
2021-06-16,1,1,5,kontantlonn,38800.16028357654,0.9800772818465467
2021-07-16,1,1,5,kontantlonn,36306.06878832227,0.9170774799003659
2021-08-16,1,1,5,kontantlonn,36542.23100687722,0.9230428476603068
2021-09-16,1,1,5,kontantlonn,37414.011681448654,0.9450636957097922
2021-10-16,1,1,5,kontantlonn,35831.715528981964,0.9050954971030917
2021-11-16,1,1,5,kontantlonn,38274.75847581076,0.9668058321445643
2021-12-16,1,1,5,kontantlonn,38427.426348517074,0.9706621645054033
2022-01-16,1,1,5,kontantlonn,38010.72046200757,0.9601363324058756
2022-02-16,1,1,5,kontantlonn,38131.47945252857,0.9631866585468851
2022-03-16,1,1,5,kontantlonn,38272.26151928801,0.9667427599731139
2022-04-16,1,1,5,kontantlonn,38824.727228275944,0.9806978335197433
2022-05-16,1,1,5,kontantlonn,38289.35435502694,0.9671745184985329
2022-06-16,1,1,5,kontantlonn,39259.986182039465,0.991692309037013
2022-07-16,1,1,5,kontantlonn,38512.97141192067,0.9728230002494627
2022-08-16,1,1,5,kontantlonn,38186.968928933056,0.9645883016021747
2022-09-16,1,1,5,kontantlonn,39788.96652519191,1.0050541511809112
2022-10-16,1,1,5,kontantlonn,39588.87834893369,1.0
2022-11-16,1,1,5,kontantlonn,40088.70238115892,1.0126253648264496
2022-12-16,1,1,5,kontantlonn,40835.16134014829,1.0314806340364064
2023-01-16,1,1,5,kontantlonn,39842.31435033135,1.0064016969403349
2023-02-16,1,1,5,kontantlonn,39677.78297526606,1.0022456970250273
2023-03-16,1,1,5,kontantlonn,39761.035550123095,1.0043486253808966
2023-04-16,1,1,5,kontantlonn,39528.19482506198,0.998467157282486
2023-05-16,1,1,5,kontantlonn,40009.91048740127,1.0106351115774646
2023-06-16,1,1,5,kontantlonn,41346.34986185808,1.0443930615420358
2023-07-16,1,1,5,kontantlonn,40864.53067720856,1.0322224923129004
2023-08-16,1,1,5,kontantlonn,41097.70541873736,1.0381123975401618
2023-09-16,1,1,5,kontantlonn,41976.136692683875,1.0603012371987164
2023-10-16,1,1,5,kontantlonn,41537.40719754033,1.0492190971270374
2023-11-16,1,1,5,kontantlonn,43797.92518461136,1.1063189211520321
2023-12-16,1,1,5,kontantlonn,43590.95647784542,1.1010909703891503
2024-01-16,1,1,5,kontantlonn,42593.23341693445,1.0758888655930228
2024-02-16,1,1,5,kontantlonn,42733.90463235214,1.0794421669565477
2024-03-16,1,1,5,kontantlonn,42867.04329974842,1.0828051990238572
2024-04-16,1,1,5,kontantlonn,43101.99892943254,1.0887400888081356
2024-05-16,1,1,5,kontantlonn,42668.99739886944,1.0778026349417578
2024-06-16,1,1,5,kontantlonn,44584.33148423064,1.1261832449827793
2024-07-16,1,1,5,kontantlonn,42955.02534338273,1.0850275919610566
2024-08-16,1,1,5,kontantlonn,43324.266631676415,1.0943544863741594
2024-09-16,1,1,5,kontantlonn,44519.24040583881,1.1245390691155541
2024-10-16,1,1,5,kontantlonn,44382.04885658901,1.1210736627951072
2024-11-16,1,1,5,kontantlonn,44656.79026405291,1.1280135261840707
2024-12-16,1,1,5,kontantlonn,44920.68958492414,1.1346795225920832
2025-01-16,1,1,5,kontantlonn,44559.985880975735,1.1255682843102306
2025-02-16,1,1,5,kontantlonn,45479.11992357737,1.148785260413985
2025-03-16,1,1,5,kontantlonn,47506.27074517975,1.199990318656232
2025-04-16,1,1,5,kontantlonn,45963.77813999086,1.161027542504974
2025-05-16,1,1,5,kontantlonn,45187.30106209504,1.141414027036008
2025-06-16,1,1,5,kontantlonn,47983.40650105875,1.212042586257086
2025-07-16,1,1,5,kontantlonn,45686.90708265092,1.154033884970663
2025-08-16,1,1,5,kontantlonn,45743.62114407777,1.155466460577554
2025-09-16,1,1,5,kontantlonn,46777.611921925294,1.1815846741004024
2025-10-16,1,1,5,kontantlonn,45713.66006999626,1.154709655249112
2025-11-16,1,1,5,kontantlonn,48380.93828568053,1.2220840878403834
2025-12-16,1,1,5,kontantlonn,48517.99908838919,1.2255461915529617
2026-01-16,1,1,5,kontantlonn,47030.68179552132,1.1879771227918123
2026-02-16,1,1,5,kontantlonn,47083.32295917283,1.1893068185509983
2021-01-16,1,1,all,kontantlonn,29231.04542458466,0.9404125684339533
2021-02-16,1,1,all,kontantlonn,29266.180333223718,0.9415429183477186
2021-03-16,1,1,all,kontantlonn,28750.096630200536,0.9249396257306592
2021-04-16,1,1,all,kontantlonn,28704.66917050293,0.9234781469011772
2021-05-16,1,1,all,kontantlonn,30296.880867553224,0.9747023118177807
2021-06-16,1,1,all,kontantlonn,34037.33638531465,1.0950391430695476
2021-07-16,1,1,all,kontantlonn,29188.310916966606,0.9390377264641874
2021-08-16,1,1,all,kontantlonn,30421.680040090687,0.9787173139731835
2021-09-16,1,1,all,kontantlonn,29896.29118432935,0.9618146587278277
2021-10-16,1,1,all,kontantlonn,29601.882124196894,0.9523430173141225
2021-11-16,1,1,all,kontantlonn,29809.7425465235,0.9590302414895373
2021-12-16,1,1,all,kontantlonn,30459.494428928083,0.9799338673332775
2022-01-16,1,1,all,kontantlonn,30089.541921438507,0.968031864421187
2022-02-16,1,1,all,kontantlonn,30189.01051803456,0.971231938761489
2022-03-16,1,1,all,kontantlonn,30665.391184520537,0.9865579170019242
2022-04-16,1,1,all,kontantlonn,30431.046188517226,0.9790186389367693
2022-05-16,1,1,all,kontantlonn,31010.173967489238,0.997650166963354
2022-06-16,1,1,all,kontantlonn,34515.37947560129,1.1104186043179796
2022-07-16,1,1,all,kontantlonn,31186.32883338941,1.003317369332517
2022-08-16,1,1,all,kontantlonn,31877.44357069863,1.0255517087396495
2022-09-16,1,1,all,kontantlonn,31728.01939445094,1.02074447823078
2022-10-16,1,1,all,kontantlonn,31083.214331410334,1.0
2022-11-16,1,1,all,kontantlonn,31026.217584578095,0.9981663174784777
2022-12-16,1,1,all,kontantlonn,32043.64946223474,1.0308988356411346
2023-01-16,1,1,all,kontantlonn,31553.96298744513,1.0151447868619912
2023-02-16,1,1,all,kontantlonn,31275.081715383327,1.0061727008644374
2023-03-16,1,1,all,kontantlonn,31425.522530968523,1.0110126383941018
2023-04-16,1,1,all,kontantlonn,31062.663028387255,0.9993388295430465
2023-05-16,1,1,all,kontantlonn,32763.10027169087,1.054044794800484
2023-06-16,1,1,all,kontantlonn,36874.122205542684,1.1863033794507056
2023-07-16,1,1,all,kontantlonn,33036.792022427086,1.0628499250491805
2023-08-16,1,1,all,kontantlonn,34578.62095202423,1.1124531904373127
2023-09-16,1,1,all,kontantlonn,34606.981855175916,1.1133656090452888
2023-10-16,1,1,all,kontantlonn,34260.93600578108,1.10223272408348
2023-11-16,1,1,all,kontantlonn,33607.60137598217,1.0812138351477016
2023-12-16,1,1,all,kontantlonn,34204.46917659749,1.1004160899161917
2024-01-16,1,1,all,kontantlonn,33792.983436936775,1.0871778921135629
2024-02-16,1,1,all,kontantlonn,33744.437359647396,1.0856160820391034
2024-03-16,1,1,all,kontantlonn,33729.182176013695,1.0851252967724625
2024-04-16,1,1,all,kontantlonn,34226.087483721116,1.1011115877142357
2024-05-16,1,1,all,kontantlonn,34179.02578439704,1.0995975326096925
2024-06-16,1,1,all,kontantlonn,39406.544085676076,1.2677757089573203
2024-07-16,1,1,all,kontantlonn,34506.732853450456,1.1101404277414313
2024-08-16,1,1,all,kontantlonn,36190.464814056824,1.1643089555730242
2024-09-16,1,1,all,kontantlonn,36396.2041299841,1.1709279401392172
2024-10-16,1,1,all,kontantlonn,35774.51868541502,1.1509272594521864
2024-11-16,1,1,all,kontantlonn,35167.684319603126,1.1314043632889452
2024-12-16,1,1,all,kontantlonn,35624.892688150285,1.146113536017106
2025-01-16,1,1,all,kontantlonn,35412.69435311161,1.1392867537938711
2025-02-16,1,1,all,kontantlonn,35569.09817107036,1.1443185312764432
2025-03-16,1,1,all,kontantlonn,35610.05186613893,1.1456360814703168
2025-04-16,1,1,all,kontantlonn,35680.63216229885,1.1479067699328223
2025-05-16,1,1,all,kontantlonn,36438.54455560632,1.1722901038192919
2025-06-16,1,1,all,kontantlonn,41108.880237369136,1.3225427653351676
2025-07-16,1,1,all,kontantlonn,37013.31432546785,1.1907814272626562
2025-08-16,1,1,all,kontantlonn,37927.488280403675,1.2201919620030106
2025-09-16,1,1,all,kontantlonn,37823.879416493626,1.2168586882043178
2025-10-16,1,1,all,kontantlonn,36903.86961032305,1.1872604041799757
2025-11-16,1,1,all,kontantlonn,36898.308062578144,1.1870814797069271
2025-12-16,1,1,all,kontantlonn,37717.64014830148,1.2134407898151929
2026-01-16,1,1,all,kontantlonn,36933.248401890174,1.1882055699937133
2026-02-16,1,1,all,kontantlonn,36962.23012620346,1.1891379614769197
2021-01-16,1,1,1,ny_jobb,0.03484270508363768,1.4955999714482962
2021-02-16,1,1,1,ny_jobb,0.02534331908840556,1.0878451375701046
2021-03-16,1,1,1,ny_jobb,0.025264113408138913,1.0844452863570317
2021-04-16,1,1,1,ny_jobb,0.022067098977017207,0.9472155655179684
2021-05-16,1,1,1,ny_jobb,0.021413411335224123,0.9191564577060163
2021-06-16,1,1,1,ny_jobb,0.027034587372204037,1.1604417052271967
2021-07-16,1,1,1,ny_jobb,0.04288637638067915,1.8408692188651423
2021-08-16,1,1,1,ny_jobb,0.024663542660033202,1.0586661859237136
2021-09-16,1,1,1,ny_jobb,0.045830203605997315,1.96723104707469
2021-10-16,1,1,1,ny_jobb,0.025321418081794545,1.0869050514090703
2021-11-16,1,1,1,ny_jobb,0.022456380597323175,0.9639252204892858
2021-12-16,1,1,1,ny_jobb,0.017435167728687338,0.7483929934437404
2022-01-16,1,1,1,ny_jobb,0.05518204795207405,2.368652753667427
2022-02-16,1,1,1,ny_jobb,0.02597422811915963,1.1149264886338992
2022-03-16,1,1,1,ny_jobb,0.0234825734253557,1.007973865983996
2022-04-16,1,1,1,ny_jobb,0.019643727120959433,0.8431939383214438
2022-05-16,1,1,1,ny_jobb,0.02195774890941958,0.9425217865021227
2022-06-16,1,1,1,ny_jobb,0.024939812380635768,1.0705248801684168
2022-07-16,1,1,1,ny_jobb,0.04087324976414784,1.7544570960698909
2022-08-16,1,1,1,ny_jobb,0.027523744009341933,1.1814384289540445
2022-09-16,1,1,1,ny_jobb,0.043777109020979664,1.8791033257808853
2022-10-16,1,1,1,ny_jobb,0.023296807802086948,1.0
2022-11-16,1,1,1,ny_jobb,0.021247900708332507,0.9120520239871276
2022-12-16,1,1,1,ny_jobb,0.0203872566032416,0.8751094474589471
2023-01-16,1,1,1,ny_jobb,0.043687776031176316,1.8752687665330152
2023-02-16,1,1,1,ny_jobb,0.023118565747866446,0.9923490782198695
2023-03-16,1,1,1,ny_jobb,0.02156648823812092,0.9257271820815286
2023-04-16,1,1,1,ny_jobb,0.016973601983994002,0.7285805904478249
2023-05-16,1,1,1,ny_jobb,0.03073090597105485,1.3191037258032385
2023-06-16,1,1,1,ny_jobb,0.02484047243385352,1.0662607789393486
2023-07-16,1,1,1,ny_jobb,0.043381917819906586,1.8621400059805788
2023-08-16,1,1,1,ny_jobb,0.03118217137184384,1.3384739933790635
2023-09-16,1,1,1,ny_jobb,0.049901142429272495,2.141973391942664
2023-10-16,1,1,1,ny_jobb,0.02385001761193306,1.0237461636180283
2023-11-16,1,1,1,ny_jobb,0.01939232108609207,0.832402501271221
2023-12-16,1,1,1,ny_jobb,0.024553713133243147,1.0539518264405137
2024-01-16,1,1,1,ny_jobb,0.049810133479891695,2.1380668932431877
2024-02-16,1,1,1,ny_jobb,0.023327996700327282,1.0013387627397408
2024-03-16,1,1,1,ny_jobb,0.026401560570512062,1.1332694502526217
2024-04-16,1,1,1,ny_jobb,0.020419422441787835,0.8764901447123861
2024-05-16,1,1,1,ny_jobb,0.023045966037750745,0.9892327838875105
2024-06-16,1,1,1,ny_jobb,0.02478270847620525,1.0637812994270053
2024-07-16,1,1,1,ny_jobb,0.04140565906262807,1.777310411554278
2024-08-16,1,1,1,ny_jobb,0.028183619212671714,1.2097631337348715
2024-09-16,1,1,1,ny_jobb,0.04895126189541158,2.101200400984829
2024-10-16,1,1,1,ny_jobb,0.02416128856828984,1.03710726265791
2024-11-16,1,1,1,ny_jobb,0.017541773454002554,0.7529689733900431
2024-12-16,1,1,1,ny_jobb,0.018944055619160932,0.8131610038635382
2025-01-16,1,1,1,ny_jobb,0.053000352843446195,2.275004940320552
2025-02-16,1,1,1,ny_jobb,0.021646260403592042,0.9291513492957156
2025-03-16,1,1,1,ny_jobb,0.02265398871358594,0.9724074176186738
2025-04-16,1,1,1,ny_jobb,0.024095875961171003,1.0342994699476584
2025-05-16,1,1,1,ny_jobb,0.018434545733544732,0.7912906304654044
2025-06-16,1,1,1,ny_jobb,0.02627708917407809,1.1279265982408184
2025-07-16,1,1,1,ny_jobb,0.03180515486373384,1.365215145951657
2025-08-16,1,1,1,ny_jobb,0.024394398555776485,1.0471133540274653
2025-09-16,1,1,1,ny_jobb,0.04667787655478536,2.0036168453346606
2025-10-16,1,1,1,ny_jobb,0.021101811663985382,0.905781248798175
2025-11-16,1,1,1,ny_jobb,0.019640242938094434,0.8430443820863321
2025-12-16,1,1,1,ny_jobb,0.01845374382544077,0.7921146958077092
2026-01-16,1,1,1,ny_jobb,0.06472109400101819,2.7781099690070166
2026-02-16,1,1,1,ny_jobb,0.02590661013763272,1.1120240316921008
2021-01-16,1,1,2,ny_jobb,0.04152286106886002,1.681000179845984
2021-02-16,1,1,2,ny_jobb,0.025236731049301506,1.0216769350803612
2021-03-16,1,1,2,ny_jobb,0.01758356115678861,0.7118480929788686
2021-04-16,1,1,2,ny_jobb,0.02036716391301368,0.8245387075796843
2021-05-16,1,1,2,ny_jobb,0.016477544894874272,0.667072432358871
2021-06-16,1,1,2,ny_jobb,0.02220672131097871,0.8990108474374863
2021-07-16,1,1,2,ny_jobb,0.037558618514704795,1.520512865750819
2021-08-16,1,1,2,ny_jobb,0.056962626768151114,2.3060594423627596
2021-09-16,1,1,2,ny_jobb,0.03681262531991506,1.4903122807640135
2021-10-16,1,1,2,ny_jobb,0.022737522160788663,0.9204996442357901
2021-11-16,1,1,2,ny_jobb,0.022340704812016967,0.9044349989420802
2021-12-16,1,1,2,ny_jobb,0.018715879058472162,0.7576885420080505
2022-01-16,1,1,2,ny_jobb,0.050689937239004605,2.052117590689127
2022-02-16,1,1,2,ny_jobb,0.023847655702432562,0.9654419876851426
2022-03-16,1,1,2,ny_jobb,0.018987695345233323,0.7686926784083056
2022-04-16,1,1,2,ny_jobb,0.017634703882182145,0.7139185411216826
2022-05-16,1,1,2,ny_jobb,0.016774635176829655,0.6790997542856836
2022-06-16,1,1,2,ny_jobb,0.024664272578474717,0.9985016825172408
2022-07-16,1,1,2,ny_jobb,0.04150101551214163,1.6801157902873851
2022-08-16,1,1,2,ny_jobb,0.060803742941915255,2.461562141663728
2022-09-16,1,1,2,ny_jobb,0.04057725252498912,1.6427184215231458
2022-10-16,1,1,2,ny_jobb,0.024701282942554127,1.0
2022-11-16,1,1,2,ny_jobb,0.021969754551532234,0.8894175497938954
2022-12-16,1,1,2,ny_jobb,0.019606463395898593,0.7937427153680979
2023-01-16,1,1,2,ny_jobb,0.04002135262826472,1.6202135217567162
2023-02-16,1,1,2,ny_jobb,0.02511499267927311,1.016748512119031
2023-03-16,1,1,2,ny_jobb,0.018655190149375632,0.755231628768456
2023-04-16,1,1,2,ny_jobb,0.028142341002592317,1.1393068557629493
2023-05-16,1,1,2,ny_jobb,0.02293180313396122,0.9283648621527858
2023-06-16,1,1,2,ny_jobb,0.02329325384602814,0.9429977341743532
2023-07-16,1,1,2,ny_jobb,0.040299732741242954,1.6314833863068952
2023-08-16,1,1,2,ny_jobb,0.06452195045014116,2.6120890400792094
2023-09-16,1,1,2,ny_jobb,0.04438860300186753,1.7970160944716391
2023-10-16,1,1,2,ny_jobb,0.0253185106964453,1.0249876800053912
2023-11-16,1,1,2,ny_jobb,0.019813693892746502,0.8021321782688651
2023-12-16,1,1,2,ny_jobb,0.0189306364865149,0.7663827231379206
2024-01-16,1,1,2,ny_jobb,0.0541516505823933,2.192260649308363
2024-02-16,1,1,2,ny_jobb,0.02179965557342207,0.8825313091680239
2024-03-16,1,1,2,ny_jobb,0.019413934390692132,0.7859484236442952
2024-04-16,1,1,2,ny_jobb,0.018946339229323737,0.7670184286939986
2024-05-16,1,1,2,ny_jobb,0.018587941574662415,0.7525091558155486
2024-06-16,1,1,2,ny_jobb,0.021686246451170035,0.8779400852014071
2024-07-16,1,1,2,ny_jobb,0.045463706517900285,1.8405402919205343
2024-08-16,1,1,2,ny_jobb,0.05672404176171397,2.2964006320494654
2024-09-16,1,1,2,ny_jobb,0.044814734945542896,1.8142675038282456
2024-10-16,1,1,2,ny_jobb,0.02359567198257408,0.9552407475129417
2024-11-16,1,1,2,ny_jobb,0.018782037484758853,0.7603668816894569
2024-12-16,1,1,2,ny_jobb,0.018876815139250082,0.7642038343980124
2025-01-16,1,1,2,ny_jobb,0.04356701358446892,1.7637550926318026
2025-02-16,1,1,2,ny_jobb,0.020040831844551077,0.8113275691452342
2025-03-16,1,1,2,ny_jobb,0.01823404374471652,0.7381820526133008
2025-04-16,1,1,2,ny_jobb,0.020535644668897433,0.8313594365384017
2025-05-16,1,1,2,ny_jobb,0.014057400286052386,0.5690959582441366
2025-06-16,1,1,2,ny_jobb,0.027460630507831953,1.1117086740674575
2025-07-16,1,1,2,ny_jobb,0.03490267053785668,1.4129901924133712
2025-08-16,1,1,2,ny_jobb,0.053133990319073114,2.151061968831447
2025-09-16,1,1,2,ny_jobb,0.04364519334807614,1.7669201008538062
2025-10-16,1,1,2,ny_jobb,0.023410399083161306,0.9477402099965848
2025-11-16,1,1,2,ny_jobb,0.02243456892901011,0.9082349682477814
2025-12-16,1,1,2,ny_jobb,0.019437366641038005,0.7868970484748502
2026-01-16,1,1,2,ny_jobb,0.07323159572727797,2.964687943439499
2026-02-16,1,1,2,ny_jobb,0.021369548298142936,0.8651189635712627
2021-01-16,1,1,3,ny_jobb,0.06195556961752641,2.4805586873961447
2021-02-16,1,1,3,ny_jobb,0.025425988334133343,1.0179981660603705
2021-03-16,1,1,3,ny_jobb,0.02225840574125669,0.8911754353952934
2021-04-16,1,1,3,ny_jobb,0.018796256398285055,0.7525589287149692
2021-05-16,1,1,3,ny_jobb,0.020960170452875904,0.8391970766656821
2021-06-16,1,1,3,ny_jobb,0.024571714751817433,0.9837950142031839
2021-07-16,1,1,3,ny_jobb,0.0378097657742809,1.513816167598823
2021-08-16,1,1,3,ny_jobb,0.09981835383054016,3.9964975914915066
2021-09-16,1,1,3,ny_jobb,0.05316218983102715,2.128491960294278
2021-10-16,1,1,3,ny_jobb,0.024593291378282877,0.9846588927625123
2021-11-16,1,1,3,ny_jobb,0.022582424136977194,0.904148387647084
2021-12-16,1,1,3,ny_jobb,0.02026257547620288,0.8112669762670787
2022-01-16,1,1,3,ny_jobb,0.05754359088145485,2.3039131936991035
2022-02-16,1,1,3,ny_jobb,0.024010270399660128,0.9613160720543036
2022-03-16,1,1,3,ny_jobb,0.021587866374062552,0.8643285794499322
2022-04-16,1,1,3,ny_jobb,0.017654557730861012,0.7068479367032653
2022-05-16,1,1,3,ny_jobb,0.024443896598775345,0.9786774689704824
2022-06-16,1,1,3,ny_jobb,0.021418368840524185,0.8575422875651768
2022-07-16,1,1,3,ny_jobb,0.03818970966348159,1.5290282481413486
2022-08-16,1,1,3,ny_jobb,0.10353695058555183,4.145381663456489
2022-09-16,1,1,3,ny_jobb,0.058701257242512565,2.350263495484008
2022-10-16,1,1,3,ny_jobb,0.02497645789729792,1.0
2022-11-16,1,1,3,ny_jobb,0.021827672103315474,0.8739298499839283
2022-12-16,1,1,3,ny_jobb,0.01810704245933238,0.7249643858143429
2023-01-16,1,1,3,ny_jobb,0.04959333987874411,1.9856034063224541
2023-02-16,1,1,3,ny_jobb,0.0235344455243489,0.9422651370791442
2023-03-16,1,1,3,ny_jobb,0.02130973045305332,0.8531926560875036
2023-04-16,1,1,3,ny_jobb,0.03304690406421222,1.323122125647264
2023-05-16,1,1,3,ny_jobb,0.024458403625127856,0.9792582969810899
2023-06-16,1,1,3,ny_jobb,0.02316600253104833,0.9275135259893895
2023-07-16,1,1,3,ny_jobb,0.03511250123397883,1.4058238913764258
2023-08-16,1,1,3,ny_jobb,0.10485461070387937,4.198137747755781
2023-09-16,1,1,3,ny_jobb,0.056092949537945996,2.245832846618912
2023-10-16,1,1,3,ny_jobb,0.027642401039368797,1.10673823938659
2023-11-16,1,1,3,ny_jobb,0.018594667468687997,0.74448777105018
2023-12-16,1,1,3,ny_jobb,0.018313317816118342,0.7332231772584362
2024-01-16,1,1,3,ny_jobb,0.05615803599687182,2.2484387589221484
2024-02-16,1,1,3,ny_jobb,0.021543508162390874,0.8625525785512429
2024-03-16,1,1,3,ny_jobb,0.022835880086040494,0.9142961816259381
2024-04-16,1,1,3,ny_jobb,0.017765965381510603,0.711308443117253
2024-05-16,1,1,3,ny_jobb,0.018784780369370573,0.7520994548791807
2024-06-16,1,1,3,ny_jobb,0.023085428755030873,0.9242875370862084
2024-07-16,1,1,3,ny_jobb,0.03878208501288982,1.5527455963675885
2024-08-16,1,1,3,ny_jobb,0.10099529129417925,4.043619463955513
2024-09-16,1,1,3,ny_jobb,0.058981822160306854,2.361496670297985
2024-10-16,1,1,3,ny_jobb,0.026032183201904143,1.042268816056597
2024-11-16,1,1,3,ny_jobb,0.017738598300649354,0.7102127280653517
2024-12-16,1,1,3,ny_jobb,0.018042578237892234,0.7223833864706721
2025-01-16,1,1,3,ny_jobb,0.04799581906204637,1.9216423425372418
2025-02-16,1,1,3,ny_jobb,0.019809927666676743,0.7931439977651867
2025-03-16,1,1,3,ny_jobb,0.020579143220967478,0.8239416215697196
2025-04-16,1,1,3,ny_jobb,0.0207856491500992,0.8322096446008822
2025-05-16,1,1,3,ny_jobb,0.01915726747392992,0.7670129828938814
2025-06-16,1,1,3,ny_jobb,0.02869824145913081,1.1490116643895902
2025-07-16,1,1,3,ny_jobb,0.025768218716140722,1.0317002844077605
2025-08-16,1,1,3,ny_jobb,0.09090006558073416,3.639429816450001
2025-09-16,1,1,3,ny_jobb,0.0593033182866635,2.3743686366784313
2025-10-16,1,1,3,ny_jobb,0.02254741300576517,0.9027466223785263
2025-11-16,1,1,3,ny_jobb,0.025670094471879488,1.0277716150718317
2025-12-16,1,1,3,ny_jobb,0.017567735311575874,0.7033717664776012
2026-01-16,1,1,3,ny_jobb,0.0649836083521165,2.6017944025260187
2026-02-16,1,1,3,ny_jobb,0.022380447746198264,0.8960617169266221
2021-01-16,1,1,4,ny_jobb,0.0803318748160108,2.7295545688424543
2021-02-16,1,1,4,ny_jobb,0.0377424760168263,1.2824317630717395
2021-03-16,1,1,4,ny_jobb,0.06860108814696238,2.3309603318480567
2021-04-16,1,1,4,ny_jobb,0.020499993586497952,0.6965585115923877
2021-05-16,1,1,4,ny_jobb,0.08233718803767337,2.7976920532306355
2021-06-16,1,1,4,ny_jobb,0.04109028679538329,1.396185266611395
2021-07-16,1,1,4,ny_jobb,0.07845185425602565,2.66567433797795
2021-08-16,1,1,4,ny_jobb,0.09868592977827467,3.353197359375806
2021-09-16,1,1,4,ny_jobb,0.1414625493312105,4.806681640774403
2021-10-16,1,1,4,ny_jobb,0.024292453302233907,0.8254205077545245
2021-11-16,1,1,4,ny_jobb,0.026625576251833934,0.9046964666604738
2021-12-16,1,1,4,ny_jobb,0.02094658303574758,0.7117329398549932
2022-01-16,1,1,4,ny_jobb,0.10866860843693936,3.692393552723126
2022-02-16,1,1,4,ny_jobb,0.040444844744772106,1.3742541302822118
2022-03-16,1,1,4,ny_jobb,0.06814903266380905,2.315600176091235
2022-04-16,1,1,4,ny_jobb,0.019605362390821703,0.6661603082244216
2022-05-16,1,1,4,ny_jobb,0.029328722698740116,0.9965452595748954
2022-06-16,1,1,4,ny_jobb,0.03269411851900302,1.1108962760076784
2022-07-16,1,1,4,ny_jobb,0.08633546609569018,2.933547442710319
2022-08-16,1,1,4,ny_jobb,0.09031934947303041,3.0689137228981083
2022-09-16,1,1,4,ny_jobb,0.15790895476922814,5.365505410382593
2022-10-16,1,1,4,ny_jobb,0.02943039708126364,1.0
2022-11-16,1,1,4,ny_jobb,0.023254519435009908,0.7901530981997692
2022-12-16,1,1,4,ny_jobb,0.016908777465189213,0.5745344657940038
2023-01-16,1,1,4,ny_jobb,0.1930119584682996,6.55825193032062
2023-02-16,1,1,4,ny_jobb,0.0372188081739973,1.2646383285698861
2023-03-16,1,1,4,ny_jobb,0.06762961569679815,2.297951179865439
2023-04-16,1,1,4,ny_jobb,0.02702884241988392,0.9183988359127976
2023-05-16,1,1,4,ny_jobb,0.03063450342235186,1.0409136967388997
2023-06-16,1,1,4,ny_jobb,0.030806039325873554,1.0467422250814853
2023-07-16,1,1,4,ny_jobb,0.0763284284023835,2.5935235665228826
2023-08-16,1,1,4,ny_jobb,0.08893266604296188,3.021796335176848
2023-09-16,1,1,4,ny_jobb,0.16041873808851714,5.4507840191746855
2023-10-16,1,1,4,ny_jobb,0.030683596733924935,1.0425818125797264
2023-11-16,1,1,4,ny_jobb,0.022739648370958224,0.7726585648222543
2023-12-16,1,1,4,ny_jobb,0.019848653163907975,0.6744269575806805
2024-01-16,1,1,4,ny_jobb,0.0783304192661036,2.6615481622560684
2024-02-16,1,1,4,ny_jobb,0.03167785887484156,1.0763653234909538
2024-03-16,1,1,4,ny_jobb,0.06501722635890103,2.209186175075196
2024-04-16,1,1,4,ny_jobb,0.02461452454693414,0.8363639973653144
2024-05-16,1,1,4,ny_jobb,0.02707432268833138,0.9199441860595141
2024-06-16,1,1,4,ny_jobb,0.02832630321145524,0.962484574477206
2024-07-16,1,1,4,ny_jobb,0.07807752531384143,2.6529552115200024
2024-08-16,1,1,4,ny_jobb,0.06977224524077781,2.370754463425066
2024-09-16,1,1,4,ny_jobb,0.17811691132774912,6.052140949234566
2024-10-16,1,1,4,ny_jobb,0.027651174998984847,0.9395447476510094
2024-11-16,1,1,4,ny_jobb,0.02390028794993012,0.8120953272881878
2024-12-16,1,1,4,ny_jobb,0.019744789028835023,0.670897812704172
2025-01-16,1,1,4,ny_jobb,0.07824714902864513,2.658718766606783
2025-02-16,1,1,4,ny_jobb,0.02731092163445896,0.9279834573433599
2025-03-16,1,1,4,ny_jobb,0.07460308006763977,2.5348988619366795
2025-04-16,1,1,4,ny_jobb,0.027039674137734462,0.9187668811627693
2025-05-16,1,1,4,ny_jobb,0.029016763027084443,0.9859453457920713
2025-06-16,1,1,4,ny_jobb,0.03356748990599708,1.1405721035061145
2025-07-16,1,1,4,ny_jobb,0.06384990748310772,2.169522460291801
2025-08-16,1,1,4,ny_jobb,0.0842664941819343,2.8632469330691133
2025-09-16,1,1,4,ny_jobb,0.15416636448825344,5.238337901543328
2025-10-16,1,1,4,ny_jobb,0.02237464315436275,0.7602562443374978
2025-11-16,1,1,4,ny_jobb,0.026977592704314005,0.9166574487535144
2025-12-16,1,1,4,ny_jobb,0.01672917978530258,0.5684320105878873
2026-01-16,1,1,4,ny_jobb,0.10413992232406537,3.5385157066183206
2026-02-16,1,1,4,ny_jobb,0.030566444081001672,1.0386011441368312
2021-01-16,1,1,5,ny_jobb,0.07068399203834501,1.778013152687144
2021-02-16,1,1,5,ny_jobb,0.041372755832475114,1.0407066990945928
2021-03-16,1,1,5,ny_jobb,0.034915003355764127,0.878265833641474
2021-04-16,1,1,5,ny_jobb,0.03256592941478231,0.8191762966295506
2021-05-16,1,1,5,ny_jobb,0.054899391996123766,1.380961066696437
2021-06-16,1,1,5,ny_jobb,0.060938018683534906,1.53285907591697
2021-07-16,1,1,5,ny_jobb,0.05630140826171491,1.4162279395571273
2021-08-16,1,1,5,ny_jobb,0.07023785150180537,1.766790756794676
2021-09-16,1,1,5,ny_jobb,0.0575588789840293,1.4478588565288386
2021-10-16,1,1,5,ny_jobb,0.039814687546033956,1.0015144318472324
2021-11-16,1,1,5,ny_jobb,0.04046182286698089,1.017792730214816
2021-12-16,1,1,5,ny_jobb,0.025796327566584093,0.6488910484785683
2022-01-16,1,1,5,ny_jobb,0.07557641672859816,1.9010791425520412
2022-02-16,1,1,5,ny_jobb,0.0449691308705538,1.1311713422945802
2022-03-16,1,1,5,ny_jobb,0.04030116689117293,1.013751526120268
2022-04-16,1,1,5,ny_jobb,0.03596778507905861,0.9047479223994317
2022-05-16,1,1,5,ny_jobb,0.04714213152624337,1.1858318620982422
2022-06-16,1,1,5,ny_jobb,0.05212044960819122,1.3110584483833192
2022-07-16,1,1,5,ny_jobb,0.05256392306550229,1.322213755507724
2022-08-16,1,1,5,ny_jobb,0.07089998810561103,1.7834464033773336
2022-09-16,1,1,5,ny_jobb,0.05939572314458143,1.4940635626117456
2022-10-16,1,1,5,ny_jobb,0.03975448209228317,1.0
2022-11-16,1,1,5,ny_jobb,0.03683789091518039,0.9266349094843591
2022-12-16,1,1,5,ny_jobb,0.02296418985478974,0.5776503339040447
2023-01-16,1,1,5,ny_jobb,0.07494619927339781,1.8852264028851677
2023-02-16,1,1,5,ny_jobb,0.0381314725170546,0.9591741738337571
2023-03-16,1,1,5,ny_jobb,0.035479694374501186,0.8924702953528912
2023-04-16,1,1,5,ny_jobb,0.04256245674461564,1.0706329073993277
2023-05-16,1,1,5,ny_jobb,0.04538271063723957,1.1415746916760592
2023-06-16,1,1,5,ny_jobb,0.04361912689977545,1.0972128073136804
2023-07-16,1,1,5,ny_jobb,0.05473750185897684,1.3768888180183854
2023-08-16,1,1,5,ny_jobb,0.0666066587339368,1.6754502946188794
2023-09-16,1,1,5,ny_jobb,0.058878774377542575,1.4810600284231012
2023-10-16,1,1,5,ny_jobb,0.04530529244067517,1.1396272836734924
2023-11-16,1,1,5,ny_jobb,0.02828917720740807,0.711597176432575
2023-12-16,1,1,5,ny_jobb,0.026105632680724054,0.6566714319186534
2024-01-16,1,1,5,ny_jobb,0.07309046392571554,1.8385465003933052
2024-02-16,1,1,5,ny_jobb,0.030922183264847584,0.7778288544438102
2024-03-16,1,1,5,ny_jobb,0.034728784850131866,0.8735816195395273
2024-04-16,1,1,5,ny_jobb,0.035119176333552826,0.8834016816526429
2024-05-16,1,1,5,ny_jobb,0.028995172770571075,0.7293560686632462
2024-06-16,1,1,5,ny_jobb,0.04441536265337438,1.1172416370630054
2024-07-16,1,1,5,ny_jobb,0.05551703016195223,1.3964973819324078
2024-08-16,1,1,5,ny_jobb,0.058457654773867655,1.4704670189934383
2024-09-16,1,1,5,ny_jobb,0.07120241415086184,1.7910537479919302
2024-10-16,1,1,5,ny_jobb,0.035927913413493696,0.9037449747199132
2024-11-16,1,1,5,ny_jobb,0.024770901936201864,0.623097085724837
2024-12-16,1,1,5,ny_jobb,0.028622546318894677,0.7199828752001441
2025-01-16,1,1,5,ny_jobb,0.06488982304339826,1.6322643291583507
2025-02-16,1,1,5,ny_jobb,0.03253693427823954,0.8184469414721757
2025-03-16,1,1,5,ny_jobb,0.031105850694897345,0.7824488977793871
2025-04-16,1,1,5,ny_jobb,0.03151019316554577,0.7926198885549633
2025-05-16,1,1,5,ny_jobb,0.028866903457305988,0.7261295315153762
2025-06-16,1,1,5,ny_jobb,0.04524832490640885,1.1381942997363839
2025-07-16,1,1,5,ny_jobb,0.042340093841745065,1.0650395028027242
2025-08-16,1,1,5,ny_jobb,0.05432731206051772,1.3665707412413584
2025-09-16,1,1,5,ny_jobb,0.06329700477436927,1.5921979470751548
2025-10-16,1,1,5,ny_jobb,0.028944880665441187,0.7280910011165695
2025-11-16,1,1,5,ny_jobb,0.023131774114153236,0.5818658147893064
2025-12-16,1,1,5,ny_jobb,0.023158148698000227,0.5825292515254653
2026-01-16,1,1,5,ny_jobb,0.08058308877288206,2.0270189556443556
2026-02-16,1,1,5,ny_jobb,0.03235959702909772,0.8139861300162458
2021-01-16,1,1,all,ny_jobb,0.05404099303912686,2.0388683670961
2021-02-16,1,1,all,ny_jobb,0.027819737146906904,1.0495880786033986
2021-03-16,1,1,all,ny_jobb,0.026554344144524546,1.0018471023664484
2021-04-16,1,1,all,ny_jobb,0.02108256557865505,0.7954068502114144
2021-05-16,1,1,all,ny_jobb,0.027696546154515993,1.0449403065442295
2021-06-16,1,1,all,ny_jobb,0.02873108445449824,1.0839715547830622
2021-07-16,1,1,all,ny_jobb,0.04322365662298921,1.6307499407908812
2021-08-16,1,1,all,ny_jobb,0.07219278036279908,2.723702284816596
2021-09-16,1,1,all,ny_jobb,0.05466224017699452,2.062306891562708
2021-10-16,1,1,all,ny_jobb,0.02554384427315433,0.9637227803133779
2021-11-16,1,1,all,ny_jobb,0.024543701834074803,0.9259892253405226
2021-12-16,1,1,all,ny_jobb,0.020002335895411606,0.7546517491945127
2022-01-16,1,1,all,ny_jobb,0.060989508468510985,2.30102321493528
2022-02-16,1,1,all,ny_jobb,0.027581160700905143,1.0405870232649999
2022-03-16,1,1,all,ny_jobb,0.027117570855803026,1.0230966216766846
2022-04-16,1,1,all,ny_jobb,0.019746074914755853,0.7449834885316905
2022-05-16,1,1,all,ny_jobb,0.024212130672868187,0.913479648554322
2022-06-16,1,1,all,ny_jobb,0.026683605415618577,1.0067238949992825
2022-07-16,1,1,all,ny_jobb,0.04479805508001383,1.6901491307522556
2022-08-16,1,1,all,ny_jobb,0.07485061583482146,2.823977582587843
2022-09-16,1,1,all,ny_jobb,0.059417090118241186,2.2416987307999614
2022-10-16,1,1,all,ny_jobb,0.02650538598335107,1.0
2022-11-16,1,1,all,ny_jobb,0.02336837258340725,0.8816461906303013
2022-12-16,1,1,all,ny_jobb,0.019180829643249343,0.7236578126158009
2023-01-16,1,1,all,ny_jobb,0.06030766078868569,2.2752983422526643
2023-02-16,1,1,all,ny_jobb,0.026588500828611368,1.003135771926223
2023-03-16,1,1,all,ny_jobb,0.02616819293446852,0.9872783196179692
2023-04-16,1,1,all,ny_jobb,0.02988551733054972,1.1275262072894099
2023-05-16,1,1,all,ny_jobb,0.027277926781769643,1.0291465590768545
2023-06-16,1,1,all,ny_jobb,0.02595874388794674,0.9793761880793702
2023-07-16,1,1,all,ny_jobb,0.042968351079494774,1.6211177270342205
2023-08-16,1,1,all,ny_jobb,0.07695891655919435,2.9035199339309696
2023-09-16,1,1,all,ny_jobb,0.06124702820481605,2.310738966159081
2023-10-16,1,1,all,ny_jobb,0.028529685685604357,1.0763731455759527
2023-11-16,1,1,all,ny_jobb,0.02038777060686501,0.769193499754022
2023-12-16,1,1,all,ny_jobb,0.02012888796870486,0.7594263287223395
2024-01-16,1,1,all,ny_jobb,0.05827011323017853,2.1984253791580306
2024-02-16,1,1,all,ny_jobb,0.02363352149429771,0.8916497767337825
2024-03-16,1,1,all,ny_jobb,0.027170916673665446,1.0251092623488833
2024-04-16,1,1,all,ny_jobb,0.020733807274093404,0.7822488337697482
2024-05-16,1,1,all,ny_jobb,0.020932199691531594,0.7897338188049711
2024-06-16,1,1,all,ny_jobb,0.025325569637250907,0.9554876753411082
2024-07-16,1,1,all,ny_jobb,0.04586771610696152,1.7305054955914463
2024-08-16,1,1,all,ny_jobb,0.07052118411050999,2.66063599884215
2024-09-16,1,1,all,ny_jobb,0.06483345630766989,2.4460483747866935
2024-10-16,1,1,all,ny_jobb,0.026206172498172142,0.9887112194718887
2024-11-16,1,1,all,ny_jobb,0.0192899501351418,0.7277747302853266
2024-12-16,1,1,all,ny_jobb,0.019600387528841138,0.7394869684656848
2025-01-16,1,1,all,ny_jobb,0.05139295234057563,1.9389626083112799
2025-02-16,1,1,all,ny_jobb,0.02199145070359158,0.8296974327182088
2025-03-16,1,1,all,ny_jobb,0.025848637492917985,0.9752220740778643
2025-04-16,1,1,all,ny_jobb,0.022714595945943078,0.8569803873148983
2025-05-16,1,1,all,ny_jobb,0.019235493659656117,0.7257201865212822
2025-06-16,1,1,all,ny_jobb,0.030001873890561304,1.131916128646702
2025-07-16,1,1,all,ny_jobb,0.033960630317338175,1.2812728076727498
2025-08-16,1,1,all,ny_jobb,0.06576724221928872,2.4812784186806165
2025-09-16,1,1,all,ny_jobb,0.06138417678331544,2.3159133325533503
2025-10-16,1,1,all,ny_jobb,0.02328776334565271,0.878604950717584
2025-11-16,1,1,all,ny_jobb,0.023847921981889557,0.899738717137311
2025-12-16,1,1,all,ny_jobb,0.01871932300780522,0.7062460067385347
2026-01-16,1,1,all,ny_jobb,0.07228010788766334,2.726996993481435
2026-02-16,1,1,all,ny_jobb,0.02417076005156712,0.9119188102655662
2021-01-16,1,1,1,overtid_timer,2.150829289317045,0.701901486633994
2021-02-16,1,1,1,overtid_timer,2.2084464883783377,0.7207042795277292
2021-03-16,1,1,1,overtid_timer,2.120073548842816,0.6918646603416363
2021-04-16,1,1,1,overtid_timer,2.382691347892769,0.7775673353448396
2021-05-16,1,1,1,overtid_timer,2.2420091680770478,0.7316571221791446
2021-06-16,1,1,1,overtid_timer,2.4117217999296803,0.7870411311237854
2021-07-16,1,1,1,overtid_timer,2.189618213676652,0.7145598616190152
2021-08-16,1,1,1,overtid_timer,2.4758484666817098,0.8079682232689851
2021-09-16,1,1,1,overtid_timer,2.8407770050258883,0.92705897810071
2021-10-16,1,1,1,overtid_timer,2.8073910003210902,0.9161637915550087
2021-11-16,1,1,1,overtid_timer,2.855049243482069,0.9317165794453378
2021-12-16,1,1,1,overtid_timer,3.1158212863008163,1.0168169104833171
2022-01-16,1,1,1,overtid_timer,2.8365454364657707,0.9256780482994038
2022-02-16,1,1,1,overtid_timer,3.1674634692861354,1.0336698170298568
2022-03-16,1,1,1,overtid_timer,4.001431026503758,1.3058267339562766
2022-04-16,1,1,1,overtid_timer,3.9867903116947083,1.301048884063262
2022-05-16,1,1,1,overtid_timer,3.2849334476460395,1.072004961922672
2022-06-16,1,1,1,overtid_timer,2.907136871912388,0.94871485262865
2022-07-16,1,1,1,overtid_timer,2.809169936433184,0.9167443294470244
2022-08-16,1,1,1,overtid_timer,3.074208112667257,1.00323687017885
2022-09-16,1,1,1,overtid_timer,2.996573804293431,0.9779016951688924
2022-10-16,1,1,1,overtid_timer,3.0642894056706753,1.0
2022-11-16,1,1,1,overtid_timer,3.1111184972756734,1.0152822026269248
2022-12-16,1,1,1,overtid_timer,3.10639667330147,1.013741282906527
2023-01-16,1,1,1,overtid_timer,2.924582188268846,0.9544079560033423
2023-02-16,1,1,1,overtid_timer,2.7320078461084343,0.8915632580436653
2023-03-16,1,1,1,overtid_timer,2.594859675722299,0.8468063332792051
2023-04-16,1,1,1,overtid_timer,2.8437141534563146,0.9280174869233399
2023-05-16,1,1,1,overtid_timer,2.7085958688371945,0.8839229949445226
2023-06-16,1,1,1,overtid_timer,2.83575347989134,0.9254196012437944
2023-07-16,1,1,1,overtid_timer,2.5655775400573266,0.8372504030818863
2023-08-16,1,1,1,overtid_timer,2.7633901991734393,0.9018045730470491
2023-09-16,1,1,1,overtid_timer,2.912838094764801,0.950575389313554
2023-10-16,1,1,1,overtid_timer,3.110559086814606,1.0150996446544198
2023-11-16,1,1,1,overtid_timer,3.1439303289309586,1.0259900135779938
2023-12-16,1,1,1,overtid_timer,3.00092208936642,0.9793207142292142
2024-01-16,1,1,1,overtid_timer,2.864860424904182,0.9349183597353968
2024-02-16,1,1,1,overtid_timer,2.8078336445536514,0.916308244044301
2024-03-16,1,1,1,overtid_timer,2.6303597044683857,0.8583914102893567
2024-04-16,1,1,1,overtid_timer,2.4449128167227205,0.7978726853273858
2024-05-16,1,1,1,overtid_timer,2.5544548165006855,0.8336206142192358
2024-06-16,1,1,1,overtid_timer,2.779290783467371,0.9069935686636207
2024-07-16,1,1,1,overtid_timer,2.4553283176463028,0.8012716792031951
2024-08-16,1,1,1,overtid_timer,2.5397506150916556,0.8288220461134235
2024-09-16,1,1,1,overtid_timer,2.8068684957427097,0.9159932774457952
2024-10-16,1,1,1,overtid_timer,2.965116431409148,0.9676358982026956
2024-11-16,1,1,1,overtid_timer,2.7428638258861717,0.8951059977593226
2024-12-16,1,1,1,overtid_timer,2.4698035055238354,0.8059955110484331
2025-01-16,1,1,1,overtid_timer,2.049522800999413,0.6688411340021058
2025-02-16,1,1,1,overtid_timer,2.1742727102814507,0.7095520110658646
2025-03-16,1,1,1,overtid_timer,1.9199939196701947,0.6265706875196304
2025-04-16,1,1,1,overtid_timer,1.9593030808804202,0.6393988365637387
2025-05-16,1,1,1,overtid_timer,2.3120961786790857,0.7545293125382985
2025-06-16,1,1,1,overtid_timer,2.746702683673386,0.8963587703532265
2025-07-16,1,1,1,overtid_timer,2.4231297774296143,0.7907640097392395
2025-08-16,1,1,1,overtid_timer,2.5062577589481747,0.8178919896763585
2025-09-16,1,1,1,overtid_timer,2.6216123713728043,0.8555368061911296
2025-10-16,1,1,1,overtid_timer,2.688245346339478,0.8772818067917142
2025-11-16,1,1,1,overtid_timer,2.857363721209419,0.9324718859523105
2025-12-16,1,1,1,overtid_timer,3.0336266699617376,0.989993524876536
2026-01-16,1,1,1,overtid_timer,2.302075097273411,0.7512590335016219
2026-02-16,1,1,1,overtid_timer,2.467274567987512,0.8051702177417228
2021-01-16,1,1,2,overtid_timer,1.4449804778496405,0.7869627013117794
2021-02-16,1,1,2,overtid_timer,1.4241448115565691,0.7756152177429859
2021-03-16,1,1,2,overtid_timer,1.3283762380246327,0.7234579073275362
2021-04-16,1,1,2,overtid_timer,1.4589826766310965,0.7945885539418146
2021-05-16,1,1,2,overtid_timer,1.3850145417356488,0.7543041596952282
2021-06-16,1,1,2,overtid_timer,1.430417980919356,0.7790317000991155
2021-07-16,1,1,2,overtid_timer,1.4889744289954936,0.8109226088439846
2021-08-16,1,1,2,overtid_timer,2.151324889095249,1.1716507399747933
2021-09-16,1,1,2,overtid_timer,2.216064017662643,1.2069088491873028
2021-10-16,1,1,2,overtid_timer,1.842551913157968,1.0034873502539219
2021-11-16,1,1,2,overtid_timer,1.8597153299653484,1.0128348598303674
2021-12-16,1,1,2,overtid_timer,2.2084867076827446,1.2027821080846606
2022-01-16,1,1,2,overtid_timer,1.8484207697837396,1.0066836365253475
2022-02-16,1,1,2,overtid_timer,1.9175106306027054,1.044311233809057
2022-03-16,1,1,2,overtid_timer,2.3069352233869673,1.256398963845941
2022-04-16,1,1,2,overtid_timer,2.27484277983059,1.2389208342379847
2022-05-16,1,1,2,overtid_timer,1.8752881979758071,1.0213161275461222
2022-06-16,1,1,2,overtid_timer,1.7152721382285543,0.9341684653027098
2022-07-16,1,1,2,overtid_timer,1.9044690535481792,1.0372085532777122
2022-08-16,1,1,2,overtid_timer,2.661307404643393,1.4493965117756669
2022-09-16,1,1,2,overtid_timer,2.256265532054135,1.22880332655037
2022-10-16,1,1,2,overtid_timer,1.8361486198024615,1.0
2022-11-16,1,1,2,overtid_timer,1.9203133463983229,1.0458376439075592
2022-12-16,1,1,2,overtid_timer,2.0141545257701177,1.0969452603388972
2023-01-16,1,1,2,overtid_timer,1.7856506076770347,0.9724978623294341
2023-02-16,1,1,2,overtid_timer,1.5972325369263765,0.86988194730022
2023-03-16,1,1,2,overtid_timer,1.5275001620000312,0.8319044251245656
2023-04-16,1,1,2,overtid_timer,1.6557055529215734,0.9017274174133569
2023-05-16,1,1,2,overtid_timer,1.6109025968810764,0.8773269110723632
2023-06-16,1,1,2,overtid_timer,1.597830118838406,0.870207401299741
2023-07-16,1,1,2,overtid_timer,1.7101633809747874,0.9313861430011978
2023-08-16,1,1,2,overtid_timer,2.309015726995014,1.257532044025622
2023-09-16,1,1,2,overtid_timer,2.1699703383128934,1.1818053914101712
2023-10-16,1,1,2,overtid_timer,1.9109285862829548,1.0407265325224808
2023-11-16,1,1,2,overtid_timer,1.8478199119856362,1.0063563984185715
2023-12-16,1,1,2,overtid_timer,2.0021345130687425,1.090398942371091
2024-01-16,1,1,2,overtid_timer,1.6880631646811572,0.9193499624571589
2024-02-16,1,1,2,overtid_timer,1.57965980644331,0.8603115180367342
2024-03-16,1,1,2,overtid_timer,1.5978950720075265,0.8702427759793393
2024-04-16,1,1,2,overtid_timer,1.4836089345071053,0.8080004627657627
2024-05-16,1,1,2,overtid_timer,1.4864571700521048,0.8095516637493224
2024-06-16,1,1,2,overtid_timer,1.5824597328885226,0.8618364090041734
2024-07-16,1,1,2,overtid_timer,1.6920299888725898,0.9215103672025327
2024-08-16,1,1,2,overtid_timer,2.106449442521436,1.1472107539683003
2024-09-16,1,1,2,overtid_timer,2.0369284824797353,1.1093483721916118
2024-10-16,1,1,2,overtid_timer,1.7729177584447813,0.9655633205963019
2024-11-16,1,1,2,overtid_timer,1.7292249479180863,0.9417674197332249
2024-12-16,1,1,2,overtid_timer,1.8017017085127187,0.9812395843570393
2025-01-16,1,1,2,overtid_timer,1.4781629325126358,0.8050344708325741
2025-02-16,1,1,2,overtid_timer,1.537560418035078,0.8373834238976219
2025-03-16,1,1,2,overtid_timer,1.425643075127208,0.7764311993876526
2025-04-16,1,1,2,overtid_timer,1.4980301663416762,0.8158545284329103
2025-05-16,1,1,2,overtid_timer,1.3216079552091813,0.7197717771622234
2025-06-16,1,1,2,overtid_timer,1.4070675024242636,0.7663146039755977
2025-07-16,1,1,2,overtid_timer,1.511896354018571,0.8234063069367584
2025-08-16,1,1,2,overtid_timer,2.020672413649881,1.10049502085908
2025-09-16,1,1,2,overtid_timer,1.8696694280215644,1.0182560430335477
2025-10-16,1,1,2,overtid_timer,1.6102570891728303,0.8769753558108312
2025-11-16,1,1,2,overtid_timer,1.705393359481117,0.9287883023676964
2025-12-16,1,1,2,overtid_timer,1.6437520360929598,0.8952173143096661
2026-01-16,1,1,2,overtid_timer,1.4160464842204707,0.7712047210932269
2026-02-16,1,1,2,overtid_timer,1.3610823026987668,0.7412702261787482
2021-01-16,1,1,3,overtid_timer,1.9094586085196021,0.7559570070061693
2021-02-16,1,1,3,overtid_timer,1.8883174330097998,0.7475871896706823
2021-03-16,1,1,3,overtid_timer,1.9137390427662961,0.757651636178742
2021-04-16,1,1,3,overtid_timer,2.0936242163683225,0.8288683972199264
2021-05-16,1,1,3,overtid_timer,2.164813423276449,0.8570522916208287
2021-06-16,1,1,3,overtid_timer,2.1813496845344407,0.8635990177514125
2021-07-16,1,1,3,overtid_timer,2.1304490122869724,0.8434473791271898
2021-08-16,1,1,3,overtid_timer,2.0322095681705723,0.804554262610901
2021-09-16,1,1,3,overtid_timer,2.324723360798275,0.9203608321779162
2021-10-16,1,1,3,overtid_timer,2.592490079686661,1.0263700048740776
2021-11-16,1,1,3,overtid_timer,2.566729968669714,1.0161715453014892
2021-12-16,1,1,3,overtid_timer,3.2220389396782423,1.27560917132679
2022-01-16,1,1,3,overtid_timer,2.452634494883379,0.9710010071753242
2022-02-16,1,1,3,overtid_timer,2.3137848650747808,0.9160302682937933
2022-03-16,1,1,3,overtid_timer,2.797505395102124,1.1075358199068825
2022-04-16,1,1,3,overtid_timer,2.810627444600071,1.1127308554106612
2022-05-16,1,1,3,overtid_timer,2.5494897643120398,1.0093461272336388
2022-06-16,1,1,3,overtid_timer,2.547933812722935,1.008730124089555
2022-07-16,1,1,3,overtid_timer,2.5115454941868105,0.994323944113817
2022-08-16,1,1,3,overtid_timer,2.366730194873706,0.9369913893524902
2022-09-16,1,1,3,overtid_timer,2.345624755124443,0.9286357198484668
2022-10-16,1,1,3,overtid_timer,2.5258825446723048,1.0
2022-11-16,1,1,3,overtid_timer,2.5608894199247314,1.0138592648839768
2022-12-16,1,1,3,overtid_timer,3.148610261860408,1.2465386676437455
2023-01-16,1,1,3,overtid_timer,2.412183101497197,0.9549862508789543
2023-02-16,1,1,3,overtid_timer,2.2077993655300836,0.8740704789250255
2023-03-16,1,1,3,overtid_timer,2.167217576841582,0.8580040989684047
2023-04-16,1,1,3,overtid_timer,2.28891735264039,0.906185189595719
2023-05-16,1,1,3,overtid_timer,2.2658263843458304,0.8970434469033426
2023-06-16,1,1,3,overtid_timer,2.3635762504188147,0.9357427388712776
2023-07-16,1,1,3,overtid_timer,2.4568941273693334,0.9726874009052857
2023-08-16,1,1,3,overtid_timer,2.1969040567742324,0.8697570128144053
2023-09-16,1,1,3,overtid_timer,2.34624850025149,0.9288826613099227
2023-10-16,1,1,3,overtid_timer,2.538805889013702,1.0051163678883865
2023-11-16,1,1,3,overtid_timer,2.481811266902888,0.9825521270328369
2023-12-16,1,1,3,overtid_timer,2.9682740394810807,1.1751433358379575
2024-01-16,1,1,3,overtid_timer,2.3222057294485254,0.9193640988361146
2024-02-16,1,1,3,overtid_timer,2.256264354479767,0.8932578275418122
2024-03-16,1,1,3,overtid_timer,2.2974003527321734,0.9095436197450846
2024-04-16,1,1,3,overtid_timer,2.201986393260344,0.8717691160679123
2024-05-16,1,1,3,overtid_timer,2.178938188693805,0.8626443035879523
2024-06-16,1,1,3,overtid_timer,2.4191032309144664,0.957725938609829
2024-07-16,1,1,3,overtid_timer,2.270287023835105,0.898809419552658
2024-08-16,1,1,3,overtid_timer,2.1148733040250742,0.8372809371068547
2024-09-16,1,1,3,overtid_timer,2.1882534470623036,0.8663322258106806
2024-10-16,1,1,3,overtid_timer,2.3438210784936078,0.9279216420562751
2024-11-16,1,1,3,overtid_timer,2.37758532577679,0.9412889490018808
2024-12-16,1,1,3,overtid_timer,2.794619398548381,1.1063932503286453
2025-01-16,1,1,3,overtid_timer,2.094646036024447,0.8292729368760873
2025-02-16,1,1,3,overtid_timer,2.2032668536003523,0.8722760518883086
2025-03-16,1,1,3,overtid_timer,2.1422544076675583,0.8481211496496894
2025-04-16,1,1,3,overtid_timer,2.255016255673188,0.8927637036922247
2025-05-16,1,1,3,overtid_timer,2.127938196660891,0.8424533441387548
2025-06-16,1,1,3,overtid_timer,2.208173924105349,0.8742187671247502
2025-07-16,1,1,3,overtid_timer,2.274780265856303,0.9005882995843821
2025-08-16,1,1,3,overtid_timer,2.1288283161660417,0.842805743543481
2025-09-16,1,1,3,overtid_timer,2.1596821041659946,0.8550207960862174
2025-10-16,1,1,3,overtid_timer,2.264032330595889,0.896333178821509
2025-11-16,1,1,3,overtid_timer,2.330232141343018,0.9225417651577027
2025-12-16,1,1,3,overtid_timer,2.5957564017049704,1.0276631457705927
2026-01-16,1,1,3,overtid_timer,2.039346780837061,0.807379893866615
2026-02-16,1,1,3,overtid_timer,2.079722230924481,0.8233645841177836
2021-01-16,1,1,4,overtid_timer,1.5033727364459688,0.8676175382594993
2021-02-16,1,1,4,overtid_timer,1.636566112631116,0.9444853078795732
2021-03-16,1,1,4,overtid_timer,1.3802625551446364,0.7965689221406174
2021-04-16,1,1,4,overtid_timer,1.5608110693076669,0.9007660075320011
2021-05-16,1,1,4,overtid_timer,1.7271669922367086,0.9967723490250574
2021-06-16,1,1,4,overtid_timer,1.8033939697034203,1.0407640092004165
2021-07-16,1,1,4,overtid_timer,1.823916062582387,1.0526075974682696
2021-08-16,1,1,4,overtid_timer,1.6347412702863562,0.9434321657116401
2021-09-16,1,1,4,overtid_timer,1.488445367502651,0.8590027438167652
2021-10-16,1,1,4,overtid_timer,1.6412758316447413,0.9472033529241811
2021-11-16,1,1,4,overtid_timer,1.5823915619996212,0.9132204132092544
2021-12-16,1,1,4,overtid_timer,1.8259751040037495,1.0537958992153136
2022-01-16,1,1,4,overtid_timer,1.5851393595054706,0.9148062057741086
2022-02-16,1,1,4,overtid_timer,1.5957591095071035,0.9209350127758441
2022-03-16,1,1,4,overtid_timer,1.5988871205147042,0.9227402318970042
2022-04-16,1,1,4,overtid_timer,1.681089851437763,0.9701805833897928
2022-05-16,1,1,4,overtid_timer,1.677893070286109,0.9683356760518367
2022-06-16,1,1,4,overtid_timer,1.8038635029065389,1.0410349834118977
2022-07-16,1,1,4,overtid_timer,1.9384496420833002,1.1187065361317103
2022-08-16,1,1,4,overtid_timer,1.931385845513928,1.11462991983975
2022-09-16,1,1,4,overtid_timer,1.5812671538917764,0.9125715014850512
2022-10-16,1,1,4,overtid_timer,1.7327597358875875,1.0
2022-11-16,1,1,4,overtid_timer,1.6251439857630567,0.9378934379096674
2022-12-16,1,1,4,overtid_timer,1.9049311407853018,1.0993625378821037
2023-01-16,1,1,4,overtid_timer,1.6549263542252504,0.9550812613830343
2023-02-16,1,1,4,overtid_timer,1.716870422131398,0.9908300536842458
2023-03-16,1,1,4,overtid_timer,1.4389991575886198,0.8304666410380941
2023-04-16,1,1,4,overtid_timer,1.6205892249101799,0.9352648213977863
2023-05-16,1,1,4,overtid_timer,1.7383018081021229,1.0031984077767693
2023-06-16,1,1,4,overtid_timer,1.9408105678275018,1.120069059564881
2023-07-16,1,1,4,overtid_timer,2.0946481758208146,1.2088509055456864
2023-08-16,1,1,4,overtid_timer,1.9691382140042804,1.1364173423591302
2023-09-16,1,1,4,overtid_timer,1.690377311978113,0.9755405074161857
2023-10-16,1,1,4,overtid_timer,1.964724561246128,1.1338701613121909
2023-11-16,1,1,4,overtid_timer,1.923647356044085,1.110163928791153
2023-12-16,1,1,4,overtid_timer,2.041210226287832,1.1780111137233023
2024-01-16,1,1,4,overtid_timer,1.6190665312711066,0.9343860534950376
2024-02-16,1,1,4,overtid_timer,1.8944742640814494,1.0933277273499349
2024-03-16,1,1,4,overtid_timer,1.744642290876157,1.0068575895102287
2024-04-16,1,1,4,overtid_timer,1.7552153276857028,1.0129594376721898
2024-05-16,1,1,4,overtid_timer,1.9233043466158763,1.1099659732286453
2024-06-16,1,1,4,overtid_timer,2.1015650345877845,1.2128427219664593
2024-07-16,1,1,4,overtid_timer,2.1788250066973425,1.2574305378704238
2024-08-16,1,1,4,overtid_timer,1.9434503164613188,1.1215924956069039
2024-09-16,1,1,4,overtid_timer,1.857047843983,1.0717284142291934
2024-10-16,1,1,4,overtid_timer,2.0761803313480724,1.1981928529084682
2024-11-16,1,1,4,overtid_timer,1.9588517032030506,1.1304808523841015
2024-12-16,1,1,4,overtid_timer,2.2114983955914154,1.27628680987246
2025-01-16,1,1,4,overtid_timer,1.5480376520523482,0.8933942888852866
2025-02-16,1,1,4,overtid_timer,2.029515907122897,1.171262157752817
2025-03-16,1,1,4,overtid_timer,1.7019277259022687,0.982206413649423
2025-04-16,1,1,4,overtid_timer,1.9860784533818243,1.1461937926232324
2025-05-16,1,1,4,overtid_timer,2.058952589906516,1.1882504811619714
2025-06-16,1,1,4,overtid_timer,2.226249113584429,1.2847996565686917
2025-07-16,1,1,4,overtid_timer,2.2382128142980195,1.2917040764174492
2025-08-16,1,1,4,overtid_timer,1.7987675346532825,1.0380940285018125
2025-09-16,1,1,4,overtid_timer,1.831449399802866,1.05695519227005
2025-10-16,1,1,4,overtid_timer,1.9722985219163864,1.1382412004778595
2025-11-16,1,1,4,overtid_timer,1.9683519901549809,1.1359636015241974
2025-12-16,1,1,4,overtid_timer,2.0848161831529564,1.2031767243743299
2026-01-16,1,1,4,overtid_timer,1.7199554732944922,0.9926104800752792
2026-02-16,1,1,4,overtid_timer,1.9460987868652735,1.12312096510507
2021-01-16,1,1,5,overtid_timer,1.5219157373981054,0.8577058915417078
2021-02-16,1,1,5,overtid_timer,1.756783549602114,0.9900703196836285
2021-03-16,1,1,5,overtid_timer,1.758497608669949,0.9910363117716307
2021-04-16,1,1,5,overtid_timer,1.738081188788563,0.9795302321733004
2021-05-16,1,1,5,overtid_timer,1.9917219852155734,1.1224745490529615
2021-06-16,1,1,5,overtid_timer,1.7357781957114398,0.9782323346078245
2021-07-16,1,1,5,overtid_timer,1.7302048252081939,0.9750913507813801
2021-08-16,1,1,5,overtid_timer,1.2684132390526333,0.714839515297267
2021-09-16,1,1,5,overtid_timer,1.5729068263173827,0.8864429341436603
2021-10-16,1,1,5,overtid_timer,1.870580547375205,1.0542028817114086
2021-11-16,1,1,5,overtid_timer,1.901025750148137,1.0713608814257483
2021-12-16,1,1,5,overtid_timer,2.437905171180085,1.3739299600883133
2022-01-16,1,1,5,overtid_timer,1.6146560841896611,0.9099715589976002
2022-02-16,1,1,5,overtid_timer,1.6883702742027922,0.9515146572854056
2022-03-16,1,1,5,overtid_timer,1.7390585733441914,0.980081056684188
2022-04-16,1,1,5,overtid_timer,1.9180858243153383,1.0809754256240776
2022-05-16,1,1,5,overtid_timer,1.743926224617309,0.9828243183985724
2022-06-16,1,1,5,overtid_timer,1.6740956148779507,0.9434698890358841
2022-07-16,1,1,5,overtid_timer,1.9757176752563235,1.1134550017779092
2022-08-16,1,1,5,overtid_timer,1.3285055062434172,0.7487057079773888
2022-09-16,1,1,5,overtid_timer,1.5000125425553754,0.845361910335289
2022-10-16,1,1,5,overtid_timer,1.7744028021802376,1.0
2022-11-16,1,1,5,overtid_timer,1.922051141211206,1.0832101588486844
2022-12-16,1,1,5,overtid_timer,2.230228441389841,1.2568896073932723
2023-01-16,1,1,5,overtid_timer,1.4262820869063446,0.8038096452247757
2023-02-16,1,1,5,overtid_timer,1.3947198562518455,0.7860221222250835
2023-03-16,1,1,5,overtid_timer,1.4365332004721296,0.8095868642154069
2023-04-16,1,1,5,overtid_timer,1.5043220696102175,0.8477906300428699
2023-05-16,1,1,5,overtid_timer,1.5870811178723774,0.8944311381397194
2023-06-16,1,1,5,overtid_timer,1.5514774362114743,0.8743659750227788
2023-07-16,1,1,5,overtid_timer,1.6631255285541882,0.9372874786439014
2023-08-16,1,1,5,overtid_timer,1.1532178562713338,0.6499188655779602
2023-09-16,1,1,5,overtid_timer,1.5778240732990534,0.8892141465062811
2023-10-16,1,1,5,overtid_timer,1.8578842536134237,1.047047632775721
2023-11-16,1,1,5,overtid_timer,1.8935173572689896,1.0671293772430894
2023-12-16,1,1,5,overtid_timer,2.230435736069521,1.2570064324340269
2024-01-16,1,1,5,overtid_timer,1.3163427826911815,0.7418511631483955
2024-02-16,1,1,5,overtid_timer,1.5543199156391654,0.8759679108539207
2024-03-16,1,1,5,overtid_timer,1.5244584767425646,0.8591389028857697
2024-04-16,1,1,5,overtid_timer,1.5007753037365954,0.8457917795737069
2024-05-16,1,1,5,overtid_timer,1.608366118371921,0.9064267236253771
2024-06-16,1,1,5,overtid_timer,1.6079165279236596,0.9061733479838886
2024-07-16,1,1,5,overtid_timer,1.7020567256511965,0.9592279292840676
2024-08-16,1,1,5,overtid_timer,1.1501653796499782,0.6481985816505426
2024-09-16,1,1,5,overtid_timer,1.462771387098547,0.8243739162839554
2024-10-16,1,1,5,overtid_timer,1.6937282707342989,0.954534262825322
2024-11-16,1,1,5,overtid_timer,1.825437734189785,1.0287617512477099
2024-12-16,1,1,5,overtid_timer,2.1736655934339773,1.2250124891389707
2025-01-16,1,1,5,overtid_timer,1.2793289213659242,0.7209912652268087
2025-02-16,1,1,5,overtid_timer,1.5745344268120964,0.8873602007827311
2025-03-16,1,1,5,overtid_timer,1.5144277841416662,0.853485906515062
2025-04-16,1,1,5,overtid_timer,1.6811904530518182,0.9474683262369245
2025-05-16,1,1,5,overtid_timer,1.3836138531168096,0.7797631132101126
2025-06-16,1,1,5,overtid_timer,1.6598231962599883,0.9354263835813021
2025-07-16,1,1,5,overtid_timer,1.690228029830831,0.9525616324286799
2025-08-16,1,1,5,overtid_timer,1.1866240382248359,0.6687455840166684
2025-09-16,1,1,5,overtid_timer,1.6145996635461213,0.9099397620214736
2025-10-16,1,1,5,overtid_timer,1.770093471040595,0.9975713907043272
2025-11-16,1,1,5,overtid_timer,1.9195801132127739,1.0818175618603367
2025-12-16,1,1,5,overtid_timer,2.1470958511657856,1.2100385822923712
2026-01-16,1,1,5,overtid_timer,1.3251878270867155,0.7468359638851086
2026-02-16,1,1,5,overtid_timer,1.4818479702904377,0.8351249042605585
2021-01-16,1,1,all,overtid_timer,1.7240984276182838,0.7724445677554734
2021-02-16,1,1,all,overtid_timer,1.746586796072456,0.7825199890724024
2021-03-16,1,1,all,overtid_timer,1.6929979708397709,0.7585106887445966
2021-04-16,1,1,all,overtid_timer,1.8471873978922242,0.8275918870242843
2021-05-16,1,1,all,overtid_timer,1.8691342821418993,0.8374247081940354
2021-06-16,1,1,all,overtid_timer,1.8949899975006819,0.849008795595538
2021-07-16,1,1,all,overtid_timer,1.862297137242571,0.8343614750561577
2021-08-16,1,1,all,overtid_timer,2.035174022488671,0.9118151799953294
2021-09-16,1,1,all,overtid_timer,2.218372057305995,0.9938930501164721
2021-10-16,1,1,all,overtid_timer,2.228969480346028,0.998640993579763
2021-11-16,1,1,all,overtid_timer,2.2285630417300206,0.9984588976529691
2021-12-16,1,1,all,overtid_timer,2.68884067379701,1.2046762172990693
2022-01-16,1,1,all,overtid_timer,2.1598282004828415,0.9676637563278513
2022-02-16,1,1,all,overtid_timer,2.173889185142144,0.9739634727729125
2022-03-16,1,1,all,overtid_timer,2.5865042829745852,1.15882663707314
2022-04-16,1,1,all,overtid_timer,2.60285040775597,1.166150160538489
2022-05-16,1,1,all,overtid_timer,2.275773307518334,1.019610424019623
2022-06-16,1,1,all,overtid_timer,2.1820424485705168,0.9776163640138298
2022-07-16,1,1,all,overtid_timer,2.2553280931096475,1.0104503931573465
2022-08-16,1,1,all,overtid_timer,2.431652147852949,1.0894485269467458
2022-09-16,1,1,all,overtid_timer,2.2566456963143597,1.011040716436826
2022-10-16,1,1,all,overtid_timer,2.232002786462818,1.0
2022-11-16,1,1,all,overtid_timer,2.2807529947860337,1.02184146391702
2022-12-16,1,1,all,overtid_timer,2.5884349265729383,1.159691619684301
2023-01-16,1,1,all,overtid_timer,2.1224349233590414,0.9509105168827253
2023-02-16,1,1,all,overtid_timer,1.9606432441720159,0.8784232959131556
2023-03-16,1,1,all,overtid_timer,1.8861438365775618,0.8450454667965005
2023-04-16,1,1,all,overtid_timer,2.024292975964603,0.9069401652372555
2023-05-16,1,1,all,overtid_timer,2.0025203807755383,0.8971854304667094
2023-06-16,1,1,all,overtid_timer,2.063670511709873,0.9245824083312588
2023-07-16,1,1,all,overtid_timer,2.1219831429061635,0.9507081065382499
2023-08-16,1,1,all,overtid_timer,2.190005898363917,0.9811842134097619
2023-09-16,1,1,all,overtid_timer,2.2279279636122302,0.9981743648012888
2023-10-16,1,1,all,overtid_timer,2.296877924131194,1.0290658856081392
2023-11-16,1,1,all,overtid_timer,2.2599547081013185,1.0125232467486287
2023-12-16,1,1,all,overtid_timer,2.5217729363846204,1.1298251739107448
2024-01-16,1,1,all,overtid_timer,2.0344245609771807,0.9114794001674386
2024-02-16,1,1,all,overtid_timer,2.014309668445481,0.9024673627928899
2024-03-16,1,1,all,overtid_timer,1.9994656494576923,0.8958168249540402
2024-04-16,1,1,all,overtid_timer,1.900969206150857,0.8516876491733378
2024-05-16,1,1,all,overtid_timer,1.9313173157832109,0.8652844555108641
2024-06-16,1,1,all,overtid_timer,2.093863329793976,0.938109639689223
2024-07-16,1,1,all,overtid_timer,2.041858922503267,0.9148102031445566
2024-08-16,1,1,all,overtid_timer,2.0598725764878667,0.9228808265747124
2024-09-16,1,1,all,overtid_timer,2.1175971204898754,0.9487430451848817
2024-10-16,1,1,all,overtid_timer,2.159107498996139,0.9673408617996395
2024-11-16,1,1,all,overtid_timer,2.1344490636399494,0.9562931895002391
2024-12-16,1,1,all,overtid_timer,2.3431759545624695,1.04980870488779
2025-01-16,1,1,all,overtid_timer,1.7721491533048939,0.7939726437856826
2025-02-16,1,1,all,overtid_timer,1.9172324618893573,0.858974044977652
2025-03-16,1,1,all,overtid_timer,1.7978064098306414,0.8054678160504126
2025-04-16,1,1,all,overtid_timer,1.9079951379599038,0.8548354641544209
2025-05-16,1,1,all,overtid_timer,1.8188894797507953,0.8149136241148216
2025-06-16,1,1,all,overtid_timer,1.9671959303979207,0.8813590835679234
2025-07-16,1,1,all,overtid_timer,1.9820221116474894,0.8880016295985512
2025-08-16,1,1,all,overtid_timer,2.0221554563122663,0.9059824963376911
2025-09-16,1,1,all,overtid_timer,2.0421076708726558,0.9149216494074813
2025-10-16,1,1,all,overtid_timer,2.041145274783914,0.9144904689024306
2025-11-16,1,1,all,overtid_timer,2.130672765533506,0.9546013017797816
2025-12-16,1,1,all,overtid_timer,2.2686880471829802,1.016436028190762
2026-01-16,1,1,all,overtid_timer,1.7788317542749297,0.7969666368983104
2026-02-16,1,1,all,overtid_timer,1.8321859801985652,0.8208708301400173
2021-01-16,1,1,1,stillingspst,58.47106592031642,1.0044327766287153
2021-02-16,1,1,1,stillingspst,58.8231545710486,1.010481056671298
2021-03-16,1,1,1,stillingspst,58.485925079003984,1.0046880315275957
2021-04-16,1,1,1,stillingspst,59.8088344380686,1.0274133487394321
2021-05-16,1,1,1,stillingspst,59.71380797184362,1.0257809567893068
2021-06-16,1,1,1,stillingspst,58.62886059176675,1.0071434188495716
2021-07-16,1,1,1,stillingspst,58.95634673196358,1.0127690698947156
2021-08-16,1,1,1,stillingspst,61.36428709054645,1.054133361485086
2021-09-16,1,1,1,stillingspst,57.41749762625483,0.9863342776477935
2021-10-16,1,1,1,stillingspst,57.374854901776295,0.9856017486699679
2021-11-16,1,1,1,stillingspst,57.33810117694194,0.9849703826206961
2021-12-16,1,1,1,stillingspst,57.91983383949013,0.9949635535044831
2022-01-16,1,1,1,stillingspst,57.5415838706583,0.9884658668200768
2022-02-16,1,1,1,stillingspst,58.85152820712613,1.0109684671472288
2022-03-16,1,1,1,stillingspst,58.55840967156697,1.0059331926927788
2022-04-16,1,1,1,stillingspst,60.21418743909896,1.034376619101128
2022-05-16,1,1,1,stillingspst,58.89275179458363,1.011676617781407
2022-06-16,1,1,1,stillingspst,59.16396740135626,1.0163356374296364
2022-07-16,1,1,1,stillingspst,60.28928211217123,1.035666616979511
2022-08-16,1,1,1,stillingspst,61.1545544794538,1.0505305144086112
2022-09-16,1,1,1,stillingspst,57.77347818865818,0.9924494140677098
2022-10-16,1,1,1,stillingspst,58.21302060310007,1.0
2022-11-16,1,1,1,stillingspst,58.437936999469784,1.0038636785042165
2022-12-16,1,1,1,stillingspst,59.46144049830461,1.0214457157912546
2023-01-16,1,1,1,stillingspst,59.10296718336359,1.0152877581517583
2023-02-16,1,1,1,stillingspst,60.03396178366372,1.0312806509900756
2023-03-16,1,1,1,stillingspst,59.37254247508298,1.0199185999965301
2023-04-16,1,1,1,stillingspst,61.61150539940669,1.0583801486522697
2023-05-16,1,1,1,stillingspst,60.34366429921474,1.0366008098195338
2023-06-16,1,1,1,stillingspst,59.95181511910993,1.0298695119750798
2023-07-16,1,1,1,stillingspst,61.57404611296454,1.0577366622629008
2023-08-16,1,1,1,stillingspst,63.43539862304818,1.0897115106868376
2023-09-16,1,1,1,stillingspst,61.05263524159823,1.0487797164462367
2023-10-16,1,1,1,stillingspst,60.30516501262076,1.0359394580086312
2023-11-16,1,1,1,stillingspst,60.52449153855078,1.0397071121117465
2023-12-16,1,1,1,stillingspst,61.98702035991926,1.0648308525776484
2024-01-16,1,1,1,stillingspst,60.38211479792894,1.0372613235382147
2024-02-16,1,1,1,stillingspst,60.836460605945256,1.0450662064202434
2024-03-16,1,1,1,stillingspst,62.06394761021484,1.0661523309943084
2024-04-16,1,1,1,stillingspst,61.02126684140071,1.0482408610514722
2024-05-16,1,1,1,stillingspst,61.83681271122723,1.0622505424144608
2024-06-16,1,1,1,stillingspst,61.25236557461638,1.0522107415150082
2024-07-16,1,1,1,stillingspst,60.66369453841653,1.042098381254347
2024-08-16,1,1,1,stillingspst,64.46835794806728,1.107455982873943
2024-09-16,1,1,1,stillingspst,61.10607097001936,1.0496976507480051
2024-10-16,1,1,1,stillingspst,60.4352211747677,1.038173600143836
2024-11-16,1,1,1,stillingspst,60.71873543354408,1.043043889571169
2024-12-16,1,1,1,stillingspst,61.3911591453094,1.0545949773655978
2025-01-16,1,1,1,stillingspst,59.50280464651129,1.0221562810183833
2025-02-16,1,1,1,stillingspst,60.17997763744088,1.0337889532953743
2025-03-16,1,1,1,stillingspst,60.240998233991874,1.0348371826419844
2025-04-16,1,1,1,stillingspst,61.08054721098255,1.0492591962790156
2025-05-16,1,1,1,stillingspst,61.124659229357796,1.0500169652097158
2025-06-16,1,1,1,stillingspst,62.23591634441337,1.0691064593390824
2025-07-16,1,1,1,stillingspst,60.84761053488549,1.045257743104386
2025-08-16,1,1,1,stillingspst,65.44799715229271,1.1242845067003335
2025-09-16,1,1,1,stillingspst,61.34205083606842,1.0537513807143297
2025-10-16,1,1,1,stillingspst,61.062560139859926,1.0489502092012746
2025-11-16,1,1,1,stillingspst,62.21539760440025,1.0687539825254668
2025-12-16,1,1,1,stillingspst,63.00698810149627,1.0823521516102346
2026-01-16,1,1,1,stillingspst,61.59713280970276,1.058133252175244
2026-02-16,1,1,1,stillingspst,62.111584173103786,1.0669706455637196
2021-01-16,1,1,2,stillingspst,48.358072661855175,1.0155996729461585
2021-02-16,1,1,2,stillingspst,47.69390683683181,1.0016510898545123
2021-03-16,1,1,2,stillingspst,47.68647956184685,1.0014951047701117
2021-04-16,1,1,2,stillingspst,49.29732938616385,1.0353256208492232
2021-05-16,1,1,2,stillingspst,49.07795804534935,1.0307184591134182
2021-06-16,1,1,2,stillingspst,47.460286152332905,0.9967446682849509
2021-07-16,1,1,2,stillingspst,48.72112218783137,1.0232243146977624
2021-08-16,1,1,2,stillingspst,54.52321364165526,1.1450778514197775
2021-09-16,1,1,2,stillingspst,48.343258031422074,1.0152885411537917
2021-10-16,1,1,2,stillingspst,47.64244354460421,1.0005702754241987
2021-11-16,1,1,2,stillingspst,47.5562863515971,0.9987608315770085
2021-12-16,1,1,2,stillingspst,48.16500804584182,1.0115449960310607
2022-01-16,1,1,2,stillingspst,47.12905060231435,0.9897881727558737
2022-02-16,1,1,2,stillingspst,47.88106953164267,1.0055818166427115
2022-03-16,1,1,2,stillingspst,47.61119267238218,0.999913955313389
2022-04-16,1,1,2,stillingspst,50.084161966732744,1.0518504091110903
2022-05-16,1,1,2,stillingspst,47.39990135885256,0.9954764875421328
2022-06-16,1,1,2,stillingspst,48.08818572521181,1.0099315999750937
2022-07-16,1,1,2,stillingspst,50.046871682874375,1.0510672513463992
2022-08-16,1,1,2,stillingspst,53.72223889572446,1.1282560542465598
2022-09-16,1,1,2,stillingspst,47.612164609841884,0.9999343676108994
2022-10-16,1,1,2,stillingspst,47.615289715063604,1.0
2022-11-16,1,1,2,stillingspst,48.04414923535894,1.0090067607035826
2022-12-16,1,1,2,stillingspst,49.10433713964075,1.0312724638133635
2023-01-16,1,1,2,stillingspst,47.6058288244045,0.999801305615996
2023-02-16,1,1,2,stillingspst,48.246590634069,1.013258365596076
2023-03-16,1,1,2,stillingspst,47.64145667244746,1.0005495494732983
2023-04-16,1,1,2,stillingspst,50.718721869867714,1.0651772187752184
2023-05-16,1,1,2,stillingspst,48.44799817758903,1.017488257816102
2023-06-16,1,1,2,stillingspst,47.54989670177527,0.9986266383407587
2023-07-16,1,1,2,stillingspst,50.31932952186453,1.056789317527674
2023-08-16,1,1,2,stillingspst,55.93699995829107,1.1747697072311376
2023-09-16,1,1,2,stillingspst,51.37878841246848,1.0790397101419769
2023-10-16,1,1,2,stillingspst,49.07465594188914,1.0306491094679584
2023-11-16,1,1,2,stillingspst,48.785312200638614,1.024572411353088
2023-12-16,1,1,2,stillingspst,50.78204389947212,1.0665070863447184
2024-01-16,1,1,2,stillingspst,48.1362743839106,1.0109415415082978
2024-02-16,1,1,2,stillingspst,48.58745917258592,1.020417169849011
2024-03-16,1,1,2,stillingspst,50.53295516326967,1.0612758100531525
2024-04-16,1,1,2,stillingspst,48.62486878698063,1.0212028337527397
2024-05-16,1,1,2,stillingspst,49.597462550958845,1.0416289147405557
2024-06-16,1,1,2,stillingspst,49.1910783634281,1.033094173274892
2024-07-16,1,1,2,stillingspst,48.89267100926196,1.026827124267066
2024-08-16,1,1,2,stillingspst,55.969498161523575,1.175452223360452
2024-09-16,1,1,2,stillingspst,50.78018256510111,1.066467995238014
2024-10-16,1,1,2,stillingspst,48.90647385864457,1.02711700698048
2024-11-16,1,1,2,stillingspst,49.204994030741425,1.033386425351832
2024-12-16,1,1,2,stillingspst,51.52755900449517,1.0821641391419252
2025-01-16,1,1,2,stillingspst,48.199107873476656,1.0122611489273026
2025-02-16,1,1,2,stillingspst,49.058892312863655,1.0303180471323132
2025-03-16,1,1,2,stillingspst,49.460144468876784,1.0387450074304503
2025-04-16,1,1,2,stillingspst,50.50388507705968,1.0606652900629572
2025-05-16,1,1,2,stillingspst,48.22759665780268,1.0128594606145043
2025-06-16,1,1,2,stillingspst,49.26148883712209,1.0345729099184224
2025-07-16,1,1,2,stillingspst,48.75930342220394,1.0240261838998832
2025-08-16,1,1,2,stillingspst,56.7308666086286,1.1914422226161776
2025-09-16,1,1,2,stillingspst,49.54425520063186,1.0405114721996116
2025-10-16,1,1,2,stillingspst,48.14059879026602,1.0110323612088876
2025-11-16,1,1,2,stillingspst,49.23418888142717,1.0339995656027987
2025-12-16,1,1,2,stillingspst,50.29179366376833,1.0562110188706462
2026-01-16,1,1,2,stillingspst,47.93870604783045,1.006792279007483
2026-02-16,1,1,2,stillingspst,48.298128927862315,1.0143407551835748
2021-01-16,1,1,3,stillingspst,77.16268332692688,1.0163728505290535
2021-02-16,1,1,3,stillingspst,76.80184963490044,1.0116200146721406
2021-03-16,1,1,3,stillingspst,76.80664212880971,1.0116831405315028
2021-04-16,1,1,3,stillingspst,77.40824723990866,1.0196073737916376
2021-05-16,1,1,3,stillingspst,77.07807766300402,1.0152584400899058
2021-06-16,1,1,3,stillingspst,74.95723337013128,0.9873230642510107
2021-07-16,1,1,3,stillingspst,75.99937797896126,1.0010500037646655
2021-08-16,1,1,3,stillingspst,80.76879774269976,1.0638719346726708
2021-09-16,1,1,3,stillingspst,77.15159817849255,1.0162268389671563
2021-10-16,1,1,3,stillingspst,76.41109136737795,1.006473017741682
2021-11-16,1,1,3,stillingspst,75.464967150696,0.9940108413942191
2021-12-16,1,1,3,stillingspst,75.28849430168484,0.9916863730779668
2022-01-16,1,1,3,stillingspst,76.4120169937983,1.0064852099247792
2022-02-16,1,1,3,stillingspst,75.81947170940829,0.9986803110566126
2022-03-16,1,1,3,stillingspst,75.20495554024943,0.9905860156846134
2022-04-16,1,1,3,stillingspst,75.82502695792604,0.9987534837811466
2022-05-16,1,1,3,stillingspst,74.8692016784694,0.9861635267967181
2022-06-16,1,1,3,stillingspst,74.23846919351956,0.9778556330583206
2022-07-16,1,1,3,stillingspst,75.60952543480298,0.9959149368578631
2022-08-16,1,1,3,stillingspst,80.18386069958149,1.05616725017673
2022-09-16,1,1,3,stillingspst,77.22637136052313,1.0172117377405903
2022-10-16,1,1,3,stillingspst,75.91966204799874,1.0
2022-11-16,1,1,3,stillingspst,75.58950383082319,0.9956512159265565
2022-12-16,1,1,3,stillingspst,75.49158420400487,0.9943614363862259
2023-01-16,1,1,3,stillingspst,75.96139324388731,1.0005496757330425
2023-02-16,1,1,3,stillingspst,75.62041526742964,0.9960583757554148
2023-03-16,1,1,3,stillingspst,75.1052368644548,0.9892725393979093
2023-04-16,1,1,3,stillingspst,76.00641507898823,1.0011426951681455
2023-05-16,1,1,3,stillingspst,74.99724205051122,0.9878500513226159
2023-06-16,1,1,3,stillingspst,73.55524849552567,0.9688563741105932
2023-07-16,1,1,3,stillingspst,75.02940545068185,0.9882737017881607
2023-08-16,1,1,3,stillingspst,81.80216138410759,1.0774832128782363
2023-09-16,1,1,3,stillingspst,79.85730885690836,1.0518659686132443
2023-10-16,1,1,3,stillingspst,76.55540049422126,1.0083738313511008
2023-11-16,1,1,3,stillingspst,75.34261017673245,0.992399177555592
2023-12-16,1,1,3,stillingspst,75.7967794924991,0.9983814132968354
2024-01-16,1,1,3,stillingspst,75.86132059951373,0.9992315370365041
2024-02-16,1,1,3,stillingspst,75.52107793372052,0.994749922437402
2024-03-16,1,1,3,stillingspst,75.97277508792837,1.0006995953155857
2024-04-16,1,1,3,stillingspst,75.16635758281257,0.9900776103993993
2024-05-16,1,1,3,stillingspst,75.27760755425683,0.9915429748180915
2024-06-16,1,1,3,stillingspst,74.33626700974524,0.979143808131648
2024-07-16,1,1,3,stillingspst,74.11161078574786,0.9761846771511209
2024-08-16,1,1,3,stillingspst,80.59753233875446,1.061616057877052
2024-09-16,1,1,3,stillingspst,78.87723839254404,1.0389566584566121
2024-10-16,1,1,3,stillingspst,76.06325154127174,1.0018913347267302
2024-11-16,1,1,3,stillingspst,75.61769565734087,0.99602255354526
2024-12-16,1,1,3,stillingspst,76.29823806713758,1.0049865345672835
2025-01-16,1,1,3,stillingspst,76.16273704977503,1.0032017397762205
2025-02-16,1,1,3,stillingspst,75.67440202643161,0.9967694795399369
2025-03-16,1,1,3,stillingspst,75.63331797310236,0.9962283278511521
2025-04-16,1,1,3,stillingspst,75.81627482136156,0.9986382022278785
2025-05-16,1,1,3,stillingspst,74.7681832810885,0.9848329308133347
2025-06-16,1,1,3,stillingspst,74.15282270305431,0.9767275130409909
2025-07-16,1,1,3,stillingspst,73.77801584981596,0.9717906252423941
2025-08-16,1,1,3,stillingspst,81.44682835159622,1.0728028307094286
2025-09-16,1,1,3,stillingspst,78.67633766051553,1.0363104305018367
2025-10-16,1,1,3,stillingspst,75.86062931467627,0.999222431558176
2025-11-16,1,1,3,stillingspst,75.60457755163152,0.9958497642393611
2025-12-16,1,1,3,stillingspst,75.86873029152508,0.9993291361539326
2026-01-16,1,1,3,stillingspst,76.09101978910233,1.0022570930438977
2026-02-16,1,1,3,stillingspst,75.8952803845672,0.999678849157467
2021-01-16,1,1,4,stillingspst,77.64875208846948,1.1420446869413752
2021-02-16,1,1,4,stillingspst,71.97060706187766,1.0585314921393079
2021-03-16,1,1,4,stillingspst,69.84281858557772,1.0272363398163862
2021-04-16,1,1,4,stillingspst,70.01296453137324,1.0297388175532982
2021-05-16,1,1,4,stillingspst,74.40713722877247,1.0943675649264686
2021-06-16,1,1,4,stillingspst,73.22351692898329,1.0769590781398417
2021-07-16,1,1,4,stillingspst,80.20712283179171,1.17967277027887
2021-08-16,1,1,4,stillingspst,80.6157677080253,1.1856830498673516
2021-09-16,1,1,4,stillingspst,74.31004677498393,1.0929395749856181
2021-10-16,1,1,4,stillingspst,68.4285232143195,1.0064351231700328
2021-11-16,1,1,4,stillingspst,67.06295072384937,0.986350514397469
2021-12-16,1,1,4,stillingspst,66.50403049382508,0.9781300103719051
2022-01-16,1,1,4,stillingspst,74.3668048322984,1.0937743628740733
2022-02-16,1,1,4,stillingspst,70.38514300196705,1.0352127554274233
2022-03-16,1,1,4,stillingspst,68.48656760796422,1.0072888302752439
2022-04-16,1,1,4,stillingspst,68.75553854946348,1.0112448093015503
2022-05-16,1,1,4,stillingspst,70.92580610241822,1.0431647366851775
2022-06-16,1,1,4,stillingspst,73.61802422601355,1.082761424609231
2022-07-16,1,1,4,stillingspst,81.33579391146229,1.1962730732479834
2022-08-16,1,1,4,stillingspst,82.64613709763958,1.2155453787724637
2022-09-16,1,1,4,stillingspst,74.87071314228199,1.101185760902295
2022-10-16,1,1,4,stillingspst,67.99099280119101,1.0
2022-11-16,1,1,4,stillingspst,67.49899609079829,0.9927637957599568
2022-12-16,1,1,4,stillingspst,67.24826496758187,0.9890760848899367
2023-01-16,1,1,4,stillingspst,76.56993068096178,1.1261775645026393
2023-02-16,1,1,4,stillingspst,72.12932135074857,1.0608658350034428
2023-03-16,1,1,4,stillingspst,69.97858189795066,1.0292331236075851
2023-04-16,1,1,4,stillingspst,70.37760569782571,1.0351018980354247
2023-05-16,1,1,4,stillingspst,72.39413947656426,1.0647607351204338
2023-06-16,1,1,4,stillingspst,74.45025774286233,1.0950017741402678
2023-07-16,1,1,4,stillingspst,81.15517870300421,1.1936166153700083
2023-08-16,1,1,4,stillingspst,82.20618409420435,1.2090746245547443
2023-09-16,1,1,4,stillingspst,75.12773297332808,1.1049659650213557
2023-10-16,1,1,4,stillingspst,71.10448565368183,1.0457927252451633
2023-11-16,1,1,4,stillingspst,69.24437585499781,1.018434545550346
2023-12-16,1,1,4,stillingspst,69.33524159420506,1.0197709834440085
2024-01-16,1,1,4,stillingspst,75.30146262667398,1.1075211513216043
2024-02-16,1,1,4,stillingspst,72.3253082298813,1.0637483768087346
2024-03-16,1,1,4,stillingspst,71.55467787570058,1.052414076154616
2024-04-16,1,1,4,stillingspst,70.57908095836967,1.0380651620244221
2024-05-16,1,1,4,stillingspst,73.82105123586113,1.0857475114640185
2024-06-16,1,1,4,stillingspst,76.01373108866186,1.1179970751556714
2024-07-16,1,1,4,stillingspst,81.40535633356404,1.1972961855638333
2024-08-16,1,1,4,stillingspst,84.21791138993459,1.2386627687021996
2024-09-16,1,1,4,stillingspst,76.44754625165004,1.124377555056247
2024-10-16,1,1,4,stillingspst,72.65295671909394,1.068567375262996
2024-11-16,1,1,4,stillingspst,71.77862983480775,1.0557079236170586
2024-12-16,1,1,4,stillingspst,72.50462873921995,1.066385792471468
2025-01-16,1,1,4,stillingspst,76.7246149125692,1.128452633967498
2025-02-16,1,1,4,stillingspst,74.52795536731045,1.0961445376335928
2025-03-16,1,1,4,stillingspst,73.39942580462295,1.0795463160722842
2025-04-16,1,1,4,stillingspst,72.89047373706336,1.0720607353123768
2025-05-16,1,1,4,stillingspst,76.50107629449721,1.1251648658549538
2025-06-16,1,1,4,stillingspst,78.20874825363146,1.1502810156386105
2025-07-16,1,1,4,stillingspst,82.94699246398963,1.219970308516169
2025-08-16,1,1,4,stillingspst,83.87715811730185,1.2336510273142025
2025-09-16,1,1,4,stillingspst,76.51266919834377,1.125335372320133
2025-10-16,1,1,4,stillingspst,72.96146764526972,1.0731049016832659
2025-11-16,1,1,4,stillingspst,72.69348750633917,1.0691634952132334
2025-12-16,1,1,4,stillingspst,72.42241386120993,1.0651765899782728
2026-01-16,1,1,4,stillingspst,78.4956393368466,1.1545005610724304
2026-02-16,1,1,4,stillingspst,74.85926887274654,1.1010174405253752
2021-01-16,1,1,5,stillingspst,85.76759233982561,1.0307014591019625
2021-02-16,1,1,5,stillingspst,85.43815647781749,1.0267425042754479
2021-03-16,1,1,5,stillingspst,84.76207654699843,1.0186177971202817
2021-04-16,1,1,5,stillingspst,84.92073257573495,1.0205244263709448
2021-05-16,1,1,5,stillingspst,85.4387287079194,1.026749380980097
2021-06-16,1,1,5,stillingspst,84.25750928647855,1.0125542223195299
2021-07-16,1,1,5,stillingspst,84.62374896820151,1.0169554625086825
2021-08-16,1,1,5,stillingspst,86.82482809458234,1.0434066593450213
2021-09-16,1,1,5,stillingspst,84.19293976282263,1.0117782660354595
2021-10-16,1,1,5,stillingspst,80.21636427487589,0.9639902607313556
2021-11-16,1,1,5,stillingspst,82.65285774349992,0.9932705203806298
2021-12-16,1,1,5,stillingspst,82.69188566774199,0.993739533645018
2022-01-16,1,1,5,stillingspst,84.75863971304739,1.018576495392305
2022-02-16,1,1,5,stillingspst,83.89529259091577,1.0082013278702089
2022-03-16,1,1,5,stillingspst,83.67524402649683,1.0055569213964763
2022-04-16,1,1,5,stillingspst,84.06933720039784,1.010292887491368
2022-05-16,1,1,5,stillingspst,83.60241343598129,1.0046816887606551
2022-06-16,1,1,5,stillingspst,84.21108481787492,1.011996321995848
2022-07-16,1,1,5,stillingspst,86.11852514437109,1.0349187507831679
2022-08-16,1,1,5,stillingspst,86.51310931738348,1.039660617399302
2022-09-16,1,1,5,stillingspst,84.81907786620687,1.019302803441155
2022-10-16,1,1,5,stillingspst,83.21283683303783,1.0
2022-11-16,1,1,5,stillingspst,82.70239830198325,0.9938658679299837
2022-12-16,1,1,5,stillingspst,83.15554012385358,0.999311443866537
2023-01-16,1,1,5,stillingspst,84.59084694839537,1.0165600665450505
2023-02-16,1,1,5,stillingspst,83.68315403313623,1.0056519789253437
2023-03-16,1,1,5,stillingspst,83.04078322048552,0.9979323669387992
2023-04-16,1,1,5,stillingspst,83.26992459098156,1.0006860450877102
2023-05-16,1,1,5,stillingspst,82.60595299105272,0.9927068483051144
2023-06-16,1,1,5,stillingspst,82.93262043967471,0.9966325340653227
2023-07-16,1,1,5,stillingspst,84.81431148325196,1.0192455240220617
2023-08-16,1,1,5,stillingspst,86.69978372177489,1.0419039540225439
2023-09-16,1,1,5,stillingspst,84.0272279676139,1.0097868449817438
2023-10-16,1,1,5,stillingspst,81.23405123642748,0.9762201882315263
2023-11-16,1,1,5,stillingspst,83.3500816077872,1.0016493221475522
2023-12-16,1,1,5,stillingspst,83.7635222488646,1.0066177940421825
2024-01-16,1,1,5,stillingspst,84.54447692651172,1.0160028205281086
2024-02-16,1,1,5,stillingspst,84.22009944511039,1.012104654166443
2024-03-16,1,1,5,stillingspst,84.30362848963905,1.0131084541534119
2024-04-16,1,1,5,stillingspst,83.88629195438072,1.0080931638311303
2024-05-16,1,1,5,stillingspst,83.93412111645743,1.0086679448853164
2024-06-16,1,1,5,stillingspst,83.90005171597973,1.0082585200684933
2024-07-16,1,1,5,stillingspst,85.00196887009994,1.021500673515697
2024-08-16,1,1,5,stillingspst,86.9735141793658,1.045193476024301
2024-09-16,1,1,5,stillingspst,85.23935351941543,1.0243534142507809
2024-10-16,1,1,5,stillingspst,83.30647304926289,1.001125261675827
2024-11-16,1,1,5,stillingspst,83.7344441076298,1.0062683510674988
2024-12-16,1,1,5,stillingspst,83.92037537963976,1.008502757189033
2025-01-16,1,1,5,stillingspst,84.72623088134335,1.0181870262558417
2025-02-16,1,1,5,stillingspst,84.48070584377342,1.0152364594092556
2025-03-16,1,1,5,stillingspst,83.93217954616259,1.0086446123038455
2025-04-16,1,1,5,stillingspst,83.71123454206054,1.005989432976822
2025-05-16,1,1,5,stillingspst,83.28244798565771,1.0008365434381183
2025-06-16,1,1,5,stillingspst,84.12866768598715,1.0110058842818554
2025-07-16,1,1,5,stillingspst,85.36724224946835,1.0258903012855243
2025-08-16,1,1,5,stillingspst,87.18909920005233,1.0477842424119328
2025-09-16,1,1,5,stillingspst,84.42932323620161,1.0146189752622494
2025-10-16,1,1,5,stillingspst,81.67227692308332,0.9814865113534639
2025-11-16,1,1,5,stillingspst,84.17780885213169,1.011596432183054
2025-12-16,1,1,5,stillingspst,84.0605122568716,1.010186834821346
2026-01-16,1,1,5,stillingspst,85.14735977369756,1.0232478907616291
2026-02-16,1,1,5,stillingspst,84.49320783629064,1.0153867005618593
2021-01-16,1,1,all,stillingspst,66.15883048591691,1.0196981760995854
2021-02-16,1,1,all,stillingspst,65.4804912325407,1.009243013963796
2021-03-16,1,1,all,stillingspst,65.36237324647114,1.0074224755099712
2021-04-16,1,1,all,stillingspst,66.19769043654864,1.0202971198912374
2021-05-16,1,1,all,stillingspst,66.2403373481327,1.0209544316610972
2021-06-16,1,1,all,stillingspst,64.57308496109556,0.9952572691557632
2021-07-16,1,1,all,stillingspst,65.6208581672559,1.0114064728136958
2021-08-16,1,1,all,stillingspst,69.65778797904912,1.0736271912860975
2021-09-16,1,1,all,stillingspst,65.41287279537147,1.0082008190436962
2021-10-16,1,1,all,stillingspst,64.72385730844084,0.9975811053914561
2021-11-16,1,1,all,stillingspst,64.4686685120505,0.9936479108605207
2021-12-16,1,1,all,stillingspst,64.57083556574464,0.995222599493077
2022-01-16,1,1,all,stillingspst,65.15507357190596,1.0042273903111003
2022-02-16,1,1,all,stillingspst,65.03431011373102,1.0023660775107377
2022-03-16,1,1,all,stillingspst,64.71520284235348,0.9974477151362235
2022-04-16,1,1,all,stillingspst,65.92817656603033,1.0161431346985947
2022-05-16,1,1,all,stillingspst,64.57582856462234,0.9952995559902137
2022-06-16,1,1,all,stillingspst,64.75551269473256,0.9980690060908535
2022-07-16,1,1,all,stillingspst,66.57568870844428,1.0261231622440088
2022-08-16,1,1,all,stillingspst,69.46933573196975,1.0707225992427178
2022-09-16,1,1,all,stillingspst,65.41858333227181,1.0082888348689314
2022-10-16,1,1,all,stillingspst,64.88079711878952,1.0
2022-11-16,1,1,all,stillingspst,64.97799480373823,1.0014980963438342
2022-12-16,1,1,all,stillingspst,65.39043242056985,1.007854948219074
2023-01-16,1,1,all,stillingspst,65.72767461859648,1.0130528220585273
2023-02-16,1,1,all,stillingspst,65.57190635534238,1.0106519843658444
2023-03-16,1,1,all,stillingspst,64.9764097213189,1.0014736656572565
2023-04-16,1,1,all,stillingspst,66.56645372349416,1.0259808245206727
2023-05-16,1,1,all,stillingspst,65.2734402134706,1.0060517612624609
2023-06-16,1,1,all,stillingspst,64.42865502702332,0.9930311877805945
2023-07-16,1,1,all,stillingspst,66.56414383397404,1.0259452224685603
2023-08-16,1,1,all,stillingspst,71.36176114117939,1.0998903267252396
2023-09-16,1,1,all,stillingspst,68.44778569668941,1.054977570194909
2023-10-16,1,1,all,stillingspst,66.25540668899815,1.0211866936174023
2023-11-16,1,1,all,stillingspst,65.73527915030786,1.0131700298002486
2023-12-16,1,1,all,stillingspst,66.72208742193273,1.0283795881818778
2024-01-16,1,1,all,stillingspst,66.09446647820738,1.0187061413132112
2024-02-16,1,1,all,stillingspst,65.94689849913975,1.0164316936242062
2024-03-16,1,1,all,stillingspst,66.93148930855473,1.0316070745248493
2024-04-16,1,1,all,stillingspst,65.66246281400174,1.0120477202797167
2024-05-16,1,1,all,stillingspst,66.36171809497591,1.0228252586581974
2024-06-16,1,1,all,stillingspst,65.840909742477,1.0147981015388825
2024-07-16,1,1,all,stillingspst,65.68144932200967,1.0123403570667335
2024-08-16,1,1,all,stillingspst,71.3044110237753,1.0990063961949306
2024-09-16,1,1,all,stillingspst,68.23388017148545,1.051680669806766
2024-10-16,1,1,all,stillingspst,66.42871657080254,1.0238578981879485
2024-11-16,1,1,all,stillingspst,66.34739793425318,1.0226045437262197
2024-12-16,1,1,all,stillingspst,67.50008598732767,1.0403707874264017
2025-01-16,1,1,all,stillingspst,66.39781319762403,1.0233815881771156
2025-02-16,1,1,all,stillingspst,66.4250237499491,1.023800981179875
2025-03-16,1,1,all,stillingspst,66.54152190310495,1.0255965533418898
2025-04-16,1,1,all,stillingspst,66.8917314296015,1.0309942910709033
2025-05-16,1,1,all,stillingspst,65.79754984484163,1.0141298005999162
2025-06-16,1,1,all,stillingspst,66.07734119274384,1.0184421913276371
2025-07-16,1,1,all,stillingspst,65.6942496093688,1.012537646371544
2025-08-16,1,1,all,stillingspst,72.01002454552169,1.1098819333812955
2025-09-16,1,1,all,stillingspst,67.80813019229872,1.0451186360757803
2025-10-16,1,1,all,stillingspst,66.11982268610501,1.0190969535261254
2025-11-16,1,1,all,stillingspst,66.67905848252124,1.0277163882626057
2025-12-16,1,1,all,stillingspst,67.1048817518859,1.0342795516063763
2026-01-16,1,1,all,stillingspst,66.60612417159366,1.0265922604132818
2026-02-16,1,1,all,stillingspst,66.47047588369523,1.0245015295048732
2021-01-16,1,1,1,timelonn,8310.028131420817,0.904183690322593
2021-02-16,1,1,1,timelonn,8294.052753046275,0.9024454679791118
2021-03-16,1,1,1,timelonn,8613.087185114897,0.937158434718306
2021-04-16,1,1,1,timelonn,8637.96726100425,0.9398655445472226
2021-05-16,1,1,1,timelonn,8356.666849840936,0.9092582782621419
2021-06-16,1,1,1,timelonn,8599.580927423101,0.9356888683427073
2021-07-16,1,1,1,timelonn,8988.716743245875,0.9780293096051089
2021-08-16,1,1,1,timelonn,11861.26159585893,1.290580382161919
2021-09-16,1,1,1,timelonn,9704.208279334354,1.055879320130218
2021-10-16,1,1,1,timelonn,8579.904385169304,0.9335479359287053
2021-11-16,1,1,1,timelonn,8765.324206140456,0.9537227867635347
2021-12-16,1,1,1,timelonn,9379.313189978888,1.0205286767611097
2022-01-16,1,1,1,timelonn,9253.172106617534,1.006803728006278
2022-02-16,1,1,1,timelonn,9086.06677308287,0.9886216093950712
2022-03-16,1,1,1,timelonn,8701.07300051615,0.9467318486715924
2022-04-16,1,1,1,timelonn,9177.448987569695,0.9985645730791689
2022-05-16,1,1,1,timelonn,8649.376957093524,0.9411069917423831
2022-06-16,1,1,1,timelonn,8518.72471377833,0.926891200214195
2022-07-16,1,1,1,timelonn,9570.980365863477,1.0413832793766855
2022-08-16,1,1,1,timelonn,11690.398433691482,1.2719893879961344
2022-09-16,1,1,1,timelonn,9940.153578970649,1.0815516630351436
2022-10-16,1,1,1,timelonn,9190.641481772338,1.0
2022-11-16,1,1,1,timelonn,8992.73185361416,0.9784661790419429
2022-12-16,1,1,1,timelonn,9900.030987858416,1.0771860710150645
2023-01-16,1,1,1,timelonn,9200.769684803377,1.0011020126343875
2023-02-16,1,1,1,timelonn,9039.36355156944,0.9835400031104549
2023-03-16,1,1,1,timelonn,8756.402148948062,0.9527520104352349
2023-04-16,1,1,1,timelonn,9201.552526339114,1.0011871907514198
2023-05-16,1,1,1,timelonn,8395.42568824653,0.9134754853507291
2023-06-16,1,1,1,timelonn,9157.75441032063,0.9964216783434613
2023-07-16,1,1,1,timelonn,10587.40284073854,1.1519764819176526
2023-08-16,1,1,1,timelonn,13693.832090649708,1.4899756581527503
2023-09-16,1,1,1,timelonn,11582.251997571419,1.2602223708260545
2023-10-16,1,1,1,timelonn,9978.680974078092,1.0857436876270998
2023-11-16,1,1,1,timelonn,10672.829803770032,1.1612714765272147
2023-12-16,1,1,1,timelonn,10295.230565745434,1.120186287993478
2024-01-16,1,1,1,timelonn,9732.38028017372,1.0589446122423343
2024-02-16,1,1,1,timelonn,9317.56342990871,1.0138099117877784
2024-03-16,1,1,1,timelonn,9757.976674578744,1.0617296620623917
2024-04-16,1,1,1,timelonn,9585.467019880576,1.0429595190815886
2024-05-16,1,1,1,timelonn,9664.48642169258,1.0515573304496766
2024-06-16,1,1,1,timelonn,9678.317426272559,1.0530622313434184
2024-07-16,1,1,1,timelonn,10616.48904974231,1.1551412456679802
2024-08-16,1,1,1,timelonn,15184.95316446661,1.652219074651394
2024-09-16,1,1,1,timelonn,11443.288355581473,1.2451022464837493
2024-10-16,1,1,1,timelonn,10838.84250332893,1.179334709641916
2024-11-16,1,1,1,timelonn,10717.151175301125,1.1660939224488618
2024-12-16,1,1,1,timelonn,10742.71949945756,1.1688759180480965
2025-01-16,1,1,1,timelonn,10085.187338409865,1.0973322545996018
2025-02-16,1,1,1,timelonn,10095.290688534556,1.0984315630803787
2025-03-16,1,1,1,timelonn,9962.553708943233,1.0839889390421569
2025-04-16,1,1,1,timelonn,10153.77878290809,1.1047954381689165
2025-05-16,1,1,1,timelonn,9635.26073867397,1.0483773910432082
2025-06-16,1,1,1,timelonn,10713.426601463972,1.1656886652266603
2025-07-16,1,1,1,timelonn,10674.864556681398,1.161492870530604
2025-08-16,1,1,1,timelonn,15252.566097768087,1.6595757900053303
2025-09-16,1,1,1,timelonn,11877.189514308087,1.2923134405649421
2025-10-16,1,1,1,timelonn,10966.4465289026,1.1932188357746507
2025-11-16,1,1,1,timelonn,11386.535017932114,1.2389271239134787
2025-12-16,1,1,1,timelonn,11726.506030882776,1.2759181232495882
2026-01-16,1,1,1,timelonn,10648.848428218147,1.1586621509867236
2026-02-16,1,1,1,timelonn,10914.608899986879,1.187578573447094
2021-01-16,1,1,2,timelonn,7317.398295050934,0.9815718480881475
2021-02-16,1,1,2,timelonn,6958.549839124765,0.9334351295627584
2021-03-16,1,1,2,timelonn,7246.943900795872,0.972120941196603
2021-04-16,1,1,2,timelonn,7349.821412526363,0.9859211561424405
2021-05-16,1,1,2,timelonn,7074.7463498620855,0.9490219842325345
2021-06-16,1,1,2,timelonn,7141.43151474971,0.9579672784340376
2021-07-16,1,1,2,timelonn,8177.720961463011,1.096977416511746
2021-08-16,1,1,2,timelonn,11607.665776010148,1.5570777328676917
2021-09-16,1,1,2,timelonn,8898.4128482871,1.1936526060706507
2021-10-16,1,1,2,timelonn,7377.275622340876,0.9896039240305378
2021-11-16,1,1,2,timelonn,7413.751117033612,0.9944968268481544
2021-12-16,1,1,2,timelonn,8133.256218843981,1.0910128184637151
2022-01-16,1,1,2,timelonn,7503.357618411591,1.0065168393733417
2022-02-16,1,1,2,timelonn,7448.381564705144,0.9991422310137383
2022-03-16,1,1,2,timelonn,7525.361911575286,1.0094685434948967
2022-04-16,1,1,2,timelonn,7610.311506864013,1.0208638684286633
2022-05-16,1,1,2,timelonn,6889.290231749559,0.9241444940024227
2022-06-16,1,1,2,timelonn,7406.142715966607,0.9934762192503165
2022-07-16,1,1,2,timelonn,8454.804284459517,1.1341459808650127
2022-08-16,1,1,2,timelonn,11606.982690979354,1.5569861023442402
2022-09-16,1,1,2,timelonn,8899.84838582195,1.1938451722224803
2022-10-16,1,1,2,timelonn,7454.776040392119,1.0
2022-11-16,1,1,2,timelonn,7614.104974675507,1.0213727325167246
2022-12-16,1,1,2,timelonn,8261.004774359728,1.1081492897438139
2023-01-16,1,1,2,timelonn,7774.429028714501,1.042878952578912
2023-02-16,1,1,2,timelonn,7418.732543691839,0.9951650463400931
2023-03-16,1,1,2,timelonn,7246.609086536619,0.9720760284779056
2023-04-16,1,1,2,timelonn,7573.01048437232,1.0158602275024189
2023-05-16,1,1,2,timelonn,7067.85910328103,0.9480981138783161
2023-06-16,1,1,2,timelonn,7680.8997022235635,1.0303327236936752
2023-07-16,1,1,2,timelonn,9147.193920546173,1.227024644467392
2023-08-16,1,1,2,timelonn,13087.807900006921,1.7556272420651426
2023-09-16,1,1,2,timelonn,10064.544934254944,1.3500801204117128
2023-10-16,1,1,2,timelonn,8170.246170106504,1.095974731613366
2023-11-16,1,1,2,timelonn,8266.723988944557,1.1089164777255642
2023-12-16,1,1,2,timelonn,8572.832016092509,1.149978479520034
2024-01-16,1,1,2,timelonn,8036.681671159148,1.0780580969319664
2024-02-16,1,1,2,timelonn,7884.99262875624,1.0577101962598319
2024-03-16,1,1,2,timelonn,8027.952993728737,1.076887213006934
2024-04-16,1,1,2,timelonn,7751.635890130652,1.0398214310034346
2024-05-16,1,1,2,timelonn,7907.859065114622,1.060777550159464
2024-06-16,1,1,2,timelonn,8013.12293849128,1.0748978768877666
2024-07-16,1,1,2,timelonn,9389.32108137931,1.259504112599127
2024-08-16,1,1,2,timelonn,13766.43107605883,1.8466592425403996
2024-09-16,1,1,2,timelonn,10229.099802527928,1.3721538711698011
2024-10-16,1,1,2,timelonn,8520.873355969687,1.143008630950299
2024-11-16,1,1,2,timelonn,8418.741045777702,1.1293083789724256
2024-12-16,1,1,2,timelonn,9011.429841528072,1.2088129532935068
2025-01-16,1,1,2,timelonn,8378.00498007849,1.1238439538202154
2025-02-16,1,1,2,timelonn,8140.940399912614,1.0920435913570923
2025-03-16,1,1,2,timelonn,8289.239718738438,1.111936787077835
2025-04-16,1,1,2,timelonn,8335.051691582361,1.1180821055415555
2025-05-16,1,1,2,timelonn,7817.658870065316,1.048677898263743
2025-06-16,1,1,2,timelonn,8546.07632166521,1.146389412017224
2025-07-16,1,1,2,timelonn,9553.529418248878,1.2815313788751144
2025-08-16,1,1,2,timelonn,14290.267611753898,1.9169278237636007
2025-09-16,1,1,2,timelonn,10294.32912054988,1.3809038748813172
2025-10-16,1,1,2,timelonn,8704.59756470818,1.1676537990603832
2025-11-16,1,1,2,timelonn,8878.475101531472,1.190978113014441
2025-12-16,1,1,2,timelonn,9294.950942445028,1.2468450952895582
2026-01-16,1,1,2,timelonn,8816.339823226708,1.1826431505731687
2026-02-16,1,1,2,timelonn,8565.689441117771,1.1490203588553705
2021-01-16,1,1,3,timelonn,6395.225059206814,0.9403851643536705
2021-02-16,1,1,3,timelonn,5950.345649481986,0.8749679205571661
2021-03-16,1,1,3,timelonn,6315.107881692398,0.9286043428115135
2021-04-16,1,1,3,timelonn,6758.460074423775,0.9937970171534491
2021-05-16,1,1,3,timelonn,6658.808236208306,0.979143723580381
2021-06-16,1,1,3,timelonn,6516.499689734387,0.9582179790403748
2021-07-16,1,1,3,timelonn,7381.3221609741195,1.085385704057763
2021-08-16,1,1,3,timelonn,9801.382410794493,1.4412431969065571
2021-09-16,1,1,3,timelonn,7297.733968501257,1.073094487503397
2021-10-16,1,1,3,timelonn,6537.083301099115,0.9612446939060768
2021-11-16,1,1,3,timelonn,5986.737053565377,0.8803190905618485
2021-12-16,1,1,3,timelonn,7395.293548720319,1.08744012522986
2022-01-16,1,1,3,timelonn,7028.971850966233,1.0335743915364288
2022-02-16,1,1,3,timelonn,6971.272090932172,1.02508993667824
2022-03-16,1,1,3,timelonn,6891.72820772106,1.01339341513376
2022-04-16,1,1,3,timelonn,6827.747247477593,1.003985341882696
2022-05-16,1,1,3,timelonn,5998.10583324079,0.8819908115168714
2022-06-16,1,1,3,timelonn,6381.868990890359,0.9384212227593388
2022-07-16,1,1,3,timelonn,7555.615033675379,1.1110145803245783
2022-08-16,1,1,3,timelonn,9113.474816908956,1.3400899005413434
2022-09-16,1,1,3,timelonn,7391.187081717525,1.0868362902417892
2022-10-16,1,1,3,timelonn,6800.6443547014815,1.0
2022-11-16,1,1,3,timelonn,7016.695937099205,1.0317692811341268
2022-12-16,1,1,3,timelonn,8084.769152198676,1.188823989392923
2023-01-16,1,1,3,timelonn,7229.233432590464,1.063021833746193
2023-02-16,1,1,3,timelonn,7347.216909026838,1.0803707010420998
2023-03-16,1,1,3,timelonn,7003.211710154438,1.0297864944684125
2023-04-16,1,1,3,timelonn,7251.212269481368,1.066253709395698
2023-05-16,1,1,3,timelonn,6749.057389758757,0.992414400422651
2023-06-16,1,1,3,timelonn,7361.455438705527,1.082464404070232
2023-07-16,1,1,3,timelonn,8543.555125278264,1.256286122266026
2023-08-16,1,1,3,timelonn,12055.135676135715,1.772646097542456
2023-09-16,1,1,3,timelonn,9412.941297358928,1.3841249161708464
2023-10-16,1,1,3,timelonn,7945.515626271099,1.1683474700126224
2023-11-16,1,1,3,timelonn,7553.430919613482,1.1106934175129417
2023-12-16,1,1,3,timelonn,8821.729581490668,1.2971902545369767
2024-01-16,1,1,3,timelonn,7844.899256056201,1.153552346937948
2024-02-16,1,1,3,timelonn,8189.587964364245,1.2042370600813064
2024-03-16,1,1,3,timelonn,7904.2133636911985,1.162274183361285
2024-04-16,1,1,3,timelonn,7314.213612503468,1.0755177349403577
2024-05-16,1,1,3,timelonn,7460.120457767883,1.0969725909296355
2024-06-16,1,1,3,timelonn,7843.0479389839675,1.1532801202229965
2024-07-16,1,1,3,timelonn,8435.874707747516,1.2404522671319451
2024-08-16,1,1,3,timelonn,11134.8248852889,1.6373190986808586
2024-09-16,1,1,3,timelonn,8742.154638690698,1.2854891658386745
2024-10-16,1,1,3,timelonn,7926.917352732272,1.1656126889288314
2024-11-16,1,1,3,timelonn,7861.808480953302,1.1560387620502766
2024-12-16,1,1,3,timelonn,9289.415963181333,1.3659611470138548
2025-01-16,1,1,3,timelonn,7958.105024796335,1.170198676731958
2025-02-16,1,1,3,timelonn,7730.850874633803,1.1367821152548938
2025-03-16,1,1,3,timelonn,7916.270787917597,1.1640471659784488
2025-04-16,1,1,3,timelonn,7959.8191919047185,1.1704507362455834
2025-05-16,1,1,3,timelonn,7967.248930819441,1.1715432413858624
2025-06-16,1,1,3,timelonn,8152.593992847648,1.1987972856147853
2025-07-16,1,1,3,timelonn,8668.87891974918,1.2747143458187362
2025-08-16,1,1,3,timelonn,12014.860970054566,1.7667239078232853
2025-09-16,1,1,3,timelonn,8990.542733006381,1.3220133658056916
2025-10-16,1,1,3,timelonn,8628.70946567973,1.2688076328700317
2025-11-16,1,1,3,timelonn,8357.491899719804,1.2289264757599079
2025-12-16,1,1,3,timelonn,9545.18381183192,1.4035705021441178
2026-01-16,1,1,3,timelonn,8515.799039648718,1.2522047317121503
2026-02-16,1,1,3,timelonn,8447.105456443813,1.2421036913368488
2021-01-16,1,1,4,timelonn,7740.122139983995,1.088358045936093
2021-02-16,1,1,4,timelonn,6904.0563356734,0.9707967299004073
2021-03-16,1,1,4,timelonn,7197.3845415423475,1.0120423468536983
2021-04-16,1,1,4,timelonn,8025.041737259834,1.1284213072815623
2021-05-16,1,1,4,timelonn,8330.923392022256,1.1714320962644886
2021-06-16,1,1,4,timelonn,7873.854416777395,1.1071624778064344
2021-07-16,1,1,4,timelonn,10887.739915651184,1.5309524998378163
2021-08-16,1,1,4,timelonn,12760.683178786448,1.7943117638324904
2021-09-16,1,1,4,timelonn,9970.568206686652,1.4019866785105357
2021-10-16,1,1,4,timelonn,7178.890301099419,1.0094418251790391
2021-11-16,1,1,4,timelonn,7253.610574220103,1.0199484307564037
2021-12-16,1,1,4,timelonn,8070.771944825426,1.1348515468108886
2022-01-16,1,1,4,timelonn,7392.138025786146,1.0394271242147524
2022-02-16,1,1,4,timelonn,7217.790007046256,1.0149116106922527
2022-03-16,1,1,4,timelonn,7623.428051113453,1.071949396532571
2022-04-16,1,1,4,timelonn,7599.879366745404,1.068638156782131
2022-05-16,1,1,4,timelonn,7241.8887548986395,1.0183001962530203
2022-06-16,1,1,4,timelonn,7664.375282919688,1.0777070898078374
2022-07-16,1,1,4,timelonn,10546.466040751586,1.4829651217451583
2022-08-16,1,1,4,timelonn,14581.57197762999,2.050351518649638
2022-09-16,1,1,4,timelonn,10847.203595526875,1.5252525858878765
2022-10-16,1,1,4,timelonn,7111.742471960817,1.0
2022-11-16,1,1,4,timelonn,7073.673915074804,0.9946470844471514
2022-12-16,1,1,4,timelonn,8536.90332189267,1.2003954523874814
2023-01-16,1,1,4,timelonn,7987.398477717665,1.1231281938581523
2023-02-16,1,1,4,timelonn,7765.547968125508,1.0919332355948523
2023-03-16,1,1,4,timelonn,7247.74172733527,1.0191231974316635
2023-04-16,1,1,4,timelonn,7512.865393383748,1.0564029030866096
2023-05-16,1,1,4,timelonn,7792.001193251554,1.0956528901282303
2023-06-16,1,1,4,timelonn,7854.889361542335,1.1044957536794244
2023-07-16,1,1,4,timelonn,11114.327939537754,1.5628136119042233
2023-08-16,1,1,4,timelonn,16943.609563230202,2.3824835657411803
2023-09-16,1,1,4,timelonn,10948.078090683035,1.5394368024218517
2023-10-16,1,1,4,timelonn,8082.014177489504,1.1364323454278804
2023-11-16,1,1,4,timelonn,7806.158645614393,1.097643605120886
2023-12-16,1,1,4,timelonn,8206.543102835374,1.1539426708983043
2024-01-16,1,1,4,timelonn,8203.139297754384,1.1534640533029104
2024-02-16,1,1,4,timelonn,8200.264213271246,1.1530597804408835
2024-03-16,1,1,4,timelonn,7888.2074946105595,1.1091807001886078
2024-04-16,1,1,4,timelonn,7754.587479990536,1.090392053784883
2024-05-16,1,1,4,timelonn,7660.312685960441,1.0771358378291185
2024-06-16,1,1,4,timelonn,9023.588304745968,1.2688294521803776
2024-07-16,1,1,4,timelonn,11516.578902003877,1.61937513167973
2024-08-16,1,1,4,timelonn,18239.537802631265,2.5647072956513206
2024-09-16,1,1,4,timelonn,11452.431152921521,1.610355155304704
2024-10-16,1,1,4,timelonn,9362.965475712295,1.3165501299614384
2024-11-16,1,1,4,timelonn,8693.886585223778,1.2224692639674197
2024-12-16,1,1,4,timelonn,9289.077332926872,1.306160532323906
2025-01-16,1,1,4,timelonn,9023.970650312714,1.268883214752385
2025-02-16,1,1,4,timelonn,8532.350256708822,1.19975523443783
2025-03-16,1,1,4,timelonn,8302.926148509541,1.1674953334214726
2025-04-16,1,1,4,timelonn,8449.0435228483,1.1880412650148688
2025-05-16,1,1,4,timelonn,9014.365751751859,1.26753264580269
2025-06-16,1,1,4,timelonn,9657.997054426769,1.3580352624557157
2025-07-16,1,1,4,timelonn,13520.314713666095,1.9011254649577232
2025-08-16,1,1,4,timelonn,20324.095796307727,2.85782223926678
2025-09-16,1,1,4,timelonn,11982.9109601533,1.6849472555281415
2025-10-16,1,1,4,timelonn,8838.209761661012,1.2427629088802172
2025-11-16,1,1,4,timelonn,10018.233103410923,1.4086889595495633
2025-12-16,1,1,4,timelonn,10257.501475164447,1.4423330872295064
2026-01-16,1,1,4,timelonn,9424.78316268746,1.3252424704418326
2026-02-16,1,1,4,timelonn,9333.92502800141,1.3124666795517277
2021-01-16,1,1,5,timelonn,8078.104841461935,1.0444958755572546
2021-02-16,1,1,5,timelonn,8295.501688090326,1.0726052049258263
2021-03-16,1,1,5,timelonn,7893.03135346225,1.020565944133428
2021-04-16,1,1,5,timelonn,8479.121765126258,1.0963472108662724
2021-05-16,1,1,5,timelonn,8574.102827335993,1.108628225990627
2021-06-16,1,1,5,timelonn,7686.8367865900655,0.9939050652655406
2021-07-16,1,1,5,timelonn,11357.63116351312,1.468537378408559
2021-08-16,1,1,5,timelonn,14273.273604453678,1.8455288341930027
2021-09-16,1,1,5,timelonn,11147.245184503385,1.4413345515496077
2021-10-16,1,1,5,timelonn,8203.694129185691,1.0607345225686613
2021-11-16,1,1,5,timelonn,7703.419691435324,0.9960492285384323
2021-12-16,1,1,5,timelonn,8279.494849639097,1.07053552681801
2022-01-16,1,1,5,timelonn,8344.76455440336,1.0789748747545707
2022-02-16,1,1,5,timelonn,8618.178032243777,1.1143271331778961
2022-03-16,1,1,5,timelonn,8834.893827827347,1.1423484029060795
2022-04-16,1,1,5,timelonn,8276.715550912617,1.070176164552513
2022-05-16,1,1,5,timelonn,7586.714595393996,0.9809593041237326
2022-06-16,1,1,5,timelonn,7812.594255304952,1.0101654580149677
2022-07-16,1,1,5,timelonn,12074.527687517306,1.5612318255863689
2022-08-16,1,1,5,timelonn,15572.262519303493,2.013487605536416
2022-09-16,1,1,5,timelonn,10883.508276917182,1.4072334699701614
2022-10-16,1,1,5,timelonn,7733.974858591128,1.0
2022-11-16,1,1,5,timelonn,7772.999309367516,1.0050458466040961
2022-12-16,1,1,5,timelonn,7916.1230817523,1.0235516957957054
2023-01-16,1,1,5,timelonn,8858.247687071838,1.145368048000807
2023-02-16,1,1,5,timelonn,8733.739222163464,1.1292691509672763
2023-03-16,1,1,5,timelonn,8052.259496406996,1.0411540822973206
2023-04-16,1,1,5,timelonn,7913.895040203171,1.0232636108730278
2023-05-16,1,1,5,timelonn,7546.654423153737,0.975779539129312
2023-06-16,1,1,5,timelonn,7524.702170571429,0.9729411212415265
2023-07-16,1,1,5,timelonn,11871.23350192548,1.5349459649120223
2023-08-16,1,1,5,timelonn,17192.166971522962,2.222940633486207
2023-09-16,1,1,5,timelonn,12393.580808137262,1.6024852724172105
2023-10-16,1,1,5,timelonn,8867.15375127707,1.1465195987063719
2023-11-16,1,1,5,timelonn,8996.828163013895,1.1632864506948781
2023-12-16,1,1,5,timelonn,9009.48230158593,1.164922625986808
2024-01-16,1,1,5,timelonn,8711.678301703289,1.1264166823643211
2024-02-16,1,1,5,timelonn,8944.524815029676,1.156523647745484
2024-03-16,1,1,5,timelonn,8603.829216519547,1.1124718367764228
2024-04-16,1,1,5,timelonn,8667.473902440732,1.120701070396246
2024-05-16,1,1,5,timelonn,8392.534851272578,1.0851515559233944
2024-06-16,1,1,5,timelonn,9115.216048547038,1.178593959149167
2024-07-16,1,1,5,timelonn,13385.03397692724,1.7306797890684564
2024-08-16,1,1,5,timelonn,18043.28162385203,2.3329894334746926
2024-09-16,1,1,5,timelonn,12985.867755487914,1.6790677488513979
2024-10-16,1,1,5,timelonn,8253.857757810336,1.067220660620807
2024-11-16,1,1,5,timelonn,8814.879780334672,1.1397605941972828
2024-12-16,1,1,5,timelonn,8641.193092266014,1.1173029716623815
2025-01-16,1,1,5,timelonn,8068.570155427941,1.0432630442889448
2025-02-16,1,1,5,timelonn,8118.903724459799,1.049771155570939
2025-03-16,1,1,5,timelonn,6900.297867117376,0.8922058829105606
2025-04-16,1,1,5,timelonn,8375.365387551932,1.0829315508115893
2025-05-16,1,1,5,timelonn,7801.485806253261,1.0087291397885965
2025-06-16,1,1,5,timelonn,8241.222967816397,1.0655869870926464
2025-07-16,1,1,5,timelonn,13759.525269768617,1.7791013704271523
2025-08-16,1,1,5,timelonn,19599.511413105414,2.534209351784186
2025-09-16,1,1,5,timelonn,12532.955660063082,1.6205063876230608
2025-10-16,1,1,5,timelonn,9081.72708176311,1.174263848514436
2025-11-16,1,1,5,timelonn,8702.448676647466,1.125223295364159
2025-12-16,1,1,5,timelonn,8683.321944881443,1.1227502162404566
2026-01-16,1,1,5,timelonn,8862.94984334313,1.1459760350136001
2026-02-16,1,1,5,timelonn,9521.04182383284,1.231067077139071
2021-01-16,1,1,all,timelonn,7190.928881610746,0.9690393383034606
2021-02-16,1,1,all,timelonn,6850.10708027901,0.9231106775866937
2021-03-16,1,1,all,timelonn,7118.889820845318,0.9593314570372928
2021-04-16,1,1,all,timelonn,7447.942476344789,1.0036741244175296
2021-05-16,1,1,all,timelonn,7314.90895155266,0.9857467160174254
2021-06-16,1,1,all,timelonn,7202.698878894511,0.9706254463803823
2021-07-16,1,1,all,timelonn,8471.865145707625,1.1416564855740512
2021-08-16,1,1,all,timelonn,11311.9926759129,1.5243880280324544
2021-09-16,1,1,all,timelonn,8709.945820139767,1.1737398983031848
2021-10-16,1,1,all,timelonn,7268.982345635346,0.9795577119900807
2021-11-16,1,1,all,timelonn,7049.100410298886,0.9499267354317923
2021-12-16,1,1,all,timelonn,8013.096151530151,1.0798334290717455
2022-01-16,1,1,all,timelonn,7627.443968375783,1.0278634899259305
2022-02-16,1,1,all,timelonn,7559.715962124701,1.0187365602284337
2022-03-16,1,1,all,timelonn,7554.408170170597,1.018021289741444
2022-04-16,1,1,all,timelonn,7572.18198699088,1.0204164639914217
2022-05-16,1,1,all,timelonn,6870.393666550697,0.9258444690704928
2022-06-16,1,1,all,timelonn,7221.981487141475,0.9732239432149411
2022-07-16,1,1,all,timelonn,8753.842547605389,1.1796553588003333
2022-08-16,1,1,all,timelonn,11293.471355118414,1.5218921212111407
2022-09-16,1,1,all,timelonn,8825.062032613654,1.1892527952043024
2022-10-16,1,1,all,timelonn,7420.677982175852,1.0
2022-11-16,1,1,all,timelonn,7522.0743385641435,1.0136640286280905
2022-12-16,1,1,all,timelonn,8392.090162086106,1.1309061223574914
2023-01-16,1,1,all,timelonn,7861.572195638036,1.0594142765015802
2023-02-16,1,1,all,timelonn,7734.579911216834,1.0423009770529001
2023-03-16,1,1,all,timelonn,7410.452809245067,0.9986220702535071
2023-04-16,1,1,all,timelonn,7670.815742839754,1.0337082085039564
2023-05-16,1,1,all,timelonn,7213.889428018663,0.9721334688482797
2023-06-16,1,1,all,timelonn,7736.752011395663,1.042593686180563
2023-07-16,1,1,all,timelonn,9506.800814293054,1.2811229428265152
2023-08-16,1,1,all,timelonn,13462.954642028188,1.814248600244563
2023-09-16,1,1,all,timelonn,10311.263015623916,1.3895311237586545
2023-10-16,1,1,all,timelonn,8358.678688870299,1.1264036397951083
2023-11-16,1,1,all,timelonn,8309.29204664362,1.1197483662007948
2023-12-16,1,1,all,timelonn,8880.204622730645,1.1966837321415258
2024-01-16,1,1,all,timelonn,8247.698074010677,1.111448050140606
2024-02-16,1,1,all,timelonn,8298.094805748198,1.1182394419593282
2024-03-16,1,1,all,timelonn,8232.887872725616,1.109452248500832
2024-04-16,1,1,all,timelonn,7891.792153475963,1.063486674995426
2024-05-16,1,1,all,timelonn,7966.256979370738,1.0735214489168434
2024-06-16,1,1,all,timelonn,8333.169214969092,1.1229660194102216
2024-07-16,1,1,all,timelonn,9700.171597899945,1.3071813143218638
2024-08-16,1,1,all,timelonn,13706.891918769672,1.8471212403628126
2024-09-16,1,1,all,timelonn,10183.32057855651,1.3722897830921117
2024-10-16,1,1,all,timelonn,8622.932793765991,1.1620141467501897
2024-11-16,1,1,all,timelonn,8544.09321887677,1.1513898378826453
2024-12-16,1,1,all,timelonn,9311.819509730602,1.2548475398201067
2025-01-16,1,1,all,timelonn,8436.726048099581,1.1369211908082029
2025-02-16,1,1,all,timelonn,8234.444623600153,1.109662034032326
2025-03-16,1,1,all,timelonn,8198.06542092674,1.104759624473416
2025-04-16,1,1,all,timelonn,8414.141105615536,1.1338776761134144
2025-05-16,1,1,all,timelonn,8189.156594147724,1.103559083660243
2025-06-16,1,1,all,timelonn,8710.58857231105,1.1738265146706954
2025-07-16,1,1,all,timelonn,10035.593405075602,1.3523822795141716
2025-08-16,1,1,all,timelonn,14545.067630305979,1.9600726059320461
2025-09-16,1,1,all,timelonn,10352.00880697494,1.3950219685910126
2025-10-16,1,1,all,timelonn,8996.37568998113,1.2123387797705327
2025-11-16,1,1,all,timelonn,9055.672312025285,1.2203295081361323
2025-12-16,1,1,all,timelonn,9704.289080082945,1.3077361803587526
2026-01-16,1,1,all,timelonn,8972.857391757163,1.2091694873850583
2026-02-16,1,1,all,timelonn,8952.282462517873,1.2063968392134612
2021-01-16,1,2,1,kontantlonn,32297.86065197519,0.9296312771309814
2021-02-16,1,2,1,kontantlonn,32310.653328354347,0.9299994895091456
2021-03-16,1,2,1,kontantlonn,31609.272735671813,0.909811609477207
2021-04-16,1,2,1,kontantlonn,31740.002142430203,0.9135744019009195
2021-05-16,1,2,1,kontantlonn,35915.63549491525,1.0337619093067392
2021-06-16,1,2,1,kontantlonn,41893.09195702389,1.2058114002851783
2021-07-16,1,2,1,kontantlonn,32095.615781139277,0.9238100507781183
2021-08-16,1,2,1,kontantlonn,31704.356149092986,0.9125484011181508
2021-09-16,1,2,1,kontantlonn,32420.59638833838,0.9331639872561007
2021-10-16,1,2,1,kontantlonn,32303.48528403992,0.9297931712559847
2021-11-16,1,2,1,kontantlonn,32610.409250979013,0.9386273823649562
2021-12-16,1,2,1,kontantlonn,33471.94374619107,0.9634249818625379
2022-01-16,1,2,1,kontantlonn,34018.92101182542,0.9791686615908165
2022-02-16,1,2,1,kontantlonn,34400.38064554949,0.9901482373061864
2022-03-16,1,2,1,kontantlonn,35946.00550532295,1.0346360511536563
2022-04-16,1,2,1,kontantlonn,34515.57197130176,0.993463796204263
2022-05-16,1,2,1,kontantlonn,38378.09301962821,1.1046389732165343
2022-06-16,1,2,1,kontantlonn,42230.35552623823,1.215518878001951
2022-07-16,1,2,1,kontantlonn,34729.224672108416,0.9996133748173351
2022-08-16,1,2,1,kontantlonn,33225.91510601776,0.9563435246279663
2022-09-16,1,2,1,kontantlonn,34475.49099619829,0.9923101430730047
2022-10-16,1,2,1,kontantlonn,34742.65705823982,1.0
2022-11-16,1,2,1,kontantlonn,34164.27411276129,0.983352368688757
2022-12-16,1,2,1,kontantlonn,35440.717753062534,1.0200923232109893
2023-01-16,1,2,1,kontantlonn,35831.250469459934,1.0313330500138571
2023-02-16,1,2,1,kontantlonn,35409.05573730985,1.0191809934960625
2023-03-16,1,2,1,kontantlonn,35662.05976416967,1.0264632237076352
2023-04-16,1,2,1,kontantlonn,34770.94730836986,1.000814279981022
2023-05-16,1,2,1,kontantlonn,40317.178649496724,1.1604517922135955
2023-06-16,1,2,1,kontantlonn,46316.4871525998,1.3331302518100023
2023-07-16,1,2,1,kontantlonn,36379.43501985548,1.0471114790924567
2023-08-16,1,2,1,kontantlonn,35809.90332532898,1.030718613872857
2023-09-16,1,2,1,kontantlonn,36537.31029173541,1.0516556125942578
2023-10-16,1,2,1,kontantlonn,36329.20028478854,1.0456655696738786
2023-11-16,1,2,1,kontantlonn,36345.8277875839,1.046144160092783
2023-12-16,1,2,1,kontantlonn,37148.68371283178,1.0692528107610966
2024-01-16,1,2,1,kontantlonn,38105.24595914662,1.0967855997677443
2024-02-16,1,2,1,kontantlonn,38143.13964262161,1.0978762959517314
2024-03-16,1,2,1,kontantlonn,37833.44287847777,1.0889622752530643
2024-04-16,1,2,1,kontantlonn,38525.45213814027,1.108880419639732
2024-05-16,1,2,1,kontantlonn,39951.523711108166,1.1499271240002347
2024-06-16,1,2,1,kontantlonn,48418.375618106606,1.3936290346746336
2024-07-16,1,2,1,kontantlonn,38069.17737284809,1.095747435466204
2024-08-16,1,2,1,kontantlonn,37630.524804300636,1.0831216720477028
2024-09-16,1,2,1,kontantlonn,38656.82240697038,1.1126616580352264
2024-10-16,1,2,1,kontantlonn,38779.21025382181,1.1161843548354817
2024-11-16,1,2,1,kontantlonn,38876.40426588869,1.118981895964934
2024-12-16,1,2,1,kontantlonn,37914.08028821772,1.0912832666960843
2025-01-16,1,2,1,kontantlonn,38959.79321702364,1.1213820851903913
2025-02-16,1,2,1,kontantlonn,38552.0121604012,1.1096448983673206
2025-03-16,1,2,1,kontantlonn,37272.077422500304,1.07280445937167
2025-04-16,1,2,1,kontantlonn,37243.83480736846,1.0719915504716828
2025-05-16,1,2,1,kontantlonn,44805.03076778498,1.289625911244422
2025-06-16,1,2,1,kontantlonn,50479.00199628581,1.4529401683834038
2025-07-16,1,2,1,kontantlonn,42082.45147546412,1.2112617467604867
2025-08-16,1,2,1,kontantlonn,39643.53552848701,1.1410622815069023
2025-09-16,1,2,1,kontantlonn,40588.707985737296,1.1682672375258352
2025-10-16,1,2,1,kontantlonn,40743.50108903604,1.1727226567828961
2025-11-16,1,2,1,kontantlonn,40642.84123057166,1.169825357986905
2025-12-16,1,2,1,kontantlonn,41490.37600422687,1.1942200026519478
2026-01-16,1,2,1,kontantlonn,42399.845842668314,1.2203973280337366
2026-02-16,1,2,1,kontantlonn,42055.52673861644,1.210486770430883
2021-01-16,1,2,2,kontantlonn,28826.216451602206,0.9452971107529197
2021-02-16,1,2,2,kontantlonn,29007.444443221473,0.9512401139615744
2021-03-16,1,2,2,kontantlonn,28389.95165303068,0.9309906944285551
2021-04-16,1,2,2,kontantlonn,28453.12505212415,0.9330623375017888
2021-05-16,1,2,2,kontantlonn,29895.333383412617,0.9803566250112065
2021-06-16,1,2,2,kontantlonn,35602.27141070128,1.1675040447046463
2021-07-16,1,2,2,kontantlonn,28646.857734903642,0.9394154066115467
2021-08-16,1,2,2,kontantlonn,29140.171642861016,0.9555926323903539
2021-09-16,1,2,2,kontantlonn,29611.66341280943,0.9710542455585033
2021-10-16,1,2,2,kontantlonn,29432.766280957883,0.9651876781529202
2021-11-16,1,2,2,kontantlonn,29583.4060811226,0.970127603866001
2021-12-16,1,2,2,kontantlonn,30295.547809325577,0.9934808427222731
2022-01-16,1,2,2,kontantlonn,29949.101409392606,0.982119838011952
2022-02-16,1,2,2,kontantlonn,30374.280375125712,0.9960627170066763
2022-03-16,1,2,2,kontantlonn,30227.613175626164,0.9912530646486597
2022-04-16,1,2,2,kontantlonn,30071.00486650322,0.9861174138294697
2022-05-16,1,2,2,kontantlonn,31112.083736632143,1.0202574769088921
2022-06-16,1,2,2,kontantlonn,35596.397585058665,1.1673114245452039
2022-07-16,1,2,2,kontantlonn,30301.493371164765,0.9936758153243079
2022-08-16,1,2,2,kontantlonn,30331.184262461553,0.9946494676871026
2022-09-16,1,2,2,kontantlonn,30897.054702737005,1.0132060372997316
2022-10-16,1,2,2,kontantlonn,30494.345242039737,1.0
2022-11-16,1,2,2,kontantlonn,30474.034179610102,0.9993339400381145
2022-12-16,1,2,2,kontantlonn,30934.892906981884,1.014446864211887
2023-01-16,1,2,2,kontantlonn,31061.864088775197,1.0186106257481822
2023-02-16,1,2,2,kontantlonn,30931.508685696786,1.014335885561313
2023-03-16,1,2,2,kontantlonn,30653.399522582637,1.0052158614746587
2023-04-16,1,2,2,kontantlonn,30462.39122763833,0.9989521331201644
2023-05-16,1,2,2,kontantlonn,32440.186481072145,1.0638099038883397
2023-06-16,1,2,2,kontantlonn,37235.454024824765,1.2210609452106447
2023-07-16,1,2,2,kontantlonn,32276.96909039309,1.0584575216881789
2023-08-16,1,2,2,kontantlonn,32406.38400066599,1.0627014203272775
2023-09-16,1,2,2,kontantlonn,33080.64234093342,1.084812350564202
2023-10-16,1,2,2,kontantlonn,32646.949859314016,1.0705902881399363
2023-11-16,1,2,2,kontantlonn,32364.43836951828,1.0613258987079486
2023-12-16,1,2,2,kontantlonn,32830.21515973065,1.0766001007449297
2024-01-16,1,2,2,kontantlonn,33055.35793647928,1.0839831999707576
2024-02-16,1,2,2,kontantlonn,32966.910024642515,1.081082730682608
2024-03-16,1,2,2,kontantlonn,32519.832540422973,1.0664217343348918
2024-04-16,1,2,2,kontantlonn,32948.7059862154,1.0804857662853524
2024-05-16,1,2,2,kontantlonn,33315.57759249198,1.0925165740749492
2024-06-16,1,2,2,kontantlonn,39242.935645634105,1.2868922199888224
2024-07-16,1,2,2,kontantlonn,33768.48309613607,1.1073686884603964
2024-08-16,1,2,2,kontantlonn,34024.77433188747,1.1157732380159668
2024-09-16,1,2,2,kontantlonn,34551.76262614584,1.1330547467703134
2024-10-16,1,2,2,kontantlonn,34531.59013859645,1.1323932310896427
2024-11-16,1,2,2,kontantlonn,34428.04604711064,1.1289977133087572
2024-12-16,1,2,2,kontantlonn,34956.74583339766,1.146335346961509
2025-01-16,1,2,2,kontantlonn,35011.13200501769,1.1481188307906698
2025-02-16,1,2,2,kontantlonn,35071.91916942084,1.1501122221529265
2025-03-16,1,2,2,kontantlonn,34724.92564860082,1.138733275726438
2025-04-16,1,2,2,kontantlonn,34509.52687904401,1.1316697113886187
2025-05-16,1,2,2,kontantlonn,35282.88639594095,1.1570304630544974
2025-06-16,1,2,2,kontantlonn,40938.099041903755,1.3424816541220954
2025-07-16,1,2,2,kontantlonn,35761.459201324964,1.172724284370728
2025-08-16,1,2,2,kontantlonn,35394.118719755934,1.1606781007700187
2025-09-16,1,2,2,kontantlonn,35695.35995845643,1.1705566942046204
2025-10-16,1,2,2,kontantlonn,35275.605362077455,1.1567916963649456
2025-11-16,1,2,2,kontantlonn,35351.49640655424,1.1592803887396932
2025-12-16,1,2,2,kontantlonn,35566.64030415779,1.1663355950704377
2026-01-16,1,2,2,kontantlonn,36032.97120140699,1.1816279679201527
2026-02-16,1,2,2,kontantlonn,35836.33115211796,1.175179557641845
2021-01-16,1,2,3,kontantlonn,43146.285180905565,0.9254900568672221
2021-02-16,1,2,3,kontantlonn,43755.789594833754,0.9385639581855414
2021-03-16,1,2,3,kontantlonn,42742.85342287592,0.916836424715221
2021-04-16,1,2,3,kontantlonn,42948.72423511804,0.9212523643246309
2021-05-16,1,2,3,kontantlonn,45211.311371984724,0.9697849758620083
2021-06-16,1,2,3,kontantlonn,50174.864612348545,1.076253450527372
2021-07-16,1,2,3,kontantlonn,43780.10320558196,0.9390854863982174
2021-08-16,1,2,3,kontantlonn,43251.36711140101,0.9277440697311844
2021-09-16,1,2,3,kontantlonn,44267.575910229876,0.9495418012177717
2021-10-16,1,2,3,kontantlonn,44920.856820711044,0.9635547106596036
2021-11-16,1,2,3,kontantlonn,45171.831491047145,0.9689381303664846
2021-12-16,1,2,3,kontantlonn,45942.16577888411,0.9854618408288749
2022-01-16,1,2,3,kontantlonn,45056.120044887495,0.9664561138397437
2022-02-16,1,2,3,kontantlonn,45729.16144852106,0.9808928868854677
2022-03-16,1,2,3,kontantlonn,45488.69979621269,0.9757349719610157
2022-04-16,1,2,3,kontantlonn,45550.20502707543,0.9770542623557767
2022-05-16,1,2,3,kontantlonn,46798.8797265428,1.0038383994784355
2022-06-16,1,2,3,kontantlonn,51310.09943305065,1.1006042963618172
2022-07-16,1,2,3,kontantlonn,46639.75863129813,1.0004252437254129
2022-08-16,1,2,3,kontantlonn,45318.56376728201,0.9720855453086396
2022-09-16,1,2,3,kontantlonn,47124.233047526526,1.0108172451027264
2022-10-16,1,2,3,kontantlonn,46619.9337969718,1.0
2022-11-16,1,2,3,kontantlonn,45984.60423228599,0.9863721478573382
2022-12-16,1,2,3,kontantlonn,47499.98693119345,1.0188771854128804
2023-01-16,1,2,3,kontantlonn,46544.587955256335,0.9983838277839776
2023-02-16,1,2,3,kontantlonn,47049.30431530573,1.009210019907017
2023-03-16,1,2,3,kontantlonn,47037.50549829899,1.0089569346697422
2023-04-16,1,2,3,kontantlonn,46596.8466573339,0.9995047796563066
2023-05-16,1,2,3,kontantlonn,49015.39104638847,1.0513826823489025
2023-06-16,1,2,3,kontantlonn,54382.28340226667,1.1665028019795058
2023-07-16,1,2,3,kontantlonn,49585.57132097848,1.0636130788370899
2023-08-16,1,2,3,kontantlonn,48449.03495113084,1.0392343147059089
2023-09-16,1,2,3,kontantlonn,49699.91276212516,1.0660657086851852
2023-10-16,1,2,3,kontantlonn,50907.376080847724,1.0919658595515727
2023-11-16,1,2,3,kontantlonn,50292.59195422207,1.0787787081218212
2023-12-16,1,2,3,kontantlonn,50302.826041066946,1.0789982298158982
2024-01-16,1,2,3,kontantlonn,49729.40447104055,1.066698307372344
2024-02-16,1,2,3,kontantlonn,50219.140559816056,1.077203171898928
2024-03-16,1,2,3,kontantlonn,49385.808450569246,1.0593281548970603
2024-04-16,1,2,3,kontantlonn,50291.65557288691,1.0787586226935741
2024-05-16,1,2,3,kontantlonn,50573.4484074735,1.0848030936234083
2024-06-16,1,2,3,kontantlonn,57979.10104623023,1.243654727154423
2024-07-16,1,2,3,kontantlonn,51402.66888401758,1.102589915890366
2024-08-16,1,2,3,kontantlonn,50853.719441517474,1.0908149218526062
2024-09-16,1,2,3,kontantlonn,52935.17893711925,1.1354623360824603
2024-10-16,1,2,3,kontantlonn,52649.5838617609,1.1293363068906963
2024-11-16,1,2,3,kontantlonn,52070.703271121056,1.1169192881716041
2024-12-16,1,2,3,kontantlonn,52899.77675735662,1.1347029574888141
2025-01-16,1,2,3,kontantlonn,52490.14307504949,1.125916293739117
2025-02-16,1,2,3,kontantlonn,53171.66846496118,1.1405350487309132
2025-03-16,1,2,3,kontantlonn,52923.645132342324,1.135214935371272
2025-04-16,1,2,3,kontantlonn,52637.99777685254,1.129087784767975
2025-05-16,1,2,3,kontantlonn,54098.50751753953,1.1604157945212161
2025-06-16,1,2,3,kontantlonn,60949.82733426209,1.3073769602440122
2025-07-16,1,2,3,kontantlonn,54884.363562123406,1.1772724474715668
2025-08-16,1,2,3,kontantlonn,53557.72640167219,1.1488160115137493
2025-09-16,1,2,3,kontantlonn,55080.37815208473,1.1814769706014143
2025-10-16,1,2,3,kontantlonn,54148.10111349066,1.1614795797287865
2025-11-16,1,2,3,kontantlonn,53945.45612144238,1.1571328341299878
2025-12-16,1,2,3,kontantlonn,55153.74679349123,1.183050731768172
2026-01-16,1,2,3,kontantlonn,54323.14330826705,1.1652342438932337
2026-02-16,1,2,3,kontantlonn,54913.94592445652,1.1779069906792414
2021-01-16,1,2,4,kontantlonn,51494.38347164165,0.9290505977226438
2021-02-16,1,2,4,kontantlonn,51738.56907617102,0.933456141911132
2021-03-16,1,2,4,kontantlonn,53075.03225035675,0.9575683232230092
2021-04-16,1,2,4,kontantlonn,52026.83953080619,0.9386570554890579
2021-05-16,1,2,4,kontantlonn,51962.61861464486,0.9374983955241544
2021-06-16,1,2,4,kontantlonn,56461.19888957462,1.018660813861067
2021-07-16,1,2,4,kontantlonn,51806.19148297065,0.934676170838971
2021-08-16,1,2,4,kontantlonn,51108.58883296479,0.9220901737793546
2021-09-16,1,2,4,kontantlonn,52468.80270115648,0.9466308600072041
2021-10-16,1,2,4,kontantlonn,53523.7992259299,0.9656648805324878
2021-11-16,1,2,4,kontantlonn,54226.93965493244,0.9783507890104001
2021-12-16,1,2,4,kontantlonn,55280.070222355986,0.9973511443342705
2022-01-16,1,2,4,kontantlonn,53052.24025667284,0.9571571149721717
2022-02-16,1,2,4,kontantlonn,53495.915867049975,0.9651618149651882
2022-03-16,1,2,4,kontantlonn,58037.51621479619,1.0471003922085613
2022-04-16,1,2,4,kontantlonn,54363.3988925284,0.9808127572427826
2022-05-16,1,2,4,kontantlonn,53766.51540059354,0.970043913583197
2022-06-16,1,2,4,kontantlonn,57455.36603276472,1.0365973637592834
2022-07-16,1,2,4,kontantlonn,53694.21868255343,0.9687395517367144
2022-08-16,1,2,4,kontantlonn,53180.307461155026,0.9594676759470082
2022-09-16,1,2,4,kontantlonn,54735.813462470775,0.9875317808620502
2022-10-16,1,2,4,kontantlonn,55426.888048797795,1.0
2022-11-16,1,2,4,kontantlonn,57638.90184534919,1.039908677438357
2022-12-16,1,2,4,kontantlonn,58618.001035605936,1.0575733745686513
2023-01-16,1,2,4,kontantlonn,55265.66326260907,0.9970912170633361
2023-02-16,1,2,4,kontantlonn,55957.50106212478,1.0095732059295812
2023-03-16,1,2,4,kontantlonn,59613.4835701287,1.0755336564745441
2023-04-16,1,2,4,kontantlonn,56101.91141288466,1.0121786264365515
2023-05-16,1,2,4,kontantlonn,56477.55967689898,1.0189559916691728
2023-06-16,1,2,4,kontantlonn,60295.661908880036,1.0878413714260085
2023-07-16,1,2,4,kontantlonn,57163.49648739849,1.0313315161600232
2023-08-16,1,2,4,kontantlonn,56328.73030703009,1.0162708441693193
2023-09-16,1,2,4,kontantlonn,58556.36635847192,1.0564613749723588
2023-10-16,1,2,4,kontantlonn,61336.47598173026,1.1066195152022547
2023-11-16,1,2,4,kontantlonn,61116.314786397976,1.1026474142403813
2023-12-16,1,2,4,kontantlonn,62037.95175650028,1.1192753903463264
2024-01-16,1,2,4,kontantlonn,59091.617342386235,1.0661182581703308
2024-02-16,1,2,4,kontantlonn,59723.71565140902,1.0775224399902859
2024-03-16,1,2,4,kontantlonn,63761.953897344545,1.1503794663919895
2024-04-16,1,2,4,kontantlonn,60078.568538317486,1.0839246194991925
2024-05-16,1,2,4,kontantlonn,60384.48215147329,1.0894438471506975
2024-06-16,1,2,4,kontantlonn,64602.611019173826,1.1655464214822548
2024-07-16,1,2,4,kontantlonn,60299.980575866415,1.0879192878874664
2024-08-16,1,2,4,kontantlonn,59618.33385636885,1.0756211642963052
2024-09-16,1,2,4,kontantlonn,62082.778661235745,1.1200841477258854
2024-10-16,1,2,4,kontantlonn,64532.866914066355,1.164288113329611
2024-11-16,1,2,4,kontantlonn,63630.279514773436,1.1480038254854463
2024-12-16,1,2,4,kontantlonn,63501.415449846994,1.1456788877257622
2025-01-16,1,2,4,kontantlonn,61714.746239237116,1.113444185877863
2025-02-16,1,2,4,kontantlonn,62555.67082647475,1.1286159665215334
2025-03-16,1,2,4,kontantlonn,68023.77376418145,1.2272703043384532
2025-04-16,1,2,4,kontantlonn,64903.789373046864,1.1709802166036385
2025-05-16,1,2,4,kontantlonn,62996.222479925826,1.1365643047551939
2025-06-16,1,2,4,kontantlonn,68134.89630223977,1.2292751532839774
2025-07-16,1,2,4,kontantlonn,63709.648243162555,1.1494357790224958
2025-08-16,1,2,4,kontantlonn,62664.4447094708,1.1305784415372746
2025-09-16,1,2,4,kontantlonn,64511.47426404425,1.1639021517363268
2025-10-16,1,2,4,kontantlonn,66105.81143153511,1.192666840204624
2025-11-16,1,2,4,kontantlonn,66921.1749297902,1.2073774531753043
2025-12-16,1,2,4,kontantlonn,67819.7295650535,1.2235889827577016
2026-01-16,1,2,4,kontantlonn,64769.33850103963,1.1685544828715035
2026-02-16,1,2,4,kontantlonn,65528.20637692416,1.1822458139672782
2021-01-16,1,2,5,kontantlonn,46847.915759491116,0.9193653890927856
2021-02-16,1,2,5,kontantlonn,47416.67245430959,0.9305269362300237
2021-03-16,1,2,5,kontantlonn,47428.19179272136,0.9307529971095598
2021-04-16,1,2,5,kontantlonn,47482.40066805301,0.9318168174087897
2021-05-16,1,2,5,kontantlonn,47543.590730944255,0.9330176397947297
2021-06-16,1,2,5,kontantlonn,52438.704976625464,1.0290816490505221
2021-07-16,1,2,5,kontantlonn,46871.33256902996,0.91982493150495
2021-08-16,1,2,5,kontantlonn,46554.53482744316,0.9136079445966551
2021-09-16,1,2,5,kontantlonn,47676.88501388009,0.9356334690863524
2021-10-16,1,2,5,kontantlonn,47778.59037459902,0.9376293826081026
2021-11-16,1,2,5,kontantlonn,50635.58516430888,0.9936963833251095
2021-12-16,1,2,5,kontantlonn,50889.43735298723,0.998678097291094
2022-01-16,1,2,5,kontantlonn,48538.40897981228,0.9525404179508072
2022-02-16,1,2,5,kontantlonn,48863.92280651332,0.9589284533860754
2022-03-16,1,2,5,kontantlonn,49217.23941203087,0.9658621035440074
2022-04-16,1,2,5,kontantlonn,49919.928992226065,0.9796520122055624
2022-05-16,1,2,5,kontantlonn,49239.977041946135,0.9663083174178843
2022-06-16,1,2,5,kontantlonn,52759.99677883674,1.0353868295044137
2022-07-16,1,2,5,kontantlonn,48853.73964046063,0.9587286141772557
2022-08-16,1,2,5,kontantlonn,48191.37477669355,0.9457300565930745
2022-09-16,1,2,5,kontantlonn,50103.31370199387,0.9832508394386649
2022-10-16,1,2,5,kontantlonn,50956.79728135062,1.0
2022-11-16,1,2,5,kontantlonn,52227.4138013933,1.0249351722995295
2022-12-16,1,2,5,kontantlonn,53367.09610150572,1.0473008302866245
2023-01-16,1,2,5,kontantlonn,50669.91145615828,0.9943700185157176
2023-02-16,1,2,5,kontantlonn,50971.888605465174,1.000296159196019
2023-03-16,1,2,5,kontantlonn,51304.14207196531,1.0068164564718791
2023-04-16,1,2,5,kontantlonn,51466.23672687257,1.0099974777203746
2023-05-16,1,2,5,kontantlonn,52061.88921658859,1.0216868405040522
2023-06-16,1,2,5,kontantlonn,55258.26161977986,1.0844139460861193
2023-07-16,1,2,5,kontantlonn,52710.99770009526,1.0344252486878065
2023-08-16,1,2,5,kontantlonn,51740.87520917783,1.015387111625129
2023-09-16,1,2,5,kontantlonn,53655.467754398436,1.0529599703479693
2023-10-16,1,2,5,kontantlonn,54734.571367819466,1.074136803881343
2023-11-16,1,2,5,kontantlonn,56980.48915161572,1.118211743901528
2023-12-16,1,2,5,kontantlonn,56629.54766308987,1.1113247041492418
2024-01-16,1,2,5,kontantlonn,54236.90775433788,1.0643704205913218
2024-02-16,1,2,5,kontantlonn,54702.515468274534,1.073507723930185
2024-03-16,1,2,5,kontantlonn,55187.08018203269,1.0830170482914216
2024-04-16,1,2,5,kontantlonn,55553.98805704102,1.090217419872518
2024-05-16,1,2,5,kontantlonn,54938.844666368044,1.0781455585411133
2024-06-16,1,2,5,kontantlonn,59270.85925005338,1.1631590369150921
2024-07-16,1,2,5,kontantlonn,55273.80262229381,1.0847189299811657
2024-08-16,1,2,5,kontantlonn,54734.60711626559,1.0741375054255538
2024-09-16,1,2,5,kontantlonn,56045.1349591907,1.0998559161743535
2024-10-16,1,2,5,kontantlonn,57264.05635214891,1.1237765991448336
2024-11-16,1,2,5,kontantlonn,57609.10248221371,1.130547945628006
2024-12-16,1,2,5,kontantlonn,58008.43859831138,1.1383847041647093
2025-01-16,1,2,5,kontantlonn,56480.8455188753,1.1084065037883846
2025-02-16,1,2,5,kontantlonn,57876.37086797756,1.1357929453144693
2025-03-16,1,2,5,kontantlonn,61827.92246868638,1.2133400403348038
2025-04-16,1,2,5,kontantlonn,59799.45640229699,1.173532474423832
2025-05-16,1,2,5,kontantlonn,57984.62894574846,1.1379174524174798
2025-06-16,1,2,5,kontantlonn,63129.46413705041,1.2388821021951235
2025-07-16,1,2,5,kontantlonn,58315.215706857714,1.1444050414879618
2025-08-16,1,2,5,kontantlonn,57267.13023925604,1.1238369225417333
2025-09-16,1,2,5,kontantlonn,59093.08335344396,1.1596702796521925
2025-10-16,1,2,5,kontantlonn,59898.493249670035,1.175476019792789
2025-11-16,1,2,5,kontantlonn,62561.12051396945,1.227728661370675
2025-12-16,1,2,5,kontantlonn,62908.056877771596,1.2345371026839427
2026-01-16,1,2,5,kontantlonn,59680.78250852902,1.1712035624807848
2026-02-16,1,2,5,kontantlonn,60120.36285632252,1.179830092624868
2021-01-16,1,2,all,kontantlonn,40757.68637684735,0.9282706326866306
2021-02-16,1,2,all,kontantlonn,41175.18378589229,0.9377792829190276
2021-03-16,1,2,all,kontantlonn,40747.91800685683,0.9280481546267236
2021-04-16,1,2,all,kontantlonn,40720.549460496,0.9274248263638977
2021-05-16,1,2,all,kontantlonn,42379.83511191634,0.9652156402783688
2021-06-16,1,2,all,kontantlonn,47531.338952344886,1.082542950887409
2021-07-16,1,2,all,kontantlonn,40931.04350370302,0.932218902182086
2021-08-16,1,2,all,kontantlonn,40648.34152563107,0.9257802652678062
2021-09-16,1,2,all,kontantlonn,41583.34540129988,0.9470753071700024
2021-10-16,1,2,all,kontantlonn,41990.7009924073,0.9563529739342407
2021-11-16,1,2,all,kontantlonn,42681.747499390716,0.9720918010188364
2021-12-16,1,2,all,kontantlonn,43394.07226782253,0.9883152479867725
2022-01-16,1,2,all,kontantlonn,42400.10663826978,0.9656773314160758
2022-02-16,1,2,all,kontantlonn,42913.4048079335,0.9773678776434812
2022-03-16,1,2,all,kontantlonn,43666.36569978864,0.9945168266051109
2022-04-16,1,2,all,kontantlonn,43064.12554414157,0.9808005953857312
2022-05-16,1,2,all,kontantlonn,44056.54373713684,1.0034032685449406
2022-06-16,1,2,all,kontantlonn,48190.28534877299,1.0975506866716058
2022-07-16,1,2,all,kontantlonn,43279.40152468394,0.9857035815074806
2022-08-16,1,2,all,kontantlonn,42391.87758644719,0.9654899118684808
2022-09-16,1,2,all,kontantlonn,43845.60850376267,0.9985991444656265
2022-10-16,1,2,all,kontantlonn,43907.11603025203,1.0
2022-11-16,1,2,all,kontantlonn,44120.59856486624,1.0048621397603779
2022-12-16,1,2,all,kontantlonn,45244.693085332336,1.0304637875591445
2023-01-16,1,2,all,kontantlonn,44092.9529807864,1.0042325018661287
2023-02-16,1,2,all,kontantlonn,44351.07855804137,1.0101114026137232
2023-03-16,1,2,all,kontantlonn,44868.42807492898,1.0218942196981147
2023-04-16,1,2,all,kontantlonn,44109.98903659458,1.004620504024969
2023-05-16,1,2,all,kontantlonn,46262.51545449663,1.0536450497596273
2023-06-16,1,2,all,kontantlonn,51024.76367726521,1.1621069268614481
2023-07-16,1,2,all,kontantlonn,46150.13502497774,1.0510855459780202
2023-08-16,1,2,all,kontantlonn,45412.97462979675,1.0342964588816808
2023-09-16,1,2,all,kontantlonn,46745.44522338237,1.0646439449854719
2023-10-16,1,2,all,kontantlonn,47678.644047389505,1.0858978762016365
2023-11-16,1,2,all,kontantlonn,47703.53591702766,1.0864647972816044
2023-12-16,1,2,all,kontantlonn,47934.096983219955,1.0917159066014113
2024-01-16,1,2,all,kontantlonn,47141.3167363493,1.0736600578336528
2024-02-16,1,2,all,kontantlonn,47487.44171195334,1.0815431758085514
2024-03-16,1,2,all,kontantlonn,47673.08422425276,1.0857712492755383
2024-04-16,1,2,all,kontantlonn,47744.701535388034,1.0874023587085953
2024-05-16,1,2,all,kontantlonn,48039.18992978672,1.0941094353973895
2024-06-16,1,2,all,kontantlonn,54360.32779727441,1.2380755720740144
2024-07-16,1,2,all,kontantlonn,48216.274020631325,1.0981425878076412
2024-08-16,1,2,all,kontantlonn,47876.874032314394,1.0904126337818953
2024-09-16,1,2,all,kontantlonn,49470.393746939924,1.1267056053705462
2024-10-16,1,2,all,kontantlonn,49916.1722474044,1.136858367400221
2024-11-16,1,2,all,kontantlonn,49606.69502713715,1.129809914934019
2024-12-16,1,2,all,kontantlonn,49968.78718367226,1.1380566910667451
2025-01-16,1,2,all,kontantlonn,49494.51160073544,1.127254897967648
2025-02-16,1,2,all,kontantlonn,50064.55925513038,1.1402379336560358
2025-03-16,1,2,all,kontantlonn,51158.174701875214,1.1651454098380591
2025-04-16,1,2,all,kontantlonn,50222.08866895552,1.1438257214241188
2025-05-16,1,2,all,kontantlonn,51287.23313408543,1.168084760992922
2025-06-16,1,2,all,kontantlonn,57239.49991419296,1.3036497290041758
2025-07-16,1,2,all,kontantlonn,51471.785105957155,1.1722879970183664
2025-08-16,1,2,all,kontantlonn,50312.651350288936,1.1458883183223305
2025-09-16,1,2,all,kontantlonn,51659.39982381087,1.1765609881600403
2025-10-16,1,2,all,kontantlonn,51597.82630442404,1.1751586296142316
2025-11-16,1,2,all,kontantlonn,52068.16170163081,1.1858706835984356
2025-12-16,1,2,all,kontantlonn,52846.569523822065,1.2035991953425214
2026-01-16,1,2,all,kontantlonn,51819.19314982104,1.1802003373238539
2026-02-16,1,2,all,kontantlonn,52149.71631787504,1.1877281186480992
2021-01-16,1,2,1,ny_jobb,0.032973810150346464,2.2930488008897574
2021-02-16,1,2,1,ny_jobb,0.015798315468433365,1.098638834147245
2021-03-16,1,2,1,ny_jobb,0.015975829522204808,1.1109834308525006
2021-04-16,1,2,1,ny_jobb,0.015579372273342251,1.0834131920792665
2021-05-16,1,2,1,ny_jobb,0.014026396147160326,0.9754168753747359
2021-06-16,1,2,1,ny_jobb,0.01258926822518429,0.8754768186088753
2021-07-16,1,2,1,ny_jobb,0.013592215724410066,0.9452233098383968
2021-08-16,1,2,1,ny_jobb,0.0164689912842825,1.1452786482392923
2021-09-16,1,2,1,ny_jobb,0.026171740732090425,1.8200225703151567
2021-10-16,1,2,1,ny_jobb,0.016793463506701647,1.1678429390248521
2021-11-16,1,2,1,ny_jobb,0.01559098414459585,1.084220699229115
2021-12-16,1,2,1,ny_jobb,0.013578069461291658,0.9442395572319241
2022-01-16,1,2,1,ny_jobb,0.04616322657014105,3.210260835772777
2022-02-16,1,2,1,ny_jobb,0.017092552927092976,1.1886420712349326
2022-03-16,1,2,1,ny_jobb,0.015926586173582974,1.107558973654675
2022-04-16,1,2,1,ny_jobb,0.013378575530026393,0.9303664464877661
2022-05-16,1,2,1,ny_jobb,0.014162145352878663,0.9848570811615367
2022-06-16,1,2,1,ny_jobb,0.014973197245080023,1.041258860646282
2022-07-16,1,2,1,ny_jobb,0.011545614518564631,0.8028995559389981
2022-08-16,1,2,1,ny_jobb,0.018565036859358022,1.2910408386146957
2022-09-16,1,2,1,ny_jobb,0.025134370872484685,1.7478822959033709
2022-10-16,1,2,1,ny_jobb,0.014379898996284703,1.0
2022-11-16,1,2,1,ny_jobb,0.014486540720201177,1.0074160273270367
2022-12-16,1,2,1,ny_jobb,0.013946925362413433,0.9698903563938012
2023-01-16,1,2,1,ny_jobb,0.038855288107204164,2.702055704093826
2023-02-16,1,2,1,ny_jobb,0.016780260584435044,1.1669247877728846
2023-03-16,1,2,1,ny_jobb,0.014904104958480366,1.036454078177538
2023-04-16,1,2,1,ny_jobb,0.012609560036491925,0.8768879419632797
2023-05-16,1,2,1,ny_jobb,0.02736736606388282,1.9031681704408114
2023-06-16,1,2,1,ny_jobb,0.01394512316245975,0.9697650286738951
2023-07-16,1,2,1,ny_jobb,0.012177162719291713,0.846818376293039
2023-08-16,1,2,1,ny_jobb,0.019590032530479494,1.3623205931794737
2023-09-16,1,2,1,ny_jobb,0.030266290773992753,2.1047637943641035
2023-10-16,1,2,1,ny_jobb,0.017870959937944686,1.2427736761267907
2023-11-16,1,2,1,ny_jobb,0.01387096400777584,0.964607888508789
2023-12-16,1,2,1,ny_jobb,0.016073396826225078,1.1177684092480706
2024-01-16,1,2,1,ny_jobb,0.04343383691394599,3.0204549367953057
2024-02-16,1,2,1,ny_jobb,0.016890527840454608,1.1745929401046955
2024-03-16,1,2,1,ny_jobb,0.01747247561330988,1.2150624714279425
2024-04-16,1,2,1,ny_jobb,0.013942981296962994,0.969616080096627
2024-05-16,1,2,1,ny_jobb,0.021540673431851395,1.4979711218706615
2024-06-16,1,2,1,ny_jobb,0.013838905303836767,0.9623784775826513
2024-07-16,1,2,1,ny_jobb,0.012012797583966946,0.8353881753321537
2024-08-16,1,2,1,ny_jobb,0.018656352804620902,1.2973910880348392
2024-09-16,1,2,1,ny_jobb,0.03200891735958809,2.2259486918411704
2024-10-16,1,2,1,ny_jobb,0.016417216885495967,1.1416781779717395
2024-11-16,1,2,1,ny_jobb,0.012511282496381169,0.8700535726720804
2024-12-16,1,2,1,ny_jobb,0.014508736043047657,1.0089595237627358
2025-01-16,1,2,1,ny_jobb,0.05133179016106017,3.569690592007818
2025-02-16,1,2,1,ny_jobb,0.01403008288438554,0.9756732566765911
2025-03-16,1,2,1,ny_jobb,0.016295854826280414,1.13323847618754
2025-04-16,1,2,1,ny_jobb,0.0164724341361764,1.145518069385073
2025-05-16,1,2,1,ny_jobb,0.014463859063070007,1.00583871046709
2025-06-16,1,2,1,ny_jobb,0.01350650272507729,0.9392626977815999
2025-07-16,1,2,1,ny_jobb,0.01034485799437741,0.7193971249068011
2025-08-16,1,2,1,ny_jobb,0.017277928746779476,1.2015333870734093
2025-09-16,1,2,1,ny_jobb,0.02838055509056963,1.9736268730331306
2025-10-16,1,2,1,ny_jobb,0.016278105551048656,1.1320041646505576
2025-11-16,1,2,1,ny_jobb,0.014389361116181132,1.0006580101778793
2025-12-16,1,2,1,ny_jobb,0.012339677660987126,0.858119911980974
2026-01-16,1,2,1,ny_jobb,0.06432962605114212,4.4735798261005035
2026-02-16,1,2,1,ny_jobb,0.016729120275676725,1.1633684130882271
2021-01-16,1,2,2,ny_jobb,0.03530425116535943,2.227260580972238
2021-02-16,1,2,2,ny_jobb,0.01597149179473816,1.007603133320267
2021-03-16,1,2,2,ny_jobb,0.012319011672571371,0.7771769174862699
2021-04-16,1,2,2,ny_jobb,0.015044018418850787,0.9490910612091868
2021-05-16,1,2,2,ny_jobb,0.013786360853918869,0.8697484600698978
2021-06-16,1,2,2,ny_jobb,0.011183650302045092,0.7055496901054211
2021-07-16,1,2,2,ny_jobb,0.012600226725549972,0.7949181011001522
2021-08-16,1,2,2,ny_jobb,0.050418827584096104,3.1808029772651802
2021-09-16,1,2,2,ny_jobb,0.024234713146348254,1.528909961273827
2021-10-16,1,2,2,ny_jobb,0.014884988407959166,0.9390582390203952
2021-11-16,1,2,2,ny_jobb,0.013893943578187342,0.8765355962658891
2021-12-16,1,2,2,ny_jobb,0.013277194095307724,0.8376263497528056
2022-01-16,1,2,2,ny_jobb,0.04363397965726622,2.752763184988069
2022-02-16,1,2,2,ny_jobb,0.015810773700105304,0.9974638139746138
2022-03-16,1,2,2,ny_jobb,0.012463258130629833,0.786277080763312
2022-04-16,1,2,2,ny_jobb,0.012339936824267156,0.7784970351487177
2022-05-16,1,2,2,ny_jobb,0.01303462142287052,0.8223230213006617
2022-06-16,1,2,2,ny_jobb,0.012773567685074642,0.8058537667345509
2022-07-16,1,2,2,ny_jobb,0.011870160957020348,0.7488600017469866
2022-08-16,1,2,2,ny_jobb,0.053103508835810366,3.3501730821970606
2022-09-16,1,2,2,ny_jobb,0.02508217822652692,1.5823745017902524
2022-10-16,1,2,2,ny_jobb,0.015850974720680644,1.0
2022-11-16,1,2,2,ny_jobb,0.013686295591610342,0.8634355825294414
2022-12-16,1,2,2,ny_jobb,0.013133608190188592,0.8285678591773461
2023-01-16,1,2,2,ny_jobb,0.03942947759204921,2.4875112279755185
2023-02-16,1,2,2,ny_jobb,0.016972840730744287,1.0707758374379308
2023-03-16,1,2,2,ny_jobb,0.013181408205532912,0.8315834475677532
2023-04-16,1,2,2,ny_jobb,0.022673783324511202,1.4304346403965236
2023-05-16,1,2,2,ny_jobb,0.021018756501271704,1.3260229652532785
2023-06-16,1,2,2,ny_jobb,0.010375405685659114,0.65455947463738
2023-07-16,1,2,2,ny_jobb,0.011086471436271136,0.6994189084035761
2023-08-16,1,2,2,ny_jobb,0.054543683156552336,3.441030227963812
2023-09-16,1,2,2,ny_jobb,0.023894369924765797,1.507438523234221
2023-10-16,1,2,2,ny_jobb,0.016780039519182083,1.0586124711491272
2023-11-16,1,2,2,ny_jobb,0.014636748799266405,0.9233973971436565
2023-12-16,1,2,2,ny_jobb,0.013478695379875451,0.8503385827932651
2024-01-16,1,2,2,ny_jobb,0.05508461017850681,3.4751560171651996
2024-02-16,1,2,2,ny_jobb,0.01507993239393666,0.9513567878107829
2024-03-16,1,2,2,ny_jobb,0.014811941518399426,0.9344498858530385
2024-04-16,1,2,2,ny_jobb,0.013611212792576736,0.8586987887134974
2024-05-16,1,2,2,ny_jobb,0.015207362524998111,0.9593960493266817
2024-06-16,1,2,2,ny_jobb,0.011945781150970843,0.75363069852009
2024-07-16,1,2,2,ny_jobb,0.012557899145435633,0.7922477555308596
2024-08-16,1,2,2,ny_jobb,0.04931745741326638,3.1113201731955495
2024-09-16,1,2,2,ny_jobb,0.024433992580919883,1.541482023123855
2024-10-16,1,2,2,ny_jobb,0.015621057770828535,0.9854950907497103
2024-11-16,1,2,2,ny_jobb,0.01212642086816223,0.7650268252804027
2024-12-16,1,2,2,ny_jobb,0.012087942610694832,0.7625993242499962
2025-01-16,1,2,2,ny_jobb,0.043304930104475926,2.7320042374413935
2025-02-16,1,2,2,ny_jobb,0.014611212584493138,0.9217863785644679
2025-03-16,1,2,2,ny_jobb,0.013771608557420018,0.8688177730453577
2025-04-16,1,2,2,ny_jobb,0.015079779651771047,0.9513471516736807
2025-05-16,1,2,2,ny_jobb,0.011774492173617859,0.7428244875222576
2025-06-16,1,2,2,ny_jobb,0.011753092160874357,0.7414744120145614
2025-07-16,1,2,2,ny_jobb,0.010294314145291118,0.6494436037337317
2025-08-16,1,2,2,ny_jobb,0.047526734005462125,2.998347725799749
2025-09-16,1,2,2,ny_jobb,0.023633598395553596,1.490987072531194
2025-10-16,1,2,2,ny_jobb,0.014446538689444172,0.9113974972527011
2025-11-16,1,2,2,ny_jobb,0.014165945535190646,0.8936955477386792
2025-12-16,1,2,2,ny_jobb,0.013327263879651547,0.840785132428706
2026-01-16,1,2,2,ny_jobb,0.06441598731154435,4.063850232976607
2026-02-16,1,2,2,ny_jobb,0.015497530572911321,0.9777020559304668
2021-01-16,1,2,3,ny_jobb,0.03821030088218717,2.527560801391575
2021-02-16,1,2,3,ny_jobb,0.014763142872128692,0.9765623501366161
2021-03-16,1,2,3,ny_jobb,0.01634905585233129,1.0814683935498166
2021-04-16,1,2,3,ny_jobb,0.013434830853533718,0.8886962691923773
2021-05-16,1,2,3,ny_jobb,0.0111511880333343,0.7376363208681765
2021-06-16,1,2,3,ny_jobb,0.012308563984609066,0.8141952073301022
2021-07-16,1,2,3,ny_jobb,0.009323901149529506,0.6167637133835534
2021-08-16,1,2,3,ny_jobb,0.050371614007454074,3.3320155593807517
2021-09-16,1,2,3,ny_jobb,0.02552800546713768,1.6886437548709947
2021-10-16,1,2,3,ny_jobb,0.01406714692948288,0.9305231402391818
2021-11-16,1,2,3,ny_jobb,0.013808955396089236,0.91344411222867
2021-12-16,1,2,3,ny_jobb,0.010694850416493071,0.7074501918427955
2022-01-16,1,2,3,ny_jobb,0.04679393962658863,3.095357137006644
2022-02-16,1,2,3,ny_jobb,0.01388129067705048,0.9182289952705232
2022-03-16,1,2,3,ny_jobb,0.015228184772122125,1.007324255965419
2022-04-16,1,2,3,ny_jobb,0.012849620646183722,0.8499853889710275
2022-05-16,1,2,3,ny_jobb,0.014407369149229007,0.9530283895185357
2022-06-16,1,2,3,ny_jobb,0.011697400823085567,0.7737675735597156
2022-07-16,1,2,3,ny_jobb,0.009519199673051983,0.6296824520804053
2022-08-16,1,2,3,ny_jobb,0.050993664699942855,3.373163388906116
2022-09-16,1,2,3,ny_jobb,0.02640826882728763,1.7468720104106796
2022-10-16,1,2,3,ny_jobb,0.015117460620986877,1.0
2022-11-16,1,2,3,ny_jobb,0.01367164859772119,0.9043614493522455
2022-12-16,1,2,3,ny_jobb,0.011605130006782738,0.7676639812556791
2023-01-16,1,2,3,ny_jobb,0.03831835307391372,2.534708310780589
2023-02-16,1,2,3,ny_jobb,0.014133424385521015,0.9349073061847589
2023-03-16,1,2,3,ny_jobb,0.014331387269061161,0.9480022887683632
2023-04-16,1,2,3,ny_jobb,0.02143822001411844,1.41810986326346
2023-05-16,1,2,3,ny_jobb,0.024119593305705393,1.5954791555548204
2023-06-16,1,2,3,ny_jobb,0.011936187328453987,0.7895629846644697
2023-07-16,1,2,3,ny_jobb,0.009609064580615773,0.6356268967075032
2023-08-16,1,2,3,ny_jobb,0.051167984816748786,3.3846944337804077
2023-09-16,1,2,3,ny_jobb,0.025439607062890054,1.6827963174961682
2023-10-16,1,2,3,ny_jobb,0.015355124353875704,1.0157211411921185
2023-11-16,1,2,3,ny_jobb,0.011130740143633563,0.7362837200436472
2023-12-16,1,2,3,ny_jobb,0.011902936412815415,0.7873634806292211
2024-01-16,1,2,3,ny_jobb,0.0588518661282689,3.8929730067606427
2024-02-16,1,2,3,ny_jobb,0.013126645611548436,0.8683102235652803
2024-03-16,1,2,3,ny_jobb,0.017090403274740644,1.1305075437745689
2024-04-16,1,2,3,ny_jobb,0.013095418704678043,0.8662446050296485
2024-05-16,1,2,3,ny_jobb,0.0136256970799706,0.9013218173067156
2024-06-16,1,2,3,ny_jobb,0.011572286618843944,0.7654914346380813
2024-07-16,1,2,3,ny_jobb,0.009866544437893981,0.6526588482854527
2024-08-16,1,2,3,ny_jobb,0.04549523882365645,3.0094497987643174
2024-09-16,1,2,3,ny_jobb,0.025614940710422213,1.6943944060857792
2024-10-16,1,2,3,ny_jobb,0.014580713110345783,0.964494862986714
2024-11-16,1,2,3,ny_jobb,0.010199585064015887,0.674689044657161
2024-12-16,1,2,3,ny_jobb,0.01008105287863113,0.6668482975663298
2025-01-16,1,2,3,ny_jobb,0.040846268702554735,2.701926581892314
2025-02-16,1,2,3,ny_jobb,0.012123562029114257,0.8019575729725184
2025-03-16,1,2,3,ny_jobb,0.013885676708667926,0.9185191254535883
2025-04-16,1,2,3,ny_jobb,0.01332270293614945,0.8812791559485957
2025-05-16,1,2,3,ny_jobb,0.012770915508299632,0.8447791483293402
2025-06-16,1,2,3,ny_jobb,0.011247845333981238,0.7440300733025472
2025-07-16,1,2,3,ny_jobb,0.007812836353803313,0.5168087782518918
2025-08-16,1,2,3,ny_jobb,0.03986312666278734,2.636893037938342
2025-09-16,1,2,3,ny_jobb,0.025535651899575018,1.6891495562505414
2025-10-16,1,2,3,ny_jobb,0.013231416204432562,0.8752406595366945
2025-11-16,1,2,3,ny_jobb,0.019337771069578097,1.2791679472101523
2025-12-16,1,2,3,ny_jobb,0.009923024023156646,0.6563948980545692
2026-01-16,1,2,3,ny_jobb,0.060255948027963115,3.9858511649974164
2026-02-16,1,2,3,ny_jobb,0.014995827315863216,0.9919541179452583
2021-01-16,1,2,4,ny_jobb,0.044437194306021464,1.8427015877818056
2021-02-16,1,2,4,ny_jobb,0.02044933966714014,0.847984020193248
2021-03-16,1,2,4,ny_jobb,0.027969175078355852,1.1598131729673549
2021-04-16,1,2,4,ny_jobb,0.018989115291531723,0.7874320925238022
2021-05-16,1,2,4,ny_jobb,0.06961575181962604,2.886794686658835
2021-06-16,1,2,4,ny_jobb,0.019604806418757125,0.812963295279501
2021-07-16,1,2,4,ny_jobb,0.012113239862354372,0.5023063826628145
2021-08-16,1,2,4,ny_jobb,0.04034348062854341,1.6729453101585192
2021-09-16,1,2,4,ny_jobb,0.03672187290510093,1.5227661099067602
2021-10-16,1,2,4,ny_jobb,0.02166472360006905,0.8983830145030468
2021-11-16,1,2,4,ny_jobb,0.02197594721222293,0.911288695278519
2021-12-16,1,2,4,ny_jobb,0.013766944333825809,0.5708814559295209
2022-01-16,1,2,4,ny_jobb,0.06984978095151309,2.8964993014449454
2022-02-16,1,2,4,ny_jobb,0.020610540779015276,0.8546686354000244
2022-03-16,1,2,4,ny_jobb,0.029376737854975212,1.2181813531345622
2022-04-16,1,2,4,ny_jobb,0.018499269283486094,0.7671193785712035
2022-05-16,1,2,4,ny_jobb,0.021862579125594916,0.9065875984497096
2022-06-16,1,2,4,ny_jobb,0.018415366396529603,0.7636401313903514
2022-07-16,1,2,4,ny_jobb,0.013706246824831327,0.5683644789253409
2022-08-16,1,2,4,ny_jobb,0.03832082809859612,1.5890708647379244
2022-09-16,1,2,4,ny_jobb,0.038301774442318554,1.588280756288819
2022-10-16,1,2,4,ny_jobb,0.024115241773636154,1.0
2022-11-16,1,2,4,ny_jobb,0.018844016992815085,0.7814152215308161
2022-12-16,1,2,4,ny_jobb,0.013143547409231016,0.545030712634203
2023-01-16,1,2,4,ny_jobb,0.10137338588524533,4.20370597304445
2023-02-16,1,2,4,ny_jobb,0.021390311541369885,0.8870038186701789
2023-03-16,1,2,4,ny_jobb,0.027679432666553136,1.1477982649468401
2023-04-16,1,2,4,ny_jobb,0.023826951314893447,0.9880453009159593
2023-05-16,1,2,4,ny_jobb,0.022425425131529786,0.9299274434829117
2023-06-16,1,2,4,ny_jobb,0.017732618437885317,0.7353282461082931
2023-07-16,1,2,4,ny_jobb,0.014681773878048936,0.6088171960232925
2023-08-16,1,2,4,ny_jobb,0.036366179557240176,1.5080163781313314
2023-09-16,1,2,4,ny_jobb,0.03849368138463699,1.5962386670624211
2023-10-16,1,2,4,ny_jobb,0.022767678714893443,0.9441198611487309
2023-11-16,1,2,4,ny_jobb,0.015099815424010994,0.6261523548363831
2023-12-16,1,2,4,ny_jobb,0.01638921107472651,0.6796204337724666
2024-01-16,1,2,4,ny_jobb,0.04587064457282401,1.9021432587489886
2024-02-16,1,2,4,ny_jobb,0.01873319055914332,0.7768195208236838
2024-03-16,1,2,4,ny_jobb,0.025125500498286456,1.0418929544282969
2024-04-16,1,2,4,ny_jobb,0.017924459809352526,0.743283437819327
2024-05-16,1,2,4,ny_jobb,0.018194026478740435,0.7544617072274575
2024-06-16,1,2,4,ny_jobb,0.014589837898654057,0.6050048361781017
2024-07-16,1,2,4,ny_jobb,0.013015409505915268,0.5397171476897357
2024-08-16,1,2,4,ny_jobb,0.031541528444283824,1.3079499156739292
2024-09-16,1,2,4,ny_jobb,0.03676936447420244,1.5247354689348513
2024-10-16,1,2,4,ny_jobb,0.019813521514967684,0.821618199019207
2024-11-16,1,2,4,ny_jobb,0.013639145498441176,0.5655819513015247
2024-12-16,1,2,4,ny_jobb,0.01279809414760849,0.5307056121494055
2025-01-16,1,2,4,ny_jobb,0.03767732358054104,1.562386308800418
2025-02-16,1,2,4,ny_jobb,0.01833799152227442,0.7604315849042128
2025-03-16,1,2,4,ny_jobb,0.027198214094967223,1.1278433096491494
2025-04-16,1,2,4,ny_jobb,0.019131241849145848,0.7933257326932946
2025-05-16,1,2,4,ny_jobb,0.017034939376606585,0.7063972045774773
2025-06-16,1,2,4,ny_jobb,0.014468774468296867,0.5999846322965241
2025-07-16,1,2,4,ny_jobb,0.01126273201757752,0.46703790587289223
2025-08-16,1,2,4,ny_jobb,0.027523426290833194,1.1413290627226063
2025-09-16,1,2,4,ny_jobb,0.03660504966051358,1.5179217361416562
2025-10-16,1,2,4,ny_jobb,0.016906283300209875,0.7010621522647378
2025-11-16,1,2,4,ny_jobb,0.01564448253884121,0.6487383657892432
2025-12-16,1,2,4,ny_jobb,0.012712201278534802,0.5271438452851152
2026-01-16,1,2,4,ny_jobb,0.04824601730612724,2.000644146925863
2026-02-16,1,2,4,ny_jobb,0.017608137731383762,0.7301663361564865
2021-01-16,1,2,5,ny_jobb,0.04393207034957022,1.7560864781562353
2021-02-16,1,2,5,ny_jobb,0.019199582718412968,0.7674604754514373
2021-03-16,1,2,5,ny_jobb,0.019084300815721114,0.7628523386419852
2021-04-16,1,2,5,ny_jobb,0.017964709286413715,0.7180991656175726
2021-05-16,1,2,5,ny_jobb,0.03441841203585112,1.3757992167186648
2021-06-16,1,2,5,ny_jobb,0.020924108109773288,0.8363945297062824
2021-07-16,1,2,5,ny_jobb,0.01275324833803684,0.5097826435401324
2021-08-16,1,2,5,ny_jobb,0.029411501088919854,1.1756591244973007
2021-09-16,1,2,5,ny_jobb,0.03093458520111862,1.2365410131322854
2021-10-16,1,2,5,ny_jobb,0.022731128263467248,0.9086261279990046
2021-11-16,1,2,5,ny_jobb,0.02507116877021803,1.0021640254744673
2021-12-16,1,2,5,ny_jobb,0.01426119180238378,0.5700593185634765
2022-01-16,1,2,5,ny_jobb,0.048300391937949855,1.9307003857766052
2022-02-16,1,2,5,ny_jobb,0.023809020201150367,0.9517124529005457
2022-03-16,1,2,5,ny_jobb,0.021899044838889926,0.8753654498891129
2022-04-16,1,2,5,ny_jobb,0.020838897752612648,0.8329884358250245
2022-05-16,1,2,5,ny_jobb,0.024341715073169432,0.9730057417051103
2022-06-16,1,2,5,ny_jobb,0.021721109561292307,0.8682528842283139
2022-07-16,1,2,5,ny_jobb,0.011569735290378863,0.4624743504600185
2022-08-16,1,2,5,ny_jobb,0.03286505090172145,1.313707071694927
2022-09-16,1,2,5,ny_jobb,0.03129054965840624,1.2507698979804844
2022-10-16,1,2,5,ny_jobb,0.025017031277238543,1.0
2022-11-16,1,2,5,ny_jobb,0.016964141915641155,0.6781037177291209
2022-12-16,1,2,5,ny_jobb,0.013202691160999189,0.5277481174599443
2023-01-16,1,2,5,ny_jobb,0.05792545208004167,2.3154406867110757
2023-02-16,1,2,5,ny_jobb,0.02236850682684705,0.8941311452569825
2023-03-16,1,2,5,ny_jobb,0.020249865019810374,0.8094431667531423
2023-04-16,1,2,5,ny_jobb,0.028401474710431297,1.135285573883103
2023-05-16,1,2,5,ny_jobb,0.02818498093166657,1.1266317181811396
2023-06-16,1,2,5,ny_jobb,0.019791027855533085,0.791102175002664
2023-07-16,1,2,5,ny_jobb,0.011275593328316272,0.4507166819020305
2023-08-16,1,2,5,ny_jobb,0.028468024211848374,1.137945741697564
2023-09-16,1,2,5,ny_jobb,0.02982259785473573,1.192091800351606
2023-10-16,1,2,5,ny_jobb,0.02699080650953737,1.0788972604473115
2023-11-16,1,2,5,ny_jobb,0.013873132581885944,0.5545475171751595
2023-12-16,1,2,5,ny_jobb,0.016555447923719477,0.6617670873994653
2024-01-16,1,2,5,ny_jobb,0.05686408639749145,2.273014961980264
2024-02-16,1,2,5,ny_jobb,0.01854094161010027,0.7411327668990657
2024-03-16,1,2,5,ny_jobb,0.019499414402690075,0.7794455779583804
2024-04-16,1,2,5,ny_jobb,0.022973032506278208,0.9182957102979663
2024-05-16,1,2,5,ny_jobb,0.018903885987568276,0.755640658480839
2024-06-16,1,2,5,ny_jobb,0.01722192958368153,0.6884082045078908
2024-07-16,1,2,5,ny_jobb,0.010552843143349366,0.421826356069305
2024-08-16,1,2,5,ny_jobb,0.02651920483596988,1.060046035921859
2024-09-16,1,2,5,ny_jobb,0.02919729057871556,1.1670965373609448
2024-10-16,1,2,5,ny_jobb,0.02093295959488432,0.8367483480715768
2024-11-16,1,2,5,ny_jobb,0.012959134091113657,0.5180124670869471
2024-12-16,1,2,5,ny_jobb,0.014581393018498808,0.5828586476511911
2025-01-16,1,2,5,ny_jobb,0.04751138605290815,1.899161636182461
2025-02-16,1,2,5,ny_jobb,0.016992971710610864,0.6792561244495754
2025-03-16,1,2,5,ny_jobb,0.017659482465271173,0.705898404553639
2025-04-16,1,2,5,ny_jobb,0.018508239270737577,0.739825563858054
2025-05-16,1,2,5,ny_jobb,0.017894644986943563,0.715298501594184
2025-06-16,1,2,5,ny_jobb,0.01667727572822432,0.6666368820267633
2025-07-16,1,2,5,ny_jobb,0.012938490392759447,0.5171872813114873
2025-08-16,1,2,5,ny_jobb,0.02260942188480637,0.9037611870988582
2025-09-16,1,2,5,ny_jobb,0.028237546288876668,1.128732901036434
2025-10-16,1,2,5,ny_jobb,0.017930682987674033,0.7167390402548706
2025-11-16,1,2,5,ny_jobb,0.014812370422672033,0.5920914539587636
2025-12-16,1,2,5,ny_jobb,0.012013055300798494,0.4801950786114431
2026-01-16,1,2,5,ny_jobb,0.056919608227315635,2.2752343232309618
2026-02-16,1,2,5,ny_jobb,0.02038894070424499,0.8150024068921252
2021-01-16,1,2,all,ny_jobb,0.03872729436927113,2.157318598829903
2021-02-16,1,2,all,ny_jobb,0.01658291076621817,0.9237573241647657
2021-03-16,1,2,all,ny_jobb,0.017544839499438244,0.977341928530289
2021-04-16,1,2,all,ny_jobb,0.015470211377727448,0.8617739833506867
2021-05-16,1,2,all,ny_jobb,0.023591090989503724,1.3141506574940927
2021-06-16,1,2,all,ny_jobb,0.014442007601789432,0.8044975026322646
2021-07-16,1,2,all,ny_jobb,0.011402332194365681,0.63517123293953
2021-08-16,1,2,all,ny_jobb,0.04148361967835388,2.3108607439901383
2021-09-16,1,2,all,ny_jobb,0.02772351006119636,1.5443486268259148
2021-10-16,1,2,all,ny_jobb,0.016952183816875684,0.9443278192949967
2021-11-16,1,2,all,ny_jobb,0.01690763277639376,0.9418460867135143
2021-12-16,1,2,all,ny_jobb,0.012527277467377479,0.6978367353883604
2022-01-16,1,2,all,ny_jobb,0.049509248230542376,2.757931421787721
2022-02-16,1,2,all,ny_jobb,0.017111564142308976,0.9532061606804363
2022-03-16,1,2,all,ny_jobb,0.01776487364965917,0.9895990141950698
2022-04-16,1,2,all,ny_jobb,0.014830074593713997,0.8261149213780243
2022-05-16,1,2,all,ny_jobb,0.016678510875589615,0.9290827644609728
2022-06-16,1,2,all,ny_jobb,0.014785032000767558,0.8236058066803557
2022-07-16,1,2,all,ny_jobb,0.011124261753041135,0.6196812137005338
2022-08-16,1,2,all,ny_jobb,0.04272670150528769,2.3801070879133954
2022-09-16,1,2,all,ny_jobb,0.02836649653515475,1.5801664318561348
2022-10-16,1,2,all,ny_jobb,0.017951587860168743,1.0
2022-11-16,1,2,all,ny_jobb,0.015008813299645766,0.836071628680132
2022-12-16,1,2,all,ny_jobb,0.012653783988199347,0.7048838290386421
2023-01-16,1,2,all,ny_jobb,0.05031127394824811,2.802608568118898
2023-02-16,1,2,all,ny_jobb,0.017284422629931538,0.9628353081947965
2023-03-16,1,2,all,ny_jobb,0.016928748573286384,0.9430223501759502
2023-04-16,1,2,all,ny_jobb,0.021990850972029758,1.2250086813113281
2023-05-16,1,2,all,ny_jobb,0.02433355369663251,1.3555098237646248
2023-06-16,1,2,all,ny_jobb,0.013899715651921449,0.7742889241994214
2023-07-16,1,2,all,ny_jobb,0.011170411436954079,0.6222519993197458
2023-08-16,1,2,all,ny_jobb,0.04222895295488987,2.352379816416581
2023-09-16,1,2,all,ny_jobb,0.028245880038163244,1.57344744421387
2023-10-16,1,2,all,ny_jobb,0.01880337163620257,1.0474489378136727
2023-11-16,1,2,all,ny_jobb,0.013116337828462884,0.7306505658792231
2023-12-16,1,2,all,ny_jobb,0.014067440739184197,0.7836321137027242
2024-01-16,1,2,all,ny_jobb,0.05413347060975414,3.0155254806103424
2024-02-16,1,2,all,ny_jobb,0.015587701616281563,0.8683188215827856
2024-03-16,1,2,all,ny_jobb,0.018193599981900687,1.0134813768908388
2024-04-16,1,2,all,ny_jobb,0.01552971804433667,0.8650888247492716
2024-05-16,1,2,all,ny_jobb,0.01637348676903506,0.9120912810930114
2024-06-16,1,2,all,ny_jobb,0.013234625619472078,0.7372398320728645
2024-07-16,1,2,all,ny_jobb,0.01118232346655797,0.622915563439905
2024-08-16,1,2,all,ny_jobb,0.037876040169809756,2.109899161279749
2024-09-16,1,2,all,ny_jobb,0.028306080358603734,1.5768009258618116
2024-10-16,1,2,all,ny_jobb,0.016749079418985274,0.9330138118950684
2024-11-16,1,2,all,ny_jobb,0.011767125047752257,0.655492156984137
2024-12-16,1,2,all,ny_jobb,0.012091061115978758,0.6735371383389761
2025-01-16,1,2,all,ny_jobb,0.04322591640312016,2.4079160428493616
2025-02-16,1,2,all,ny_jobb,0.014459444514539758,0.8054688324603638
2025-03-16,1,2,all,ny_jobb,0.01658652972556138,0.9239589196654757
2025-04-16,1,2,all,ny_jobb,0.015664985181191443,0.8726239318333032
2025-05-16,1,2,all,ny_jobb,0.014209394790072598,0.7915397178653271
2025-06-16,1,2,all,ny_jobb,0.012941341261679616,0.7209023158555272
2025-07-16,1,2,all,ny_jobb,0.009885063265619755,0.5506511926754337
2025-08-16,1,2,all,ny_jobb,0.03393190062126135,1.890189374085953
2025-09-16,1,2,all,ny_jobb,0.027487872045671442,1.5312223219352061
2025-10-16,1,2,all,ny_jobb,0.015113137049660013,0.8418830226819808
2025-11-16,1,2,all,ny_jobb,0.016527058656310437,0.9206460612312144
2025-12-16,1,2,all,ny_jobb,0.011570304104003235,0.6445281717766929
2026-01-16,1,2,all,ny_jobb,0.05933457919317598,3.305255203904745
2026-02-16,1,2,all,ny_jobb,0.016546642689208826,0.9217369972002738
2021-01-16,1,2,1,overtid_timer,2.0427121968413435,0.6647409200116823
2021-02-16,1,2,1,overtid_timer,2.3118533940618526,0.7523250482751034
2021-03-16,1,2,1,overtid_timer,2.158686271624677,0.7024812895498803
2021-04-16,1,2,1,overtid_timer,2.3744502028634638,0.7726953482796372
2021-05-16,1,2,1,overtid_timer,2.2857561662914567,0.7438324690342918
2021-06-16,1,2,1,overtid_timer,2.5008457945220295,0.813827095578379
2021-07-16,1,2,1,overtid_timer,2.2904657630317766,0.7453650695028675
2021-08-16,1,2,1,overtid_timer,2.185023163261784,0.7110518603841711
2021-09-16,1,2,1,overtid_timer,2.764528024058385,0.8996347625242
2021-10-16,1,2,1,overtid_timer,2.797601498178422,0.9103975570326638
2021-11-16,1,2,1,overtid_timer,2.8457211330983854,0.9260566843619001
2021-12-16,1,2,1,overtid_timer,3.214410827210976,1.0460359584085341
2022-01-16,1,2,1,overtid_timer,2.9059461387643615,0.9456551504287375
2022-02-16,1,2,1,overtid_timer,3.3584564087559774,1.0929113785229807
2022-03-16,1,2,1,overtid_timer,4.242463243122482,1.3805855390249198
2022-04-16,1,2,1,overtid_timer,4.199452497231218,1.3665889501572575
2022-05-16,1,2,1,overtid_timer,3.558655487658406,1.1580603114469994
2022-06-16,1,2,1,overtid_timer,3.0618147742393953,0.9963780375328806
2022-07-16,1,2,1,overtid_timer,2.905409835957441,0.9454806263710517
2022-08-16,1,2,1,overtid_timer,2.8115577068588697,0.9149391968253185
2022-09-16,1,2,1,overtid_timer,3.004599809868245,0.9777591013394584
2022-10-16,1,2,1,overtid_timer,3.0729448652046942,1.0
2022-11-16,1,2,1,overtid_timer,2.9888123860623472,0.9726215461608216
2022-12-16,1,2,1,overtid_timer,3.241733823708833,1.0549274282188905
2023-01-16,1,2,1,overtid_timer,3.0365743454385905,0.9881642784490111
2023-02-16,1,2,1,overtid_timer,2.85418431396499,0.9288107789642583
2023-03-16,1,2,1,overtid_timer,2.5860841973946607,0.841565439939124
2023-04-16,1,2,1,overtid_timer,2.9421510652629137,0.9574369844956303
2023-05-16,1,2,1,overtid_timer,2.807597474545136,0.9136504550849197
2023-06-16,1,2,1,overtid_timer,2.9166509033278474,0.949138702862332
2023-07-16,1,2,1,overtid_timer,2.6458023492299767,0.8609989652559988
2023-08-16,1,2,1,overtid_timer,2.469693829482212,0.8036895999817105
2023-09-16,1,2,1,overtid_timer,2.88609224178397,0.9391942805298988
2023-10-16,1,2,1,overtid_timer,3.021599944985928,0.9832912979337343
2023-11-16,1,2,1,overtid_timer,3.007910635763685,0.9788365127609678
2023-12-16,1,2,1,overtid_timer,3.12770590882544,1.017820379480547
2024-01-16,1,2,1,overtid_timer,2.988894243052443,0.9726481841233254
2024-02-16,1,2,1,overtid_timer,3.041747899590909,0.9898478602831335
2024-03-16,1,2,1,overtid_timer,2.727264137867372,0.8875083210078044
2024-04-16,1,2,1,overtid_timer,2.5155349218689333,0.8186072423077364
2024-05-16,1,2,1,overtid_timer,2.4948748991837646,0.8118840423834213
2024-06-16,1,2,1,overtid_timer,2.8194910187398774,0.9175208610689037
2024-07-16,1,2,1,overtid_timer,2.464558072685531,0.8020183181911279
2024-08-16,1,2,1,overtid_timer,2.198439598853225,0.7154178468173665
2024-09-16,1,2,1,overtid_timer,2.680421949831211,0.8722649013921255
2024-10-16,1,2,1,overtid_timer,2.968113117048871,0.9658855746672044
2024-11-16,1,2,1,overtid_timer,2.772103968473967,0.9021001319818057
2024-12-16,1,2,1,overtid_timer,2.644874887405363,0.8606971499403011
2025-01-16,1,2,1,overtid_timer,2.1896873849189706,0.7125696948594982
2025-02-16,1,2,1,overtid_timer,2.379101871398147,0.7742090977085171
2025-03-16,1,2,1,overtid_timer,2.0119696202051935,0.6547366478933466
2025-04-16,1,2,1,overtid_timer,2.0761642013387127,0.6756268961566337
2025-05-16,1,2,1,overtid_timer,2.4060480262725443,0.782977935437925
2025-06-16,1,2,1,overtid_timer,2.7093547386342487,0.8816802310098635
2025-07-16,1,2,1,overtid_timer,2.460444607162459,0.8006797111859553
2025-08-16,1,2,1,overtid_timer,2.1168327338894946,0.6888612802197115
2025-09-16,1,2,1,overtid_timer,2.601048361598107,0.8464350893665795
2025-10-16,1,2,1,overtid_timer,2.821346954816991,0.9181248211653339
2025-11-16,1,2,1,overtid_timer,2.7585112738616795,0.8976767872071568
2025-12-16,1,2,1,overtid_timer,3.0511183448575836,0.992897197540296
2026-01-16,1,2,1,overtid_timer,2.38683352856704,0.7767251393259375
2026-02-16,1,2,1,overtid_timer,2.5911295169417548,0.8432072915727875
2021-01-16,1,2,2,overtid_timer,1.338694680269664,0.6674449850187578
2021-02-16,1,2,2,overtid_timer,1.4653357000992546,0.7305855314246752
2021-03-16,1,2,2,overtid_timer,1.4180441462733344,0.7070069582816962
2021-04-16,1,2,2,overtid_timer,1.5189409007156276,0.7573119559407683
2021-05-16,1,2,2,overtid_timer,1.4978065737504063,0.7467748254414955
2021-06-16,1,2,2,overtid_timer,1.6384606929598773,0.8169020081906502
2021-07-16,1,2,2,overtid_timer,1.6109643325583523,0.8031929017552908
2021-08-16,1,2,2,overtid_timer,1.4823011543685665,0.7390441497620067
2021-09-16,1,2,2,overtid_timer,1.8636169151054052,0.9291601605025201
2021-10-16,1,2,2,overtid_timer,1.971280568145187,0.9828389913437144
2021-11-16,1,2,2,overtid_timer,1.9695074698698152,0.9819549618713601
2021-12-16,1,2,2,overtid_timer,2.5334413892276695,1.2631205419732787
2022-01-16,1,2,2,overtid_timer,1.804498867754506,0.8996851466625377
2022-02-16,1,2,2,overtid_timer,1.9350181250573406,0.9647593006269067
2022-03-16,1,2,2,overtid_timer,2.36004765986404,1.1766700788444182
2022-04-16,1,2,2,overtid_timer,2.5112731806080664,1.2520679398466883
2022-05-16,1,2,2,overtid_timer,2.1043816130609794,1.0492003702594106
2022-06-16,1,2,2,overtid_timer,1.995110594041302,0.9947201405793453
2022-07-16,1,2,2,overtid_timer,2.037596258542886,1.0159025984800965
2022-08-16,1,2,2,overtid_timer,1.8647991372837438,0.9297495915921776
2022-09-16,1,2,2,overtid_timer,1.9433106483995382,0.9688937781888747
2022-10-16,1,2,2,overtid_timer,2.0057004102473575,1.0
2022-11-16,1,2,2,overtid_timer,2.0079103485095047,1.0011018286932867
2022-12-16,1,2,2,overtid_timer,2.352487454161275,1.1729007194405217
2023-01-16,1,2,2,overtid_timer,1.8165226866390962,0.9056799696296963
2023-02-16,1,2,2,overtid_timer,1.7378346810706766,0.8664477866145295
2023-03-16,1,2,2,overtid_timer,1.6004443079397688,0.7979478389508782
2023-04-16,1,2,2,overtid_timer,1.7918309785297601,0.8933692037829212
2023-05-16,1,2,2,overtid_timer,1.7770113843083606,0.8859804660902506
2023-06-16,1,2,2,overtid_timer,1.8675533785902099,0.9311227983245463
2023-07-16,1,2,2,overtid_timer,1.832078603995337,0.9134358225361243
2023-08-16,1,2,2,overtid_timer,1.6437686681482782,0.8195484528746527
2023-09-16,1,2,2,overtid_timer,1.940728712297589,0.9676064792040623
2023-10-16,1,2,2,overtid_timer,2.08549969669962,1.0397862442688643
2023-11-16,1,2,2,overtid_timer,1.9771941512130022,0.9857873793669716
2023-12-16,1,2,2,overtid_timer,2.335508199746609,1.164435220641241
2024-01-16,1,2,2,overtid_timer,1.7213055703662257,0.8582067199926143
2024-02-16,1,2,2,overtid_timer,1.7504651764188313,0.8727450856945037
2024-03-16,1,2,2,overtid_timer,1.7294632449447784,0.8622739647999018
2024-04-16,1,2,2,overtid_timer,1.647723702603752,0.8215203497916933
2024-05-16,1,2,2,overtid_timer,1.6671079652099803,0.831184935044402
2024-06-16,1,2,2,overtid_timer,1.8622584146729628,0.9284828407864242
2024-07-16,1,2,2,overtid_timer,1.7820961507762096,0.8885156236052366
2024-08-16,1,2,2,overtid_timer,1.4545049409319735,0.7251855429159499
2024-09-16,1,2,2,overtid_timer,1.7789328069938903,0.8869384469909439
2024-10-16,1,2,2,overtid_timer,1.9495406889725881,0.9719999452620927
2024-11-16,1,2,2,overtid_timer,1.8899307564758,0.9422796878436697
2024-12-16,1,2,2,overtid_timer,2.1606525457437424,1.077255872664091
2025-01-16,1,2,2,overtid_timer,1.5451299116457784,0.7703692454523763
2025-02-16,1,2,2,overtid_timer,1.7055815977326987,0.8503670782628768
2025-03-16,1,2,2,overtid_timer,1.5756600529004383,0.785590931153131
2025-04-16,1,2,2,overtid_timer,1.6247533813314088,0.8100678311827401
2025-05-16,1,2,2,overtid_timer,1.4876668815070904,0.7417193883525309
2025-06-16,1,2,2,overtid_timer,1.6252537426483034,0.8103173008016015
2025-07-16,1,2,2,overtid_timer,1.5904053984969202,0.7929426500445198
2025-08-16,1,2,2,overtid_timer,1.3243715686032127,0.660303783075899
2025-09-16,1,2,2,overtid_timer,1.617206576325271,0.8063051530840667
2025-10-16,1,2,2,overtid_timer,1.7345876919230132,0.8648289061820011
2025-11-16,1,2,2,overtid_timer,1.7790289107808455,0.8869863623159168
2025-12-16,1,2,2,overtid_timer,1.901180607253042,0.9478886266062909
2026-01-16,1,2,2,overtid_timer,1.4241154308307225,0.7100339729476798
2026-02-16,1,2,2,overtid_timer,1.4847360104716791,0.7402581177557673
2021-01-16,1,2,3,overtid_timer,1.7906201982664083,0.7316763114882633
2021-02-16,1,2,3,overtid_timer,1.8739995448146236,0.765746458131177
2021-03-16,1,2,3,overtid_timer,1.7779122390819053,0.7264836342741547
2021-04-16,1,2,3,overtid_timer,1.9904491801880155,0.8133296585031188
2021-05-16,1,2,3,overtid_timer,2.1491008416894903,0.8781572878414163
2021-06-16,1,2,3,overtid_timer,2.218774413077398,0.9066270335589467
2021-07-16,1,2,3,overtid_timer,2.2107596508194436,0.9033520723516327
2021-08-16,1,2,3,overtid_timer,1.7767425401454673,0.7260056764111789
2021-09-16,1,2,3,overtid_timer,2.14512516176841,0.8765327608629256
2021-10-16,1,2,3,overtid_timer,2.4978803081248984,1.0206742067119674
2021-11-16,1,2,3,overtid_timer,2.4369223363234056,0.9957657956448396
2021-12-16,1,2,3,overtid_timer,3.268531395960014,1.3355746785917797
2022-01-16,1,2,3,overtid_timer,2.324878047912277,0.9499826911387298
2022-02-16,1,2,3,overtid_timer,2.345261519356974,0.9583117065359769
2022-03-16,1,2,3,overtid_timer,2.685506640753131,1.097341354289329
2022-04-16,1,2,3,overtid_timer,2.7572908120815534,1.126673525205122
2022-05-16,1,2,3,overtid_timer,2.5451176437775422,1.0399761444139555
2022-06-16,1,2,3,overtid_timer,2.5035345546553156,1.0229846230970983
2022-07-16,1,2,3,overtid_timer,2.553455434623881,1.0433831003157799
2022-08-16,1,2,3,overtid_timer,2.0942201764312878,0.8557321623083637
2022-09-16,1,2,3,overtid_timer,2.12789125282672,0.8694907075345938
2022-10-16,1,2,3,overtid_timer,2.447284639602729,1.0
2022-11-16,1,2,3,overtid_timer,2.4614336973382125,1.005781533339653
2022-12-16,1,2,3,overtid_timer,3.0569063483456236,1.2491012687604068
2023-01-16,1,2,3,overtid_timer,2.255091685513022,0.9214668571936505
2023-02-16,1,2,3,overtid_timer,2.216611114087517,0.905743074678613
2023-03-16,1,2,3,overtid_timer,2.0984611887001425,0.857465108366303
2023-04-16,1,2,3,overtid_timer,2.257711960162831,0.9225375437036734
2023-05-16,1,2,3,overtid_timer,2.2837560867498734,0.9331795941483124
2023-06-16,1,2,3,overtid_timer,2.462462472225883,1.0062019073619561
2023-07-16,1,2,3,overtid_timer,2.598639223288811,1.061845925576786
2023-08-16,1,2,3,overtid_timer,1.8602119166511077,0.7601126107476728
2023-09-16,1,2,3,overtid_timer,2.116013705261822,0.86463734991011
2023-10-16,1,2,3,overtid_timer,2.4650567824235914,1.0072619843778154
2023-11-16,1,2,3,overtid_timer,2.462828148974634,1.0063513287830828
2023-12-16,1,2,3,overtid_timer,2.9538816864229536,1.2070037292035067
2024-01-16,1,2,3,overtid_timer,2.2107617497731176,0.9033529300179785
2024-02-16,1,2,3,overtid_timer,2.328159526394457,0.9513235562057016
2024-03-16,1,2,3,overtid_timer,2.2609062680480783,0.9238427894579089
2024-04-16,1,2,3,overtid_timer,2.1919271839406367,0.8956568224513742
2024-05-16,1,2,3,overtid_timer,2.256318818920766,0.9219682837085259
2024-06-16,1,2,3,overtid_timer,2.5281551246810383,1.0330449853562753
2024-07-16,1,2,3,overtid_timer,2.3796251051180897,0.9723532222653012
2024-08-16,1,2,3,overtid_timer,1.7825991401894339,0.7283987777076907
2024-09-16,1,2,3,overtid_timer,1.993689551960117,0.8146537267049392
2024-10-16,1,2,3,overtid_timer,2.3275432468610937,0.951071734442352
2024-11-16,1,2,3,overtid_timer,2.3501248722190478,0.960298951004141
2024-12-16,1,2,3,overtid_timer,2.8920933050728106,1.1817559993929796
2025-01-16,1,2,3,overtid_timer,2.0353285662016662,0.8316680999281163
2025-02-16,1,2,3,overtid_timer,2.2562132464878415,0.9219251451086196
2025-03-16,1,2,3,overtid_timer,2.14145691669078,0.875033856723101
2025-04-16,1,2,3,overtid_timer,2.375646373270011,0.9707274482201846
2025-05-16,1,2,3,overtid_timer,2.2693419719272536,0.92728975420515
2025-06-16,1,2,3,overtid_timer,2.399687958310253,0.9805512278701662
2025-07-16,1,2,3,overtid_timer,2.2988433254741825,0.9393444833811228
2025-08-16,1,2,3,overtid_timer,1.8650000766110142,0.7620691301824876
2025-09-16,1,2,3,overtid_timer,1.8924185355948913,0.7732727550245607
2025-10-16,1,2,3,overtid_timer,2.2207160942063657,0.907420435804663
2025-11-16,1,2,3,overtid_timer,2.3449264134022187,0.9581747768346529
2025-12-16,1,2,3,overtid_timer,2.6487575027880066,1.0823250634294763
2026-01-16,1,2,3,overtid_timer,1.9336322426639,0.7901133408730867
2026-02-16,1,2,3,overtid_timer,2.044657114133781,0.8354798951648277
2021-01-16,1,2,4,overtid_timer,1.5006409045248892,0.8221162154123703
2021-02-16,1,2,4,overtid_timer,1.7544276324137358,0.9611515993105086
2021-03-16,1,2,4,overtid_timer,1.6341496882292428,0.8952581214155806
2021-04-16,1,2,4,overtid_timer,1.7776694957063772,0.9738845007206083
2021-05-16,1,2,4,overtid_timer,1.889689315220442,1.0352538195179237
2021-06-16,1,2,4,overtid_timer,1.8530305533747116,1.0151705587861652
2021-07-16,1,2,4,overtid_timer,1.8745662440839082,1.0269687448070517
2021-08-16,1,2,4,overtid_timer,1.2399721270716122,0.6793105460814347
2021-09-16,1,2,4,overtid_timer,1.586681875733083,0.86925319362401
2021-10-16,1,2,4,overtid_timer,1.8885903856510782,1.0346517782062108
2021-11-16,1,2,4,overtid_timer,1.8426037485559763,1.0094583025824493
2021-12-16,1,2,4,overtid_timer,2.275336594560348,1.24652813625753
2022-01-16,1,2,4,overtid_timer,1.6135115826196802,0.8839516714675257
2022-02-16,1,2,4,overtid_timer,1.7385945707350348,0.9524775609670014
2022-03-16,1,2,4,overtid_timer,1.67563234187549,0.9179841194328826
2022-04-16,1,2,4,overtid_timer,1.8729066915160533,1.0260595698856905
2022-05-16,1,2,4,overtid_timer,1.6931810052830907,0.9275980388607086
2022-06-16,1,2,4,overtid_timer,1.7763552435059875,0.9731644963266032
2022-07-16,1,2,4,overtid_timer,1.8463348334426166,1.0115023528126796
2022-08-16,1,2,4,overtid_timer,1.2849336060817722,0.7039423956143369
2022-09-16,1,2,4,overtid_timer,1.5236703850966122,0.8347327643505268
2022-10-16,1,2,4,overtid_timer,1.8253391386668776,1.0
2022-11-16,1,2,4,overtid_timer,1.9072868941249432,1.0448945369778877
2022-12-16,1,2,4,overtid_timer,2.2816297962391556,1.2499758252625461
2023-01-16,1,2,4,overtid_timer,1.4382167949942515,0.7879175790010409
2023-02-16,1,2,4,overtid_timer,1.5700591437837483,0.8601465396345082
2023-03-16,1,2,4,overtid_timer,1.539002300238639,0.8431322528714513
2023-04-16,1,2,4,overtid_timer,1.6372107598798014,0.8969351093164669
2023-05-16,1,2,4,overtid_timer,1.6962386609197233,0.929273155320911
2023-06-16,1,2,4,overtid_timer,1.7910645751665304,0.9812229065962069
2023-07-16,1,2,4,overtid_timer,1.8710794515774063,1.0250585285449667
2023-08-16,1,2,4,overtid_timer,1.2741055109388963,0.6980102951550304
2023-09-16,1,2,4,overtid_timer,1.6670999132601727,0.9133096847294505
2023-10-16,1,2,4,overtid_timer,2.0048950131312813,1.0983685007683235
2023-11-16,1,2,4,overtid_timer,2.0257055608280443,1.1097694219757446
2023-12-16,1,2,4,overtid_timer,2.2565688211375265,1.2362463354539115
2024-01-16,1,2,4,overtid_timer,1.430737596646411,0.7838201495483953
2024-02-16,1,2,4,overtid_timer,1.7022782749249383,0.9325819179926116
2024-03-16,1,2,4,overtid_timer,1.6779413592644257,0.9192490993700476
2024-04-16,1,2,4,overtid_timer,1.5951230425516576,0.8738776311544185
2024-05-16,1,2,4,overtid_timer,1.7481213681679586,0.9576967540643903
2024-06-16,1,2,4,overtid_timer,1.8482812031271105,1.0125686585984173
2024-07-16,1,2,4,overtid_timer,1.7869150920574626,0.9789496396612206
2024-08-16,1,2,4,overtid_timer,1.1834704966414344,0.6483565007573184
2024-09-16,1,2,4,overtid_timer,1.5949201370971704,0.8737664707403404
2024-10-16,1,2,4,overtid_timer,1.928018350575914,1.0562521285682986
2024-11-16,1,2,4,overtid_timer,1.9650121564708094,1.0765189409711233
2024-12-16,1,2,4,overtid_timer,2.1381043734106173,1.171346369624313
2025-01-16,1,2,4,overtid_timer,1.2948259218821334,0.7093618355369291
2025-02-16,1,2,4,overtid_timer,1.550483113134086,0.8494219404436095
2025-03-16,1,2,4,overtid_timer,1.3626264510874815,0.7465059079830312
2025-04-16,1,2,4,overtid_timer,1.6737836405839601,0.9169713206316252
2025-05-16,1,2,4,overtid_timer,1.510144572864057,0.8273227373883953
2025-06-16,1,2,4,overtid_timer,1.7245491698570756,0.9447828807947365
2025-07-16,1,2,4,overtid_timer,1.7053477783083772,0.9342635251627075
2025-08-16,1,2,4,overtid_timer,1.1394284874275276,0.6242283766838531
2025-09-16,1,2,4,overtid_timer,1.501474820687682,0.8225730708783643
2025-10-16,1,2,4,overtid_timer,1.7172955150803388,0.9408090138989472
2025-11-16,1,2,4,overtid_timer,1.8703358584711893,1.0246511559693914
2025-12-16,1,2,4,overtid_timer,1.9658964113353345,1.0770033741626293
2026-01-16,1,2,4,overtid_timer,1.2288950480965364,0.6732420414729344
2026-02-16,1,2,4,overtid_timer,1.4285227305025492,0.7826067497494519
2021-01-16,1,2,5,overtid_timer,1.518931779467008,0.9009947674929111
2021-02-16,1,2,5,overtid_timer,1.8426354318178348,1.0930081949088422
2021-03-16,1,2,5,overtid_timer,1.8245675042971816,1.0822907233438834
2021-04-16,1,2,5,overtid_timer,1.7500912152059278,1.0381131324338722
2021-05-16,1,2,5,overtid_timer,2.023909830949246,1.2005359241365066
2021-06-16,1,2,5,overtid_timer,1.8994890795859427,1.1267324476003784
2021-07-16,1,2,5,overtid_timer,1.8651692958296668,1.1063747554354655
2021-08-16,1,2,5,overtid_timer,0.986850794794304,0.5853767854655655
2021-09-16,1,2,5,overtid_timer,1.3774604138261746,0.8170772657883942
2021-10-16,1,2,5,overtid_timer,1.9062435607182373,1.1307390476594426
2021-11-16,1,2,5,overtid_timer,1.8565164952755182,1.1012421167423811
2021-12-16,1,2,5,overtid_timer,2.359292356962824,1.3994769859614313
2022-01-16,1,2,5,overtid_timer,1.5492536812133746,0.9189810096554767
2022-02-16,1,2,5,overtid_timer,1.583585666625953,0.9393459395572201
2022-03-16,1,2,5,overtid_timer,1.6164523758672869,0.9588417019419824
2022-04-16,1,2,5,overtid_timer,1.835160003041416,1.0885739455874652
2022-05-16,1,2,5,overtid_timer,1.6403234310926769,0.9730014529876532
2022-06-16,1,2,5,overtid_timer,1.6018510653631735,0.9501805464242791
2022-07-16,1,2,5,overtid_timer,1.9013925012505426,1.127861512765332
2022-08-16,1,2,5,overtid_timer,0.970734098007692,0.5758167382861571
2022-09-16,1,2,5,overtid_timer,1.2509128139089878,0.74201219248788
2022-10-16,1,2,5,overtid_timer,1.6858386244501236,1.0
2022-11-16,1,2,5,overtid_timer,1.8273200511604741,1.0839234696953857
2022-12-16,1,2,5,overtid_timer,2.254896605789092,1.3375518706747984
2023-01-16,1,2,5,overtid_timer,1.2370915349812235,0.733813733437701
2023-02-16,1,2,5,overtid_timer,1.355165784389969,0.8038526136106228
2023-03-16,1,2,5,overtid_timer,1.368123549292809,0.8115388563594307
2023-04-16,1,2,5,overtid_timer,1.4834829042781081,0.8799673247265772
2023-05-16,1,2,5,overtid_timer,1.5482284990725208,0.9183728956130143
2023-06-16,1,2,5,overtid_timer,1.5321946826068513,0.9088620110994391
2023-07-16,1,2,5,overtid_timer,1.6583567065322593,0.9836983697494603
2023-08-16,1,2,5,overtid_timer,0.9085690776537393,0.5389419037365398
2023-09-16,1,2,5,overtid_timer,1.306359045788339,0.7749015990272728
2023-10-16,1,2,5,overtid_timer,1.820845748893923,1.080083065179406
2023-11-16,1,2,5,overtid_timer,1.8114088367769123,1.0744853098663263
2023-12-16,1,2,5,overtid_timer,2.1065766092597893,1.2495719214802659
2024-01-16,1,2,5,overtid_timer,1.1759167944529136,0.6975263096943617
2024-02-16,1,2,5,overtid_timer,1.4772029993066622,0.876242232134459
2024-03-16,1,2,5,overtid_timer,1.5095822914029176,0.8954488700810873
2024-04-16,1,2,5,overtid_timer,1.4088130781344093,0.8356749321685089
2024-05-16,1,2,5,overtid_timer,1.4417536039013155,0.8552144807879092
2024-06-16,1,2,5,overtid_timer,1.527524910327444,0.906092011520784
2024-07-16,1,2,5,overtid_timer,1.572623189504232,0.9328432548027428
2024-08-16,1,2,5,overtid_timer,0.8333346861798121,0.4943146242432451
2024-09-16,1,2,5,overtid_timer,1.2189408287482997,0.7230471594787943
2024-10-16,1,2,5,overtid_timer,1.5629233364174417,0.9270895290628582
2024-11-16,1,2,5,overtid_timer,1.6476265697669,0.9773335038543873
2024-12-16,1,2,5,overtid_timer,2.13331052998163,1.2654298573076412
2025-01-16,1,2,5,overtid_timer,1.1849666057365291,0.702894445856604
2025-02-16,1,2,5,overtid_timer,1.4408129499680165,0.8546565068990348
2025-03-16,1,2,5,overtid_timer,1.4255266866584166,0.8455890534145201
2025-04-16,1,2,5,overtid_timer,1.5225214719488176,0.9031240890244903
2025-05-16,1,2,5,overtid_timer,1.2854381499011895,0.7624918134263686
2025-06-16,1,2,5,overtid_timer,1.5431761815977163,0.915375979181317
2025-07-16,1,2,5,overtid_timer,1.597569097935772,0.9476405836038174
2025-08-16,1,2,5,overtid_timer,0.842711437190122,0.4998766933964349
2025-09-16,1,2,5,overtid_timer,1.2813529793918956,0.760068585929949
2025-10-16,1,2,5,overtid_timer,1.7679504225672278,1.0487067960872511
2025-11-16,1,2,5,overtid_timer,1.8144008113932626,1.0762600791550097
2025-12-16,1,2,5,overtid_timer,2.0313487764937816,1.2049485324589442
2026-01-16,1,2,5,overtid_timer,1.1313837695573032,0.6711103620172014
2026-02-16,1,2,5,overtid_timer,1.3455150419875799,0.7981280191788533
2021-01-16,1,2,all,overtid_timer,1.6541601052469597,0.739948426490884
2021-02-16,1,2,all,overtid_timer,1.8287969517281095,0.8180679865934198
2021-03-16,1,2,all,overtid_timer,1.743467597595314,0.7798979683927819
2021-04-16,1,2,all,overtid_timer,1.8814159482533177,0.8416058192124359
2021-05-16,1,2,all,overtid_timer,1.9857066966926709,0.8882577575347755
2021-06-16,1,2,all,overtid_timer,2.0427933121581376,0.9137940711923075
2021-07-16,1,2,all,overtid_timer,2.005742636603037,0.8972203495855179
2021-08-16,1,2,all,overtid_timer,1.5760027629521631,0.7049866339374903
2021-09-16,1,2,all,overtid_timer,1.974469684984032,0.8832311527303841
2021-10-16,1,2,all,overtid_timer,2.258865160100126,1.0104485748201666
2021-11-16,1,2,all,overtid_timer,2.2262658790227423,0.995866076631853
2021-12-16,1,2,all,overtid_timer,2.842872950047561,1.271690303392448
2022-01-16,1,2,all,overtid_timer,2.0806484337590994,0.9307276422380623
2022-02-16,1,2,all,overtid_timer,2.191774183744265,0.9804370528225149
2022-03-16,1,2,all,overtid_timer,2.512238102138792,1.123788818719282
2022-04-16,1,2,all,overtid_timer,2.6250352139246274,1.1742458724917064
2022-05-16,1,2,all,overtid_timer,2.328488267340222,1.0415927841904098
2022-06-16,1,2,all,overtid_timer,2.2353182211434075,0.9999154224521255
2022-07-16,1,2,all,overtid_timer,2.2995512407560255,1.0286485067771274
2022-08-16,1,2,all,overtid_timer,1.8549270137144296,0.8297566364342405
2022-09-16,1,2,all,overtid_timer,1.9847029107685505,0.8878087382332397
2022-10-16,1,2,all,overtid_timer,2.235507294868663,1.0
2022-11-16,1,2,all,overtid_timer,2.264039174972606,1.0127630449560305
2022-12-16,1,2,all,overtid_timer,2.7126730173963933,1.213448519547669
2023-01-16,1,2,all,overtid_timer,1.998616395700241,0.8940325984566562
2023-02-16,1,2,all,overtid_timer,1.981852627824607,0.886533733248695
2023-03-16,1,2,all,overtid_timer,1.8739272269166523,0.8382559212479539
2023-04-16,1,2,all,overtid_timer,2.047666822803146,0.9159741180461893
2023-05-16,1,2,all,overtid_timer,2.0567052770599927,0.9200172514672224
2023-06-16,1,2,all,overtid_timer,2.168585712661103,0.9700642523685024
2023-07-16,1,2,all,overtid_timer,2.2111395528800943,0.9890996812918026
2023-08-16,1,2,all,overtid_timer,1.664272924611408,0.7444721511003546
2023-09-16,1,2,all,overtid_timer,1.989295386963549,0.8898630711381422
2023-10-16,1,2,all,overtid_timer,2.296957007460435,1.0274880393961685
2023-11-16,1,2,all,overtid_timer,2.275741279376442,1.0179976977038416
2023-12-16,1,2,all,overtid_timer,2.6285377530358627,1.1758126484620979
2024-01-16,1,2,all,overtid_timer,1.944046927534838,0.8696222696285371
2024-02-16,1,2,all,overtid_timer,2.085879009332873,0.9330674134326273
2024-03-16,1,2,all,overtid_timer,2.018423659651115,0.9028928978599903
2024-04-16,1,2,all,overtid_timer,1.9226873209131643,0.8600675673599728
2024-05-16,1,2,all,overtid_timer,1.975178957824657,0.8835484287429711
2024-06-16,1,2,all,overtid_timer,2.186103096086129,0.977900229224957
2024-07-16,1,2,all,overtid_timer,2.068986477141566,0.9255109486292774
2024-08-16,1,2,all,overtid_timer,1.5378756784712706,0.6879314068897375
2024-09-16,1,2,all,overtid_timer,1.8594882203292735,0.8317969816504308
2024-10-16,1,2,all,overtid_timer,2.158054977910974,0.9653535834414535
2024-11-16,1,2,all,overtid_timer,2.1496656224403985,0.9616008086284024
2024-12-16,1,2,all,overtid_timer,2.499001147706864,1.1178675880159368
2025-01-16,1,2,all,overtid_timer,1.7231332406975755,0.7708018867363214
2025-02-16,1,2,all,overtid_timer,1.9388946819888013,0.8673175374731722
2025-03-16,1,2,all,overtid_timer,1.7966999408119342,0.80371016678677
2025-04-16,1,2,all,overtid_timer,1.9642424920618662,0.8786562658822664
2025-05-16,1,2,all,overtid_timer,1.8773722964371449,0.8397969895899808
2025-06-16,1,2,all,overtid_timer,2.0632271790683454,0.9229346662407384
2025-07-16,1,2,all,overtid_timer,1.9937381760236006,0.8918504451316199
2025-08-16,1,2,all,overtid_timer,1.5287034528154846,0.6838284340759875
2025-09-16,1,2,all,overtid_timer,1.774773057607634,0.7939017070896665
2025-10-16,1,2,all,overtid_timer,2.061198299592537,0.9220270961869679
2025-11-16,1,2,all,overtid_timer,2.1389178056789437,0.956793033325622
2025-12-16,1,2,all,overtid_timer,2.3655127059524386,1.0581547693367799
2026-01-16,1,2,all,overtid_timer,1.667369503843436,0.7458573307591889
2026-02-16,1,2,all,overtid_timer,1.8088210707185726,0.8091322604361448
2021-01-16,1,2,1,stillingspst,70.37969562977534,1.002000659315518
2021-02-16,1,2,1,stillingspst,70.67041549697551,1.006139658440252
2021-03-16,1,2,1,stillingspst,70.405435062745,1.002367113426682
2021-04-16,1,2,1,stillingspst,71.10216007234426,1.012286436219046
2021-05-16,1,2,1,stillingspst,71.06565099853135,1.011766653976395
2021-06-16,1,2,1,stillingspst,70.01041594442945,0.9967431985538965
2021-07-16,1,2,1,stillingspst,69.68386152336755,0.9920940203743309
2021-08-16,1,2,1,stillingspst,70.10445916040076,0.998082098410797
2021-09-16,1,2,1,stillingspst,69.417644123507,0.9883038645943919
2021-10-16,1,2,1,stillingspst,69.73619395383699,0.9928390808546972
2021-11-16,1,2,1,stillingspst,69.54746797514387,0.9901521758689862
2021-12-16,1,2,1,stillingspst,69.80638059223666,0.9938383329446971
2022-01-16,1,2,1,stillingspst,70.19638588937151,0.9993908656939342
2022-02-16,1,2,1,stillingspst,70.67876239151539,1.0062584937628172
2022-03-16,1,2,1,stillingspst,70.27243522172188,1.000473585368603
2022-04-16,1,2,1,stillingspst,71.38590404534709,1.0163261190491797
2022-05-16,1,2,1,stillingspst,70.79731100276774,1.00794627864982
2022-06-16,1,2,1,stillingspst,70.2766480428222,1.0005335635978685
2022-07-16,1,2,1,stillingspst,70.51283172779512,1.003896127274008
2022-08-16,1,2,1,stillingspst,70.14978637691084,0.9987274251690561
2022-09-16,1,2,1,stillingspst,69.4651466138613,0.9889801608788276
2022-10-16,1,2,1,stillingspst,70.23917097804386,1.0
2022-11-16,1,2,1,stillingspst,70.32830584712129,1.0012690193781657
2022-12-16,1,2,1,stillingspst,70.53602258949043,1.0042262971973197
2023-01-16,1,2,1,stillingspst,70.90091914075386,1.0094213549718127
2023-02-16,1,2,1,stillingspst,71.08689800271401,1.012069149064062
2023-03-16,1,2,1,stillingspst,70.49887222934612,1.0036973849162234
2023-04-16,1,2,1,stillingspst,72.14533479908198,1.0271381879156
2023-05-16,1,2,1,stillingspst,71.34249404958997,1.0157080878971507
2023-06-16,1,2,1,stillingspst,70.34508452191551,1.001507898547162
2023-07-16,1,2,1,stillingspst,70.9863687021496,1.0106379063662256
2023-08-16,1,2,1,stillingspst,71.68031186920938,1.0205176238713867
2023-09-16,1,2,1,stillingspst,71.50156115426522,1.0179727374147962
2023-10-16,1,2,1,stillingspst,70.7657552222901,1.0074970167915398
2023-11-16,1,2,1,stillingspst,70.90006237017035,1.0094091570689676
2023-12-16,1,2,1,stillingspst,71.68359408492834,1.020564353006615
2024-01-16,1,2,1,stillingspst,71.69552480069055,1.0207342114430982
2024-02-16,1,2,1,stillingspst,71.94373871890853,1.0242680503930992
2024-03-16,1,2,1,stillingspst,72.40151500528927,1.0307854434660304
2024-04-16,1,2,1,stillingspst,71.8061491443786,1.0223091779774074
2024-05-16,1,2,1,stillingspst,72.23363902460886,1.0283953813633202
2024-06-16,1,2,1,stillingspst,71.51884524926194,1.0182188122866385
2024-07-16,1,2,1,stillingspst,71.01711216597438,1.0110756032153867
2024-08-16,1,2,1,stillingspst,72.67412845887743,1.0346666603111634
2024-09-16,1,2,1,stillingspst,72.27632597089331,1.029003118409331
2024-10-16,1,2,1,stillingspst,71.73259240850531,1.021261945573479
2024-11-16,1,2,1,stillingspst,72.18254311980341,1.0276679253854952
2024-12-16,1,2,1,stillingspst,72.31967885451344,1.0296203364518628
2025-01-16,1,2,1,stillingspst,71.70725702672847,1.0209012439674654
2025-02-16,1,2,1,stillingspst,72.14277197374693,1.0271017007916867
2025-03-16,1,2,1,stillingspst,71.966650993748,1.0245942540558193
2025-04-16,1,2,1,stillingspst,72.24280310587254,1.0285258510305453
2025-05-16,1,2,1,stillingspst,72.91670210002178,1.0381201982411623
2025-06-16,1,2,1,stillingspst,72.56797235190648,1.0331553083761564
2025-07-16,1,2,1,stillingspst,71.81380665378435,1.0224181984755019
2025-08-16,1,2,1,stillingspst,73.59704908254291,1.0478063459141438
2025-09-16,1,2,1,stillingspst,73.02500020898778,1.0396620460086972
2025-10-16,1,2,1,stillingspst,72.61374442961855,1.033806968654527
2025-11-16,1,2,1,stillingspst,73.14468971394142,1.041366073879286
2025-12-16,1,2,1,stillingspst,73.5488241198134,1.047119763739867
2026-01-16,1,2,1,stillingspst,73.44704994179806,1.045670797634513
2026-02-16,1,2,1,stillingspst,73.53022545219547,1.0468549732054833
2021-01-16,1,2,2,stillingspst,67.81445866845674,1.0170844606595044
2021-02-16,1,2,2,stillingspst,67.86695614818721,1.0178718203451238
2021-03-16,1,2,2,stillingspst,67.39464636602678,1.0107880958786142
2021-04-16,1,2,2,stillingspst,68.48089224295443,1.027079662951057
2021-05-16,1,2,2,stillingspst,68.47623309657975,1.0270097848532198
2021-06-16,1,2,2,stillingspst,67.1438666751252,1.0070268902054702
2021-07-16,1,2,2,stillingspst,66.79132919428376,1.0017395163827745
2021-08-16,1,2,2,stillingspst,67.9267504663781,1.0187686183593203
2021-09-16,1,2,2,stillingspst,67.10739123809293,1.006479829874536
2021-10-16,1,2,2,stillingspst,67.04365521379718,1.0055239139656242
2021-11-16,1,2,2,stillingspst,66.71250524756907,1.0005573110993362
2021-12-16,1,2,2,stillingspst,67.03105491343067,1.0053349340643751
2022-01-16,1,2,2,stillingspst,67.62398974900522,1.014227798790981
2022-02-16,1,2,2,stillingspst,67.930801479004,1.0188293756384117
2022-03-16,1,2,2,stillingspst,67.08122389125168,1.0060873707681524
2022-04-16,1,2,2,stillingspst,68.14883356994008,1.0220994312573815
2022-05-16,1,2,2,stillingspst,67.21034295688192,1.0080239046254738
2022-06-16,1,2,2,stillingspst,66.8538123155919,1.0026766411933803
2022-07-16,1,2,2,stillingspst,67.15966833877127,1.0072638843047015
2022-08-16,1,2,2,stillingspst,67.63457268766987,1.014386522205947
2022-09-16,1,2,2,stillingspst,66.23835466759832,0.9934459782601454
2022-10-16,1,2,2,stillingspst,66.67534633700338,1.0
2022-11-16,1,2,2,stillingspst,67.07064162396276,1.0059286574225113
2022-12-16,1,2,2,stillingspst,67.28018195987579,1.0090713532977442
2023-01-16,1,2,2,stillingspst,67.60220003781588,1.0139009956712908
2023-02-16,1,2,2,stillingspst,67.93640506974643,1.0189134185575754
2023-03-16,1,2,2,stillingspst,66.85126768498553,1.0026384767031127
2023-04-16,1,2,2,stillingspst,68.63733103650513,1.0294259393807288
2023-05-16,1,2,2,stillingspst,67.56458429414552,1.0133368329674297
2023-06-16,1,2,2,stillingspst,66.54800084006517,0.9980900662098618
2023-07-16,1,2,2,stillingspst,67.35636996028055,1.010214024533671
2023-08-16,1,2,2,stillingspst,69.1246040674163,1.0367340833601886
2023-09-16,1,2,2,stillingspst,68.70106181931581,1.0303817766775996
2023-10-16,1,2,2,stillingspst,67.71144734290068,1.0155394919234533
2023-11-16,1,2,2,stillingspst,67.44354541511575,1.0115214861311645
2023-12-16,1,2,2,stillingspst,68.2245501416871,1.0232350319839876
2024-01-16,1,2,2,stillingspst,68.16516867675834,1.0223444259625563
2024-02-16,1,2,2,stillingspst,68.30926489532025,1.0245055878683915
2024-03-16,1,2,2,stillingspst,68.78135162983116,1.0315859670556973
2024-04-16,1,2,2,stillingspst,67.96555981789709,1.0193506828501868
2024-05-16,1,2,2,stillingspst,68.56188054434558,1.0282943293283686
2024-06-16,1,2,2,stillingspst,68.02200805120614,1.0201972961249606
2024-07-16,1,2,2,stillingspst,67.06094142396927,1.005783173363914
2024-08-16,1,2,2,stillingspst,69.68763215567368,1.0451784052750928
2024-09-16,1,2,2,stillingspst,69.137363170577,1.0369254449932608
2024-10-16,1,2,2,stillingspst,67.99448328689925,1.0197844784071828
2024-11-16,1,2,2,stillingspst,68.2772230199008,1.0240250223043599
2024-12-16,1,2,2,stillingspst,69.49575166560963,1.0423005726037151
2025-01-16,1,2,2,stillingspst,68.94088572622967,1.033978666983976
2025-02-16,1,2,2,stillingspst,69.25504562954596,1.0386904520826
2025-03-16,1,2,2,stillingspst,68.94627324581127,1.0340594692576435
2025-04-16,1,2,2,stillingspst,69.44366849047417,1.0415194266780199
2025-05-16,1,2,2,stillingspst,68.63032951615169,1.0293209302470971
2025-06-16,1,2,2,stillingspst,68.50961648454422,1.0275104704858933
2025-07-16,1,2,2,stillingspst,67.55814795950512,1.0132403005158717
2025-08-16,1,2,2,stillingspst,70.15269831044563,1.0521534894752005
2025-09-16,1,2,2,stillingspst,69.05235701109301,1.0356505185901141
2025-10-16,1,2,2,stillingspst,68.30996268991186,1.024516053424702
2025-11-16,1,2,2,stillingspst,68.90277321711447,1.033407053768462
2025-12-16,1,2,2,stillingspst,69.13980995888953,1.0369621420401747
2026-01-16,1,2,2,stillingspst,69.26886508114757,1.0388977168717735
2026-02-16,1,2,2,stillingspst,69.33027824085411,1.039818794347639
2021-01-16,1,2,3,stillingspst,84.50601077421207,0.9977122660828275
2021-02-16,1,2,3,stillingspst,84.29417986712569,0.995211304406856
2021-03-16,1,2,3,stillingspst,84.52196596860028,0.9979006395843454
2021-04-16,1,2,3,stillingspst,84.92792916253029,1.002693605841436
2021-05-16,1,2,3,stillingspst,84.9236633620618,1.002643242069521
2021-06-16,1,2,3,stillingspst,84.00822323773086,0.9918351843640201
2021-07-16,1,2,3,stillingspst,84.56515371229287,0.9984105316172526
2021-08-16,1,2,3,stillingspst,85.62673433158338,1.010943983327946
2021-09-16,1,2,3,stillingspst,84.86418630988663,1.0019410318484734
2021-10-16,1,2,3,stillingspst,84.22770644760996,0.9944264922330035
2021-11-16,1,2,3,stillingspst,84.14442472937638,0.9934432344616232
2021-12-16,1,2,3,stillingspst,84.1903148096332,0.9939850313769465
2022-01-16,1,2,3,stillingspst,84.78106739157859,1.000959696159098
2022-02-16,1,2,3,stillingspst,84.98064467306034,1.0033159865571601
2022-03-16,1,2,3,stillingspst,84.70048117053176,1.000008262521667
2022-04-16,1,2,3,stillingspst,85.03945478233278,1.0040103225795711
2022-05-16,1,2,3,stillingspst,84.76656081662104,1.0007884256466055
2022-06-16,1,2,3,stillingspst,84.21409223800735,0.9942657573481225
2022-07-16,1,2,3,stillingspst,84.95970405843627,1.003068753160644
2022-08-16,1,2,3,stillingspst,85.65915667491355,1.0113267746742576
2022-09-16,1,2,3,stillingspst,84.622123042789,0.9990831346582171
2022-10-16,1,2,3,stillingspst,84.69978133675326,1.0
2022-11-16,1,2,3,stillingspst,84.81647737504672,1.0013777607976282
2022-12-16,1,2,3,stillingspst,84.73597142905098,1.0004272749200358
2023-01-16,1,2,3,stillingspst,85.18102817526992,1.005681795524398
2023-02-16,1,2,3,stillingspst,85.20203092771732,1.0059297625452797
2023-03-16,1,2,3,stillingspst,84.6855050137598,0.9998314479356599
2023-04-16,1,2,3,stillingspst,85.17968263330319,1.005665909509753
2023-05-16,1,2,3,stillingspst,85.00778650130725,1.0036364339989192
2023-06-16,1,2,3,stillingspst,84.20458381790755,0.9941534970807435
2023-07-16,1,2,3,stillingspst,84.80060824573718,1.0011904034153647
2023-08-16,1,2,3,stillingspst,86.55504381237543,1.021903981879787
2023-09-16,1,2,3,stillingspst,86.08949075530272,1.0164074735095736
2023-10-16,1,2,3,stillingspst,85.31387873605352,1.0072502831720274
2023-11-16,1,2,3,stillingspst,84.97391591921216,1.0032365441578766
2023-12-16,1,2,3,stillingspst,84.96263638857783,1.0031033734405936
2024-01-16,1,2,3,stillingspst,85.31694557341723,1.0072864914988413
2024-02-16,1,2,3,stillingspst,85.29829328140113,1.007066274967916
2024-03-16,1,2,3,stillingspst,85.27974144505826,1.0068472444574463
2024-04-16,1,2,3,stillingspst,85.10431461275172,1.004776084065555
2024-05-16,1,2,3,stillingspst,85.13801280824994,1.0051739386404592
2024-06-16,1,2,3,stillingspst,84.56466460642588,0.9984047570348479
2024-07-16,1,2,3,stillingspst,84.25844195941418,0.9947893681615968
2024-08-16,1,2,3,stillingspst,86.35550662178484,1.0195481648110598
2024-09-16,1,2,3,stillingspst,86.00938350555964,1.01546169480178
2024-10-16,1,2,3,stillingspst,85.19130529512881,1.0058031313731652
2024-11-16,1,2,3,stillingspst,85.16430106583405,1.0054843084804899
2024-12-16,1,2,3,stillingspst,85.28253621020338,1.0068802405892072
2025-01-16,1,2,3,stillingspst,85.58240056874786,1.0104205609278427
2025-02-16,1,2,3,stillingspst,85.48487715219198,1.0092691598850452
2025-03-16,1,2,3,stillingspst,85.43782799197992,1.0087136784012736
2025-04-16,1,2,3,stillingspst,85.67554706357639,1.0115202862560368
2025-05-16,1,2,3,stillingspst,85.39774747046155,1.0082404714946462
2025-06-16,1,2,3,stillingspst,84.87973455549083,1.0021246007474576
2025-07-16,1,2,3,stillingspst,84.56425639590161,0.9983999375356966
2025-08-16,1,2,3,stillingspst,86.80346117665925,1.024836898120694
2025-09-16,1,2,3,stillingspst,85.9881038605461,1.0152104586748656
2025-10-16,1,2,3,stillingspst,85.35604788150796,1.007748149220663
2025-11-16,1,2,3,stillingspst,85.47278384424803,1.0091263813825142
2025-12-16,1,2,3,stillingspst,85.42467287146746,1.0085583637085453
2026-01-16,1,2,3,stillingspst,85.78607717252986,1.0128252495889882
2026-02-16,1,2,3,stillingspst,85.88104223173427,1.0139464456264
2021-01-16,1,2,4,stillingspst,89.55980083120868,1.0053511469454592
2021-02-16,1,2,4,stillingspst,89.56019630997389,1.0053555863817523
2021-03-16,1,2,4,stillingspst,89.58636477354631,1.005649339769122
2021-04-16,1,2,4,stillingspst,89.81377029485678,1.0082020743615323
2021-05-16,1,2,4,stillingspst,89.74759645617067,1.0074592417066648
2021-06-16,1,2,4,stillingspst,88.56006646768772,0.9941286556080695
2021-07-16,1,2,4,stillingspst,89.60528884406956,1.0058617714162321
2021-08-16,1,2,4,stillingspst,89.8611798624149,1.008734269193124
2021-09-16,1,2,4,stillingspst,89.40394091396749,1.0036015456164369
2021-10-16,1,2,4,stillingspst,89.1018711496272,1.0002106695624648
2021-11-16,1,2,4,stillingspst,88.86831497009597,0.9975888909208346
2021-12-16,1,2,4,stillingspst,88.72920485433768,0.9960273140400095
2022-01-16,1,2,4,stillingspst,89.65150199902347,1.00638053595016
2022-02-16,1,2,4,stillingspst,89.52513672884547,1.0049620259922498
2022-03-16,1,2,4,stillingspst,89.45210271585172,1.004142184634321
2022-04-16,1,2,4,stillingspst,89.63159232534727,1.0061570404412385
2022-05-16,1,2,4,stillingspst,89.63593738143308,1.006205815752024
2022-06-16,1,2,4,stillingspst,88.97192705882232,0.9987519856494034
2022-07-16,1,2,4,stillingspst,89.53481988240239,1.0050707239733099
2022-08-16,1,2,4,stillingspst,90.37602919970611,1.0145136966476953
2022-09-16,1,2,4,stillingspst,89.99301802512826,1.0102142149596947
2022-10-16,1,2,4,stillingspst,89.08310405107375,1.0
2022-11-16,1,2,4,stillingspst,89.20069292224147,1.001319990725742
2022-12-16,1,2,4,stillingspst,89.05635859781371,0.9996997696303364
2023-01-16,1,2,4,stillingspst,89.9828947657461,1.0101005765824738
2023-02-16,1,2,4,stillingspst,90.06941842253681,1.0110718455757624
2023-03-16,1,2,4,stillingspst,89.9291600340855,1.0094973787905581
2023-04-16,1,2,4,stillingspst,89.95790513442579,1.0098200561449957
2023-05-16,1,2,4,stillingspst,90.11879794189576,1.0116261540485638
2023-06-16,1,2,4,stillingspst,89.47488889357123,1.004397970262384
2023-07-16,1,2,4,stillingspst,89.51377765173797,1.0048345149762328
2023-08-16,1,2,4,stillingspst,90.6171169974852,1.0172200212683649
2023-09-16,1,2,4,stillingspst,90.33272417043666,1.0140275772007954
2023-10-16,1,2,4,stillingspst,90.02439885478029,1.0105664796229694
2023-11-16,1,2,4,stillingspst,89.77713285981653,1.007790801815178
2023-12-16,1,2,4,stillingspst,89.80528064141633,1.0081067739840828
2024-01-16,1,2,4,stillingspst,90.68863971568071,1.0180228976269896
2024-02-16,1,2,4,stillingspst,90.48402822360369,1.0157260367996017
2024-03-16,1,2,4,stillingspst,90.55530926250451,1.0165262001937732
2024-04-16,1,2,4,stillingspst,90.30376117905047,1.0137024539162542
2024-05-16,1,2,4,stillingspst,90.5809551894802,1.0168140878605634
2024-06-16,1,2,4,stillingspst,89.99588200087003,1.0102463644427226
2024-07-16,1,2,4,stillingspst,90.47710496886627,1.0156483199888646
2024-08-16,1,2,4,stillingspst,91.14415383602694,1.0231362591919961
2024-09-16,1,2,4,stillingspst,91.0304287597564,1.0218596413924486
2024-10-16,1,2,4,stillingspst,90.72734745122273,1.01845741027621
2024-11-16,1,2,4,stillingspst,90.61960050527196,1.0172478998185481
2024-12-16,1,2,4,stillingspst,90.4914360929026,1.0158091936381273
2025-01-16,1,2,4,stillingspst,91.07001215899332,1.022303983781037
2025-02-16,1,2,4,stillingspst,90.72810594727562,1.018465924753349
2025-03-16,1,2,4,stillingspst,90.24827540201818,1.0130795998113897
2025-04-16,1,2,4,stillingspst,90.76437407452484,1.0188730516449807
2025-05-16,1,2,4,stillingspst,90.96265984663019,1.0210989032721496
2025-06-16,1,2,4,stillingspst,90.47697008281781,1.0156468058291381
2025-07-16,1,2,4,stillingspst,90.78321027751008,1.0190844969373947
2025-08-16,1,2,4,stillingspst,91.71177469455529,1.029508071945657
2025-09-16,1,2,4,stillingspst,90.97124952583901,1.0211953264861846
2025-10-16,1,2,4,stillingspst,90.53303380163811,1.016276147604074
2025-11-16,1,2,4,stillingspst,90.6774882292664,1.0178977169147423
2025-12-16,1,2,4,stillingspst,90.66859875809304,1.017797928394034
2026-01-16,1,2,4,stillingspst,91.35314604714304,1.0254822956636964
2026-02-16,1,2,4,stillingspst,90.99813821659022,1.0214971647644713
2021-01-16,1,2,5,stillingspst,94.39203695408025,1.0047855411174609
2021-02-16,1,2,5,stillingspst,94.30681412011972,1.0038783600235912
2021-03-16,1,2,5,stillingspst,94.4104435946011,1.0049814763557787
2021-04-16,1,2,5,stillingspst,94.39422933244349,1.0048088785742118
2021-05-16,1,2,5,stillingspst,94.37858901423961,1.0046423903184558
2021-06-16,1,2,5,stillingspst,94.00734487189602,1.0006905660069108
2021-07-16,1,2,5,stillingspst,94.14138959867063,1.0021174469989131
2021-08-16,1,2,5,stillingspst,94.47921287754174,1.0057135124829932
2021-09-16,1,2,5,stillingspst,94.20137516515891,1.0027559821108578
2021-10-16,1,2,5,stillingspst,93.23945363978142,0.9925165077698268
2021-11-16,1,2,5,stillingspst,94.00738786286671,1.0006910236377358
2021-12-16,1,2,5,stillingspst,93.71097535001121,0.9975357679961143
2022-01-16,1,2,5,stillingspst,94.42247556908265,1.005109554468936
2022-02-16,1,2,5,stillingspst,94.27162799174502,1.0035038102821123
2022-03-16,1,2,5,stillingspst,94.21648184379403,1.0029167898734264
2022-04-16,1,2,5,stillingspst,94.21824236665206,1.0029355303092689
2022-05-16,1,2,5,stillingspst,94.2046428132115,1.0027907656119102
2022-06-16,1,2,5,stillingspst,93.96300091828552,1.000218532932283
2022-07-16,1,2,5,stillingspst,94.0851368598136,1.001518647137445
2022-08-16,1,2,5,stillingspst,94.4537765731708,1.005442747790588
2022-09-16,1,2,5,stillingspst,94.16117892250242,1.0023281006419142
2022-10-16,1,2,5,stillingspst,93.94247139454576,1.0
2022-11-16,1,2,5,stillingspst,94.00481710606257,1.0006636584134025
2022-12-16,1,2,5,stillingspst,93.9992942071315,1.000604868189459
2023-01-16,1,2,5,stillingspst,94.65166550811584,1.0075492384120017
2023-02-16,1,2,5,stillingspst,94.4955703764123,1.005887634992522
2023-03-16,1,2,5,stillingspst,94.40113380002435,1.0048823753374794
2023-04-16,1,2,5,stillingspst,94.4681576721209,1.0055958318934077
2023-05-16,1,2,5,stillingspst,94.57145972833655,1.0066954629195257
2023-06-16,1,2,5,stillingspst,94.19338550539645,1.0026709336802189
2023-07-16,1,2,5,stillingspst,94.31131776459466,1.0039263004748917
2023-08-16,1,2,5,stillingspst,94.9518265174271,1.0107443960957996
2023-09-16,1,2,5,stillingspst,94.69820343374577,1.008044625907552
2023-10-16,1,2,5,stillingspst,94.01204456486512,1.0007405933576854
2023-11-16,1,2,5,stillingspst,94.60116648523304,1.0070116857786384
2023-12-16,1,2,5,stillingspst,94.49839520781671,1.0059177047933532
2024-01-16,1,2,5,stillingspst,94.91912599674745,1.010396305182348
2024-02-16,1,2,5,stillingspst,94.91562185580318,1.0103590042587907
2024-03-16,1,2,5,stillingspst,94.7856205859606,1.008975165107949
2024-04-16,1,2,5,stillingspst,94.8383456170566,1.0095364131815128
2024-05-16,1,2,5,stillingspst,94.76294972941635,1.0087338380893205
2024-06-16,1,2,5,stillingspst,94.61825430491048,1.0071935824162697
2024-07-16,1,2,5,stillingspst,94.9055284980755,1.0102515623576158
2024-08-16,1,2,5,stillingspst,95.37436921267276,1.0152422838879043
2024-09-16,1,2,5,stillingspst,95.01134334806831,1.0113779416025093
2024-10-16,1,2,5,stillingspst,94.86957521001702,1.009868846345095
2024-11-16,1,2,5,stillingspst,94.7483735710674,1.0085786776157608
2024-12-16,1,2,5,stillingspst,94.87455653137678,1.0099218715773017
2025-01-16,1,2,5,stillingspst,95.10777105324244,1.0124043964502762
2025-02-16,1,2,5,stillingspst,95.0029170548882,1.0112882452909793
2025-03-16,1,2,5,stillingspst,94.91350482297041,1.0103364688410894
2025-04-16,1,2,5,stillingspst,94.9958123999145,1.0112126175704368
2025-05-16,1,2,5,stillingspst,94.96001815583546,1.0108315945512667
2025-06-16,1,2,5,stillingspst,94.83668914465953,1.009518780343325
2025-07-16,1,2,5,stillingspst,94.97232477192004,1.0109625961728113
2025-08-16,1,2,5,stillingspst,95.42416810629453,1.0157723837765118
2025-09-16,1,2,5,stillingspst,95.02938821755222,1.011570025855947
2025-10-16,1,2,5,stillingspst,94.57708207793722,1.0067553117772066
2025-11-16,1,2,5,stillingspst,95.01169547653402,1.011381689944026
2025-12-16,1,2,5,stillingspst,94.96565878064122,1.0108916379450803
2026-01-16,1,2,5,stillingspst,95.24849206839232,1.0139023452806712
2026-02-16,1,2,5,stillingspst,95.19960524389873,1.0133819541969806
2021-01-16,1,2,all,stillingspst,81.74527218414897,1.0037288978803123
2021-02-16,1,2,all,stillingspst,81.71851621397272,1.0034003682939623
2021-03-16,1,2,all,stillingspst,81.69742817946893,1.0031414338129163
2021-04-16,1,2,all,stillingspst,82.18397574936179,1.0091156246504582
2021-05-16,1,2,all,stillingspst,82.13618855491187,1.0085288581410758
2021-06-16,1,2,all,stillingspst,81.14931502827578,0.9964112952439059
2021-07-16,1,2,all,stillingspst,81.38438619403344,0.9992976728389044
2021-08-16,1,2,all,stillingspst,82.18389822849863,1.0091146727919782
2021-09-16,1,2,all,stillingspst,81.5340516653248,1.001135376164567
2021-10-16,1,2,all,stillingspst,81.17941305849578,0.9967808611147374
2021-11-16,1,2,all,stillingspst,81.12498966109733,0.9961126103984563
2021-12-16,1,2,all,stillingspst,81.15395166238665,0.9964682272660477
2022-01-16,1,2,all,stillingspst,81.80206861215599,1.0044262864211273
2022-02-16,1,2,all,stillingspst,81.97077414765708,1.006497777734207
2022-03-16,1,2,all,stillingspst,81.633863906909,1.0023609446722428
2022-04-16,1,2,all,stillingspst,82.11749988357501,1.0082993848151869
2022-05-16,1,2,all,stillingspst,81.766488213694,1.0039894039791195
2022-06-16,1,2,all,stillingspst,81.25281784676567,0.9976821793838024
2022-07-16,1,2,all,stillingspst,81.71785008739624,1.0033921890992934
2022-08-16,1,2,all,stillingspst,82.19558115930586,1.0092581244552956
2022-09-16,1,2,all,stillingspst,81.30863703627793,0.9983675686677662
2022-10-16,1,2,all,stillingspst,81.441584831103,1.0
2022-11-16,1,2,all,stillingspst,81.63671908006609,1.0023960025995045
2022-12-16,1,2,all,stillingspst,81.62346880839479,1.0022333059660982
2023-01-16,1,2,all,stillingspst,82.17523213495781,1.009008264087398
2023-02-16,1,2,all,stillingspst,82.25525729498318,1.0099908721762674
2023-03-16,1,2,all,stillingspst,81.72938260299563,1.0035337938534654
2023-04-16,1,2,all,stillingspst,82.50116980286606,1.0130103677864382
2023-05-16,1,2,all,stillingspst,82.16332685455649,1.0088620822513494
2023-06-16,1,2,all,stillingspst,81.35074720231322,0.9988846284244325
2023-07-16,1,2,all,stillingspst,81.86179059718756,1.0051595971143734
2023-08-16,1,2,all,stillingspst,83.2500098400248,1.0222051794875087
2023-09-16,1,2,all,stillingspst,82.90779159094016,1.0180031707742163
2023-10-16,1,2,all,stillingspst,82.19544376231087,1.0092564373933939
2023-11-16,1,2,all,stillingspst,82.0721413714929,1.0077424394637897
2023-12-16,1,2,all,stillingspst,82.27541120740514,1.010238336815662
2024-01-16,1,2,all,stillingspst,82.64623178694096,1.014791546092039
2024-02-16,1,2,all,stillingspst,82.67502016413904,1.015145031074653
2024-03-16,1,2,all,stillingspst,82.80998442526865,1.0168022220712367
2024-04-16,1,2,all,stillingspst,82.48357851870968,1.0127943689918069
2024-05-16,1,2,all,stillingspst,82.68469069964064,1.0152637730603553
2024-06-16,1,2,all,stillingspst,82.15501568107875,1.0087600315177472
2024-07-16,1,2,all,stillingspst,81.8672351064582,1.0052264488251048
2024-08-16,1,2,all,stillingspst,83.62529553805469,1.0268132147904583
2024-09-16,1,2,all,stillingspst,83.27565137445558,1.0225200252077136
2024-10-16,1,2,all,stillingspst,82.61910226571084,1.0144584297696295
2024-11-16,1,2,all,stillingspst,82.67589487328233,1.015155771400312
2024-12-16,1,2,all,stillingspst,82.99602845660215,1.0190866082569834
2025-01-16,1,2,all,stillingspst,83.09529762898586,1.0203055085594466
2025-02-16,1,2,all,stillingspst,83.10043493299345,1.0203685881767974
2025-03-16,1,2,all,stillingspst,82.94183605070467,1.0184211938251564
2025-04-16,1,2,all,stillingspst,83.22980613107566,1.0219571034095316
2025-05-16,1,2,all,stillingspst,83.05067889040524,1.0197576466941212
2025-06-16,1,2,all,stillingspst,82.67226318084882,1.0151111787951825
2025-07-16,1,2,all,stillingspst,82.3350495733107,1.0109706207714475
2025-08-16,1,2,all,stillingspst,84.16607900645015,1.033453354094193
2025-09-16,1,2,all,stillingspst,83.43484487993673,1.0244747207826006
2025-10-16,1,2,all,stillingspst,82.87793163221332,1.017636528121218
2025-11-16,1,2,all,stillingspst,83.18476224000551,1.0214040212075635
2025-12-16,1,2,all,stillingspst,83.23722138902889,1.022048153429845
2026-01-16,1,2,all,stillingspst,83.57311881400415,1.0261725503908306
2026-02-16,1,2,all,stillingspst,83.57556039742923,1.0262025299575366
2021-01-16,1,2,1,timelonn,8286.046504349268,0.8919144829156732
2021-02-16,1,2,1,timelonn,8339.221134673016,0.8976382285987978
2021-03-16,1,2,1,timelonn,8434.018825223247,0.907842302773898
2021-04-16,1,2,1,timelonn,8826.864050545337,0.9501283731966417
2021-05-16,1,2,1,timelonn,8346.957082913701,0.8984709302100343
2021-06-16,1,2,1,timelonn,8536.871843608917,0.9189134567508421
2021-07-16,1,2,1,timelonn,8459.074875634018,0.9105393494576574
2021-08-16,1,2,1,timelonn,8809.9870533037,0.9483117241759002
2021-09-16,1,2,1,timelonn,8941.671219047485,0.9624862782935848
2021-10-16,1,2,1,timelonn,8888.434499263602,0.9567558492677224
2021-11-16,1,2,1,timelonn,8794.36928081898,0.9466306187823098
2021-12-16,1,2,1,timelonn,9489.499990479433,1.0214548606134626
2022-01-16,1,2,1,timelonn,8946.616304957553,0.9630185699890439
2022-02-16,1,2,1,timelonn,9090.30576702913,0.978485380632302
2022-03-16,1,2,1,timelonn,8773.407368455832,0.9443742673104121
2022-04-16,1,2,1,timelonn,9028.037421420322,0.9717827825661987
2022-05-16,1,2,1,timelonn,8443.938789575956,0.9089100930489759
2022-06-16,1,2,1,timelonn,9066.78130388148,0.9759531948217117
2022-07-16,1,2,1,timelonn,9142.234920811221,0.9840750625535284
2022-08-16,1,2,1,timelonn,8975.591224227624,0.9661374458153772
2022-09-16,1,2,1,timelonn,9009.764339762452,0.9698158582712891
2022-10-16,1,2,1,timelonn,9290.180463559844,1.0
2022-11-16,1,2,1,timelonn,9587.735066952704,1.0320289368500428
2022-12-16,1,2,1,timelonn,9968.991003830222,1.0730675300585355
2023-01-16,1,2,1,timelonn,9240.45119926308,0.9946471153610176
2023-02-16,1,2,1,timelonn,9285.617537292308,0.9995088441731101
2023-03-16,1,2,1,timelonn,9072.477213236556,0.9765663055548581
2023-04-16,1,2,1,timelonn,9592.81225642193,1.0325754482433513
2023-05-16,1,2,1,timelonn,8610.284871354917,0.9268156743701832
2023-06-16,1,2,1,timelonn,9407.050254806096,1.0125799269136555
2023-07-16,1,2,1,timelonn,9543.250127309444,1.0272405541251055
2023-08-16,1,2,1,timelonn,10291.409794383964,1.107772861329377
2023-09-16,1,2,1,timelonn,10441.76768989352,1.123957465718853
2023-10-16,1,2,1,timelonn,9924.910823547627,1.0683227158479294
2023-11-16,1,2,1,timelonn,9881.607015377867,1.0636614707472969
2023-12-16,1,2,1,timelonn,10155.800295415267,1.0931757822413422
2024-01-16,1,2,1,timelonn,9346.767946490854,1.0060911069653566
2024-02-16,1,2,1,timelonn,9430.041400460545,1.0150547061436854
2024-03-16,1,2,1,timelonn,9606.62682264315,1.0340624555491196
2024-04-16,1,2,1,timelonn,9187.463991100902,0.9889435438997293
2024-05-16,1,2,1,timelonn,9604.681071865261,1.0338530138934359
2024-06-16,1,2,1,timelonn,9333.674710220213,1.0046817440017417
2024-07-16,1,2,1,timelonn,9160.050554427396,0.985992746896266
2024-08-16,1,2,1,timelonn,10692.217529425543,1.1509160205622595
2024-09-16,1,2,1,timelonn,10470.161064246244,1.127013743738865
2024-10-16,1,2,1,timelonn,10323.979029522168,1.1112786312405163
2024-11-16,1,2,1,timelonn,10536.93598209832,1.1342014316545086
2024-12-16,1,2,1,timelonn,10882.8036536316,1.1714308130308901
2025-01-16,1,2,1,timelonn,10112.834166387807,1.0885508851044146
2025-02-16,1,2,1,timelonn,10113.741286364439,1.0886485279844629
2025-03-16,1,2,1,timelonn,9950.295232640106,1.0710551072360244
2025-04-16,1,2,1,timelonn,9915.891679780803,1.0673518903831065
2025-05-16,1,2,1,timelonn,9623.391451774918,1.0358670092063416
2025-06-16,1,2,1,timelonn,10100.68834252853,1.0872435021200992
2025-07-16,1,2,1,timelonn,9441.86158722978,1.0163270373772497
2025-08-16,1,2,1,timelonn,10987.084298641583,1.182655637502171
2025-09-16,1,2,1,timelonn,11611.415070066952,1.2498589360682506
2025-10-16,1,2,1,timelonn,10767.50218819373,1.1590197015470893
2025-11-16,1,2,1,timelonn,11087.46737101597,1.193460925167802
2025-12-16,1,2,1,timelonn,11317.905715363493,1.2182654319533701
2026-01-16,1,2,1,timelonn,10584.108432998044,1.139279099530257
2026-02-16,1,2,1,timelonn,10251.338624159445,1.1034595791082515
2021-01-16,1,2,2,timelonn,6936.236576154445,0.9587524149091619
2021-02-16,1,2,2,timelonn,6771.579801356785,0.9359929431502078
2021-03-16,1,2,2,timelonn,7168.987161864824,0.9909240664483406
2021-04-16,1,2,2,timelonn,7144.192354258232,0.9874968359308937
2021-05-16,1,2,2,timelonn,7064.524526799995,0.9764848525408321
2021-06-16,1,2,2,timelonn,7073.063993150544,0.9776652093374515
2021-07-16,1,2,2,timelonn,7312.031044429074,1.010696123866038
2021-08-16,1,2,2,timelonn,7986.301879725672,1.1038963462843219
2021-09-16,1,2,2,timelonn,7552.644211645682,1.0439545706613693
2021-10-16,1,2,2,timelonn,7249.799726985822,1.0020942797353443
2021-11-16,1,2,2,timelonn,6881.021609399844,0.9511203968639451
2021-12-16,1,2,2,timelonn,7862.9369867447795,1.0868443919915496
2022-01-16,1,2,2,timelonn,7681.01696053204,1.0616987294212423
2022-02-16,1,2,2,timelonn,7362.156161354842,1.0176246039391366
2022-03-16,1,2,2,timelonn,7221.241400535401,0.9981468416470538
2022-04-16,1,2,2,timelonn,7354.989202224645,1.0166339601947674
2022-05-16,1,2,2,timelonn,6832.529985201918,0.944417704230528
2022-06-16,1,2,2,timelonn,7367.415648592231,1.0183515898247342
2022-07-16,1,2,2,timelonn,7616.636008846527,1.052799754851252
2022-08-16,1,2,2,timelonn,8015.872580097481,1.1079837184609707
2022-09-16,1,2,2,timelonn,7545.326178862762,1.042943044954889
2022-10-16,1,2,2,timelonn,7234.648349555007,1.0
2022-11-16,1,2,2,timelonn,7575.514800834538,1.0471158285530902
2022-12-16,1,2,2,timelonn,7992.880170012158,1.1048056220318971
2023-01-16,1,2,2,timelonn,7469.747274655692,1.0324962477430082
2023-02-16,1,2,2,timelonn,7489.970855651333,1.0352916263182343
2023-03-16,1,2,2,timelonn,7084.894183612554,0.9793004222587177
2023-04-16,1,2,2,timelonn,7385.554131628453,1.0208587584056836
2023-05-16,1,2,2,timelonn,6814.778176704554,0.9419639832423536
2023-06-16,1,2,2,timelonn,7378.696350112767,1.019910850341001
2023-07-16,1,2,2,timelonn,7867.317671927346,1.0874499065889296
2023-08-16,1,2,2,timelonn,9303.019944373586,1.2858980139574856
2023-09-16,1,2,2,timelonn,8850.450395969241,1.2233421679042105
2023-10-16,1,2,2,timelonn,7788.259081485198,1.0765221342049394
2023-11-16,1,2,2,timelonn,7883.486093120048,1.0896847658953528
2023-12-16,1,2,2,timelonn,8431.952087047337,1.1654957752806292
2024-01-16,1,2,2,timelonn,7774.237545716735,1.0745840253859633
2024-02-16,1,2,2,timelonn,7733.472729026958,1.0689493608217506
2024-03-16,1,2,2,timelonn,7881.864923999312,1.089460681870476
2024-04-16,1,2,2,timelonn,7501.970619370583,1.0369502782857467
2024-05-16,1,2,2,timelonn,7867.544496064572,1.0874812590647192
2024-06-16,1,2,2,timelonn,7874.668610585035,1.088465980667795
2024-07-16,1,2,2,timelonn,7874.364213656107,1.0884239057922487
2024-08-16,1,2,2,timelonn,9337.661990963945,1.2906863664684256
2024-09-16,1,2,2,timelonn,8734.044480755178,1.2072521093982953
2024-10-16,1,2,2,timelonn,8210.417136828948,1.1348743905892757
2024-11-16,1,2,2,timelonn,8355.516935421387,1.1549306243661894
2024-12-16,1,2,2,timelonn,8853.086073461236,1.2237064810490446
2025-01-16,1,2,2,timelonn,8184.090380150078,1.1312354083738527
2025-02-16,1,2,2,timelonn,8312.722408651367,1.1490154057263433
2025-03-16,1,2,2,timelonn,8354.127926848534,1.154738630435629
2025-04-16,1,2,2,timelonn,8253.327200783333,1.140805579208419
2025-05-16,1,2,2,timelonn,7782.630202285489,1.0757440895885682
2025-06-16,1,2,2,timelonn,8378.501150845914,1.1581075880987723
2025-07-16,1,2,2,timelonn,7992.093971348697,1.1046969507288187
2025-08-16,1,2,2,timelonn,9339.400848605554,1.2909267178383323
2025-09-16,1,2,2,timelonn,8919.510785791359,1.2328879518159284
2025-10-16,1,2,2,timelonn,8427.195277203384,1.1648382713337724
2025-11-16,1,2,2,timelonn,8515.364920093707,1.1770254072704827
2025-12-16,1,2,2,timelonn,8875.166683899282,1.2267585451399556
2026-01-16,1,2,2,timelonn,8422.277774342114,1.1641585558004566
2026-02-16,1,2,2,timelonn,8397.33246408322,1.1607105222467002
2021-01-16,1,2,3,timelonn,5769.499105577976,0.9350848208839916
2021-02-16,1,2,3,timelonn,5290.563657183623,0.8574619181360132
2021-03-16,1,2,3,timelonn,5825.579797372293,0.9441740334277356
2021-04-16,1,2,3,timelonn,6485.998161253311,1.0512105674833756
2021-05-16,1,2,3,timelonn,6297.744256091625,1.020699535941896
2021-06-16,1,2,3,timelonn,6424.083409291199,1.0411758064600842
2021-07-16,1,2,3,timelonn,6215.4680739085725,1.0073647199254976
2021-08-16,1,2,3,timelonn,6597.026138961415,1.0692052971381423
2021-09-16,1,2,3,timelonn,6114.760953041025,0.9910427310743112
2021-10-16,1,2,3,timelonn,5358.192264021601,0.8684227455067264
2021-11-16,1,2,3,timelonn,5541.88655730086,0.8981947832842139
2021-12-16,1,2,3,timelonn,6902.978335264628,1.118792141584077
2022-01-16,1,2,3,timelonn,6555.070464208154,1.0624053802140214
2022-02-16,1,2,3,timelonn,6785.624474731858,1.0997721518677708
2022-03-16,1,2,3,timelonn,6562.480711741628,1.0636063874177222
2022-04-16,1,2,3,timelonn,6651.325947829066,1.0780058751640498
2022-05-16,1,2,3,timelonn,6085.287827927839,0.986265908786444
2022-06-16,1,2,3,timelonn,6463.030109425742,1.0474880473414672
2022-07-16,1,2,3,timelonn,6364.124665584852,1.0314580631875576
2022-08-16,1,2,3,timelonn,6402.861042986575,1.0377362162579629
2022-09-16,1,2,3,timelonn,6198.008983227776,1.0045350582194639
2022-10-16,1,2,3,timelonn,6170.027549077016,1.0
2022-11-16,1,2,3,timelonn,6480.215445966729,1.05027334066541
2022-12-16,1,2,3,timelonn,7401.138593464884,1.1995308829005198
2023-01-16,1,2,3,timelonn,6769.920938188837,1.0972270195457328
2023-02-16,1,2,3,timelonn,6684.030870578677,1.0833064872746883
2023-03-16,1,2,3,timelonn,6106.708650473756,0.989737663551805
2023-04-16,1,2,3,timelonn,7002.520753927359,1.1349253626873799
2023-05-16,1,2,3,timelonn,6759.115166376215,1.0954756867150977
2023-06-16,1,2,3,timelonn,6896.900663027107,1.1178071099632
2023-07-16,1,2,3,timelonn,7109.02138008456,1.1521863271336623
2023-08-16,1,2,3,timelonn,8275.769158127472,1.3412856089054994
2023-09-16,1,2,3,timelonn,7316.0534145708525,1.1857408020269329
2023-10-16,1,2,3,timelonn,6854.694746847037,1.110966635452453
2023-11-16,1,2,3,timelonn,6711.852155044436,1.0878155894212291
2023-12-16,1,2,3,timelonn,7648.048692828228,1.2395485485267097
2024-01-16,1,2,3,timelonn,6848.349037538326,1.1099381620366964
2024-02-16,1,2,3,timelonn,7262.686658146619,1.1770914473847132
2024-03-16,1,2,3,timelonn,7262.757109636418,1.1771028657275386
2024-04-16,1,2,3,timelonn,7048.962257335443,1.1424523150451584
2024-05-16,1,2,3,timelonn,7196.424402888882,1.1663520698486032
2024-06-16,1,2,3,timelonn,7175.65125771426,1.1629852866358232
2024-07-16,1,2,3,timelonn,6987.423632327627,1.1324785143581548
2024-08-16,1,2,3,timelonn,7668.97860976273,1.2429407403391488
2024-09-16,1,2,3,timelonn,7359.304294101089,1.1927506377507144
2024-10-16,1,2,3,timelonn,6982.096183494474,1.1316150743182558
2024-11-16,1,2,3,timelonn,7232.901335935287,1.1722640261172363
2024-12-16,1,2,3,timelonn,8357.114883082992,1.35446962215479
2025-01-16,1,2,3,timelonn,7568.822479465023,1.22670805264026
2025-02-16,1,2,3,timelonn,7680.552812549095,1.2448166157212766
2025-03-16,1,2,3,timelonn,7442.925727820485,1.2063034838367752
2025-04-16,1,2,3,timelonn,7919.335734221967,1.2835170785269236
2025-05-16,1,2,3,timelonn,7694.615148148781,1.2470957523195874
2025-06-16,1,2,3,timelonn,8118.041238894442,1.3157220408373755
2025-07-16,1,2,3,timelonn,7126.039533375545,1.1549445244278593
2025-08-16,1,2,3,timelonn,8261.361881152785,1.3389505663371981
2025-09-16,1,2,3,timelonn,7883.95913505449,1.2777834575850253
2025-10-16,1,2,3,timelonn,7627.4538416409905,1.2362106621034443
2025-11-16,1,2,3,timelonn,7995.387248329986,1.2958430387439726
2025-12-16,1,2,3,timelonn,8952.054393832332,1.4508937476578176
2026-01-16,1,2,3,timelonn,8015.301231689152,1.2990705743101865
2026-02-16,1,2,3,timelonn,8301.05110708003,1.345383151218149
2021-01-16,1,2,4,timelonn,8768.184179097814,1.1516932310603074
2021-02-16,1,2,4,timelonn,8315.102127149921,1.0921813045673363
2021-03-16,1,2,4,timelonn,7463.724901093151,0.9803536594927806
2021-04-16,1,2,4,timelonn,8847.699142624762,1.1621374511395686
2021-05-16,1,2,4,timelonn,8628.318073986127,1.13332194195168
2021-06-16,1,2,4,timelonn,9197.331807402805,1.208061392192536
2021-07-16,1,2,4,timelonn,9393.961361886217,1.233888510133876
2021-08-16,1,2,4,timelonn,8688.715301915514,1.1412550643816242
2021-09-16,1,2,4,timelonn,8644.771653761116,1.1354831050917904
2021-10-16,1,2,4,timelonn,7772.7831428355,1.0209481859930996
2021-11-16,1,2,4,timelonn,7500.979015622561,0.9852469544619885
2021-12-16,1,2,4,timelonn,10390.426251261915,1.364773291365893
2022-01-16,1,2,4,timelonn,9260.485309967793,1.2163565488562422
2022-02-16,1,2,4,timelonn,9462.295798833793,1.2428641779430047
2022-03-16,1,2,4,timelonn,8656.808434399336,1.1370641255746678
2022-04-16,1,2,4,timelonn,9430.51394572775,1.2386896596681674
2022-05-16,1,2,4,timelonn,8551.795255538596,1.1232707374802036
2022-06-16,1,2,4,timelonn,8793.166296594447,1.1549746100814067
2022-07-16,1,2,4,timelonn,9276.733346428444,1.218490714063944
2022-08-16,1,2,4,timelonn,8960.40249797259,1.1769409371089101
2022-09-16,1,2,4,timelonn,8685.031136943811,1.140771152573506
2022-10-16,1,2,4,timelonn,7613.298352917623,1.0
2022-11-16,1,2,4,timelonn,7413.172396581281,0.9737136327700007
2022-12-16,1,2,4,timelonn,10280.560177727582,1.350342479851429
2023-01-16,1,2,4,timelonn,8719.900532902726,1.145351216869233
2023-02-16,1,2,4,timelonn,8439.773861415426,1.1085568265141055
2023-03-16,1,2,4,timelonn,8132.96490274636,1.0682577413545848
2023-04-16,1,2,4,timelonn,8304.220012645592,1.0907519484591313
2023-05-16,1,2,4,timelonn,8055.605026358996,1.0580965900636048
2023-06-16,1,2,4,timelonn,9471.333578682246,1.2440512823266112
2023-07-16,1,2,4,timelonn,8962.279409352886,1.177187467757427
2023-08-16,1,2,4,timelonn,8977.934908606285,1.1792438037274207
2023-09-16,1,2,4,timelonn,8968.310582924843,1.1779796570678125
2023-10-16,1,2,4,timelonn,7986.470229438724,1.0490157956804742
2023-11-16,1,2,4,timelonn,7852.888362134323,1.0314699356455515
2023-12-16,1,2,4,timelonn,10128.281847470796,1.3303408559562577
2024-01-16,1,2,4,timelonn,9386.613937687722,1.2329234324687297
2024-02-16,1,2,4,timelonn,9129.182318825966,1.1991100171882028
2024-03-16,1,2,4,timelonn,8379.629248618816,1.1006568848582579
2024-04-16,1,2,4,timelonn,8784.355076231579,1.1538172640857003
2024-05-16,1,2,4,timelonn,9151.323854860926,1.2020182883485566
2024-06-16,1,2,4,timelonn,8886.337723078419,1.1672125944825127
2024-07-16,1,2,4,timelonn,9589.812215321701,1.2596133463818115
2024-08-16,1,2,4,timelonn,10076.031803157637,1.3234778588830987
2024-09-16,1,2,4,timelonn,8780.12317959054,1.1532614082076211
2024-10-16,1,2,4,timelonn,8746.395825337318,1.148831350079097
2024-11-16,1,2,4,timelonn,9229.306363614829,1.2122612218497792
2024-12-16,1,2,4,timelonn,11322.117679470648,1.487150135805686
2025-01-16,1,2,4,timelonn,9490.476763038534,1.2465657226478621
2025-02-16,1,2,4,timelonn,9078.677883957578,1.1924763043705469
2025-03-16,1,2,4,timelonn,7995.853724631209,1.050248309468521
2025-04-16,1,2,4,timelonn,9720.244442269228,1.2767455039436575
2025-05-16,1,2,4,timelonn,10078.863246129336,1.3238497664112745
2025-06-16,1,2,4,timelonn,10396.933664468117,1.365628034330709
2025-07-16,1,2,4,timelonn,10983.435879244455,1.4426645811188135
2025-08-16,1,2,4,timelonn,11962.33697553691,1.571242373675349
2025-09-16,1,2,4,timelonn,9673.403422381683,1.2705929774411866
2025-10-16,1,2,4,timelonn,9042.78575010214,1.1877619043573537
2025-11-16,1,2,4,timelonn,9403.960615251335,1.2352019032128805
2025-12-16,1,2,4,timelonn,11916.26894530589,1.5651913786800766
2026-01-16,1,2,4,timelonn,10401.571139203592,1.3662371625325083
2026-02-16,1,2,4,timelonn,9739.560003954955,1.2792825858745562
2021-01-16,1,2,5,timelonn,6756.914728838342,1.1224110506467686
2021-02-16,1,2,5,timelonn,7318.523659183969,1.2157015678219372
2021-03-16,1,2,5,timelonn,7502.319192492157,1.2462323863868316
2021-04-16,1,2,5,timelonn,7443.72061294224,1.236498403366694
2021-05-16,1,2,5,timelonn,8020.5752417561225,1.3323214285166287
2021-06-16,1,2,5,timelonn,7245.098788615968,1.2035047458365868
2021-07-16,1,2,5,timelonn,6744.344116513894,1.120322909127661
2021-08-16,1,2,5,timelonn,7909.591314953562,1.3138855608334528
2021-09-16,1,2,5,timelonn,6995.95261256045,1.1621183391031136
2021-10-16,1,2,5,timelonn,6275.495765360806,1.042441125572548
2021-11-16,1,2,5,timelonn,5562.4771638605,0.9239995009912892
2021-12-16,1,2,5,timelonn,7738.857097914288,1.2855243960683396
2022-01-16,1,2,5,timelonn,7513.805118444097,1.2481403474508281
2022-02-16,1,2,5,timelonn,7757.08319556201,1.2885519869483397
2022-03-16,1,2,5,timelonn,7042.9706516937285,1.169928644371241
2022-04-16,1,2,5,timelonn,6464.580103106415,1.0738504830540185
2022-05-16,1,2,5,timelonn,6295.899734273191,1.045830489076955
2022-06-16,1,2,5,timelonn,5817.636096537713,0.966384704475628
2022-07-16,1,2,5,timelonn,6849.695591428146,1.1378231536018164
2022-08-16,1,2,5,timelonn,8148.936298547004,1.3536438625559217
2022-09-16,1,2,5,timelonn,7001.718427671049,1.16307611567065
2022-10-16,1,2,5,timelonn,6020.000181702412,1.0
2022-11-16,1,2,5,timelonn,5777.587754068577,0.9597321560935098
2022-12-16,1,2,5,timelonn,6485.64070990909,1.0773489226166433
2023-01-16,1,2,5,timelonn,6624.626980380616,1.1004363422639
2023-02-16,1,2,5,timelonn,6819.89789089422,1.132873369609368
2023-03-16,1,2,5,timelonn,6178.727285524464,1.0263666277460417
2023-04-16,1,2,5,timelonn,6378.005940362442,1.0594693933312787
2023-05-16,1,2,5,timelonn,5945.438637945165,0.9876143618759557
2023-06-16,1,2,5,timelonn,6606.249060107602,1.0973835316794631
2023-07-16,1,2,5,timelonn,7341.634642647285,1.219540601503956
2023-08-16,1,2,5,timelonn,9695.91664293734,1.6106173339342666
2023-09-16,1,2,5,timelonn,8429.958988295059,1.400325371071854
2023-10-16,1,2,5,timelonn,6294.404501386642,1.0455821115285464
2023-11-16,1,2,5,timelonn,6453.191307946844,1.0719586566726529
2023-12-16,1,2,5,timelonn,7531.781559822697,1.2511264671910298
2024-01-16,1,2,5,timelonn,6923.319544854516,1.1500530458284224
2024-02-16,1,2,5,timelonn,7261.155953502484,1.2061720488933743
2024-03-16,1,2,5,timelonn,6771.258579226065,1.1247937499748053
2024-04-16,1,2,5,timelonn,7207.589011143666,1.1972738859794207
2024-05-16,1,2,5,timelonn,7211.001599055139,1.1978407610306616
2024-06-16,1,2,5,timelonn,7182.7695269018495,1.193151048189938
2024-07-16,1,2,5,timelonn,7327.922067267719,1.21726276513092
2024-08-16,1,2,5,timelonn,10776.227511295623,1.7900709611354504
2024-09-16,1,2,5,timelonn,8310.002755482263,1.3803990871528935
2024-10-16,1,2,5,timelonn,6477.626898520487,1.0760177247517393
2024-11-16,1,2,5,timelonn,7653.908117688914,1.2714132702109728
2024-12-16,1,2,5,timelonn,8012.910709868491,1.3310482505006334
2025-01-16,1,2,5,timelonn,7721.566114880484,1.2826521398371256
2025-02-16,1,2,5,timelonn,5827.054574722517,0.9679492356883399
2025-03-16,1,2,5,timelonn,4837.093952107888,0.8035039545032029
2025-04-16,1,2,5,timelonn,6418.494495588485,1.0661950667538653
2025-05-16,1,2,5,timelonn,7016.260690945368,1.1654917739489536
2025-06-16,1,2,5,timelonn,7091.656426644323,1.1780159821588003
2025-07-16,1,2,5,timelonn,7208.40579671447,1.197409564641572
2025-08-16,1,2,5,timelonn,9440.497055124835,1.5681888322560036
2025-09-16,1,2,5,timelonn,7608.697166053933,1.2639031455813425
2025-10-16,1,2,5,timelonn,7119.941709986523,1.1827145340671825
2025-11-16,1,2,5,timelonn,6738.65813130078,1.1193783933400374
2025-12-16,1,2,5,timelonn,7725.783064044759,1.2833526297103806
2026-01-16,1,2,5,timelonn,7988.971080776076,1.3270715680471712
2026-02-16,1,2,5,timelonn,7334.882421467605,1.2184189701126145
2021-01-16,1,2,all,timelonn,6852.479351317599,0.9868940262261472
2021-02-16,1,2,all,timelonn,6661.63673762302,0.9594088743929862
2021-03-16,1,2,all,timelonn,6879.431638592507,0.9907756944430127
2021-04-16,1,2,all,timelonn,7356.212309227126,1.059441643152355
2021-05-16,1,2,all,timelonn,7270.094780964288,1.047038997359688
2021-06-16,1,2,all,timelonn,7304.672455197378,1.0520188737506866
2021-07-16,1,2,all,timelonn,7205.60962731294,1.0377518460008806
2021-08-16,1,2,all,timelonn,7623.736506565663,1.0979704761029545
2021-09-16,1,2,all,timelonn,7223.742231360445,1.040363303503626
2021-10-16,1,2,all,timelonn,6631.372666951932,0.9550502431555437
2021-11-16,1,2,all,timelonn,6476.897165891272,0.9328026826188246
2021-12-16,1,2,all,timelonn,8006.4526387959695,1.1530892506769839
2022-01-16,1,2,all,timelonn,7569.3475961884005,1.0901373856268848
2022-02-16,1,2,all,timelonn,7680.515592228785,1.1061477996062705
2022-03-16,1,2,all,timelonn,7315.887220769301,1.0536340242066058
2022-04-16,1,2,all,timelonn,7421.18464693087,1.0687989587548377
2022-05-16,1,2,all,timelonn,6887.085684308585,0.9918780300512487
2022-06-16,1,2,all,timelonn,7178.3239571024105,1.0338221639760568
2022-07-16,1,2,all,timelonn,7423.809424584605,1.0691769792133954
2022-08-16,1,2,all,timelonn,7653.022845430501,1.1021882944127879
2022-09-16,1,2,all,timelonn,7268.865215632462,1.0468619153695615
2022-10-16,1,2,all,timelonn,6943.480423649206,1.0
2022-11-16,1,2,all,timelonn,7104.431185608238,1.0231801275641017
2022-12-16,1,2,all,timelonn,8090.776827585143,1.165233619731726
2023-01-16,1,2,all,timelonn,7453.776895421522,1.0734928941448825
2023-02-16,1,2,all,timelonn,7420.563882138833,1.0687095562140134
2023-03-16,1,2,all,timelonn,6945.923323763746,1.0003518264566886
2023-04-16,1,2,all,timelonn,7477.6293231817435,1.0769281206170394
2023-05-16,1,2,all,timelonn,7049.327508992537,1.0152440964595824
2023-06-16,1,2,all,timelonn,7607.045662707548,1.0955666608921755
2023-07-16,1,2,all,timelonn,7845.857151532256,1.129960289771912
2023-08-16,1,2,all,timelonn,9040.795088163513,1.3020552426951388
2023-09-16,1,2,all,timelonn,8390.547438935275,1.2084065809932174
2023-10-16,1,2,all,timelonn,7484.714273371676,1.0779484950917482
2023-11-16,1,2,all,timelonn,7449.629040344919,1.0728955200869856
2023-12-16,1,2,all,timelonn,8424.600056768526,1.2133108387653384
2024-01-16,1,2,all,timelonn,7681.69547932992,1.1063177269379754
2024-02-16,1,2,all,timelonn,7872.559578369886,1.1338059730904224
2024-03-16,1,2,all,timelonn,7743.63085368315,1.1152376591008544
2024-04-16,1,2,all,timelonn,7656.793846524787,1.1027313939628987
2024-05-16,1,2,all,timelonn,7890.127680826972,1.1363361310782305
2024-06-16,1,2,all,timelonn,7803.304530833781,1.1238318616491019
2024-07-16,1,2,all,timelonn,7825.079422856921,1.126967881439548
2024-08-16,1,2,all,timelonn,9168.545723854051,1.320453888316062
2024-09-16,1,2,all,timelonn,8350.477326215243,1.2026356836513665
2024-10-16,1,2,all,timelonn,7789.664152835123,1.1218673745091654
2024-11-16,1,2,all,timelonn,8195.392283976049,1.180300336998558
2024-12-16,1,2,all,timelonn,9091.3476131133,1.3093358169699083
2025-01-16,1,2,all,timelonn,8272.350546569332,1.1913838654162614
2025-02-16,1,2,all,timelonn,7972.2863178980615,1.1481686173903198
2025-03-16,1,2,all,timelonn,7571.57613283323,1.0904583394582283
2025-04-16,1,2,all,timelonn,8218.210823484882,1.1835866628922862
2025-05-16,1,2,all,timelonn,8140.743711993243,1.1724298500599508
2025-06-16,1,2,all,timelonn,8545.800772488443,1.2307661649598376
2025-07-16,1,2,all,timelonn,8076.298002540507,1.1631483794543398
2025-08-16,1,2,all,timelonn,9456.125414638294,1.3618711132865189
2025-09-16,1,2,all,timelonn,8728.656861472227,1.257101097562367
2025-10-16,1,2,all,timelonn,8266.717277616284,1.1905725620627068
2025-11-16,1,2,all,timelonn,8450.361382837755,1.2170209847580435
2025-12-16,1,2,all,timelonn,9414.698794787679,1.3559048517976093
2026-01-16,1,2,all,timelonn,8702.183916371276,1.2532884642019007
2026-02-16,1,2,all,timelonn,8588.400272368506,1.2369013446220387
2021-01-16,1,3,1,kontantlonn,33923.70286247047,0.9404693300660232
2021-02-16,1,3,1,kontantlonn,33901.07714244494,0.9398420755519468
2021-03-16,1,3,1,kontantlonn,33259.65276756821,0.9220598200424606
2021-04-16,1,3,1,kontantlonn,33228.29227863885,0.9211904108823372
2021-05-16,1,3,1,kontantlonn,37098.035591762164,1.0284715917125928
2021-06-16,1,3,1,kontantlonn,43849.103759515914,1.2156319551522061
2021-07-16,1,3,1,kontantlonn,33722.06235430042,0.9348792353053874
2021-08-16,1,3,1,kontantlonn,33459.22931946888,0.9275926955903878
2021-09-16,1,3,1,kontantlonn,34150.105537337724,0.9467459082102422
2021-10-16,1,3,1,kontantlonn,34067.37846709845,0.9444524595073789
2021-11-16,1,3,1,kontantlonn,34439.79775074633,0.9547770669246742
2021-12-16,1,3,1,kontantlonn,35494.42771337455,0.9840146515846256
2022-01-16,1,3,1,kontantlonn,35724.04310350523,0.9903802960723314
2022-02-16,1,3,1,kontantlonn,36029.91928121928,0.9988601240293239
2022-03-16,1,3,1,kontantlonn,37441.57535091428,1.0379955699307333
2022-04-16,1,3,1,kontantlonn,36278.219931054315,1.0057437813574175
2022-05-16,1,3,1,kontantlonn,39366.26019334279,1.0913537505422453
2022-06-16,1,3,1,kontantlonn,44438.11079043807,1.2319610407482353
2022-07-16,1,3,1,kontantlonn,36183.67593685155,1.003122731195231
2022-08-16,1,3,1,kontantlonn,35055.85893469943,0.9718561768113789
2022-09-16,1,3,1,kontantlonn,36231.74844995325,1.0044554490407633
2022-10-16,1,3,1,kontantlonn,36071.03578815159,1.0
2022-11-16,1,3,1,kontantlonn,35588.007897771124,0.9866089819760838
2022-12-16,1,3,1,kontantlonn,36936.96140527188,1.024006120096078
2023-01-16,1,3,1,kontantlonn,37310.73936031201,1.0343683940611328
2023-02-16,1,3,1,kontantlonn,36772.149903012025,1.0194370385973428
2023-03-16,1,3,1,kontantlonn,36863.13012376612,1.0219592900039403
2023-04-16,1,3,1,kontantlonn,36088.55329536489,1.0004856391514838
2023-05-16,1,3,1,kontantlonn,41105.64828354437,1.1395749355511027
2023-06-16,1,3,1,kontantlonn,48257.98316118415,1.3378596457447907
2023-07-16,1,3,1,kontantlonn,37654.33265117858,1.0438938563429627
2023-08-16,1,3,1,kontantlonn,37101.24251281816,1.028560497422837
2023-09-16,1,3,1,kontantlonn,37849.0065004717,1.0492908139029413
2023-10-16,1,3,1,kontantlonn,37715.34079634389,1.0455851896754351
2023-11-16,1,3,1,kontantlonn,37640.627064397726,1.0435138953443002
2023-12-16,1,3,1,kontantlonn,38496.84260253241,1.0672508222006098
2024-01-16,1,3,1,kontantlonn,39218.90020287992,1.0872684785991737
2024-02-16,1,3,1,kontantlonn,39044.16856878446,1.0824243805499334
2024-03-16,1,3,1,kontantlonn,38738.006731091395,1.0739366332201594
2024-04-16,1,3,1,kontantlonn,39746.54111021871,1.1018963066005005
2024-05-16,1,3,1,kontantlonn,40616.31688332739,1.1260091648565524
2024-06-16,1,3,1,kontantlonn,50397.544628236115,1.3971748669548996
2024-07-16,1,3,1,kontantlonn,39552.98378022418,1.0965303023878323
2024-08-16,1,3,1,kontantlonn,38979.349085987924,1.0806273852216808
2024-09-16,1,3,1,kontantlonn,39864.028603577746,1.1051534210911698
2024-10-16,1,3,1,kontantlonn,39866.1337412054,1.1052117819777274
2024-11-16,1,3,1,kontantlonn,39837.75736172046,1.1044251015050182
2024-12-16,1,3,1,kontantlonn,39384.181341661606,1.0918505798660292
2025-01-16,1,3,1,kontantlonn,40418.60881690354,1.1205280894700567
2025-02-16,1,3,1,kontantlonn,40074.1583720089,1.1109788642435445
2025-03-16,1,3,1,kontantlonn,38825.85052679552,1.0763719332825152
2025-04-16,1,3,1,kontantlonn,38795.68481094111,1.0755356469049469
2025-05-16,1,3,1,kontantlonn,44661.788285825685,1.2381620685396548
2025-06-16,1,3,1,kontantlonn,51763.725099760064,1.435049589475973
2025-07-16,1,3,1,kontantlonn,42757.89346926402,1.185380251356932
2025-08-16,1,3,1,kontantlonn,40691.37775515104,1.1280900829722533
2025-09-16,1,3,1,kontantlonn,41474.05889713616,1.1497884103111706
2025-10-16,1,3,1,kontantlonn,41457.104716550464,1.1493183883055573
2025-11-16,1,3,1,kontantlonn,41367.910418063766,1.1468456481544138
2025-12-16,1,3,1,kontantlonn,42133.862322361405,1.168080189596366
2026-01-16,1,3,1,kontantlonn,43242.25430555591,1.1988082227391952
2026-02-16,1,3,1,kontantlonn,42843.440355143146,1.1877518740178823
2021-01-16,1,3,2,kontantlonn,30209.544331764977,0.9430251077313457
2021-02-16,1,3,2,kontantlonn,30322.375206644745,0.9465472511562975
2021-03-16,1,3,2,kontantlonn,29811.80086406366,0.9306090953493226
2021-04-16,1,3,2,kontantlonn,29830.260375639955,0.9311853298896958
2021-05-16,1,3,2,kontantlonn,31306.632007921162,0.9772719408724225
2021-06-16,1,3,2,kontantlonn,37999.74368040536,1.1862049948333053
2021-07-16,1,3,2,kontantlonn,30074.149741413265,0.9387986123976041
2021-08-16,1,3,2,kontantlonn,30347.487549025216,0.9473311613377506
2021-09-16,1,3,2,kontantlonn,30887.726629087778,0.9641953354901885
2021-10-16,1,3,2,kontantlonn,30898.72825492931,0.9645387636889224
2021-11-16,1,3,2,kontantlonn,31093.874772846804,0.9706304830495829
2021-12-16,1,3,2,kontantlonn,31730.525972594387,0.990504270606119
2022-01-16,1,3,2,kontantlonn,31443.608341702125,0.981547812117015
2022-02-16,1,3,2,kontantlonn,31857.77103770517,0.9944763692884617
2022-03-16,1,3,2,kontantlonn,31909.387965890397,0.9960876501051489
2022-04-16,1,3,2,kontantlonn,31758.535964181352,0.9913786341861772
2022-05-16,1,3,2,kontantlonn,32741.030615042408,1.0220483163832534
2022-06-16,1,3,2,kontantlonn,38266.30887135029,1.1945261288811284
2022-07-16,1,3,2,kontantlonn,31845.22105703088,0.9940846074416949
2022-08-16,1,3,2,kontantlonn,31568.60797317716,0.9854498170477606
2022-09-16,1,3,2,kontantlonn,32256.85953020394,1.0069343681414025
2022-10-16,1,3,2,kontantlonn,32034.71899538357,1.0
2022-11-16,1,3,2,kontantlonn,31885.123951083788,0.9953302214287774
2022-12-16,1,3,2,kontantlonn,32454.563849615577,1.013105932169797
2023-01-16,1,3,2,kontantlonn,32401.76657747045,1.0114578055808692
2023-02-16,1,3,2,kontantlonn,32224.1925580749,1.0059146316444554
2023-03-16,1,3,2,kontantlonn,32130.46706426882,1.002988884307025
2023-04-16,1,3,2,kontantlonn,31855.12357184689,0.9943937256461478
2023-05-16,1,3,2,kontantlonn,34040.41429081814,1.062610048045797
2023-06-16,1,3,2,kontantlonn,40104.50277306536,1.2519074313979375
2023-07-16,1,3,2,kontantlonn,33734.89559448211,1.0530729362521813
2023-08-16,1,3,2,kontantlonn,33608.31486634644,1.049121575600199
2023-09-16,1,3,2,kontantlonn,34272.67167682,1.0698602251438176
2023-10-16,1,3,2,kontantlonn,34007.87021995917,1.0615941480510551
2023-11-16,1,3,2,kontantlonn,33809.29011595282,1.0553952454156061
2023-12-16,1,3,2,kontantlonn,34244.05117715649,1.0689668038633742
2024-01-16,1,3,2,kontantlonn,34327.02390443429,1.0715568914271125
2024-02-16,1,3,2,kontantlonn,34263.551291931624,1.069575522010018
2024-03-16,1,3,2,kontantlonn,33756.97941757645,1.053762307777417
2024-04-16,1,3,2,kontantlonn,34397.16251572373,1.0737463475387627
2024-05-16,1,3,2,kontantlonn,34518.086427916656,1.0775211242805331
2024-06-16,1,3,2,kontantlonn,41827.92889043933,1.30570612766939
2024-07-16,1,3,2,kontantlonn,35130.054977345986,1.096624414979525
2024-08-16,1,3,2,kontantlonn,35259.78520933962,1.1006740909580262
2024-09-16,1,3,2,kontantlonn,35704.434796640104,1.1145543309365493
2024-10-16,1,3,2,kontantlonn,35831.36798806743,1.118516694128985
2024-11-16,1,3,2,kontantlonn,35787.126794247415,1.1171356552059843
2024-12-16,1,3,2,kontantlonn,36028.31668318002,1.124664670489913
2025-01-16,1,3,2,kontantlonn,36287.77725178501,1.1327640257126756
2025-02-16,1,3,2,kontantlonn,36319.12727140975,1.133742652047099
2025-03-16,1,3,2,kontantlonn,35736.381274173975,1.115551576379485
2025-04-16,1,3,2,kontantlonn,35747.881755148184,1.1159105769056288
2025-05-16,1,3,2,kontantlonn,36693.1624400386,1.1454185830481718
2025-06-16,1,3,2,kontantlonn,43536.15838783022,1.359030444253439
2025-07-16,1,3,2,kontantlonn,37112.92187180512,1.158521848659055
2025-08-16,1,3,2,kontantlonn,36644.780252381715,1.1439082783171124
2025-09-16,1,3,2,kontantlonn,36794.239151740796,1.1485738069699662
2025-10-16,1,3,2,kontantlonn,36350.06530257345,1.1347084176955557
2025-11-16,1,3,2,kontantlonn,36525.34922809237,1.140180103760421
2025-12-16,1,3,2,kontantlonn,36820.797930884844,1.1494028693116047
2026-01-16,1,3,2,kontantlonn,37354.29309938763,1.166056524634121
2026-02-16,1,3,2,kontantlonn,37173.31219202839,1.1604070008351042
2021-01-16,1,3,3,kontantlonn,45007.8336331421,0.9334730584600786
2021-02-16,1,3,3,kontantlonn,45340.41446891756,0.9403708632397317
2021-03-16,1,3,3,kontantlonn,44458.25673853995,0.9220747043681035
2021-04-16,1,3,3,kontantlonn,44592.32795423543,0.9248553729243114
2021-05-16,1,3,3,kontantlonn,46567.237133576935,0.9658154539370375
2021-06-16,1,3,3,kontantlonn,54085.58328262468,1.121747721895503
2021-07-16,1,3,3,kontantlonn,45191.22578929909,0.9372766549251035
2021-08-16,1,3,3,kontantlonn,44768.36669348403,0.9285064577926317
2021-09-16,1,3,3,kontantlonn,45839.65760029528,0.950725283240502
2021-10-16,1,3,3,kontantlonn,46865.734192093376,0.9720063531575123
2021-11-16,1,3,3,kontantlonn,47196.069649754376,0.9788575882668058
2021-12-16,1,3,3,kontantlonn,48242.98070281941,1.000570769812177
2022-01-16,1,3,3,kontantlonn,47000.712589606876,0.974805836878057
2022-02-16,1,3,3,kontantlonn,47604.25153914274,0.9873233766849089
2022-03-16,1,3,3,kontantlonn,47693.90826791407,0.989182878332997
2022-04-16,1,3,3,kontantlonn,47636.178969450746,0.9879855591010037
2022-05-16,1,3,3,kontantlonn,48693.51891747568,1.00991503838143
2022-06-16,1,3,3,kontantlonn,55730.033768740366,1.155854011864328
2022-07-16,1,3,3,kontantlonn,48378.98289941199,1.003391487366489
2022-08-16,1,3,3,kontantlonn,47113.61899690048,0.9771475423286052
2022-09-16,1,3,3,kontantlonn,48728.45838962322,1.010639691253914
2022-10-16,1,3,3,kontantlonn,48215.46077332979,1.0
2022-11-16,1,3,3,kontantlonn,47854.704606220585,0.9925178322197274
2022-12-16,1,3,3,kontantlonn,49527.250377870114,1.0272068250204494
2023-01-16,1,3,3,kontantlonn,48373.62804019868,1.0032804263265773
2023-02-16,1,3,3,kontantlonn,48789.35233194725,1.0119026459441183
2023-03-16,1,3,3,kontantlonn,49231.81726666347,1.021079472788029
2023-04-16,1,3,3,kontantlonn,48568.36537671858,1.0073193245014886
2023-05-16,1,3,3,kontantlonn,50903.125318057064,1.0557427949794467
2023-06-16,1,3,3,kontantlonn,58794.120236051,1.2194038860782341
2023-07-16,1,3,3,kontantlonn,51418.902388738854,1.0664401327712922
2023-08-16,1,3,3,kontantlonn,50258.36441870845,1.0423703022352673
2023-09-16,1,3,3,kontantlonn,51498.15838623562,1.0680839208057853
2023-10-16,1,3,3,kontantlonn,52733.59591781496,1.0937071858698146
2023-11-16,1,3,3,kontantlonn,51940.11383773089,1.0772501808478283
2023-12-16,1,3,3,kontantlonn,52481.32587072888,1.088475045742148
2024-01-16,1,3,3,kontantlonn,51654.66083368036,1.0713298183858269
2024-02-16,1,3,3,kontantlonn,52178.62528327523,1.082196964342559
2024-03-16,1,3,3,kontantlonn,51281.39702108243,1.0635882390954676
2024-04-16,1,3,3,kontantlonn,52142.68655271526,1.0814515866155074
2024-05-16,1,3,3,kontantlonn,52500.96007279987,1.0888822637124023
2024-06-16,1,3,3,kontantlonn,62350.86471215852,1.2931716033013145
2024-07-16,1,3,3,kontantlonn,53409.042818268164,1.1077161134963411
2024-08-16,1,3,3,kontantlonn,52808.07608236764,1.095251922005446
2024-09-16,1,3,3,kontantlonn,54734.986425311945,1.1352164958586979
2024-10-16,1,3,3,kontantlonn,54614.884936544295,1.1327255627256045
2024-11-16,1,3,3,kontantlonn,54289.25107174722,1.1259718397584437
2024-12-16,1,3,3,kontantlonn,55329.2120442262,1.1475408749973277
2025-01-16,1,3,3,kontantlonn,54851.0481053582,1.1376236424084711
2025-02-16,1,3,3,kontantlonn,55445.19140007562,1.1499463141238906
2025-03-16,1,3,3,kontantlonn,55549.258399411476,1.1521046881737642
2025-04-16,1,3,3,kontantlonn,55005.53066356778,1.14082764701056
2025-05-16,1,3,3,kontantlonn,56430.57546747625,1.1703834115112433
2025-06-16,1,3,3,kontantlonn,65501.798513186666,1.3585227116489313
2025-07-16,1,3,3,kontantlonn,56974.514934287385,1.1816648440245257
2025-08-16,1,3,3,kontantlonn,55650.893231481234,1.1542126185023276
2025-09-16,1,3,3,kontantlonn,57229.731676867,1.186958099309992
2025-10-16,1,3,3,kontantlonn,56515.82427952873,1.1721514919295402
2025-11-16,1,3,3,kontantlonn,56299.33451676896,1.1676614433167616
2025-12-16,1,3,3,kontantlonn,57284.47234594159,1.1880934336653337
2026-01-16,1,3,3,kontantlonn,56698.937919957185,1.1759493119128295
2026-02-16,1,3,3,kontantlonn,57124.25953674974,1.1847705823097272
2021-01-16,1,3,4,kontantlonn,60245.56160392696,0.9398242253742111
2021-02-16,1,3,4,kontantlonn,60417.30816291287,0.9425034530627301
2021-03-16,1,3,4,kontantlonn,62829.05817884604,0.9801264916762981
2021-04-16,1,3,4,kontantlonn,60458.581842533975,0.9431473179873077
2021-05-16,1,3,4,kontantlonn,60636.0574250502,0.9459159178213954
2021-06-16,1,3,4,kontantlonn,68592.96187887929,1.0700427641085928
2021-07-16,1,3,4,kontantlonn,60483.49555374111,0.9435359691794134
2021-08-16,1,3,4,kontantlonn,59391.226254422356,0.9264966866031951
2021-09-16,1,3,4,kontantlonn,60850.800577797796,0.9492658877081773
2021-10-16,1,3,4,kontantlonn,62347.198310718486,0.9726095300073346
2021-11-16,1,3,4,kontantlonn,63972.134796215694,0.9979583629023567
2021-12-16,1,3,4,kontantlonn,65767.30996667866,1.0259629008147628
2022-01-16,1,3,4,kontantlonn,61929.49229942643,0.9660933615453724
2022-02-16,1,3,4,kontantlonn,62604.29224327753,0.976620167464816
2022-03-16,1,3,4,kontantlonn,69265.92390846163,1.080540898764827
2022-04-16,1,3,4,kontantlonn,63959.34718061914,0.9977588774862952
2022-05-16,1,3,4,kontantlonn,63026.718811304585,0.9832099760997418
2022-06-16,1,3,4,kontantlonn,70287.61262612388,1.09647913192403
2022-07-16,1,3,4,kontantlonn,62237.72408011014,0.9709017438859879
2022-08-16,1,3,4,kontantlonn,61505.70711342102,0.9594823586173719
2022-09-16,1,3,4,kontantlonn,63222.32403918256,0.986261396434706
2022-10-16,1,3,4,kontantlonn,64103.00987925578,1.0
2022-11-16,1,3,4,kontantlonn,67276.39220872593,1.0495044200802353
2022-12-16,1,3,4,kontantlonn,69120.80480219249,1.0782770564500515
2023-01-16,1,3,4,kontantlonn,63902.82960328515,0.9968772094111075
2023-02-16,1,3,4,kontantlonn,64504.8028842448,1.0062679272899329
2023-03-16,1,3,4,kontantlonn,70197.7858724319,1.095077844311152
2023-04-16,1,3,4,kontantlonn,65021.96685072677,1.0143356290633145
2023-05-16,1,3,4,kontantlonn,65153.66358342226,1.0163900838064468
2023-06-16,1,3,4,kontantlonn,73358.5824127527,1.1443859274460075
2023-07-16,1,3,4,kontantlonn,65678.45684953552,1.0245768018264236
2023-08-16,1,3,4,kontantlonn,64879.497740740895,1.012113126403077
2023-09-16,1,3,4,kontantlonn,67203.5100832098,1.0483674668286889
2023-10-16,1,3,4,kontantlonn,70461.249306387,1.0991878452994266
2023-11-16,1,3,4,kontantlonn,70988.18433131474,1.1074079745245637
2023-12-16,1,3,4,kontantlonn,71758.68910272558,1.1194277653715483
2024-01-16,1,3,4,kontantlonn,68039.74857745736,1.0614126966209045
2024-02-16,1,3,4,kontantlonn,68708.96898985203,1.0718524624549148
2024-03-16,1,3,4,kontantlonn,74415.68529829237,1.1608766177822465
2024-04-16,1,3,4,kontantlonn,69259.11438004742,1.0804346708602868
2024-05-16,1,3,4,kontantlonn,69479.9764957299,1.0838800959050467
2024-06-16,1,3,4,kontantlonn,77569.09383654754,1.210069448886354
2024-07-16,1,3,4,kontantlonn,69347.79089645647,1.0818180148963323
2024-08-16,1,3,4,kontantlonn,68319.87062428716,1.06578257016284
2024-09-16,1,3,4,kontantlonn,70813.97524538623,1.1046903316828836
2024-10-16,1,3,4,kontantlonn,73833.21405075317,1.151790129509132
2024-11-16,1,3,4,kontantlonn,73069.32934344579,1.1398736109439938
2024-12-16,1,3,4,kontantlonn,73245.37824724884,1.142619954744927
2025-01-16,1,3,4,kontantlonn,70919.23742500976,1.1063324102658052
2025-02-16,1,3,4,kontantlonn,71957.26577753677,1.1225255399563179
2025-03-16,1,3,4,kontantlonn,80209.00777485233,1.2512518199369072
2025-04-16,1,3,4,kontantlonn,74592.55944430533,1.163635835272129
2025-05-16,1,3,4,kontantlonn,72547.90555796144,1.1317394564562948
2025-06-16,1,3,4,kontantlonn,81542.51937248139,1.2720544561959668
2025-07-16,1,3,4,kontantlonn,73089.36098657889,1.1401861024037683
2025-08-16,1,3,4,kontantlonn,71989.78140395855,1.12303278020109
2025-09-16,1,3,4,kontantlonn,73880.60994551785,1.15252950032579
2025-10-16,1,3,4,kontantlonn,76019.49370093216,1.1858958548767402
2025-11-16,1,3,4,kontantlonn,77387.3699366163,1.2072345757614644
2025-12-16,1,3,4,kontantlonn,78652.18035838926,1.22696548113011
2026-01-16,1,3,4,kontantlonn,74432.89574253841,1.1611450988454362
2026-02-16,1,3,4,kontantlonn,75014.9237273147,1.1702246722675358
2021-01-16,1,3,5,kontantlonn,49852.41811493605,0.9151669033283241
2021-02-16,1,3,5,kontantlonn,50594.996564240355,0.9287988041593204
2021-03-16,1,3,5,kontantlonn,50553.193152080064,0.9280313970665072
2021-04-16,1,3,5,kontantlonn,50461.26936892925,0.9263439041193365
2021-05-16,1,3,5,kontantlonn,50619.44493658864,0.92924761571269
2021-06-16,1,3,5,kontantlonn,57811.34602029442,1.0612731039978147
2021-07-16,1,3,5,kontantlonn,50285.462103105,0.9231165182245128
2021-08-16,1,3,5,kontantlonn,49748.4483544168,0.9132582760766867
2021-09-16,1,3,5,kontantlonn,50972.674141572046,0.9357320289049347
2021-10-16,1,3,5,kontantlonn,51352.42207178949,0.942703260200901
2021-11-16,1,3,5,kontantlonn,53804.50406525935,0.9877174113599723
2021-12-16,1,3,5,kontantlonn,54592.367088154926,1.0021806247842016
2022-01-16,1,3,5,kontantlonn,51847.430181247655,0.9517903828678657
2022-02-16,1,3,5,kontantlonn,52214.33639545665,0.95852587206912
2022-03-16,1,3,5,kontantlonn,53210.35493218346,0.9768103050892463
2022-04-16,1,3,5,kontantlonn,53195.1843650242,0.9765318110563819
2022-05-16,1,3,5,kontantlonn,52544.84157117397,0.9645931283754812
2022-06-16,1,3,5,kontantlonn,58867.85895524103,1.0806680643139268
2022-07-16,1,3,5,kontantlonn,52549.22890120596,0.9646736688866756
2022-08-16,1,3,5,kontantlonn,51736.33800405962,0.9497510056896759
2022-09-16,1,3,5,kontantlonn,53564.938981315536,0.9833195898638718
2022-10-16,1,3,5,kontantlonn,54473.580648109455,1.0
2022-11-16,1,3,5,kontantlonn,55870.334941864756,1.0256409488257823
2022-12-16,1,3,5,kontantlonn,57293.502394230454,1.0517667778135835
2023-01-16,1,3,5,kontantlonn,54205.544968494236,0.9950795288940765
2023-02-16,1,3,5,kontantlonn,54487.65444430963,1.0002583600349515
2023-03-16,1,3,5,kontantlonn,55306.752436110175,1.0152949701137304
2023-04-16,1,3,5,kontantlonn,54884.654011882994,1.0075462886574138
2023-05-16,1,3,5,kontantlonn,55424.08831463776,1.0174489661817612
2023-06-16,1,3,5,kontantlonn,61363.54536244748,1.1264826844933526
2023-07-16,1,3,5,kontantlonn,56412.58860972413,1.0355953829093842
2023-08-16,1,3,5,kontantlonn,55434.67539025641,1.0176433186640597
2023-09-16,1,3,5,kontantlonn,57151.828208417144,1.049165990714081
2023-10-16,1,3,5,kontantlonn,58386.54979471982,1.0718324204147238
2023-11-16,1,3,5,kontantlonn,60439.85073603684,1.1095259393075063
2023-12-16,1,3,5,kontantlonn,60169.060842485604,1.1045549076563927
2024-01-16,1,3,5,kontantlonn,57612.249977267355,1.05761819384397
2024-02-16,1,3,5,kontantlonn,58128.67845861706,1.0670985414768115
2024-03-16,1,3,5,kontantlonn,58983.93852442978,1.082798997654597
2024-04-16,1,3,5,kontantlonn,58730.42551574363,1.0781451268117053
2024-05-16,1,3,5,kontantlonn,58268.00494793074,1.0696562306842403
2024-06-16,1,3,5,kontantlonn,65279.42878768249,1.198368603844441
2024-07-16,1,3,5,kontantlonn,58809.20575499306,1.079591336851731
2024-08-16,1,3,5,kontantlonn,58140.863049256914,1.0673222203775719
2024-09-16,1,3,5,kontantlonn,59685.48539310166,1.0956776603076686
2024-10-16,1,3,5,kontantlonn,60955.40018990108,1.1189901501732211
2024-11-16,1,3,5,kontantlonn,61227.21991088941,1.1239800869050152
2024-12-16,1,3,5,kontantlonn,61730.880977297056,1.1332260564266665
2025-01-16,1,3,5,kontantlonn,60031.59703701173,1.1020314127100652
2025-02-16,1,3,5,kontantlonn,61412.00558162889,1.1273722940729844
2025-03-16,1,3,5,kontantlonn,66197.0023200813,1.2152129809072634
2025-04-16,1,3,5,kontantlonn,63664.1651879893,1.168716365447859
2025-05-16,1,3,5,kontantlonn,61667.3521816639,1.132059825110911
2025-06-16,1,3,5,kontantlonn,68854.08172449558,1.2639903767164096
2025-07-16,1,3,5,kontantlonn,62120.46569052602,1.140377866691272
2025-08-16,1,3,5,kontantlonn,61018.85584401315,1.1201550387918342
2025-09-16,1,3,5,kontantlonn,62913.73001173457,1.154940234572556
2025-10-16,1,3,5,kontantlonn,63589.94081757704,1.1673537898739905
2025-11-16,1,3,5,kontantlonn,66465.78798820681,1.2201472199443815
2025-12-16,1,3,5,kontantlonn,66875.27363396555,1.227664362032102
2026-01-16,1,3,5,kontantlonn,63503.66993870099,1.1657700702460603
2026-02-16,1,3,5,kontantlonn,63892.38609998889,1.1729059360485847
2021-01-16,1,3,all,kontantlonn,44461.230987034134,0.9330624812209374
2021-02-16,1,3,all,kontantlonn,44770.930874725476,0.9395618367094842
2021-03-16,1,3,all,kontantlonn,44682.903803602494,0.9377145024010712
2021-04-16,1,3,all,kontantlonn,44310.02626628172,0.9298893020537049
2021-05-16,1,3,all,kontantlonn,45842.57143444276,0.9620512635073701
2021-06-16,1,3,all,kontantlonn,53142.17522178595,1.1152405988124232
2021-07-16,1,3,all,kontantlonn,44556.149963180884,0.9350544489067683
2021-08-16,1,3,all,kontantlonn,44176.04192842099,0.9270775094885029
2021-09-16,1,3,all,kontantlonn,45190.07647642298,0.9483580177065144
2021-10-16,1,3,all,kontantlonn,45874.97645321885,0.9627313145665063
2021-11-16,1,3,all,kontantlonn,46746.543985575816,0.9810220129173854
2021-12-16,1,3,all,kontantlonn,47805.71219977079,1.0032496953280525
2022-01-16,1,3,all,kontantlonn,46286.69250019705,0.9713715790806396
2022-02-16,1,3,all,kontantlonn,46798.974108952265,0.9821223104107818
2022-03-16,1,3,all,kontantlonn,48316.88004070739,1.013977053149606
2022-04-16,1,3,all,kontantlonn,47187.009064916994,0.9902656040348042
2022-05-16,1,3,all,kontantlonn,47895.60691304137,1.005136223936254
2022-06-16,1,3,all,kontantlonn,54317.9904519243,1.1399162331062689
2022-07-16,1,3,all,kontantlonn,47058.03633855651,0.987558985045716
2022-08-16,1,3,all,kontantlonn,46133.10938047087,0.9681484868813447
2022-09-16,1,3,all,kontantlonn,47549.07770169939,0.9978639690172534
2022-10-16,1,3,all,kontantlonn,47650.86141804289,1.0
2022-11-16,1,3,all,kontantlonn,48205.95110223719,1.0116491007229538
2022-12-16,1,3,all,kontantlonn,49618.53086447484,1.041293470629408
2023-01-16,1,3,all,kontantlonn,47881.81323510757,1.0048467500941594
2023-02-16,1,3,all,kontantlonn,48047.23548465646,1.008318298028994
2023-03-16,1,3,all,kontantlonn,49308.5062153032,1.0347872997030991
2023-04-16,1,3,all,kontantlonn,47971.39984151163,1.006726812777982
2023-05-16,1,3,all,kontantlonn,49977.094494897494,1.0488182796203087
2023-06-16,1,3,all,kontantlonn,57173.03403139309,1.199832119084098
2023-07-16,1,3,all,kontantlonn,49911.73032238121,1.0474465484370499
2023-08-16,1,3,all,kontantlonn,49109.55102601418,1.0306120301829205
2023-09-16,1,3,all,kontantlonn,50449.89464411763,1.058740453850744
2023-10-16,1,3,all,kontantlonn,51571.94035317324,1.0822876820784113
2023-11-16,1,3,all,kontantlonn,51662.39370379399,1.0841859342385811
2023-12-16,1,3,all,kontantlonn,52098.05602677434,1.0933287348095564
2024-01-16,1,3,all,kontantlonn,50905.92000435137,1.068310592703702
2024-02-16,1,3,all,kontantlonn,51253.31583517174,1.0756010344812945
2024-03-16,1,3,all,kontantlonn,51924.05703479413,1.0896771955340392
2024-04-16,1,3,all,kontantlonn,51529.18521398175,1.0813904236046055
2024-05-16,1,3,all,kontantlonn,51746.48505336466,1.0859506735752518
2024-06-16,1,3,all,kontantlonn,60369.48185832796,1.2669127075941842
2024-07-16,1,3,all,kontantlonn,52054.99575931617,1.0924250729202065
2024-08-16,1,3,all,kontantlonn,51575.72347306546,1.082367074554846
2024-09-16,1,3,all,kontantlonn,53120.517705502636,1.114786094620079
2024-10-16,1,3,all,kontantlonn,53831.312282492196,1.1297028150284203
2024-11-16,1,3,all,kontantlonn,53612.19985082549,1.1251045260332975
2024-12-16,1,3,all,kontantlonn,54063.43054163322,1.1345740440520604
2025-01-16,1,3,all,kontantlonn,53437.51032499014,1.1214384952284648
2025-02-16,1,3,all,kontantlonn,54027.84523047347,1.1338272514422152
2025-03-16,1,3,all,kontantlonn,56004.870689792886,1.1753170671661093
2025-04-16,1,3,all,kontantlonn,54394.1555754176,1.1415146328251136
2025-05-16,1,3,all,kontantlonn,55155.667973324526,1.1574957163825785
2025-06-16,1,3,all,kontantlonn,63206.028811029355,1.3264404237421936
2025-07-16,1,3,all,kontantlonn,55273.33586529161,1.1599650923490437
2025-08-16,1,3,all,kontantlonn,54126.56146993305,1.1358989084180153
2025-09-16,1,3,all,kontantlonn,55459.58734663422,1.1638737621149189
2025-10-16,1,3,all,kontantlonn,55590.40079295441,1.166619010415313
2025-11-16,1,3,all,kontantlonn,56253.044628770396,1.1805252403573612
2025-12-16,1,3,all,kontantlonn,57037.64856898007,1.1969909225477904
2026-01-16,1,3,all,kontantlonn,55815.11673136935,1.171334894488079
2026-02-16,1,3,all,kontantlonn,56054.27233553313,1.176353809089972
2021-01-16,1,3,1,ny_jobb,0.02870288163931057,2.872631172897567
2021-02-16,1,3,1,ny_jobb,0.012847571768672914,1.2858059209003874
2021-03-16,1,3,1,ny_jobb,0.011635271600205131,1.1644769442975638
2021-04-16,1,3,1,ny_jobb,0.012235235558054083,1.2245223149885498
2021-05-16,1,3,1,ny_jobb,0.011759425870301283,1.1769025059888365
2021-06-16,1,3,1,ny_jobb,0.008671922122633681,0.8679000990722794
2021-07-16,1,3,1,ny_jobb,0.010336290031338746,1.0344727518740955
2021-08-16,1,3,1,ny_jobb,0.009933468056808831,0.9941576721652354
2021-09-16,1,3,1,ny_jobb,0.016123705261715634,1.6136867001528485
2021-10-16,1,3,1,ny_jobb,0.011568563864774395,1.1578007254189238
2021-11-16,1,3,1,ny_jobb,0.01225983709088145,1.2269844764881872
2021-12-16,1,3,1,ny_jobb,0.009253158083151993,0.9260711412685175
2022-01-16,1,3,1,ny_jobb,0.0423130854385473,4.2347625503140485
2022-02-16,1,3,1,ny_jobb,0.012982719367783658,1.2993317128757853
2022-03-16,1,3,1,ny_jobb,0.010707426300396908,1.071616674539659
2022-04-16,1,3,1,ny_jobb,0.010716130909294963,1.0724878459844867
2022-05-16,1,3,1,ny_jobb,0.011910036806731231,1.191975893964468
2022-06-16,1,3,1,ny_jobb,0.011384183967332949,1.1393476847903983
2022-07-16,1,3,1,ny_jobb,0.007566045752637836,0.7572221896643941
2022-08-16,1,3,1,ny_jobb,0.011122091420703762,1.1131170355792066
2022-09-16,1,3,1,ny_jobb,0.01659158913473329,1.6605132806967962
2022-10-16,1,3,1,ny_jobb,0.009991843683280276,1.0
2022-11-16,1,3,1,ny_jobb,0.010757655556648855,1.0766437003663338
2022-12-16,1,3,1,ny_jobb,0.010261530138694273,1.0269906599785255
2023-01-16,1,3,1,ny_jobb,0.03568861107929978,3.5717743602233147
2023-02-16,1,3,1,ny_jobb,0.012577468003038642,1.2587734958349066
2023-03-16,1,3,1,ny_jobb,0.010916981645889865,1.0925893150387906
2023-04-16,1,3,1,ny_jobb,0.009351084973755924,0.9358718240762155
2023-05-16,1,3,1,ny_jobb,0.021974976993904268,2.1992915112028637
2023-06-16,1,3,1,ny_jobb,0.009867994897674637,0.9876050116944003
2023-07-16,1,3,1,ny_jobb,0.006856434565424501,0.6862031455613771
2023-08-16,1,3,1,ny_jobb,0.013264792677239255,1.3275620693942327
2023-09-16,1,3,1,ny_jobb,0.02079268600009132,2.080965901706859
2023-10-16,1,3,1,ny_jobb,0.013118956680877961,1.3129665652026161
2023-11-16,1,3,1,ny_jobb,0.008867425505468138,0.8874663962474043
2023-12-16,1,3,1,ny_jobb,0.010979522905586467,1.0988485462356572
2024-01-16,1,3,1,ny_jobb,0.04518344855568487,4.522033169042867
2024-02-16,1,3,1,ny_jobb,0.011005489942427487,1.101447369602407
2024-03-16,1,3,1,ny_jobb,0.014690819962083358,1.4702812041251259
2024-04-16,1,3,1,ny_jobb,0.009867412593830067,0.9875467337766278
2024-05-16,1,3,1,ny_jobb,0.017251433491436718,1.7265515792950388
2024-06-16,1,3,1,ny_jobb,0.01129749552311248,1.1306717640125814
2024-07-16,1,3,1,ny_jobb,0.008752385060982406,0.8759529610764526
2024-08-16,1,3,1,ny_jobb,0.013010456704706963,1.3021077107599115
2024-09-16,1,3,1,ny_jobb,0.019726225280784927,1.9742327748575124
2024-10-16,1,3,1,ny_jobb,0.01175949203192789,1.176909127552254
2024-11-16,1,3,1,ny_jobb,0.008691586948792294,0.8698681869229249
2024-12-16,1,3,1,ny_jobb,0.01054211757673072,1.0550723080637499
2025-01-16,1,3,1,ny_jobb,0.04805929963183087,4.809853031653236
2025-02-16,1,3,1,ny_jobb,0.010210507451435969,1.0218842262836427
2025-03-16,1,3,1,ny_jobb,0.01125976649761046,1.1268957816515732
2025-04-16,1,3,1,ny_jobb,0.01411341165769187,1.4124932399921715
2025-05-16,1,3,1,ny_jobb,0.011093782744928558,1.1102838571716447
2025-06-16,1,3,1,ny_jobb,0.009768334426699688,0.9776308293378734
2025-07-16,1,3,1,ny_jobb,0.007684734939537931,0.7691007969227025
2025-08-16,1,3,1,ny_jobb,0.010194729085388207,1.020305101694838
2025-09-16,1,3,1,ny_jobb,0.01951805921782492,1.9533991760184573
2025-10-16,1,3,1,ny_jobb,0.011262909025839237,1.127210290998235
2025-11-16,1,3,1,ny_jobb,0.01146870407610411,1.1478065950226102
2025-12-16,1,3,1,ny_jobb,0.010314056755479003,1.0322476093914377
2026-01-16,1,3,1,ny_jobb,0.06087413822638905,6.092382963141428
2026-02-16,1,3,1,ny_jobb,0.013166460752069037,1.3177208500670368
2021-01-16,1,3,2,ny_jobb,0.03126416746663438,2.8323178884616067
2021-02-16,1,3,2,ny_jobb,0.011627969051054869,1.0534137774475665
2021-03-16,1,3,2,ny_jobb,0.009066171180835659,0.8213325636366359
2021-04-16,1,3,2,ny_jobb,0.010066342999980903,0.9119412305049757
2021-05-16,1,3,2,ny_jobb,0.010530183658945745,0.9539619942813977
2021-06-16,1,3,2,ny_jobb,0.007551903577585651,0.6841503653522885
2021-07-16,1,3,2,ny_jobb,0.007858617214700095,0.711936504930816
2021-08-16,1,3,2,ny_jobb,0.03562266314521688,3.227167528721697
2021-09-16,1,3,2,ny_jobb,0.016300401758293826,1.4767039467274403
2021-10-16,1,3,2,ny_jobb,0.010856014029617854,0.9834799780384761
2021-11-16,1,3,2,ny_jobb,0.010706208373020337,0.9699086190241444
2021-12-16,1,3,2,ny_jobb,0.00880466196507668,0.7976416327784199
2022-01-16,1,3,2,ny_jobb,0.03983657839961896,3.6089191799768168
2022-02-16,1,3,2,ny_jobb,0.00982090789801141,0.8897065034646198
2022-03-16,1,3,2,ny_jobb,0.008354572154916055,0.7568666010398422
2022-04-16,1,3,2,ny_jobb,0.009325136689875937,0.844793052214562
2022-05-16,1,3,2,ny_jobb,0.008104354765674017,0.7341986317644499
2022-06-16,1,3,2,ny_jobb,0.007743819022036317,0.7015365806407584
2022-07-16,1,3,2,ny_jobb,0.008579993420445513,0.7772882125694028
2022-08-16,1,3,2,ny_jobb,0.03711569668178246,3.3624260670531845
2022-09-16,1,3,2,ny_jobb,0.017269674513131477,1.5645133715347683
2022-10-16,1,3,2,ny_jobb,0.011038368113268434,1.0
2022-11-16,1,3,2,ny_jobb,0.010397632488053098,0.9419537726373562
2022-12-16,1,3,2,ny_jobb,0.010206590221475206,0.9246466612403144
2023-01-16,1,3,2,ny_jobb,0.033454610709769565,3.0307569349454986
2023-02-16,1,3,2,ny_jobb,0.013574046283038637,1.2297149491438182
2023-03-16,1,3,2,ny_jobb,0.009956485956972901,0.9019889402859215
2023-04-16,1,3,2,ny_jobb,0.018104385246998683,1.6401324055533801
2023-05-16,1,3,2,ny_jobb,0.017161664679199894,1.554728425714584
2023-06-16,1,3,2,ny_jobb,0.00777321199704771,0.7041993814016845
2023-07-16,1,3,2,ny_jobb,0.009000497558760015,0.8153829865431974
2023-08-16,1,3,2,ny_jobb,0.04053899327159577,3.672553121585675
2023-09-16,1,3,2,ny_jobb,0.01797464454521152,1.6283787930215412
2023-10-16,1,3,2,ny_jobb,0.01192568197248127,1.0803845142785427
2023-11-16,1,3,2,ny_jobb,0.010860277547953632,0.983866223386704
2023-12-16,1,3,2,ny_jobb,0.009796504908800149,0.8874957609924667
2024-01-16,1,3,2,ny_jobb,0.05069072720553448,4.5922301816155935
2024-02-16,1,3,2,ny_jobb,0.011550424383526442,1.0463887655316098
2024-03-16,1,3,2,ny_jobb,0.010708431084363805,0.9701099813379085
2024-04-16,1,3,2,ny_jobb,0.010441917480653411,0.9459656874553701
2024-05-16,1,3,2,ny_jobb,0.013435734223887118,1.2171848307665136
2024-06-16,1,3,2,ny_jobb,0.009009320680341751,0.8161823004898967
2024-07-16,1,3,2,ny_jobb,0.00920170846551047,0.8336113065888565
2024-08-16,1,3,2,ny_jobb,0.037528759494136414,3.3998467082308816
2024-09-16,1,3,2,ny_jobb,0.017500972153013366,1.5854673420409577
2024-10-16,1,3,2,ny_jobb,0.010508119931133058,0.9519631727539505
2024-11-16,1,3,2,ny_jobb,0.009158647218804947,0.8297102547065803
2024-12-16,1,3,2,ny_jobb,0.010000886200138396,0.9060112960100547
2025-01-16,1,3,2,ny_jobb,0.04076163999777294,3.6927233789908027
2025-02-16,1,3,2,ny_jobb,0.010300135752450146,0.9331212409983943
2025-03-16,1,3,2,ny_jobb,0.009589890132729924,0.8687778876664388
2025-04-16,1,3,2,ny_jobb,0.011906940947543443,1.0786867067090251
2025-05-16,1,3,2,ny_jobb,0.009596401238341127,0.8693677489162531
2025-06-16,1,3,2,ny_jobb,0.007901790100091188,0.7158476705078362
2025-07-16,1,3,2,ny_jobb,0.007858989179955036,0.7119702024168143
2025-08-16,1,3,2,ny_jobb,0.032997591242433906,2.9893541240729107
2025-09-16,1,3,2,ny_jobb,0.017036573055327506,1.5433959875689467
2025-10-16,1,3,2,ny_jobb,0.01088512565317842,0.9861172902989336
2025-11-16,1,3,2,ny_jobb,0.01147609986603645,1.0396554769940902
2025-12-16,1,3,2,ny_jobb,0.009966687406426068,0.902913121229018
2026-01-16,1,3,2,ny_jobb,0.06278388173841061,5.687786554512763
2026-02-16,1,3,2,ny_jobb,0.01095324095032776,0.9922880663095165
2021-01-16,1,3,3,ny_jobb,0.03108820748171185,2.9511388945256987
2021-02-16,1,3,3,ny_jobb,0.009907682656534375,0.9405157135391798
2021-03-16,1,3,3,ny_jobb,0.009722203894216809,0.9229086002983841
2021-04-16,1,3,3,ny_jobb,0.009860218480800865,0.9360100380290636
2021-05-16,1,3,3,ny_jobb,0.008210901191258474,0.7794437771584244
2021-06-16,1,3,3,ny_jobb,0.007599748910157307,0.7214283618824954
2021-07-16,1,3,3,ny_jobb,0.005860356312661445,0.5563114393214309
2021-08-16,1,3,3,ny_jobb,0.033508419316670465,3.1808845716715872
2021-09-16,1,3,3,ny_jobb,0.016112286384770188,1.5295058442273968
2021-10-16,1,3,3,ny_jobb,0.009388906563016029,0.8912693776726711
2021-11-16,1,3,3,ny_jobb,0.009293936261571569,0.8822540444283067
2021-12-16,1,3,3,ny_jobb,0.007950925511144234,0.7547648264126396
2022-01-16,1,3,3,ny_jobb,0.043514324944705106,4.130724387660252
2022-02-16,1,3,3,ny_jobb,0.009590350541179762,0.9103920356572685
2022-03-16,1,3,3,ny_jobb,0.009087209867844141,0.8626299377179749
2022-04-16,1,3,3,ny_jobb,0.00849329792430199,0.8062511118386875
2022-05-16,1,3,3,ny_jobb,0.00932116760558042,0.8848390592929303
2022-06-16,1,3,3,ny_jobb,0.00786330019571335,0.7464467374181137
2022-07-16,1,3,3,ny_jobb,0.005051559716898404,0.4795340602164952
2022-08-16,1,3,3,ny_jobb,0.03241383682918171,3.076978132099766
2022-09-16,1,3,3,ny_jobb,0.015359345757787532,1.458030756097461
2022-10-16,1,3,3,ny_jobb,0.010534308479814295,1.0
2022-11-16,1,3,3,ny_jobb,0.009106061126927028,0.8644194485452884
2022-12-16,1,3,3,ny_jobb,0.008195091716071419,0.7779430165515607
2023-01-16,1,3,3,ny_jobb,0.03104682487855933,2.947210530055281
2023-02-16,1,3,3,ny_jobb,0.010280633781083086,0.9759191883152751
2023-03-16,1,3,3,ny_jobb,0.009097654098668924,0.8636213868334813
2023-04-16,1,3,3,ny_jobb,0.01797094291173865,1.7059442436277936
2023-05-16,1,3,3,ny_jobb,0.022252639072864757,2.1123967572722
2023-06-16,1,3,3,ny_jobb,0.008550269367327046,0.8116592924643284
2023-07-16,1,3,3,ny_jobb,0.006100909626789457,0.5791466652490708
2023-08-16,1,3,3,ny_jobb,0.03480048736230151,3.3035379046461144
2023-09-16,1,3,3,ny_jobb,0.01551888697050983,1.4731756716871278
2023-10-16,1,3,3,ny_jobb,0.010583368393504254,1.004657155596304
2023-11-16,1,3,3,ny_jobb,0.008399295009505748,0.7973276105973512
2023-12-16,1,3,3,ny_jobb,0.009271647003038785,0.8801381714618473
2024-01-16,1,3,3,ny_jobb,0.06076759997968869,5.768541911994582
2024-02-16,1,3,3,ny_jobb,0.008881127676511415,0.8430669838014823
2024-03-16,1,3,3,ny_jobb,0.011411446552338835,1.0832648933914646
2024-04-16,1,3,3,ny_jobb,0.008343919131299593,0.7920708936223105
2024-05-16,1,3,3,ny_jobb,0.011276758987694441,1.0704792829356402
2024-06-16,1,3,3,ny_jobb,0.007485915880857823,0.7106224291041257
2024-07-16,1,3,3,ny_jobb,0.006631075854095382,0.629474242832528
2024-08-16,1,3,3,ny_jobb,0.030015100365430914,2.849271067288893
2024-09-16,1,3,3,ny_jobb,0.015757280129919476,1.4958058386189632
2024-10-16,1,3,3,ny_jobb,0.009970727759328522,0.9465004540577392
2024-11-16,1,3,3,ny_jobb,0.0068315257371935455,0.6485025334395729
2024-12-16,1,3,3,ny_jobb,0.007869310243170495,0.7470172587265281
2025-01-16,1,3,3,ny_jobb,0.03916908703767363,3.7182399881994086
2025-02-16,1,3,3,ny_jobb,0.008294725399269808,0.7874010349292554
2025-03-16,1,3,3,ny_jobb,0.009084852117972357,0.8624061214251161
2025-04-16,1,3,3,ny_jobb,0.010226626132943869,0.9707923545755278
2025-05-16,1,3,3,ny_jobb,0.00939904470682498,0.8922317705842112
2025-06-16,1,3,3,ny_jobb,0.00795863168481596,0.7554963574558488
2025-07-16,1,3,3,ny_jobb,0.0053928633904238325,0.5119333082714985
2025-08-16,1,3,3,ny_jobb,0.02660087084229602,2.5251653578655175
2025-09-16,1,3,3,ny_jobb,0.015307489839449264,1.453108181593626
2025-10-16,1,3,3,ny_jobb,0.009094762680123962,0.8633469104831349
2025-11-16,1,3,3,ny_jobb,0.01356014217932439,1.287236101478152
2025-12-16,1,3,3,ny_jobb,0.006702445582398428,0.6362492227412523
2026-01-16,1,3,3,ny_jobb,0.06104450130773477,5.794827579305035
2026-02-16,1,3,3,ny_jobb,0.010842879986540634,1.0292920515207638
2021-01-16,1,3,4,ny_jobb,0.03477845662433069,2.577292034881475
2021-02-16,1,3,4,ny_jobb,0.012605817452047755,0.9341666096132527
2021-03-16,1,3,4,ny_jobb,0.012765881450384242,0.9460283110234098
2021-04-16,1,3,4,ny_jobb,0.01115465059514989,0.8266264498538248
2021-05-16,1,3,4,ny_jobb,0.040421845085526466,2.9955009360955267
2021-06-16,1,3,4,ny_jobb,0.011452968529588775,0.8487335963726198
2021-07-16,1,3,4,ny_jobb,0.006738154228559244,0.4993376046169755
2021-08-16,1,3,4,ny_jobb,0.025808652378308244,1.9125757915060666
2021-09-16,1,3,4,ny_jobb,0.019228213487829812,1.424925838500691
2021-10-16,1,3,4,ny_jobb,0.013255074948738772,0.9822804805904427
2021-11-16,1,3,4,ny_jobb,0.014854868416903769,1.1008347628432253
2021-12-16,1,3,4,ny_jobb,0.008148740370464952,0.6038704902282482
2022-01-16,1,3,4,ny_jobb,0.050119185507409916,3.7141319696351114
2022-02-16,1,3,4,ny_jobb,0.011514278845747492,0.8532770581828654
2022-03-16,1,3,4,ny_jobb,0.012652110792124943,0.9375972235113268
2022-04-16,1,3,4,ny_jobb,0.010680301862854898,0.7914743664044193
2022-05-16,1,3,4,ny_jobb,0.012485927107084219,0.9252820166460781
2022-06-16,1,3,4,ny_jobb,0.010959966904727935,0.8121992218124628
2022-07-16,1,3,4,ny_jobb,0.0075710501551025065,0.5610601836420442
2022-08-16,1,3,4,ny_jobb,0.026479033281861634,1.9622550335071642
2022-09-16,1,3,4,ny_jobb,0.019251081608204598,1.4266205032505181
2022-10-16,1,3,4,ny_jobb,0.013494185429370672,1.0
2022-11-16,1,3,4,ny_jobb,0.011040267757491805,0.8181499961799984
2022-12-16,1,3,4,ny_jobb,0.009811500061378837,0.7270909468921101
2023-01-16,1,3,4,ny_jobb,0.07086172966076801,5.251278784604103
2023-02-16,1,3,4,ny_jobb,0.013350335092013794,0.9893398280237219
2023-03-16,1,3,4,ny_jobb,0.014392781056908225,1.0665913205536455
2023-04-16,1,3,4,ny_jobb,0.015720835339392218,1.1650081008354272
2023-05-16,1,3,4,ny_jobb,0.01865232608433081,1.3822491310763543
2023-06-16,1,3,4,ny_jobb,0.010229994737527986,0.758103910093155
2023-07-16,1,3,4,ny_jobb,0.008435399941532576,0.6251136821621383
2023-08-16,1,3,4,ny_jobb,0.024569122064485062,1.8207191677542327
2023-09-16,1,3,4,ny_jobb,0.019204279674208267,1.4231521994954457
2023-10-16,1,3,4,ny_jobb,0.014702030222906726,1.0895085368329924
2023-11-16,1,3,4,ny_jobb,0.008310466314457064,0.6158553517701764
2023-12-16,1,3,4,ny_jobb,0.010033515113517067,0.7435435926112808
2024-01-16,1,3,4,ny_jobb,0.04251200051269018,3.1503939778507117
2024-02-16,1,3,4,ny_jobb,0.011847533496228801,0.8779732247077425
2024-03-16,1,3,4,ny_jobb,0.013314654002603876,0.9866956454906839
2024-04-16,1,3,4,ny_jobb,0.012866599604553747,0.9534921297693926
2024-05-16,1,3,4,ny_jobb,0.013459998581473275,0.9974665497168145
2024-06-16,1,3,4,ny_jobb,0.009710262029036647,0.7195886020583241
2024-07-16,1,3,4,ny_jobb,0.006032823204933121,0.4470683492908304
2024-08-16,1,3,4,ny_jobb,0.022469940845034023,1.6651572607063214
2024-09-16,1,3,4,ny_jobb,0.01756216972951557,1.3014620127637164
2024-10-16,1,3,4,ny_jobb,0.013014754730125786,0.9644713123475105
2024-11-16,1,3,4,ny_jobb,0.007820902387850626,0.5795757312500017
2024-12-16,1,3,4,ny_jobb,0.008255460466182495,0.6117790888076973
2025-01-16,1,3,4,ny_jobb,0.031983152817449456,2.3701432728082095
2025-02-16,1,3,4,ny_jobb,0.012083689192827974,0.8954737769148561
2025-03-16,1,3,4,ny_jobb,0.01160616830056242,0.8600866174034558
2025-04-16,1,3,4,ny_jobb,0.013175497205992067,0.9763832930081896
2025-05-16,1,3,4,ny_jobb,0.011386715113400066,0.8438238212301717
2025-06-16,1,3,4,ny_jobb,0.010066960284253109,0.7460220801725416
2025-07-16,1,3,4,ny_jobb,0.005891792697412207,0.43661714360234505
2025-08-16,1,3,4,ny_jobb,0.02028305062977113,1.5030955915000401
2025-09-16,1,3,4,ny_jobb,0.01820711724759912,1.349256488499895
2025-10-16,1,3,4,ny_jobb,0.010544665136716619,0.7814228722369343
2025-11-16,1,3,4,ny_jobb,0.010862666504046202,0.8049886790797424
2025-12-16,1,3,4,ny_jobb,0.007677925351912128,0.5689802761418111
2026-01-16,1,3,4,ny_jobb,0.04318538213273983,3.200295590925036
2026-02-16,1,3,4,ny_jobb,0.012944693624882141,0.9592793646297065
2021-01-16,1,3,5,ny_jobb,0.03463334565318517,1.9815759330445861
2021-02-16,1,3,5,ny_jobb,0.01126199730195472,0.6443646257870014
2021-03-16,1,3,5,ny_jobb,0.012040911069093389,0.6889308305751644
2021-04-16,1,3,5,ny_jobb,0.010963764335076186,0.6273009763341039
2021-05-16,1,3,5,ny_jobb,0.024922089396096272,1.4259382573958228
2021-06-16,1,3,5,ny_jobb,0.011703569467406149,0.669629547764889
2021-07-16,1,3,5,ny_jobb,0.009622717314067102,0.5505718457290639
2021-08-16,1,3,5,ny_jobb,0.01844486587785243,1.0553384786383249
2021-09-16,1,3,5,ny_jobb,0.018444234646799534,1.0553023622239555
2021-10-16,1,3,5,ny_jobb,0.014868647295708451,0.8507221315880766
2021-11-16,1,3,5,ny_jobb,0.01708958498014445,0.9777949448340415
2021-12-16,1,3,5,ny_jobb,0.009774684750825756,0.5592667901419704
2022-01-16,1,3,5,ny_jobb,0.03998256400219765,2.2876359495139673
2022-02-16,1,3,5,ny_jobb,0.015297877279406302,0.8752808852803743
2022-03-16,1,3,5,ny_jobb,0.013609414026029576,0.778674043416866
2022-04-16,1,3,5,ny_jobb,0.011698337253325993,0.6693301822458427
2022-05-16,1,3,5,ny_jobb,0.014268699702202023,0.8163956265981951
2022-06-16,1,3,5,ny_jobb,0.012841158123806668,0.734717637313075
2022-07-16,1,3,5,ny_jobb,0.007721214247298625,0.44177575217659615
2022-08-16,1,3,5,ny_jobb,0.018479995597625736,1.057348455033169
2022-09-16,1,3,5,ny_jobb,0.01820929812346929,1.0418602719019203
2022-10-16,1,3,5,ny_jobb,0.017477677779409076,1.0
2022-11-16,1,3,5,ny_jobb,0.011043971821532281,0.6318901149753134
2022-12-16,1,3,5,ny_jobb,0.010027815775662478,0.5737498941350503
2023-01-16,1,3,5,ny_jobb,0.04451404889198566,2.5469086599381563
2023-02-16,1,3,5,ny_jobb,0.01445389702348101,0.8269918467377593
2023-03-16,1,3,5,ny_jobb,0.014263937902478077,0.816123176231273
2023-04-16,1,3,5,ny_jobb,0.0190669614530013,1.0909321989826704
2023-05-16,1,3,5,ny_jobb,0.019910587310984985,1.1392009603496744
2023-06-16,1,3,5,ny_jobb,0.011215117824125875,0.6416823771255646
2023-07-16,1,3,5,ny_jobb,0.007217720812685816,0.41296795282432813
2023-08-16,1,3,5,ny_jobb,0.01764314620854984,1.009467415020988
2023-09-16,1,3,5,ny_jobb,0.018056863771112788,1.0331386125212851
2023-10-16,1,3,5,ny_jobb,0.016790780424921353,0.9606985914743791
2023-11-16,1,3,5,ny_jobb,0.009343954409917738,0.534622192252915
2023-12-16,1,3,5,ny_jobb,0.011175883801199715,0.6394375695818312
2024-01-16,1,3,5,ny_jobb,0.04976939698415216,2.847597810893781
2024-02-16,1,3,5,ny_jobb,0.011431226700238642,0.6540472278134157
2024-03-16,1,3,5,ny_jobb,0.013561498917814151,0.7759325402938437
2024-04-16,1,3,5,ny_jobb,0.014454986499189847,0.8270541820046401
2024-05-16,1,3,5,ny_jobb,0.012206894003688195,0.6984276834574366
2024-06-16,1,3,5,ny_jobb,0.01021520501930945,0.5844715269521823
2024-07-16,1,3,5,ny_jobb,0.006980953362436904,0.39942110448227586
2024-08-16,1,3,5,ny_jobb,0.016546129442773196,0.9467006802394903
2024-09-16,1,3,5,ny_jobb,0.018562030371940187,1.0620421434825065
2024-10-16,1,3,5,ny_jobb,0.013461487768895272,0.770210318487197
2024-11-16,1,3,5,ny_jobb,0.0086577271630763,0.4953591244985762
2024-12-16,1,3,5,ny_jobb,0.009233251998775735,0.5282882609069312
2025-01-16,1,3,5,ny_jobb,0.03839630101535934,2.1968765816586378
2025-02-16,1,3,5,ny_jobb,0.011565582836954505,0.6617345269163979
2025-03-16,1,3,5,ny_jobb,0.011095893125559727,0.6348608359533953
2025-04-16,1,3,5,ny_jobb,0.012028312943814037,0.6882100182659802
2025-05-16,1,3,5,ny_jobb,0.011886684790381765,0.6801066446244814
2025-06-16,1,3,5,ny_jobb,0.010165176850629657,0.5816091233015822
2025-07-16,1,3,5,ny_jobb,0.00856211335425029,0.48988850019523456
2025-08-16,1,3,5,ny_jobb,0.013756320858598027,0.7870794411145811
2025-09-16,1,3,5,ny_jobb,0.01698786089614139,0.971974716009197
2025-10-16,1,3,5,ny_jobb,0.012884269795571755,0.7371843077889364
2025-11-16,1,3,5,ny_jobb,0.010922561795488023,0.6249435384577343
2025-12-16,1,3,5,ny_jobb,0.00786023208622052,0.44972977448301926
2026-01-16,1,3,5,ny_jobb,0.049526623813978696,2.8337073402467317
2026-02-16,1,3,5,ny_jobb,0.013231752052497122,0.7570657966978774
2021-01-16,1,3,all,ny_jobb,0.03200326771323936,2.619735339468416
2021-02-16,1,3,all,ny_jobb,0.01127388967453807,0.9228622357659232
2021-03-16,1,3,all,ny_jobb,0.010781530405553543,0.8825585084018577
2021-04-16,1,3,all,ny_jobb,0.010623213329929108,0.8695989305996493
2021-05-16,1,3,all,ny_jobb,0.017326525926804604,1.4183211754307234
2021-06-16,1,3,all,ny_jobb,0.009076413938877795,0.7429804532580683
2021-07-16,1,3,all,ny_jobb,0.0075803508506773745,0.6205151669832066
2021-08-16,1,3,all,ny_jobb,0.026748346598419372,2.1895760609233172
2021-09-16,1,3,all,ny_jobb,0.01706358489755722,1.3967972512899829
2021-10-16,1,3,all,ny_jobb,0.01150149645590198,0.9414937559589385
2021-11-16,1,3,all,ny_jobb,0.012180309971062042,0.9970603240515439
2021-12-16,1,3,all,ny_jobb,0.008608002373516223,0.704637045885146
2022-01-16,1,3,all,ny_jobb,0.043288926953977215,3.5435610127426607
2022-02-16,1,3,all,ny_jobb,0.011373995923046897,0.9310567701262907
2022-03-16,1,3,all,ny_jobb,0.010555646118541633,0.8640679887893581
2022-04-16,1,3,all,ny_jobb,0.00984416842201349,0.805827584042586
2022-05-16,1,3,all,ny_jobb,0.01084595774649641,0.8878324255345817
2022-06-16,1,3,all,ny_jobb,0.0096863459500799,0.7929084936924575
2022-07-16,1,3,all,ny_jobb,0.006857346616524979,0.5613312186512439
2022-08-16,1,3,all,ny_jobb,0.026881912568750513,2.2005095535829473
2022-09-16,1,3,all,ny_jobb,0.01698835340693463,1.390638924071936
2022-10-16,1,3,all,ny_jobb,0.012216221704186847,1.0
2022-11-16,1,3,all,ny_jobb,0.01020401823636662,0.835284303400405
2022-12-16,1,3,all,ny_jobb,0.009396242060935395,0.769161062107692
2023-01-16,1,3,all,ny_jobb,0.0411767496503117,3.3706616208675433
2023-02-16,1,3,all,ny_jobb,0.012362689162422186,1.0119895874339888
2023-03-16,1,3,all,ny_jobb,0.011258740470232143,0.9216221465900093
2023-04-16,1,3,all,ny_jobb,0.01661882749948571,1.3603901355023675
2023-05-16,1,3,all,ny_jobb,0.020361003738426052,1.6667185838193945
2023-06-16,1,3,all,ny_jobb,0.009335331495364464,0.7641750224756464
2023-07-16,1,3,all,ny_jobb,0.007274225734159754,0.595456263835378
2023-08-16,1,3,all,ny_jobb,0.028094966823781962,2.2998081979924296
2023-09-16,1,3,all,ny_jobb,0.017714007763946844,1.4500398071423137
2023-10-16,1,3,all,ny_jobb,0.012908936007582184,1.0567044639635121
2023-11-16,1,3,all,ny_jobb,0.009015138974026856,0.7379645844948206
2023-12-16,1,3,all,ny_jobb,0.010042639817170856,0.8220741290025014
2024-01-16,1,3,all,ny_jobb,0.051977186323503025,4.254767765526797
2024-02-16,1,3,all,ny_jobb,0.010552693949334646,0.8638263290292069
2024-03-16,1,3,all,ny_jobb,0.012432813745324843,1.0177298715087795
2024-04-16,1,3,all,ny_jobb,0.010708212502406495,0.8765568243359962
2024-05-16,1,3,all,ny_jobb,0.012986845915772958,1.0630820420786893
2024-06-16,1,3,all,ny_jobb,0.00910552109597909,0.7453631177026173
2024-07-16,1,3,all,ny_jobb,0.007310590142084313,0.5984329950052204
2024-08-16,1,3,all,ny_jobb,0.025285269396693878,2.069810945558388
2024-09-16,1,3,all,ny_jobb,0.01738698184855222,1.4232699986603228
2024-10-16,1,3,all,ny_jobb,0.011427749515956116,0.9354569516399248
2024-11-16,1,3,all,ny_jobb,0.007959694132546656,0.6515675898235084
2024-12-16,1,3,all,ny_jobb,0.008889493950986494,0.7276794876716924
2025-01-16,1,3,all,ny_jobb,0.03928991611055703,3.2162085022647595
2025-02-16,1,3,all,ny_jobb,0.010097430811441046,0.8265592305008977
2025-03-16,1,3,all,ny_jobb,0.010242758621441408,0.8384555281876493
2025-04-16,1,3,all,ny_jobb,0.011851113956140063,0.9701128747588421
2025-05-16,1,3,all,ny_jobb,0.010435573185336805,0.8542390141593645
2025-06-16,1,3,all,ny_jobb,0.00893794855279929,0.731645902409908
2025-07-16,1,3,all,ny_jobb,0.006751243238352557,0.5526457690301014
2025-08-16,1,3,all,ny_jobb,0.02202769759491081,1.8031514267100515
2025-09-16,1,3,all,ny_jobb,0.016970257064544837,1.3891575869754105
2025-10-16,1,3,all,ny_jobb,0.010602768825052246,0.8679253767487188
2025-11-16,1,3,all,ny_jobb,0.012007317026421523,0.9828994035288565
2025-12-16,1,3,all,ny_jobb,0.008116999637677294,0.664444362113645
2026-01-16,1,3,all,ny_jobb,0.056279980804532725,4.606987509505003
2026-02-16,1,3,all,ny_jobb,0.011959857485175989,0.9790144428270326
2021-01-16,1,3,1,overtid_timer,2.100076455231194,0.7213610810789337
2021-02-16,1,3,1,overtid_timer,2.3711246328511386,0.8144641707047221
2021-03-16,1,3,1,overtid_timer,2.191186369582294,0.7526566780318947
2021-04-16,1,3,1,overtid_timer,2.262653355166728,0.7772050709507441
2021-05-16,1,3,1,overtid_timer,2.2520290459277965,0.7735556975294946
2021-06-16,1,3,1,overtid_timer,2.509702356121886,0.8620646168804014
2021-07-16,1,3,1,overtid_timer,2.203759903237319,0.7569755959492772
2021-08-16,1,3,1,overtid_timer,2.0610301207972883,0.7079489474638692
2021-09-16,1,3,1,overtid_timer,2.6218493288088704,0.9005862912964439
2021-10-16,1,3,1,overtid_timer,2.783288009299009,0.9560393110168628
2021-11-16,1,3,1,overtid_timer,2.844918903608791,0.9772090776872251
2021-12-16,1,3,1,overtid_timer,3.270854803606164,1.1235149802780946
2022-01-16,1,3,1,overtid_timer,2.925449034040828,1.0048705953444412
2022-02-16,1,3,1,overtid_timer,3.2971127577745087,1.1325343977181672
2022-03-16,1,3,1,overtid_timer,4.197567227046117,1.441833998596087
2022-04-16,1,3,1,overtid_timer,4.176929944345318,1.4347452411737096
2022-05-16,1,3,1,overtid_timer,3.4387906557901267,1.181199731507782
2022-06-16,1,3,1,overtid_timer,3.0208259056992843,1.0376318612869693
2022-07-16,1,3,1,overtid_timer,2.7923773937407255,0.9591614488661235
2022-08-16,1,3,1,overtid_timer,2.737576215327769,0.9403376402348241
2022-09-16,1,3,1,overtid_timer,2.9010764562525373,0.9964987910616747
2022-10-16,1,3,1,overtid_timer,2.9112694187633847,1.0
2022-11-16,1,3,1,overtid_timer,2.8564679820430596,0.9811761026419866
2022-12-16,1,3,1,overtid_timer,3.1454839888361947,1.0804510117006956
2023-01-16,1,3,1,overtid_timer,3.0104841686246533,1.0340795493614645
2023-02-16,1,3,1,overtid_timer,2.7747560130380418,0.9531086319783727
2023-03-16,1,3,1,overtid_timer,2.546293717389793,0.8746334849597596
2023-04-16,1,3,1,overtid_timer,2.88256968018615,0.9901418472669473
2023-05-16,1,3,1,overtid_timer,2.816767520858184,0.9675392812165966
2023-06-16,1,3,1,overtid_timer,2.8563646103763305,0.9811405952217311
2023-07-16,1,3,1,overtid_timer,2.5318912796458473,0.8696863517088413
2023-08-16,1,3,1,overtid_timer,2.3661149889571504,0.8127433942414719
2023-09-16,1,3,1,overtid_timer,2.7573814160427625,0.9471405835101345
2023-10-16,1,3,1,overtid_timer,2.92054080988233,1.0031846558271764
2023-11-16,1,3,1,overtid_timer,2.869612092283879,0.9856910094919348
2023-12-16,1,3,1,overtid_timer,3.076340020144342,1.0567005582915352
2024-01-16,1,3,1,overtid_timer,2.9813172618053696,1.0240609277143917
2024-02-16,1,3,1,overtid_timer,2.9916040495822984,1.02759436495336
2024-03-16,1,3,1,overtid_timer,2.724581054862819,0.9358738965561404
2024-04-16,1,3,1,overtid_timer,2.4896724259330867,0.8551844806553909
2024-05-16,1,3,1,overtid_timer,2.4511288710216244,0.8419450481717307
2024-06-16,1,3,1,overtid_timer,2.7218974792384527,0.9349521077285347
2024-07-16,1,3,1,overtid_timer,2.377566234985185,0.8166768144719151
2024-08-16,1,3,1,overtid_timer,2.1314163437217677,0.7321261062217752
2024-09-16,1,3,1,overtid_timer,2.608007378758993,0.8958316815167151
2024-10-16,1,3,1,overtid_timer,2.7156450107571444,0.9328044300038244
2024-11-16,1,3,1,overtid_timer,2.487602877601207,0.8544736057639977
2024-12-16,1,3,1,overtid_timer,2.519853264557642,0.8655513805479385
2025-01-16,1,3,1,overtid_timer,2.1707979829203525,0.7456534145996144
2025-02-16,1,3,1,overtid_timer,2.3575563163132367,0.8098035520582813
2025-03-16,1,3,1,overtid_timer,1.9646042411500304,0.6748273548603867
2025-04-16,1,3,1,overtid_timer,2.0228614729533043,0.6948382928477131
2025-05-16,1,3,1,overtid_timer,2.1986320805491855,0.7552142259245436
2025-06-16,1,3,1,overtid_timer,2.520554896682944,0.8657923861109345
2025-07-16,1,3,1,overtid_timer,2.2946425883145776,0.7881931412892969
2025-08-16,1,3,1,overtid_timer,2.0260058551598177,0.6959183654051506
2025-09-16,1,3,1,overtid_timer,2.3702329499640045,0.8141578840788993
2025-10-16,1,3,1,overtid_timer,2.6023706685199377,0.8938955122969493
2025-11-16,1,3,1,overtid_timer,2.5409642441712275,0.872802849435539
2025-12-16,1,3,1,overtid_timer,2.780707270177577,0.9551528457846177
2026-01-16,1,3,1,overtid_timer,2.420198805228355,0.8313207941628361
2026-02-16,1,3,1,overtid_timer,2.4943116741276654,0.8567780288734562
2021-01-16,1,3,2,overtid_timer,1.3629705080669252,0.6630618863550096
2021-02-16,1,3,2,overtid_timer,1.5084618867837933,0.7338409585722206
2021-03-16,1,3,2,overtid_timer,1.525716983703844,0.7422352686804226
2021-04-16,1,3,2,overtid_timer,1.5710335683874068,0.7642810135777687
2021-05-16,1,3,2,overtid_timer,1.529741822751689,0.7441932841734535
2021-06-16,1,3,2,overtid_timer,1.7006664133122105,0.8273451798092997
2021-07-16,1,3,2,overtid_timer,1.6387579829843713,0.7972277852277588
2021-08-16,1,3,2,overtid_timer,1.3445351308632891,0.6540933900361525
2021-09-16,1,3,2,overtid_timer,1.740013350421278,0.8464867930631568
2021-10-16,1,3,2,overtid_timer,2.006207146847873,0.9759855311135861
2021-11-16,1,3,2,overtid_timer,2.057754439925847,1.0010624092870188
2021-12-16,1,3,2,overtid_timer,2.664612226748404,1.2962883635525186
2022-01-16,1,3,2,overtid_timer,1.863894782875137,0.9067529953038168
2022-02-16,1,3,2,overtid_timer,1.9507493874404245,0.9490062778222748
2022-03-16,1,3,2,overtid_timer,2.500226776155101,1.2163176478880227
2022-04-16,1,3,2,overtid_timer,2.600565129849375,1.2651305441909957
2022-05-16,1,3,2,overtid_timer,2.178410605155397,1.0597595740781582
2022-06-16,1,3,2,overtid_timer,2.0886223296933943,1.0160791107460232
2022-07-16,1,3,2,overtid_timer,2.112034570088022,1.027468766052561
2022-08-16,1,3,2,overtid_timer,1.7100148814844278,0.8318930499973286
2022-09-16,1,3,2,overtid_timer,1.8683701179681245,0.9089301694328709
2022-10-16,1,3,2,overtid_timer,2.055570582648718,1.0
2022-11-16,1,3,2,overtid_timer,2.0590979360311987,1.0017159972088798
2022-12-16,1,3,2,overtid_timer,2.424291031688763,1.1793762044234588
2023-01-16,1,3,2,overtid_timer,1.8299264994791484,0.8902280052680971
2023-02-16,1,3,2,overtid_timer,1.7506555674601834,0.8516640499906188
2023-03-16,1,3,2,overtid_timer,1.6365110438372383,0.7961346876877864
2023-04-16,1,3,2,overtid_timer,1.8184742317982507,0.8846566725308185
2023-05-16,1,3,2,overtid_timer,1.825887939421322,0.888263314737927
2023-06-16,1,3,2,overtid_timer,1.942892266904798,0.9451839228022384
2023-07-16,1,3,2,overtid_timer,1.947161249465779,0.9472607099468958
2023-08-16,1,3,2,overtid_timer,1.5511144289024739,0.754590692236788
2023-09-16,1,3,2,overtid_timer,1.899495994928118,0.9240723772571754
2023-10-16,1,3,2,overtid_timer,2.1825819715878785,1.061788872642602
2023-11-16,1,3,2,overtid_timer,2.0562229151318543,1.0003173486177719
2023-12-16,1,3,2,overtid_timer,2.415750509108117,1.1752213859741498
2024-01-16,1,3,2,overtid_timer,1.7828648748889193,0.8673333282438777
2024-02-16,1,3,2,overtid_timer,1.8436539959383191,0.8969061979679955
2024-03-16,1,3,2,overtid_timer,1.7732951019685088,0.8626777970735107
2024-04-16,1,3,2,overtid_timer,1.6716035215986313,0.8132065790923493
2024-05-16,1,3,2,overtid_timer,1.665187847492305,0.8100854631547689
2024-06-16,1,3,2,overtid_timer,1.8857747891053738,0.9173972448445177
2024-07-16,1,3,2,overtid_timer,1.7777373187506167,0.8648388597096492
2024-08-16,1,3,2,overtid_timer,1.4356544962108617,0.6984214058759979
2024-09-16,1,3,2,overtid_timer,1.7457635003216643,0.8492841428350031
2024-10-16,1,3,2,overtid_timer,1.9864078891996588,0.966353530239794
2024-11-16,1,3,2,overtid_timer,1.9417214666675346,0.944614348472295
2024-12-16,1,3,2,overtid_timer,2.1716968964255665,1.0564934693836752
2025-01-16,1,3,2,overtid_timer,1.5387341249197615,0.7485678856801969
2025-02-16,1,3,2,overtid_timer,1.735152804162242,0.8441222202773501
2025-03-16,1,3,2,overtid_timer,1.5749955208277775,0.7662084358097339
2025-04-16,1,3,2,overtid_timer,1.659206365549271,0.8071755742929978
2025-05-16,1,3,2,overtid_timer,1.4757970559923994,0.7179500759787835
2025-06-16,1,3,2,overtid_timer,1.6753402903594599,0.8150244533080883
2025-07-16,1,3,2,overtid_timer,1.657837424047433,0.8065096076200976
2025-08-16,1,3,2,overtid_timer,1.3111139848550417,0.6378345729999686
2025-09-16,1,3,2,overtid_timer,1.5833532953506189,0.7702743504484187
2025-10-16,1,3,2,overtid_timer,1.786658802009347,0.869179009025872
2025-11-16,1,3,2,overtid_timer,1.7990137949974387,0.8751895022156372
2025-12-16,1,3,2,overtid_timer,1.9862856287039865,0.9662940525956282
2026-01-16,1,3,2,overtid_timer,1.4917661118326475,0.7257187490543006
2026-02-16,1,3,2,overtid_timer,1.5492944305334715,0.7537052940975243
2021-01-16,1,3,3,overtid_timer,1.7609683303566703,0.7108844110828999
2021-02-16,1,3,3,overtid_timer,1.9155352034559219,0.7732814335971161
2021-03-16,1,3,3,overtid_timer,1.7949722005930422,0.7246114161918598
2021-04-16,1,3,3,overtid_timer,1.9729317367581098,0.796451810980599
2021-05-16,1,3,3,overtid_timer,2.157992717633521,0.8711589843784276
2021-06-16,1,3,3,overtid_timer,2.309028744047375,0.9321306411871375
2021-07-16,1,3,3,overtid_timer,2.2489173908935847,0.9078643195563145
2021-08-16,1,3,3,overtid_timer,1.762702735948659,0.7115845723956192
2021-09-16,1,3,3,overtid_timer,2.0961325788860985,0.8461866963793238
2021-10-16,1,3,3,overtid_timer,2.5371748453455503,1.0242308249703198
2021-11-16,1,3,3,overtid_timer,2.4792673757407937,1.0008541879703003
2021-12-16,1,3,3,overtid_timer,3.350060355235098,1.3523841636840328
2022-01-16,1,3,3,overtid_timer,2.341698544279993,0.945319096253707
2022-02-16,1,3,3,overtid_timer,2.4277387214936916,0.9800526117029258
2022-03-16,1,3,3,overtid_timer,2.7598014849564163,1.1141028600676692
2022-04-16,1,3,3,overtid_timer,2.821415533254365,1.138975803938187
2022-05-16,1,3,3,overtid_timer,2.5712386549361765,1.0379820269667621
2022-06-16,1,3,3,overtid_timer,2.6295082372567666,1.06150484506516
2022-07-16,1,3,3,overtid_timer,2.628995283448219,1.0612977710026592
2022-08-16,1,3,3,overtid_timer,2.079439264548987,0.8394477807912417
2022-09-16,1,3,3,overtid_timer,2.122340299468303,0.8567664777931848
2022-10-16,1,3,3,overtid_timer,2.47715142279483,1.0
2022-11-16,1,3,3,overtid_timer,2.5042717961080956,1.010948209731429
2022-12-16,1,3,3,overtid_timer,3.209063874090547,1.295465365807126
2023-01-16,1,3,3,overtid_timer,2.33679345838628,0.9433389646200183
2023-02-16,1,3,3,overtid_timer,2.3375251573114677,0.9436343437875793
2023-03-16,1,3,3,overtid_timer,2.2223093528334292,0.8971229341830558
2023-04-16,1,3,3,overtid_timer,2.3701237600427065,0.9567940571709701
2023-05-16,1,3,3,overtid_timer,2.357061690393461,0.9515210369070298
2023-06-16,1,3,3,overtid_timer,2.6387280436397753,1.0652267840222087
2023-07-16,1,3,3,overtid_timer,2.69514318600743,1.0880009841976688
2023-08-16,1,3,3,overtid_timer,1.911949078738319,0.7718337527308585
2023-09-16,1,3,3,overtid_timer,2.195347798132139,0.8862388378564489
2023-10-16,1,3,3,overtid_timer,2.637741357929337,1.064828469368789
2023-11-16,1,3,3,overtid_timer,2.558383537682279,1.032792551210212
2023-12-16,1,3,3,overtid_timer,3.2337221497148354,1.3054196525727157
2024-01-16,1,3,3,overtid_timer,2.3292032029165517,0.9402748582436852
2024-02-16,1,3,3,overtid_timer,2.491071870653292,1.0056195385273445
2024-03-16,1,3,3,overtid_timer,2.3760105699105347,0.9591705004572616
2024-04-16,1,3,3,overtid_timer,2.334267414624065,0.9423192272963447
2024-05-16,1,3,3,overtid_timer,2.4116360242148027,0.9735521220151694
2024-06-16,1,3,3,overtid_timer,2.6809495317363456,1.0822711551123434
2024-07-16,1,3,3,overtid_timer,2.543662030799475,1.0268496335720991
2024-08-16,1,3,3,overtid_timer,1.8502755213672286,0.7469367856728223
2024-09-16,1,3,3,overtid_timer,2.040206979424751,0.823610119531127
2024-10-16,1,3,3,overtid_timer,2.441201667904349,0.98548746170312
2024-11-16,1,3,3,overtid_timer,2.4517705658710818,0.9897540147565496
2024-12-16,1,3,3,overtid_timer,3.005922009043654,1.21345912945937
2025-01-16,1,3,3,overtid_timer,2.1514992682389793,0.8685376470896415
2025-02-16,1,3,3,overtid_timer,2.3776747548032295,0.9598423144115403
2025-03-16,1,3,3,overtid_timer,2.2574899792541987,0.9113249833985524
2025-04-16,1,3,3,overtid_timer,2.486277498935422,1.0036841010430828
2025-05-16,1,3,3,overtid_timer,2.3350837951585235,0.9426487915397519
2025-06-16,1,3,3,overtid_timer,2.544614986059455,1.027234331597101
2025-07-16,1,3,3,overtid_timer,2.448257659220891,0.9883358912547463
2025-08-16,1,3,3,overtid_timer,1.8955723058354055,0.7652226215936119
2025-09-16,1,3,3,overtid_timer,1.9937228006320948,0.804844944998433
2025-10-16,1,3,3,overtid_timer,2.368538847248016,0.9561542445296815
2025-11-16,1,3,3,overtid_timer,2.3814821427197623,0.9613793169062191
2025-12-16,1,3,3,overtid_timer,2.767435083360062,1.1171844635309864
2026-01-16,1,3,3,overtid_timer,2.05808436422098,0.8308270319215931
2026-02-16,1,3,3,overtid_timer,2.1617827764783506,0.8726889913089501
2021-01-16,1,3,4,overtid_timer,1.5250408530719908,0.855048345087274
2021-02-16,1,3,4,overtid_timer,1.7762897845607224,0.9959166914280554
2021-03-16,1,3,4,overtid_timer,1.667413765885252,0.9348729106003968
2021-04-16,1,3,4,overtid_timer,1.6775287243253625,0.9405440888232105
2021-05-16,1,3,4,overtid_timer,1.9104844751091608,1.0711559532758983
2021-06-16,1,3,4,overtid_timer,1.9311189916055675,1.0827251575673034
2021-07-16,1,3,4,overtid_timer,2.006487892038502,1.124982421335952
2021-08-16,1,3,4,overtid_timer,1.1152521868290208,0.6252911420584104
2021-09-16,1,3,4,overtid_timer,1.5290951777660022,0.857321493123327
2021-10-16,1,3,4,overtid_timer,1.875100914934573,1.0513173669785978
2021-11-16,1,3,4,overtid_timer,1.9024415133633468,1.0666464864530878
2021-12-16,1,3,4,overtid_timer,2.4842547523130865,1.3928531228928513
2022-01-16,1,3,4,overtid_timer,1.6420753396835808,0.9206663538729409
2022-02-16,1,3,4,overtid_timer,1.7766579507893083,0.9961231120782533
2022-03-16,1,3,4,overtid_timer,1.765910037248968,0.9900970533878929
2022-04-16,1,3,4,overtid_timer,1.9033413961108483,1.0671510258904897
2022-05-16,1,3,4,overtid_timer,1.6789215349874114,0.9413249993471521
2022-06-16,1,3,4,overtid_timer,1.7194421126491648,0.9640437696685312
2022-07-16,1,3,4,overtid_timer,1.9022491091714726,1.0665386107292878
2022-08-16,1,3,4,overtid_timer,1.139901253471962,0.6391111938940958
2022-09-16,1,3,4,overtid_timer,1.4629488020758414,0.8202350446170696
2022-10-16,1,3,4,overtid_timer,1.7835726621005636,1.0
2022-11-16,1,3,4,overtid_timer,1.8288793767175435,1.0254022253086235
2022-12-16,1,3,4,overtid_timer,2.3750887993794363,1.331646783923133
2023-01-16,1,3,4,overtid_timer,1.4261582251406646,0.799607582828186
2023-02-16,1,3,4,overtid_timer,1.5215508462145264,0.8530915944980639
2023-03-16,1,3,4,overtid_timer,1.428309662838714,0.8008138346079792
2023-04-16,1,3,4,overtid_timer,1.573742953180089,0.8823542693946922
2023-05-16,1,3,4,overtid_timer,1.6393571047291597,0.9191423145039926
2023-06-16,1,3,4,overtid_timer,1.7477720035548705,0.979927558149759
2023-07-16,1,3,4,overtid_timer,1.8519936186190422,1.0383617432428558
2023-08-16,1,3,4,overtid_timer,1.1144716184587,0.6248534989015561
2023-09-16,1,3,4,overtid_timer,1.5211333692188067,0.8528575266607447
2023-10-16,1,3,4,overtid_timer,1.9566225497767218,1.0970242992356434
2023-11-16,1,3,4,overtid_timer,1.9273965987479562,1.0806381145571087
2023-12-16,1,3,4,overtid_timer,2.359785867083599,1.3230668518457853
2024-01-16,1,3,4,overtid_timer,1.4548656218477725,0.8157030284005006
2024-02-16,1,3,4,overtid_timer,1.6390580614736034,0.9189746491983336
2024-03-16,1,3,4,overtid_timer,1.5589850210606693,0.8740799038849412
2024-04-16,1,3,4,overtid_timer,1.5174308396654053,0.8507816204573826
2024-05-16,1,3,4,overtid_timer,1.6636862200354814,0.93278297844962
2024-06-16,1,3,4,overtid_timer,1.813913071216343,1.0170110305907283
2024-07-16,1,3,4,overtid_timer,1.8160861269420248,1.0182294030023813
2024-08-16,1,3,4,overtid_timer,1.047512922250825,0.5873116046851378
2024-09-16,1,3,4,overtid_timer,1.483839177125629,0.8319477017426752
2024-10-16,1,3,4,overtid_timer,1.822467562372515,1.0218072978457429
2024-11-16,1,3,4,overtid_timer,1.8544959764881863,1.0397647462840647
2024-12-16,1,3,4,overtid_timer,2.145806168588342,1.2030943365442515
2025-01-16,1,3,4,overtid_timer,1.3449270057788176,0.7540634785211718
2025-02-16,1,3,4,overtid_timer,1.4810207328806044,0.8303674777882974
2025-03-16,1,3,4,overtid_timer,1.367130627129156,0.7665124366276436
2025-04-16,1,3,4,overtid_timer,1.6354021354205015,0.9169248722922465
2025-05-16,1,3,4,overtid_timer,1.503481041480002,0.8429603533557809
2025-06-16,1,3,4,overtid_timer,1.6076701572378178,0.9013763169841477
2025-07-16,1,3,4,overtid_timer,1.7321606044754883,0.9711746772545135
2025-08-16,1,3,4,overtid_timer,0.9894549911903696,0.5547601240002528
2025-09-16,1,3,4,overtid_timer,1.360202459514934,0.7626280041279537
2025-10-16,1,3,4,overtid_timer,1.6563520924915092,0.9286709354138546
2025-11-16,1,3,4,overtid_timer,1.7783344298524717,0.997063067651013
2025-12-16,1,3,4,overtid_timer,2.063253435482893,1.1568092959290714
2026-01-16,1,3,4,overtid_timer,1.1698797988966316,0.6559193374935627
2026-02-16,1,3,4,overtid_timer,1.341678140065607,0.7522419291207766
2021-01-16,1,3,5,overtid_timer,1.6209687575542895,0.8901782497953231
2021-02-16,1,3,5,overtid_timer,2.051574016006176,1.1266513055127618
2021-03-16,1,3,5,overtid_timer,1.906147540654152,1.0467882700906053
2021-04-16,1,3,5,overtid_timer,1.8605554309075154,1.021750708897895
2021-05-16,1,3,5,overtid_timer,2.1867907206786406,1.200907498883222
2021-06-16,1,3,5,overtid_timer,2.1014694744588662,1.1540521123889942
2021-07-16,1,3,5,overtid_timer,2.0472970758337796,1.12430256245439
2021-08-16,1,3,5,overtid_timer,1.0656063666845224,0.5851930248780329
2021-09-16,1,3,5,overtid_timer,1.4888483200029146,0.8176224159375961
2021-10-16,1,3,5,overtid_timer,2.1595426109852127,1.1859438085072744
2021-11-16,1,3,5,overtid_timer,1.9691119466261682,1.0813660770016644
2021-12-16,1,3,5,overtid_timer,2.539133546463563,1.3944016168441327
2022-01-16,1,3,5,overtid_timer,1.6575894432788603,0.9102890247702758
2022-02-16,1,3,5,overtid_timer,1.8655468917318994,1.024491841223774
2022-03-16,1,3,5,overtid_timer,1.7646518817482821,0.969083898916601
2022-04-16,1,3,5,overtid_timer,1.9873097206194341,1.0913596456796553
2022-05-16,1,3,5,overtid_timer,1.7597492071482574,0.9663915248196746
2022-06-16,1,3,5,overtid_timer,1.7287581109613053,0.9493723197089212
2022-07-16,1,3,5,overtid_timer,1.9730089970191516,1.083506198137265
2022-08-16,1,3,5,overtid_timer,0.9923346890009139,0.5449548318246562
2022-09-16,1,3,5,overtid_timer,1.3165506303626895,0.7230026676587176
2022-10-16,1,3,5,overtid_timer,1.8209485099495473,1.0
2022-11-16,1,3,5,overtid_timer,1.941760340379788,1.0663455500087633
2022-12-16,1,3,5,overtid_timer,2.475423309216189,1.3594142259875184
2023-01-16,1,3,5,overtid_timer,1.4178781150038107,0.7786481096289184
2023-02-16,1,3,5,overtid_timer,1.580669520003281,0.8680473453074609
2023-03-16,1,3,5,overtid_timer,1.5940040675211056,0.8753702033921159
2023-04-16,1,3,5,overtid_timer,1.6055127121215818,0.8816903406928653
2023-05-16,1,3,5,overtid_timer,1.699469692129211,0.9332881642964731
2023-06-16,1,3,5,overtid_timer,1.6737136418355263,0.9191438597469731
2023-07-16,1,3,5,overtid_timer,1.7883266254332832,0.9820852240807358
2023-08-16,1,3,5,overtid_timer,0.9418273158653875,0.5172179832209987
2023-09-16,1,3,5,overtid_timer,1.3650715039128496,0.749648601514093
2023-10-16,1,3,5,overtid_timer,1.9473423108159482,1.0694109691601894
2023-11-16,1,3,5,overtid_timer,1.8925473471501417,1.039319528701324
2023-12-16,1,3,5,overtid_timer,2.329473277161488,1.2792636718904427
2024-01-16,1,3,5,overtid_timer,1.3189704713176225,0.7243315580373917
2024-02-16,1,3,5,overtid_timer,1.648946528259087,0.9055426439843562
2024-03-16,1,3,5,overtid_timer,1.635722724785419,0.8982806025804319
2024-04-16,1,3,5,overtid_timer,1.4892727966589283,0.8178555233833555
2024-05-16,1,3,5,overtid_timer,1.5831462950357742,0.8694075018516796
2024-06-16,1,3,5,overtid_timer,1.6954720841233468,0.9310928205050252
2024-07-16,1,3,5,overtid_timer,1.734248672887789,0.9523875405657899
2024-08-16,1,3,5,overtid_timer,0.8555707431956728,0.4698489487873427
2024-09-16,1,3,5,overtid_timer,1.267431784919245,0.6960283489588409
2024-10-16,1,3,5,overtid_timer,1.6776360309161875,0.9212978959864546
2024-11-16,1,3,5,overtid_timer,1.765530231876537,0.9695662574915169
2024-12-16,1,3,5,overtid_timer,2.3624334033986183,1.2973641981035882
2025-01-16,1,3,5,overtid_timer,1.2881104241044026,0.7073843203507671
2025-02-16,1,3,5,overtid_timer,1.5927683066460898,0.8746915675777238
2025-03-16,1,3,5,overtid_timer,1.521590281580704,0.8356031338979829
2025-04-16,1,3,5,overtid_timer,1.7016157826622904,0.934466720703397
2025-05-16,1,3,5,overtid_timer,1.3720841039276628,0.7534996714243606
2025-06-16,1,3,5,overtid_timer,1.6216825387300384,0.8905702329688444
2025-07-16,1,3,5,overtid_timer,1.6625130681025422,0.9129929039831034
2025-08-16,1,3,5,overtid_timer,0.8535557933104342,0.46874241014869966
2025-09-16,1,3,5,overtid_timer,1.3517890978951013,0.7423543776822965
2025-10-16,1,3,5,overtid_timer,1.8722256766245569,1.0281595917703519
2025-11-16,1,3,5,overtid_timer,1.8693232657231063,1.026565691181954
2025-12-16,1,3,5,overtid_timer,2.24726745550195,1.2341191654915133
2026-01-16,1,3,5,overtid_timer,1.2200822313055992,0.6700256622519238
2026-02-16,1,3,5,overtid_timer,1.458763377788161,0.8011008382815716
2021-01-16,1,3,all,overtid_timer,1.6795384968283695,0.7506190225524862
2021-02-16,1,3,all,overtid_timer,1.9105890701866135,0.8538801004389786
2021-03-16,1,3,all,overtid_timer,1.8024300458523108,0.8055416900486503
2021-04-16,1,3,all,overtid_timer,1.8782671157876858,0.8394347787844143
2021-05-16,1,3,all,overtid_timer,2.0313462384701544,0.9078488709044169
2021-06-16,1,3,all,overtid_timer,2.138630943232255,0.9557965305593948
2021-07-16,1,3,all,overtid_timer,2.068030683769655,0.9242438761547224
2021-08-16,1,3,all,overtid_timer,1.5086418444637444,0.6742419234876735
2021-09-16,1,3,all,overtid_timer,1.912463867189926,0.8547179843557617
2021-10-16,1,3,all,overtid_timer,2.308566179860662,1.0317439538879565
2021-11-16,1,3,all,overtid_timer,2.2770776948960902,1.0176711262329792
2021-12-16,1,3,all,overtid_timer,2.943466424854123,1.3154934494876551
2022-01-16,1,3,all,overtid_timer,2.109044473913475,0.9425737513716719
2022-02-16,1,3,all,overtid_timer,2.262555607051591,1.0111809175215718
2022-03-16,1,3,all,overtid_timer,2.576572714048339,1.1515213826932644
2022-04-16,1,3,all,overtid_timer,2.6729381057300863,1.19458898504274
2022-05-16,1,3,all,overtid_timer,2.3362823555569094,1.04413086180897
2022-06-16,1,3,all,overtid_timer,2.287957590219115,1.0225335669619438
2022-07-16,1,3,all,overtid_timer,2.331761083152365,1.042110215613958
2022-08-16,1,3,all,overtid_timer,1.7653652850575263,0.7889767142702082
2022-09-16,1,3,all,overtid_timer,1.9401571164473115,0.8670946459971206
2022-10-16,1,3,all,overtid_timer,2.237537880557683,1.0
2022-11-16,1,3,all,overtid_timer,2.2681775800620176,1.0136934886200444
2022-12-16,1,3,all,overtid_timer,2.804174512001314,1.253241134537755
2023-01-16,1,3,all,overtid_timer,2.0342217214998204,0.909133981227979
2023-02-16,1,3,all,overtid_timer,2.034050731898721,0.9090575625882834
2023-03-16,1,3,all,overtid_timer,1.9283923924809738,0.8618367578207624
2023-04-16,1,3,all,overtid_timer,2.0838437651867063,0.9313110554657202
2023-05-16,1,3,all,overtid_timer,2.0982040443616197,0.9377289486775814
2023-06-16,1,3,all,overtid_timer,2.2389234962599827,1.0006192591036511
2023-07-16,1,3,all,overtid_timer,2.2514913241590744,1.00623607033545
2023-08-16,1,3,all,overtid_timer,1.613078429359094,0.720916701958606
2023-09-16,1,3,all,overtid_timer,1.9670849317274706,0.879129220032331
2023-10-16,1,3,all,overtid_timer,2.3677186325769277,1.0581803566993908
2023-11-16,1,3,all,overtid_timer,2.2978736490603744,1.026965250075522
2023-12-16,1,3,all,overtid_timer,2.774923983499675,1.2401684939555322
2024-01-16,1,3,all,overtid_timer,2.007780579359126,0.8973169110588232
2024-02-16,1,3,all,overtid_timer,2.164518468576449,0.9673661784161461
2024-03-16,1,3,all,overtid_timer,2.0585224697214173,0.9199944669577402
2024-04-16,1,3,all,overtid_timer,1.9628806313822043,0.8772502349291967
2024-05-16,1,3,all,overtid_timer,2.02499793843576,0.9050116898718383
2024-06-16,1,3,all,overtid_timer,2.2393670927851232,1.0008175111775022
2024-07-16,1,3,all,overtid_timer,2.1338889791071853,0.9536772528630156
2024-08-16,1,3,all,overtid_timer,1.5126202460667741,0.6760199499682971
2024-09-16,1,3,all,overtid_timer,1.8427106099941506,0.8235438720415649
2024-10-16,1,3,all,overtid_timer,2.167148054886249,0.9685413926248748
2024-11-16,1,3,all,overtid_timer,2.15201160312589,0.9617766125101416
2024-12-16,1,3,all,overtid_timer,2.544022226170966,1.1369739249003887
2025-01-16,1,3,all,overtid_timer,1.766830458089359,0.7896315291203003
2025-02-16,1,3,all,overtid_timer,1.9806232283812746,0.8851797529736681
2025-03-16,1,3,all,overtid_timer,1.8255433731891384,0.8158714938645601
2025-04-16,1,3,all,overtid_timer,2.0053250920062924,0.8962195051225171
2025-05-16,1,3,all,overtid_timer,1.8668006137516007,0.8343101718958699
2025-06-16,1,3,all,overtid_timer,2.079713447081225,0.9294651344909871
2025-07-16,1,3,all,overtid_timer,2.040216509750918,0.9118131708422363
2025-08-16,1,3,all,overtid_timer,1.4821084041749506,0.6623836034478892
2025-09-16,1,3,all,overtid_timer,1.7598130333258521,0.7864953029922502
2025-10-16,1,3,all,overtid_timer,2.097858900836453,0.9375746971995771
2025-11-16,1,3,all,overtid_timer,2.1165584224491485,0.9459318838086525
2025-12-16,1,3,all,overtid_timer,2.4303813024981427,1.0861855451101439
2026-01-16,1,3,all,overtid_timer,1.7201414544791565,0.768765288590524
2026-02-16,1,3,all,overtid_timer,1.8456963706314518,0.8248782676123594
2021-01-16,1,3,1,stillingspst,73.74146569074804,1.0023287368043323
2021-02-16,1,3,1,stillingspst,73.87563497085206,1.0041524288585233
2021-03-16,1,3,1,stillingspst,73.53243620625527,0.9994875095899838
2021-04-16,1,3,1,stillingspst,74.14287206578612,1.0077848413320676
2021-05-16,1,3,1,stillingspst,74.07941377132195,1.0069222863023537
2021-06-16,1,3,1,stillingspst,73.17031048513475,0.9945653262130316
2021-07-16,1,3,1,stillingspst,73.0634932030499,0.993113415399786
2021-08-16,1,3,1,stillingspst,73.55936841620256,0.9998535848737193
2021-09-16,1,3,1,stillingspst,73.18247892906669,0.9947307254347711
2021-10-16,1,3,1,stillingspst,73.31421117396826,0.9965212921585508
2021-11-16,1,3,1,stillingspst,73.0563044484417,0.9930157024609646
2021-12-16,1,3,1,stillingspst,73.40725861980556,0.9977860368713843
2022-01-16,1,3,1,stillingspst,73.84688534833748,1.0037616504471
2022-02-16,1,3,1,stillingspst,74.18736293777962,1.0083895822211568
2022-03-16,1,3,1,stillingspst,73.6544969569199,1.0011466168084402
2022-04-16,1,3,1,stillingspst,74.6191446446898,1.0142585625676757
2022-05-16,1,3,1,stillingspst,74.10662461531028,1.0072921489112228
2022-06-16,1,3,1,stillingspst,73.62588841950236,1.0007577560921126
2022-07-16,1,3,1,stillingspst,73.88069034643529,1.0042211439047315
2022-08-16,1,3,1,stillingspst,73.55808980974398,0.9998362054524603
2022-09-16,1,3,1,stillingspst,73.08171173629678,0.9933610502853246
2022-10-16,1,3,1,stillingspst,73.57014019757007,1.0
2022-11-16,1,3,1,stillingspst,73.56217490701846,0.9998917320188568
2022-12-16,1,3,1,stillingspst,73.86908318244188,1.0040633738643017
2023-01-16,1,3,1,stillingspst,74.17002346605062,1.008153895953842
2023-02-16,1,3,1,stillingspst,74.33068622499025,1.0103376998518387
2023-03-16,1,3,1,stillingspst,73.81377914944174,1.0033116553973853
2023-04-16,1,3,1,stillingspst,74.79939272044378,1.0167085793172692
2023-05-16,1,3,1,stillingspst,74.28121926706618,1.0096653216588487
2023-06-16,1,3,1,stillingspst,73.39039249112777,0.9975567845057847
2023-07-16,1,3,1,stillingspst,73.83712070557584,1.0036289248231525
2023-08-16,1,3,1,stillingspst,74.48768310807165,1.0124716754383987
2023-09-16,1,3,1,stillingspst,74.423546237659,1.011599896884757
2023-10-16,1,3,1,stillingspst,73.95354811211125,1.0052114609746774
2023-11-16,1,3,1,stillingspst,73.97547873349069,1.0055095523106534
2023-12-16,1,3,1,stillingspst,74.59682703950335,1.0139552111655104
2024-01-16,1,3,1,stillingspst,74.32207875945502,1.0102207031258286
2024-02-16,1,3,1,stillingspst,74.50033287583172,1.0126436170403326
2024-03-16,1,3,1,stillingspst,75.25871027618308,1.0229518398915431
2024-04-16,1,3,1,stillingspst,74.56249821446643,1.0134885976053793
2024-05-16,1,3,1,stillingspst,75.03408419704488,1.0198986164161634
2024-06-16,1,3,1,stillingspst,74.31096314313439,1.0100696144329053
2024-07-16,1,3,1,stillingspst,73.84029120298125,1.003672019717316
2024-08-16,1,3,1,stillingspst,75.04682098652987,1.020071740858373
2024-09-16,1,3,1,stillingspst,74.91398484511832,1.018266169453251
2024-10-16,1,3,1,stillingspst,74.31641582160488,1.0101437298071025
2024-11-16,1,3,1,stillingspst,74.33738313552918,1.0104287274143926
2024-12-16,1,3,1,stillingspst,74.70719471038426,1.0154553805356448
2025-01-16,1,3,1,stillingspst,74.41693136878133,1.011509984471108
2025-02-16,1,3,1,stillingspst,74.79676684307552,1.016672887155188
2025-03-16,1,3,1,stillingspst,74.4605150250033,1.0121023940560963
2025-04-16,1,3,1,stillingspst,74.80879788661868,1.016836418766122
2025-05-16,1,3,1,stillingspst,74.91194199294281,1.0182384020442177
2025-06-16,1,3,1,stillingspst,74.63588349550307,1.0144860849125878
2025-07-16,1,3,1,stillingspst,73.85829480421296,1.0039167331456629
2025-08-16,1,3,1,stillingspst,75.65750422491244,1.0283724350903347
2025-09-16,1,3,1,stillingspst,75.08104653329133,1.0205369506115358
2025-10-16,1,3,1,stillingspst,74.59823614059344,1.0139743643312689
2025-11-16,1,3,1,stillingspst,75.24311331466077,1.0227398386437485
2025-12-16,1,3,1,stillingspst,75.42697792058213,1.0252390129749052
2026-01-16,1,3,1,stillingspst,75.38412888410045,1.0246565886874617
2026-02-16,1,3,1,stillingspst,75.6125762742209,1.0277617532217003
2021-01-16,1,3,2,stillingspst,68.77077598488117,1.017574046365921
2021-02-16,1,3,2,stillingspst,68.69384271583205,1.0164356951292899
2021-03-16,1,3,2,stillingspst,68.27600979841567,1.010253186259916
2021-04-16,1,3,2,stillingspst,69.09778780652354,1.0224127113045176
2021-05-16,1,3,2,stillingspst,69.16483764071258,1.023404821253937
2021-06-16,1,3,2,stillingspst,68.07565878491704,1.0072886713394484
2021-07-16,1,3,2,stillingspst,67.78945457567882,1.0030538205454784
2021-08-16,1,3,2,stillingspst,68.76104738254156,1.017430096074443
2021-09-16,1,3,2,stillingspst,68.23025377315632,1.0095761524021183
2021-10-16,1,3,2,stillingspst,67.96632572048483,1.0056709131102795
2021-11-16,1,3,2,stillingspst,67.73021729540302,1.0021773098747366
2021-12-16,1,3,2,stillingspst,67.67740204212694,1.001395823404411
2022-01-16,1,3,2,stillingspst,68.42021865099112,1.0123869877698661
2022-02-16,1,3,2,stillingspst,68.80379269872677,1.0180625816576119
2022-03-16,1,3,2,stillingspst,68.01710202283618,1.006422230028014
2022-04-16,1,3,2,stillingspst,68.99097067379816,1.020832180324433
2022-05-16,1,3,2,stillingspst,68.31348661065833,1.0108077158683508
2022-06-16,1,3,2,stillingspst,67.88583021923222,1.004479852928817
2022-07-16,1,3,2,stillingspst,68.13236662481594,1.0081277548786436
2022-08-16,1,3,2,stillingspst,68.3830079163573,1.0118363952068579
2022-09-16,1,3,2,stillingspst,67.33725247263457,0.9963627643929193
2022-10-16,1,3,2,stillingspst,67.58306801405104,1.0
2022-11-16,1,3,2,stillingspst,67.83437348125027,1.003718467873447
2022-12-16,1,3,2,stillingspst,67.82828173044386,1.0036283306395892
2023-01-16,1,3,2,stillingspst,68.16338058543033,1.0085866562207364
2023-02-16,1,3,2,stillingspst,68.40677139834578,1.0121880140765953
2023-03-16,1,3,2,stillingspst,67.63146190688317,1.000716065343794
2023-04-16,1,3,2,stillingspst,68.97239012353243,1.0205572512510463
2023-05-16,1,3,2,stillingspst,68.32232643461147,1.0109385152566133
2023-06-16,1,3,2,stillingspst,67.34430211230185,0.9964670751304224
2023-07-16,1,3,2,stillingspst,67.89048028363709,1.0045486580976486
2023-08-16,1,3,2,stillingspst,69.31461187563195,1.0256209715312261
2023-09-16,1,3,2,stillingspst,69.03625832567295,1.021502283846004
2023-10-16,1,3,2,stillingspst,68.1993358445028,1.009118672007072
2023-11-16,1,3,2,stillingspst,68.03367999435939,1.0066675277336428
2023-12-16,1,3,2,stillingspst,68.48178993002229,1.013298033699571
2024-01-16,1,3,2,stillingspst,68.4682548191362,1.0130977600025666
2024-02-16,1,3,2,stillingspst,68.65061940843133,1.0157961368986435
2024-03-16,1,3,2,stillingspst,68.91668805048461,1.0197330496472328
2024-04-16,1,3,2,stillingspst,68.32858576940126,1.0110311321645715
2024-05-16,1,3,2,stillingspst,68.65462915632831,1.015855467556674
2024-06-16,1,3,2,stillingspst,68.0200189108957,1.006465390070096
2024-07-16,1,3,2,stillingspst,67.45447426563275,0.9980972490270559
2024-08-16,1,3,2,stillingspst,69.73240361877718,1.0318028711611507
2024-09-16,1,3,2,stillingspst,69.16039024070895,1.0233390148303119
2024-10-16,1,3,2,stillingspst,68.27830660114496,1.0102871711439525
2024-11-16,1,3,2,stillingspst,68.54701110672038,1.014263085725391
2024-12-16,1,3,2,stillingspst,69.19242418210862,1.0238130084257642
2025-01-16,1,3,2,stillingspst,69.06328430857636,1.0219021766549214
2025-02-16,1,3,2,stillingspst,69.29465813737143,1.0253257239367195
2025-03-16,1,3,2,stillingspst,68.80961725651181,1.0181487653417238
2025-04-16,1,3,2,stillingspst,69.45246535798962,1.0276607351348703
2025-05-16,1,3,2,stillingspst,68.89350305511296,1.0193899904157868
2025-06-16,1,3,2,stillingspst,68.5234125522002,1.0139139072223484
2025-07-16,1,3,2,stillingspst,67.68158226338602,1.0014576764895389
2025-08-16,1,3,2,stillingspst,70.10677727077703,1.0373423304221894
2025-09-16,1,3,2,stillingspst,68.88923204500013,1.0193267939638007
2025-10-16,1,3,2,stillingspst,68.09498041999835,1.0075745659525384
2025-11-16,1,3,2,stillingspst,68.81847121886857,1.018279773930368
2025-12-16,1,3,2,stillingspst,68.89089201013813,1.0193513558131926
2026-01-16,1,3,2,stillingspst,69.22475509541691,1.0242913961974107
2026-02-16,1,3,2,stillingspst,69.23232251454994,1.0244033683134361
2021-01-16,1,3,3,stillingspst,83.8849865353603,1.005738108717588
2021-02-16,1,3,3,stillingspst,83.65105559962984,1.0029333963776401
2021-03-16,1,3,3,stillingspst,83.81358951182631,1.0048820949017323
2021-04-16,1,3,3,stillingspst,84.10038834574627,1.0083206663162663
2021-05-16,1,3,3,stillingspst,84.07209575519694,1.0079814526180224
2021-06-16,1,3,3,stillingspst,83.24391089406207,0.9980519394797541
2021-07-16,1,3,3,stillingspst,83.49497524922761,1.0010620727605666
2021-08-16,1,3,3,stillingspst,84.47647764574961,1.0128297847761571
2021-09-16,1,3,3,stillingspst,83.84384750383538,1.005244872758816
2021-10-16,1,3,3,stillingspst,83.20387944641655,0.9975719828855277
2021-11-16,1,3,3,stillingspst,83.37055719178144,0.9995703638510887
2021-12-16,1,3,3,stillingspst,83.18055259941292,0.9972923059140367
2022-01-16,1,3,3,stillingspst,83.66802161647131,1.003136810246979
2022-02-16,1,3,3,stillingspst,83.87244292804044,1.0055877172777914
2022-03-16,1,3,3,stillingspst,83.83226509409435,1.00510600558665
2022-04-16,1,3,3,stillingspst,83.98492368440583,1.006936304049351
2022-05-16,1,3,3,stillingspst,83.76646076619939,1.0043170453326646
2022-06-16,1,3,3,stillingspst,83.32953713307398,0.9990785543155822
2022-07-16,1,3,3,stillingspst,83.8323051770743,1.0051064861610903
2022-08-16,1,3,3,stillingspst,84.31747499544343,1.0109234242770395
2022-09-16,1,3,3,stillingspst,83.47755608254741,1.0008532258562997
2022-10-16,1,3,3,stillingspst,83.4063915926599,1.0
2022-11-16,1,3,3,stillingspst,83.56347351415627,1.0018833319425149
2022-12-16,1,3,3,stillingspst,83.27920981305053,0.9984751554745288
2023-01-16,1,3,3,stillingspst,83.81952785360129,1.0049532925840872
2023-02-16,1,3,3,stillingspst,83.75348157296324,1.004161431440392
2023-03-16,1,3,3,stillingspst,83.47129017687182,1.0007781008502186
2023-04-16,1,3,3,stillingspst,83.77553184245008,1.0044258029000102
2023-05-16,1,3,3,stillingspst,83.69975828196526,1.0035173166432867
2023-06-16,1,3,3,stillingspst,82.91752993717306,0.9941387986441813
2023-07-16,1,3,3,stillingspst,83.24899548405583,0.998112901114668
2023-08-16,1,3,3,stillingspst,84.79857329006076,1.0166915469044626
2023-09-16,1,3,3,stillingspst,84.36754980649592,1.011523795664607
2023-10-16,1,3,3,stillingspst,83.61517892575199,1.002503253397075
2023-11-16,1,3,3,stillingspst,83.39527313632907,0.9998666953920614
2023-12-16,1,3,3,stillingspst,83.32582640738345,0.9990340646113799
2024-01-16,1,3,3,stillingspst,83.84818103484102,1.0052968295803844
2024-02-16,1,3,3,stillingspst,83.86286610776887,1.0054728960981587
2024-03-16,1,3,3,stillingspst,83.88037649097184,1.0056828366419062
2024-04-16,1,3,3,stillingspst,83.61956652806651,1.002555858505997
2024-05-16,1,3,3,stillingspst,83.72604645997968,1.0038324984598412
2024-06-16,1,3,3,stillingspst,83.06669189100748,0.9959271742229128
2024-07-16,1,3,3,stillingspst,82.5103086681933,0.9892564237901229
2024-08-16,1,3,3,stillingspst,84.53907049201409,1.0135802410070198
2024-09-16,1,3,3,stillingspst,84.29698643964068,1.0106777769661859
2024-10-16,1,3,3,stillingspst,83.62619293398733,1.0026353057257398
2024-11-16,1,3,3,stillingspst,83.5508022478075,1.0017314099362178
2024-12-16,1,3,3,stillingspst,83.48891550571166,1.0009894195333948
2025-01-16,1,3,3,stillingspst,83.96024610597966,1.006640432498563
2025-02-16,1,3,3,stillingspst,83.89052160433306,1.0058044713651868
2025-03-16,1,3,3,stillingspst,83.93046122492557,1.0062833269999871
2025-04-16,1,3,3,stillingspst,83.96034237021485,1.006641586657535
2025-05-16,1,3,3,stillingspst,83.69620245604239,1.0034746841081181
2025-06-16,1,3,3,stillingspst,83.07222311857208,0.9959934908139915
2025-07-16,1,3,3,stillingspst,82.47349102932603,0.9888149991203316
2025-08-16,1,3,3,stillingspst,84.74508437270535,1.0160502421275261
2025-09-16,1,3,3,stillingspst,84.05756712880923,1.0078072618142928
2025-10-16,1,3,3,stillingspst,83.53404866489963,1.0015305430411519
2025-11-16,1,3,3,stillingspst,83.62090950830628,1.0025719601525749
2025-12-16,1,3,3,stillingspst,83.36674381942863,0.9995246434658761
2026-01-16,1,3,3,stillingspst,83.86524765328866,1.0055014496115564
2026-02-16,1,3,3,stillingspst,83.8927858009839,1.0058316179256315
2021-01-16,1,3,4,stillingspst,90.44677028852666,1.0075171773324825
2021-02-16,1,3,4,stillingspst,90.15976809826186,1.004320162826587
2021-03-16,1,3,4,stillingspst,90.40364310774706,1.0070367690734947
2021-04-16,1,3,4,stillingspst,90.5120329134314,1.0082441597932112
2021-05-16,1,3,4,stillingspst,90.50624254653768,1.0081796589371843
2021-06-16,1,3,4,stillingspst,89.44890547255392,0.9964016235151254
2021-07-16,1,3,4,stillingspst,90.23551862811786,1.0051639736091995
2021-08-16,1,3,4,stillingspst,90.34641191936261,1.0063992515016396
2021-09-16,1,3,4,stillingspst,90.26523392498635,1.0054949823553276
2021-10-16,1,3,4,stillingspst,90.31421689367369,1.006040620217153
2021-11-16,1,3,4,stillingspst,90.1312108656927,1.0040020541505255
2021-12-16,1,3,4,stillingspst,89.66051015449989,0.9987587596647574
2022-01-16,1,3,4,stillingspst,90.18091972238328,1.0045557779244265
2022-02-16,1,3,4,stillingspst,90.12903057737105,1.0039777671812
2022-03-16,1,3,4,stillingspst,90.18088302983801,1.0045553691937497
2022-04-16,1,3,4,stillingspst,90.35125446659964,1.0064531942738115
2022-05-16,1,3,4,stillingspst,90.25359909645928,1.005365378063666
2022-06-16,1,3,4,stillingspst,89.5579945726659,0.9976168039120811
2022-07-16,1,3,4,stillingspst,89.6092289298183,0.9981875207517864
2022-08-16,1,3,4,stillingspst,90.43763754258924,1.0074154445853782
2022-09-16,1,3,4,stillingspst,90.30239066366659,1.0059088838396435
2022-10-16,1,3,4,stillingspst,89.77193870579445,1.0
2022-11-16,1,3,4,stillingspst,89.86781398046037,1.0010679871243522
2022-12-16,1,3,4,stillingspst,89.6605100144915,0.9987587581051566
2023-01-16,1,3,4,stillingspst,89.98891150283596,1.002416933400008
2023-02-16,1,3,4,stillingspst,90.08712728028397,1.00351099217677
2023-03-16,1,3,4,stillingspst,90.21394545073765,1.0049236626869757
2023-04-16,1,3,4,stillingspst,90.29216292206182,1.0057949535653037
2023-05-16,1,3,4,stillingspst,90.28849056768401,1.0057540459673309
2023-06-16,1,3,4,stillingspst,89.51778021025513,0.9971688425224694
2023-07-16,1,3,4,stillingspst,89.34326794301504,0.9952248913306386
2023-08-16,1,3,4,stillingspst,90.58641818183204,1.0090727624665303
2023-09-16,1,3,4,stillingspst,90.4002551224423,1.0069990291588444
2023-10-16,1,3,4,stillingspst,90.3917361901575,1.0069041338897033
2023-11-16,1,3,4,stillingspst,90.25346959720807,1.00536393552769
2023-12-16,1,3,4,stillingspst,89.93667557306036,1.001835059703966
2024-01-16,1,3,4,stillingspst,90.48994539209563,1.007998119419636
2024-02-16,1,3,4,stillingspst,90.46066346819106,1.0076719381615866
2024-03-16,1,3,4,stillingspst,90.6066184433423,1.0092977800143461
2024-04-16,1,3,4,stillingspst,90.62782773174705,1.0095340374541488
2024-05-16,1,3,4,stillingspst,90.86571796283614,1.0121839772295247
2024-06-16,1,3,4,stillingspst,90.18834473298352,1.0046384876297898
2024-07-16,1,3,4,stillingspst,90.48170581163528,1.0079063359449874
2024-08-16,1,3,4,stillingspst,90.75289180097758,1.0109271684373216
2024-09-16,1,3,4,stillingspst,91.09120963949995,1.0146958053120483
2024-10-16,1,3,4,stillingspst,90.88629418925508,1.012413182777668
2024-11-16,1,3,4,stillingspst,90.68667992214252,1.0101896119158784
2024-12-16,1,3,4,stillingspst,90.42366867282692,1.0072598406186632
2025-01-16,1,3,4,stillingspst,91.0217798284603,1.0139224031549758
2025-02-16,1,3,4,stillingspst,90.68563097138754,1.0101779272985012
2025-03-16,1,3,4,stillingspst,90.67378268064911,1.0100459451790411
2025-04-16,1,3,4,stillingspst,90.87298183644981,1.012264891975473
2025-05-16,1,3,4,stillingspst,90.99628829832065,1.0136384443755715
2025-06-16,1,3,4,stillingspst,90.53516881669566,1.0085018784478132
2025-07-16,1,3,4,stillingspst,90.61841723891189,1.0094292107903735
2025-08-16,1,3,4,stillingspst,91.37501572874405,1.0178572173672586
2025-09-16,1,3,4,stillingspst,91.05531366729825,1.0142959479321232
2025-10-16,1,3,4,stillingspst,90.85842302357413,1.0121027164328082
2025-11-16,1,3,4,stillingspst,90.83579152043285,1.0118506164618424
2025-12-16,1,3,4,stillingspst,90.44982316446098,1.0075511843504699
2026-01-16,1,3,4,stillingspst,91.17338762288556,1.0156112136742865
2026-02-16,1,3,4,stillingspst,90.72529404196155,1.0106197476618108
2021-01-16,1,3,5,stillingspst,93.571829739288,1.0023005619082945
2021-02-16,1,3,5,stillingspst,93.58866331269489,1.0024808757926296
2021-03-16,1,3,5,stillingspst,93.46000159523274,1.0011027076829784
2021-04-16,1,3,5,stillingspst,93.57249949693625,1.0023077360596286
2021-05-16,1,3,5,stillingspst,93.55976029597132,1.0021712793042037
2021-06-16,1,3,5,stillingspst,92.98928393024991,0.996060585695763
2021-07-16,1,3,5,stillingspst,93.33319947657343,0.9997444587833095
2021-08-16,1,3,5,stillingspst,93.59947649906043,1.0025967019210744
2021-09-16,1,3,5,stillingspst,93.48618574788685,1.001383180887269
2021-10-16,1,3,5,stillingspst,92.76801042195888,0.9936904005416043
2021-11-16,1,3,5,stillingspst,93.19194003592202,0.9982313493663596
2021-12-16,1,3,5,stillingspst,93.0097501215027,0.9962798105954999
2022-01-16,1,3,5,stillingspst,93.51970488581243,1.001742223249389
2022-02-16,1,3,5,stillingspst,93.58609170578337,1.0024533298628386
2022-03-16,1,3,5,stillingspst,93.48322665466193,1.001351484373368
2022-04-16,1,3,5,stillingspst,93.59138266177858,1.0025100042720256
2022-05-16,1,3,5,stillingspst,93.50863782298389,1.0016236777071823
2022-06-16,1,3,5,stillingspst,93.34331114380664,0.9998527705452781
2022-07-16,1,3,5,stillingspst,93.53130171803154,1.0018664434498699
2022-08-16,1,3,5,stillingspst,93.72677446202347,1.003960262088308
2022-09-16,1,3,5,stillingspst,93.52128560483986,1.00175915522105
2022-10-16,1,3,5,stillingspst,93.35705605226366,1.0
2022-11-16,1,3,5,stillingspst,93.45722735596638,1.0010729912439253
2022-12-16,1,3,5,stillingspst,93.17110807335439,0.9980082064840908
2023-01-16,1,3,5,stillingspst,93.93109006195927,1.0061488015364821
2023-02-16,1,3,5,stillingspst,93.82458133562452,1.0050079265899208
2023-03-16,1,3,5,stillingspst,93.73452927621892,1.0040433282701624
2023-04-16,1,3,5,stillingspst,93.6709341348764,1.003362124898594
2023-05-16,1,3,5,stillingspst,93.66177219968421,1.0032639862513442
2023-06-16,1,3,5,stillingspst,93.35431019108044,0.9999705875345761
2023-07-16,1,3,5,stillingspst,93.58660506823477,1.0024588287771479
2023-08-16,1,3,5,stillingspst,94.07333814966,1.0076725009087193
2023-09-16,1,3,5,stillingspst,93.80716705812074,1.004821392456989
2023-10-16,1,3,5,stillingspst,93.31206906230986,0.999518119016857
2023-11-16,1,3,5,stillingspst,93.61086748167337,1.0027187171505025
2023-12-16,1,3,5,stillingspst,93.55728052774819,1.0021447171103215
2024-01-16,1,3,5,stillingspst,93.90718648433456,1.005892756855603
2024-02-16,1,3,5,stillingspst,93.99263753839308,1.0068080712161018
2024-03-16,1,3,5,stillingspst,93.86891369681288,1.0054827954757128
2024-04-16,1,3,5,stillingspst,93.81735258926932,1.0049304954169502
2024-05-16,1,3,5,stillingspst,93.85947845033888,1.0053817292374125
2024-06-16,1,3,5,stillingspst,93.67623880213907,1.003418946176888
2024-07-16,1,3,5,stillingspst,93.85585680028369,1.0053429357041934
2024-08-16,1,3,5,stillingspst,94.31088790140505,1.010217030072236
2024-09-16,1,3,5,stillingspst,94.08323140682542,1.0077784731574573
2024-10-16,1,3,5,stillingspst,94.02143038818768,1.007116487644513
2024-11-16,1,3,5,stillingspst,93.97196313238592,1.0065866160108778
2024-12-16,1,3,5,stillingspst,93.86315439187489,1.0054211043172558
2025-01-16,1,3,5,stillingspst,94.1762005555547,1.0087743180636766
2025-02-16,1,3,5,stillingspst,94.04193525554992,1.0073361268258378
2025-03-16,1,3,5,stillingspst,93.96057093325632,1.0064645877506548
2025-04-16,1,3,5,stillingspst,94.09820391791742,1.0079388521553083
2025-05-16,1,3,5,stillingspst,94.1199050179553,1.0081713048584628
2025-06-16,1,3,5,stillingspst,93.8851288968457,1.0056564856146109
2025-07-16,1,3,5,stillingspst,94.11879761381903,1.0081594428291412
2025-08-16,1,3,5,stillingspst,94.37169629908452,1.0108683830631167
2025-09-16,1,3,5,stillingspst,94.07774072319441,1.0077196593530895
2025-10-16,1,3,5,stillingspst,93.65447539873405,1.003185826107283
2025-11-16,1,3,5,stillingspst,94.03611813103961,1.0072738163293817
2025-12-16,1,3,5,stillingspst,93.92801774454752,1.0061158922145554
2026-01-16,1,3,5,stillingspst,94.29105587862605,1.0100045981081442
2026-02-16,1,3,5,stillingspst,94.13906908879744,1.0083765820132116
2021-01-16,1,3,all,stillingspst,82.7475528108845,1.0066685845111902
2021-02-16,1,3,all,stillingspst,82.63736944853055,1.0053281445144808
2021-03-16,1,3,all,stillingspst,82.60934083004555,1.0049871612619539
2021-04-16,1,3,all,stillingspst,82.9687299318893,1.0093593234124
2021-05-16,1,3,all,stillingspst,82.94811855171149,1.0091085748620974
2021-06-16,1,3,all,stillingspst,82.06537505174599,0.9983695243474842
2021-07-16,1,3,all,stillingspst,82.25039510203827,1.0006203929932262
2021-08-16,1,3,all,stillingspst,82.93140989029702,1.0089053049892878
2021-09-16,1,3,all,stillingspst,82.52259401837065,1.0039318395375858
2021-10-16,1,3,all,stillingspst,82.16711102053739,0.9996071972479889
2021-11-16,1,3,all,stillingspst,82.17382916443928,0.9996889270899301
2021-12-16,1,3,all,stillingspst,82.02304320275219,0.9978545345857479
2022-01-16,1,3,all,stillingspst,82.59990287070515,1.0048723433991031
2022-02-16,1,3,all,stillingspst,82.78836522805976,1.0071650895658133
2022-03-16,1,3,all,stillingspst,82.55220108488965,1.004292025461299
2022-04-16,1,3,all,stillingspst,82.93486137898473,1.008947294209678
2022-05-16,1,3,all,stillingspst,82.65802872103593,1.0055794757007643
2022-06-16,1,3,all,stillingspst,82.19109138798244,0.9998989313444295
2022-07-16,1,3,all,stillingspst,82.4956510066639,1.003604063276706
2022-08-16,1,3,all,stillingspst,82.83902441445949,1.0077813858758935
2022-09-16,1,3,all,stillingspst,82.203375999419,1.0000483802645006
2022-10-16,1,3,all,stillingspst,82.19939917074532,1.0
2022-11-16,1,3,all,stillingspst,82.33183192356768,1.0016111158251566
2022-12-16,1,3,all,stillingspst,82.16940392486595,0.9996350916651219
2023-01-16,1,3,all,stillingspst,82.68309762300089,1.005884452406408
2023-02-16,1,3,all,stillingspst,82.69747478427853,1.006059358323272
2023-03-16,1,3,all,stillingspst,82.39657628196957,1.0023987658451696
2023-04-16,1,3,all,stillingspst,82.87291284299175,1.0081936568763403
2023-05-16,1,3,all,stillingspst,82.6759272746555,1.0057972212536535
2023-06-16,1,3,all,stillingspst,81.9049271150318,0.9964175887088682
2023-07-16,1,3,all,stillingspst,82.20599790399169,1.0000802771469492
2023-08-16,1,3,all,stillingspst,83.400030871688,1.0146063318352085
2023-09-16,1,3,all,stillingspst,83.11103068119597,1.0110904887340721
2023-10-16,1,3,all,stillingspst,82.54204623725127,1.004168486265869
2023-11-16,1,3,all,stillingspst,82.44836126105227,1.0030287580300898
2023-12-16,1,3,all,stillingspst,82.49661159573618,1.00361574936057
2024-01-16,1,3,all,stillingspst,82.84057961171516,1.0078003056888283
2024-02-16,1,3,all,stillingspst,82.90299927652715,1.0085596745582082
2024-03-16,1,3,all,stillingspst,83.06386890704351,1.010516740329239
2024-04-16,1,3,all,stillingspst,82.75783188720705,1.0067936350155278
2024-05-16,1,3,all,stillingspst,82.95405784310698,1.0091808295434626
2024-06-16,1,3,all,stillingspst,82.351993393946,1.0018563909802274
2024-07-16,1,3,all,stillingspst,82.05277826898761,0.998216277695009
2024-08-16,1,3,all,stillingspst,83.51600692915903,1.0160172430905345
2024-09-16,1,3,all,stillingspst,83.32552402595942,1.0136999158944568
2024-10-16,1,3,all,stillingspst,82.80255588688333,1.0073377265797907
2024-11-16,1,3,all,stillingspst,82.7805232292965,1.0070696874236764
2024-12-16,1,3,all,stillingspst,82.85504790767285,1.0079763203082008
2025-01-16,1,3,all,stillingspst,83.15140680795547,1.0115816860806077
2025-02-16,1,3,all,stillingspst,83.1411392383069,1.0114567755611619
2025-03-16,1,3,all,stillingspst,83.00150837224042,1.009758090808291
2025-04-16,1,3,all,stillingspst,83.21083881759732,1.0123047085143655
2025-05-16,1,3,all,stillingspst,83.05520541646077,1.0104113442962979
2025-06-16,1,3,all,stillingspst,82.58366137699502,1.0046747568732408
2025-07-16,1,3,all,stillingspst,82.17115494774917,0.9996563938023746
2025-08-16,1,3,all,stillingspst,83.85720661401577,1.0201681211784386
2025-09-16,1,3,all,stillingspst,83.22342731899528,1.012457854419627
2025-10-16,1,3,all,stillingspst,82.7185384625569,1.0063156093237764
2025-11-16,1,3,all,stillingspst,83.01312961603684,1.0098994695034356
2025-12-16,1,3,all,stillingspst,82.87079339751325,1.0081678726796202
2026-01-16,1,3,all,stillingspst,83.31157482047837,1.0135302162905453
2026-02-16,1,3,all,stillingspst,83.25102882540644,1.0127936416235435
2021-01-16,1,3,1,timelonn,8035.504866189149,0.8795306504286611
2021-02-16,1,3,1,timelonn,7872.830514083542,0.8617250388214143
2021-03-16,1,3,1,timelonn,8259.762568817023,0.9040769018889596
2021-04-16,1,3,1,timelonn,8508.178561400297,0.9312674124009975
2021-05-16,1,3,1,timelonn,8000.286206611003,0.875675772473658
2021-06-16,1,3,1,timelonn,8138.747226143831,0.8908311003088931
2021-07-16,1,3,1,timelonn,8122.937732493858,0.889100663396159
2021-08-16,1,3,1,timelonn,8598.035189647793,0.9411027195788187
2021-09-16,1,3,1,timelonn,8615.399455423703,0.9430033349385784
2021-10-16,1,3,1,timelonn,8636.931875523256,0.94536017794606
2021-11-16,1,3,1,timelonn,8679.453133354105,0.9500143658508392
2021-12-16,1,3,1,timelonn,9600.374466479283,1.0508143221205877
2022-01-16,1,3,1,timelonn,8670.967133547034,0.9490855260263179
2022-02-16,1,3,1,timelonn,8549.004859610586,0.9357360775586256
2022-03-16,1,3,1,timelonn,8710.398258584231,0.9534014817289926
2022-04-16,1,3,1,timelonn,8497.395561313086,0.9300871531343792
2022-05-16,1,3,1,timelonn,8093.121905931189,0.885837155531199
2022-06-16,1,3,1,timelonn,8742.352431035642,0.9568990434314757
2022-07-16,1,3,1,timelonn,8543.716193011169,0.9351572036170942
2022-08-16,1,3,1,timelonn,8487.06110938681,0.9289559899559725
2022-09-16,1,3,1,timelonn,8418.805608183438,0.9214850461424313
2022-10-16,1,3,1,timelonn,9136.12830010284,1.0
2022-11-16,1,3,1,timelonn,8695.315096023063,0.9517505457892032
2022-12-16,1,3,1,timelonn,9669.39511058444,1.0583690150756309
2023-01-16,1,3,1,timelonn,8937.098434967766,0.9782150755114906
2023-02-16,1,3,1,timelonn,8655.790309696447,0.9474243383380478
2023-03-16,1,3,1,timelonn,8714.822635397195,0.9538857543516652
2023-04-16,1,3,1,timelonn,9047.97401341012,0.9903510235630416
2023-05-16,1,3,1,timelonn,8392.8872420177,0.9186481369710214
2023-06-16,1,3,1,timelonn,9436.66987976379,1.0328959456116182
2023-07-16,1,3,1,timelonn,9195.94416711078,1.006547178962807
2023-08-16,1,3,1,timelonn,10060.607374547308,1.1011893708228748
2023-09-16,1,3,1,timelonn,10032.06135890336,1.0980648508176527
2023-10-16,1,3,1,timelonn,9670.750485705901,1.0585173684127271
2023-11-16,1,3,1,timelonn,9670.687021456999,1.0585104218980967
2023-12-16,1,3,1,timelonn,10484.51002807683,1.1475878713260639
2024-01-16,1,3,1,timelonn,9254.759731753877,1.012984869274406
2024-02-16,1,3,1,timelonn,9125.451530192575,0.9988313682164308
2024-03-16,1,3,1,timelonn,9378.156216555391,1.0264913000893197
2024-04-16,1,3,1,timelonn,8930.41114904053,0.9774831149142252
2024-05-16,1,3,1,timelonn,9465.036216469773,1.0360007987588387
2024-06-16,1,3,1,timelonn,9432.387914133895,1.0324272606841258
2024-07-16,1,3,1,timelonn,8952.072587849849,0.9798540797362796
2024-08-16,1,3,1,timelonn,10565.258954123226,1.1564262898983477
2024-09-16,1,3,1,timelonn,10261.112876751433,1.1231358119867831
2024-10-16,1,3,1,timelonn,10062.871799462519,1.1014372247103017
2024-11-16,1,3,1,timelonn,10193.799378183754,1.115767975595199
2024-12-16,1,3,1,timelonn,10520.220519841076,1.1514965830463058
2025-01-16,1,3,1,timelonn,9793.92073433621,1.071999036421803
2025-02-16,1,3,1,timelonn,9780.529037552107,1.0705332408085833
2025-03-16,1,3,1,timelonn,9650.16057691366,1.0562636885041374
2025-04-16,1,3,1,timelonn,9876.308115409707,1.0810167929995613
2025-05-16,1,3,1,timelonn,9414.441392961775,1.030462914236417
2025-06-16,1,3,1,timelonn,9983.652338985776,1.0927662146418626
2025-07-16,1,3,1,timelonn,9177.503720131635,1.0045287695914176
2025-08-16,1,3,1,timelonn,10704.410915361126,1.1716572451418652
2025-09-16,1,3,1,timelonn,10554.404139552218,1.1552381701374983
2025-10-16,1,3,1,timelonn,10601.084447230909,1.1603475891545414
2025-11-16,1,3,1,timelonn,10579.398278218048,1.1579739174743158
2025-12-16,1,3,1,timelonn,11245.847363619314,1.2309204724601694
2026-01-16,1,3,1,timelonn,10161.568673373,1.1122401458896563
2026-02-16,1,3,1,timelonn,10274.324122261636,1.124581856205542
2021-01-16,1,3,2,timelonn,6439.751876508547,0.9455112647412314
2021-02-16,1,3,2,timelonn,6310.169560167081,0.9264854478834326
2021-03-16,1,3,2,timelonn,6744.421327328249,0.9902441058967102
2021-04-16,1,3,2,timelonn,6932.08845383616,1.0177981771618054
2021-05-16,1,3,2,timelonn,6952.195331852072,1.020750352964133
2021-06-16,1,3,2,timelonn,6942.028612574115,1.019257632780637
2021-07-16,1,3,2,timelonn,6806.497812237187,0.9993584346600665
2021-08-16,1,3,2,timelonn,7149.558371810221,1.0497280187348796
2021-09-16,1,3,2,timelonn,7076.379523023906,1.038983594540423
2021-10-16,1,3,2,timelonn,6852.121655408975,1.0060571178526714
2021-11-16,1,3,2,timelonn,6805.787657771638,0.9992541668156278
2021-12-16,1,3,2,timelonn,7758.171829127779,1.1390871882808424
2022-01-16,1,3,2,timelonn,7111.805028880853,1.0441849152573106
2022-02-16,1,3,2,timelonn,7066.740557798508,1.0375683614109747
2022-03-16,1,3,2,timelonn,7001.565931269389,1.0279991505562243
2022-04-16,1,3,2,timelonn,7274.581996831045,1.0680845094945928
2022-05-16,1,3,2,timelonn,6834.972073559967,1.003539144624077
2022-06-16,1,3,2,timelonn,7123.349495466359,1.045879922054365
2022-07-16,1,3,2,timelonn,7138.937024760842,1.048168548203329
2022-08-16,1,3,2,timelonn,7062.738281547264,1.036980730497125
2022-09-16,1,3,2,timelonn,6839.535222107752,1.0042091251508667
2022-10-16,1,3,2,timelonn,6810.867428714332,1.0
2022-11-16,1,3,2,timelonn,7127.935342078376,1.046553235205739
2022-12-16,1,3,2,timelonn,7861.383211844146,1.1542411145312979
2023-01-16,1,3,2,timelonn,7331.286265663045,1.0764100670576333
2023-02-16,1,3,2,timelonn,7163.4506665961235,1.0517677434735133
2023-03-16,1,3,2,timelonn,6722.511100974712,0.9870271549601577
2023-04-16,1,3,2,timelonn,7193.058140189261,1.056114836395674
2023-05-16,1,3,2,timelonn,6812.682932362827,1.0002665598277307
2023-06-16,1,3,2,timelonn,7329.559641302557,1.0761565568581528
2023-07-16,1,3,2,timelonn,7360.4855885388415,1.0806972335869205
2023-08-16,1,3,2,timelonn,8487.391985311837,1.2461543370422021
2023-09-16,1,3,2,timelonn,8170.512283481741,1.1996287358399025
2023-10-16,1,3,2,timelonn,7565.984629706124,1.1108694610334433
2023-11-16,1,3,2,timelonn,7527.701023511035,1.105248502088671
2023-12-16,1,3,2,timelonn,8236.769622960705,1.2093569151316657
2024-01-16,1,3,2,timelonn,7616.591598031783,1.118299787472085
2024-02-16,1,3,2,timelonn,7503.761160505102,1.101733551422475
2024-03-16,1,3,2,timelonn,7522.917607799645,1.1045461810170227
2024-04-16,1,3,2,timelonn,7426.095102972908,1.0903302965000907
2024-05-16,1,3,2,timelonn,7620.451574951606,1.1188665254038128
2024-06-16,1,3,2,timelonn,7655.316743657067,1.1239855750799923
2024-07-16,1,3,2,timelonn,7355.353960174362,1.0799437864793107
2024-08-16,1,3,2,timelonn,8912.947244331515,1.308636137411059
2024-09-16,1,3,2,timelonn,8068.719294526194,1.1846830640850254
2024-10-16,1,3,2,timelonn,7831.079809133524,1.1497918423897107
2024-11-16,1,3,2,timelonn,7968.504946879476,1.1699691750399652
2024-12-16,1,3,2,timelonn,8385.090608661998,1.2311340216828779
2025-01-16,1,3,2,timelonn,7692.774501618094,1.1294852795380628
2025-02-16,1,3,2,timelonn,7646.705551600174,1.1227212438994163
2025-03-16,1,3,2,timelonn,7607.43661496307,1.1169556146241277
2025-04-16,1,3,2,timelonn,7883.238005309437,1.1574499265796945
2025-05-16,1,3,2,timelonn,7393.156851328751,1.0854941648342047
2025-06-16,1,3,2,timelonn,7874.2769211644745,1.1561342227814995
2025-07-16,1,3,2,timelonn,7370.954045704216,1.0822342561871903
2025-08-16,1,3,2,timelonn,8934.599653912583,1.3118152346123615
2025-09-16,1,3,2,timelonn,8214.424917537484,1.2060761721635944
2025-10-16,1,3,2,timelonn,7881.314070321811,1.1571674464099126
2025-11-16,1,3,2,timelonn,8166.164469565618,1.198990371643032
2025-12-16,1,3,2,timelonn,8695.200822532153,1.2766656983915956
2026-01-16,1,3,2,timelonn,8139.127384406163,1.1950206738853766
2026-02-16,1,3,2,timelonn,8033.265683688157,1.17947761687744
2021-01-16,1,3,3,timelonn,5978.080362746339,0.8893508573613423
2021-02-16,1,3,3,timelonn,5450.900865837232,0.8109230830408168
2021-03-16,1,3,3,timelonn,6252.55148327442,0.9301835513953244
2021-04-16,1,3,3,timelonn,7055.1790367032445,1.0495893571840964
2021-05-16,1,3,3,timelonn,7052.715946231362,1.0492229265759403
2021-06-16,1,3,3,timelonn,7002.986292666149,1.041824713880421
2021-07-16,1,3,3,timelonn,6629.208719744771,0.9862183344460442
2021-08-16,1,3,3,timelonn,7187.474962058575,1.0692708414567709
2021-09-16,1,3,3,timelonn,6212.433658623569,0.9242152773702632
2021-10-16,1,3,3,timelonn,5639.748447031527,0.8390176799773833
2021-11-16,1,3,3,timelonn,6140.321571237574,0.9134872605402272
2021-12-16,1,3,3,timelonn,7782.290598199539,1.1577607519087065
2022-01-16,1,3,3,timelonn,6983.871649002404,1.0389810544280582
2022-02-16,1,3,3,timelonn,7123.646256568777,1.0597751320472142
2022-03-16,1,3,3,timelonn,7085.056193718491,1.0540341410603076
2022-04-16,1,3,3,timelonn,7229.562840660989,1.0755321977197
2022-05-16,1,3,3,timelonn,6642.3179124250055,0.988168571151147
2022-06-16,1,3,3,timelonn,6970.241104282691,1.0369532568915243
2022-07-16,1,3,3,timelonn,6789.600094791306,1.0100795404278036
2022-08-16,1,3,3,timelonn,6926.295873270993,1.030415584845369
2022-09-16,1,3,3,timelonn,6791.25036832534,1.010325049369356
2022-10-16,1,3,3,timelonn,6721.846966542532,1.0
2022-11-16,1,3,3,timelonn,7030.6673072637695,1.0459427806462074
2022-12-16,1,3,3,timelonn,8101.902867303257,1.2053090330127785
2023-01-16,1,3,3,timelonn,7275.203660344063,1.0823221201785493
2023-02-16,1,3,3,timelonn,7156.713191406207,1.0646944548169852
2023-03-16,1,3,3,timelonn,6674.420948705343,0.9929444960479987
2023-04-16,1,3,3,timelonn,7230.780789646246,1.0757133903281186
2023-05-16,1,3,3,timelonn,7082.382187569203,1.0536363328146574
2023-06-16,1,3,3,timelonn,7523.064471086073,1.1191960347403829
2023-07-16,1,3,3,timelonn,7525.276618876513,1.1195251329482787
2023-08-16,1,3,3,timelonn,8327.01801059469,1.2387991056686907
2023-09-16,1,3,3,timelonn,7986.339212288579,1.1881167857643826
2023-10-16,1,3,3,timelonn,7418.859318510591,1.1036935763990736
2023-11-16,1,3,3,timelonn,7440.305159278965,1.1068840448633392
2023-12-16,1,3,3,timelonn,8377.797902042505,1.2463535608207594
2024-01-16,1,3,3,timelonn,7408.529046957816,1.1021567559977474
2024-02-16,1,3,3,timelonn,7890.958625536964,1.173927146037926
2024-03-16,1,3,3,timelonn,7980.612429319173,1.1872648200772866
2024-04-16,1,3,3,timelonn,7670.444603982578,1.1411215759837463
2024-05-16,1,3,3,timelonn,8110.2919487779345,1.2065570652153015
2024-06-16,1,3,3,timelonn,8157.89197498155,1.2136384561545095
2024-07-16,1,3,3,timelonn,7363.878521657975,1.0955141582828507
2024-08-16,1,3,3,timelonn,8059.582076994464,1.1990130267931425
2024-09-16,1,3,3,timelonn,7973.52484288266,1.1862104095154586
2024-10-16,1,3,3,timelonn,7634.299861042358,1.1357443719027656
2024-11-16,1,3,3,timelonn,7943.958131719545,1.181811810245008
2024-12-16,1,3,3,timelonn,8828.534361640743,1.3134090088013135
2025-01-16,1,3,3,timelonn,7973.475273521287,1.1862030351492139
2025-02-16,1,3,3,timelonn,8150.516823665303,1.2125412649579592
2025-03-16,1,3,3,timelonn,8067.425975291437,1.2001799528383226
2025-04-16,1,3,3,timelonn,8567.250216956483,1.2745381231675315
2025-05-16,1,3,3,timelonn,8395.174317345241,1.2489386264119915
2025-06-16,1,3,3,timelonn,8345.233484425824,1.2415089968521407
2025-07-16,1,3,3,timelonn,7661.741624292358,1.1398268455720695
2025-08-16,1,3,3,timelonn,8231.032072593323,1.224519408662923
2025-09-16,1,3,3,timelonn,8230.917410004808,1.224502350466108
2025-10-16,1,3,3,timelonn,7929.330761080747,1.1796357162768465
2025-11-16,1,3,3,timelonn,8608.431773517992,1.2806646471372807
2025-12-16,1,3,3,timelonn,9353.560671010104,1.3915164563499767
2026-01-16,1,3,3,timelonn,8783.993193868768,1.3067826800565987
2026-02-16,1,3,3,timelonn,8803.990286030841,1.3097576201677925
2021-01-16,1,3,4,timelonn,8643.366709541957,1.1755012092888448
2021-02-16,1,3,4,timelonn,8744.441651114443,1.1892474403629112
2021-03-16,1,3,4,timelonn,7824.30748312405,1.0641088382963548
2021-04-16,1,3,4,timelonn,8079.601172118651,1.098828878556323
2021-05-16,1,3,4,timelonn,8816.167795836922,1.1990022237352078
2021-06-16,1,3,4,timelonn,9994.663218261216,1.3592780561457174
2021-07-16,1,3,4,timelonn,9635.82809001376,1.310476340174956
2021-08-16,1,3,4,timelonn,8974.97246194963,1.2205997196334342
2021-09-16,1,3,4,timelonn,7660.221603814969,1.0417930953645975
2021-10-16,1,3,4,timelonn,7052.144307372262,0.9590943482987828
2021-11-16,1,3,4,timelonn,7606.043296067601,1.034424824595298
2021-12-16,1,3,4,timelonn,11540.315555602812,1.5694873707267323
2022-01-16,1,3,4,timelonn,9004.5955349087,1.2246284689919216
2022-02-16,1,3,4,timelonn,10354.816489232144,1.408259040035743
2022-03-16,1,3,4,timelonn,10784.77126620812,1.4667330556894835
2022-04-16,1,3,4,timelonn,10851.536119117214,1.475813101459842
2022-05-16,1,3,4,timelonn,9135.587591806187,1.2424434392997576
2022-06-16,1,3,4,timelonn,9230.181298316651,1.2553082199032939
2022-07-16,1,3,4,timelonn,8546.224328980994,1.1622898080305197
2022-08-16,1,3,4,timelonn,8530.181249642099,1.1601079430469632
2022-09-16,1,3,4,timelonn,8933.31035697309,1.2149336572728755
2022-10-16,1,3,4,timelonn,7352.920304327908,1.0
2022-11-16,1,3,4,timelonn,7258.237849317479,0.9871231495662073
2022-12-16,1,3,4,timelonn,11304.95809605106,1.537478665367418
2023-01-16,1,3,4,timelonn,9655.522855100577,1.3131548358299714
2023-02-16,1,3,4,timelonn,9313.940268925599,1.2666994722414495
2023-03-16,1,3,4,timelonn,7887.880531464815,1.0727547974132172
2023-04-16,1,3,4,timelonn,8483.845744925857,1.1538062965176286
2023-05-16,1,3,4,timelonn,9094.505253454252,1.2368562254239654
2023-06-16,1,3,4,timelonn,9144.628181926639,1.2436729630462793
2023-07-16,1,3,4,timelonn,9391.415738771495,1.2772361660500706
2023-08-16,1,3,4,timelonn,9134.838749605891,1.2423415964714253
2023-09-16,1,3,4,timelonn,8795.137980643478,1.196142160750292
2023-10-16,1,3,4,timelonn,7523.0739797503375,1.0231409655456591
2023-11-16,1,3,4,timelonn,8817.77633765471,1.1992209860434082
2023-12-16,1,3,4,timelonn,11523.961927283628,1.5672632709619683
2024-01-16,1,3,4,timelonn,9526.271891071787,1.295576654824431
2024-02-16,1,3,4,timelonn,9412.774801672664,1.2801410068503438
2024-03-16,1,3,4,timelonn,8689.908016834817,1.1818308450480501
2024-04-16,1,3,4,timelonn,8906.795922565148,1.2113276839574385
2024-05-16,1,3,4,timelonn,9991.827345438018,1.3588923763469676
2024-06-16,1,3,4,timelonn,9622.07213922356,1.308605525556973
2024-07-16,1,3,4,timelonn,10301.646783581831,1.4010279395410163
2024-08-16,1,3,4,timelonn,9301.065819496504,1.2649485421488824
2024-09-16,1,3,4,timelonn,8768.931511636107,1.1925780708482232
2024-10-16,1,3,4,timelonn,8791.879521337223,1.195699009026706
2024-11-16,1,3,4,timelonn,10112.487164786246,1.3753021583593208
2024-12-16,1,3,4,timelonn,13356.470124456271,1.8164850932213548
2025-01-16,1,3,4,timelonn,10150.322503614338,1.380447779046359
2025-02-16,1,3,4,timelonn,9273.843821272125,1.2612463398812532
2025-03-16,1,3,4,timelonn,7532.512215069205,1.0244245691926772
2025-04-16,1,3,4,timelonn,9451.084778093933,1.285351178433289
2025-05-16,1,3,4,timelonn,10536.552876494292,1.432975258863136
2025-06-16,1,3,4,timelonn,10785.394679558449,1.4668178401457985
2025-07-16,1,3,4,timelonn,11207.643759514749,1.5242438780300613
2025-08-16,1,3,4,timelonn,10321.26191272138,1.4036956046764597
2025-09-16,1,3,4,timelonn,9172.113878142822,1.247411028342595
2025-10-16,1,3,4,timelonn,8977.211652225682,1.2209042503754217
2025-11-16,1,3,4,timelonn,10422.645020694485,1.4174837464999785
2025-12-16,1,3,4,timelonn,13285.939221495388,1.806892863190061
2026-01-16,1,3,4,timelonn,10206.11867617964,1.3880360800554778
2026-02-16,1,3,4,timelonn,11186.100124169636,1.521313935306157
2021-01-16,1,3,5,timelonn,6855.736492390677,1.1318750245361362
2021-02-16,1,3,5,timelonn,6579.209801087395,1.0862207529854142
2021-03-16,1,3,5,timelonn,6999.566285186979,1.1556211749943741
2021-04-16,1,3,5,timelonn,7819.683906450068,1.2910217484732387
2021-05-16,1,3,5,timelonn,8143.630340349986,1.3445049706224321
2021-06-16,1,3,5,timelonn,7483.4385691653015,1.2355079900591313
2021-07-16,1,3,5,timelonn,7293.858000526065,1.2042084336922434
2021-08-16,1,3,5,timelonn,6963.908313212744,1.1497340805956844
2021-09-16,1,3,5,timelonn,7105.346220369431,1.1730853332015863
2021-10-16,1,3,5,timelonn,6082.42347812441,1.0042018434026065
2021-11-16,1,3,5,timelonn,6142.521326154136,1.0141239361330834
2021-12-16,1,3,5,timelonn,8721.921650718372,1.4399802695693438
2022-01-16,1,3,5,timelonn,7010.037964207912,1.1573500384012319
2022-02-16,1,3,5,timelonn,8640.129729933466,1.4264765078001993
2022-03-16,1,3,5,timelonn,7536.354632958918,1.2442443776188388
2022-04-16,1,3,5,timelonn,7240.520201509458,1.195402418082158
2022-05-16,1,3,5,timelonn,6496.065311682075,1.0724936835319505
2022-06-16,1,3,5,timelonn,6947.154683863502,1.1469680736682317
2022-07-16,1,3,5,timelonn,6730.015412088065,1.1111186038349947
2022-08-16,1,3,5,timelonn,7085.745958892362,1.1698493502455762
2022-09-16,1,3,5,timelonn,6587.607013876572,1.0876071241568168
2022-10-16,1,3,5,timelonn,6056.97302597545,1.0
2022-11-16,1,3,5,timelonn,6142.147210475827,1.014062170020422
2022-12-16,1,3,5,timelonn,7580.035779323334,1.251456089835005
2023-01-16,1,3,5,timelonn,7083.057946022268,1.1694055620928858
2023-02-16,1,3,5,timelonn,6988.473945523903,1.1537898411555894
2023-03-16,1,3,5,timelonn,7004.869489824481,1.1564967286108025
2023-04-16,1,3,5,timelonn,6824.305797695718,1.1266858492566414
2023-05-16,1,3,5,timelonn,7177.53207637844,1.185003143583016
2023-06-16,1,3,5,timelonn,7146.814831695824,1.1799317581647741
2023-07-16,1,3,5,timelonn,6705.586485381213,1.1070854132293757
2023-08-16,1,3,5,timelonn,8322.138672206693,1.3739765121153809
2023-09-16,1,3,5,timelonn,7876.034727427609,1.300325210901729
2023-10-16,1,3,5,timelonn,6612.343170089408,1.0916910380370264
2023-11-16,1,3,5,timelonn,7168.103461999625,1.1834464890728538
2023-12-16,1,3,5,timelonn,9333.272332734497,1.540913636680991
2024-01-16,1,3,5,timelonn,7850.65432918087,1.296134933326132
2024-02-16,1,3,5,timelonn,7842.708440737842,1.2948230753388252
2024-03-16,1,3,5,timelonn,7857.478873046176,1.2972616584801058
2024-04-16,1,3,5,timelonn,7507.851758130332,1.239538582379806
2024-05-16,1,3,5,timelonn,7201.843309010684,1.1890169030182955
2024-06-16,1,3,5,timelonn,8106.077994286057,1.338305117015212
2024-07-16,1,3,5,timelonn,7037.260487528441,1.161844448926718
2024-08-16,1,3,5,timelonn,7900.516953733381,1.3043672012161613
2024-09-16,1,3,5,timelonn,8091.552668716978,1.3359070007438028
2024-10-16,1,3,5,timelonn,7268.392083753091,1.2000040370961613
2024-11-16,1,3,5,timelonn,8283.351590679169,1.3675728049565106
2024-12-16,1,3,5,timelonn,9953.488325783332,1.6433106575012961
2025-01-16,1,3,5,timelonn,7181.299334789047,1.1856251140614134
2025-02-16,1,3,5,timelonn,5422.119892576156,0.895186402403195
2025-03-16,1,3,5,timelonn,4526.9131883337395,0.7473886987642148
2025-04-16,1,3,5,timelonn,6210.466403252659,1.0253415982899297
2025-05-16,1,3,5,timelonn,6960.740920356663,1.1492111473016946
2025-06-16,1,3,5,timelonn,7371.361675185258,1.2170042104485237
2025-07-16,1,3,5,timelonn,7383.523027257201,1.2190120371335345
2025-08-16,1,3,5,timelonn,8025.210816932895,1.3249540294329558
2025-09-16,1,3,5,timelonn,6474.557774179402,1.0689428112710972
2025-10-16,1,3,5,timelonn,7019.910677982643,1.1589800132636576
2025-11-16,1,3,5,timelonn,7111.293902515526,1.1740672893900304
2025-12-16,1,3,5,timelonn,9644.51095059275,1.5922988115073442
2026-01-16,1,3,5,timelonn,7871.3097761698555,1.299545126321941
2026-02-16,1,3,5,timelonn,7637.743356874297,1.2609835513745369
2021-01-16,1,3,all,timelonn,6924.1814708958855,0.9798680042534778
2021-02-16,1,3,all,timelonn,6651.467343776059,0.9412751613888238
2021-03-16,1,3,all,timelonn,6978.68986544493,0.9875817003786203
2021-04-16,1,3,all,timelonn,7528.170182541221,1.0653408093726322
2021-05-16,1,3,all,timelonn,7631.035288835848,1.0798976529267625
2021-06-16,1,3,all,timelonn,7718.345909971804,1.0922533204438865
2021-07-16,1,3,all,timelonn,7462.111669947672,1.055992610864106
2021-08-16,1,3,all,timelonn,7624.472752949195,1.0789689628037311
2021-09-16,1,3,all,timelonn,7070.077181478979,1.0005142769369841
2021-10-16,1,3,all,timelonn,6557.343589281254,0.9279553407201526
2021-11-16,1,3,all,timelonn,6837.452654463079,0.9675946701956567
2021-12-16,1,3,all,timelonn,8811.309965996636,1.246922939199455
2022-01-16,1,3,all,timelonn,7577.987355992439,1.0723906324502586
2022-02-16,1,3,all,timelonn,8077.769401826819,1.1431167446805452
2022-03-16,1,3,all,timelonn,7991.29134830468,1.1308788970630852
2022-04-16,1,3,all,timelonn,8013.820327122345,1.1340670609788814
2022-05-16,1,3,all,timelonn,7271.593367558338,1.0290316206704386
2022-06-16,1,3,all,timelonn,7613.701743808914,1.0774447151689104
2022-07-16,1,3,all,timelonn,7368.320630788913,1.0427198740440726
2022-08-16,1,3,all,timelonn,7453.672549375316,1.0547983579018394
2022-09-16,1,3,all,timelonn,7349.972553283955,1.0401233658268572
2022-10-16,1,3,all,timelonn,7066.443072780136,1.0
2022-11-16,1,3,all,timelonn,7159.048544448007,1.013104962526987
2022-12-16,1,3,all,timelonn,8733.743764089299,1.2359462425631909
2023-01-16,1,3,all,timelonn,7879.6507563423065,1.1150802002063298
2023-02-16,1,3,all,timelonn,7684.16195630408,1.0874158154479996
2023-03-16,1,3,all,timelonn,7214.480693096501,1.0209493827080565
2023-04-16,1,3,all,timelonn,7619.893520482722,1.0783209377054874
2023-05-16,1,3,all,timelonn,7569.956638982433,1.0712541742735926
2023-06-16,1,3,all,timelonn,7962.997527808241,1.1268749278518386
2023-07-16,1,3,all,timelonn,7896.946149946377,1.117527739007101
2023-08-16,1,3,all,timelonn,8728.643078168147,1.2352244245468822
2023-09-16,1,3,all,timelonn,8414.895566086183,1.1908247868719513
2023-10-16,1,3,all,timelonn,7632.691409645817,1.0801320170605864
2023-11-16,1,3,all,timelonn,7947.415226646676,1.1246698154634593
2023-12-16,1,3,all,timelonn,9321.498179166385,1.3191216688736511
2024-01-16,1,3,all,timelonn,8114.5251905707655,1.148318200117939
2024-02-16,1,3,all,timelonn,8239.181227348849,1.1659587634811759
2024-03-16,1,3,all,timelonn,8188.257417161179,1.1587523359103054
2024-04-16,1,3,all,timelonn,7980.435385916965,1.129342627361921
2024-05-16,1,3,all,timelonn,8377.646898723411,1.1855535822532863
2024-06-16,1,3,all,timelonn,8484.175386811206,1.200628845294482
2024-07-16,1,3,all,timelonn,8000.770636688835,1.1322203482410718
2024-08-16,1,3,all,timelonn,8737.116988352323,1.236423600723199
2024-09-16,1,3,all,timelonn,8463.82745143245,1.197749329366994
2024-10-16,1,3,all,timelonn,8137.204956269645,1.151527702475107
2024-11-16,1,3,all,timelonn,8672.495281909643,1.2272787302732266
2024-12-16,1,3,all,timelonn,9926.155667803245,1.4046891152408332
2025-01-16,1,3,all,timelonn,8382.59292994719,1.1862535144784296
2025-02-16,1,3,all,timelonn,8019.017110086779,1.1348024780636736
2025-03-16,1,3,all,timelonn,7519.04049439379,1.0640488314916248
2025-04-16,1,3,all,timelonn,8383.778456964437,1.1864212830438927
2025-05-16,1,3,all,timelonn,8467.02775374088,1.198202216664814
2025-06-16,1,3,all,timelonn,8721.654416983481,1.2342354317661175
2025-07-16,1,3,all,timelonn,8364.929474401923,1.1837538897926656
2025-08-16,1,3,all,timelonn,9010.296479097193,1.2750822990147277
2025-09-16,1,3,all,timelonn,8412.939502421097,1.1905479766514573
2025-10-16,1,3,all,timelonn,8319.396112093824,1.177310285586259
2025-11-16,1,3,all,timelonn,8864.320603380296,1.2544246818495666
2025-12-16,1,3,all,timelonn,10217.316059349143,1.4458923611379728
2026-01-16,1,3,all,timelonn,8948.259716967428,1.266303234145624
2026-02-16,1,3,all,timelonn,9074.95900933931,1.2842329466002431
2021-01-16,1,4,1,kontantlonn,34796.56172230267,0.9311060471863942
2021-02-16,1,4,1,kontantlonn,34891.38345761797,0.9336433407230771
2021-03-16,1,4,1,kontantlonn,34336.512681521526,0.9187957951766657
2021-04-16,1,4,1,kontantlonn,34361.853068272256,0.9194738675543317
2021-05-16,1,4,1,kontantlonn,38520.83936131773,1.030762371243992
2021-06-16,1,4,1,kontantlonn,45175.29320064987,1.2088260046561854
2021-07-16,1,4,1,kontantlonn,34849.47717305975,0.9325219886975905
2021-08-16,1,4,1,kontantlonn,34607.75403076538,0.9260538243619479
2021-09-16,1,4,1,kontantlonn,35170.595339425236,0.9411146499194224
2021-10-16,1,4,1,kontantlonn,35165.42137716465,0.9409762021156653
2021-11-16,1,4,1,kontantlonn,35713.619786513336,0.9556452047049462
2021-12-16,1,4,1,kontantlonn,36583.07773188502,0.978910651365182
2022-01-16,1,4,1,kontantlonn,36660.622377687396,0.9809856347848006
2022-02-16,1,4,1,kontantlonn,37110.76590721723,0.9930308295311085
2022-03-16,1,4,1,kontantlonn,38776.621022476706,1.0376067213658562
2022-04-16,1,4,1,kontantlonn,37225.4648527259,0.9961000086822362
2022-05-16,1,4,1,kontantlonn,40871.34897889857,1.0936586348566275
2022-06-16,1,4,1,kontantlonn,46052.49127026426,1.232298565931534
2022-07-16,1,4,1,kontantlonn,37225.0586833633,0.9960891401730797
2022-08-16,1,4,1,kontantlonn,36185.80677435205,0.9682802507559921
2022-09-16,1,4,1,kontantlonn,37408.89582861206,1.0010083583132126
2022-10-16,1,4,1,kontantlonn,37371.21225605883,1.0
2022-11-16,1,4,1,kontantlonn,36896.392002810084,0.9872944915461829
2022-12-16,1,4,1,kontantlonn,38111.418379046336,1.0198068534120805
2023-01-16,1,4,1,kontantlonn,38257.47124744148,1.023715018536466
2023-02-16,1,4,1,kontantlonn,37964.96967939818,1.0158880964115122
2023-03-16,1,4,1,kontantlonn,38397.848351218745,1.027471308346265
2023-04-16,1,4,1,kontantlonn,37350.59331158081,0.99944826664073
2023-05-16,1,4,1,kontantlonn,42887.97024612453,1.1476205254532863
2023-06-16,1,4,1,kontantlonn,49876.23126627077,1.3346163599010508
2023-07-16,1,4,1,kontantlonn,39025.081650522035,1.0442551711496881
2023-08-16,1,4,1,kontantlonn,38318.01321650529,1.0253350347309902
2023-09-16,1,4,1,kontantlonn,39249.902493473935,1.0502710542152809
2023-10-16,1,4,1,kontantlonn,38970.33207927585,1.0427901512067692
2023-11-16,1,4,1,kontantlonn,38962.707073321944,1.0425861169918322
2023-12-16,1,4,1,kontantlonn,39789.64786353602,1.0647138656061417
2024-01-16,1,4,1,kontantlonn,40395.41598123227,1.0809233509593508
2024-02-16,1,4,1,kontantlonn,40555.90289908445,1.085217750529602
2024-03-16,1,4,1,kontantlonn,40176.6208320117,1.0750687068091573
2024-04-16,1,4,1,kontantlonn,40819.581809145355,1.0922734196969341
2024-05-16,1,4,1,kontantlonn,42240.80318626124,1.1303032638287756
2024-06-16,1,4,1,kontantlonn,52221.769557516214,1.3973795979564383
2024-07-16,1,4,1,kontantlonn,40904.97734968694,1.0945584817911598
2024-08-16,1,4,1,kontantlonn,40289.29313735366,1.078083655978319
2024-09-16,1,4,1,kontantlonn,41236.36102619334,1.1034258333299818
2024-10-16,1,4,1,kontantlonn,41290.69089831768,1.1048796227268063
2024-11-16,1,4,1,kontantlonn,41392.08386695392,1.107592753035278
2024-12-16,1,4,1,kontantlonn,40856.040052482975,1.0932489899590871
2025-01-16,1,4,1,kontantlonn,41740.066849774375,1.1169042781856038
2025-02-16,1,4,1,kontantlonn,41581.2462850781,1.1126544678340402
2025-03-16,1,4,1,kontantlonn,40463.52474787074,1.0827458437961313
2025-04-16,1,4,1,kontantlonn,40299.54355703851,1.078357942496364
2025-05-16,1,4,1,kontantlonn,46742.365019513905,1.250758597265888
2025-06-16,1,4,1,kontantlonn,54146.96803388883,1.4488951458916137
2025-07-16,1,4,1,kontantlonn,44428.44641762959,1.1888414567131576
2025-08-16,1,4,1,kontantlonn,42275.91863181665,1.1312429027496327
2025-09-16,1,4,1,kontantlonn,43013.43113219512,1.1509776786869292
2025-10-16,1,4,1,kontantlonn,42853.784568867595,1.1467057657975732
2025-11-16,1,4,1,kontantlonn,42957.58082695785,1.149483204682324
2025-12-16,1,4,1,kontantlonn,43746.85763228594,1.1706031191212816
2026-01-16,1,4,1,kontantlonn,44567.727705243065,1.1925684240552699
2026-02-16,1,4,1,kontantlonn,44250.679561878555,1.1840846708071233
2021-01-16,1,4,2,kontantlonn,29373.08596497016,0.9345634922484181
2021-02-16,1,4,2,kontantlonn,29595.59260914562,0.9416429862681165
2021-03-16,1,4,2,kontantlonn,29073.145553060647,0.9250202879982797
2021-04-16,1,4,2,kontantlonn,29062.689949157855,0.9246876220431732
2021-05-16,1,4,2,kontantlonn,30496.434742768735,0.970305080927403
2021-06-16,1,4,2,kontantlonn,37641.68552448491,1.1976455289659613
2021-07-16,1,4,2,kontantlonn,29399.39338744724,0.9354005155237918
2021-08-16,1,4,2,kontantlonn,29670.574303113168,0.9440286788661835
2021-09-16,1,4,2,kontantlonn,30177.32184757736,0.9601518657661762
2021-10-16,1,4,2,kontantlonn,30061.726613778574,0.9564739721490362
2021-11-16,1,4,2,kontantlonn,30287.93011662796,0.9636710891231893
2021-12-16,1,4,2,kontantlonn,30881.910757966943,0.9825697715142645
2022-01-16,1,4,2,kontantlonn,30609.810684230833,0.9739123633190501
2022-02-16,1,4,2,kontantlonn,30992.903670873293,0.9861012330850469
2022-03-16,1,4,2,kontantlonn,31209.245916750326,0.9929845944407053
2022-04-16,1,4,2,kontantlonn,30903.984716751685,0.9832720986730186
2022-05-16,1,4,2,kontantlonn,31974.52947964855,1.017333621980931
2022-06-16,1,4,2,kontantlonn,38084.24823875217,1.2117265470883951
2022-07-16,1,4,2,kontantlonn,30917.559494453784,0.9837040073826072
2022-08-16,1,4,2,kontantlonn,31043.873650911064,0.9877229449678481
2022-09-16,1,4,2,kontantlonn,31576.529907667024,1.00467046938103
2022-10-16,1,4,2,kontantlonn,31429.738277388697,1.0
2022-11-16,1,4,2,kontantlonn,31295.664447319312,0.9957341728751893
2022-12-16,1,4,2,kontantlonn,31760.75174954556,1.010531855825061
2023-01-16,1,4,2,kontantlonn,31735.17117260769,1.0097179585946068
2023-02-16,1,4,2,kontantlonn,31755.62330332784,1.0103686840489408
2023-03-16,1,4,2,kontantlonn,31753.522774595196,1.0103018515251028
2023-04-16,1,4,2,kontantlonn,31302.91533981207,0.995964874525606
2023-05-16,1,4,2,kontantlonn,33527.723958878254,1.0667516115779716
2023-06-16,1,4,2,kontantlonn,40236.20517884375,1.280195362230892
2023-07-16,1,4,2,kontantlonn,33001.23464745949,1.0500003008679637
2023-08-16,1,4,2,kontantlonn,33200.46811993025,1.0563393123707765
2023-09-16,1,4,2,kontantlonn,33734.33949220715,1.0733254981151543
2023-10-16,1,4,2,kontantlonn,33507.51095971132,1.0661084945723973
2023-11-16,1,4,2,kontantlonn,33472.574081190476,1.064996907889349
2023-12-16,1,4,2,kontantlonn,33785.03214922885,1.0749383864114008
2024-01-16,1,4,2,kontantlonn,34021.93456308225,1.0824759106428334
2024-02-16,1,4,2,kontantlonn,33947.55104694698,1.080109250269184
2024-03-16,1,4,2,kontantlonn,33613.57996573075,1.0694832921950599
2024-04-16,1,4,2,kontantlonn,34026.52941715134,1.0826221051172684
2024-05-16,1,4,2,kontantlonn,34273.83891274559,1.0904907514741542
2024-06-16,1,4,2,kontantlonn,42105.18686888019,1.3396607536872704
2024-07-16,1,4,2,kontantlonn,34799.816178242014,1.1072257704187702
2024-08-16,1,4,2,kontantlonn,34903.639727038,1.1105291243277233
2024-09-16,1,4,2,kontantlonn,35295.91596158714,1.123010177497401
2024-10-16,1,4,2,kontantlonn,35366.05267823497,1.1252417174494307
2024-11-16,1,4,2,kontantlonn,35358.89943176567,1.1250141226025958
2024-12-16,1,4,2,kontantlonn,35708.69885092044,1.1361436909135871
2025-01-16,1,4,2,kontantlonn,36009.30211463367,1.1457079851199277
2025-02-16,1,4,2,kontantlonn,36197.64204295613,1.1517003967226027
2025-03-16,1,4,2,kontantlonn,35817.788523507785,1.1396145970860965
2025-04-16,1,4,2,kontantlonn,35590.76243579099,1.132391307928766
2025-05-16,1,4,2,kontantlonn,36314.464862795125,1.1554173484454566
2025-06-16,1,4,2,kontantlonn,43896.95669686072,1.396669495286292
2025-07-16,1,4,2,kontantlonn,36666.041348787134,1.1666034576929825
2025-08-16,1,4,2,kontantlonn,36309.914859846096,1.1552725809991333
2025-09-16,1,4,2,kontantlonn,36521.44413359223,1.1620028080178646
2025-10-16,1,4,2,kontantlonn,36183.33829341613,1.1512452943156477
2025-11-16,1,4,2,kontantlonn,36308.418545127555,1.1552249727529134
2025-12-16,1,4,2,kontantlonn,36601.61642302314,1.1645536497946345
2026-01-16,1,4,2,kontantlonn,37013.29061480117,1.1776518877800968
2026-02-16,1,4,2,kontantlonn,36901.72598653954,1.174102235941542
2021-01-16,1,4,3,kontantlonn,43872.772961748735,0.9296776385579235
2021-02-16,1,4,3,kontantlonn,44484.639271171014,0.9426432750394107
2021-03-16,1,4,3,kontantlonn,43531.00566856991,0.9224354838316688
2021-04-16,1,4,3,kontantlonn,43679.56813848652,0.92558356855225
2021-05-16,1,4,3,kontantlonn,45639.50512809887,0.9671152400017335
2021-06-16,1,4,3,kontantlonn,54136.69093911757,1.1471732373857424
2021-07-16,1,4,3,kontantlonn,44189.609258596,0.9363914977552716
2021-08-16,1,4,3,kontantlonn,43785.88467504826,0.9278364488690823
2021-09-16,1,4,3,kontantlonn,44634.89614157584,0.9458272646307879
2021-10-16,1,4,3,kontantlonn,45672.36934562767,0.9678116429432998
2021-11-16,1,4,3,kontantlonn,46241.10616370912,0.9798633521538369
2021-12-16,1,4,3,kontantlonn,47160.77812556369,0.9993514856823543
2022-01-16,1,4,3,kontantlonn,45942.51629762953,0.9735361404720903
2022-02-16,1,4,3,kontantlonn,46542.431994095976,0.9862485397660902
2022-03-16,1,4,3,kontantlonn,46550.62008364417,0.9864220479179935
2022-04-16,1,4,3,kontantlonn,46625.246867667964,0.9880034125699361
2022-05-16,1,4,3,kontantlonn,47756.853772632094,1.011982513141038
2022-06-16,1,4,3,kontantlonn,55769.40876441392,1.1817710334625107
2022-07-16,1,4,3,kontantlonn,47151.856202440955,0.9991624273698704
2022-08-16,1,4,3,kontantlonn,46099.927547026324,0.9768717335687301
2022-09-16,1,4,3,kontantlonn,47421.611735384184,1.0048786306076563
2022-10-16,1,4,3,kontantlonn,47191.382412727835,1.0
2022-11-16,1,4,3,kontantlonn,46904.38143400839,0.9939183604284065
2022-12-16,1,4,3,kontantlonn,48421.12781562208,1.026058685718064
2023-01-16,1,4,3,kontantlonn,47372.466208628895,1.0038372216841909
2023-02-16,1,4,3,kontantlonn,47890.39817857958,1.0148123604377228
2023-03-16,1,4,3,kontantlonn,48264.01068292649,1.0227293250453575
2023-04-16,1,4,3,kontantlonn,47683.12822958855,1.010420246064419
2023-05-16,1,4,3,kontantlonn,50026.43772761128,1.0600756996285579
2023-06-16,1,4,3,kontantlonn,58935.69243152235,1.2488655643964988
2023-07-16,1,4,3,kontantlonn,50254.84505410092,1.0649157215734975
2023-08-16,1,4,3,kontantlonn,49289.057918771265,1.0444503932454767
2023-09-16,1,4,3,kontantlonn,50391.533438004786,1.0678121907362021
2023-10-16,1,4,3,kontantlonn,51416.51893310782,1.089531950630894
2023-11-16,1,4,3,kontantlonn,50943.328619133084,1.0795049014159273
2023-12-16,1,4,3,kontantlonn,51534.133235229,1.0920242340968145
2024-01-16,1,4,3,kontantlonn,50780.24564046324,1.076049122620478
2024-02-16,1,4,3,kontantlonn,51281.12727296665,1.0866629594460828
2024-03-16,1,4,3,kontantlonn,50496.151182867296,1.0700290731311177
2024-04-16,1,4,3,kontantlonn,51327.51401175802,1.087645908798693
2024-05-16,1,4,3,kontantlonn,51675.02238655232,1.0950097188213588
2024-06-16,1,4,3,kontantlonn,62506.17943397055,1.3245252891153325
2024-07-16,1,4,3,kontantlonn,52641.319628471945,1.115485856465909
2024-08-16,1,4,3,kontantlonn,51981.447751661384,1.1015029671527834
2024-09-16,1,4,3,kontantlonn,53558.98686522209,1.1349315092489614
2024-10-16,1,4,3,kontantlonn,53528.43319760728,1.1342840675752337
2024-11-16,1,4,3,kontantlonn,53550.00486949719,1.1347411779794438
2024-12-16,1,4,3,kontantlonn,54669.53419587977,1.1584643509221513
2025-01-16,1,4,3,kontantlonn,54132.63571130683,1.1470873058532587
2025-02-16,1,4,3,kontantlonn,54739.191683308476,1.1599404146411474
2025-03-16,1,4,3,kontantlonn,54935.97983936945,1.1641104165779397
2025-04-16,1,4,3,kontantlonn,54454.15563460669,1.1539004125448131
2025-05-16,1,4,3,kontantlonn,55775.99932971328,1.1819106895811156
2025-06-16,1,4,3,kontantlonn,65887.83740980888,1.3961836683139524
2025-07-16,1,4,3,kontantlonn,56217.37987542777,1.1912636799608896
2025-08-16,1,4,3,kontantlonn,54911.58079672761,1.1635933933123686
2025-09-16,1,4,3,kontantlonn,56221.15873876612,1.1913437552446628
2025-10-16,1,4,3,kontantlonn,55800.55114057811,1.1824309500526164
2025-11-16,1,4,3,kontantlonn,55785.89886949012,1.1821204638930918
2025-12-16,1,4,3,kontantlonn,56688.07665003184,1.2012378903047918
2026-01-16,1,4,3,kontantlonn,56177.817758601646,1.1904253464600798
2026-02-16,1,4,3,kontantlonn,56657.12486238276,1.200582012344312
2021-01-16,1,4,4,kontantlonn,64197.810694077954,0.9308898712975014
2021-02-16,1,4,4,kontantlonn,64652.55365722332,0.9374837973809478
2021-03-16,1,4,4,kontantlonn,67082.11839486581,0.9727133041426418
2021-04-16,1,4,4,kontantlonn,64735.1578690072,0.9386815862657208
2021-05-16,1,4,4,kontantlonn,64954.974139433994,0.9418689962018914
2021-06-16,1,4,4,kontantlonn,74971.29635651837,1.0871090409748838
2021-07-16,1,4,4,kontantlonn,64775.369916389274,0.9392646744926775
2021-08-16,1,4,4,kontantlonn,63634.42670954918,0.9227206138231583
2021-09-16,1,4,4,kontantlonn,64976.237650698786,0.9421773242749301
2021-10-16,1,4,4,kontantlonn,66594.19025380368,0.9656381818055236
2021-11-16,1,4,4,kontantlonn,68496.3676301594,0.9932203942504121
2021-12-16,1,4,4,kontantlonn,70904.59081408393,1.0281404412972184
2022-01-16,1,4,4,kontantlonn,66224.38137223863,0.9602758285033958
2022-02-16,1,4,4,kontantlonn,67001.54939893547,0.9715450265730287
2022-03-16,1,4,4,kontantlonn,73512.45634774449,1.065955369637359
2022-04-16,1,4,4,kontantlonn,68447.88324652614,0.9925173543624106
2022-05-16,1,4,4,kontantlonn,67642.7683049741,0.9808429166172897
2022-06-16,1,4,4,kontantlonn,77261.46797488669,1.1203173005716358
2022-07-16,1,4,4,kontantlonn,67069.81656555577,0.9725349234754611
2022-08-16,1,4,4,kontantlonn,66155.96697457568,0.9592837967012703
2022-09-16,1,4,4,kontantlonn,67837.21071662722,0.9836623970575353
2022-10-16,1,4,4,kontantlonn,68963.9157901645,1.0
2022-11-16,1,4,4,kontantlonn,72279.53480189908,1.048077592081966
2022-12-16,1,4,4,kontantlonn,74506.2207394396,1.0803652879302648
2023-01-16,1,4,4,kontantlonn,68671.06417191168,0.9957535529284058
2023-02-16,1,4,4,kontantlonn,69465.39937321059,1.0072716808101783
2023-03-16,1,4,4,kontantlonn,75212.2808653015,1.0906033974948408
2023-04-16,1,4,4,kontantlonn,70024.85952523563,1.0153840413920123
2023-05-16,1,4,4,kontantlonn,70287.40094943122,1.0191909804439423
2023-06-16,1,4,4,kontantlonn,81064.63169283784,1.1754644550563518
2023-07-16,1,4,4,kontantlonn,71011.84370136005,1.0296956442761567
2023-08-16,1,4,4,kontantlonn,69875.13219466295,1.0132129446835791
2023-09-16,1,4,4,kontantlonn,72358.86172462307,1.0492278591718651
2023-10-16,1,4,4,kontantlonn,75500.56380412389,1.0947835971763604
2023-11-16,1,4,4,kontantlonn,76771.16086161508,1.1132076823364494
2023-12-16,1,4,4,kontantlonn,77704.03478518628,1.12673466833895
2024-01-16,1,4,4,kontantlonn,73313.15270945198,1.0630653997740043
2024-02-16,1,4,4,kontantlonn,74019.69468370694,1.0733104963025242
2024-03-16,1,4,4,kontantlonn,79756.46294801323,1.1564955677790552
2024-04-16,1,4,4,kontantlonn,74481.96923700343,1.0800136329791459
2024-05-16,1,4,4,kontantlonn,74614.36632188379,1.0819334352897223
2024-06-16,1,4,4,kontantlonn,85284.04397741171,1.2366473539133747
2024-07-16,1,4,4,kontantlonn,74669.46560282573,1.0827323934160211
2024-08-16,1,4,4,kontantlonn,73652.62421380599,1.0679878508915845
2024-09-16,1,4,4,kontantlonn,75737.23889929912,1.0982154657479677
2024-10-16,1,4,4,kontantlonn,79042.05678132219,1.1461364378122365
2024-11-16,1,4,4,kontantlonn,78732.82339958199,1.1416524496541236
2024-12-16,1,4,4,kontantlonn,78977.03375172582,1.145193581988994
2025-01-16,1,4,4,kontantlonn,76088.87384632035,1.103314290879811
2025-02-16,1,4,4,kontantlonn,77427.11097610694,1.1227191798634708
2025-03-16,1,4,4,kontantlonn,86067.37152609976,1.2480058671258705
2025-04-16,1,4,4,kontantlonn,79727.89253886568,1.1560812872263893
2025-05-16,1,4,4,kontantlonn,77762.25694826696,1.1275789093077757
2025-06-16,1,4,4,kontantlonn,88990.13248999605,1.2903868852337943
2025-07-16,1,4,4,kontantlonn,78269.78708356584,1.1349382671615715
2025-08-16,1,4,4,kontantlonn,77294.04324954125,1.1207896530226433
2025-09-16,1,4,4,kontantlonn,79202.02900764732,1.148456088958669
2025-10-16,1,4,4,kontantlonn,81588.05246854179,1.1830542325466056
2025-11-16,1,4,4,kontantlonn,83602.10004234698,1.212258600522654
2025-12-16,1,4,4,kontantlonn,84984.90800488718,1.232309781588817
2026-01-16,1,4,4,kontantlonn,80120.00883625864,1.1617671055692171
2026-02-16,1,4,4,kontantlonn,80838.2825461025,1.1721823162140035
2021-01-16,1,4,5,kontantlonn,48987.755227139,0.9093674291525571
2021-02-16,1,4,5,kontantlonn,49648.03525599518,0.9216243115015789
2021-03-16,1,4,5,kontantlonn,49816.50460777886,0.9247516346584
2021-04-16,1,4,5,kontantlonn,49380.174731503044,0.916651974324677
2021-05-16,1,4,5,kontantlonn,49732.68555322167,0.9231956883243978
2021-06-16,1,4,5,kontantlonn,58020.04718934761,1.0770352898852043
2021-07-16,1,4,5,kontantlonn,49660.732272409434,0.9218600082205038
2021-08-16,1,4,5,kontantlonn,49251.422590276656,0.9142619280136743
2021-09-16,1,4,5,kontantlonn,50084.64269413387,0.9297291242599538
2021-10-16,1,4,5,kontantlonn,50422.14295287528,0.9359941948108895
2021-11-16,1,4,5,kontantlonn,53069.63341634241,0.9851399779827473
2021-12-16,1,4,5,kontantlonn,53871.9750757534,1.0000339727930334
2022-01-16,1,4,5,kontantlonn,51081.38518587121,0.9482318123916229
2022-02-16,1,4,5,kontantlonn,51509.24541105256,0.95617424925581
2022-03-16,1,4,5,kontantlonn,52728.76283095846,0.9788123435266047
2022-04-16,1,4,5,kontantlonn,52257.09280485576,0.9700566584159771
2022-05-16,1,4,5,kontantlonn,51748.4074270724,0.9606138514921341
2022-06-16,1,4,5,kontantlonn,59442.94164406644,1.1034487041403294
2022-07-16,1,4,5,kontantlonn,51846.514970264725,0.9624350372949866
2022-08-16,1,4,5,kontantlonn,51306.02829133624,0.952401897800648
2022-09-16,1,4,5,kontantlonn,52846.583680315336,0.9809994705419874
2022-10-16,1,4,5,kontantlonn,53870.14495646812,1.0
2022-11-16,1,4,5,kontantlonn,54965.6719535125,1.0203364404890625
2022-12-16,1,4,5,kontantlonn,56547.30721826168,1.0496965854455553
2023-01-16,1,4,5,kontantlonn,53378.69883850736,0.9908772081761077
2023-02-16,1,4,5,kontantlonn,53832.90994860389,0.9993088006743936
2023-03-16,1,4,5,kontantlonn,54827.19519545,1.0177658745814637
2023-04-16,1,4,5,kontantlonn,54112.22612408685,1.0044937909080132
2023-05-16,1,4,5,kontantlonn,54631.763297573045,1.014138041427592
2023-06-16,1,4,5,kontantlonn,62537.889619589514,1.1609007117045202
2023-07-16,1,4,5,kontantlonn,55968.923632459075,1.0389599596898609
2023-08-16,1,4,5,kontantlonn,55018.51835355933,1.021317436550787
2023-09-16,1,4,5,kontantlonn,56582.85718354167,1.0503565050598187
2023-10-16,1,4,5,kontantlonn,57692.784498391535,1.070960260920264
2023-11-16,1,4,5,kontantlonn,59623.07127111978,1.1067924788266401
2023-12-16,1,4,5,kontantlonn,59921.7355046286,1.1123366301139659
2024-01-16,1,4,5,kontantlonn,57062.59792013533,1.059262008042618
2024-02-16,1,4,5,kontantlonn,57666.63675004295,1.0704748761423
2024-03-16,1,4,5,kontantlonn,58833.77263817496,1.0921406037744634
2024-04-16,1,4,5,kontantlonn,58388.25067451942,1.0838703092724613
2024-05-16,1,4,5,kontantlonn,57855.21200362498,1.073975428326342
2024-06-16,1,4,5,kontantlonn,66454.75399494413,1.23361008307376
2024-07-16,1,4,5,kontantlonn,58608.822574857135,1.0879648202583878
2024-08-16,1,4,5,kontantlonn,57933.02817438263,1.0754199421812896
2024-09-16,1,4,5,kontantlonn,59290.72107347501,1.1006230096723744
2024-10-16,1,4,5,kontantlonn,60662.70427848395,1.1260913503667909
2024-11-16,1,4,5,kontantlonn,60840.84807392066,1.1293982617474947
2024-12-16,1,4,5,kontantlonn,61457.08491461743,1.140837563445954
2025-01-16,1,4,5,kontantlonn,59595.39334952901,1.1062786892013639
2025-02-16,1,4,5,kontantlonn,61294.116283007446,1.1378123510255738
2025-03-16,1,4,5,kontantlonn,65984.99880367653,1.2248899433442828
2025-04-16,1,4,5,kontantlonn,63434.08348793928,1.1775368998765396
2025-05-16,1,4,5,kontantlonn,61348.31310999096,1.138818415275583
2025-06-16,1,4,5,kontantlonn,70012.39996078263,1.299651226432728
2025-07-16,1,4,5,kontantlonn,62045.77920828869,1.1517655884985498
2025-08-16,1,4,5,kontantlonn,61035.3143635441,1.133008170163011
2025-09-16,1,4,5,kontantlonn,62819.09117447605,1.1661207005334677
2025-10-16,1,4,5,kontantlonn,63204.4478279787,1.1732741368907311
2025-11-16,1,4,5,kontantlonn,66116.14838931272,1.2273244937941128
2025-12-16,1,4,5,kontantlonn,66689.41757530563,1.2379661801392337
2026-01-16,1,4,5,kontantlonn,63134.19986936614,1.171970112951881
2026-02-16,1,4,5,kontantlonn,63832.00095045492,1.184923504513249
2021-01-16,1,4,all,kontantlonn,44657.38426754673,0.9244462167710421
2021-02-16,1,4,all,kontantlonn,45099.73651007359,0.9336032881891573
2021-03-16,1,4,all,kontantlonn,45083.2423518327,0.9332618449444463
2021-04-16,1,4,all,kontantlonn,44638.53924032223,0.9240561085188823
2021-05-16,1,4,all,kontantlonn,46284.21514406974,0.9581230134261686
2021-06-16,1,4,all,kontantlonn,54504.40141530416,1.1282879307009657
2021-07-16,1,4,all,kontantlonn,44973.95036476605,0.9309994069260922
2021-08-16,1,4,all,kontantlonn,44625.890302946515,0.923794264649275
2021-09-16,1,4,all,kontantlonn,45445.31524289953,0.9407570648242486
2021-10-16,1,4,all,kontantlonn,46103.35312457386,0.9543790142550832
2021-11-16,1,4,all,kontantlonn,47217.30894203674,0.9774388566080088
2021-12-16,1,4,all,kontantlonn,48329.14091931213,1.000454733644592
2022-01-16,1,4,all,kontantlonn,46629.581903522914,0.9652724020303501
2022-02-16,1,4,all,kontantlonn,47170.73156615481,0.9764746649154725
2022-03-16,1,4,all,kontantlonn,48877.36566536036,1.0118034568342047
2022-04-16,1,4,all,kontantlonn,47613.24433676241,0.9856350594027589
2022-05-16,1,4,all,kontantlonn,48505.75782747028,1.0041108553642704
2022-06-16,1,4,all,kontantlonn,55973.531610511796,1.158700187781835
2022-07-16,1,4,all,kontantlonn,47469.88395160801,0.982667376277907
2022-08-16,1,4,all,kontantlonn,46722.25246045984,0.9671907621665631
2022-09-16,1,4,all,kontantlonn,47973.54980145647,0.9930936920383567
2022-10-16,1,4,all,kontantlonn,48307.17402200916,1.0
2022-11-16,1,4,all,kontantlonn,48946.34940460809,1.0132314794963522
2022-12-16,1,4,all,kontantlonn,50368.60968787017,1.0426734891368683
2023-01-16,1,4,all,kontantlonn,48482.30642014938,1.0036253910870554
2023-02-16,1,4,all,kontantlonn,48793.66219114065,1.0100707230133115
2023-03-16,1,4,all,kontantlonn,50215.41045126,1.0395021333349252
2023-04-16,1,4,all,kontantlonn,48737.03993029495,1.0088985935730777
2023-05-16,1,4,all,kontantlonn,50874.39849830219,1.0531437520051035
2023-06-16,1,4,all,kontantlonn,59272.926688117564,1.2270005001971822
2023-07-16,1,4,all,kontantlonn,50650.406181978244,1.0485069186390719
2023-08-16,1,4,all,kontantlonn,49922.582404199224,1.0334403412100668
2023-09-16,1,4,all,kontantlonn,51237.38834960628,1.0606579537495215
2023-10-16,1,4,all,kontantlonn,52268.626190586045,1.0820054629312825
2023-11-16,1,4,all,kontantlonn,52672.29386156604,1.0903617304868236
2023-12-16,1,4,all,kontantlonn,53227.56358958325,1.1018562908551082
2024-01-16,1,4,all,kontantlonn,51875.41725550053,1.0738657001932186
2024-02-16,1,4,all,kontantlonn,52283.8205833586,1.0823199999142499
2024-03-16,1,4,all,kontantlonn,53194.34392004396,1.1011686151586546
2024-04-16,1,4,all,kontantlonn,52577.886530920434,1.0884074176428846
2024-05-16,1,4,all,kontantlonn,52856.978575510104,1.0941848627168298
2024-06-16,1,4,all,kontantlonn,62653.47629359985,1.2969807810544742
2024-07-16,1,4,all,kontantlonn,53178.97768476315,1.1008505208881472
2024-08-16,1,4,all,kontantlonn,52673.28854254687,1.0903823212375965
2024-09-16,1,4,all,kontantlonn,53991.1355731553,1.1176628868531302
2024-10-16,1,4,all,kontantlonn,54877.72403751554,1.1360160296794173
2024-11-16,1,4,all,kontantlonn,54874.92776790085,1.135958144496289
2024-12-16,1,4,all,kontantlonn,55327.22077353777,1.145320998250285
2025-01-16,1,4,all,kontantlonn,54537.69010270575,1.1289770351264579
2025-02-16,1,4,all,kontantlonn,55298.80037189079,1.1447326715219606
2025-03-16,1,4,all,kontantlonn,57604.452538161735,1.1924616520088023
2025-04-16,1,4,all,kontantlonn,55732.58245367406,1.1537123332505814
2025-05-16,1,4,all,kontantlonn,56529.69158774576,1.170213177073665
2025-06-16,1,4,all,kontantlonn,65730.928359346,1.3606866824666337
2025-07-16,1,4,all,kontantlonn,56564.35522342134,1.170930744109563
2025-08-16,1,4,all,kontantlonn,55451.19898035669,1.1478874536335462
2025-09-16,1,4,all,kontantlonn,56705.029529553765,1.1738428230912135
2025-10-16,1,4,all,kontantlonn,57006.37398831266,1.1800809122541525
2025-11-16,1,4,all,kontantlonn,57935.91309510351,1.1993231702750282
2025-12-16,1,4,all,kontantlonn,58760.84470666193,1.216399963282679
2026-01-16,1,4,all,kontantlonn,57290.32089122459,1.1859588570658808
2026-02-16,1,4,all,kontantlonn,57637.21824444216,1.1931399302758252
2021-01-16,1,4,1,ny_jobb,0.026087042165984512,3.8047908964736488
2021-02-16,1,4,1,ny_jobb,0.010600842198345818,1.5461311265028075
2021-03-16,1,4,1,ny_jobb,0.008109331105300849,1.1827446350422548
2021-04-16,1,4,1,ny_jobb,0.008885210355814042,1.2959064987112854
2021-05-16,1,4,1,ny_jobb,0.009334885457007957,1.3614915397637501
2021-06-16,1,4,1,ny_jobb,0.00586032720977522,0.8547277792644333
2021-07-16,1,4,1,ny_jobb,0.00806900303425122,1.176862792377775
2021-08-16,1,4,1,ny_jobb,0.0069646254298902635,1.0157894967313665
2021-09-16,1,4,1,ny_jobb,0.012153185802368807,1.772540191018645
2021-10-16,1,4,1,ny_jobb,0.008491354030530373,1.2384626171311863
2021-11-16,1,4,1,ny_jobb,0.008784119740930412,1.2811624488193554
2021-12-16,1,4,1,ny_jobb,0.0061515516848543615,0.8972028220293906
2022-01-16,1,4,1,ny_jobb,0.04027307490608264,5.873821485805143
2022-02-16,1,4,1,ny_jobb,0.00824610013504913,1.2026923759932902
2022-03-16,1,4,1,ny_jobb,0.007891264773375768,1.1509396956682612
2022-04-16,1,4,1,ny_jobb,0.006102017267141134,0.8899782351874542
2022-05-16,1,4,1,ny_jobb,0.008834350932170908,1.288488659967972
2022-06-16,1,4,1,ny_jobb,0.00722085316827031,1.0531602710878254
2022-07-16,1,4,1,ny_jobb,0.0045290692986103285,0.6605640274281566
2022-08-16,1,4,1,ny_jobb,0.007738581498543631,1.1286708646360262
2022-09-16,1,4,1,ny_jobb,0.008960177591421497,1.3068404579450754
2022-10-16,1,4,1,ny_jobb,0.006856366847955421,1.0
2022-11-16,1,4,1,ny_jobb,0.006680326724537783,0.9743245763650856
2022-12-16,1,4,1,ny_jobb,0.007399215446886848,1.0791743806843277
2023-01-16,1,4,1,ny_jobb,0.029971035466728288,4.371270693554808
2023-02-16,1,4,1,ny_jobb,0.010306459146216425,1.503195405784016
2023-03-16,1,4,1,ny_jobb,0.007598368363565081,1.1082208014921089
2023-04-16,1,4,1,ny_jobb,0.006485729515529075,0.9459426047868383
2023-05-16,1,4,1,ny_jobb,0.019104195619968678,2.786343852891357
2023-06-16,1,4,1,ny_jobb,0.006825461474318671,0.9954924562348985
2023-07-16,1,4,1,ny_jobb,0.005194241348260925,0.7575792636897566
2023-08-16,1,4,1,ny_jobb,0.006611120147005529,0.9642308081833421
2023-09-16,1,4,1,ny_jobb,0.01147487215126377,1.6736082543024362
2023-10-16,1,4,1,ny_jobb,0.0092647217275011,1.3512581711207377
2023-11-16,1,4,1,ny_jobb,0.005773204008090989,0.8420208743370503
2023-12-16,1,4,1,ny_jobb,0.00758727919411147,1.1066034479141102
2024-01-16,1,4,1,ny_jobb,0.047185250865778836,6.881961235759949
2024-02-16,1,4,1,ny_jobb,0.0076049281415693564,1.109177544057048
2024-03-16,1,4,1,ny_jobb,0.00988837518510178,1.442217927421796
2024-04-16,1,4,1,ny_jobb,0.0070175864724347295,1.023513856252803
2024-05-16,1,4,1,ny_jobb,0.014223137330669742,2.074442287887659
2024-06-16,1,4,1,ny_jobb,0.0074910942196607724,1.0925748848888719
2024-07-16,1,4,1,ny_jobb,0.005354205094024496,0.7809099502342306
2024-08-16,1,4,1,ny_jobb,0.007258724579290321,1.0586838102828298
2024-09-16,1,4,1,ny_jobb,0.01184230203081536,1.7271978430306354
2024-10-16,1,4,1,ny_jobb,0.008681372626141654,1.266176798683176
2024-11-16,1,4,1,ny_jobb,0.007568910623037928,1.1039243947827835
2024-12-16,1,4,1,ny_jobb,0.0074680960246852005,1.0892206018574104
2025-01-16,1,4,1,ny_jobb,0.0462110829620827,6.739879003974665
2025-02-16,1,4,1,ny_jobb,0.006908610283084546,1.007619696595538
2025-03-16,1,4,1,ny_jobb,0.006372711334007377,0.9294589212226485
2025-04-16,1,4,1,ny_jobb,0.012137251436766756,1.7702161663631086
2025-05-16,1,4,1,ny_jobb,0.008927706443400187,1.302104546238281
2025-06-16,1,4,1,ny_jobb,0.007548191764529792,1.1009025526078253
2025-07-16,1,4,1,ny_jobb,0.0054447432151216975,0.7941149206077455
2025-08-16,1,4,1,ny_jobb,0.006059687579456618,0.883804457059299
2025-09-16,1,4,1,ny_jobb,0.012964521011171577,1.890873300491151
2025-10-16,1,4,1,ny_jobb,0.009023359430171048,1.3160555189461351
2025-11-16,1,4,1,ny_jobb,0.009084252776098926,1.324936803637901
2025-12-16,1,4,1,ny_jobb,0.006686651719406464,0.975247075847529
2026-01-16,1,4,1,ny_jobb,0.05729481736275752,8.356439880378181
2026-02-16,1,4,1,ny_jobb,0.009690873005746283,1.4134122663865507
2021-01-16,1,4,2,ny_jobb,0.05223259056858664,6.85371542649413
2021-02-16,1,4,2,ny_jobb,0.010123062638682704,1.3283007757197556
2021-03-16,1,4,2,ny_jobb,0.007437358394009633,0.9758952677343479
2021-04-16,1,4,2,ny_jobb,0.00866942532040425,1.137561308188839
2021-05-16,1,4,2,ny_jobb,0.008009510439260304,1.0509703742176373
2021-06-16,1,4,2,ny_jobb,0.004663480789982856,0.6119200652989821
2021-07-16,1,4,2,ny_jobb,0.004933005737743853,0.6472858641649019
2021-08-16,1,4,2,ny_jobb,0.021100107146507587,2.7686570448924073
2021-09-16,1,4,2,ny_jobb,0.012012199264754891,1.576184418784798
2021-10-16,1,4,2,ny_jobb,0.0072069707907671384,0.9456648875592981
2021-11-16,1,4,2,ny_jobb,0.00792763590160568,1.0402271815930297
2021-12-16,1,4,2,ny_jobb,0.005657006496531649,0.7422858462695927
2022-01-16,1,4,2,ny_jobb,0.032662790820786984,4.285858137302725
2022-02-16,1,4,2,ny_jobb,0.0074012179213362025,0.9711530845037951
2022-03-16,1,4,2,ny_jobb,0.005981216651397386,0.7848271813946729
2022-04-16,1,4,2,ny_jobb,0.006684194984474741,0.8770686994479823
2022-05-16,1,4,2,ny_jobb,0.005683261414369959,0.7457308933838742
2022-06-16,1,4,2,ny_jobb,0.006612981762529229,0.8677244346411771
2022-07-16,1,4,2,ny_jobb,0.004697594613832647,0.6163963211811981
2022-08-16,1,4,2,ny_jobb,0.021054092414455074,2.7626192076823193
2022-09-16,1,4,2,ny_jobb,0.009624125033197097,1.2628325244545902
2022-10-16,1,4,2,ny_jobb,0.007621062054411134,1.0
2022-11-16,1,4,2,ny_jobb,0.006248240079657258,0.8198647426103458
2022-12-16,1,4,2,ny_jobb,0.006951070361755947,0.9120868341089823
2023-01-16,1,4,2,ny_jobb,0.02934593544677132,3.850635939880013
2023-02-16,1,4,2,ny_jobb,0.010042767354253633,1.3177648052925637
2023-03-16,1,4,2,ny_jobb,0.006223776574188438,0.8166547562207639
2023-04-16,1,4,2,ny_jobb,0.02882204854870729,3.78189395952036
2023-05-16,1,4,2,ny_jobb,0.016380400001268995,2.14935922110592
2023-06-16,1,4,2,ny_jobb,0.005183429644123975,0.6801453140148312
2023-07-16,1,4,2,ny_jobb,0.005066556310119279,0.6648097435693644
2023-08-16,1,4,2,ny_jobb,0.023236859259921788,3.049031630240053
2023-09-16,1,4,2,ny_jobb,0.012075741093442513,1.584522079367268
2023-10-16,1,4,2,ny_jobb,0.008203265501025571,1.076394004202794
2023-11-16,1,4,2,ny_jobb,0.006616567548200091,0.8681949446101631
2023-12-16,1,4,2,ny_jobb,0.00651919811396027,0.8554185843673723
2024-01-16,1,4,2,ny_jobb,0.04576196380836931,6.0046701472378
2024-02-16,1,4,2,ny_jobb,0.008023644401656232,1.0528249664378577
2024-03-16,1,4,2,ny_jobb,0.008442754320802421,1.1078186033028934
2024-04-16,1,4,2,ny_jobb,0.0071883236729939105,0.9432181002690103
2024-05-16,1,4,2,ny_jobb,0.011135431314750678,1.4611390427276993
2024-06-16,1,4,2,ny_jobb,0.005353322925867265,0.7024379131998691
2024-07-16,1,4,2,ny_jobb,0.005702641488264186,0.7482738557368719
2024-08-16,1,4,2,ny_jobb,0.022565779636966682,2.960975711240328
2024-09-16,1,4,2,ny_jobb,0.011093201793137986,1.4555978830689549
2024-10-16,1,4,2,ny_jobb,0.007243684566487252,0.9504822969253409
2024-11-16,1,4,2,ny_jobb,0.006470965353821168,0.8490897079201343
2024-12-16,1,4,2,ny_jobb,0.007382808307430328,0.968737461356465
2025-01-16,1,4,2,ny_jobb,0.03559056455214974,4.670026867390435
2025-02-16,1,4,2,ny_jobb,0.00785948866138707,1.0312852205209289
2025-03-16,1,4,2,ny_jobb,0.006740140415643557,0.884409596395073
2025-04-16,1,4,2,ny_jobb,0.00954270595943797,1.2521490956650292
2025-05-16,1,4,2,ny_jobb,0.006110743157116329,0.8018230416559041
2025-06-16,1,4,2,ny_jobb,0.005968642505009207,0.7831772609113591
2025-07-16,1,4,2,ny_jobb,0.004583787626967888,0.6014631024182192
2025-08-16,1,4,2,ny_jobb,0.023217618428420465,3.04650693862044
2025-09-16,1,4,2,ny_jobb,0.010460211666758123,1.3725398890701415
2025-10-16,1,4,2,ny_jobb,0.007981610215884064,1.047309437831469
2025-11-16,1,4,2,ny_jobb,0.008679627839522452,1.1389000348709417
2025-12-16,1,4,2,ny_jobb,0.00744978041716666,0.9775252273211271
2026-01-16,1,4,2,ny_jobb,0.05937104666233511,7.79039013702436
2026-02-16,1,4,2,ny_jobb,0.007622158330139676,1.0001438481566893
2021-01-16,1,4,3,ny_jobb,0.037848301241252505,4.952096315670018
2021-02-16,1,4,3,ny_jobb,0.007826365872818814,1.0240067937746375
2021-03-16,1,4,3,ny_jobb,0.006916555025360518,0.9049665516000658
2021-04-16,1,4,3,ny_jobb,0.0076658002077502055,1.0029982778747824
2021-05-16,1,4,3,ny_jobb,0.0059572501909765435,0.7794504840313723
2021-06-16,1,4,3,ny_jobb,0.005309699611813916,0.6947245456902856
2021-07-16,1,4,3,ny_jobb,0.004364839200526505,0.5710983958207385
2021-08-16,1,4,3,ny_jobb,0.02172440301428157,2.8424349996954903
2021-09-16,1,4,3,ny_jobb,0.010797563410193847,1.4127602092628255
2021-10-16,1,4,3,ny_jobb,0.007428122024031264,0.9719003099525961
2021-11-16,1,4,3,ny_jobb,0.007813641757062065,1.0223419622051173
2021-12-16,1,4,3,ny_jobb,0.005380198821775895,0.7039487081086994
2022-01-16,1,4,3,ny_jobb,0.044352965776903445,5.803170848086746
2022-02-16,1,4,3,ny_jobb,0.006905624007207423,0.9035363300855672
2022-03-16,1,4,3,ny_jobb,0.006917595183417257,0.9051026465557591
2022-04-16,1,4,3,ny_jobb,0.0060785805884165985,0.7953254320326526
2022-05-16,1,4,3,ny_jobb,0.006448020141186667,0.8436631430562951
2022-06-16,1,4,3,ny_jobb,0.005937038736854316,0.7768060042473252
2022-07-16,1,4,3,ny_jobb,0.004086748846635471,0.5347128733068202
2022-08-16,1,4,3,ny_jobb,0.021882368818475436,2.8631033481099677
2022-09-16,1,4,3,ny_jobb,0.009564956440651676,1.2514851128290134
2022-10-16,1,4,3,ny_jobb,0.007642884715607885,1.0
2022-11-16,1,4,3,ny_jobb,0.006365873008373197,0.8329149588470379
2022-12-16,1,4,3,ny_jobb,0.005749977468152087,0.7523307863599976
2023-01-16,1,4,3,ny_jobb,0.027403293455937613,3.5854647133399893
2023-02-16,1,4,3,ny_jobb,0.007358251696418249,0.96275843090916
2023-03-16,1,4,3,ny_jobb,0.006742242714312498,0.8821594156122563
2023-04-16,1,4,3,ny_jobb,0.02178169093001096,2.849930587796198
2023-05-16,1,4,3,ny_jobb,0.02252498505634363,2.9471836740313933
2023-06-16,1,4,3,ny_jobb,0.006777318405910872,0.8867487418815305
2023-07-16,1,4,3,ny_jobb,0.004722493892200939,0.617894167964737
2023-08-16,1,4,3,ny_jobb,0.02320799072109547,3.03654857879792
2023-09-16,1,4,3,ny_jobb,0.01135094642015127,1.4851652016902703
2023-10-16,1,4,3,ny_jobb,0.008356932908509432,1.0934265293107661
2023-11-16,1,4,3,ny_jobb,0.006314347980322365,0.8261733907130047
2023-12-16,1,4,3,ny_jobb,0.007238047307733324,0.9470308106247077
2024-01-16,1,4,3,ny_jobb,0.06449193824873402,8.438167085921377
2024-02-16,1,4,3,ny_jobb,0.0061321091358785725,0.8023291419476616
2024-03-16,1,4,3,ny_jobb,0.009346807891641582,1.2229424149960075
2024-04-16,1,4,3,ny_jobb,0.005470706614286272,0.7157908064626817
2024-05-16,1,4,3,ny_jobb,0.00971067205054788,1.2705506378654738
2024-06-16,1,4,3,ny_jobb,0.005874161733735481,0.7685791363226487
2024-07-16,1,4,3,ny_jobb,0.004544249941825465,0.594572613733849
2024-08-16,1,4,3,ny_jobb,0.019967112160052897,2.6125099230238473
2024-09-16,1,4,3,ny_jobb,0.009797031571564337,1.2818499736830218
2024-10-16,1,4,3,ny_jobb,0.007672498342585607,1.0038746661868714
2024-11-16,1,4,3,ny_jobb,0.0050114009098168495,0.6556949497854963
2024-12-16,1,4,3,ny_jobb,0.005858912315006647,0.7665838924721569
2025-01-16,1,4,3,ny_jobb,0.03547140683755511,4.641101908173144
2025-02-16,1,4,3,ny_jobb,0.006016332817648788,0.7871808932774504
2025-03-16,1,4,3,ny_jobb,0.006225892545050332,0.8145998241130279
2025-04-16,1,4,3,ny_jobb,0.007470826123585214,0.9774877420731857
2025-05-16,1,4,3,ny_jobb,0.007101578217871872,0.929175106274914
2025-06-16,1,4,3,ny_jobb,0.0067193016385959006,0.8791577903659997
2025-07-16,1,4,3,ny_jobb,0.003938693989581071,0.5153412796529148
2025-08-16,1,4,3,ny_jobb,0.018660071867025875,2.4414959222032078
2025-09-16,1,4,3,ny_jobb,0.009636764021242944,1.2608804633103083
2025-10-16,1,4,3,ny_jobb,0.006223777929364665,0.8143231464233397
2025-11-16,1,4,3,ny_jobb,0.009895173430095333,1.2946909181932242
2025-12-16,1,4,3,ny_jobb,0.005374472985417142,0.703199535960772
2026-01-16,1,4,3,ny_jobb,0.05954683384362979,7.791146413869945
2026-02-16,1,4,3,ny_jobb,0.007741994822488842,1.0129676307531579
2021-01-16,1,4,4,ny_jobb,0.03100394603541862,3.04725396209675
2021-02-16,1,4,4,ny_jobb,0.008505167005399265,0.8359388777767081
2021-03-16,1,4,4,ny_jobb,0.007704989344271014,0.7572926130248333
2021-04-16,1,4,4,ny_jobb,0.007615246144247518,0.7484721125140134
2021-05-16,1,4,4,ny_jobb,0.02951861913079636,2.901267116101455
2021-06-16,1,4,4,ny_jobb,0.007699573670923972,0.7567603281329249
2021-07-16,1,4,4,ny_jobb,0.004341512158813264,0.42670988113324215
2021-08-16,1,4,4,ny_jobb,0.01646665672321021,1.6184418875251045
2021-09-16,1,4,4,ny_jobb,0.012278403913309442,1.2067952553624437
2021-10-16,1,4,4,ny_jobb,0.009080258268065886,0.8924622998832393
2021-11-16,1,4,4,ny_jobb,0.013449761107664673,1.3219232731783641
2021-12-16,1,4,4,ny_jobb,0.0058943896803020125,0.5793360073238167
2022-01-16,1,4,4,ny_jobb,0.043720301758978085,4.297093750805602
2022-02-16,1,4,4,ny_jobb,0.008363963229899286,0.8220605229420113
2022-03-16,1,4,4,ny_jobb,0.008901146856423686,0.8748581549734294
2022-04-16,1,4,4,ny_jobb,0.007441808363480945,0.731425606110782
2022-05-16,1,4,4,ny_jobb,0.008528115851871267,0.8381944281914028
2022-06-16,1,4,4,ny_jobb,0.008184251509763795,0.8043973761092664
2022-07-16,1,4,4,ny_jobb,0.004967379735719719,0.4882239042610512
2022-08-16,1,4,4,ny_jobb,0.015442560597127114,1.5177875716451321
2022-09-16,1,4,4,ny_jobb,0.010966659074140704,1.0778690969356899
2022-10-16,1,4,4,ny_jobb,0.010174388620397583,1.0
2022-11-16,1,4,4,ny_jobb,0.006812320527392967,0.6695557621748051
2022-12-16,1,4,4,ny_jobb,0.006691029742680391,0.6576345756310344
2023-01-16,1,4,4,ny_jobb,0.05759200404810498,5.660487936606304
2023-02-16,1,4,4,ny_jobb,0.00868393267179576,0.8535090407679374
2023-03-16,1,4,4,ny_jobb,0.008327634787560855,0.8184899455153146
2023-04-16,1,4,4,ny_jobb,0.016000105895959515,1.5725864710811766
2023-05-16,1,4,4,ny_jobb,0.015405086309273506,1.5141043736416198
2023-06-16,1,4,4,ny_jobb,0.007896683095427369,0.7761334258056668
2023-07-16,1,4,4,ny_jobb,0.005490974974443651,0.5396859879556164
2023-08-16,1,4,4,ny_jobb,0.016263943205005925,1.5985179858768144
2023-09-16,1,4,4,ny_jobb,0.01177944271003959,1.1577543525735001
2023-10-16,1,4,4,ny_jobb,0.00893238770047257,0.8779286926946104
2023-11-16,1,4,4,ny_jobb,0.005662883424818038,0.5565821825859006
2023-12-16,1,4,4,ny_jobb,0.007899434521116001,0.7764038524417318
2024-01-16,1,4,4,ny_jobb,0.042152479765974485,4.142998792228884
2024-02-16,1,4,4,ny_jobb,0.006206888659584135,0.6100502832318183
2024-03-16,1,4,4,ny_jobb,0.0077615090768160784,0.7628477116802702
2024-04-16,1,4,4,ny_jobb,0.007413688050450463,0.728661772913561
2024-05-16,1,4,4,ny_jobb,0.010836742252554604,1.0651000916978084
2024-06-16,1,4,4,ny_jobb,0.00677529368794635,0.6659165420871836
2024-07-16,1,4,4,ny_jobb,0.004876279181963155,0.4792699948758794
2024-08-16,1,4,4,ny_jobb,0.013203593547515938,1.297728447392447
2024-09-16,1,4,4,ny_jobb,0.011209518464383532,1.101738775921211
2024-10-16,1,4,4,ny_jobb,0.007973437768072569,0.7836773358634489
2024-11-16,1,4,4,ny_jobb,0.0058430534346278346,0.5742903728793786
2024-12-16,1,4,4,ny_jobb,0.006108534963842745,0.6003834915049708
2025-01-16,1,4,4,ny_jobb,0.029500268719219805,2.899463527476998
2025-02-16,1,4,4,ny_jobb,0.006734042862915099,0.6618621633357615
2025-03-16,1,4,4,ny_jobb,0.006967965059502713,0.6848534412705013
2025-04-16,1,4,4,ny_jobb,0.008885119665628197,0.8732829064358065
2025-05-16,1,4,4,ny_jobb,0.008008039564599273,0.7870782081730965
2025-06-16,1,4,4,ny_jobb,0.006680598101182803,0.6566092912737341
2025-07-16,1,4,4,ny_jobb,0.005273155780845708,0.5182774098361155
2025-08-16,1,4,4,ny_jobb,0.013538579196891845,1.3306528482458142
2025-09-16,1,4,4,ny_jobb,0.011466664175220182,1.1270126002688603
2025-10-16,1,4,4,ny_jobb,0.007072646295326993,0.6951421416268466
2025-11-16,1,4,4,ny_jobb,0.00763993837443554,0.7508990131474843
2025-12-16,1,4,4,ny_jobb,0.005937514303560711,0.5835745542151988
2026-01-16,1,4,4,ny_jobb,0.04319261799819706,4.245229822616038
2026-02-16,1,4,4,ny_jobb,0.008601266344595444,0.8453840978072777
2021-01-16,1,4,5,ny_jobb,0.036664031242629104,3.5503939363538404
2021-02-16,1,4,5,ny_jobb,0.0074321442362892745,0.7196982692931074
2021-03-16,1,4,5,ny_jobb,0.007523173127705567,0.7285131326118373
2021-04-16,1,4,5,ny_jobb,0.007728237547541154,0.748370727318981
2021-05-16,1,4,5,ny_jobb,0.017857993467205235,1.7292946130728166
2021-06-16,1,4,5,ny_jobb,0.007245247760450688,0.7015999835330924
2021-07-16,1,4,5,ny_jobb,0.00604186665836444,0.5850695087553427
2021-08-16,1,4,5,ny_jobb,0.009304383705907453,0.9009982364556396
2021-09-16,1,4,5,ny_jobb,0.011167185806363026,1.0813843276172401
2021-10-16,1,4,5,ny_jobb,0.009992274561603441,0.9676107566876391
2021-11-16,1,4,5,ny_jobb,0.01581461989066241,1.5314227231037671
2021-12-16,1,4,5,ny_jobb,0.0063857787694673014,0.618372542614821
2022-01-16,1,4,5,ny_jobb,0.031083095507840372,3.0099590817998183
2022-02-16,1,4,5,ny_jobb,0.009261006251787671,0.8967977422693298
2022-03-16,1,4,5,ny_jobb,0.007654892265264996,0.7412682719525711
2022-04-16,1,4,5,ny_jobb,0.008189158792212409,0.793004444255017
2022-05-16,1,4,5,ny_jobb,0.009076602687439142,0.8789408598012659
2022-06-16,1,4,5,ny_jobb,0.007789225010246679,0.7542765022827429
2022-07-16,1,4,5,ny_jobb,0.0057951940551099965,0.5611827487571426
2022-08-16,1,4,5,ny_jobb,0.01058332597272677,1.0248457435399787
2022-09-16,1,4,5,ny_jobb,0.00993401310407776,0.9619689568497148
2022-10-16,1,4,5,ny_jobb,0.01032675018600389,1.0
2022-11-16,1,4,5,ny_jobb,0.006870609709047626,0.6653215760326554
2022-12-16,1,4,5,ny_jobb,0.005539425841528462,0.5364152072775217
2023-01-16,1,4,5,ny_jobb,0.037376577357343455,3.6193939704284595
2023-02-16,1,4,5,ny_jobb,0.009425031154458328,0.9126812389857475
2023-03-16,1,4,5,ny_jobb,0.00817985299088977,0.7921033087423897
2023-04-16,1,4,5,ny_jobb,0.01992157966761436,1.9291238103749804
2023-05-16,1,4,5,ny_jobb,0.018075865727622795,1.7503924663657964
2023-06-16,1,4,5,ny_jobb,0.006989984103029929,0.6768813011961531
2023-07-16,1,4,5,ny_jobb,0.004955582564883042,0.4798782265111313
2023-08-16,1,4,5,ny_jobb,0.009876768165085459,0.9564255924842354
2023-09-16,1,4,5,ny_jobb,0.010662078772629865,1.0324718406648836
2023-10-16,1,4,5,ny_jobb,0.011439694259988913,1.1077729250673096
2023-11-16,1,4,5,ny_jobb,0.005982164104278321,0.579288159055702
2023-12-16,1,4,5,ny_jobb,0.008423284530435489,0.8156762174659539
2024-01-16,1,4,5,ny_jobb,0.045679677003876026,4.423431978221655
2024-02-16,1,4,5,ny_jobb,0.0069094095421334935,0.6690787922320416
2024-03-16,1,4,5,ny_jobb,0.008270283232081581,0.800860201236446
2024-04-16,1,4,5,ny_jobb,0.007725641035858862,0.748119291810663
2024-05-16,1,4,5,ny_jobb,0.010310708828991317,0.9984466209868895
2024-06-16,1,4,5,ny_jobb,0.005734573864941188,0.5553125389547433
2024-07-16,1,4,5,ny_jobb,0.00485858861984145,0.4704857319417313
2024-08-16,1,4,5,ny_jobb,0.008952505838907329,0.8669238315690923
2024-09-16,1,4,5,ny_jobb,0.010315077208780945,0.9988696369126111
2024-10-16,1,4,5,ny_jobb,0.008854212090592319,0.8574054693985587
2024-11-16,1,4,5,ny_jobb,0.005596168033965322,0.5419098877350546
2024-12-16,1,4,5,ny_jobb,0.00662240084707205,0.641286051060629
2025-01-16,1,4,5,ny_jobb,0.0351066883883938,3.3995872618255834
2025-02-16,1,4,5,ny_jobb,0.007069660652352777,0.6845968504142251
2025-03-16,1,4,5,ny_jobb,0.006879551025700115,0.6661874163494482
2025-04-16,1,4,5,ny_jobb,0.00776007087889887,0.7514533361537392
2025-05-16,1,4,5,ny_jobb,0.009075784539266066,0.8788616336983449
2025-06-16,1,4,5,ny_jobb,0.0064444324446803715,0.6240523231998656
2025-07-16,1,4,5,ny_jobb,0.006362054229990214,0.6160751558232589
2025-08-16,1,4,5,ny_jobb,0.008103118706014184,0.7846726763078427
2025-09-16,1,4,5,ny_jobb,0.01060651671736848,1.0270914398359094
2025-10-16,1,4,5,ny_jobb,0.008903164489487112,0.8621458182995265
2025-11-16,1,4,5,ny_jobb,0.00866098079400334,0.8386937456608362
2025-12-16,1,4,5,ny_jobb,0.005462227088106608,0.5289395976199468
2026-01-16,1,4,5,ny_jobb,0.04746200228409284,4.596025025222293
2026-02-16,1,4,5,ny_jobb,0.009387061297709446,0.9090043942800099
2021-01-16,1,4,all,ny_jobb,0.036663677308435325,4.3333295107063385
2021-02-16,1,4,all,ny_jobb,0.008699777545517257,1.0282384512995033
2021-03-16,1,4,all,ny_jobb,0.007448736590931134,0.880376232188083
2021-04-16,1,4,all,ny_jobb,0.00802838316081698,0.9488854427054946
2021-05-16,1,4,all,ny_jobb,0.013222363086434137,1.5627689410886432
2021-06-16,1,4,all,ny_jobb,0.0060799249257771915,0.7185945338245645
2021-07-16,1,4,all,ny_jobb,0.005372689921648807,0.635005474041711
2021-08-16,1,4,all,ny_jobb,0.015948163291628965,1.8849349466993943
2021-09-16,1,4,all,ny_jobb,0.011547467277084453,1.364810744561981
2021-10-16,1,4,all,ny_jobb,0.008334095377432236,0.9850179822458628
2021-11-16,1,4,all,ny_jobb,0.010456051028431645,1.2358147849105607
2021-12-16,1,4,all,ny_jobb,0.005825772556730281,0.6885559222651746
2022-01-16,1,4,all,ny_jobb,0.03933089661266309,4.648571760557709
2022-02-16,1,4,all,ny_jobb,0.00789630340633906,0.9332747582389276
2022-03-16,1,4,all,ny_jobb,0.007424687137462867,0.8775337948200663
2022-04-16,1,4,all,ny_jobb,0.0068080110034232175,0.8046480101318105
2022-05-16,1,4,all,ny_jobb,0.007574992649594808,0.8952986061853824
2022-06-16,1,4,all,ny_jobb,0.006995625161336226,0.826822380702209
2022-07-16,1,4,all,ny_jobb,0.004725005282481341,0.5584547522762805
2022-08-16,1,4,all,ny_jobb,0.01618442617572565,1.9128591758848068
2022-09-16,1,4,all,ny_jobb,0.00979536107621869,1.1577269476413607
2022-10-16,1,4,all,ny_jobb,0.008460856073338189,1.0
2022-11-16,1,4,all,ny_jobb,0.0065721561403280105,0.7767720054993205
2022-12-16,1,4,all,ny_jobb,0.006339426559458852,0.7492653821917175
2023-01-16,1,4,all,ny_jobb,0.03547349809625469,4.192660623082647
2023-02-16,1,4,all,ny_jobb,0.00887118017184162,1.0484967590686767
2023-03-16,1,4,all,ny_jobb,0.007350645522808538,0.868782716440699
2023-04-16,1,4,all,ny_jobb,0.019009951368968665,2.2468118124444567
2023-05-16,1,4,all,ny_jobb,0.01891595198826338,2.235701898755995
2023-06-16,1,4,all,ny_jobb,0.006780325481350771,0.8013758209074022
2023-07-16,1,4,all,ny_jobb,0.005034946185864837,0.5950870860137825
2023-08-16,1,4,all,ny_jobb,0.01682217572150487,1.9882356555520233
2023-09-16,1,4,all,ny_jobb,0.011435436295548404,1.3515696516317892
2023-10-16,1,4,all,ny_jobb,0.009148802999679819,1.0813093758336683
2023-11-16,1,4,all,ny_jobb,0.006094227620506641,0.7202849886208019
2023-12-16,1,4,all,ny_jobb,0.0075177383341927554,0.8885316413645917
2024-01-16,1,4,all,ny_jobb,0.05131541688206995,6.065038388228214
2024-02-16,1,4,all,ny_jobb,0.006811397618543418,0.8050482787442116
2024-03-16,1,4,all,ny_jobb,0.008804471278997729,1.040612344977991
2024-04-16,1,4,all,ny_jobb,0.006748832989460646,0.7976536807814918
2024-05-16,1,4,all,ny_jobb,0.010958537955565622,1.295204393098958
2024-06-16,1,4,all,ny_jobb,0.0061885626147197385,0.7314345689227724
2024-07-16,1,4,all,ny_jobb,0.004967772753636373,0.5871477673861863
2024-08-16,1,4,all,ny_jobb,0.015071027912152833,1.7812651322180728
2024-09-16,1,4,all,ny_jobb,0.01067410557468832,1.2615869460685558
2024-10-16,1,4,all,ny_jobb,0.008036986068449822,0.9499022319710574
2024-11-16,1,4,all,ny_jobb,0.005898639181955195,0.6971681270578469
2024-12-16,1,4,all,ny_jobb,0.006526652996798229,0.7713939275441628
2025-01-16,1,4,all,ny_jobb,0.03596477685233884,4.250725522405573
2025-02-16,1,4,all,ny_jobb,0.006759960247286638,0.798968826403819
2025-03-16,1,4,all,ny_jobb,0.006584001951734927,0.7781720779393002
2025-04-16,1,4,all,ny_jobb,0.008812806058652355,1.041597443835882
2025-05-16,1,4,all,ny_jobb,0.007765650925949277,0.9178327652234105
2025-06-16,1,4,all,ny_jobb,0.006676531052410362,0.7891082172464103
2025-07-16,1,4,all,ny_jobb,0.004956362353532998,0.585799156795902
2025-08-16,1,4,all,ny_jobb,0.014484745271490932,1.7119715955380916
2025-09-16,1,4,all,ny_jobb,0.010798530607550432,1.2762929086548007
2025-10-16,1,4,all,ny_jobb,0.007574697879943401,0.8952637669623946
2025-11-16,1,4,all,ny_jobb,0.008940181493601033,1.0566521184272704
2025-12-16,1,4,all,ny_jobb,0.0060119291247944535,0.7105580183238451
2026-01-16,1,4,all,ny_jobb,0.05389411208741426,6.369817855340329
2026-02-16,1,4,all,ny_jobb,0.00848511245661832,1.0028668946818005
2021-01-16,1,4,1,overtid_timer,1.8255993106475792,0.6897605749610607
2021-02-16,1,4,1,overtid_timer,2.1649090588659416,0.8179609339642477
2021-03-16,1,4,1,overtid_timer,2.0666467650898808,0.7808347936021952
2021-04-16,1,4,1,overtid_timer,2.1501546843169352,0.8123863339889095
2021-05-16,1,4,1,overtid_timer,2.121588367771273,0.8015932104320945
2021-06-16,1,4,1,overtid_timer,2.325044446851243,0.8784643952901469
2021-07-16,1,4,1,overtid_timer,2.0372213889593027,0.7697170942034847
2021-08-16,1,4,1,overtid_timer,1.9176279634375852,0.7245314779139159
2021-09-16,1,4,1,overtid_timer,2.3307229769020057,0.8806098968412832
2021-10-16,1,4,1,overtid_timer,2.559817481191899,0.9671679690742108
2021-11-16,1,4,1,overtid_timer,2.6195871943819693,0.989750576054171
2021-12-16,1,4,1,overtid_timer,3.01917616875388,1.140726049753874
2022-01-16,1,4,1,overtid_timer,2.5951833454734854,0.9805301448477154
2022-02-16,1,4,1,overtid_timer,3.028228937384421,1.1441464294939259
2022-03-16,1,4,1,overtid_timer,3.791803070429789,1.432645296667545
2022-04-16,1,4,1,overtid_timer,3.7488696834784485,1.4164239070691462
2022-05-16,1,4,1,overtid_timer,3.0339549126912755,1.1463098571403068
2022-06-16,1,4,1,overtid_timer,2.758825852515334,1.042358690184543
2022-07-16,1,4,1,overtid_timer,2.546309574129687,0.9620643180772968
2022-08-16,1,4,1,overtid_timer,2.480989917723187,0.9373847931144919
2022-09-16,1,4,1,overtid_timer,2.58522090865989,0.9767660679747234
2022-10-16,1,4,1,overtid_timer,2.64671449328724,1.0
2022-11-16,1,4,1,overtid_timer,2.6405512464914813,0.9976713594113039
2022-12-16,1,4,1,overtid_timer,2.7970903307503696,1.0568160403566467
2023-01-16,1,4,1,overtid_timer,2.7091461204547884,1.023588349754343
2023-02-16,1,4,1,overtid_timer,2.670839686924381,1.0091151477419753
2023-03-16,1,4,1,overtid_timer,2.441265076629578,0.9223756785332397
2023-04-16,1,4,1,overtid_timer,2.7425648079443445,1.036214829706871
2023-05-16,1,4,1,overtid_timer,2.5571662857101347,0.9661662760361107
2023-06-16,1,4,1,overtid_timer,2.7062903958095936,1.022509380091224
2023-07-16,1,4,1,overtid_timer,2.331004918306467,0.8807164218953366
2023-08-16,1,4,1,overtid_timer,2.1142612561528966,0.7988248303756282
2023-09-16,1,4,1,overtid_timer,2.579838334481707,0.9747323865210439
2023-10-16,1,4,1,overtid_timer,2.6956136174734273,1.018475405756914
2023-11-16,1,4,1,overtid_timer,2.680061959830857,1.0125995707614834
2023-12-16,1,4,1,overtid_timer,2.903825968179511,1.097143638100888
2024-01-16,1,4,1,overtid_timer,2.6944475642487293,1.0180348394519139
2024-02-16,1,4,1,overtid_timer,2.9633483428498417,1.119632793928347
2024-03-16,1,4,1,overtid_timer,2.599912730916073,0.9823170340095734
2024-04-16,1,4,1,overtid_timer,2.2844830604450896,0.8631392113653119
2024-05-16,1,4,1,overtid_timer,2.2372002868768774,0.8452745063931157
2024-06-16,1,4,1,overtid_timer,2.572555308770179,0.9719806633072255
2024-07-16,1,4,1,overtid_timer,2.227581038599458,0.8416400953896561
2024-08-16,1,4,1,overtid_timer,1.9459785599226662,0.7352430966234463
2024-09-16,1,4,1,overtid_timer,2.317736824577101,0.8757033788326951
2024-10-16,1,4,1,overtid_timer,2.4994461071589527,0.9443580384277191
2024-11-16,1,4,1,overtid_timer,2.3568421151405086,0.8904784105418534
2024-12-16,1,4,1,overtid_timer,2.3868488888741286,0.9018157776094857
2025-01-16,1,4,1,overtid_timer,2.0102546004459856,0.7595283154055781
2025-02-16,1,4,1,overtid_timer,2.3271208255445957,0.879248907068285
2025-03-16,1,4,1,overtid_timer,1.9237237598911214,0.7268346339471778
2025-04-16,1,4,1,overtid_timer,1.9501984207795817,0.7368374736775707
2025-05-16,1,4,1,overtid_timer,2.115581714888087,0.799323735239957
2025-06-16,1,4,1,overtid_timer,2.4363493287448756,0.9205183766228259
2025-07-16,1,4,1,overtid_timer,2.2688892289294817,0.8572474419450901
2025-08-16,1,4,1,overtid_timer,1.896744811384037,0.7166412607762106
2025-09-16,1,4,1,overtid_timer,2.2886382064812714,0.8647091374176762
2025-10-16,1,4,1,overtid_timer,2.395764405693103,0.9051842999195371
2025-11-16,1,4,1,overtid_timer,2.507499466321243,0.9474008143609435
2025-12-16,1,4,1,overtid_timer,2.710804335776966,1.024214868151542
2026-01-16,1,4,1,overtid_timer,2.1904336595452385,0.8276048153666559
2026-02-16,1,4,1,overtid_timer,2.40706342464451,0.909453373512501
2021-01-16,1,4,2,overtid_timer,1.3292430691480044,0.700345476732063
2021-02-16,1,4,2,overtid_timer,1.5213664282568011,0.8015705488422068
2021-03-16,1,4,2,overtid_timer,1.5004375458480512,0.7905436355046634
2021-04-16,1,4,2,overtid_timer,1.5622711516650563,0.8231222414414464
2021-05-16,1,4,2,overtid_timer,1.5170522608116717,0.7992975201342235
2021-06-16,1,4,2,overtid_timer,1.6655554093436833,0.877540176250931
2021-07-16,1,4,2,overtid_timer,1.5661764285361148,0.8251798357637439
2021-08-16,1,4,2,overtid_timer,1.2942250311570553,0.6818953338799267
2021-09-16,1,4,2,overtid_timer,1.6295437537265864,0.8585665207123454
2021-10-16,1,4,2,overtid_timer,1.890537189941014,0.9960775423998169
2021-11-16,1,4,2,overtid_timer,1.897195084540369,0.9995854232949235
2021-12-16,1,4,2,overtid_timer,2.5455629032632263,1.3411944785839887
2022-01-16,1,4,2,overtid_timer,1.7295892295643016,0.9112780210366319
2022-02-16,1,4,2,overtid_timer,1.8888266469719985,0.9951762993849682
2022-03-16,1,4,2,overtid_timer,2.3707169398520773,1.2490724412817025
2022-04-16,1,4,2,overtid_timer,2.4056084317625204,1.2674559101167702
2022-05-16,1,4,2,overtid_timer,1.962531327542489,1.0340094826075146
2022-06-16,1,4,2,overtid_timer,1.960912908100943,1.0331567772132573
2022-07-16,1,4,2,overtid_timer,1.9687861167590313,1.0373049771919067
2022-08-16,1,4,2,overtid_timer,1.5728057648151157,0.8286726699823266
2022-09-16,1,4,2,overtid_timer,1.7107390314139628,0.9013463153038688
2022-10-16,1,4,2,overtid_timer,1.8979819436408583,1.0
2022-11-16,1,4,2,overtid_timer,1.9762611464063633,1.0412433864441006
2022-12-16,1,4,2,overtid_timer,2.3774979938190572,1.252645211818166
2023-01-16,1,4,2,overtid_timer,1.7042970686678496,0.8979522035907954
2023-02-16,1,4,2,overtid_timer,1.718600112809372,0.9054881257261163
2023-03-16,1,4,2,overtid_timer,1.6541869504851519,0.8715504149169936
2023-04-16,1,4,2,overtid_timer,1.7901466921535953,0.9431842584969987
2023-05-16,1,4,2,overtid_timer,1.7523107558511684,0.9232494343385311
2023-06-16,1,4,2,overtid_timer,1.8646608444219965,0.9824439324459838
2023-07-16,1,4,2,overtid_timer,1.85261650329895,0.9760980653720631
2023-08-16,1,4,2,overtid_timer,1.449238822698247,0.7635682876509369
2023-09-16,1,4,2,overtid_timer,1.802784222267772,0.9498426622592254
2023-10-16,1,4,2,overtid_timer,2.0440463505792463,1.0769577431586077
2023-11-16,1,4,2,overtid_timer,1.9883124716209692,1.047592933264071
2023-12-16,1,4,2,overtid_timer,2.385584558042514,1.2569058235961392
2024-01-16,1,4,2,overtid_timer,1.685123805215544,0.8878502826971088
2024-02-16,1,4,2,overtid_timer,1.8642187516033422,0.982211004614328
2024-03-16,1,4,2,overtid_timer,1.7776082981131751,0.936578087093509
2024-04-16,1,4,2,overtid_timer,1.6200426697998298,0.8535606332967196
2024-05-16,1,4,2,overtid_timer,1.686469003449924,0.8885590345579402
2024-06-16,1,4,2,overtid_timer,1.7980199347738015,0.9473324763694528
2024-07-16,1,4,2,overtid_timer,1.7841293613286386,0.9400138748981887
2024-08-16,1,4,2,overtid_timer,1.328899815088209,0.7001646246112377
2024-09-16,1,4,2,overtid_timer,1.6206098097095207,0.8538594453647644
2024-10-16,1,4,2,overtid_timer,1.8768876741920382,0.9888859482991944
2024-11-16,1,4,2,overtid_timer,1.8412441795992558,0.9701062677483835
2024-12-16,1,4,2,overtid_timer,2.1733636450572313,1.1450918447032823
2025-01-16,1,4,2,overtid_timer,1.5127972968679262,0.7970556842948461
2025-02-16,1,4,2,overtid_timer,1.7722443185840047,0.9337519382214702
2025-03-16,1,4,2,overtid_timer,1.5422345022567334,0.8125654237248948
2025-04-16,1,4,2,overtid_timer,1.640403178327956,0.8642880844172867
2025-05-16,1,4,2,overtid_timer,1.4237413509873096,0.7501342969871341
2025-06-16,1,4,2,overtid_timer,1.607956476658652,0.8471927154239115
2025-07-16,1,4,2,overtid_timer,1.5824424621465039,0.8337500087650667
2025-08-16,1,4,2,overtid_timer,1.2397991498263135,0.6532196757615266
2025-09-16,1,4,2,overtid_timer,1.5087141148986323,0.7949043561523552
2025-10-16,1,4,2,overtid_timer,1.7192843090891312,0.9058486119162256
2025-11-16,1,4,2,overtid_timer,1.7356765915461445,0.9144853023293958
2025-12-16,1,4,2,overtid_timer,1.9537568465753352,1.0293864244184985
2026-01-16,1,4,2,overtid_timer,1.392265314705319,0.73355034771014
2026-02-16,1,4,2,overtid_timer,1.4671214724437769,0.7729902159287296
2021-01-16,1,4,3,overtid_timer,1.6489950212951994,0.7052205115087843
2021-02-16,1,4,3,overtid_timer,1.7902147498604761,0.7656155084176971
2021-03-16,1,4,3,overtid_timer,1.725019848865807,0.7377338102721729
2021-04-16,1,4,3,overtid_timer,1.8833415775229485,0.8054427657418186
2021-05-16,1,4,3,overtid_timer,2.0545125159746918,0.87864690232894
2021-06-16,1,4,3,overtid_timer,2.1830948998383737,0.9336373257979819
2021-07-16,1,4,3,overtid_timer,2.1295822693682793,0.9107517475245805
2021-08-16,1,4,3,overtid_timer,1.6828030286019302,0.7196790756027006
2021-09-16,1,4,3,overtid_timer,1.9576517646679075,0.8372227696301991
2021-10-16,1,4,3,overtid_timer,2.397444904887813,1.025307717916052
2021-11-16,1,4,3,overtid_timer,2.4373107407151866,1.042357014469915
2021-12-16,1,4,3,overtid_timer,3.249423768969857,1.3896708376122466
2022-01-16,1,4,3,overtid_timer,2.238623021284736,0.9573848627546233
2022-02-16,1,4,3,overtid_timer,2.283469483023163,0.9765642079182562
2022-03-16,1,4,3,overtid_timer,2.686549137657715,1.1489480153580696
2022-04-16,1,4,3,overtid_timer,2.7120276428080095,1.159844327476985
2022-05-16,1,4,3,overtid_timer,2.493792645239823,1.0665124528341667
2022-06-16,1,4,3,overtid_timer,2.6490795221361094,1.1329235028016709
2022-07-16,1,4,3,overtid_timer,2.537591844686042,1.0852439186289373
2022-08-16,1,4,3,overtid_timer,1.977590844964741,0.8457500533541386
2022-09-16,1,4,3,overtid_timer,2.0113739291962762,0.8601979586749167
2022-10-16,1,4,3,overtid_timer,2.338268661198263,1.0
2022-11-16,1,4,3,overtid_timer,2.376988265002229,1.016559091111508
2022-12-16,1,4,3,overtid_timer,3.0372770687717012,1.2989427259463102
2023-01-16,1,4,3,overtid_timer,2.234278143623806,0.9555267025983377
2023-02-16,1,4,3,overtid_timer,2.2234425782879814,0.9508926904697776
2023-03-16,1,4,3,overtid_timer,2.072706494152497,0.8864278637213241
2023-04-16,1,4,3,overtid_timer,2.2446450559391096,0.9599602873644232
2023-05-16,1,4,3,overtid_timer,2.225297575197091,0.9516860111603775
2023-06-16,1,4,3,overtid_timer,2.5022878823783095,1.0701455841673873
2023-07-16,1,4,3,overtid_timer,2.482039979794117,1.0614862273876506
2023-08-16,1,4,3,overtid_timer,1.7707428524998714,0.7572880233499093
2023-09-16,1,4,3,overtid_timer,2.034589482035499,0.8701264811002765
2023-10-16,1,4,3,overtid_timer,2.420807326752981,1.0352990513555531
2023-11-16,1,4,3,overtid_timer,2.440683871608257,1.0437995907439954
2023-12-16,1,4,3,overtid_timer,3.0624804820253164,1.3097213903794638
2024-01-16,1,4,3,overtid_timer,2.210327626825179,0.9452838604493292
2024-02-16,1,4,3,overtid_timer,2.3773109141867668,1.0166970774729094
2024-03-16,1,4,3,overtid_timer,2.2922251294050313,0.9803087076531076
2024-04-16,1,4,3,overtid_timer,2.182602493565236,0.9334267399567102
2024-05-16,1,4,3,overtid_timer,2.2827984193764443,0.9762772162402448
2024-06-16,1,4,3,overtid_timer,2.5194426611453933,1.077482114418061
2024-07-16,1,4,3,overtid_timer,2.397880957774935,1.0254942032820658
2024-08-16,1,4,3,overtid_timer,1.7218329846978193,0.7363708941022429
2024-09-16,1,4,3,overtid_timer,1.9243000454311607,0.8229593448192728
2024-10-16,1,4,3,overtid_timer,2.2435911287980397,0.9595095576606217
2024-11-16,1,4,3,overtid_timer,2.357986038166779,1.0084324685591994
2024-12-16,1,4,3,overtid_timer,2.9201699290918275,1.2488598840457301
2025-01-16,1,4,3,overtid_timer,2.0930859075037795,0.8951434632969687
2025-02-16,1,4,3,overtid_timer,2.333950283403639,0.9981531729581445
2025-03-16,1,4,3,overtid_timer,2.2061501934495844,0.94349731066362
2025-04-16,1,4,3,overtid_timer,2.4560281898825593,1.0503618470530882
2025-05-16,1,4,3,overtid_timer,2.233377892921844,0.9551416952136428
2025-06-16,1,4,3,overtid_timer,2.4187383730567533,1.0344142284391107
2025-07-16,1,4,3,overtid_timer,2.310528279772324,0.9881363583722141
2025-08-16,1,4,3,overtid_timer,1.7976936875253897,0.7688140021532633
2025-09-16,1,4,3,overtid_timer,1.8593400829500204,0.7951781220884977
2025-10-16,1,4,3,overtid_timer,2.2153618157406543,0.9474368161806419
2025-11-16,1,4,3,overtid_timer,2.3894898952065673,1.0219056239594195
2025-12-16,1,4,3,overtid_timer,2.7651396999044437,1.182558593796244
2026-01-16,1,4,3,overtid_timer,1.9974780887656027,0.8542551683269708
2026-02-16,1,4,3,overtid_timer,2.127438264667335,0.9098348277811299
2021-01-16,1,4,4,overtid_timer,1.5662799166358057,0.8123480277637676
2021-02-16,1,4,4,overtid_timer,1.9202472863871576,0.9959325145826071
2021-03-16,1,4,4,overtid_timer,1.8286249756909725,0.9484127816136301
2021-04-16,1,4,4,overtid_timer,1.83632134754552,0.9524044898840184
2021-05-16,1,4,4,overtid_timer,2.027793010309212,1.05171089480353
2021-06-16,1,4,4,overtid_timer,2.13307377076133,1.1063145561327545
2021-07-16,1,4,4,overtid_timer,2.117702804418247,1.0983424343804395
2021-08-16,1,4,4,overtid_timer,1.2491338508164171,0.6478608385040182
2021-09-16,1,4,4,overtid_timer,1.591204387253799,0.8252750558987334
2021-10-16,1,4,4,overtid_timer,2.1266564180636705,1.10298620865665
2021-11-16,1,4,4,overtid_timer,2.091936020819014,1.0849785422585183
2021-12-16,1,4,4,overtid_timer,2.6567701809192763,1.3779286791386447
2022-01-16,1,4,4,overtid_timer,1.6967061193477255,0.8799933237395453
2022-02-16,1,4,4,overtid_timer,1.944538625228188,1.0085311701547457
2022-03-16,1,4,4,overtid_timer,1.8855439108412018,0.9779336764553493
2022-04-16,1,4,4,overtid_timer,1.992905829693769,1.0336167265350218
2022-05-16,1,4,4,overtid_timer,1.8140889878067405,0.9408737198125207
2022-06-16,1,4,4,overtid_timer,1.885161490678487,0.977735334982884
2022-07-16,1,4,4,overtid_timer,2.0848422197838516,1.0812993561698399
2022-08-16,1,4,4,overtid_timer,1.246213125236122,0.6463460098711592
2022-09-16,1,4,4,overtid_timer,1.5879499566181026,0.8235871517889236
2022-10-16,1,4,4,overtid_timer,1.928089763383143,1.0
2022-11-16,1,4,4,overtid_timer,1.9868654501277216,1.0304838954393114
2022-12-16,1,4,4,overtid_timer,2.544399599904787,1.3196478961852012
2023-01-16,1,4,4,overtid_timer,1.4835563594631949,0.7694436159756676
2023-02-16,1,4,4,overtid_timer,1.6432205646265503,0.8522531449693794
2023-03-16,1,4,4,overtid_timer,1.5898862466049308,0.8245914048188401
2023-04-16,1,4,4,overtid_timer,1.6703221965004205,0.8663093535487538
2023-05-16,1,4,4,overtid_timer,1.719959010244613,0.8920533903082752
2023-06-16,1,4,4,overtid_timer,1.8345408590380077,0.9514810429878592
2023-07-16,1,4,4,overtid_timer,1.911616282932052,0.9914560614531838
2023-08-16,1,4,4,overtid_timer,1.1612711798026227,0.6022910353328084
2023-09-16,1,4,4,overtid_timer,1.6630204908736808,0.862522338148637
2023-10-16,1,4,4,overtid_timer,2.015349689376465,1.045257190640445
2023-11-16,1,4,4,overtid_timer,2.0695178932753144,1.073351424076861
2023-12-16,1,4,4,overtid_timer,2.478008952425209,1.285214516194072
2024-01-16,1,4,4,overtid_timer,1.519322339083765,0.7879935716363484
2024-02-16,1,4,4,overtid_timer,1.7504181229753393,0.9078509497939296
2024-03-16,1,4,4,overtid_timer,1.7429913169946598,0.9039990513389281
2024-04-16,1,4,4,overtid_timer,1.5990635845687704,0.8293512132769983
2024-05-16,1,4,4,overtid_timer,1.7633286663279557,0.9145469779549643
2024-06-16,1,4,4,overtid_timer,1.902585457308229,0.9867722413347796
2024-07-16,1,4,4,overtid_timer,1.8766840040486432,0.9733385030558431
2024-08-16,1,4,4,overtid_timer,1.114115970623032,0.5778340779467324
2024-09-16,1,4,4,overtid_timer,1.528624322965027,0.7928180274567768
2024-10-16,1,4,4,overtid_timer,1.9110089362738898,0.9911410622919951
2024-11-16,1,4,4,overtid_timer,1.9544963851223844,1.0136957429268785
2024-12-16,1,4,4,overtid_timer,2.169286425490367,1.1250961789683513
2025-01-16,1,4,4,overtid_timer,1.3411764126690433,0.6955985339166647
2025-02-16,1,4,4,overtid_timer,1.4779737482175586,0.766548205527639
2025-03-16,1,4,4,overtid_timer,1.3403832782510883,0.6951871762957605
2025-04-16,1,4,4,overtid_timer,1.506264588902486,0.781221194940376
2025-05-16,1,4,4,overtid_timer,1.431354937514625,0.7423694501666162
2025-06-16,1,4,4,overtid_timer,1.592284840410973,0.8258354308240575
2025-07-16,1,4,4,overtid_timer,1.654143744436267,0.857918430900129
2025-08-16,1,4,4,overtid_timer,0.9898824987747098,0.5134006297703703
2025-09-16,1,4,4,overtid_timer,1.32987569768338,0.6897374401023216
2025-10-16,1,4,4,overtid_timer,1.6917223135992547,0.8774084825961922
2025-11-16,1,4,4,overtid_timer,1.8360656439844643,0.9522718697301688
2025-12-16,1,4,4,overtid_timer,2.0730228571242155,1.0751692667496788
2026-01-16,1,4,4,overtid_timer,1.1812156560948273,0.6126351991113705
2026-02-16,1,4,4,overtid_timer,1.3647170044663197,0.707807815996961
2021-01-16,1,4,5,overtid_timer,1.473457518151788,0.8372950010457006
2021-02-16,1,4,5,overtid_timer,1.9528971475285626,1.1097374705672574
2021-03-16,1,4,5,overtid_timer,1.8325973953436787,1.0413769105303552
2021-04-16,1,4,5,overtid_timer,1.725646069591159,0.9806016188747665
2021-05-16,1,4,5,overtid_timer,1.994229628001917,1.1332247301962746
2021-06-16,1,4,5,overtid_timer,1.9531675747353827,1.1098911413352488
2021-07-16,1,4,5,overtid_timer,1.9068055886474207,1.0835458556980404
2021-08-16,1,4,5,overtid_timer,1.118636929932195,0.6356675356288419
2021-09-16,1,4,5,overtid_timer,1.3125066418389413,0.7458343634022686
2021-10-16,1,4,5,overtid_timer,2.0076011435035013,1.1408231189845208
2021-11-16,1,4,5,overtid_timer,2.016521723537227,1.145892255336708
2021-12-16,1,4,5,overtid_timer,2.6039365804663266,1.4796918506339263
2022-01-16,1,4,5,overtid_timer,1.5613982129913644,0.8872674659933312
2022-02-16,1,4,5,overtid_timer,1.866373665229721,1.0605703393066577
2022-03-16,1,4,5,overtid_timer,1.7552810593333215,0.9974417574342258
2022-04-16,1,4,5,overtid_timer,1.9274011222766156,1.0952493063500985
2022-05-16,1,4,5,overtid_timer,1.6682294025687607,0.9479744900418554
2022-06-16,1,4,5,overtid_timer,1.681578926388294,0.9555603820154878
2022-07-16,1,4,5,overtid_timer,1.8802880278357497,1.0684772019811775
2022-08-16,1,4,5,overtid_timer,1.002189830090596,0.5694962525192081
2022-09-16,1,4,5,overtid_timer,1.2706248698699403,0.7220349678495779
2022-10-16,1,4,5,overtid_timer,1.7597830111389434,1.0
2022-11-16,1,4,5,overtid_timer,1.8778535696970207,1.0670938165732498
2022-12-16,1,4,5,overtid_timer,2.510678438413688,1.4266977363241846
2023-01-16,1,4,5,overtid_timer,1.3519520124090205,0.7682492692857786
2023-02-16,1,4,5,overtid_timer,1.603526278577725,0.9112068183564926
2023-03-16,1,4,5,overtid_timer,1.6352412504650373,0.9292289106750146
2023-04-16,1,4,5,overtid_timer,1.5961652349354576,0.9070238914867172
2023-05-16,1,4,5,overtid_timer,1.6616358705522694,0.9442277030943987
2023-06-16,1,4,5,overtid_timer,1.6459047125366375,0.9352884430174132
2023-07-16,1,4,5,overtid_timer,1.775497592376796,1.0089298402918903
2023-08-16,1,4,5,overtid_timer,0.9593470344375334,0.5451507534537667
2023-09-16,1,4,5,overtid_timer,1.3835977792015286,0.7862320356792482
2023-10-16,1,4,5,overtid_timer,2.0289392743744354,1.152948551913393
2023-11-16,1,4,5,overtid_timer,1.9107654228069433,1.085796038893615
2023-12-16,1,4,5,overtid_timer,2.5419064444428088,1.4444431093795307
2024-01-16,1,4,5,overtid_timer,1.2832767483715508,0.7292244215615
2024-02-16,1,4,5,overtid_timer,1.6918954425036492,0.9614227616668733
2024-03-16,1,4,5,overtid_timer,1.735436233255835,0.9861648977578485
2024-04-16,1,4,5,overtid_timer,1.5192565992730092,0.8633204148787276
2024-05-16,1,4,5,overtid_timer,1.6535112875067972,0.9396108935252384
2024-06-16,1,4,5,overtid_timer,1.7114070266529304,0.9725102559919
2024-07-16,1,4,5,overtid_timer,1.7365056737450753,0.9867726093236899
2024-08-16,1,4,5,overtid_timer,0.8683444656868086,0.49343837290758374
2024-09-16,1,4,5,overtid_timer,1.220636959421454,0.6936292438869776
2024-10-16,1,4,5,overtid_timer,1.6443590590867223,0.934410122542598
2024-11-16,1,4,5,overtid_timer,1.8135620208051757,1.0305600232107175
2024-12-16,1,4,5,overtid_timer,2.4434100522996323,1.3884723496212414
2025-01-16,1,4,5,overtid_timer,1.2795014156502014,0.7270790816545611
2025-02-16,1,4,5,overtid_timer,1.673817605025893,0.9511499965797414
2025-03-16,1,4,5,overtid_timer,1.5969273785081883,0.9074569810028148
2025-04-16,1,4,5,overtid_timer,1.6892070500986434,0.9598950776353825
2025-05-16,1,4,5,overtid_timer,1.3940054897136034,0.7921462367177835
2025-06-16,1,4,5,overtid_timer,1.6737395260122918,0.9511056280336724
2025-07-16,1,4,5,overtid_timer,1.7046672810416714,0.9686803828947066
2025-08-16,1,4,5,overtid_timer,0.8792290308086516,0.4996235474733948
2025-09-16,1,4,5,overtid_timer,1.289715335129523,0.7328831605748998
2025-10-16,1,4,5,overtid_timer,1.8751872492974995,1.0655786750003147
2025-11-16,1,4,5,overtid_timer,1.928399769022798,1.095816789238535
2025-12-16,1,4,5,overtid_timer,2.299538735203618,1.3067172035689452
2026-01-16,1,4,5,overtid_timer,1.1978554968401898,0.6806836350039143
2026-02-16,1,4,5,overtid_timer,1.584796257905408,0.9005634489446044
2021-01-16,1,4,all,overtid_timer,1.5824784115481596,0.7396161522180013
2021-02-16,1,4,all,overtid_timer,1.863974550255138,0.8711813536484562
2021-03-16,1,4,all,overtid_timer,1.785123083316493,0.834327884970264
2021-04-16,1,4,all,overtid_timer,1.8405808571173383,0.8602476479002553
2021-05-16,1,4,all,overtid_timer,1.9659496692561185,0.9188423167220006
2021-06-16,1,4,all,overtid_timer,2.074893244819106,0.9697601855401534
2021-07-16,1,4,all,overtid_timer,1.9831517845673712,0.9268822130287515
2021-08-16,1,4,all,overtid_timer,1.4807351571622098,0.6920635576461395
2021-09-16,1,4,all,overtid_timer,1.7856531145323338,0.8345756100864835
2021-10-16,1,4,all,overtid_timer,2.2253818906831,1.0400953208533326
2021-11-16,1,4,all,overtid_timer,2.244249027979486,1.0489134123916999
2021-12-16,1,4,all,overtid_timer,2.877143233615122,1.344714463273241
2022-01-16,1,4,all,overtid_timer,1.9971686618603455,0.9334333980394837
2022-02-16,1,4,all,overtid_timer,2.207827084230369,1.0318905843420783
2022-03-16,1,4,all,overtid_timer,2.5049584359856976,1.1707633458817523
2022-04-16,1,4,all,overtid_timer,2.5612691992629455,1.1970817776275804
2022-05-16,1,4,all,overtid_timer,2.2258223873477103,1.0403011994585423
2022-06-16,1,4,all,overtid_timer,2.2458682580145584,1.0496702054571574
2022-07-16,1,4,all,overtid_timer,2.248483095520232,1.05089232390156
2022-08-16,1,4,all,overtid_timer,1.6867297309119842,0.7883409620661737
2022-09-16,1,4,all,overtid_timer,1.8476367973454355,0.8635454416165562
2022-10-16,1,4,all,overtid_timer,2.1395941757120056,1.0
2022-11-16,1,4,all,overtid_timer,2.1951325338599235,1.0259574263093307
2022-12-16,1,4,all,overtid_timer,2.7095701737654916,1.266394442704917
2023-01-16,1,4,all,overtid_timer,1.9306578726318495,0.9023476949732174
2023-02-16,1,4,all,overtid_timer,1.9989647398847485,0.9342728460267663
2023-03-16,1,4,all,overtid_timer,1.8999704075871082,0.8880050381305808
2023-04-16,1,4,all,overtid_timer,2.031913357063625,0.9496723164276951
2023-05-16,1,4,all,overtid_timer,2.010847508495126,0.939826594838231
2023-06-16,1,4,all,overtid_timer,2.1591240720934053,1.0091278507873582
2023-07-16,1,4,all,overtid_timer,2.127512045778227,0.9943530740217321
2023-08-16,1,4,all,overtid_timer,1.5154020471109864,0.7082661115427167
2023-09-16,1,4,all,overtid_timer,1.8988390091164362,0.8874762469777934
2023-10-16,1,4,all,overtid_timer,2.260212204059486,1.0563742553221998
2023-11-16,1,4,all,overtid_timer,2.2441259383150607,1.0488558829471806
2023-12-16,1,4,all,overtid_timer,2.730389786748736,1.276125079112317
2024-01-16,1,4,all,overtid_timer,1.9095721837805613,0.8924927004650783
2024-02-16,1,4,all,overtid_timer,2.150462490040919,1.0050796148411167
2024-03-16,1,4,all,overtid_timer,2.058788568115753,0.9622332082814898
2024-04-16,1,4,all,overtid_timer,1.8834942216422375,0.8803044254948281
2024-05-16,1,4,all,overtid_timer,1.973338076858648,0.9222954984918896
2024-06-16,1,4,all,overtid_timer,2.155900727673895,1.0076213293843272
2024-07-16,1,4,all,overtid_timer,2.0613138927610506,0.9634134903527183
2024-08-16,1,4,all,overtid_timer,1.427863721928867,0.6673525933737916
2024-09-16,1,4,all,overtid_timer,1.73779365082164,0.812207132805147
2024-10-16,1,4,all,overtid_timer,2.05632675603793,0.9610826106093852
2024-11-16,1,4,all,overtid_timer,2.104034938566073,0.9833803823409177
2024-12-16,1,4,all,overtid_timer,2.4977758822373635,1.16740637574701
2025-01-16,1,4,all,overtid_timer,1.7036976987911627,0.7962714229319741
2025-02-16,1,4,all,overtid_timer,1.9677355418463556,0.9196769949102803
2025-03-16,1,4,all,overtid_timer,1.7897605602980902,0.8364953413198093
2025-04-16,1,4,all,overtid_timer,1.9382443792799773,0.9058934639485902
2025-05-16,1,4,all,overtid_timer,1.7903427956063143,0.8367674654986996
2025-06-16,1,4,all,overtid_timer,2.0096203534777826,0.9392530491484579
2025-07-16,1,4,all,overtid_timer,1.962328146287591,0.9171496952848899
2025-08-16,1,4,all,overtid_timer,1.410023369433746,0.6590143988237975
2025-09-16,1,4,all,overtid_timer,1.670244805376981,0.7806362647351868
2025-10-16,1,4,all,overtid_timer,2.008412425039224,0.9386884895453936
2025-11-16,1,4,all,overtid_timer,2.121649524632479,0.9916130585495003
2025-12-16,1,4,all,overtid_timer,2.419866369872043,1.130993156245048
2026-01-16,1,4,all,overtid_timer,1.637307071810407,0.7652418810990409
2026-02-16,1,4,all,overtid_timer,1.8286386336465401,0.854666111174103
2021-01-16,1,4,1,stillingspst,76.2980740069574,0.9995845310643596
2021-02-16,1,4,1,stillingspst,76.3615544981379,1.000416191860969
2021-03-16,1,4,1,stillingspst,76.28420445458961,0.9994028254291902
2021-04-16,1,4,1,stillingspst,76.65124780941129,1.0042114770823927
2021-05-16,1,4,1,stillingspst,76.67983050541235,1.0045859402801947
2021-06-16,1,4,1,stillingspst,76.11508848327807,0.9971872294121332
2021-07-16,1,4,1,stillingspst,75.95264059255753,0.9950589922215918
2021-08-16,1,4,1,stillingspst,76.28019265303686,0.9993502666349346
2021-09-16,1,4,1,stillingspst,75.90244236271057,0.9944013429336522
2021-10-16,1,4,1,stillingspst,75.950379673153,0.9950293718138401
2021-11-16,1,4,1,stillingspst,75.94096575573442,0.9949060396544009
2021-12-16,1,4,1,stillingspst,75.91453964972943,0.9945598300400345
2022-01-16,1,4,1,stillingspst,76.44964294081274,1.001570242547167
2022-02-16,1,4,1,stillingspst,76.78349063450241,1.0059439963369847
2022-03-16,1,4,1,stillingspst,76.38991994885758,1.0007878089184779
2022-04-16,1,4,1,stillingspst,77.00527388693078,1.0088495887947486
2022-05-16,1,4,1,stillingspst,76.8373501545127,1.0066496123535558
2022-06-16,1,4,1,stillingspst,76.44433909929555,1.001500756678686
2022-07-16,1,4,1,stillingspst,76.48339479059257,1.0020124270632749
2022-08-16,1,4,1,stillingspst,76.2834349328064,0.9993927438893765
2022-09-16,1,4,1,stillingspst,75.79004077446196,0.9929287646236135
2022-10-16,1,4,1,stillingspst,76.3297866621796,1.0
2022-11-16,1,4,1,stillingspst,76.40922427304255,1.001040715745932
2022-12-16,1,4,1,stillingspst,76.30575216374196,0.9996851229449387
2023-01-16,1,4,1,stillingspst,76.64431309809498,1.0041206251146413
2023-02-16,1,4,1,stillingspst,76.68842946744904,1.0046985956721812
2023-03-16,1,4,1,stillingspst,76.36872711207435,1.0005101606017464
2023-04-16,1,4,1,stillingspst,77.12720791052266,1.010447051972938
2023-05-16,1,4,1,stillingspst,76.80596280617097,1.0062384052781232
2023-06-16,1,4,1,stillingspst,76.17266351878432,0.9979415225658801
2023-07-16,1,4,1,stillingspst,76.55374627694617,1.0029341050795513
2023-08-16,1,4,1,stillingspst,77.04513723772013,1.0093718403630096
2023-09-16,1,4,1,stillingspst,76.95958310995691,1.0082509918515121
2023-10-16,1,4,1,stillingspst,76.59480879829569,1.0034720670357566
2023-11-16,1,4,1,stillingspst,76.58360288114923,1.003325257806536
2023-12-16,1,4,1,stillingspst,76.90879319695739,1.0075855908957319
2024-01-16,1,4,1,stillingspst,77.04444428878192,1.009362762007514
2024-02-16,1,4,1,stillingspst,77.19665962204837,1.0113569419983497
2024-03-16,1,4,1,stillingspst,77.44540766482363,1.0146158013984967
2024-04-16,1,4,1,stillingspst,77.09858785480216,1.0100720993237557
2024-05-16,1,4,1,stillingspst,77.41609028386705,1.0142317130597418
2024-06-16,1,4,1,stillingspst,76.87038225440322,1.0070823673936913
2024-07-16,1,4,1,stillingspst,76.67046162087367,1.0044631980985592
2024-08-16,1,4,1,stillingspst,77.61279735964158,1.016808781388848
2024-09-16,1,4,1,stillingspst,77.45545957360513,1.0147474919117425
2024-10-16,1,4,1,stillingspst,77.12227689098926,1.0103824504621906
2024-11-16,1,4,1,stillingspst,77.21812040374593,1.0116381006735669
2024-12-16,1,4,1,stillingspst,77.27007687600387,1.012318784775147
2025-01-16,1,4,1,stillingspst,77.11014929349429,1.010223566256885
2025-02-16,1,4,1,stillingspst,77.19999157902382,1.0114005941179367
2025-03-16,1,4,1,stillingspst,77.12028240753963,1.010356320643979
2025-04-16,1,4,1,stillingspst,77.29784670041244,1.0126825985053158
2025-05-16,1,4,1,stillingspst,77.61523043631381,1.0168406572367787
2025-06-16,1,4,1,stillingspst,77.39688379778637,1.0139800880137335
2025-07-16,1,4,1,stillingspst,76.85408129207399,1.0068688077462447
2025-08-16,1,4,1,stillingspst,78.14278151852908,1.0237521279127038
2025-09-16,1,4,1,stillingspst,77.61694032093294,1.016863058512793
2025-10-16,1,4,1,stillingspst,77.36363122123271,1.0135444444988257
2025-11-16,1,4,1,stillingspst,77.74297802479147,1.0185142841924395
2025-12-16,1,4,1,stillingspst,77.8034828208278,1.0193069602718854
2026-01-16,1,4,1,stillingspst,77.9352582645295,1.021033356341678
2026-02-16,1,4,1,stillingspst,77.90898016518135,1.0206890857692417
2021-01-16,1,4,2,stillingspst,67.67291742246458,1.0137081832070804
2021-02-16,1,4,2,stillingspst,67.5420644313195,1.0117480675068393
2021-03-16,1,4,2,stillingspst,67.00624719258893,1.0037217795870534
2021-04-16,1,4,2,stillingspst,67.77737862936975,1.0152729625058123
2021-05-16,1,4,2,stillingspst,67.79041556397623,1.0154682495984615
2021-06-16,1,4,2,stillingspst,66.7307191467408,0.9995945002348765
2021-07-16,1,4,2,stillingspst,66.63175214306095,0.9981120214927314
2021-08-16,1,4,2,stillingspst,67.52639166754116,1.0115132969442464
2021-09-16,1,4,2,stillingspst,67.12821233984366,1.0055487596042785
2021-10-16,1,4,2,stillingspst,66.89098139941711,1.0019951527142574
2021-11-16,1,4,2,stillingspst,66.58069337309331,0.9973471853527794
2021-12-16,1,4,2,stillingspst,66.48829835726735,0.9959631518694051
2022-01-16,1,4,2,stillingspst,67.23989673139617,1.0072217387806677
2022-02-16,1,4,2,stillingspst,67.54157255389276,1.011740699416448
2022-03-16,1,4,2,stillingspst,66.93930728089627,1.0027190514817703
2022-04-16,1,4,2,stillingspst,67.67505815826757,1.013740250413346
2022-05-16,1,4,2,stillingspst,67.13259163905319,1.0056143594278786
2022-06-16,1,4,2,stillingspst,66.73912175905659,0.9997203673792122
2022-07-16,1,4,2,stillingspst,66.8564739451304,1.0014782474274098
2022-08-16,1,4,2,stillingspst,67.56323464378691,1.0120651872415254
2022-09-16,1,4,2,stillingspst,66.58878128098095,0.9974683383741506
2022-10-16,1,4,2,stillingspst,66.75778941466861,1.0
2022-11-16,1,4,2,stillingspst,66.93851872418497,1.00270723927651
2022-12-16,1,4,2,stillingspst,66.9060652276485,1.0022211013018851
2023-01-16,1,4,2,stillingspst,67.44742612893982,1.0103304306556276
2023-02-16,1,4,2,stillingspst,67.65348992557642,1.0134171685246216
2023-03-16,1,4,2,stillingspst,67.03469193181544,1.0041478682798624
2023-04-16,1,4,2,stillingspst,68.19300996672187,1.0214989226671114
2023-05-16,1,4,2,stillingspst,67.39228534860041,1.0095044479377622
2023-06-16,1,4,2,stillingspst,66.3325804696716,0.9936305718220265
2023-07-16,1,4,2,stillingspst,66.95127148554057,1.0028982695887387
2023-08-16,1,4,2,stillingspst,68.57804060867586,1.027266498935438
2023-09-16,1,4,2,stillingspst,68.3857504078608,1.0243860829944509
2023-10-16,1,4,2,stillingspst,67.52699081775951,1.011522271930141
2023-11-16,1,4,2,stillingspst,67.47483285295449,1.010740970373239
2023-12-16,1,4,2,stillingspst,67.73807175059947,1.0146841641181645
2024-01-16,1,4,2,stillingspst,68.10161110564414,1.0201298111090578
2024-02-16,1,4,2,stillingspst,68.06088657069914,1.0195197769047788
2024-03-16,1,4,2,stillingspst,68.33073620697435,1.0235619963767122
2024-04-16,1,4,2,stillingspst,67.78951043004528,1.015454691121782
2024-05-16,1,4,2,stillingspst,67.86499766200399,1.0165854540278125
2024-06-16,1,4,2,stillingspst,67.26301295114737,1.0075680087808263
2024-07-16,1,4,2,stillingspst,66.88888935288065,1.0019638148500951
2024-08-16,1,4,2,stillingspst,69.08215582333575,1.0348179055814635
2024-09-16,1,4,2,stillingspst,68.52469721806872,1.0264674402626621
2024-10-16,1,4,2,stillingspst,67.5412136484631,1.0117353231834598
2024-11-16,1,4,2,stillingspst,67.77486753494318,1.01523534750315
2024-12-16,1,4,2,stillingspst,68.23622557303058,1.0221462719380747
2025-01-16,1,4,2,stillingspst,68.39100225541377,1.0244647531780957
2025-02-16,1,4,2,stillingspst,68.63646324871081,1.0281416423538645
2025-03-16,1,4,2,stillingspst,68.36866972867462,1.0241302225272915
2025-04-16,1,4,2,stillingspst,68.71402380968071,1.0293034627444129
2025-05-16,1,4,2,stillingspst,68.06382500566085,1.0195637932658277
2025-06-16,1,4,2,stillingspst,67.55051676478017,1.0118746794503262
2025-07-16,1,4,2,stillingspst,67.08097560037938,1.0048411756672062
2025-08-16,1,4,2,stillingspst,69.30596184343386,1.038170413536871
2025-09-16,1,4,2,stillingspst,68.45886603189152,1.0254813203393631
2025-10-16,1,4,2,stillingspst,67.79161222966182,1.0154861750824549
2025-11-16,1,4,2,stillingspst,68.3226244536197,1.0234404861615631
2025-12-16,1,4,2,stillingspst,68.26796093609842,1.022621652614189
2026-01-16,1,4,2,stillingspst,68.5973347845439,1.0275555165322938
2026-02-16,1,4,2,stillingspst,68.6385690307321,1.0281731859690704
2021-01-16,1,4,3,stillingspst,83.08079707686655,1.0034572328850475
2021-02-16,1,4,3,stillingspst,82.96785319218709,1.002093086632492
2021-03-16,1,4,3,stillingspst,83.02642440943765,1.0028005149872605
2021-04-16,1,4,3,stillingspst,83.37510293234986,1.0070118851001908
2021-05-16,1,4,3,stillingspst,83.35593848662819,1.0067804152256798
2021-06-16,1,4,3,stillingspst,82.54577934050255,0.9969952412315547
2021-07-16,1,4,3,stillingspst,82.73532750690484,0.9992846207903533
2021-08-16,1,4,3,stillingspst,83.64216033569883,1.0102374280946578
2021-09-16,1,4,3,stillingspst,83.20836945759372,1.0049980634098028
2021-10-16,1,4,3,stillingspst,82.5245323559775,0.9967386182687425
2021-11-16,1,4,3,stillingspst,82.65558912947708,0.998321533598323
2021-12-16,1,4,3,stillingspst,82.34481942047599,0.994568029500737
2022-01-16,1,4,3,stillingspst,82.95117536295632,1.0018916503324171
2022-02-16,1,4,3,stillingspst,83.1562615015815,1.0043686988972917
2022-03-16,1,4,3,stillingspst,82.97772555912415,1.0022123259556237
2022-04-16,1,4,3,stillingspst,83.30323726149761,1.006143885156159
2022-05-16,1,4,3,stillingspst,83.09328207120862,1.0036080277536077
2022-06-16,1,4,3,stillingspst,82.60261628445254,0.9976817228796415
2022-07-16,1,4,3,stillingspst,82.90928039618561,1.0013856392094296
2022-08-16,1,4,3,stillingspst,83.49801771794418,1.0084964607779978
2022-09-16,1,4,3,stillingspst,82.83961561288578,1.0005442217803828
2022-10-16,1,4,3,stillingspst,82.79455701166289,1.0
2022-11-16,1,4,3,stillingspst,82.93595451239909,1.0017078115499343
2022-12-16,1,4,3,stillingspst,82.64759670380865,0.9982250003725058
2023-01-16,1,4,3,stillingspst,83.18291751900749,1.0046906526390362
2023-02-16,1,4,3,stillingspst,83.25398737517365,1.0055490406627339
2023-03-16,1,4,3,stillingspst,82.99504548868659,1.0024215176004319
2023-04-16,1,4,3,stillingspst,83.27164426309827,1.0057623021205147
2023-05-16,1,4,3,stillingspst,83.13247649622329,1.0040814214938405
2023-06-16,1,4,3,stillingspst,82.39312622630489,0.995151483384331
2023-07-16,1,4,3,stillingspst,82.56507242287378,0.9972282647909236
2023-08-16,1,4,3,stillingspst,84.07815616500514,1.0155034243756076
2023-09-16,1,4,3,stillingspst,83.73137064954608,1.0113149181745271
2023-10-16,1,4,3,stillingspst,83.07641900274653,1.003404354117674
2023-11-16,1,4,3,stillingspst,83.09300695318109,1.0036047048536796
2023-12-16,1,4,3,stillingspst,82.87077193155584,1.0009205305595417
2024-01-16,1,4,3,stillingspst,83.33419940475468,1.0065178486674646
2024-02-16,1,4,3,stillingspst,83.3832853810268,1.0071107134407515
2024-03-16,1,4,3,stillingspst,83.36984756627284,1.0069484103227815
2024-04-16,1,4,3,stillingspst,83.28181084932243,1.005885095050281
2024-05-16,1,4,3,stillingspst,83.32556566004327,1.0064135695333882
2024-06-16,1,4,3,stillingspst,82.76279128905503,0.9996163307860517
2024-07-16,1,4,3,stillingspst,82.22384721745843,0.9931069165075179
2024-08-16,1,4,3,stillingspst,83.96349740096045,1.0141185656580407
2024-09-16,1,4,3,stillingspst,83.79169940350378,1.0120435742134648
2024-10-16,1,4,3,stillingspst,83.11422775810495,1.0038610116169475
2024-11-16,1,4,3,stillingspst,83.12219715751769,1.003957266729607
2024-12-16,1,4,3,stillingspst,83.0170829429823,1.0026876879272155
2025-01-16,1,4,3,stillingspst,83.45707492055813,1.0080019500412558
2025-02-16,1,4,3,stillingspst,83.37010057984068,1.0069514662430854
2025-03-16,1,4,3,stillingspst,83.33107520093759,1.0064801142567756
2025-04-16,1,4,3,stillingspst,83.4322151280465,1.0077016912632768
2025-05-16,1,4,3,stillingspst,83.27450624089721,1.005796869342108
2025-06-16,1,4,3,stillingspst,82.69339876257861,0.9987782016990557
2025-07-16,1,4,3,stillingspst,82.1003962798111,0.9916158651376803
2025-08-16,1,4,3,stillingspst,84.25761344748541,1.017670925343757
2025-09-16,1,4,3,stillingspst,83.70987711931124,1.011055317410774
2025-10-16,1,4,3,stillingspst,83.2219260860817,1.0051618015705863
2025-11-16,1,4,3,stillingspst,83.26144566156009,1.0056391225069472
2025-12-16,1,4,3,stillingspst,82.91194980844595,1.0014178806073752
2026-01-16,1,4,3,stillingspst,83.50783619128863,1.0086150491695398
2026-02-16,1,4,3,stillingspst,83.53390588088084,1.0089299211917253
2021-01-16,1,4,4,stillingspst,91.92430586339756,1.000815701244979
2021-02-16,1,4,4,stillingspst,91.84741546040452,0.9999785654965203
2021-03-16,1,4,4,stillingspst,91.96869465637124,1.0012989793132776
2021-04-16,1,4,4,stillingspst,92.18369094481355,1.0036397275970037
2021-05-16,1,4,4,stillingspst,92.15373934524673,1.0033136328732817
2021-06-16,1,4,4,stillingspst,91.08863155008504,0.9917173896935908
2021-07-16,1,4,4,stillingspst,91.95231900867557,1.001120691262278
2021-08-16,1,4,4,stillingspst,92.00250435682696,1.0016670786832176
2021-09-16,1,4,4,stillingspst,92.01771207826287,1.0018326510663895
2021-10-16,1,4,4,stillingspst,91.98407346107135,1.0014664143465444
2021-11-16,1,4,4,stillingspst,91.80136921745523,0.9994772421251427
2021-12-16,1,4,4,stillingspst,91.48814333584238,0.996067030022804
2022-01-16,1,4,4,stillingspst,91.77987271068505,0.9992432012880056
2022-02-16,1,4,4,stillingspst,91.85705306444369,1.000083493843318
2022-03-16,1,4,4,stillingspst,91.89982978022827,1.000549220599727
2022-04-16,1,4,4,stillingspst,92.0352584732388,1.0020236854987652
2022-05-16,1,4,4,stillingspst,91.94150115735047,1.0010029131038443
2022-06-16,1,4,4,stillingspst,91.4827899486532,0.9960087456125661
2022-07-16,1,4,4,stillingspst,91.55961579431711,0.9968451785002522
2022-08-16,1,4,4,stillingspst,92.22590057927519,1.0040992803183024
2022-09-16,1,4,4,stillingspst,92.17376406269318,1.003531649767129
2022-10-16,1,4,4,stillingspst,91.8493842063499,1.0
2022-11-16,1,4,4,stillingspst,91.89158128106777,1.0004594159784792
2022-12-16,1,4,4,stillingspst,91.5032869071691,0.9962319039787654
2023-01-16,1,4,4,stillingspst,91.91084739388029,1.0006691736483753
2023-02-16,1,4,4,stillingspst,92.00020575030567,1.0016420528592433
2023-03-16,1,4,4,stillingspst,92.19294602107604,1.0037404912149905
2023-04-16,1,4,4,stillingspst,92.14367086822293,1.0032040134445745
2023-05-16,1,4,4,stillingspst,92.24303684924965,1.0042858495601383
2023-06-16,1,4,4,stillingspst,91.58525096010135,0.9971242785291282
2023-07-16,1,4,4,stillingspst,91.51278747821682,0.9963353403940426
2023-08-16,1,4,4,stillingspst,92.327788669965,1.0052085756235483
2023-09-16,1,4,4,stillingspst,92.19039375490861,1.0037127036997069
2023-10-16,1,4,4,stillingspst,92.17325941433883,1.0035261554640509
2023-11-16,1,4,4,stillingspst,92.12583453955165,1.0030098223911952
2023-12-16,1,4,4,stillingspst,91.87931040491655,1.0003258181731456
2024-01-16,1,4,4,stillingspst,92.35536153943657,1.0055087721867568
2024-02-16,1,4,4,stillingspst,92.35040499347086,1.0054548083413968
2024-03-16,1,4,4,stillingspst,92.41285282594171,1.006134702202531
2024-04-16,1,4,4,stillingspst,92.38430223505625,1.0058238608056926
2024-05-16,1,4,4,stillingspst,92.4541087146658,1.006583871122721
2024-06-16,1,4,4,stillingspst,91.89159423172684,1.0004595569773458
2024-07-16,1,4,4,stillingspst,92.1381697636658,1.00314412077785
2024-08-16,1,4,4,stillingspst,92.51120171021293,1.0072054647897932
2024-09-16,1,4,4,stillingspst,92.6695506535569,1.0089294713763612
2024-10-16,1,4,4,stillingspst,92.52615691834188,1.0073682879622965
2024-11-16,1,4,4,stillingspst,92.49619454255527,1.0070420759136745
2024-12-16,1,4,4,stillingspst,92.11320747645944,1.0028723466399823
2025-01-16,1,4,4,stillingspst,92.53112353609343,1.0074223614631093
2025-02-16,1,4,4,stillingspst,92.47416284483135,1.0068022082442907
2025-03-16,1,4,4,stillingspst,92.46845318679715,1.0067400449746777
2025-04-16,1,4,4,stillingspst,92.58940062082658,1.008056846770079
2025-05-16,1,4,4,stillingspst,92.64487932038854,1.0086608649683646
2025-06-16,1,4,4,stillingspst,92.12950140662147,1.003049745000383
2025-07-16,1,4,4,stillingspst,92.22772263340583,1.0041191177308926
2025-08-16,1,4,4,stillingspst,92.8891839153685,1.01132070419419
2025-09-16,1,4,4,stillingspst,92.80744806550878,1.0104308141795102
2025-10-16,1,4,4,stillingspst,92.71942764722132,1.009472501621968
2025-11-16,1,4,4,stillingspst,92.60922873928887,1.0082727232142559
2025-12-16,1,4,4,stillingspst,92.24852194609865,1.004345567944713
2026-01-16,1,4,4,stillingspst,92.7849393172295,1.010185752675029
2026-02-16,1,4,4,stillingspst,92.68197741477495,1.0090647663630987
2021-01-16,1,4,5,stillingspst,92.43455670759325,1.001107822656027
2021-02-16,1,4,5,stillingspst,92.44030295526488,1.0011700571027522
2021-03-16,1,4,5,stillingspst,92.30425957687613,0.9996966461277165
2021-04-16,1,4,5,stillingspst,92.39733137355992,1.0007046555459207
2021-05-16,1,4,5,stillingspst,92.51227923095098,1.0019495925405966
2021-06-16,1,4,5,stillingspst,91.86318053592434,0.9949195617337998
2021-07-16,1,4,5,stillingspst,92.33264258687335,1.0000040468915739
2021-08-16,1,4,5,stillingspst,92.47953848780884,1.0015949955668386
2021-09-16,1,4,5,stillingspst,92.31754783992449,0.9998405639930804
2021-10-16,1,4,5,stillingspst,91.63729283201187,0.9924730963048157
2021-11-16,1,4,5,stillingspst,92.25948540220692,0.9992117216783452
2021-12-16,1,4,5,stillingspst,91.99884426180242,0.9963888609013918
2022-01-16,1,4,5,stillingspst,92.31774274878417,0.9998426749436933
2022-02-16,1,4,5,stillingspst,92.46771061568259,1.0014668943919889
2022-03-16,1,4,5,stillingspst,92.31912389179577,0.999857633343694
2022-04-16,1,4,5,stillingspst,92.46131716310984,1.0013976504250965
2022-05-16,1,4,5,stillingspst,92.44417636780548,1.0012120079026792
2022-06-16,1,4,5,stillingspst,92.2978095064435,0.9996267889639372
2022-07-16,1,4,5,stillingspst,92.34960371644064,1.0001877435532522
2022-08-16,1,4,5,stillingspst,92.57019954803575,1.0025768956249583
2022-09-16,1,4,5,stillingspst,92.39869614406845,1.0007194366243495
2022-10-16,1,4,5,stillingspst,92.33226892819222,1.0
2022-11-16,1,4,5,stillingspst,92.34143478151712,1.0000992703139575
2022-12-16,1,4,5,stillingspst,92.16075156154206,0.9981423897772559
2023-01-16,1,4,5,stillingspst,92.63268748157842,1.0032536680498974
2023-02-16,1,4,5,stillingspst,92.73545117961777,1.0043666451188273
2023-03-16,1,4,5,stillingspst,92.64689233219188,1.0034075129708373
2023-04-16,1,4,5,stillingspst,92.68004954758332,1.0037666205263684
2023-05-16,1,4,5,stillingspst,92.60836766623508,1.0029902735116103
2023-06-16,1,4,5,stillingspst,92.4322382693565,1.0010827129271787
2023-07-16,1,4,5,stillingspst,92.56474640567151,1.0025178356405395
2023-08-16,1,4,5,stillingspst,92.93856969860614,1.0065665100343786
2023-09-16,1,4,5,stillingspst,92.75770734983708,1.0046076894522729
2023-10-16,1,4,5,stillingspst,92.24160444954917,0.999018062918896
2023-11-16,1,4,5,stillingspst,92.64406061557986,1.0033768442063318
2023-12-16,1,4,5,stillingspst,92.75782042194987,1.00460891407411
2024-01-16,1,4,5,stillingspst,92.91204193815909,1.0062792024575695
2024-02-16,1,4,5,stillingspst,93.09856565798732,1.0082993382345131
2024-03-16,1,4,5,stillingspst,93.13186012332744,1.0086599322687182
2024-04-16,1,4,5,stillingspst,93.04123599863726,1.0076784322390735
2024-05-16,1,4,5,stillingspst,93.02655295461663,1.007519408268461
2024-06-16,1,4,5,stillingspst,92.88813782108016,1.006020310118451
2024-07-16,1,4,5,stillingspst,93.02130718807969,1.0074625942575217
2024-08-16,1,4,5,stillingspst,93.31422948875714,1.0106350745190569
2024-09-16,1,4,5,stillingspst,93.17457414171041,1.0091225442989304
2024-10-16,1,4,5,stillingspst,93.08338097468484,1.00813488128486
2024-11-16,1,4,5,stillingspst,93.07439531370875,1.008037562535084
2024-12-16,1,4,5,stillingspst,93.08598179648651,1.0081630493547218
2025-01-16,1,4,5,stillingspst,93.19263153683315,1.0093181140096323
2025-02-16,1,4,5,stillingspst,93.09108530349478,1.0082183226309829
2025-03-16,1,4,5,stillingspst,93.09083398936971,1.008215600785977
2025-04-16,1,4,5,stillingspst,93.23634258383808,1.0097915243082456
2025-05-16,1,4,5,stillingspst,93.14740751747632,1.0088283175399713
2025-06-16,1,4,5,stillingspst,93.05023666614765,1.0077759135163655
2025-07-16,1,4,5,stillingspst,93.27581717711782,1.0102190519076208
2025-08-16,1,4,5,stillingspst,93.47847122258612,1.0124138863660472
2025-09-16,1,4,5,stillingspst,93.19914607740375,1.0093886694140022
2025-10-16,1,4,5,stillingspst,92.6647462996064,1.0036008794679654
2025-11-16,1,4,5,stillingspst,93.13187152800222,1.0086600557864756
2025-12-16,1,4,5,stillingspst,92.99166198356379,1.0071415233593402
2026-01-16,1,4,5,stillingspst,93.28713770736165,1.010341658341701
2026-02-16,1,4,5,stillingspst,93.15737969766839,1.008936320736555
2021-01-16,1,4,all,stillingspst,82.82469013485479,1.002522026339483
2021-02-16,1,4,all,stillingspst,82.7612460305748,1.0017540897268797
2021-03-16,1,4,all,stillingspst,82.67315800318586,1.0006878595053066
2021-04-16,1,4,all,stillingspst,83.03204814488086,1.0050319176780511
2021-05-16,1,4,all,stillingspst,83.04743893990748,1.0052182100866545
2021-06-16,1,4,all,stillingspst,82.21949887428347,0.9951967038072399
2021-07-16,1,4,all,stillingspst,82.45568356482251,0.9980555174552479
2021-08-16,1,4,all,stillingspst,83.01760728622487,1.0048571234366441
2021-09-16,1,4,all,stillingspst,82.71544550138151,1.001199713498493
2021-10-16,1,4,all,stillingspst,82.34953910693984,0.9967707295879106
2021-11-16,1,4,all,stillingspst,82.39939801045871,0.9973742289659996
2021-12-16,1,4,all,stillingspst,82.17801243571914,0.9946945459556692
2022-01-16,1,4,all,stillingspst,82.74046209774566,1.0015025179984345
2022-02-16,1,4,all,stillingspst,82.94364995954105,1.00396193325979
2022-03-16,1,4,all,stillingspst,82.70961249076478,1.0011291098944997
2022-04-16,1,4,all,stillingspst,83.08523574171764,1.0056757080414092
2022-05-16,1,4,all,stillingspst,82.89325891416983,1.0033519927597692
2022-06-16,1,4,all,stillingspst,82.47655390949836,0.9983081351251815
2022-07-16,1,4,all,stillingspst,82.63643416585307,1.0002433488677434
2022-08-16,1,4,all,stillingspst,83.07669512189372,1.0055723311440354
2022-09-16,1,4,all,stillingspst,82.5606767057046,0.9993263696151229
2022-10-16,1,4,all,stillingspst,82.61632957559374,1.0
2022-11-16,1,4,all,stillingspst,82.73250148888249,1.0014061616376029
2022-12-16,1,4,all,stillingspst,82.49088048783942,0.9984815461011308
2023-01-16,1,4,all,stillingspst,83.01496867837838,1.0048251853457117
2023-02-16,1,4,all,stillingspst,83.08028156359352,1.0056157419529907
2023-03-16,1,4,all,stillingspst,82.87815161325004,1.0031691318048297
2023-04-16,1,4,all,stillingspst,83.2805172052325,1.0080394231146643
2023-05-16,1,4,all,stillingspst,83.07449110228075,1.0055456533719256
2023-06-16,1,4,all,stillingspst,82.39159442161119,0.9972797731981434
2023-07-16,1,4,all,stillingspst,82.64387622876303,1.0003334286733725
2023-08-16,1,4,all,stillingspst,83.72169287570104,1.0133794772266649
2023-09-16,1,4,all,stillingspst,83.50074438411967,1.0107050847340864
2023-10-16,1,4,all,stillingspst,83.00861539368562,1.0047482842690674
2023-11-16,1,4,all,stillingspst,83.0453282401714,1.0051926618718292
2023-12-16,1,4,all,stillingspst,83.01210049641433,1.0047904684564626
2024-01-16,1,4,all,stillingspst,83.42276217216904,1.00976117676394
2024-02-16,1,4,all,stillingspst,83.47990564570705,1.0104528496309333
2024-03-16,1,4,all,stillingspst,83.57626536452707,1.0116192016017245
2024-04-16,1,4,all,stillingspst,83.39100707627529,1.0093768084912647
2024-05-16,1,4,all,stillingspst,83.45857524522184,1.0101946633789565
2024-06-16,1,4,all,stillingspst,82.95965577582126,1.0041556699745826
2024-07-16,1,4,all,stillingspst,82.76582813133604,1.001809552137093
2024-08-16,1,4,all,stillingspst,84.01050015296951,1.016875242273988
2024-09-16,1,4,all,stillingspst,83.82889115743173,1.014677020730248
2024-10-16,1,4,all,stillingspst,83.35822351356587,1.0089799915075301
2024-11-16,1,4,all,stillingspst,83.40242695752039,1.0095150363852388
2024-12-16,1,4,all,stillingspst,83.3591213965206,1.0089908596126533
2025-01-16,1,4,all,stillingspst,83.6554078952491,1.0125771542380686
2025-02-16,1,4,all,stillingspst,83.64487809506761,1.0124497000139996
2025-03-16,1,4,all,stillingspst,83.58145473822405,1.0116820145313672
2025-04-16,1,4,all,stillingspst,83.73203933751333,1.0135047122966014
2025-05-16,1,4,all,stillingspst,83.64206111993582,1.012415602939653
2025-06-16,1,4,all,stillingspst,83.18612800975706,1.0068969226433855
2025-07-16,1,4,all,stillingspst,82.90836952745342,1.003534893808039
2025-08-16,1,4,all,stillingspst,84.35931315814516,1.0210973253290876
2025-09-16,1,4,all,stillingspst,83.9071703813624,1.0156245237763504
2025-10-16,1,4,all,stillingspst,83.4921131930373,1.0106006115491033
2025-11-16,1,4,all,stillingspst,83.6986670444753,1.0131007692358351
2025-12-16,1,4,all,stillingspst,83.48531404794399,1.0105183137136966
2026-01-16,1,4,all,stillingspst,83.94808985602194,1.016119819014831
2026-02-16,1,4,all,stillingspst,83.90682874383825,1.0156203885463553
2021-01-16,1,4,1,timelonn,7292.608430219599,0.8662866957781926
2021-02-16,1,4,1,timelonn,7153.240295770272,0.8497311982708017
2021-03-16,1,4,1,timelonn,7625.021177533986,0.9057739030320806
2021-04-16,1,4,1,timelonn,7815.112072626678,0.9283547415596208
2021-05-16,1,4,1,timelonn,7290.618047203905,0.8660502587964876
2021-06-16,1,4,1,timelonn,7558.738963313589,0.8979002593426825
2021-07-16,1,4,1,timelonn,7385.573829688005,0.8773300267752966
2021-08-16,1,4,1,timelonn,7674.413055303749,0.9116411488880548
2021-09-16,1,4,1,timelonn,7840.537855759314,0.9313750624596531
2021-10-16,1,4,1,timelonn,7791.594179093964,0.925561058273995
2021-11-16,1,4,1,timelonn,7957.762416263315,0.9453001316793649
2021-12-16,1,4,1,timelonn,8741.77694436258,1.0384329745418412
2022-01-16,1,4,1,timelonn,7927.827145190204,0.9417441301041687
2022-02-16,1,4,1,timelonn,8170.076061280623,0.9705208037846311
2022-03-16,1,4,1,timelonn,8090.668394656947,0.961087991671228
2022-04-16,1,4,1,timelonn,8316.206525782023,0.9878795963835693
2022-05-16,1,4,1,timelonn,7608.2017372506225,0.9037759269323993
2022-06-16,1,4,1,timelonn,8167.072404074408,0.9701640002758015
2022-07-16,1,4,1,timelonn,7939.427025927023,0.9431220763426202
2022-08-16,1,4,1,timelonn,8044.28500095558,0.9555781227055462
2022-09-16,1,4,1,timelonn,7529.483205807758,0.8944249769735931
2022-10-16,1,4,1,timelonn,8418.238979958693,1.0
2022-11-16,1,4,1,timelonn,8423.229923672228,1.0005928726572646
2022-12-16,1,4,1,timelonn,8960.080724227635,1.0643652129096008
2023-01-16,1,4,1,timelonn,8236.972046532639,0.9784673571446955
2023-02-16,1,4,1,timelonn,8503.124303296729,1.0100835012572251
2023-03-16,1,4,1,timelonn,8388.148684121299,0.9964255830810899
2023-04-16,1,4,1,timelonn,8627.272468190777,1.0248310232971207
2023-05-16,1,4,1,timelonn,7822.41179695321,0.929221873550517
2023-06-16,1,4,1,timelonn,8557.520767780761,1.0165452404182937
2023-07-16,1,4,1,timelonn,8688.674003464366,1.032124892646728
2023-08-16,1,4,1,timelonn,9475.8692544354,1.1256355725935803
2023-09-16,1,4,1,timelonn,9540.34254674216,1.13329433500936
2023-10-16,1,4,1,timelonn,9064.502275090279,1.0767694165810862
2023-11-16,1,4,1,timelonn,9565.321575337746,1.1362615860763652
2023-12-16,1,4,1,timelonn,9570.018155283502,1.136819491352865
2024-01-16,1,4,1,timelonn,8354.634686270269,0.9924444656608292
2024-02-16,1,4,1,timelonn,8715.44327881146,1.0353048065706285
2024-03-16,1,4,1,timelonn,9052.352646248613,1.075326165935602
2024-04-16,1,4,1,timelonn,8429.963348232734,1.0013927340744249
2024-05-16,1,4,1,timelonn,8879.527680672734,1.0547963418254378
2024-06-16,1,4,1,timelonn,8879.01717407588,1.0547356989049803
2024-07-16,1,4,1,timelonn,8381.016001746651,0.9955782939518992
2024-08-16,1,4,1,timelonn,9842.708315795018,1.1692122710257526
2024-09-16,1,4,1,timelonn,9594.355079892364,1.139710467086246
2024-10-16,1,4,1,timelonn,9583.811333809816,1.1384579787561273
2024-11-16,1,4,1,timelonn,9482.911711117626,1.1264721438407248
2024-12-16,1,4,1,timelonn,9905.5305116798,1.1766749002091654
2025-01-16,1,4,1,timelonn,9118.329441185977,1.083163528963004
2025-02-16,1,4,1,timelonn,9093.934076037798,1.0802656110960658
2025-03-16,1,4,1,timelonn,9060.881150481335,1.0763392643108114
2025-04-16,1,4,1,timelonn,9233.804160616719,1.0968807351038197
2025-05-16,1,4,1,timelonn,8997.350285899367,1.0687924525924442
2025-06-16,1,4,1,timelonn,9907.049647217551,1.1768553578489838
2025-07-16,1,4,1,timelonn,8590.159943572464,1.0204224379971945
2025-08-16,1,4,1,timelonn,10208.596686620203,1.2126760372239154
2025-09-16,1,4,1,timelonn,9794.804052537333,1.163521738436724
2025-10-16,1,4,1,timelonn,9697.372008488932,1.1519478161139725
2025-11-16,1,4,1,timelonn,9735.863624497302,1.1565202232528062
2025-12-16,1,4,1,timelonn,10135.557424844936,1.203999725949176
2026-01-16,1,4,1,timelonn,9485.054359694059,1.12672666840121
2026-02-16,1,4,1,timelonn,9556.918025714313,1.1352633310204752
2021-01-16,1,4,2,timelonn,6271.459261167492,0.9857191832950413
2021-02-16,1,4,2,timelonn,6209.093902982394,0.9759168825264204
2021-03-16,1,4,2,timelonn,6621.086628890565,1.0406720083103516
2021-04-16,1,4,2,timelonn,6733.944746188188,1.058410529215631
2021-05-16,1,4,2,timelonn,6655.035373861306,1.0460079162343106
2021-06-16,1,4,2,timelonn,6480.209133337135,1.0185295301280526
2021-07-16,1,4,2,timelonn,6553.942070336268,1.0301185347622308
2021-08-16,1,4,2,timelonn,6910.038946187577,1.0860882073728
2021-09-16,1,4,2,timelonn,6742.679311752727,1.059783388143062
2021-10-16,1,4,2,timelonn,6469.567155732838,1.0168568729304357
2021-11-16,1,4,2,timelonn,6690.424193061342,1.0515701684162917
2021-12-16,1,4,2,timelonn,7545.656775723703,1.1859917005992682
2022-01-16,1,4,2,timelonn,6748.836445131195,1.0607511381088226
2022-02-16,1,4,2,timelonn,6722.30137648693,1.056580477804185
2022-03-16,1,4,2,timelonn,6835.522635804655,1.074376075705514
2022-04-16,1,4,2,timelonn,6862.92262802211,1.0786826807277483
2022-05-16,1,4,2,timelonn,6561.993132013853,1.0313839636857074
2022-06-16,1,4,2,timelonn,6747.272366641566,1.0605053034302887
2022-07-16,1,4,2,timelonn,6627.70166500683,1.0417117293268565
2022-08-16,1,4,2,timelonn,6658.978293920369,1.0466276463128399
2022-09-16,1,4,2,timelonn,6590.325305088445,1.035837084616746
2022-10-16,1,4,2,timelonn,6362.318363535738,1.0
2022-11-16,1,4,2,timelonn,6843.383925731328,1.0756116771761555
2022-12-16,1,4,2,timelonn,7295.295175991094,1.1466410134083374
2023-01-16,1,4,2,timelonn,6638.272933411847,1.0433732727770562
2023-02-16,1,4,2,timelonn,6805.1553938316465,1.0696030919851376
2023-03-16,1,4,2,timelonn,6466.268457968824,1.0163383987555312
2023-04-16,1,4,2,timelonn,6763.5818363317885,1.0630687510225527
2023-05-16,1,4,2,timelonn,6314.731650809395,0.9925205388967839
2023-06-16,1,4,2,timelonn,6855.727266643377,1.0775517468499385
2023-07-16,1,4,2,timelonn,6935.113719235004,1.0900293451176728
2023-08-16,1,4,2,timelonn,7901.102956146922,1.2418590998888703
2023-09-16,1,4,2,timelonn,7797.452607483904,1.2255678137977706
2023-10-16,1,4,2,timelonn,7077.442702229504,1.1123999614342388
2023-11-16,1,4,2,timelonn,7181.910151742287,1.1288196756867532
2023-12-16,1,4,2,timelonn,7713.853706530244,1.2124281222298685
2024-01-16,1,4,2,timelonn,7068.636636102987,1.1110158643766335
2024-02-16,1,4,2,timelonn,7111.008896946289,1.1176757418650267
2024-03-16,1,4,2,timelonn,6919.775596098765,1.0876185693186895
2024-04-16,1,4,2,timelonn,6619.834792802951,1.0404752504595043
2024-05-16,1,4,2,timelonn,6920.058062884856,1.0876629661517228
2024-06-16,1,4,2,timelonn,7010.841619711606,1.1019319089551916
2024-07-16,1,4,2,timelonn,6610.906502333151,1.0390719427405806
2024-08-16,1,4,2,timelonn,7824.64633527296,1.2298419991238163
2024-09-16,1,4,2,timelonn,7455.965612366393,1.1718944551876969
2024-10-16,1,4,2,timelonn,6917.588705233795,1.087274843849448
2024-11-16,1,4,2,timelonn,7161.920195916157,1.1256777461755396
2024-12-16,1,4,2,timelonn,7721.3068952097765,1.213599580219498
2025-01-16,1,4,2,timelonn,7081.542944322599,1.113044418668035
2025-02-16,1,4,2,timelonn,7310.857249044828,1.1490869886275161
2025-03-16,1,4,2,timelonn,7032.041106924394,1.1052639470585168
2025-04-16,1,4,2,timelonn,7339.495822739059,1.153588268201699
2025-05-16,1,4,2,timelonn,6854.679169445832,1.0773870117427562
2025-06-16,1,4,2,timelonn,7277.741390838168,1.1438819900225332
2025-07-16,1,4,2,timelonn,6612.415556032791,1.0393091288751646
2025-08-16,1,4,2,timelonn,8289.447641030893,1.302897335119236
2025-09-16,1,4,2,timelonn,7825.275122516486,1.2299408290168832
2025-10-16,1,4,2,timelonn,7261.868390066108,1.1413871446116164
2025-11-16,1,4,2,timelonn,7551.461154939482,1.1869040062847311
2025-12-16,1,4,2,timelonn,7998.5478061479525,1.2571750341809225
2026-01-16,1,4,2,timelonn,7361.164383467396,1.156994033127347
2026-02-16,1,4,2,timelonn,7410.207515273651,1.164702407497189
2021-01-16,1,4,3,timelonn,6071.053965591558,0.9290880805461229
2021-02-16,1,4,3,timelonn,5601.992008393515,0.8573048488469341
2021-03-16,1,4,3,timelonn,6342.769393993613,0.9706702452344308
2021-04-16,1,4,3,timelonn,6974.826477360047,1.067397552504097
2021-05-16,1,4,3,timelonn,7111.509516911007,1.0883149391027578
2021-06-16,1,4,3,timelonn,6950.261830438936,1.0636382842145087
2021-07-16,1,4,3,timelonn,6752.408268200556,1.0333596229785666
2021-08-16,1,4,3,timelonn,7528.604071979644,1.1521453022936077
2021-09-16,1,4,3,timelonn,6550.903869419731,1.0025222533643376
2021-10-16,1,4,3,timelonn,5843.655317640545,0.8942879660123025
2021-11-16,1,4,3,timelonn,6319.786159334478,0.9671529895000525
2021-12-16,1,4,3,timelonn,7755.729500145283,1.186903604442396
2022-01-16,1,4,3,timelonn,7060.885126800147,1.0805675993980721
2022-02-16,1,4,3,timelonn,7335.060858167363,1.122526278308197
2022-03-16,1,4,3,timelonn,7186.653761378878,1.0998146922349867
2022-04-16,1,4,3,timelonn,7298.442384636588,1.1169223440526197
2022-05-16,1,4,3,timelonn,6714.085694924346,1.027494900601105
2022-06-16,1,4,3,timelonn,6947.610052195726,1.063232467436733
2022-07-16,1,4,3,timelonn,6791.700037693587,1.039372666991425
2022-08-16,1,4,3,timelonn,6959.115033726986,1.0649931405040751
2022-09-16,1,4,3,timelonn,6627.9953453297385,1.0143200024513395
2022-10-16,1,4,3,timelonn,6534.422400535976,1.0
2022-11-16,1,4,3,timelonn,6960.432317302192,1.0651947319370223
2022-12-16,1,4,3,timelonn,8080.039005707484,1.2365345413000437
2023-01-16,1,4,3,timelonn,7090.268372267467,1.0850642853583967
2023-02-16,1,4,3,timelonn,7300.908880633085,1.117299806029411
2023-03-16,1,4,3,timelonn,6718.592275370307,1.028184568358976
2023-04-16,1,4,3,timelonn,7561.326843801656,1.1571530550552487
2023-05-16,1,4,3,timelonn,7164.420151575438,1.0964121558759024
2023-06-16,1,4,3,timelonn,7539.1563145627115,1.153760172275414
2023-07-16,1,4,3,timelonn,7472.855234187336,1.143613739077288
2023-08-16,1,4,3,timelonn,8386.30755267288,1.2834045671710796
2023-09-16,1,4,3,timelonn,8084.155493172814,1.2371645108999572
2023-10-16,1,4,3,timelonn,7402.73648031632,1.1328830654885613
2023-11-16,1,4,3,timelonn,7645.964541547489,1.1701056455916197
2023-12-16,1,4,3,timelonn,8660.33257264826,1.3253401818556925
2024-01-16,1,4,3,timelonn,7508.378579246249,1.1490500795648573
2024-02-16,1,4,3,timelonn,8086.236944968653,1.2374830473624405
2024-03-16,1,4,3,timelonn,8145.885248571017,1.246611368114627
2024-04-16,1,4,3,timelonn,7744.160487711519,1.185133132360148
2024-05-16,1,4,3,timelonn,7907.370865489146,1.2101101491144124
2024-06-16,1,4,3,timelonn,7940.431232795631,1.2151695660421846
2024-07-16,1,4,3,timelonn,7287.659815970492,1.1152722259541614
2024-08-16,1,4,3,timelonn,8013.080381938996,1.2262874804790298
2024-09-16,1,4,3,timelonn,7869.128318130575,1.204257673560424
2024-10-16,1,4,3,timelonn,7589.63687005247,1.1614855001461095
2024-11-16,1,4,3,timelonn,7887.798236107276,1.2071148377950425
2024-12-16,1,4,3,timelonn,8957.679896123129,1.3708449419168847
2025-01-16,1,4,3,timelonn,8007.90723304802,1.2254958039430057
2025-02-16,1,4,3,timelonn,7880.241102731406,1.2059583264903477
2025-03-16,1,4,3,timelonn,7858.499901729247,1.2026311462639248
2025-04-16,1,4,3,timelonn,8296.187999418491,1.269613056960935
2025-05-16,1,4,3,timelonn,8173.009044513461,1.2507622776028502
2025-06-16,1,4,3,timelonn,8339.384055391472,1.2762235962443211
2025-07-16,1,4,3,timelonn,7554.308215868857,1.1560789543157215
2025-08-16,1,4,3,timelonn,8273.221144836301,1.2660983079633332
2025-09-16,1,4,3,timelonn,8341.892397210819,1.2766074621265053
2025-10-16,1,4,3,timelonn,7980.170381281702,1.2212510750188328
2025-11-16,1,4,3,timelonn,8359.878342626,1.2793599541315686
2025-12-16,1,4,3,timelonn,9559.047488552023,1.462875661017561
2026-01-16,1,4,3,timelonn,8535.034041070101,1.3061650315672932
2026-02-16,1,4,3,timelonn,8716.389001148593,1.3339188174357453
2021-01-16,1,4,4,timelonn,9348.906469576186,1.244076797794316
2021-02-16,1,4,4,timelonn,9044.803799282598,1.2036092760054602
2021-03-16,1,4,4,timelonn,8403.772547918055,1.118306025932424
2021-04-16,1,4,4,timelonn,8314.210015441493,1.1063877690787063
2021-05-16,1,4,4,timelonn,9089.611653304939,1.2095719425194056
2021-06-16,1,4,4,timelonn,9545.495660501396,1.2702372960219013
2021-07-16,1,4,4,timelonn,9331.415745851753,1.2417492738605798
2021-08-16,1,4,4,timelonn,8160.014899984717,1.0858687312535598
2021-09-16,1,4,4,timelonn,8315.082195656241,1.1065038317617801
2021-10-16,1,4,4,timelonn,7947.3181410776015,1.0575647682624327
2021-11-16,1,4,4,timelonn,8197.00368602993,1.090790899492934
2021-12-16,1,4,4,timelonn,12663.415986051612,1.6851448947888155
2022-01-16,1,4,4,timelonn,9168.976579230188,1.2201331844382952
2022-02-16,1,4,4,timelonn,11603.037113081762,1.5440382576622083
2022-03-16,1,4,4,timelonn,10659.233253746503,1.4184444797279903
2022-04-16,1,4,4,timelonn,12346.67705894514,1.642995842228095
2022-05-16,1,4,4,timelonn,9980.029321040754,1.328061518212687
2022-06-16,1,4,4,timelonn,9552.698741849614,1.2711958237820307
2022-07-16,1,4,4,timelonn,9108.606926205604,1.2120996796788683
2022-08-16,1,4,4,timelonn,8929.655239465475,1.1882862377406003
2022-09-16,1,4,4,timelonn,8829.465633175425,1.174953815925148
2022-10-16,1,4,4,timelonn,7514.734207848998,1.0
2022-11-16,1,4,4,timelonn,7530.741149300337,1.0021300741993802
2022-12-16,1,4,4,timelonn,11781.391280471185,1.5677721865619338
2023-01-16,1,4,4,timelonn,10137.465605920463,1.3490118646288343
2023-02-16,1,4,4,timelonn,9671.069532761112,1.2869476504784243
2023-03-16,1,4,4,timelonn,8110.103004406032,1.079226860204208
2023-04-16,1,4,4,timelonn,8370.937419973417,1.1139365928910874
2023-05-16,1,4,4,timelonn,9083.728528248887,1.2087890638581873
2023-06-16,1,4,4,timelonn,9721.56892141714,1.2936677003510177
2023-07-16,1,4,4,timelonn,9643.665454412323,1.283300937555409
2023-08-16,1,4,4,timelonn,9062.847151929072,1.2060103393228598
2023-09-16,1,4,4,timelonn,9201.456687835822,1.2244553743797184
2023-10-16,1,4,4,timelonn,8573.692238321608,1.140917562908153
2023-11-16,1,4,4,timelonn,8854.162888184432,1.1782403267086181
2023-12-16,1,4,4,timelonn,13626.783892509684,1.813342097752009
2024-01-16,1,4,4,timelonn,9870.624929203048,1.3135028673260813
2024-02-16,1,4,4,timelonn,10241.463901096875,1.3628511159316665
2024-03-16,1,4,4,timelonn,9244.258040604704,1.2301510319485751
2024-04-16,1,4,4,timelonn,9125.311342051567,1.2143225681249448
2024-05-16,1,4,4,timelonn,9662.529499873446,1.2858112120294443
2024-06-16,1,4,4,timelonn,10344.262204447836,1.3765306820357597
2024-07-16,1,4,4,timelonn,9940.150550639271,1.322754774248299
2024-08-16,1,4,4,timelonn,9500.52722737945,1.2642532609411958
2024-09-16,1,4,4,timelonn,8717.108852905692,1.1600022850842597
2024-10-16,1,4,4,timelonn,9131.279166527072,1.2151167178993003
2024-11-16,1,4,4,timelonn,10278.781783021555,1.3678170775867977
2024-12-16,1,4,4,timelonn,14356.246486789525,1.9104130751284185
2025-01-16,1,4,4,timelonn,9608.179484238708,1.278578751887611
2025-02-16,1,4,4,timelonn,9801.428999324287,1.3042948330876267
2025-03-16,1,4,4,timelonn,6997.9501330421945,0.9312305584584705
2025-04-16,1,4,4,timelonn,9235.879303548301,1.2290360574432027
2025-05-16,1,4,4,timelonn,10044.823150981721,1.3366837566244316
2025-06-16,1,4,4,timelonn,10906.792074273695,1.4513876036868685
2025-07-16,1,4,4,timelonn,10324.26959690964,1.373870227655708
2025-08-16,1,4,4,timelonn,9287.330326357132,1.2358827430858021
2025-09-16,1,4,4,timelonn,9209.492085029136,1.2255246599952925
2025-10-16,1,4,4,timelonn,8262.767734263078,1.099542246701523
2025-11-16,1,4,4,timelonn,9779.144941321993,1.3013294510280695
2025-12-16,1,4,4,timelonn,14619.928150991344,1.9455016966163758
2026-01-16,1,4,4,timelonn,10677.556226741683,1.420882752657995
2026-02-16,1,4,4,timelonn,10833.556762292217,1.4416420411751585
2021-01-16,1,4,5,timelonn,7541.1706954589945,1.1646918098013115
2021-02-16,1,4,5,timelonn,7576.609804818749,1.1701651828470658
2021-03-16,1,4,5,timelonn,8065.11114018897,1.2456114931560611
2021-04-16,1,4,5,timelonn,8107.584302503038,1.2521712365011288
2021-05-16,1,4,5,timelonn,8556.535477209289,1.3215092447888754
2021-06-16,1,4,5,timelonn,7785.826261983761,1.2024774993263185
2021-07-16,1,4,5,timelonn,8439.91355062391,1.3034976378086713
2021-08-16,1,4,5,timelonn,7747.358754532227,1.1965364070633824
2021-09-16,1,4,5,timelonn,7859.007932789985,1.2137800007624562
2021-10-16,1,4,5,timelonn,7394.590738493841,1.142053351894352
2021-11-16,1,4,5,timelonn,6715.17087638915,1.037120738542135
2021-12-16,1,4,5,timelonn,9248.779969876832,1.4284225508986876
2022-01-16,1,4,5,timelonn,7921.583484439664,1.2234444461706562
2022-02-16,1,4,5,timelonn,8174.6259642634095,1.2625254477398153
2022-03-16,1,4,5,timelonn,8031.150434227151,1.2403664512804518
2022-04-16,1,4,5,timelonn,8076.999274416033,1.2474475492708519
2022-05-16,1,4,5,timelonn,7098.471459181726,1.0963193785807968
2022-06-16,1,4,5,timelonn,7366.555077986406,1.137723400286833
2022-07-16,1,4,5,timelonn,7549.199680316653,1.1659318417913531
2022-08-16,1,4,5,timelonn,7799.336816344169,1.2045641291938693
2022-09-16,1,4,5,timelonn,6792.984726801105,1.0491386543172654
2022-10-16,1,4,5,timelonn,6474.820748284877,1.0
2022-11-16,1,4,5,timelonn,6858.886423661718,1.0593168043267571
2022-12-16,1,4,5,timelonn,8984.083420777592,1.3875416432427718
2023-01-16,1,4,5,timelonn,7827.6782990900365,1.208941313342693
2023-02-16,1,4,5,timelonn,7951.77380564946,1.2281071731222544
2023-03-16,1,4,5,timelonn,7723.018413254474,1.1927771769280615
2023-04-16,1,4,5,timelonn,7804.528135759338,1.2053658995620364
2023-05-16,1,4,5,timelonn,7639.228065063073,1.179836224359823
2023-06-16,1,4,5,timelonn,8136.266067618118,1.256600975366514
2023-07-16,1,4,5,timelonn,7398.9105784851035,1.1427205271196132
2023-08-16,1,4,5,timelonn,8165.761182182281,1.2611563315239762
2023-09-16,1,4,5,timelonn,8543.675712582743,1.3195231257708389
2023-10-16,1,4,5,timelonn,7237.973510871775,1.1178646934417529
2023-11-16,1,4,5,timelonn,7634.792621963803,1.1791511948784363
2023-12-16,1,4,5,timelonn,9805.36337700154,1.5143837579749053
2024-01-16,1,4,5,timelonn,8199.060021429947,1.2662991517721638
2024-02-16,1,4,5,timelonn,8259.676409596792,1.2756610152929266
2024-03-16,1,4,5,timelonn,8365.477519850043,1.2920014074622814
2024-04-16,1,4,5,timelonn,8096.584944040504,1.250472446852713
2024-05-16,1,4,5,timelonn,7921.487743190342,1.2234296594679746
2024-06-16,1,4,5,timelonn,7952.421387120789,1.2282071884734904
2024-07-16,1,4,5,timelonn,8035.262405652346,1.241001522363506
2024-08-16,1,4,5,timelonn,8909.948987872665,1.3760919930073483
2024-09-16,1,4,5,timelonn,9330.598748171618,1.4410590054779837
2024-10-16,1,4,5,timelonn,8696.147058869665,1.3430714759436697
2024-11-16,1,4,5,timelonn,9513.472935560085,1.4693029051159634
2024-12-16,1,4,5,timelonn,10905.531500135028,1.6842985966868362
2025-01-16,1,4,5,timelonn,8488.493697226188,1.3110005708613193
2025-02-16,1,4,5,timelonn,6050.422365636929,0.9344540336872851
2025-03-16,1,4,5,timelonn,5489.241844391515,0.8477828279409229
2025-04-16,1,4,5,timelonn,7056.763211508953,1.0898777720415238
2025-05-16,1,4,5,timelonn,8078.671443368452,1.2477058064516182
2025-06-16,1,4,5,timelonn,8148.088563154671,1.2584268939511611
2025-07-16,1,4,5,timelonn,8061.61972489155,1.2450722635104612
2025-08-16,1,4,5,timelonn,8820.725506891735,1.3623119233421663
2025-09-16,1,4,5,timelonn,7569.791854547766,1.1691121884035072
2025-10-16,1,4,5,timelonn,8043.220146741057,1.2422305511502594
2025-11-16,1,4,5,timelonn,7686.891428061735,1.1871975652913518
2025-12-16,1,4,5,timelonn,10755.3812203633,1.6611087223090009
2026-01-16,1,4,5,timelonn,8688.662582328412,1.3419155402302005
2026-02-16,1,4,5,timelonn,8632.832231625105,1.3332928535375852
2021-01-16,1,4,all,timelonn,7137.969397932373,1.0223863585054527
2021-02-16,1,4,all,timelonn,6906.348005536636,0.9892107396814166
2021-03-16,1,4,all,timelonn,7265.062452043843,1.0405901637532031
2021-04-16,1,4,all,timelonn,7507.883401599947,1.075369918687066
2021-05-16,1,4,all,timelonn,7665.517833234935,1.097948229625336
2021-06-16,1,4,all,timelonn,7576.239937562258,1.0851607689956704
2021-07-16,1,4,all,timelonn,7577.501729971465,1.0853414981743092
2021-08-16,1,4,all,timelonn,7602.907621542066,1.0889804374187078
2021-09-16,1,4,all,timelonn,7337.162763496466,1.0509172428934568
2021-10-16,1,4,all,timelonn,6913.174010131506,0.9901884426655331
2021-11-16,1,4,all,timelonn,7049.803325700525,1.0097581466839005
2021-12-16,1,4,all,timelonn,9023.096325338287,1.2923970502281417
2022-01-16,1,4,all,timelonn,7677.249633527601,1.0996286000376
2022-02-16,1,4,all,timelonn,8255.597095398698,1.1824665224955668
2022-03-16,1,4,all,timelonn,8043.425376295516,1.1520767212539729
2022-04-16,1,4,all,timelonn,8407.285509024312,1.2041931727778001
2022-05-16,1,4,all,timelonn,7478.087368512296,1.071102170246562
2022-06-16,1,4,all,timelonn,7640.948157461107,1.094429063326957
2022-07-16,1,4,all,timelonn,7494.284597541399,1.0734221334015932
2022-08-16,1,4,all,timelonn,7585.607388437442,1.0865024886717918
2022-09-16,1,4,all,timelonn,7178.276045150434,1.0281595642976735
2022-10-16,1,4,all,timelonn,6981.675115821005,1.0
2022-11-16,1,4,all,timelonn,7261.015780634598,1.0400105505024984
2022-12-16,1,4,all,timelonn,8936.652468404136,1.2800155149232029
2023-01-16,1,4,all,timelonn,7862.589748119929,1.1261752541739882
2023-02-16,1,4,all,timelonn,7947.317980489776,1.138311056966909
2023-03-16,1,4,all,timelonn,7377.94879677587,1.0567591121587536
2023-04-16,1,4,all,timelonn,7789.939864538132,1.115769458662655
2023-05-16,1,4,all,timelonn,7563.79989860748,1.0833789560713496
2023-06-16,1,4,all,timelonn,8085.425563862863,1.1580924963896808
2023-07-16,1,4,all,timelonn,7960.856504202843,1.1402502081718093
2023-08-16,1,4,all,timelonn,8568.104045401058,1.2272275497301621
2023-09-16,1,4,all,timelonn,8554.412003728015,1.2252664098252106
2023-10-16,1,4,all,timelonn,7802.461945007109,1.1175630225654782
2023-11-16,1,4,all,timelonn,8099.76188709687,1.1601459180966749
2023-12-16,1,4,all,timelonn,9763.849521373408,1.3984966873133045
2024-01-16,1,4,all,timelonn,8108.669258930665,1.161421739684765
2024-02-16,1,4,all,timelonn,8452.521128662438,1.2106723656488088
2024-03-16,1,4,all,timelonn,8335.51574941168,1.1939134392722985
2024-04-16,1,4,all,timelonn,7983.257876921923,1.1434588038666043
2024-05-16,1,4,all,timelonn,8217.577649063262,1.1770209172927006
2024-06-16,1,4,all,timelonn,8364.888411285936,1.1981205473641225
2024-07-16,1,4,all,timelonn,7950.082582140749,1.1387070366716519
2024-08-16,1,4,all,timelonn,8700.765872519418,1.2462289820393995
2024-09-16,1,4,all,timelonn,8492.720223838283,1.2164301665359842
2024-10-16,1,4,all,timelonn,8275.260665272563,1.1852829769348898
2024-11-16,1,4,all,timelonn,8748.325742354462,1.2530410821509141
2024-12-16,1,4,all,timelonn,10231.706232001363,1.4655087872558752
2025-01-16,1,4,all,timelonn,8408.71949766126,1.204398565984038
2025-02-16,1,4,all,timelonn,7989.629631930956,1.1443714437278596
2025-03-16,1,4,all,timelonn,7332.054435500198,1.0501855663385435
2025-04-16,1,4,all,timelonn,8238.887927233825,1.1800732332221935
2025-05-16,1,4,all,timelonn,8414.55356502488,1.2052341917138
2025-06-16,1,4,all,timelonn,8835.992009661257,1.2655977058626273
2025-07-16,1,4,all,timelonn,8147.128584869932,1.1669303497677685
2025-08-16,1,4,all,timelonn,8854.051043229456,1.2681843391946876
2025-09-16,1,4,all,timelonn,8502.863802791255,1.2178830526678506
2025-10-16,1,4,all,timelonn,8205.197207088962,1.175247640569147
2025-11-16,1,4,all,timelonn,8586.380879657145,1.2298453791124933
2025-12-16,1,4,all,timelonn,10564.714519990184,1.5132062642172708
2026-01-16,1,4,all,timelonn,8917.130433149197,1.2772193327848074
2026-02-16,1,4,all,timelonn,9004.881083131915,1.2897880428045372
2021-01-16,2,1,1,kontantlonn,31341.670220837612,0.8729986963300811
2021-02-16,2,1,1,kontantlonn,33867.73643069381,0.9433603743296716
2021-03-16,2,1,1,kontantlonn,35635.86834830092,0.9926103615873502
2021-04-16,2,1,1,kontantlonn,34516.60048421408,0.9614339954490093
2021-05-16,2,1,1,kontantlonn,36814.0623981376,1.0254280723948435
2021-06-16,2,1,1,kontantlonn,47550.11680060257,1.3244728083977566
2021-07-16,2,1,1,kontantlonn,35476.58209435289,0.9881735625571733
2021-08-16,2,1,1,kontantlonn,30195.305757092887,0.8410675747492373
2021-09-16,2,1,1,kontantlonn,34049.55272874688,0.9484247308254643
2021-10-16,2,1,1,kontantlonn,34614.52494546497,0.9641616078068859
2021-11-16,2,1,1,kontantlonn,34947.36678045922,0.9734326672618127
2021-12-16,2,1,1,kontantlonn,36920.19172606164,1.0283842251546438
2022-01-16,2,1,1,kontantlonn,32116.661029454444,0.894585483531373
2022-02-16,2,1,1,kontantlonn,34544.739875984196,0.9622177970829918
2022-03-16,2,1,1,kontantlonn,35077.91454832776,0.9770689773357496
2022-04-16,2,1,1,kontantlonn,35331.747806628235,0.9841393121972976
2022-05-16,2,1,1,kontantlonn,36130.48167853866,1.0063874446031091
2022-06-16,2,1,1,kontantlonn,47611.00008371347,1.3261686665447414
2022-07-16,2,1,1,kontantlonn,35721.733900866726,0.9950020820962262
2022-08-16,2,1,1,kontantlonn,30965.69718966152,0.8625262497833819
2022-09-16,2,1,1,kontantlonn,35775.008415324184,0.9964860037041454
2022-10-16,2,1,1,kontantlonn,35901.164976066946,1.0
2022-11-16,2,1,1,kontantlonn,36877.288023480454,1.0271891747263417
2022-12-16,2,1,1,kontantlonn,38351.69447134776,1.0682576595192503
2023-01-16,2,1,1,kontantlonn,34112.18601555469,0.9501693340117275
2023-02-16,2,1,1,kontantlonn,36540.61132072497,1.0178112979086975
2023-03-16,2,1,1,kontantlonn,36696.924766058604,1.0221652915865582
2023-04-16,2,1,1,kontantlonn,36418.190820010444,1.0144013667603313
2023-05-16,2,1,1,kontantlonn,37879.588708346484,1.055107507892806
2023-06-16,2,1,1,kontantlonn,52018.125353079675,1.4489258325671854
2023-07-16,2,1,1,kontantlonn,37400.78043596136,1.041770662898937
2023-08-16,2,1,1,kontantlonn,33437.39634135473,0.9313735741902901
2023-09-16,2,1,1,kontantlonn,37557.507657295566,1.046136181996679
2023-10-16,2,1,1,kontantlonn,37811.312144908385,1.05320571547232
2023-11-16,2,1,1,kontantlonn,39298.764712623466,1.0946375901400829
2023-12-16,2,1,1,kontantlonn,40182.01818224245,1.119239952492608
2024-01-16,2,1,1,kontantlonn,36817.34088020798,1.025519392051812
2024-02-16,2,1,1,kontantlonn,39673.92103705066,1.1050872879333797
2024-03-16,2,1,1,kontantlonn,38782.59897970254,1.0802601811266144
2024-04-16,2,1,1,kontantlonn,38714.074533078296,1.07835148410606
2024-05-16,2,1,1,kontantlonn,41644.415210426516,1.1599739239155118
2024-06-16,2,1,1,kontantlonn,54084.240022316524,1.506475905680807
2024-07-16,2,1,1,kontantlonn,39443.73286240176,1.0986755691269747
2024-08-16,2,1,1,kontantlonn,35871.37979253705,0.9991703560720174
2024-09-16,2,1,1,kontantlonn,39470.39057166451,1.0994180996069889
2024-10-16,2,1,1,kontantlonn,40604.22824107273,1.1310002967352457
2024-11-16,2,1,1,kontantlonn,41801.954015959585,1.1643620490818702
2024-12-16,2,1,1,kontantlonn,41899.22434102204,1.1670714409672673
2025-01-16,2,1,1,kontantlonn,38869.80042352597,1.0826891118836401
2025-02-16,2,1,1,kontantlonn,41627.3701578445,1.1594991467712776
2025-03-16,2,1,1,kontantlonn,40156.62687281079,1.1185326966292235
2025-04-16,2,1,1,kontantlonn,41302.90987337335,1.1504615491142811
2025-05-16,2,1,1,kontantlonn,43763.555007959134,1.2190009721727288
2025-06-16,2,1,1,kontantlonn,56514.556728991935,1.5741705531468586
2025-07-16,2,1,1,kontantlonn,42307.72577359476,1.1784499417163388
2025-08-16,2,1,1,kontantlonn,37764.513826177616,1.0519021834347952
2025-09-16,2,1,1,kontantlonn,41283.8783965999,1.1499314416153703
2025-10-16,2,1,1,kontantlonn,42573.113183984795,1.1858421088108315
2025-11-16,2,1,1,kontantlonn,43750.21984480357,1.2186295312135162
2025-12-16,2,1,1,kontantlonn,43746.40985325602,1.2185234067590565
2026-01-16,2,1,1,kontantlonn,40323.342526190376,1.1231764360034393
2026-02-16,2,1,1,kontantlonn,42971.952087180885,1.1969514670576176
2021-01-16,2,1,2,kontantlonn,25529.348975531964,0.9095941786909982
2021-02-16,2,1,2,kontantlonn,27128.28641636171,0.9665632847055597
2021-03-16,2,1,2,kontantlonn,28009.197284878665,0.9979495687317061
2021-04-16,2,1,2,kontantlonn,27389.661443416742,0.9758759077298415
2021-05-16,2,1,2,kontantlonn,28683.223517772956,1.021964687108335
2021-06-16,2,1,2,kontantlonn,35703.5170730288,1.2720932022021905
2021-07-16,2,1,2,kontantlonn,28563.902105649315,1.0177133424318658
2021-08-16,2,1,2,kontantlonn,25987.002405368698,0.9259000741541545
2021-09-16,2,1,2,kontantlonn,26892.8724144506,0.9581756362024223
2021-10-16,2,1,2,kontantlonn,27014.768947456352,0.9625187307690293
2021-11-16,2,1,2,kontantlonn,27283.068482013707,0.9720780695133416
2021-12-16,2,1,2,kontantlonn,28666.985119222765,1.0213861234792085
2022-01-16,2,1,2,kontantlonn,25840.372352596412,0.920675740288428
2022-02-16,2,1,2,kontantlonn,27236.279200734192,0.9704109977083468
2022-03-16,2,1,2,kontantlonn,27370.79506101307,0.9752037107371259
2022-04-16,2,1,2,kontantlonn,27741.161989455926,0.9883996446567165
2022-05-16,2,1,2,kontantlonn,28208.229030361355,1.005040940988761
2022-06-16,2,1,2,kontantlonn,35594.815041034584,1.2682202191657415
2022-07-16,2,1,2,kontantlonn,28849.29265844675,1.0278816230929493
2022-08-16,2,1,2,kontantlonn,26256.650245741424,0.9355074521619019
2022-09-16,2,1,2,kontantlonn,27946.77000202686,0.9957253250532668
2022-10-16,2,1,2,kontantlonn,28066.74621892522,1.0
2022-11-16,2,1,2,kontantlonn,28323.408633449857,1.0091447156903273
2022-12-16,2,1,2,kontantlonn,29904.508100577787,1.065478266248525
2023-01-16,2,1,2,kontantlonn,27200.826465368296,0.9691478396960372
2023-02-16,2,1,2,kontantlonn,28376.361514166583,1.0110313925535335
2023-03-16,2,1,2,kontantlonn,28347.198188686958,1.0099923221442972
2023-04-16,2,1,2,kontantlonn,28408.27921105634,1.0121685994331906
2023-05-16,2,1,2,kontantlonn,29196.030815000242,1.0402356791651737
2023-06-16,2,1,2,kontantlonn,38083.460220045126,1.3568890359783032
2023-07-16,2,1,2,kontantlonn,30016.319132568406,1.0694620209423706
2023-08-16,2,1,2,kontantlonn,27512.918663055058,0.9802674826803857
2023-09-16,2,1,2,kontantlonn,29483.636366071452,1.0504828787809695
2023-10-16,2,1,2,kontantlonn,29405.572500407212,1.0477015137785808
2023-11-16,2,1,2,kontantlonn,30042.044861411552,1.070378612008627
2023-12-16,2,1,2,kontantlonn,30769.34518168945,1.0962918516340838
2024-01-16,2,1,2,kontantlonn,28710.992762339345,1.0229540873170297
2024-02-16,2,1,2,kontantlonn,29994.692349100333,1.0686914726465555
2024-03-16,2,1,2,kontantlonn,29550.39205393251,1.052861340728085
2024-04-16,2,1,2,kontantlonn,29579.993366219205,1.0539160163237453
2024-05-16,2,1,2,kontantlonn,31184.36756062014,1.1110788303488037
2024-06-16,2,1,2,kontantlonn,39340.297040874735,1.4016693183461302
2024-07-16,2,1,2,kontantlonn,30837.436935682996,1.0987179167526557
2024-08-16,2,1,2,kontantlonn,29295.306975877684,1.0437728245151572
2024-09-16,2,1,2,kontantlonn,30560.866107244557,1.0888638771614207
2024-10-16,2,1,2,kontantlonn,30817.029504291077,1.0979908131820197
2024-11-16,2,1,2,kontantlonn,31544.853582032025,1.1239227139468537
2024-12-16,2,1,2,kontantlonn,31886.730298552207,1.1361035600575318
2025-01-16,2,1,2,kontantlonn,29771.795947988718,1.0607498181571826
2025-02-16,2,1,2,kontantlonn,31256.856320204544,1.1136615579303688
2025-03-16,2,1,2,kontantlonn,30557.37485437435,1.088739486081565
2025-04-16,2,1,2,kontantlonn,31022.868119550363,1.1053247098030854
2025-05-16,2,1,2,kontantlonn,32261.09582124583,1.1494419613019622
2025-06-16,2,1,2,kontantlonn,40527.746299217746,1.4439773667775626
2025-07-16,2,1,2,kontantlonn,32549.600921345445,1.1597212112673563
2025-08-16,2,1,2,kontantlonn,30377.680431682486,1.082337090118377
2025-09-16,2,1,2,kontantlonn,31434.47858196146,1.119990124140767
2025-10-16,2,1,2,kontantlonn,31775.715839576395,1.1321481867445768
2025-11-16,2,1,2,kontantlonn,31960.30382901278,1.1387249373232358
2025-12-16,2,1,2,kontantlonn,32488.795210114804,1.1575547431361255
2026-01-16,2,1,2,kontantlonn,30482.35582506161,1.086066606627439
2026-02-16,2,1,2,kontantlonn,31675.74662609707,1.1285863483790053
2021-01-16,2,1,3,kontantlonn,23391.415975312546,0.931120862722892
2021-02-16,2,1,3,kontantlonn,23030.476240007494,0.916753262314139
2021-03-16,2,1,3,kontantlonn,23007.40365222152,0.9158348327557404
2021-04-16,2,1,3,kontantlonn,23503.20568352241,0.9355707741631301
2021-05-16,2,1,3,kontantlonn,26927.59978121655,1.0718825215970322
2021-06-16,2,1,3,kontantlonn,29830.7451419835,1.1874453937113256
2021-07-16,2,1,3,kontantlonn,24361.799150887822,0.9697480249505672
2021-08-16,2,1,3,kontantlonn,24555.89076828719,0.977474053782294
2021-09-16,2,1,3,kontantlonn,24046.47990298122,0.9571963978727625
2021-10-16,2,1,3,kontantlonn,23857.85798735536,0.9496880964945408
2021-11-16,2,1,3,kontantlonn,24184.660088487937,0.9626968110874227
2021-12-16,2,1,3,kontantlonn,24929.073216368277,0.9923289887454888
2022-01-16,2,1,3,kontantlonn,24148.44804933216,0.9612553513153734
2022-02-16,2,1,3,kontantlonn,24185.551900448514,0.962732310636616
2022-03-16,2,1,3,kontantlonn,23920.11317150693,0.9521662320993867
2022-04-16,2,1,3,kontantlonn,24385.83560255169,0.9707048221634286
2022-05-16,2,1,3,kontantlonn,26978.319103713842,1.0739014596284127
2022-06-16,2,1,3,kontantlonn,30060.628166726834,1.1965961386063875
2022-07-16,2,1,3,kontantlonn,25245.176822268266,1.004911838049954
2022-08-16,2,1,3,kontantlonn,25447.756101622283,1.0129757275366345
2022-09-16,2,1,3,kontantlonn,25413.915347162583,1.011628659342004
2022-10-16,2,1,3,kontantlonn,25121.782694148475,1.0
2022-11-16,2,1,3,kontantlonn,25557.83693824328,1.0173576154767223
2022-12-16,2,1,3,kontantlonn,26194.585789292563,1.0427040989966836
2023-01-16,2,1,3,kontantlonn,25591.474993207834,1.0186966149965448
2023-02-16,2,1,3,kontantlonn,25552.769950509035,1.0171559184954237
2023-03-16,2,1,3,kontantlonn,25309.995791024536,1.007492027901344
2023-04-16,2,1,3,kontantlonn,25718.43836054574,1.0237505305121615
2023-05-16,2,1,3,kontantlonn,28192.730511166585,1.1222424321715598
2023-06-16,2,1,3,kontantlonn,32327.675419565006,1.286838430741421
2023-07-16,2,1,3,kontantlonn,26816.85067597719,1.0674740324946583
2023-08-16,2,1,3,kontantlonn,27267.63857721687,1.0854181372872165
2023-09-16,2,1,3,kontantlonn,27235.032663430877,1.084120223274387
2023-10-16,2,1,3,kontantlonn,26936.334701732085,1.0722302246490758
2023-11-16,2,1,3,kontantlonn,27262.179734543533,1.0852008420920547
2023-12-16,2,1,3,kontantlonn,27664.62729122829,1.1012207066687234
2024-01-16,2,1,3,kontantlonn,27219.172082532707,1.083488875527642
2024-02-16,2,1,3,kontantlonn,27371.430905775906,1.0895497042951268
2024-03-16,2,1,3,kontantlonn,26977.473129843882,1.073867784714484
2024-04-16,2,1,3,kontantlonn,27332.118084830778,1.0879848145170505
2024-05-16,2,1,3,kontantlonn,29910.967253763956,1.1906387224952395
2024-06-16,2,1,3,kontantlonn,34124.268483068445,1.3583537800053054
2024-07-16,2,1,3,kontantlonn,28222.33481426046,1.1234208637922094
2024-08-16,2,1,3,kontantlonn,28920.159524076516,1.151198538581929
2024-09-16,2,1,3,kontantlonn,28701.02854900078,1.1424757907680654
2024-10-16,2,1,3,kontantlonn,28331.240033092166,1.1277559549820984
2024-11-16,2,1,3,kontantlonn,28845.555286580555,1.1482288354201649
2024-12-16,2,1,3,kontantlonn,28952.349389008727,1.1524798913156944
2025-01-16,2,1,3,kontantlonn,28724.369405960595,1.1434048990739523
2025-02-16,2,1,3,kontantlonn,29041.789669886253,1.1560401593892797
2025-03-16,2,1,3,kontantlonn,28366.017959953235,1.1291403283478139
2025-04-16,2,1,3,kontantlonn,28746.304269017142,1.1442780402567894
2025-05-16,2,1,3,kontantlonn,31786.692300976058,1.2653040068044221
2025-06-16,2,1,3,kontantlonn,35784.316022474064,1.4244337855374083
2025-07-16,2,1,3,kontantlonn,29791.53245190852,1.1858844897519056
2025-08-16,2,1,3,kontantlonn,30182.59247459591,1.2014510610995066
2025-09-16,2,1,3,kontantlonn,29867.120291654668,1.1888933462756013
2025-10-16,2,1,3,kontantlonn,29755.10853251104,1.1844345958554043
2025-11-16,2,1,3,kontantlonn,30120.88477417732,1.1989947186826542
2025-12-16,2,1,3,kontantlonn,29974.282265051603,1.1931590456768582
2026-01-16,2,1,3,kontantlonn,29841.257004764757,1.1878638298911635
2026-02-16,2,1,3,kontantlonn,30023.631217718743,1.1951234346403306
2021-01-16,2,1,4,kontantlonn,41696.90024394137,0.9289686938637978
2021-02-16,2,1,4,kontantlonn,43509.400544295124,0.9693495381662954
2021-03-16,2,1,4,kontantlonn,44752.30293001774,0.9970402633547392
2021-04-16,2,1,4,kontantlonn,42930.85458444034,0.9564600648116288
2021-05-16,2,1,4,kontantlonn,43912.0251096067,0.9783196442021589
2021-06-16,2,1,4,kontantlonn,47488.28175144748,1.057995362110597
2021-07-16,2,1,4,kontantlonn,42928.6739148584,0.9564114814934102
2021-08-16,2,1,4,kontantlonn,41143.36256687433,0.9166363821125405
2021-09-16,2,1,4,kontantlonn,42400.859707222866,0.9446522650480298
2021-10-16,2,1,4,kontantlonn,42952.33427924327,0.9569386127110873
2021-11-16,2,1,4,kontantlonn,42824.29129654694,0.9540859324951012
2021-12-16,2,1,4,kontantlonn,45181.92172501541,1.006611776069436
2022-01-16,2,1,4,kontantlonn,43043.36732896507,0.9589667455651785
2022-02-16,2,1,4,kontantlonn,44647.70783798754,0.9947099806368536
2022-03-16,2,1,4,kontantlonn,45339.803037674275,1.0101292269098618
2022-04-16,2,1,4,kontantlonn,44811.18780684515,0.9983521644024109
2022-05-16,2,1,4,kontantlonn,44275.86956564258,0.986425764971708
2022-06-16,2,1,4,kontantlonn,47012.115448093464,1.047386813602174
2022-07-16,2,1,4,kontantlonn,43794.24540157188,0.975695620332359
2022-08-16,2,1,4,kontantlonn,41963.74422510837,0.9349137330201832
2022-09-16,2,1,4,kontantlonn,44575.42443792368,0.9930995727803339
2022-10-16,2,1,4,kontantlonn,44885.151156724365,1.0
2022-11-16,2,1,4,kontantlonn,44789.33199446717,0.9978652369483478
2022-12-16,2,1,4,kontantlonn,47263.332807723375,1.0529837059631406
2023-01-16,2,1,4,kontantlonn,44919.05898488814,1.0007554353119004
2023-02-16,2,1,4,kontantlonn,46667.316305807464,1.0397050049549874
2023-03-16,2,1,4,kontantlonn,47034.925620205475,1.0478950033157914
2023-04-16,2,1,4,kontantlonn,46352.8330454748,1.0326986063525945
2023-05-16,2,1,4,kontantlonn,46298.039151810706,1.0314778486576328
2023-06-16,2,1,4,kontantlonn,50032.38068075413,1.11467555285839
2023-07-16,2,1,4,kontantlonn,46110.08234009578,1.02729034328289
2023-08-16,2,1,4,kontantlonn,44438.456041438585,0.990048042531347
2023-09-16,2,1,4,kontantlonn,46760.228692657656,1.0417750077166084
2023-10-16,2,1,4,kontantlonn,47553.69565331284,1.0594527238478217
2023-11-16,2,1,4,kontantlonn,47098.21689366805,1.0493050748390347
2023-12-16,2,1,4,kontantlonn,48940.19118048381,1.090342572526949
2024-01-16,2,1,4,kontantlonn,47488.392955812575,1.057997839641857
2024-02-16,2,1,4,kontantlonn,49150.00786412387,1.0950170957987422
2024-03-16,2,1,4,kontantlonn,49541.99959271063,1.103750311984604
2024-04-16,2,1,4,kontantlonn,48644.01506201777,1.0837440402543965
2024-05-16,2,1,4,kontantlonn,49368.31514774427,1.0998807818506873
2024-06-16,2,1,4,kontantlonn,53009.625636314784,1.1810058397981638
2024-07-16,2,1,4,kontantlonn,48685.786509385885,1.084674669789814
2024-08-16,2,1,4,kontantlonn,47104.18843334035,1.0494381152659558
2024-09-16,2,1,4,kontantlonn,48794.84988944063,1.0871045018666612
2024-10-16,2,1,4,kontantlonn,50012.7202035281,1.1142375354579943
2024-11-16,2,1,4,kontantlonn,49755.39587968804,1.108504585535612
2024-12-16,2,1,4,kontantlonn,51006.549023164924,1.1363791300393893
2025-01-16,2,1,4,kontantlonn,49377.83593009348,1.1000928961491545
2025-02-16,2,1,4,kontantlonn,51002.563976416444,1.1362903468528391
2025-03-16,2,1,4,kontantlonn,51461.61397700988,1.1465175598344906
2025-04-16,2,1,4,kontantlonn,50785.97026684069,1.1314648376589527
2025-05-16,2,1,4,kontantlonn,51359.26159583423,1.1442372426574743
2025-06-16,2,1,4,kontantlonn,55155.17528026222,1.2288067180096658
2025-07-16,2,1,4,kontantlonn,50338.22254537955,1.1214894290901423
2025-08-16,2,1,4,kontantlonn,48771.23553159184,1.0865783956324115
2025-09-16,2,1,4,kontantlonn,50666.689139417445,1.1288073635422509
2025-10-16,2,1,4,kontantlonn,51695.27723835253,1.1517233629858885
2025-11-16,2,1,4,kontantlonn,51340.299467986755,1.1438147838407207
2025-12-16,2,1,4,kontantlonn,52413.833468119126,1.1677321367395432
2026-01-16,2,1,4,kontantlonn,51177.30149475647,1.1401833384956634
2026-02-16,2,1,4,kontantlonn,52948.4297116777,1.17964245072494
2021-01-16,2,1,5,kontantlonn,36866.28933250271,0.9142166026223203
2021-02-16,2,1,5,kontantlonn,38046.22179703726,0.9434767714264403
2021-03-16,2,1,5,kontantlonn,39195.87162334391,0.971985986143767
2021-04-16,2,1,5,kontantlonn,38308.15496833404,0.9499722353940036
2021-05-16,2,1,5,kontantlonn,38315.23158772654,0.9501477226224772
2021-06-16,2,1,5,kontantlonn,40356.952905171165,1.0007786800671188
2021-07-16,2,1,5,kontantlonn,37461.244744092146,0.928970409553888
2021-08-16,2,1,5,kontantlonn,36659.80852710789,0.9090962559904083
2021-09-16,2,1,5,kontantlonn,37629.12466575617,0.9331335248120562
2021-10-16,2,1,5,kontantlonn,37963.432783992605,0.9414237551991356
2021-11-16,2,1,5,kontantlonn,37802.82040769469,0.9374408617846709
2021-12-16,2,1,5,kontantlonn,39047.43638816333,0.9683050635753924
2022-01-16,2,1,5,kontantlonn,38193.40739604624,0.9471267053014585
2022-02-16,2,1,5,kontantlonn,39357.78011667509,0.9760010208920139
2022-03-16,2,1,5,kontantlonn,40445.82532437443,1.0029825536497852
2022-04-16,2,1,5,kontantlonn,39994.572157635,0.9917922997758923
2022-05-16,2,1,5,kontantlonn,38925.4561557799,0.9652801767300992
2022-06-16,2,1,5,kontantlonn,40013.505065419005,0.9922618012892112
2022-07-16,2,1,5,kontantlonn,39186.88325647883,0.9717630910716754
2022-08-16,2,1,5,kontantlonn,38469.611227817215,0.9539760555692736
2022-09-16,2,1,5,kontantlonn,39973.06866753992,0.991259052518976
2022-10-16,2,1,5,kontantlonn,40325.55220147632,1.0
2022-11-16,2,1,5,kontantlonn,40228.40152613854,0.997590840793639
2022-12-16,2,1,5,kontantlonn,41400.187289903086,1.0266489863066879
2023-01-16,2,1,5,kontantlonn,40239.019024925394,0.9978541353601661
2023-02-16,2,1,5,kontantlonn,41628.8519410632,1.0323194517727936
2023-03-16,2,1,5,kontantlonn,42494.50253569811,1.0537860045507916
2023-04-16,2,1,5,kontantlonn,41758.876119336375,1.0355438137759112
2023-05-16,2,1,5,kontantlonn,41273.20097497208,1.0234999577627872
2023-06-16,2,1,5,kontantlonn,43219.486202690314,1.0717642745908398
2023-07-16,2,1,5,kontantlonn,41840.407096175215,1.0375656330043619
2023-08-16,2,1,5,kontantlonn,41122.53059676219,1.0197636077319903
2023-09-16,2,1,5,kontantlonn,42675.34878290761,1.0582706609866404
2023-10-16,2,1,5,kontantlonn,42703.98638743558,1.0589808212439602
2023-11-16,2,1,5,kontantlonn,42459.289910176565,1.0529127957886248
2023-12-16,2,1,5,kontantlonn,43119.37748577869,1.069281761359243
2024-01-16,2,1,5,kontantlonn,42489.091168490486,1.0536518125332692
2024-02-16,2,1,5,kontantlonn,43933.073888015235,1.0894599451115972
2024-03-16,2,1,5,kontantlonn,45208.94836591665,1.1210993005140188
2024-04-16,2,1,5,kontantlonn,43928.61891260495,1.089349469862851
2024-05-16,2,1,5,kontantlonn,44410.71393513778,1.1013045453971961
2024-06-16,2,1,5,kontantlonn,46452.977379757904,1.1519489466050574
2024-07-16,2,1,5,kontantlonn,43594.49202927955,1.08106373377036
2024-08-16,2,1,5,kontantlonn,43494.97014040427,1.078595772801641
2024-09-16,2,1,5,kontantlonn,44139.86161709118,1.0945879028899006
2024-10-16,2,1,5,kontantlonn,44703.200243124746,1.108557671319084
2024-11-16,2,1,5,kontantlonn,44569.904170018715,1.105252172303471
2024-12-16,2,1,5,kontantlonn,44837.48276368642,1.1118876324288727
2025-01-16,2,1,5,kontantlonn,44330.02575521378,1.0993036259920292
2025-02-16,2,1,5,kontantlonn,45684.114811636384,1.1328825600053132
2025-03-16,2,1,5,kontantlonn,46831.6466721967,1.1613392530426947
2025-04-16,2,1,5,kontantlonn,46231.18122999472,1.146448807421469
2025-05-16,2,1,5,kontantlonn,45438.001651565,1.1267794034052065
2025-06-16,2,1,5,kontantlonn,48271.60082487115,1.1970474845253063
2025-07-16,2,1,5,kontantlonn,45230.61599860554,1.1216366182072925
2025-08-16,2,1,5,kontantlonn,44801.347258365546,1.1109915379342374
2025-09-16,2,1,5,kontantlonn,45715.4271878155,1.1336590497114596
2025-10-16,2,1,5,kontantlonn,46094.38279496065,1.1430564562305767
2025-11-16,2,1,5,kontantlonn,45715.39862487262,1.1336583414026746
2025-12-16,2,1,5,kontantlonn,46291.967258464145,1.1479561898415713
2026-01-16,2,1,5,kontantlonn,45411.902656528815,1.126132196023996
2026-02-16,2,1,5,kontantlonn,46953.36878270301,1.1643577389371507
2021-01-16,2,1,all,kontantlonn,29797.382113881406,0.9004748033975862
2021-02-16,2,1,all,kontantlonn,31102.0477814812,0.9399017086217268
2021-03-16,2,1,all,kontantlonn,32021.548041548256,0.9676889421694077
2021-04-16,2,1,all,kontantlonn,31438.51723725475,0.9500697920419087
2021-05-16,2,1,all,kontantlonn,33277.77310160754,1.0056519756216997
2021-06-16,2,1,all,kontantlonn,38702.13568952721,1.1695758336386994
2021-07-16,2,1,all,kontantlonn,31883.4117520348,0.9635144731618182
2021-08-16,2,1,all,kontantlonn,29881.72767692118,0.9030237204133638
2021-09-16,2,1,all,kontantlonn,31199.116869112462,0.9428351296607524
2021-10-16,2,1,all,kontantlonn,31433.563087806215,0.9499200779920763
2021-11-16,2,1,all,kontantlonn,31591.581310857524,0.9546953776406006
2021-12-16,2,1,all,kontantlonn,32958.48774691089,0.996003194534174
2022-01-16,2,1,all,kontantlonn,30708.317153298227,0.9280031965762844
2022-02-16,2,1,all,kontantlonn,32004.682902392717,0.9671792788437062
2022-03-16,2,1,all,kontantlonn,32355.815984878598,0.9777904960375337
2022-04-16,2,1,all,kontantlonn,32460.325944556513,0.9809487797093808
2022-05-16,2,1,all,kontantlonn,33193.896054819714,1.003117217134287
2022-06-16,2,1,all,kontantlonn,38742.98241123774,1.1708102187118965
2022-07-16,2,1,all,kontantlonn,32766.762308979687,0.990209265209524
2022-08-16,2,1,all,kontantlonn,30900.333570578037,0.9338059192764975
2022-09-16,2,1,all,kontantlonn,32998.67781426993,0.9972177355587968
2022-10-16,2,1,all,kontantlonn,33090.74501746495,1.0
2022-11-16,2,1,all,kontantlonn,33443.2699202113,1.0106532779047523
2022-12-16,2,1,all,kontantlonn,34699.833316964774,1.0486265358682787
2023-01-16,2,1,all,kontantlonn,32572.467421711677,0.9843376873056279
2023-02-16,2,1,all,kontantlonn,33859.862953800584,1.0232426902425347
2023-03-16,2,1,all,kontantlonn,34024.783223021834,1.0282265692435728
2023-04-16,2,1,all,kontantlonn,33844.07635971927,1.022765620473541
2023-05-16,2,1,all,kontantlonn,34864.721636464325,1.0536094493509618
2023-06-16,2,1,all,kontantlonn,41789.948923503485,1.262889333602105
2023-07-16,2,1,all,kontantlonn,34614.05423928931,1.0460342981404733
2023-08-16,2,1,all,kontantlonn,33025.9382816719,0.9980415449770368
2023-09-16,2,1,all,kontantlonn,35002.265549717995,1.0577660167894125
2023-10-16,2,1,all,kontantlonn,35076.6620886882,1.0600142749936607
2023-11-16,2,1,all,kontantlonn,35514.66775572748,1.073250775616663
2023-12-16,2,1,all,kontantlonn,36207.76295923353,1.0941960641902577
2024-01-16,2,1,all,kontantlonn,34637.20536042042,1.0467339234018231
2024-02-16,2,1,all,kontantlonn,36097.21781132554,1.0908553975522102
2024-03-16,2,1,all,kontantlonn,35951.760713079006,1.0864596942167377
2024-04-16,2,1,all,kontantlonn,35667.099006994235,1.077857237368621
2024-05-16,2,1,all,kontantlonn,37469.95829687508,1.1323395190135135
2024-06-16,2,1,all,kontantlonn,43905.09799640039,1.3268089906476188
2024-07-16,2,1,all,kontantlonn,36172.69113810663,1.0931361962087909
2024-08-16,2,1,all,kontantlonn,35071.43448720591,1.059856297242494
2024-09-16,2,1,all,kontantlonn,36447.662830061185,1.1014458215076297
2024-10-16,2,1,all,kontantlonn,36920.54671330376,1.1157363393848485
2024-11-16,2,1,all,kontantlonn,37413.899401217306,1.1306454231075982
2024-12-16,2,1,all,kontantlonn,37650.01697228779,1.1377808795908495
2025-01-16,2,1,all,kontantlonn,36198.512082895206,1.093916503354337
2025-02-16,2,1,all,kontantlonn,37687.0670116844,1.138900529190067
2025-03-16,2,1,all,kontantlonn,37269.27588188608,1.1262749104686445
2025-04-16,2,1,all,kontantlonn,37494.969015168885,1.1330953411710565
2025-05-16,2,1,all,kontantlonn,39017.161175682144,1.1790958817968376
2025-06-16,2,1,all,kontantlonn,45610.85977265281,1.3783569922218395
2025-07-16,2,1,all,kontantlonn,37994.785526851534,1.1481997611960166
2025-08-16,2,1,all,kontantlonn,36402.50160879355,1.100081052559581
2025-09-16,2,1,all,kontantlonn,37764.44933250286,1.1412390175129383
2025-10-16,2,1,all,kontantlonn,38259.21331098763,1.1561907503380422
2025-11-16,2,1,all,kontantlonn,38526.12590903942,1.1642568303828076
2025-12-16,2,1,all,kontantlonn,38724.850115465466,1.1702622620018648
2026-01-16,2,1,all,kontantlonn,37193.485042862136,1.123984516614292
2026-02-16,2,1,all,kontantlonn,38609.191943595055,1.166767080137287
2021-01-16,2,1,1,ny_jobb,0.04350711959089133,1.1296098094145601
2021-02-16,2,1,1,ny_jobb,0.030779182358959156,0.7991442928278567
2021-03-16,2,1,1,ny_jobb,0.03544528807228521,0.920294091644737
2021-04-16,2,1,1,ny_jobb,0.03289474995705856,0.8540724501907038
2021-05-16,2,1,1,ny_jobb,0.03743174649350918,0.9718700851765759
2021-06-16,2,1,1,ny_jobb,0.0590200072281291,1.5323831994286021
2021-07-16,2,1,1,ny_jobb,0.051171065378779454,1.3285949047788672
2021-08-16,2,1,1,ny_jobb,0.03633547364534737,0.9434066848245637
2021-09-16,2,1,1,ny_jobb,0.04720668795845875,1.2256646334962467
2021-10-16,2,1,1,ny_jobb,0.03984728910729042,1.0345867314920318
2021-11-16,2,1,1,ny_jobb,0.03795141139618044,0.9853625566889583
2021-12-16,2,1,1,ny_jobb,0.033183098239664505,0.8615590650625307
2022-01-16,2,1,1,ny_jobb,0.04350811456171768,1.129635642630275
2022-02-16,2,1,1,ny_jobb,0.0383094160201649,0.9946577143291642
2022-03-16,2,1,1,ny_jobb,0.03724044958704569,0.9669032920612474
2022-04-16,2,1,1,ny_jobb,0.03442995498169262,0.8939321943336423
2022-05-16,2,1,1,ny_jobb,0.04075166694449193,1.0580678096678857
2022-06-16,2,1,1,ny_jobb,0.049238477060634694,1.2784175834056233
2022-07-16,2,1,1,ny_jobb,0.04372089584284595,1.1351602515835326
2022-08-16,2,1,1,ny_jobb,0.03434104945673616,0.8916238697640931
2022-09-16,2,1,1,ny_jobb,0.0428961778697849,1.113747445561658
2022-10-16,2,1,1,ny_jobb,0.03851517508814805,1.0
2022-11-16,2,1,1,ny_jobb,0.03367477547783577,0.8743248706715142
2022-12-16,2,1,1,ny_jobb,0.030032224390777115,0.7797504314090131
2023-01-16,2,1,1,ny_jobb,0.049658847487618785,1.2893319937911922
2023-02-16,2,1,1,ny_jobb,0.030967319481809526,0.8040290459782653
2023-03-16,2,1,1,ny_jobb,0.0304161286461452,0.789718041694815
2023-04-16,2,1,1,ny_jobb,0.030978053423449645,0.8043077398077897
2023-05-16,2,1,1,ny_jobb,0.03780854715093696,0.981653259122051
2023-06-16,2,1,1,ny_jobb,0.04194249236185922,1.0889861532725014
2023-07-16,2,1,1,ny_jobb,0.0437094283615682,1.1348625122833347
2023-08-16,2,1,1,ny_jobb,0.033126647480157395,0.8600933892768717
2023-09-16,2,1,1,ny_jobb,0.04084989754309705,1.0606182485112847
2023-10-16,2,1,1,ny_jobb,0.03844600685154405,0.9982041302825263
2023-11-16,2,1,1,ny_jobb,0.032401085208868516,0.8412550412847281
2023-12-16,2,1,1,ny_jobb,0.02761407983046727,0.7169662286947442
2024-01-16,2,1,1,ny_jobb,0.040430444381282085,1.0497276538078988
2024-02-16,2,1,1,ny_jobb,0.02924913740168437,0.7594185236012327
2024-03-16,2,1,1,ny_jobb,0.02893347158166949,0.7512226418665027
2024-04-16,2,1,1,ny_jobb,0.032300758708579846,0.8386501848856839
2024-05-16,2,1,1,ny_jobb,0.03391747698920695,0.8806263222634054
2024-06-16,2,1,1,ny_jobb,0.04169789545597314,1.082635490051413
2024-07-16,2,1,1,ny_jobb,0.04545844918221763,1.1802737253090192
2024-08-16,2,1,1,ny_jobb,0.032843411605355026,0.8527395118985621
2024-09-16,2,1,1,ny_jobb,0.04028492085385975,1.0459493111912734
2024-10-16,2,1,1,ny_jobb,0.035988347805499456,0.9343939816743517
2024-11-16,2,1,1,ny_jobb,0.03195498211457345,0.829672513274039
2024-12-16,2,1,1,ny_jobb,0.029460631339284747,0.7649097082347269
2025-01-16,2,1,1,ny_jobb,0.0431715096572354,1.1208961028589535
2025-02-16,2,1,1,ny_jobb,0.0316119488546347,0.8207660690178811
2025-03-16,2,1,1,ny_jobb,0.03129409950778165,0.8125134946462055
2025-04-16,2,1,1,ny_jobb,0.0368791782566974,0.9575233183360476
2025-05-16,2,1,1,ny_jobb,0.0351007715045446,0.9113491350931406
2025-06-16,2,1,1,ny_jobb,0.041829705010424496,1.086057765924486
2025-07-16,2,1,1,ny_jobb,0.0418522814354999,1.0866439355322766
2025-08-16,2,1,1,ny_jobb,0.031176032333867086,0.8094480230848184
2025-09-16,2,1,1,ny_jobb,0.03856553551476601,1.0013075476484972
2025-10-16,2,1,1,ny_jobb,0.03151338792801639,0.8182070536066117
2025-11-16,2,1,1,ny_jobb,0.027782706065137257,0.7213444052000842
2025-12-16,2,1,1,ny_jobb,0.028914086977337546,0.750719344029025
2026-01-16,2,1,1,ny_jobb,0.033961762319761946,0.8817761373805285
2026-02-16,2,1,1,ny_jobb,0.025459869688857044,0.6610347643646464
2021-01-16,2,1,2,ny_jobb,0.04605662701549444,1.0797928508612136
2021-02-16,2,1,2,ny_jobb,0.036230728339917244,0.849425673959494
2021-03-16,2,1,2,ny_jobb,0.03178483690663096,0.745192209712262
2021-04-16,2,1,2,ny_jobb,0.03265270506312727,0.7655392887669124
2021-05-16,2,1,2,ny_jobb,0.04074332064283413,0.9552229331878288
2021-06-16,2,1,2,ny_jobb,0.058464820090691094,1.370701652545616
2021-07-16,2,1,2,ny_jobb,0.06160227643208678,1.4442589915619644
2021-08-16,2,1,2,ny_jobb,0.05360220166379312,1.256698067088435
2021-09-16,2,1,2,ny_jobb,0.0601424027779434,1.4100324049216892
2021-10-16,2,1,2,ny_jobb,0.04918784079773257,1.153203833724578
2021-11-16,2,1,2,ny_jobb,0.04881216860107538,1.1443962379776882
2021-12-16,2,1,2,ny_jobb,0.04336457014473608,1.016677856309425
2022-01-16,2,1,2,ny_jobb,0.04772115198058751,1.1188174662934909
2022-02-16,2,1,2,ny_jobb,0.04142882757265929,0.9712945721680781
2022-03-16,2,1,2,ny_jobb,0.04245734088612589,0.9954079602918587
2022-04-16,2,1,2,ny_jobb,0.04084053758968517,0.9575021744391908
2022-05-16,2,1,2,ny_jobb,0.05055485729508725,1.185253393940013
2022-06-16,2,1,2,ny_jobb,0.051678796720379686,1.2116040373734442
2022-07-16,2,1,2,ny_jobb,0.04969864243715347,1.1651795252633725
2022-08-16,2,1,2,ny_jobb,0.05015073832067411,1.175778866434517
2022-09-16,2,1,2,ny_jobb,0.054774463211035414,1.2841816176668541
2022-10-16,2,1,2,ny_jobb,0.04265320610222685,1.0
2022-11-16,2,1,2,ny_jobb,0.041070851100857717,0.9629018508579001
2022-12-16,2,1,2,ny_jobb,0.040961483357566705,0.9603377354423113
2023-01-16,2,1,2,ny_jobb,0.05581749722703358,1.308635442157757
2023-02-16,2,1,2,ny_jobb,0.043873060251433796,1.0285993542029015
2023-03-16,2,1,2,ny_jobb,0.05427513974438541,1.2724750307000203
2023-04-16,2,1,2,ny_jobb,0.039492714255703554,0.9259025959514379
2023-05-16,2,1,2,ny_jobb,0.04325465455893923,1.01410089678302
2023-06-16,2,1,2,ny_jobb,0.04578353058984616,1.0733901334431195
2023-07-16,2,1,2,ny_jobb,0.04945901473630737,1.1595614786323225
2023-08-16,2,1,2,ny_jobb,0.04653369329479213,1.0909776203754749
2023-09-16,2,1,2,ny_jobb,0.047564690277419636,1.1151492378655297
2023-10-16,2,1,2,ny_jobb,0.04532255214737335,1.0625825415971988
2023-11-16,2,1,2,ny_jobb,0.0399634775670525,0.9369395930348615
2023-12-16,2,1,2,ny_jobb,0.041376692713312735,0.9700722757896628
2024-01-16,2,1,2,ny_jobb,0.04089417991179198,0.9587598131259109
2024-02-16,2,1,2,ny_jobb,0.03830166773200109,0.8979786335452383
2024-03-16,2,1,2,ny_jobb,0.0349213625155686,0.818727727802516
2024-04-16,2,1,2,ny_jobb,0.03563786952990694,0.8355261605538803
2024-05-16,2,1,2,ny_jobb,0.04293859561900901,1.0066909276666838
2024-06-16,2,1,2,ny_jobb,0.04342316768623634,1.0180516696016735
2024-07-16,2,1,2,ny_jobb,0.048579261207202615,1.1389357482476885
2024-08-16,2,1,2,ny_jobb,0.044680625458715706,1.0475326368580533
2024-09-16,2,1,2,ny_jobb,0.04700427925062661,1.1020104593772284
2024-10-16,2,1,2,ny_jobb,0.03746149459576729,0.8782808613726105
2024-11-16,2,1,2,ny_jobb,0.03850698056869522,0.9027921717398129
2024-12-16,2,1,2,ny_jobb,0.03811593265168379,0.8936240938214917
2025-01-16,2,1,2,ny_jobb,0.045566362789657505,1.0682986568570882
2025-02-16,2,1,2,ny_jobb,0.03357953637590521,0.7872687529144985
2025-03-16,2,1,2,ny_jobb,0.030605831290944418,0.7175505451475672
2025-04-16,2,1,2,ny_jobb,0.03836605810876952,0.8994882592604567
2025-05-16,2,1,2,ny_jobb,0.03709098218033502,0.8695942361622041
2025-06-16,2,1,2,ny_jobb,0.043217354795158994,1.013226407683869
2025-07-16,2,1,2,ny_jobb,0.042375225963933526,0.9934827844446888
2025-08-16,2,1,2,ny_jobb,0.043643465526642077,1.0232165296564548
2025-09-16,2,1,2,ny_jobb,0.05042929595823914,1.1823096214004487
2025-10-16,2,1,2,ny_jobb,0.03870727739210229,0.9074881100223191
2025-11-16,2,1,2,ny_jobb,0.03937408786393154,0.923121412481016
2025-12-16,2,1,2,ny_jobb,0.04108561738916696,0.963248044958148
2026-01-16,2,1,2,ny_jobb,0.03113096519648174,0.7298622551812453
2026-02-16,2,1,2,ny_jobb,0.02953229941877999,0.6923817015771333
2021-01-16,2,1,3,ny_jobb,0.040402905223918706,1.0690554406770847
2021-02-16,2,1,3,ny_jobb,0.026520807359983488,0.7017369974314267
2021-03-16,2,1,3,ny_jobb,0.030906953796754885,0.8177938424986211
2021-04-16,2,1,3,ny_jobb,0.02715940864537893,0.7186343015928912
2021-05-16,2,1,3,ny_jobb,0.033302393034646605,0.8811768427033557
2021-06-16,2,1,3,ny_jobb,0.04760472294934869,1.2596145695185836
2021-07-16,2,1,3,ny_jobb,0.04792680477406253,1.2681368113015754
2021-08-16,2,1,3,ny_jobb,0.03728996384593144,0.9866874303025245
2021-09-16,2,1,3,ny_jobb,0.050674684633641505,1.340845342975946
2021-10-16,2,1,3,ny_jobb,0.03968069033809546,1.04994573188886
2021-11-16,2,1,3,ny_jobb,0.03978953576904569,1.052825767359213
2021-12-16,2,1,3,ny_jobb,0.03678365646795291,0.973290605146435
2022-01-16,2,1,3,ny_jobb,0.04080166495640212,1.0796065695914965
2022-02-16,2,1,3,ny_jobb,0.03531366464191546,0.9343948190472254
2022-03-16,2,1,3,ny_jobb,0.034592630730597686,0.9153163586856519
2022-04-16,2,1,3,ny_jobb,0.0332838507567645,0.8806862165233187
2022-05-16,2,1,3,ny_jobb,0.03745219518927121,0.9909800498377915
2022-06-16,2,1,3,ny_jobb,0.04873031381489734,1.2893975525026597
2022-07-16,2,1,3,ny_jobb,0.04449234570564506,1.177261486061329
2022-08-16,2,1,3,ny_jobb,0.03895150246186082,1.0306515187117613
2022-09-16,2,1,3,ny_jobb,0.056210963187281776,1.4873345292379565
2022-10-16,2,1,3,ny_jobb,0.03779308695003655,1.0
2022-11-16,2,1,3,ny_jobb,0.04824535612734158,1.2765656372850198
2022-12-16,2,1,3,ny_jobb,0.030729525435646294,0.8130991119161959
2023-01-16,2,1,3,ny_jobb,0.0454571513241892,1.202790113024764
2023-02-16,2,1,3,ny_jobb,0.031429812837964435,0.8316286224386875
2023-03-16,2,1,3,ny_jobb,0.028578282697200304,0.7561775182583402
2023-04-16,2,1,3,ny_jobb,0.02982052174968419,0.789046996587172
2023-05-16,2,1,3,ny_jobb,0.03474751766739805,0.9194146462112285
2023-06-16,2,1,3,ny_jobb,0.042645849002858886,1.1284034315386253
2023-07-16,2,1,3,ny_jobb,0.04510220716991893,1.1933983384195428
2023-08-16,2,1,3,ny_jobb,0.037496950417904934,0.9921642671707892
2023-09-16,2,1,3,ny_jobb,0.04627124683441913,1.2243309707828558
2023-10-16,2,1,3,ny_jobb,0.03824472759365927,1.0119503507141345
2023-11-16,2,1,3,ny_jobb,0.03551943149791796,0.9398393823948696
2023-12-16,2,1,3,ny_jobb,0.03064631322982138,0.810897328136667
2024-01-16,2,1,3,ny_jobb,0.03976574965317992,1.0521963899310813
2024-02-16,2,1,3,ny_jobb,0.029744253908754795,0.7870289597692158
2024-03-16,2,1,3,ny_jobb,0.02936568575632349,0.777012097348536
2024-04-16,2,1,3,ny_jobb,0.02880665829966848,0.7622203059980688
2024-05-16,2,1,3,ny_jobb,0.03459618231502366,0.9154103331321074
2024-06-16,2,1,3,ny_jobb,0.044292057109141525,1.17196187672356
2024-07-16,2,1,3,ny_jobb,0.04691436076855317,1.2413476790232874
2024-08-16,2,1,3,ny_jobb,0.037133382962230545,0.9825443211696849
2024-09-16,2,1,3,ny_jobb,0.04818696961413306,1.2750207379946892
2024-10-16,2,1,3,ny_jobb,0.03996028193875863,1.0573436880556268
2024-11-16,2,1,3,ny_jobb,0.03569697801788543,0.9445372394448162
2024-12-16,2,1,3,ny_jobb,0.03164594926543287,0.8373475632532913
2025-01-16,2,1,3,ny_jobb,0.04301995085019378,1.1383021161268798
2025-02-16,2,1,3,ny_jobb,0.031976182205046465,0.8460854824407388
2025-03-16,2,1,3,ny_jobb,0.028169844374232072,0.7453702951408373
2025-04-16,2,1,3,ny_jobb,0.03250564789307585,0.8600950733674961
2025-05-16,2,1,3,ny_jobb,0.030749809235585394,0.8136358185357403
2025-06-16,2,1,3,ny_jobb,0.040952418404148566,1.0835954855523904
2025-07-16,2,1,3,ny_jobb,0.041004719588977445,1.0849793678718744
2025-08-16,2,1,3,ny_jobb,0.03416189592786329,0.9039191737109543
2025-09-16,2,1,3,ny_jobb,0.04724791982648223,1.2501736068542169
2025-10-16,2,1,3,ny_jobb,0.03613624694107817,0.9561602360995606
2025-11-16,2,1,3,ny_jobb,0.04056644928904282,1.0733827946542902
2025-12-16,2,1,3,ny_jobb,0.030210931811094407,0.7993771943274718
2026-01-16,2,1,3,ny_jobb,0.04257919399643529,1.1266397490293951
2026-02-16,2,1,3,ny_jobb,0.026593758394617785,0.7036672720007081
2021-01-16,2,1,4,ny_jobb,0.05456437576442454,1.4497014210610786
2021-02-16,2,1,4,ny_jobb,0.030606569692646617,0.8131750240999516
2021-03-16,2,1,4,ny_jobb,0.03045283493155335,0.8090905001133563
2021-04-16,2,1,4,ny_jobb,0.02712464009881922,0.72066487971565
2021-05-16,2,1,4,ny_jobb,0.03531714710475946,0.9383286737603331
2021-06-16,2,1,4,ny_jobb,0.05184885423008027,1.3775536988135615
2021-07-16,2,1,4,ny_jobb,0.04627605186706081,1.2294919022332877
2021-08-16,2,1,4,ny_jobb,0.05936811841917548,1.5773303447945854
2021-09-16,2,1,4,ny_jobb,0.056226616739992026,1.4938649081470479
2021-10-16,2,1,4,ny_jobb,0.03585212339201147,0.9525422677582119
2021-11-16,2,1,4,ny_jobb,0.034159137453281266,0.9075619287214406
2021-12-16,2,1,4,ny_jobb,0.030844738841321398,0.8195028551884519
2022-01-16,2,1,4,ny_jobb,0.055373733882996115,1.4712049679852885
2022-02-16,2,1,4,ny_jobb,0.03549300464842802,0.9430009700596862
2022-03-16,2,1,4,ny_jobb,0.03588555931730771,0.9534306149213083
2022-04-16,2,1,4,ny_jobb,0.031640441984038994,0.8406436079338092
2022-05-16,2,1,4,ny_jobb,0.052010572892056135,1.3818503442125798
2022-06-16,2,1,4,ny_jobb,0.050824509339226144,1.3503382450834727
2022-07-16,2,1,4,ny_jobb,0.03992556654887225,1.0607681248377092
2022-08-16,2,1,4,ny_jobb,0.06279498355144993,1.6683775011570334
2022-09-16,2,1,4,ny_jobb,0.05911072479829059,1.570491745566769
2022-10-16,2,1,4,ny_jobb,0.037638354334016785,1.0
2022-11-16,2,1,4,ny_jobb,0.03794833553895491,1.0082357799755866
2022-12-16,2,1,4,ny_jobb,0.025765372598082033,0.6845509867256818
2023-01-16,2,1,4,ny_jobb,0.048689072693120915,1.2936025911503977
2023-02-16,2,1,4,ny_jobb,0.028226409829042495,0.7499374063634879
2023-03-16,2,1,4,ny_jobb,0.032058013822771354,0.8517379250505107
2023-04-16,2,1,4,ny_jobb,0.027467731555751582,0.7297803541566322
2023-05-16,2,1,4,ny_jobb,0.03255751457374229,0.865008982189146
2023-06-16,2,1,4,ny_jobb,0.04235098127729332,1.1252081029222194
2023-07-16,2,1,4,ny_jobb,0.03764984936595927,1.0003054074001343
2023-08-16,2,1,4,ny_jobb,0.05450489553980757,1.448121112206735
2023-09-16,2,1,4,ny_jobb,0.05081950252663291,1.3502052208670365
2023-10-16,2,1,4,ny_jobb,0.033612419468765406,0.89303637376056
2023-11-16,2,1,4,ny_jobb,0.027219509651211247,0.7231854349862158
2023-12-16,2,1,4,ny_jobb,0.02311991065739796,0.6142646528119496
2024-01-16,2,1,4,ny_jobb,0.04928460579588497,1.3094250975617852
2024-02-16,2,1,4,ny_jobb,0.028440145183714002,0.7556160647015955
2024-03-16,2,1,4,ny_jobb,0.02662686232914744,0.7074395998520748
2024-04-16,2,1,4,ny_jobb,0.031750389507643764,0.8435647644389277
2024-05-16,2,1,4,ny_jobb,0.029796322867076563,0.7916478654367534
2024-06-16,2,1,4,ny_jobb,0.03884802390775832,1.0321392790717276
2024-07-16,2,1,4,ny_jobb,0.04332434996524416,1.1510691881150736
2024-08-16,2,1,4,ny_jobb,0.04813003767375502,1.278749789287574
2024-09-16,2,1,4,ny_jobb,0.05401195389002741,1.4350243214861413
2024-10-16,2,1,4,ny_jobb,0.035257815200763556,0.9367523055836225
2024-11-16,2,1,4,ny_jobb,0.027821751128094336,0.7391861737947878
2024-12-16,2,1,4,ny_jobb,0.02529526011223568,0.6720607359119932
2025-01-16,2,1,4,ny_jobb,0.050099730301166434,1.3310818495559809
2025-02-16,2,1,4,ny_jobb,0.02910763637682364,0.7733503999274683
2025-03-16,2,1,4,ny_jobb,0.02696996914893658,0.7165554824633145
2025-04-16,2,1,4,ny_jobb,0.03076346446756432,0.8173435053657732
2025-05-16,2,1,4,ny_jobb,0.03537267420759883,0.93980395353337
2025-06-16,2,1,4,ny_jobb,0.04263877524533913,1.1328543981213084
2025-07-16,2,1,4,ny_jobb,0.032956238211342324,0.8756025281784741
2025-08-16,2,1,4,ny_jobb,0.04649720626882005,1.2353676745849862
2025-09-16,2,1,4,ny_jobb,0.055744276730493605,1.4810497886224812
2025-10-16,2,1,4,ny_jobb,0.03004242365137853,0.7981864293207632
2025-11-16,2,1,4,ny_jobb,0.02595604754953115,0.6896169614427748
2025-12-16,2,1,4,ny_jobb,0.027065844336684446,0.7191027561006534
2026-01-16,2,1,4,ny_jobb,0.042650845740997846,1.1331750948114878
2026-02-16,2,1,4,ny_jobb,0.02922729719551945,0.7765296255023671
2021-01-16,2,1,5,ny_jobb,0.05038716898521735,1.1579991203874134
2021-02-16,2,1,5,ny_jobb,0.03261084741745314,0.7494632737865853
2021-03-16,2,1,5,ny_jobb,0.03752432711755239,0.862384981541701
2021-04-16,2,1,5,ny_jobb,0.03277387030407474,0.753209869658368
2021-05-16,2,1,5,ny_jobb,0.034597558256149,0.7951219097053626
2021-06-16,2,1,5,ny_jobb,0.05283394756371101,1.2142310440842912
2021-07-16,2,1,5,ny_jobb,0.043634895522891515,1.0028182104957983
2021-08-16,2,1,5,ny_jobb,0.0565373511086183,1.2993427527556087
2021-09-16,2,1,5,ny_jobb,0.06366753621780999,1.4632088371364516
2021-10-16,2,1,5,ny_jobb,0.04279263878932507,0.9834614461398478
2021-11-16,2,1,5,ny_jobb,0.03982698624676362,0.9153047486149601
2021-12-16,2,1,5,ny_jobb,0.03290857593295045,0.7563056776366861
2022-01-16,2,1,5,ny_jobb,0.06243219527686814,1.4348182021434654
2022-02-16,2,1,5,ny_jobb,0.04088597974671267,0.9396425625095404
2022-03-16,2,1,5,ny_jobb,0.040467176641253766,0.9300176195428259
2022-04-16,2,1,5,ny_jobb,0.04036492840359867,0.9276677481043154
2022-05-16,2,1,5,ny_jobb,0.045390425663340644,1.0431638460890602
2022-06-16,2,1,5,ny_jobb,0.05317795859972854,1.2221371139257766
2022-07-16,2,1,5,ny_jobb,0.042761554626583244,0.9827470691697192
2022-08-16,2,1,5,ny_jobb,0.06263194255716405,1.4394087989073021
2022-09-16,2,1,5,ny_jobb,0.06932757589697577,1.5932880041512674
2022-10-16,2,1,5,ny_jobb,0.043512268790290715,1.0
2022-11-16,2,1,5,ny_jobb,0.0425641174088541,0.9782095623189342
2022-12-16,2,1,5,ny_jobb,0.027994311762130703,0.6433659411567463
2023-01-16,2,1,5,ny_jobb,0.053534466494423935,1.2303303868717037
2023-02-16,2,1,5,ny_jobb,0.030843602271896326,0.7088484036662951
2023-03-16,2,1,5,ny_jobb,0.02989364841546444,0.6870165414618619
2023-04-16,2,1,5,ny_jobb,0.03179399316870121,0.730690309943013
2023-05-16,2,1,5,ny_jobb,0.03440766188382986,0.7907577067437944
2023-06-16,2,1,5,ny_jobb,0.04039910082989063,0.9284530996210716
2023-07-16,2,1,5,ny_jobb,0.04194124155855592,0.9638946146589958
2023-08-16,2,1,5,ny_jobb,0.05619414858336449,1.2914552641277945
2023-09-16,2,1,5,ny_jobb,0.057886949272077035,1.3303592499638601
2023-10-16,2,1,5,ny_jobb,0.035173515585771566,0.8083585748031633
2023-11-16,2,1,5,ny_jobb,0.03596922387477524,0.8266455616950357
2023-12-16,2,1,5,ny_jobb,0.02560201085486742,0.5883860246004968
2024-01-16,2,1,5,ny_jobb,0.048707176412175146,1.1193894909714204
2024-02-16,2,1,5,ny_jobb,0.028263309598825618,0.6495480558607936
2024-03-16,2,1,5,ny_jobb,0.029394574203094655,0.6755468060000064
2024-04-16,2,1,5,ny_jobb,0.029393660992881192,0.6755258185810817
2024-05-16,2,1,5,ny_jobb,0.028159157639617342,0.647154433048105
2024-06-16,2,1,5,ny_jobb,0.036715253098250376,0.8437908231170649
2024-07-16,2,1,5,ny_jobb,0.04781739353596516,1.098940479670761
2024-08-16,2,1,5,ny_jobb,0.04525512220268339,1.040054298726468
2024-09-16,2,1,5,ny_jobb,0.058120366142107346,1.3357236420426846
2024-10-16,2,1,5,ny_jobb,0.03466224722937972,0.7966085932323119
2024-11-16,2,1,5,ny_jobb,0.03079884830245733,0.7078198668723464
2024-12-16,2,1,5,ny_jobb,0.02613211605750511,0.6005689150214159
2025-01-16,2,1,5,ny_jobb,0.04772116387550778,1.096728927317075
2025-02-16,2,1,5,ny_jobb,0.030260722224627834,0.6954526405063066
2025-03-16,2,1,5,ny_jobb,0.029048265168417516,0.6675879234984713
2025-04-16,2,1,5,ny_jobb,0.030265785022092217,0.6955689938384848
2025-05-16,2,1,5,ny_jobb,0.03074316561666485,0.7065401660582877
2025-06-16,2,1,5,ny_jobb,0.03850923148294598,0.8850200771773797
2025-07-16,2,1,5,ny_jobb,0.03434292030197715,0.7892698141642386
2025-08-16,2,1,5,ny_jobb,0.04246905406766359,0.9760248143424802
2025-09-16,2,1,5,ny_jobb,0.05950265861789271,1.3674915207172575
2025-10-16,2,1,5,ny_jobb,0.033218329301643784,0.7634244369499779
2025-11-16,2,1,5,ny_jobb,0.0275178459406492,0.6324157922739598
2025-12-16,2,1,5,ny_jobb,0.03267706859532103,0.7509851704770807
2026-01-16,2,1,5,ny_jobb,0.049125283720699055,1.128998443116366
2026-02-16,2,1,5,ny_jobb,0.029164806243184394,0.6702662732606626
2021-01-16,2,1,all,ny_jobb,0.04543464538106991,1.1347600585240318
2021-02-16,2,1,all,ny_jobb,0.030984385459772897,0.7738553423883926
2021-03-16,2,1,all,ny_jobb,0.03323216685924205,0.8299951566428598
2021-04-16,2,1,all,ny_jobb,0.03059220483573125,0.7640603741619011
2021-05-16,2,1,all,ny_jobb,0.036233171627879306,0.9049472184082314
2021-06-16,2,1,all,ny_jobb,0.05387904449086885,1.3456644630300298
2021-07-16,2,1,all,ny_jobb,0.05077965830153595,1.2682552607770428
2021-08-16,2,1,all,ny_jobb,0.04611289917095501,1.1516998916370431
2021-09-16,2,1,all,ny_jobb,0.05477182848222538,1.367962328585797
2021-10-16,2,1,all,ny_jobb,0.04197404956331898,1.0483294089670046
2021-11-16,2,1,all,ny_jobb,0.040829957363151335,1.0197549561209382
2021-12-16,2,1,all,ny_jobb,0.03618801304633313,0.9038193532249906
2022-01-16,2,1,all,ny_jobb,0.04817862853036544,1.2032928368249909
2022-02-16,2,1,all,ny_jobb,0.03831676858055967,0.95698641845334
2022-03-16,2,1,all,ny_jobb,0.03808605170456822,0.9512241132013303
2022-04-16,2,1,all,ny_jobb,0.03629340434597467,0.9064515700354465
2022-05-16,2,1,all,ny_jobb,0.04401443009161703,1.0992892504774538
2022-06-16,2,1,all,ny_jobb,0.050495363836564694,1.2611548201110472
2022-07-16,2,1,all,ny_jobb,0.044710457403281445,1.1166729889504676
2022-08-16,2,1,all,ny_jobb,0.047002190525519454,1.173910526298911
2022-09-16,2,1,all,ny_jobb,0.055527437003301566,1.3868341468294783
2022-10-16,2,1,all,ny_jobb,0.04003898889441542,1.0
2022-11-16,2,1,all,ny_jobb,0.04125587232632604,1.0303924615858706
2022-12-16,2,1,all,ny_jobb,0.03185926609306416,0.7957060598377858
2023-01-16,2,1,all,ny_jobb,0.05045382314025112,1.2601173139836293
2023-02-16,2,1,all,ny_jobb,0.03359377462961014,0.8390265478031528
2023-03-16,2,1,all,ny_jobb,0.03527966873953822,0.8811328585887187
2023-04-16,2,1,all,ny_jobb,0.03231969857566651,0.8072056629825238
2023-05-16,2,1,all,ny_jobb,0.03702079711660704,0.9246186814115739
2023-06-16,2,1,all,ny_jobb,0.04276576334635097,1.0681029798011676
2023-07-16,2,1,all,ny_jobb,0.044409625388974146,1.10915951214663
2023-08-16,2,1,all,ny_jobb,0.04365968326544947,1.0904292158970843
2023-09-16,2,1,all,ny_jobb,0.04795482022100999,1.1977030775544548
2023-10-16,2,1,all,ny_jobb,0.03877639255374585,0.9684658285452938
2023-11-16,2,1,all,ny_jobb,0.03497929384643329,0.873630798686631
2023-12-16,2,1,all,ny_jobb,0.030657380617295147,0.7656881820402611
2024-01-16,2,1,all,ny_jobb,0.04282772889523193,1.0696506100134182
2024-02-16,2,1,all,ny_jobb,0.031096293326363326,0.7766503147311142
2024-03-16,2,1,all,ny_jobb,0.030208999921672745,0.7544895801773419
2024-04-16,2,1,all,ny_jobb,0.031521987274699285,0.787282300205536
2024-05-16,2,1,all,ny_jobb,0.03465757490009566,0.8655956570604022
2024-06-16,2,1,all,ny_jobb,0.041604721676664576,1.0391052028406127
2024-07-16,2,1,all,ny_jobb,0.04675048092216635,1.1676239139167433
2024-08-16,2,1,all,ny_jobb,0.04045581602138878,1.0104105307971825
2024-09-16,2,1,all,ny_jobb,0.04854447942838213,1.212430202880399
2024-10-16,2,1,all,ny_jobb,0.03705333477407094,0.9254313307406992
2024-11-16,2,1,all,ny_jobb,0.033761786364137,0.8432227510332071
2024-12-16,2,1,all,ny_jobb,0.030956262132311868,0.7731529438454326
2025-01-16,2,1,all,ny_jobb,0.04523056555380747,1.1296630310291418
2025-02-16,2,1,all,ny_jobb,0.03162975584360674,0.7899738908746123
2025-03-16,2,1,all,ny_jobb,0.029425394921358972,0.7349185315082515
2025-04-16,2,1,all,ny_jobb,0.03419664796511144,0.8540837046432294
2025-05-16,2,1,all,ny_jobb,0.03363422811379666,0.8400369000948451
2025-06-16,2,1,all,ny_jobb,0.04142705680222405,1.0346679061119406
2025-07-16,2,1,all,ny_jobb,0.03952584445980737,0.9871838812922765
2025-08-16,2,1,all,ny_jobb,0.03837639164711748,0.9584755436336746
2025-09-16,2,1,all,ny_jobb,0.0490984434459893,1.2262658174376995
2025-10-16,2,1,all,ny_jobb,0.034533506938085594,0.8624969783615659
2025-11-16,2,1,all,ny_jobb,0.03364316262814207,0.8402600454487144
2025-12-16,2,1,all,ny_jobb,0.032540417778040356,0.8127182697807598
2026-01-16,2,1,all,ny_jobb,0.039234497291247096,0.9799072947298992
2026-02-16,2,1,all,ny_jobb,0.027744480373869812,0.6929365885595471
2021-01-16,2,1,1,overtid_timer,3.564532652244369,0.6637804083005204
2021-02-16,2,1,1,overtid_timer,4.523310746938196,0.8423222193187896
2021-03-16,2,1,1,overtid_timer,4.609697180647954,0.8584089346988225
2021-04-16,2,1,1,overtid_timer,4.832607516046452,0.8999188682246263
2021-05-16,2,1,1,overtid_timer,5.3016130181282435,0.9872561699241984
2021-06-16,2,1,1,overtid_timer,5.686881452362681,1.059000116054252
2021-07-16,2,1,1,overtid_timer,4.642229743162297,0.8644670858607248
2021-08-16,2,1,1,overtid_timer,3.984224143351266,0.7419345498123913
2021-09-16,2,1,1,overtid_timer,4.974632015532534,0.9263663971028344
2021-10-16,2,1,1,overtid_timer,5.427160574075993,1.0106353940970103
2021-11-16,2,1,1,overtid_timer,5.678044305993069,1.0573544796699874
2021-12-16,2,1,1,overtid_timer,5.327617661104534,0.9920987044768396
2022-01-16,2,1,1,overtid_timer,3.716281935329359,0.6920388676590127
2022-02-16,2,1,1,overtid_timer,4.357769510539062,0.8114954489654858
2022-03-16,2,1,1,overtid_timer,4.530739539223382,0.8437055947167217
2022-04-16,2,1,1,overtid_timer,4.857540758569261,0.9045618886474089
2022-05-16,2,1,1,overtid_timer,5.017249680802451,0.9343025766847128
2022-06-16,2,1,1,overtid_timer,5.420451944352607,1.0093861259849277
2022-07-16,2,1,1,overtid_timer,4.675395351240376,0.870643121548809
2022-08-16,2,1,1,overtid_timer,3.96772147838444,0.7388614553120983
2022-09-16,2,1,1,overtid_timer,5.026199702001656,0.935969232402445
2022-10-16,2,1,1,overtid_timer,5.370047997304795,1.0
2022-11-16,2,1,1,overtid_timer,5.72493999819471,1.0660873051913193
2022-12-16,2,1,1,overtid_timer,5.242317098286539,0.9762141978838246
2023-01-16,2,1,1,overtid_timer,3.952692292982409,0.736062749339717
2023-02-16,2,1,1,overtid_timer,4.3947916001603415,0.8183896312223037
2023-03-16,2,1,1,overtid_timer,4.446905032619276,0.8280940942895035
2023-04-16,2,1,1,overtid_timer,4.768566264269762,0.8879932296067161
2023-05-16,2,1,1,overtid_timer,5.1023770573075184,0.950154832855941
2023-06-16,2,1,1,overtid_timer,5.660545200516288,1.0540958299362115
2023-07-16,2,1,1,overtid_timer,4.558043283766791,0.8487900454622481
2023-08-16,2,1,1,overtid_timer,3.8648028062162973,0.7196961383131075
2023-09-16,2,1,1,overtid_timer,4.895321233702279,0.9115972959942296
2023-10-16,2,1,1,overtid_timer,5.512049520172772,1.0264432502166176
2023-11-16,2,1,1,overtid_timer,5.962851703561343,1.1103907649529527
2023-12-16,2,1,1,overtid_timer,5.267788816826861,0.9809574922739503
2024-01-16,2,1,1,overtid_timer,4.159160247995839,0.7745108144439872
2024-02-16,2,1,1,overtid_timer,4.861592920535424,0.905316474447796
2024-03-16,2,1,1,overtid_timer,4.74233759521205,0.8831089773484725
2024-04-16,2,1,1,overtid_timer,5.026294422042269,0.9359868709860593
2024-05-16,2,1,1,overtid_timer,5.269421539536186,0.9812615347536721
2024-06-16,2,1,1,overtid_timer,5.633430436385088,1.049046570759234
2024-07-16,2,1,1,overtid_timer,4.671823192826821,0.8699779210859176
2024-08-16,2,1,1,overtid_timer,3.9336016665907727,0.7325077296450667
2024-09-16,2,1,1,overtid_timer,5.05324759413999,0.9410060388056485
2024-10-16,2,1,1,overtid_timer,5.685273974302196,1.058700774584438
2024-11-16,2,1,1,overtid_timer,5.818725571119934,1.0835518740317271
2024-12-16,2,1,1,overtid_timer,5.188583374958404,0.9662080073702383
2025-01-16,2,1,1,overtid_timer,4.179244945013013,0.7782509480568068
2025-02-16,2,1,1,overtid_timer,4.711705453326081,0.877404718857423
2025-03-16,2,1,1,overtid_timer,4.395533205661005,0.8185277315709478
2025-04-16,2,1,1,overtid_timer,4.909302926397559,0.9142009398913228
2025-05-16,2,1,1,overtid_timer,5.446484744407242,1.0142339038944923
2025-06-16,2,1,1,overtid_timer,5.623184285642417,1.0471385522931396
2025-07-16,2,1,1,overtid_timer,4.998326766974045,0.930778788100718
2025-08-16,2,1,1,overtid_timer,4.020120738114062,0.74861914458339
2025-09-16,2,1,1,overtid_timer,4.9493321568251725,0.9216551061199494
2025-10-16,2,1,1,overtid_timer,5.321722322517824,0.991000885874535
2025-11-16,2,1,1,overtid_timer,5.898518028218946,1.098410671781591
2025-12-16,2,1,1,overtid_timer,5.094322573014128,0.9486549422967816
2026-01-16,2,1,1,overtid_timer,4.041536922086876,0.752607225133799
2026-02-16,2,1,1,overtid_timer,4.5492916652310775,0.8471603359065596
2021-01-16,2,1,2,overtid_timer,1.982991932721264,0.7224105166307904
2021-02-16,2,1,2,overtid_timer,2.335023907752503,0.8506569289113903
2021-03-16,2,1,2,overtid_timer,2.3036361954364706,0.8392222815505376
2021-04-16,2,1,2,overtid_timer,2.484551648116963,0.9051303790474621
2021-05-16,2,1,2,overtid_timer,2.763990879954252,1.0069310149993496
2021-06-16,2,1,2,overtid_timer,2.9418554860202657,1.0717276789888759
2021-07-16,2,1,2,overtid_timer,2.4595377945967645,0.8960177495171666
2021-08-16,2,1,2,overtid_timer,2.28666676225434,0.8330402609433172
2021-09-16,2,1,2,overtid_timer,2.5438143606935464,0.9267199811547387
2021-10-16,2,1,2,overtid_timer,2.605742051492719,0.9492804436386124
2021-11-16,2,1,2,overtid_timer,2.6348009749353407,0.9598667055141769
2021-12-16,2,1,2,overtid_timer,2.7318886398195055,0.9952360627919934
2022-01-16,2,1,2,overtid_timer,2.030944310335155,0.7398797263205079
2022-02-16,2,1,2,overtid_timer,2.2030465423951315,0.8025771384098972
2022-03-16,2,1,2,overtid_timer,2.2263692852514994,0.8110736907347442
2022-04-16,2,1,2,overtid_timer,2.573194069354683,0.9374231061458866
2022-05-16,2,1,2,overtid_timer,2.8286827826561183,1.0304984890175373
2022-06-16,2,1,2,overtid_timer,3.022379788482315,1.1010629485797683
2022-07-16,2,1,2,overtid_timer,2.668361779251091,0.972093017474516
2022-08-16,2,1,2,overtid_timer,2.2610934399367255,0.8237238150805843
2022-09-16,2,1,2,overtid_timer,2.6529687421336607,0.9664852831650478
2022-10-16,2,1,2,overtid_timer,2.744965483018752,1.0
2022-11-16,2,1,2,overtid_timer,2.744204848193661,0.9997228982186491
2022-12-16,2,1,2,overtid_timer,2.7452928803897954,1.0001192719446086
2023-01-16,2,1,2,overtid_timer,2.2056010891663935,0.8035077682437022
2023-02-16,2,1,2,overtid_timer,2.3006603300708472,0.8381381639599765
2023-03-16,2,1,2,overtid_timer,2.2085868608692265,0.8045954947456578
2023-04-16,2,1,2,overtid_timer,2.572716850026252,0.9372492535669077
2023-05-16,2,1,2,overtid_timer,2.845712517221817,1.0367024776181408
2023-06-16,2,1,2,overtid_timer,3.106840568165482,1.131832289835849
2023-07-16,2,1,2,overtid_timer,2.519641509722151,0.9179137316332288
2023-08-16,2,1,2,overtid_timer,2.211790929287726,0.8057627474627943
2023-09-16,2,1,2,overtid_timer,2.6262925377764588,0.9567670537292936
2023-10-16,2,1,2,overtid_timer,2.767849200282091,1.008336613849939
2023-11-16,2,1,2,overtid_timer,2.87943267165588,1.048986841353374
2023-12-16,2,1,2,overtid_timer,2.7975377346651356,1.01915224507252
2024-01-16,2,1,2,overtid_timer,2.3277240604473106,0.8479975704056636
2024-02-16,2,1,2,overtid_timer,2.494865585588683,0.9088877805650861
2024-03-16,2,1,2,overtid_timer,2.424343204282954,0.8831962439166279
2024-04-16,2,1,2,overtid_timer,2.7085954619793156,0.9867502811002785
2024-05-16,2,1,2,overtid_timer,2.7682465296052152,1.0084813622358777
2024-06-16,2,1,2,overtid_timer,3.0900404788206877,1.1257119617484013
2024-07-16,2,1,2,overtid_timer,2.5515977386866946,0.929555491488584
2024-08-16,2,1,2,overtid_timer,2.261776202985022,0.8239725479162139
2024-09-16,2,1,2,overtid_timer,2.6967219734835366,0.9824247299888959
2024-10-16,2,1,2,overtid_timer,2.812355465871965,1.024550393536862
2024-11-16,2,1,2,overtid_timer,2.785477065240116,1.0147585033298165
2024-12-16,2,1,2,overtid_timer,2.7840653406521545,1.014244207395425
2025-01-16,2,1,2,overtid_timer,2.2684391541687448,0.8263998830593848
2025-02-16,2,1,2,overtid_timer,2.46490183631316,0.8979718876473467
2025-03-16,2,1,2,overtid_timer,2.3035054348183297,0.8391746450250694
2025-04-16,2,1,2,overtid_timer,2.550428592013228,0.9291295674903773
2025-05-16,2,1,2,overtid_timer,2.777188099196898,1.0117388055979157
2025-06-16,2,1,2,overtid_timer,2.946245883586073,1.0733271153362425
2025-07-16,2,1,2,overtid_timer,2.7633729461532,1.006705899672809
2025-08-16,2,1,2,overtid_timer,2.324643031010938,0.8468751411964683
2025-09-16,2,1,2,overtid_timer,2.7658339391841573,1.0076024475697434
2025-10-16,2,1,2,overtid_timer,2.8184900335874357,1.0267852368357746
2025-11-16,2,1,2,overtid_timer,2.9139586557426185,1.0615647714950562
2025-12-16,2,1,2,overtid_timer,2.753645388427413,1.0031621182351318
2026-01-16,2,1,2,overtid_timer,2.204700991195098,0.8031798595771401
2026-02-16,2,1,2,overtid_timer,2.3895642801705415,0.8705261668874024
2021-01-16,2,1,3,overtid_timer,2.537458506439521,1.0889388659868557
2021-02-16,2,1,3,overtid_timer,1.8200452178801276,0.7810641910295308
2021-03-16,2,1,3,overtid_timer,1.662360249627131,0.7133943985671791
2021-04-16,2,1,3,overtid_timer,2.4369253892152676,1.0457955324558916
2021-05-16,2,1,3,overtid_timer,2.4031324974900223,1.0312934654860009
2021-06-16,2,1,3,overtid_timer,2.6022908688871422,1.1167613817299893
2021-07-16,2,1,3,overtid_timer,2.0249501700982266,0.8689982264973876
2021-08-16,2,1,3,overtid_timer,2.0307346524854495,0.8714806110073522
2021-09-16,2,1,3,overtid_timer,2.220471615018733,0.9529053721581052
2021-10-16,2,1,3,overtid_timer,2.2298461809191856,0.9569284248050159
2021-11-16,2,1,3,overtid_timer,2.409226012686959,1.033908470031528
2021-12-16,2,1,3,overtid_timer,2.635553386812608,1.1310358411773864
2022-01-16,2,1,3,overtid_timer,2.452361633566143,1.0524199270522487
2022-02-16,2,1,3,overtid_timer,1.907098720236589,0.8184228086761475
2022-03-16,2,1,3,overtid_timer,1.895030771298081,0.8132439028542251
2022-04-16,2,1,3,overtid_timer,2.3926078310665733,1.026776852390277
2022-05-16,2,1,3,overtid_timer,2.5073807284305842,1.0760311233012763
2022-06-16,2,1,3,overtid_timer,2.4122498143840914,1.0352061208828378
2022-07-16,2,1,3,overtid_timer,2.2635227171584047,0.971380558343214
2022-08-16,2,1,3,overtid_timer,2.1159521770808984,0.9080513270839609
2022-09-16,2,1,3,overtid_timer,2.25721176398035,0.9686722412694305
2022-10-16,2,1,3,overtid_timer,2.330212086001667,1.0
2022-11-16,2,1,3,overtid_timer,2.4985676386733977,1.0722490256071955
2022-12-16,2,1,3,overtid_timer,2.5927851935141466,1.1126820640446595
2023-01-16,2,1,3,overtid_timer,2.548902449234924,1.0938499823887278
2023-02-16,2,1,3,overtid_timer,1.9798381468985877,0.8496386053407378
2023-03-16,2,1,3,overtid_timer,1.914267760969974,0.8214993701515823
2023-04-16,2,1,3,overtid_timer,2.4716216853074564,1.060685291332614
2023-05-16,2,1,3,overtid_timer,2.47707480695017,1.0630254738745688
2023-06-16,2,1,3,overtid_timer,2.6222807084405777,1.12533993115625
2023-07-16,2,1,3,overtid_timer,2.20864064041561,0.9478281628027011
2023-08-16,2,1,3,overtid_timer,2.205450233646858,0.9464590141368275
2023-09-16,2,1,3,overtid_timer,2.4309771250489973,1.0432428617346285
2023-10-16,2,1,3,overtid_timer,2.472078301914102,1.0608812462885548
2023-11-16,2,1,3,overtid_timer,2.581694319409155,1.1079224654778088
2023-12-16,2,1,3,overtid_timer,2.668721133629485,1.1452696300312537
2024-01-16,2,1,3,overtid_timer,2.5012787578183526,1.0734124901524364
2024-02-16,2,1,3,overtid_timer,2.1774150758543156,0.934427852698365
2024-03-16,2,1,3,overtid_timer,2.1206299282760255,0.9100587628977341
2024-04-16,2,1,3,overtid_timer,2.6520082596172454,1.138097375577404
2024-05-16,2,1,3,overtid_timer,2.5855894404575555,1.1095940390962789
2024-06-16,2,1,3,overtid_timer,2.5421083806039695,1.0909343384987278
2024-07-16,2,1,3,overtid_timer,2.277700705463911,0.9774649780364592
2024-08-16,2,1,3,overtid_timer,2.1852390093032907,0.937785458427035
2024-09-16,2,1,3,overtid_timer,2.440084050306429,1.047151057607502
2024-10-16,2,1,3,overtid_timer,2.4728179561260974,1.0611986655554273
2024-11-16,2,1,3,overtid_timer,2.5387935318564594,1.0895117861193013
2024-12-16,2,1,3,overtid_timer,2.5796397427201048,1.1070407531644135
2025-01-16,2,1,3,overtid_timer,2.611290750761841,1.1206236404182708
2025-02-16,2,1,3,overtid_timer,2.209904179067471,0.9483704047125476
2025-03-16,2,1,3,overtid_timer,2.047136060705527,0.8785192013222021
2025-04-16,2,1,3,overtid_timer,2.476721416711455,1.0628738180485444
2025-05-16,2,1,3,overtid_timer,2.694566268544409,1.1563609530357921
2025-06-16,2,1,3,overtid_timer,2.613611328560214,1.1216195059072165
2025-07-16,2,1,3,overtid_timer,2.5503831484981876,1.0944854177948689
2025-08-16,2,1,3,overtid_timer,2.214164661992866,0.9501987717315796
2025-09-16,2,1,3,overtid_timer,2.4988827858067446,1.07238426957715
2025-10-16,2,1,3,overtid_timer,2.495559631095793,1.070958152730999
2025-11-16,2,1,3,overtid_timer,2.6170666175555226,1.123102327585151
2025-12-16,2,1,3,overtid_timer,2.633408682966371,1.1301154512012463
2026-01-16,2,1,3,overtid_timer,2.605805839782298,1.1182698156258872
2026-02-16,2,1,3,overtid_timer,2.155723392315422,0.9251189646065031
2021-01-16,2,1,4,overtid_timer,1.728871676945046,0.7634280876726924
2021-02-16,2,1,4,overtid_timer,1.7831538715917612,0.7873977972852907
2021-03-16,2,1,4,overtid_timer,1.7795360150058372,0.7858002389634687
2021-04-16,2,1,4,overtid_timer,2.026808971344373,0.8949900201994428
2021-05-16,2,1,4,overtid_timer,2.0112101476863664,0.8881019554147747
2021-06-16,2,1,4,overtid_timer,2.128461196559151,0.9398771942669365
2021-07-16,2,1,4,overtid_timer,2.041018278193284,0.9012645078317391
2021-08-16,2,1,4,overtid_timer,1.3918158031974974,0.6145923327897008
2021-09-16,2,1,4,overtid_timer,1.7850263185971782,0.7882246247795903
2021-10-16,2,1,4,overtid_timer,2.1420610280293477,0.9458825522529666
2021-11-16,2,1,4,overtid_timer,2.23129991544983,0.985288295361582
2021-12-16,2,1,4,overtid_timer,2.4171914792269074,1.0673735321904871
2022-01-16,2,1,4,overtid_timer,1.8110203248582,0.7997029518037623
2022-02-16,2,1,4,overtid_timer,1.8526756392754913,0.8180969352619158
2022-03-16,2,1,4,overtid_timer,1.8676691380551262,0.8247177031612927
2022-04-16,2,1,4,overtid_timer,2.206033877406358,0.9741314215670634
2022-05-16,2,1,4,overtid_timer,1.976419431949797,0.872739213380348
2022-06-16,2,1,4,overtid_timer,2.1720984897591853,0.9591463718138677
2022-07-16,2,1,4,overtid_timer,2.1612838103197967,0.954370869876214
2022-08-16,2,1,4,overtid_timer,1.3903404598886309,0.6139408567224088
2022-09-16,2,1,4,overtid_timer,1.931445035919847,0.8528796034317083
2022-10-16,2,1,4,overtid_timer,2.2646162812996633,1.0
2022-11-16,2,1,4,overtid_timer,2.266419534222288,1.0007962730540778
2022-12-16,2,1,4,overtid_timer,2.508283071583254,1.1075973851710323
2023-01-16,2,1,4,overtid_timer,1.797377590732526,0.7936786490385077
2023-02-16,2,1,4,overtid_timer,1.9385040244975644,0.8559966827515065
2023-03-16,2,1,4,overtid_timer,1.8549581519579261,0.8191048378815706
2023-04-16,2,1,4,overtid_timer,2.186728261856845,0.9656065267718916
2023-05-16,2,1,4,overtid_timer,2.1105066217694333,0.9319488865275726
2023-06-16,2,1,4,overtid_timer,2.321563849599205,1.0251466744144662
2023-07-16,2,1,4,overtid_timer,2.251799852964302,0.9943405739677867
2023-08-16,2,1,4,overtid_timer,1.440678483360693,0.6361689153510314
2023-09-16,2,1,4,overtid_timer,2.036554446737696,0.8992933873852207
2023-10-16,2,1,4,overtid_timer,2.330306913777693,1.029007400953741
2023-11-16,2,1,4,overtid_timer,2.4914669054536986,1.1001717712741366
2023-12-16,2,1,4,overtid_timer,2.549315215296702,1.1257161914572342
2024-01-16,2,1,4,overtid_timer,1.9396164331076131,0.8564878955981308
2024-02-16,2,1,4,overtid_timer,2.108283042768047,0.930967007601881
2024-03-16,2,1,4,overtid_timer,2.133268152293116,0.9419998301296472
2024-04-16,2,1,4,overtid_timer,2.2605847562741404,0.9982197756596498
2024-05-16,2,1,4,overtid_timer,2.3811616277703793,1.0514636176702883
2024-06-16,2,1,4,overtid_timer,2.4536019583316206,1.0834515227116086
2024-07-16,2,1,4,overtid_timer,2.457955501201295,1.0853739423752062
2024-08-16,2,1,4,overtid_timer,1.5605940735900186,0.6891207514830696
2024-09-16,2,1,4,overtid_timer,2.064708209647762,0.9117254109216356
2024-10-16,2,1,4,overtid_timer,2.500919721026935,1.104345906932921
2024-11-16,2,1,4,overtid_timer,2.5423359407394934,1.1226343119287505
2024-12-16,2,1,4,overtid_timer,2.607118608151146,1.15124077738014
2025-01-16,2,1,4,overtid_timer,1.987220778132635,0.8775088276730789
2025-02-16,2,1,4,overtid_timer,2.051448645510368,0.90587030679345
2025-03-16,2,1,4,overtid_timer,2.079683506592632,0.9183381413292241
2025-04-16,2,1,4,overtid_timer,2.3821589814612456,1.0519040250360314
2025-05-16,2,1,4,overtid_timer,2.278540981509836,1.006148812196202
2025-06-16,2,1,4,overtid_timer,2.451450838180273,1.0825016398687135
2025-07-16,2,1,4,overtid_timer,2.5179826536555576,1.111880486971721
2025-08-16,2,1,4,overtid_timer,1.5529261480894323,0.6857347802861365
2025-09-16,2,1,4,overtid_timer,2.188540104072503,0.966406592650875
2025-10-16,2,1,4,overtid_timer,2.5173703502676767,1.1116101085447279
2025-11-16,2,1,4,overtid_timer,2.5956300450898016,1.1461677046674634
2025-12-16,2,1,4,overtid_timer,2.642207220838341,1.1667350635322546
2026-01-16,2,1,4,overtid_timer,2.0634436471142505,0.9111670105674768
2026-02-16,2,1,4,overtid_timer,2.1145565157524477,0.9337372221570817
2021-01-16,2,1,5,overtid_timer,1.8667601399902147,0.8436452302623125
2021-02-16,2,1,5,overtid_timer,2.7727246576301314,1.2530779301151276
2021-03-16,2,1,5,overtid_timer,2.7086591128397157,1.224124777469135
2021-04-16,2,1,5,overtid_timer,2.6940978283808112,1.2175440936859943
2021-05-16,2,1,5,overtid_timer,2.4814267971679413,1.1214316380715061
2021-06-16,2,1,5,overtid_timer,2.366984383172274,1.0697116582846782
2021-07-16,2,1,5,overtid_timer,2.1420689555395946,0.9680655904959624
2021-08-16,2,1,5,overtid_timer,1.2948435024904368,0.5851788461788829
2021-09-16,2,1,5,overtid_timer,1.7985534865454744,0.8128205856718664
2021-10-16,2,1,5,overtid_timer,2.1750777494943025,0.9829832604097558
2021-11-16,2,1,5,overtid_timer,2.2549504510455445,1.0190801441219952
2021-12-16,2,1,5,overtid_timer,2.447476712571611,1.1060885705165893
2022-01-16,2,1,5,overtid_timer,1.8059081582060428,0.8161443836969392
2022-02-16,2,1,5,overtid_timer,2.6745653682663155,1.2087167856361396
2022-03-16,2,1,5,overtid_timer,2.595579095637341,1.1730205058987855
2022-04-16,2,1,5,overtid_timer,2.8107214195483374,1.2702498132462272
2022-05-16,2,1,5,overtid_timer,2.3265892294699624,1.051455869543203
2022-06-16,2,1,5,overtid_timer,2.485799122802773,1.1234076239456199
2022-07-16,2,1,5,overtid_timer,2.5891534832117014,1.1701165777731113
2022-08-16,2,1,5,overtid_timer,1.4546425131962548,0.6573968404967315
2022-09-16,2,1,5,overtid_timer,1.8018642678390246,0.8143168276297432
2022-10-16,2,1,5,overtid_timer,2.2127312204560057,1.0
2022-11-16,2,1,5,overtid_timer,2.2758555120518227,1.0285277719283086
2022-12-16,2,1,5,overtid_timer,2.4059563652691467,1.0873242728383976
2023-01-16,2,1,5,overtid_timer,1.7567923902381268,0.7939474862546037
2023-02-16,2,1,5,overtid_timer,2.738989081573967,1.2378318054415614
2023-03-16,2,1,5,overtid_timer,2.6143755011075553,1.181515168646998
2023-04-16,2,1,5,overtid_timer,2.7788184610889033,1.2558319037574914
2023-05-16,2,1,5,overtid_timer,2.266486128243531,1.0242934646967412
2023-06-16,2,1,5,overtid_timer,2.450237007902852,1.1073360312590974
2023-07-16,2,1,5,overtid_timer,2.4040266577130445,1.086452179771575
2023-08-16,2,1,5,overtid_timer,1.4147389666568384,0.6393632238647065
2023-09-16,2,1,5,overtid_timer,1.8542892339662906,0.838009251563845
2023-10-16,2,1,5,overtid_timer,2.0754958846604854,0.9379792111546027
2023-11-16,2,1,5,overtid_timer,2.1828347123764593,0.986488865975604
2023-12-16,2,1,5,overtid_timer,2.2837596015334602,1.032099868443496
2024-01-16,2,1,5,overtid_timer,1.63958899898092,0.7409797375403909
2024-02-16,2,1,5,overtid_timer,2.86041960910238,1.2927099245758809
2024-03-16,2,1,5,overtid_timer,2.8493223983306826,1.2876947602083757
2024-04-16,2,1,5,overtid_timer,2.610163214351333,1.1796115091707449
2024-05-16,2,1,5,overtid_timer,2.637759790411426,1.1920832345230927
2024-06-16,2,1,5,overtid_timer,2.4730573791920722,1.1176492455701048
2024-07-16,2,1,5,overtid_timer,2.4317921163886194,1.0990002282733051
2024-08-16,2,1,5,overtid_timer,1.4373148649805685,0.6495659534664868
2024-09-16,2,1,5,overtid_timer,1.72051027508112,0.777550503728398
2024-10-16,2,1,5,overtid_timer,2.0966324790668027,0.9475314758901097
2024-11-16,2,1,5,overtid_timer,2.2446218689426733,1.0144123462406318
2024-12-16,2,1,5,overtid_timer,2.2621686302150064,1.02234225707215
2025-01-16,2,1,5,overtid_timer,1.7524266084267768,0.7919744577317582
2025-02-16,2,1,5,overtid_timer,2.817991135426598,1.2735352171900294
2025-03-16,2,1,5,overtid_timer,2.7488858522094546,1.2423044546924036
2025-04-16,2,1,5,overtid_timer,2.967332471633207,1.341027072877695
2025-05-16,2,1,5,overtid_timer,2.3925342173370105,1.08125839922119
2025-06-16,2,1,5,overtid_timer,2.417778005879022,1.0926668289069288
2025-07-16,2,1,5,overtid_timer,2.555486013284783,1.1549012323142174
2025-08-16,2,1,5,overtid_timer,1.472477327183982,0.6654569310413263
2025-09-16,2,1,5,overtid_timer,1.8500497106571574,0.836093283067563
2025-10-16,2,1,5,overtid_timer,2.1393688223000833,0.9668453188178889
2025-11-16,2,1,5,overtid_timer,2.2151191968143515,1.0010791985652254
2025-12-16,2,1,5,overtid_timer,2.254082628667124,1.0186879490056622
2026-01-16,2,1,5,overtid_timer,1.7358721589745398,0.7844930025513025
2026-02-16,2,1,5,overtid_timer,2.784840711461345,1.258553540401277
2021-01-16,2,1,all,overtid_timer,2.4556390999718083,0.7965875390664808
2021-02-16,2,1,all,overtid_timer,2.7043962945149156,0.877282166150913
2021-03-16,2,1,all,overtid_timer,2.663244440328913,0.8639328697276614
2021-04-16,2,1,all,overtid_timer,2.998697304994796,0.9727508030876836
2021-05-16,2,1,all,overtid_timer,3.116567935225823,1.0109869898567518
2021-06-16,2,1,all,overtid_timer,3.292998318332947,1.0682194409516517
2021-07-16,2,1,all,overtid_timer,2.7430041869853437,0.8898062239621422
2021-08-16,2,1,all,overtid_timer,2.349465153892107,0.7621456528701023
2021-09-16,2,1,all,overtid_timer,2.8063107956537743,0.9103423261957353
2021-10-16,2,1,all,overtid_timer,3.026563566464487,0.9817903710956124
2021-11-16,2,1,all,overtid_timer,3.1576975581921287,1.024329074669556
2021-12-16,2,1,all,overtid_timer,3.2055766268377335,1.039860619783671
2022-01-16,2,1,all,overtid_timer,2.4653170157719746,0.7997269690953623
2022-02-16,2,1,all,overtid_timer,2.6523878099451634,0.8604110751447177
2022-03-16,2,1,all,overtid_timer,2.682910286979824,0.8703122959175635
2022-04-16,2,1,all,overtid_timer,3.042692302496152,0.9870223899797652
2022-05-16,2,1,all,overtid_timer,3.0608540967288023,0.992913914908239
2022-06-16,2,1,all,overtid_timer,3.2197635509973797,1.044462732123137
2022-07-16,2,1,all,overtid_timer,2.9520309346169347,0.957612646533289
2022-08-16,2,1,all,overtid_timer,2.3816651810113227,0.7725910560081548
2022-09-16,2,1,all,overtid_timer,2.857086663424415,0.9268135672473394
2022-10-16,2,1,all,overtid_timer,3.0826983596172823,1.0
2022-11-16,2,1,all,overtid_timer,3.2100096403127996,1.0412986500279329
2022-12-16,2,1,all,overtid_timer,3.170643555206514,1.0285286412518642
2023-01-16,2,1,all,overtid_timer,2.557575461419535,0.8296547904015683
2023-02-16,2,1,all,overtid_timer,2.7175631854480065,0.8815533887608104
2023-03-16,2,1,all,overtid_timer,2.6596492008632446,0.8627666059398171
2023-04-16,2,1,all,overtid_timer,3.0280978955651268,0.9822880938442079
2023-05-16,2,1,all,overtid_timer,3.063213651670626,0.9936793335988036
2023-06-16,2,1,all,overtid_timer,3.3419246015372654,1.0840906931783512
2023-07-16,2,1,all,overtid_timer,2.843028435717555,0.9222532028954391
2023-08-16,2,1,all,overtid_timer,2.3590965073103947,0.765269978475376
2023-09-16,2,1,all,overtid_timer,2.87828151489652,0.9336889890368187
2023-10-16,2,1,all,overtid_timer,3.130107712790742,1.0153791735819866
2023-11-16,2,1,all,overtid_timer,3.3168879193375025,1.0759690155832486
2023-12-16,2,1,all,overtid_timer,3.185300969429477,1.033283376393963
2024-01-16,2,1,all,overtid_timer,2.6066926332185156,0.8455879651949265
2024-02-16,2,1,all,overtid_timer,2.955140092730412,0.9586212298427061
2024-03-16,2,1,all,overtid_timer,2.897606431387235,0.9399578205072823
2024-04-16,2,1,all,overtid_timer,3.1369445744294544,1.0175969908450293
2024-05-16,2,1,all,overtid_timer,3.2060448552412413,1.040012508923926
2024-06-16,2,1,all,overtid_timer,3.329752262657348,1.080142094431431
2024-07-16,2,1,all,overtid_timer,2.920766859784178,0.9474708580137539
2024-08-16,2,1,all,overtid_timer,2.3983201057633576,0.7779937658451636
2024-09-16,2,1,all,overtid_timer,2.9141013384277596,0.9453086220182587
2024-10-16,2,1,all,overtid_timer,3.200155060063122,1.0381019116188916
2024-11-16,2,1,all,overtid_timer,3.265566296254577,1.0593207363499548
2024-12-16,2,1,all,overtid_timer,3.1399309213207363,1.018565735283474
2025-01-16,2,1,all,overtid_timer,2.6524309543795948,0.8604250708164956
2025-02-16,2,1,all,overtid_timer,2.904014452547931,0.942036525723673
2025-03-16,2,1,all,overtid_timer,2.7470219160126184,0.8911095396156962
2025-04-16,2,1,all,overtid_timer,3.1024095522601924,1.0063941360274242
2025-05-16,2,1,all,overtid_timer,3.22209816423748,1.0452200599469303
2025-06-16,2,1,all,overtid_timer,3.300860814030469,1.070769964804559
2025-07-16,2,1,all,overtid_timer,3.141086133361851,1.01894047582126
2025-08-16,2,1,all,overtid_timer,2.446497366273655,0.7936220417548048
2025-09-16,2,1,all,overtid_timer,2.956263294538939,0.9589855865450162
2025-10-16,2,1,all,overtid_timer,3.135951799122433,1.0172749433427415
2025-11-16,2,1,all,overtid_timer,3.337904858491272,1.0827867241949918
2025-12-16,2,1,all,overtid_timer,3.1341824994986034,1.0167009982409414
2026-01-16,2,1,all,overtid_timer,2.6203390317230593,0.8500147358070982
2026-02-16,2,1,all,overtid_timer,2.8356084021329697,0.9198462098267088
2021-01-16,2,1,1,stillingspst,83.44428985582655,1.0245090058368784
2021-02-16,2,1,1,stillingspst,83.77812494324372,1.0286077530862607
2021-03-16,2,1,1,stillingspst,83.28494626253728,1.0225526233614648
2021-04-16,2,1,1,stillingspst,83.72484263567274,1.0279535656750842
2021-05-16,2,1,1,stillingspst,83.74447449990595,1.0281946010022833
2021-06-16,2,1,1,stillingspst,81.66409592783296,1.0026522111476703
2021-07-16,2,1,1,stillingspst,82.24128071300831,1.0097387477035673
2021-08-16,2,1,1,stillingspst,82.29060424032325,1.0103443301588928
2021-09-16,2,1,1,stillingspst,81.98914441554167,1.006643078630234
2021-10-16,2,1,1,stillingspst,82.3536895243783,1.0111188761675154
2021-11-16,2,1,1,stillingspst,81.92356372969383,1.0058378946760513
2021-12-16,2,1,1,stillingspst,81.44363551374566,0.9999454509840545
2022-01-16,2,1,1,stillingspst,81.93290325795566,1.0059525631672213
2022-02-16,2,1,1,stillingspst,82.40838499055158,1.0117904140015577
2022-03-16,2,1,1,stillingspst,81.69154363815701,1.0029892075612679
2022-04-16,2,1,1,stillingspst,82.24999053666916,1.0098456848324613
2022-05-16,2,1,1,stillingspst,81.35472909427725,0.9988538792590212
2022-06-16,2,1,1,stillingspst,80.51858021324837,0.9885878435564632
2022-07-16,2,1,1,stillingspst,81.29283083883438,0.9980939073034042
2022-08-16,2,1,1,stillingspst,81.12888384257097,0.9960810053487951
2022-09-16,2,1,1,stillingspst,81.41816731331073,0.9996327585187808
2022-10-16,2,1,1,stillingspst,81.44807842627446,1.0
2022-11-16,2,1,1,stillingspst,81.62398267939453,1.002159710290517
2022-12-16,2,1,1,stillingspst,80.89463900408802,0.9932050033238364
2023-01-16,2,1,1,stillingspst,81.18985599453768,0.9968296068277348
2023-02-16,2,1,1,stillingspst,81.98483036395372,1.006590111738058
2023-03-16,2,1,1,stillingspst,81.26855227759042,0.997795820943197
2023-04-16,2,1,1,stillingspst,81.86096000832536,1.00506926117876
2023-05-16,2,1,1,stillingspst,81.23918452464642,0.9974352507061646
2023-06-16,2,1,1,stillingspst,80.0172856856335,0.9824330694070812
2023-07-16,2,1,1,stillingspst,81.24732860339293,0.997535241754497
2023-08-16,2,1,1,stillingspst,81.27127882771032,0.997829296872557
2023-09-16,2,1,1,stillingspst,81.52572349969573,1.000953307615373
2023-10-16,2,1,1,stillingspst,81.32622236622346,0.9985038804793743
2023-11-16,2,1,1,stillingspst,81.43830702327568,0.9998800290542443
2023-12-16,2,1,1,stillingspst,81.26403647038991,0.9977403769439307
2024-01-16,2,1,1,stillingspst,80.96334527029539,0.9940485624050929
2024-02-16,2,1,1,stillingspst,81.68459808863527,1.0029039317677078
2024-03-16,2,1,1,stillingspst,81.90332579619653,1.0055894181755822
2024-04-16,2,1,1,stillingspst,81.09547938408949,0.9956708734079694
2024-05-16,2,1,1,stillingspst,81.48123802850387,1.000407125654406
2024-06-16,2,1,1,stillingspst,80.12414905496361,0.9837451122618043
2024-07-16,2,1,1,stillingspst,80.34629061279186,0.9864725131056354
2024-08-16,2,1,1,stillingspst,81.33348072618082,0.9985929968845444
2024-09-16,2,1,1,stillingspst,81.02499906489062,0.9948055329289713
2024-10-16,2,1,1,stillingspst,80.89763583924668,0.9932417977481686
2024-11-16,2,1,1,stillingspst,81.48991802270187,1.0005136965442996
2024-12-16,2,1,1,stillingspst,81.37663398292925,0.999122822235642
2025-01-16,2,1,1,stillingspst,80.68878006174623,0.990677516533241
2025-02-16,2,1,1,stillingspst,81.39167088370439,0.9993074417020025
2025-03-16,2,1,1,stillingspst,81.27934521347103,0.9979283340250173
2025-04-16,2,1,1,stillingspst,81.46465621714911,1.000203538145957
2025-05-16,2,1,1,stillingspst,80.76528306315481,0.99161680206197
2025-06-16,2,1,1,stillingspst,80.05272233579159,0.9828681521105997
2025-07-16,2,1,1,stillingspst,80.7754535457587,0.991741672811537
2025-08-16,2,1,1,stillingspst,81.73613887582053,1.0035367372086845
2025-09-16,2,1,1,stillingspst,81.19660850919333,0.996912512585441
2025-10-16,2,1,1,stillingspst,80.51336394863819,0.9885237995088814
2025-11-16,2,1,1,stillingspst,81.52510317665995,1.000945691437708
2025-12-16,2,1,1,stillingspst,80.82167510246191,0.9923091700146178
2026-01-16,2,1,1,stillingspst,80.59837255332913,0.9895675147976084
2026-02-16,2,1,1,stillingspst,81.19742133788154,0.9969224923014013
2021-01-16,2,1,2,stillingspst,74.11280943590172,1.058789490127938
2021-02-16,2,1,2,stillingspst,74.74822844897176,1.067867205275788
2021-03-16,2,1,2,stillingspst,73.96339023479322,1.056654859408078
2021-04-16,2,1,2,stillingspst,74.60355191815646,1.0658003292328835
2021-05-16,2,1,2,stillingspst,74.33276543882292,1.0619318228225976
2021-06-16,2,1,2,stillingspst,71.44474838379197,1.0206730697345552
2021-07-16,2,1,2,stillingspst,72.3294267497034,1.0333117507277605
2021-08-16,2,1,2,stillingspst,72.96888045048684,1.0424471061806997
2021-09-16,2,1,2,stillingspst,71.2342552306249,1.0176659250855598
2021-10-16,2,1,2,stillingspst,70.85499699957461,1.0122477708941733
2021-11-16,2,1,2,stillingspst,69.3390346550399,0.9905904486304523
2021-12-16,2,1,2,stillingspst,69.36252824489584,0.9909260824596673
2022-01-16,2,1,2,stillingspst,71.34884728816189,1.0193030087030313
2022-02-16,2,1,2,stillingspst,71.75155345765428,1.0250561445389759
2022-03-16,2,1,2,stillingspst,70.49659338682305,1.0071275496895862
2022-04-16,2,1,2,stillingspst,71.13059928289515,1.0161850767830753
2022-05-16,2,1,2,stillingspst,69.79512101973674,0.9971061839427039
2022-06-16,2,1,2,stillingspst,68.91506087035151,0.9845334796566062
2022-07-16,2,1,2,stillingspst,70.43123835212307,1.0061938754112263
2022-08-16,2,1,2,stillingspst,70.85026368309988,1.0121801498476224
2022-09-16,2,1,2,stillingspst,69.76444148070539,0.9966678902963612
2022-10-16,2,1,2,stillingspst,69.99768143424465,1.0
2022-11-16,2,1,2,stillingspst,69.13810882663086,0.9877199845766138
2022-12-16,2,1,2,stillingspst,67.63086239331867,0.96618717945466
2023-01-16,2,1,2,stillingspst,69.48563770879176,0.9926848473412093
2023-02-16,2,1,2,stillingspst,69.84325020169307,0.9977937664592983
2023-03-16,2,1,2,stillingspst,68.73155428369446,0.9819118701561625
2023-04-16,2,1,2,stillingspst,69.95884882459752,0.9994452300583183
2023-05-16,2,1,2,stillingspst,68.43435201207849,0.9776659827849478
2023-06-16,2,1,2,stillingspst,66.92899141878179,0.9561601191270089
2023-07-16,2,1,2,stillingspst,68.55769489221086,0.9794280822946042
2023-08-16,2,1,2,stillingspst,69.3439357713626,0.9906604668970902
2023-09-16,2,1,2,stillingspst,68.47911033388588,0.9783054085614921
2023-10-16,2,1,2,stillingspst,68.23590694716944,0.9748309593835588
2023-11-16,2,1,2,stillingspst,67.8513999188069,0.9693378198897352
2023-12-16,2,1,2,stillingspst,67.34321911178142,0.9620778536078111
2024-01-16,2,1,2,stillingspst,67.59766610455921,0.9657129310498662
2024-02-16,2,1,2,stillingspst,68.17497238557053,0.9739604368126626
2024-03-16,2,1,2,stillingspst,68.15560466281661,0.9736837458943769
2024-04-16,2,1,2,stillingspst,66.9453731095822,0.9563941510329915
2024-05-16,2,1,2,stillingspst,67.0644963706122,0.9580959682730654
2024-06-16,2,1,2,stillingspst,65.91193208645713,0.9416302188290958
2024-07-16,2,1,2,stillingspst,66.37132789113971,0.948193233421431
2024-08-16,2,1,2,stillingspst,68.01395574183664,0.9716601228531903
2024-09-16,2,1,2,stillingspst,67.10796466371225,0.9587169644576444
2024-10-16,2,1,2,stillingspst,66.5345427523139,0.950524951527373
2024-11-16,2,1,2,stillingspst,66.48972688117759,0.9498847035903266
2024-12-16,2,1,2,stillingspst,66.41732228699411,0.9488503179835476
2025-01-16,2,1,2,stillingspst,65.948567422483,0.9421535981078835
2025-02-16,2,1,2,stillingspst,66.56663860222538,0.9509834788564765
2025-03-16,2,1,2,stillingspst,66.21189439021175,0.9459155365368889
2025-04-16,2,1,2,stillingspst,66.24276335788763,0.9463565363963609
2025-05-16,2,1,2,stillingspst,65.07804451645279,0.9297171446683796
2025-06-16,2,1,2,stillingspst,64.24406833704866,0.9178028046171658
2025-07-16,2,1,2,stillingspst,65.04632875995532,0.9292640474250479
2025-08-16,2,1,2,stillingspst,67.04478680446579,0.9578143937159862
2025-09-16,2,1,2,stillingspst,65.11473547796835,0.9302413186233417
2025-10-16,2,1,2,stillingspst,64.31599565334697,0.9188303717425981
2025-11-16,2,1,2,stillingspst,64.41804162468539,0.9202882196205207
2025-12-16,2,1,2,stillingspst,63.72196099157761,0.9103438811960877
2026-01-16,2,1,2,stillingspst,63.92560705512766,0.9132532070391352
2026-02-16,2,1,2,stillingspst,64.47930282726811,0.9211634086457496
2021-01-16,2,1,3,stillingspst,60.02569321775871,1.011230284617257
2021-02-16,2,1,3,stillingspst,59.63860515820192,1.0047091576188978
2021-03-16,2,1,3,stillingspst,58.87868522717475,0.9919070722626959
2021-04-16,2,1,3,stillingspst,60.10984819799677,1.01264801192795
2021-05-16,2,1,3,stillingspst,60.1223483063148,1.012858596552876
2021-06-16,2,1,3,stillingspst,58.16610487122712,0.9799024989286823
2021-07-16,2,1,3,stillingspst,60.62394192108809,1.0213087555870966
2021-08-16,2,1,3,stillingspst,61.76584616655012,1.0405459870665423
2021-09-16,2,1,3,stillingspst,59.94518127211173,1.0098739301405777
2021-10-16,2,1,3,stillingspst,59.59392883976575,1.0039565124800243
2021-11-16,2,1,3,stillingspst,59.08895568660284,0.9954494196332242
2021-12-16,2,1,3,stillingspst,58.87774156880872,0.991891174805009
2022-01-16,2,1,3,stillingspst,58.73854625988923,0.9895462037715982
2022-02-16,2,1,3,stillingspst,59.25350034333048,0.9982214415980737
2022-03-16,2,1,3,stillingspst,58.21094195545082,0.9806578524283321
2022-04-16,2,1,3,stillingspst,59.058118893369425,0.9949299237719272
2022-05-16,2,1,3,stillingspst,58.32035058825998,0.9825010185287855
2022-06-16,2,1,3,stillingspst,57.62099567601158,0.9707192492721467
2022-07-16,2,1,3,stillingspst,60.470786530169,1.0187286043010808
2022-08-16,2,1,3,stillingspst,61.203475842080074,1.0310719456554571
2022-09-16,2,1,3,stillingspst,59.87894663657045,1.0087581001391324
2022-10-16,2,1,3,stillingspst,59.359073922986774,1.0
2022-11-16,2,1,3,stillingspst,58.76058112327396,0.9899174168301664
2022-12-16,2,1,3,stillingspst,58.53039188639275,0.9860395053051338
2023-01-16,2,1,3,stillingspst,58.66336281694737,0.9882796165765317
2023-02-16,2,1,3,stillingspst,58.94616586008012,0.9930438931132524
2023-03-16,2,1,3,stillingspst,58.13603327609751,0.9793958940721337
2023-04-16,2,1,3,stillingspst,59.4567581768449,1.0016456498965072
2023-05-16,2,1,3,stillingspst,58.62061151658778,0.9875594014934079
2023-06-16,2,1,3,stillingspst,56.929371989550646,0.9590677250694906
2023-07-16,2,1,3,stillingspst,60.07356549051108,1.0120367707968507
2023-08-16,2,1,3,stillingspst,60.98690615807206,1.027423477616872
2023-09-16,2,1,3,stillingspst,59.86373410860188,1.0085018204001945
2023-10-16,2,1,3,stillingspst,59.05072080620402,0.9948052909790538
2023-11-16,2,1,3,stillingspst,58.66977849240131,0.9883876990486785
2023-12-16,2,1,3,stillingspst,58.845046117429135,0.991340366828759
2024-01-16,2,1,3,stillingspst,58.166187028824424,0.9799038830068337
2024-02-16,2,1,3,stillingspst,58.62181826644501,0.9875797311545277
2024-03-16,2,1,3,stillingspst,58.670654391479175,0.9884024549911146
2024-04-16,2,1,3,stillingspst,57.715362358687436,0.9723090092943176
2024-05-16,2,1,3,stillingspst,58.574709568000145,0.9867861086241967
2024-06-16,2,1,3,stillingspst,57.44384274099003,0.9677348203834583
2024-07-16,2,1,3,stillingspst,59.327249124863805,0.9994638595918081
2024-08-16,2,1,3,stillingspst,61.02499120265638,1.0280650820434125
2024-09-16,2,1,3,stillingspst,59.563980052539065,1.0034519765220418
2024-10-16,2,1,3,stillingspst,58.43934725344063,0.9845057106056033
2024-11-16,2,1,3,stillingspst,58.663175030752896,0.9882764530131191
2024-12-16,2,1,3,stillingspst,58.78510829433658,0.990330616859103
2025-01-16,2,1,3,stillingspst,58.011831198112745,0.977303508362985
2025-02-16,2,1,3,stillingspst,58.644317632306034,0.9879587695116661
2025-03-16,2,1,3,stillingspst,58.32834633050143,0.9826357197920133
2025-04-16,2,1,3,stillingspst,58.40984336901457,0.9840086697578242
2025-05-16,2,1,3,stillingspst,57.78019502300468,0.973401220813678
2025-06-16,2,1,3,stillingspst,57.17274958744302,0.9631678159537947
2025-07-16,2,1,3,stillingspst,58.60954518297076,0.9873729711317859
2025-08-16,2,1,3,stillingspst,60.74235175246727,1.0233035614955042
2025-09-16,2,1,3,stillingspst,58.79701395109549,0.9905311869821198
2025-10-16,2,1,3,stillingspst,57.8832896844555,0.9751380178126435
2025-11-16,2,1,3,stillingspst,58.34474657234962,0.9829120085001132
2025-12-16,2,1,3,stillingspst,58.06171033891475,0.9781438034940498
2026-01-16,2,1,3,stillingspst,57.57660654014903,0.9699714421901133
2026-02-16,2,1,3,stillingspst,58.090648798337924,0.978631318839399
2021-01-16,2,1,4,stillingspst,89.18135865199625,1.0188478319452587
2021-02-16,2,1,4,stillingspst,88.44484938323909,1.0104336197934907
2021-03-16,2,1,4,stillingspst,88.09291167866094,1.0064129256404843
2021-04-16,2,1,4,stillingspst,88.1262209836581,1.0067934660773306
2021-05-16,2,1,4,stillingspst,87.91231177086085,1.0043496713091655
2021-06-16,2,1,4,stillingspst,86.69093897300554,0.9903961607784764
2021-07-16,2,1,4,stillingspst,88.25758021091714,1.0082941727936425
2021-08-16,2,1,4,stillingspst,88.85831125051675,1.0151571935698411
2021-09-16,2,1,4,stillingspst,87.87176041567041,1.003886394443431
2021-10-16,2,1,4,stillingspst,87.45672518008264,0.9991448458019762
2021-11-16,2,1,4,stillingspst,86.94672369081876,0.9933183600937577
2021-12-16,2,1,4,stillingspst,86.54709367746439,0.9887528076191068
2022-01-16,2,1,4,stillingspst,88.37518570592573,1.0096377507052767
2022-02-16,2,1,4,stillingspst,88.1089130166407,1.0065957321008852
2022-03-16,2,1,4,stillingspst,87.26768240610743,0.9969851363815225
2022-04-16,2,1,4,stillingspst,87.4651878381876,0.9992415270029924
2022-05-16,2,1,4,stillingspst,86.64789693310671,0.9899044292137605
2022-06-16,2,1,4,stillingspst,85.83403868803713,0.9806065476717712
2022-07-16,2,1,4,stillingspst,87.61827789258491,1.0009904964330694
2022-08-16,2,1,4,stillingspst,88.03418943914973,1.0057420564440815
2022-09-16,2,1,4,stillingspst,87.80519026889246,1.0031258672352548
2022-10-16,2,1,4,stillingspst,87.53157817662003,1.0
2022-11-16,2,1,4,stillingspst,87.00284482708335,0.9939595131202843
2022-12-16,2,1,4,stillingspst,87.08984071494538,0.9949533931539162
2023-01-16,2,1,4,stillingspst,88.14918906336068,1.007055863719199
2023-02-16,2,1,4,stillingspst,87.62181997802496,1.0010309628054785
2023-03-16,2,1,4,stillingspst,86.95363025884973,0.9933972638239867
2023-04-16,2,1,4,stillingspst,87.13967106517812,0.9955226774199006
2023-05-16,2,1,4,stillingspst,86.50357181548769,0.9882555943518115
2023-06-16,2,1,4,stillingspst,85.53596089983105,0.9772011733552634
2023-07-16,2,1,4,stillingspst,87.33692650532845,0.9977762120214625
2023-08-16,2,1,4,stillingspst,87.82272959149562,1.0033262443216562
2023-09-16,2,1,4,stillingspst,87.56262114129315,1.0003546487487118
2023-10-16,2,1,4,stillingspst,86.99985417895482,0.9939253466149975
2023-11-16,2,1,4,stillingspst,86.55437598275587,0.988836003940288
2023-12-16,2,1,4,stillingspst,86.81277632325605,0.9917880853020427
2024-01-16,2,1,4,stillingspst,87.51600318230584,0.9998220642808157
2024-02-16,2,1,4,stillingspst,87.10874554081155,0.9951693703619134
2024-03-16,2,1,4,stillingspst,87.04504721783943,0.9944416521566778
2024-04-16,2,1,4,stillingspst,86.22513286891571,0.9850745829685809
2024-05-16,2,1,4,stillingspst,86.48276309470788,0.9880178661945764
2024-06-16,2,1,4,stillingspst,85.68898538747847,0.9789493937213881
2024-07-16,2,1,4,stillingspst,87.00306531312224,0.9939620320516629
2024-08-16,2,1,4,stillingspst,87.66452739345971,1.0015188714702643
2024-09-16,2,1,4,stillingspst,87.01397194464549,0.9940866343009362
2024-10-16,2,1,4,stillingspst,86.56494641026738,0.9889567652441706
2024-11-16,2,1,4,stillingspst,86.75511169090787,0.9911292986841227
2024-12-16,2,1,4,stillingspst,86.55206835011586,0.9888096405102199
2025-01-16,2,1,4,stillingspst,87.00162828865548,0.9939456148397642
2025-02-16,2,1,4,stillingspst,86.81313329805126,0.9917921635421778
2025-03-16,2,1,4,stillingspst,86.30517353574493,0.9859890034382737
2025-04-16,2,1,4,stillingspst,86.09559455261144,0.9835946791555491
2025-05-16,2,1,4,stillingspst,85.88874854807285,0.9812315776458149
2025-06-16,2,1,4,stillingspst,85.56708445040782,0.9775567427534748
2025-07-16,2,1,4,stillingspst,86.52890020303306,0.9885449572088855
2025-08-16,2,1,4,stillingspst,87.36891296814737,0.9981416397160755
2025-09-16,2,1,4,stillingspst,86.48484948811966,0.9880417020884933
2025-10-16,2,1,4,stillingspst,86.16624964537016,0.9844018746183814
2025-11-16,2,1,4,stillingspst,86.39727180068432,0.9870411753156453
2025-12-16,2,1,4,stillingspst,85.96242845270858,0.9820733299159162
2026-01-16,2,1,4,stillingspst,86.88154943809894,0.9925737802052481
2026-02-16,2,1,4,stillingspst,86.6243578823788,0.9896355085428638
2021-01-16,2,1,5,stillingspst,84.41684560828683,1.0059150688528156
2021-02-16,2,1,5,stillingspst,84.0709865376732,1.001793796039045
2021-03-16,2,1,5,stillingspst,83.39497381753914,0.9937383969416369
2021-04-16,2,1,5,stillingspst,83.88287065776434,0.9995521984417018
2021-05-16,2,1,5,stillingspst,83.75374326230099,0.9980135103758029
2021-06-16,2,1,5,stillingspst,82.45711655568701,0.9825628460746014
2021-07-16,2,1,5,stillingspst,84.31764483693065,1.0047329878353366
2021-08-16,2,1,5,stillingspst,84.76739508293284,1.0100922327397617
2021-09-16,2,1,5,stillingspst,83.93459731378988,1.0001685756870553
2021-10-16,2,1,5,stillingspst,83.76451477508196,0.9981418642244057
2021-11-16,2,1,5,stillingspst,83.21290175087697,0.9915688177047806
2021-12-16,2,1,5,stillingspst,82.82438770737399,0.9869392662449447
2022-01-16,2,1,5,stillingspst,83.93037394553964,1.0001182498340384
2022-02-16,2,1,5,stillingspst,83.64329281918424,0.9966973777450227
2022-03-16,2,1,5,stillingspst,82.63339603910889,0.9846634006194428
2022-04-16,2,1,5,stillingspst,82.83163236066217,0.9870255938713642
2022-05-16,2,1,5,stillingspst,82.12099926594865,0.9785576567760262
2022-06-16,2,1,5,stillingspst,81.70534081174539,0.9736046512524689
2022-07-16,2,1,5,stillingspst,83.84836081115147,0.9991409775001759
2022-08-16,2,1,5,stillingspst,84.51819295103883,1.0071227285151472
2022-09-16,2,1,5,stillingspst,83.75289792632712,0.9980034373129181
2022-10-16,2,1,5,stillingspst,83.92045036621141,1.0
2022-11-16,2,1,5,stillingspst,83.13648118401045,0.9906581866663027
2022-12-16,2,1,5,stillingspst,83.00276248735825,0.9890647884413327
2023-01-16,2,1,5,stillingspst,83.75018101491972,0.9979710624698905
2023-02-16,2,1,5,stillingspst,83.73691587676792,0.9978129944650848
2023-03-16,2,1,5,stillingspst,82.93755493728798,0.988287772233892
2023-04-16,2,1,5,stillingspst,83.2126509446686,0.9915658290863059
2023-05-16,2,1,5,stillingspst,82.79998629705612,0.9866484979016936
2023-06-16,2,1,5,stillingspst,82.01350335648334,0.9772767305060143
2023-07-16,2,1,5,stillingspst,84.26054461953748,1.0040525789821428
2023-08-16,2,1,5,stillingspst,84.85555060009335,1.0111426979931752
2023-09-16,2,1,5,stillingspst,84.341857100689,1.0050215022993638
2023-10-16,2,1,5,stillingspst,83.65741042271151,0.9968656037669954
2023-11-16,2,1,5,stillingspst,83.30158704263116,0.9926255957769571
2023-12-16,2,1,5,stillingspst,83.15405047348021,0.9908675431389276
2024-01-16,2,1,5,stillingspst,83.72677743989914,0.9976921843785737
2024-02-16,2,1,5,stillingspst,83.35801221613528,0.9932979607756898
2024-03-16,2,1,5,stillingspst,83.2205704243791,0.9916601979758429
2024-04-16,2,1,5,stillingspst,82.45575988679914,0.9825466799448684
2024-05-16,2,1,5,stillingspst,83.06025916909053,0.9897499215820794
2024-06-16,2,1,5,stillingspst,82.21798686689807,0.9797133655517322
2024-07-16,2,1,5,stillingspst,83.60109090617566,0.9961944977816237
2024-08-16,2,1,5,stillingspst,84.52627672288419,1.0072190551174247
2024-09-16,2,1,5,stillingspst,83.31789678138165,0.9928199433844749
2024-10-16,2,1,5,stillingspst,82.9395901638134,0.9883120240880771
2024-11-16,2,1,5,stillingspst,82.88623468901105,0.9876762377622229
2024-12-16,2,1,5,stillingspst,82.39593403497209,0.981833792304657
2025-01-16,2,1,5,stillingspst,82.57448581058442,0.9839614235892028
2025-02-16,2,1,5,stillingspst,82.57370945961652,0.983952172554866
2025-03-16,2,1,5,stillingspst,82.14440824140434,0.9788365992191796
2025-04-16,2,1,5,stillingspst,81.9171169720246,0.9761281858540477
2025-05-16,2,1,5,stillingspst,81.26551715430739,0.9683636920402781
2025-06-16,2,1,5,stillingspst,81.16182536068294,0.967128095792022
2025-07-16,2,1,5,stillingspst,82.6537709591605,0.984906189116915
2025-08-16,2,1,5,stillingspst,83.58848402003474,0.9960442735384756
2025-09-16,2,1,5,stillingspst,82.19544288510033,0.9794447304133438
2025-10-16,2,1,5,stillingspst,81.86736745774816,0.9755353683219761
2025-11-16,2,1,5,stillingspst,81.8893163493344,0.9757969123376534
2025-12-16,2,1,5,stillingspst,81.56378317686661,0.9719178438740402
2026-01-16,2,1,5,stillingspst,81.77936676491238,0.9744867479624361
2026-02-16,2,1,5,stillingspst,81.82829743014706,0.975069808051141
2021-01-16,2,1,all,stillingspst,75.38406820733485,1.0162314619050827
2021-02-16,2,1,all,stillingspst,75.52610976627136,1.0181462842876094
2021-03-16,2,1,all,stillingspst,74.90741019143539,1.0098057689988043
2021-04-16,2,1,all,stillingspst,75.59376849598131,1.019058372629866
2021-05-16,2,1,all,stillingspst,75.45173989715161,1.017143724958901
2021-06-16,2,1,all,stillingspst,73.38112439965134,0.9892303386943047
2021-07-16,2,1,all,stillingspst,74.88224824567982,1.0094665678714623
2021-08-16,2,1,all,stillingspst,75.56100946016227,1.0186167572640115
2021-09-16,2,1,all,stillingspst,74.50177565343941,1.0043375236606369
2021-10-16,2,1,all,stillingspst,74.36394514758058,1.0024794693025356
2021-11-16,2,1,all,stillingspst,73.60486490010007,0.9922465215730666
2021-12-16,2,1,all,stillingspst,73.24161966027376,0.9873497144641231
2022-01-16,2,1,all,stillingspst,74.11832359161338,0.9991683140567159
2022-02-16,2,1,all,stillingspst,74.50989334955904,1.0044469560432494
2022-03-16,2,1,all,stillingspst,73.55573821343198,0.9915842585007958
2022-04-16,2,1,all,stillingspst,74.08960693381731,0.9987811928542244
2022-05-16,2,1,all,stillingspst,73.17152969610764,0.9864048513326521
2022-06-16,2,1,all,stillingspst,72.41034170753176,0.9761434897371553
2022-07-16,2,1,all,stillingspst,74.29742890261703,1.0015827824764303
2022-08-16,2,1,all,stillingspst,74.79595205182127,1.0083032331068735
2022-09-16,2,1,all,stillingspst,74.23803714342131,1.000782138842996
2022-10-16,2,1,all,stillingspst,74.18001806991468,1.0
2022-11-16,2,1,all,stillingspst,73.64313092821767,0.9927623751561911
2022-12-16,2,1,all,stillingspst,72.97134756067832,0.9837062521594807
2023-01-16,2,1,all,stillingspst,73.72700795761631,0.9938930978437965
2023-02-16,2,1,all,stillingspst,74.10730756600604,0.9990198101078904
2023-03-16,2,1,all,stillingspst,73.28418258468399,0.9879234932999562
2023-04-16,2,1,all,stillingspst,74.07241854087192,0.9985494809540038
2023-05-16,2,1,all,stillingspst,73.16782443231199,0.9863549017115539
2023-06-16,2,1,all,stillingspst,71.77311547625524,0.9675532217936247
2023-07-16,2,1,all,stillingspst,73.8927497923701,0.9961274169915431
2023-08-16,2,1,all,stillingspst,74.5483060466869,1.0049647868301288
2023-09-16,2,1,all,stillingspst,74.12465994199005,0.9992537326174219
2023-10-16,2,1,all,stillingspst,73.65329494342537,0.992899393391993
2023-11-16,2,1,all,stillingspst,73.3344474396158,0.988601099699087
2023-12-16,2,1,all,stillingspst,73.10098132235896,0.985453808510282
2024-01-16,2,1,all,stillingspst,73.0706703759305,0.9850451951502813
2024-02-16,2,1,all,stillingspst,73.47825821110362,0.9905397723393697
2024-03-16,2,1,all,stillingspst,73.4764653515236,0.9905156033026579
2024-04-16,2,1,all,stillingspst,72.50809208711786,0.9774612351641512
2024-05-16,2,1,all,stillingspst,72.92166077711633,0.9830364385782119
2024-06-16,2,1,all,stillingspst,71.75875595149046,0.967359645071235
2024-07-16,2,1,all,stillingspst,72.79461393629279,0.9813237557812922
2024-08-16,2,1,all,stillingspst,74.13614841968904,0.9994086055602697
2024-09-16,2,1,all,stillingspst,73.25025699924474,0.9874661520061422
2024-10-16,2,1,all,stillingspst,72.71364209833682,0.9802321971639882
2024-11-16,2,1,all,stillingspst,72.87034937867276,0.9823447240197817
2024-12-16,2,1,all,stillingspst,72.64243320091096,0.9792722500073463
2025-01-16,2,1,all,stillingspst,72.2452358961005,0.9739177446412772
2025-02-16,2,1,all,stillingspst,72.7702827395446,0.9809957537481131
2025-03-16,2,1,all,stillingspst,72.43756888385951,0.9765105316580954
2025-04-16,2,1,all,stillingspst,72.389136591854,0.9758576295253423
2025-05-16,2,1,all,stillingspst,71.61610782691118,0.9654366457475513
2025-06-16,2,1,all,stillingspst,70.93296744183506,0.9562274219855369
2025-07-16,2,1,all,stillingspst,72.04548883549552,0.9712250105896797
2025-08-16,2,1,all,stillingspst,73.61205139296341,0.9923434006659858
2025-09-16,2,1,all,stillingspst,72.26792193637094,0.9742235687818034
2025-10-16,2,1,all,stillingspst,71.57940452906708,0.9649418588925588
2025-11-16,2,1,all,stillingspst,71.93816393963232,0.9697781937964829
2025-12-16,2,1,all,stillingspst,71.30940413730568,0.961302059404954
2026-01-16,2,1,all,stillingspst,71.28005127165707,0.9609063616629968
2026-02-16,2,1,all,stillingspst,71.75120429713522,0.9672578433387505
2021-01-16,2,1,1,timelonn,21794.478747272296,0.8079645091178088
2021-02-16,2,1,1,timelonn,25208.255354595833,0.9345199717539238
2021-03-16,2,1,1,timelonn,26532.513900833565,0.9836128598501781
2021-04-16,2,1,1,timelonn,24749.064597340905,0.9174968605761284
2021-05-16,2,1,1,timelonn,24490.487889888966,0.9079109097062618
2021-06-16,2,1,1,timelonn,24369.179765491797,0.903413777183979
2021-07-16,2,1,1,timelonn,23784.846465645394,0.8817513840042074
2021-08-16,2,1,1,timelonn,22068.833758550292,0.8181353929724631
2021-09-16,2,1,1,timelonn,26140.944358018893,0.9690966010713193
2021-10-16,2,1,1,timelonn,26182.370613524927,0.9706323544418243
2021-11-16,2,1,1,timelonn,26280.92844670202,0.9742860885928468
2021-12-16,2,1,1,timelonn,27522.39431599765,1.0203096881156157
2022-01-16,2,1,1,timelonn,22653.916085837143,0.8398255540835192
2022-02-16,2,1,1,timelonn,25698.08466227487,0.9526789147008818
2022-03-16,2,1,1,timelonn,25838.619587953453,0.9578888228412183
2022-04-16,2,1,1,timelonn,25566.6917047865,0.9478079174345713
2022-05-16,2,1,1,timelonn,23891.399847166336,0.8857015289741202
2022-06-16,2,1,1,timelonn,25242.37048710597,0.9357846873092565
2022-07-16,2,1,1,timelonn,23745.999849517237,0.8803112629765456
2022-08-16,2,1,1,timelonn,22512.628058110156,0.8345877269581081
2022-09-16,2,1,1,timelonn,27006.25042442938,1.0011752114061279
2022-10-16,2,1,1,timelonn,26974.549626033706,1.0
2022-11-16,2,1,1,timelonn,27596.94288066723,1.0230733511128889
2022-12-16,2,1,1,timelonn,28210.782655239396,1.0458296077726754
2023-01-16,2,1,1,timelonn,23694.08588525089,0.8783867094627311
2023-02-16,2,1,1,timelonn,27014.31417268007,1.001474150530691
2023-03-16,2,1,1,timelonn,26752.434293598308,0.9917657445438485
2023-04-16,2,1,1,timelonn,26167.7331579454,0.9700897149619273
2023-05-16,2,1,1,timelonn,24441.85062318893,0.9061078298634349
2023-06-16,2,1,1,timelonn,26813.266200939757,0.994020903876805
2023-07-16,2,1,1,timelonn,25285.51878799671,0.9373842803141047
2023-08-16,2,1,1,timelonn,24290.547036739055,0.9004987061320845
2023-09-16,2,1,1,timelonn,28038.281181700026,1.039434636367003
2023-10-16,2,1,1,timelonn,28050.941351797548,1.0399039739564362
2023-11-16,2,1,1,timelonn,29294.979526102405,1.0860229339224705
2023-12-16,2,1,1,timelonn,29038.685212312666,1.0765215959078265
2024-01-16,2,1,1,timelonn,24830.6076816899,0.9205198242763378
2024-02-16,2,1,1,timelonn,28938.368027388005,1.072802639101673
2024-03-16,2,1,1,timelonn,27746.31050555888,1.028610704913506
2024-04-16,2,1,1,timelonn,26423.97492388984,0.9795891049238318
2024-05-16,2,1,1,timelonn,27707.825288360447,1.027183981660218
2024-06-16,2,1,1,timelonn,27780.944739471015,1.0298946645863196
2024-07-16,2,1,1,timelonn,26048.453487813604,0.96566778125829
2024-08-16,2,1,1,timelonn,26158.307351914842,0.9697402816567847
2024-09-16,2,1,1,timelonn,29122.372402428606,1.0796240458569877
2024-10-16,2,1,1,timelonn,29801.45694182206,1.1047990552198153
2024-11-16,2,1,1,timelonn,31088.903006952893,1.1525272317039295
2024-12-16,2,1,1,timelonn,30085.985329707182,1.1153470863020662
2025-01-16,2,1,1,timelonn,25747.04570663934,0.9544939976232383
2025-02-16,2,1,1,timelonn,29775.15986829759,1.1038241706012009
2025-03-16,2,1,1,timelonn,28459.25707148416,1.055041046691565
2025-04-16,2,1,1,timelonn,29207.482867751496,1.0827792594380423
2025-05-16,2,1,1,timelonn,27926.65433390671,1.0352964079501854
2025-06-16,2,1,1,timelonn,28841.92750688427,1.0692273979265372
2025-07-16,2,1,1,timelonn,27467.26287205252,1.0182658562552342
2025-08-16,2,1,1,timelonn,26866.50646633316,0.9959946260012338
2025-09-16,2,1,1,timelonn,30126.258691731706,1.1168400996269543
2025-10-16,2,1,1,timelonn,31072.841444565434,1.1519317977630432
2025-11-16,2,1,1,timelonn,32074.152218810883,1.189052372086889
2025-12-16,2,1,1,timelonn,30850.113068222232,1.14367481555459
2026-01-16,2,1,1,timelonn,26351.64728244934,0.9769077759510324
2026-02-16,2,1,1,timelonn,30422.22265277072,1.1278120700636125
2021-01-16,2,1,2,timelonn,15628.6779893675,0.8251111874111251
2021-02-16,2,1,2,timelonn,17633.7723599713,0.9309695202864843
2021-03-16,2,1,2,timelonn,18570.568128968065,0.9804273611764496
2021-04-16,2,1,2,timelonn,17829.86765368352,0.9413223102505939
2021-05-16,2,1,2,timelonn,17435.667567290486,0.9205106394501202
2021-06-16,2,1,2,timelonn,17552.506268609315,0.9266791023006786
2021-07-16,2,1,2,timelonn,18121.209362665722,0.95670360504752
2021-08-16,2,1,2,timelonn,17400.693511129903,0.9186641950466413
2021-09-16,2,1,2,timelonn,18043.28038977662,0.9525893691922543
2021-10-16,2,1,2,timelonn,18155.49921025074,0.9585139268723261
2021-11-16,2,1,2,timelonn,18059.6790179801,0.9534551296614439
2021-12-16,2,1,2,timelonn,19511.388853507848,1.0300976983408685
2022-01-16,2,1,2,timelonn,16444.06844213329,0.8681594724383673
2022-02-16,2,1,2,timelonn,18340.043828287402,0.9682569025112225
2022-03-16,2,1,2,timelonn,18229.210050333182,0.9624054677196628
2022-04-16,2,1,2,timelonn,18686.73545874502,0.9865603791755313
2022-05-16,2,1,2,timelonn,17234.398119461574,0.90988468163074
2022-06-16,2,1,2,timelonn,18501.7025295573,0.9767916233014833
2022-07-16,2,1,2,timelonn,18062.387709448325,0.953598134183976
2022-08-16,2,1,2,timelonn,17343.024086466445,0.9156195557307789
2022-09-16,2,1,2,timelonn,18831.888994359648,0.9942237148850128
2022-10-16,2,1,2,timelonn,18941.29933979462,1.0
2022-11-16,2,1,2,timelonn,19125.26384252316,1.0097123486318618
2022-12-16,2,1,2,timelonn,19534.21718372832,1.0313029129257258
2023-01-16,2,1,2,timelonn,16865.320788308556,0.8903993588695076
2023-02-16,2,1,2,timelonn,18911.045506171657,0.9984027582754367
2023-03-16,2,1,2,timelonn,18576.31663613422,0.9807308518221033
2023-04-16,2,1,2,timelonn,18669.33793414765,0.9856418822822998
2023-05-16,2,1,2,timelonn,17385.792152175618,0.9178774824411878
2023-06-16,2,1,2,timelonn,18919.608100337166,0.9988548177678666
2023-07-16,2,1,2,timelonn,18895.823215771128,0.9975991021942223
2023-08-16,2,1,2,timelonn,17810.89493413617,0.9403206514305208
2023-09-16,2,1,2,timelonn,19491.105081884216,1.0290268229347121
2023-10-16,2,1,2,timelonn,19472.58725174893,1.0280491798594886
2023-11-16,2,1,2,timelonn,20114.97122206675,1.0619636415230664
2023-12-16,2,1,2,timelonn,20449.46016530326,1.0796228811156623
2024-01-16,2,1,2,timelonn,17529.153444011474,0.9254461971985045
2024-02-16,2,1,2,timelonn,19937.40261863734,1.05258896240291
2024-03-16,2,1,2,timelonn,19287.157862863845,1.0182594930191826
2024-04-16,2,1,2,timelonn,18481.37839335622,0.9757186168600307
2024-05-16,2,1,2,timelonn,19278.897851030128,1.0178234082667303
2024-06-16,2,1,2,timelonn,19307.086624104322,1.0193116257627166
2024-07-16,2,1,2,timelonn,19050.086223391954,1.0057433696414257
2024-08-16,2,1,2,timelonn,18866.03999290777,0.996026706218156
2024-09-16,2,1,2,timelonn,20013.537434274276,1.0566084762847787
2024-10-16,2,1,2,timelonn,20204.11652226639,1.066670039885736
2024-11-16,2,1,2,timelonn,20701.229095903876,1.0929149434015724
2024-12-16,2,1,2,timelonn,20629.453729023786,1.0891255852592143
2025-01-16,2,1,2,timelonn,17792.483628419137,0.9393486322787854
2025-02-16,2,1,2,timelonn,20194.769073359843,1.0661765442316702
2025-03-16,2,1,2,timelonn,19380.397956071756,1.023182074703535
2025-04-16,2,1,2,timelonn,19974.109268709548,1.0545268785623936
2025-05-16,2,1,2,timelonn,18823.888361050776,0.993801323941005
2025-06-16,2,1,2,timelonn,19571.642717156035,1.0332787823080911
2025-07-16,2,1,2,timelonn,19615.209488084813,1.0355788764118385
2025-08-16,2,1,2,timelonn,19755.91616194248,1.0430074414396904
2025-09-16,2,1,2,timelonn,20253.970660458806,1.0693020735861736
2025-10-16,2,1,2,timelonn,20892.640097315445,1.1030204276124378
2025-11-16,2,1,2,timelonn,21305.59988904224,1.1248225112139143
2025-12-16,2,1,2,timelonn,21022.284740693627,1.1098649761860304
2026-01-16,2,1,2,timelonn,18520.393074182826,0.9777783847844328
2026-02-16,2,1,2,timelonn,20606.521710677498,1.0879148964920446
2021-01-16,2,1,3,timelonn,13762.563170614038,0.9222925575641707
2021-02-16,2,1,3,timelonn,13599.651795063712,0.9113751181780667
2021-03-16,2,1,3,timelonn,13428.408350723577,0.8998993086004011
2021-04-16,2,1,3,timelonn,13927.615968659506,0.9333535035053683
2021-05-16,2,1,3,timelonn,13574.478021522084,0.909688108011761
2021-06-16,2,1,3,timelonn,14093.460391406672,0.9444674998530713
2021-07-16,2,1,3,timelonn,15394.697390385694,1.0316693666062065
2021-08-16,2,1,3,timelonn,16155.743008828995,1.0826705283197304
2021-09-16,2,1,3,timelonn,14839.86330262065,0.9944873865139199
2021-10-16,2,1,3,timelonn,14556.142789373824,0.9754739720393137
2021-11-16,2,1,3,timelonn,14556.558919917241,0.9755018588579544
2021-12-16,2,1,3,timelonn,15401.584353685224,1.0321308936427498
2022-01-16,2,1,3,timelonn,14533.896999463625,0.9739831795018363
2022-02-16,2,1,3,timelonn,14307.052458438635,0.9587812851077652
2022-03-16,2,1,3,timelonn,13723.804952452147,0.9196951913823038
2022-04-16,2,1,3,timelonn,14511.9969249183,0.9725155549385296
2022-05-16,2,1,3,timelonn,13650.174542639796,0.9147608795002461
2022-06-16,2,1,3,timelonn,14415.62416730956,0.9660571738947816
2022-07-16,2,1,3,timelonn,15415.028826754477,1.03303186952191
2022-08-16,2,1,3,timelonn,16446.244103007717,1.102138340659903
2022-09-16,2,1,3,timelonn,15493.26352740166,1.0382747360763194
2022-10-16,2,1,3,timelonn,14922.123200215105,1.0
2022-11-16,2,1,3,timelonn,15109.308773367145,1.012544164837705
2022-12-16,2,1,3,timelonn,15520.402582574941,1.040093448789594
2023-01-16,2,1,3,timelonn,14661.235153857486,0.9825166939813325
2023-02-16,2,1,3,timelonn,14753.232675239888,0.9886818703538929
2023-03-16,2,1,3,timelonn,14261.465793477022,0.9557263133487225
2023-04-16,2,1,3,timelonn,14732.997384663753,0.9873258106092687
2023-05-16,2,1,3,timelonn,13886.5995392322,0.9306048042166025
2023-06-16,2,1,3,timelonn,14891.287383351555,0.9979335503098443
2023-07-16,2,1,3,timelonn,16288.190227499428,1.0915464246578952
2023-08-16,2,1,3,timelonn,17213.887546602917,1.1535816529349372
2023-09-16,2,1,3,timelonn,16247.871365819887,1.0888444725872302
2023-10-16,2,1,3,timelonn,15570.268154875142,1.0434351697787012
2023-11-16,2,1,3,timelonn,15950.167129614269,1.0688939446220591
2023-12-16,2,1,3,timelonn,16229.487319028156,1.0876124731897538
2024-01-16,2,1,3,timelonn,15104.146681732582,1.0121982293722687
2024-02-16,2,1,3,timelonn,15609.35851003244,1.046054793985847
2024-03-16,2,1,3,timelonn,15056.940947885749,1.0090347563722502
2024-04-16,2,1,3,timelonn,14798.294425030552,0.9917016651368508
2024-05-16,2,1,3,timelonn,15401.980760009028,1.0321574586508577
2024-06-16,2,1,3,timelonn,15529.072018781144,1.0406744275209636
2024-07-16,2,1,3,timelonn,16620.675207268334,1.113827769966994
2024-08-16,2,1,3,timelonn,18330.945197172754,1.2284408157753657
2024-09-16,2,1,3,timelonn,16699.332638287302,1.1190989656248502
2024-10-16,2,1,3,timelonn,16141.855338461011,1.081739851754362
2024-11-16,2,1,3,timelonn,16720.881892995458,1.1205430801398573
2024-12-16,2,1,3,timelonn,16603.394668210432,1.1126697216902144
2025-01-16,2,1,3,timelonn,15501.430348006475,1.0388220322281632
2025-02-16,2,1,3,timelonn,16251.905728551483,1.089114833760199
2025-03-16,2,1,3,timelonn,15349.322651197926,1.0286285969664601
2025-04-16,2,1,3,timelonn,16231.396654167633,1.0877404265053685
2025-05-16,2,1,3,timelonn,15464.706666543041,1.03636100969332
2025-06-16,2,1,3,timelonn,16161.843822622895,1.0830793718677996
2025-07-16,2,1,3,timelonn,17360.77224056752,1.163425070791351
2025-08-16,2,1,3,timelonn,18920.819282732627,1.267970987028165
2025-09-16,2,1,3,timelonn,17352.57220298977,1.1628755486176143
2025-10-16,2,1,3,timelonn,17107.84461866043,1.1464752293704303
2025-11-16,2,1,3,timelonn,17506.409814922015,1.1731849134357542
2025-12-16,2,1,3,timelonn,16990.773358102273,1.1386297465937922
2026-01-16,2,1,3,timelonn,16131.478461538234,1.0810444495797822
2026-02-16,2,1,3,timelonn,16817.060330660624,1.1269884389118436
2021-01-16,2,1,4,timelonn,16211.784930150641,0.801352303139938
2021-02-16,2,1,4,timelonn,18568.32216770754,0.9178364873853863
2021-03-16,2,1,4,timelonn,18925.666731505014,0.9355001123623665
2021-04-16,2,1,4,timelonn,17961.306708632506,0.8878315719323902
2021-05-16,2,1,4,timelonn,17722.383858505273,0.8760215598302595
2021-06-16,2,1,4,timelonn,17823.30476744929,0.8810101038533705
2021-07-16,2,1,4,timelonn,19792.377456831477,0.9783418252822524
2021-08-16,2,1,4,timelonn,19516.754819902042,0.9647177341749167
2021-09-16,2,1,4,timelonn,19387.340553727085,0.9583207568707338
2021-10-16,2,1,4,timelonn,19225.486272117094,0.9503202620516836
2021-11-16,2,1,4,timelonn,18964.399931075986,0.9374147034341029
2021-12-16,2,1,4,timelonn,20709.190273932694,1.0236600962621432
2022-01-16,2,1,4,timelonn,18122.892462838103,0.8958187933793289
2022-02-16,2,1,4,timelonn,20022.80655914232,0.9897319894525062
2022-03-16,2,1,4,timelonn,19105.61180789611,0.9443948393789158
2022-04-16,2,1,4,timelonn,19643.701610807562,0.9709927436021123
2022-05-16,2,1,4,timelonn,18028.48453325137,0.8911521874420455
2022-06-16,2,1,4,timelonn,19013.170828531107,0.9398254602489912
2022-07-16,2,1,4,timelonn,20283.945415929255,1.0026401439356287
2022-08-16,2,1,4,timelonn,19816.257987571837,0.9795222454760462
2022-09-16,2,1,4,timelonn,20779.74187372663,1.0271474782641046
2022-10-16,2,1,4,timelonn,20230.53389455302,1.0
2022-11-16,2,1,4,timelonn,20221.59435015885,0.999558116239504
2022-12-16,2,1,4,timelonn,20835.45674917493,1.0299014775277275
2023-01-16,2,1,4,timelonn,18480.028035218354,0.9134720878619036
2023-02-16,2,1,4,timelonn,20774.473445046526,1.0268870586079766
2023-03-16,2,1,4,timelonn,19501.839145483103,0.9639804489160756
2023-04-16,2,1,4,timelonn,19696.83792922734,0.973619284191537
2023-05-16,2,1,4,timelonn,18345.954601971567,0.9068448068447236
2023-06-16,2,1,4,timelonn,19526.718310320484,0.9652102318257634
2023-07-16,2,1,4,timelonn,21543.446804687217,1.0648975907891236
2023-08-16,2,1,4,timelonn,20942.34728758013,1.0351851017248124
2023-09-16,2,1,4,timelonn,22164.522164213256,1.0955974903945047
2023-10-16,2,1,4,timelonn,20827.422753009425,1.0295043552269827
2023-11-16,2,1,4,timelonn,21099.17130634105,1.0429369494802065
2023-12-16,2,1,4,timelonn,21200.71912386939,1.0479564817405826
2024-01-16,2,1,4,timelonn,19082.297825332145,0.9432424237933714
2024-02-16,2,1,4,timelonn,21675.651667446706,1.0714325079321203
2024-03-16,2,1,4,timelonn,20672.61724685006,1.0218522830193852
2024-04-16,2,1,4,timelonn,19475.37555662378,0.9626723475581352
2024-05-16,2,1,4,timelonn,20745.459945691076,1.0254529145806033
2024-06-16,2,1,4,timelonn,20533.306098831825,1.0149661005417323
2024-07-16,2,1,4,timelonn,22305.517396054707,1.1025669175275876
2024-08-16,2,1,4,timelonn,22279.52240583129,1.101281979109308
2024-09-16,2,1,4,timelonn,22650.204902069785,1.1196049011918687
2024-10-16,2,1,4,timelonn,21789.74582085899,1.0770722084959794
2024-11-16,2,1,4,timelonn,22621.596113542397,1.1181907621149414
2024-12-16,2,1,4,timelonn,22336.592351902764,1.10410295982929
2025-01-16,2,1,4,timelonn,19865.89057448303,0.9819755958013462
2025-02-16,2,1,4,timelonn,22581.88749954876,1.11622795608122
2025-03-16,2,1,4,timelonn,21302.779437944675,1.0530013468245814
2025-04-16,2,1,4,timelonn,21858.914178840536,1.080491216533141
2025-05-16,2,1,4,timelonn,20497.810049263237,1.0132115225482101
2025-06-16,2,1,4,timelonn,21583.31422446564,1.0668682466297565
2025-07-16,2,1,4,timelonn,23270.43220169487,1.1502628809989206
2025-08-16,2,1,4,timelonn,23284.67885281272,1.1509670962802427
2025-09-16,2,1,4,timelonn,23310.40692972213,1.1522388411112743
2025-10-16,2,1,4,timelonn,23279.935318933112,1.1507326222962968
2025-11-16,2,1,4,timelonn,24291.239196448638,1.2007216083896306
2025-12-16,2,1,4,timelonn,23464.139014945406,1.1598378538721126
2026-01-16,2,1,4,timelonn,21233.75916412141,1.0495896586218372
2026-02-16,2,1,4,timelonn,23277.16399272441,1.1505956349966464
2021-01-16,2,1,5,timelonn,14284.951849511486,0.853414056840274
2021-02-16,2,1,5,timelonn,16031.184320513119,0.957737778261476
2021-03-16,2,1,5,timelonn,15949.090276812609,0.9528333017455631
2021-04-16,2,1,5,timelonn,15986.882796697728,0.955091108985878
2021-05-16,2,1,5,timelonn,15267.39545474586,0.9121073721270543
2021-06-16,2,1,5,timelonn,15195.385006338265,0.9078053115000515
2021-07-16,2,1,5,timelonn,18216.27469088488,1.088279823988102
2021-08-16,2,1,5,timelonn,18432.01320491853,1.1011685114977101
2021-09-16,2,1,5,timelonn,16687.71359838433,0.9969602635988449
2021-10-16,2,1,5,timelonn,16091.849677042352,0.961362058453015
2021-11-16,2,1,5,timelonn,15794.34006591281,0.9435881879592396
2021-12-16,2,1,5,timelonn,16951.695486489116,1.0127311150818035
2022-01-16,2,1,5,timelonn,15698.417068557243,0.9378575397092568
2022-02-16,2,1,5,timelonn,17209.979965645805,1.0281615909768642
2022-03-16,2,1,5,timelonn,15984.29469906188,0.9549364904105985
2022-04-16,2,1,5,timelonn,16456.144432928304,0.983125818581958
2022-05-16,2,1,5,timelonn,14839.160567996494,0.8865236896735632
2022-06-16,2,1,5,timelonn,15808.045588694278,0.9444069856647741
2022-07-16,2,1,5,timelonn,18898.106814581497,1.1290139563042603
2022-08-16,2,1,5,timelonn,19379.343346326667,1.1577640721732496
2022-09-16,2,1,5,timelonn,17674.09443912973,1.055888797888503
2022-10-16,2,1,5,timelonn,16738.59451343098,1.0
2022-11-16,2,1,5,timelonn,16661.529406620248,0.9953959630989988
2022-12-16,2,1,5,timelonn,16690.028241189564,0.9970985453884765
2023-01-16,2,1,5,timelonn,15189.56718806665,0.9074577423975833
2023-02-16,2,1,5,timelonn,17532.979486771135,1.047458284069355
2023-03-16,2,1,5,timelonn,16284.909102055157,0.97289584791532
2023-04-16,2,1,5,timelonn,16750.383055956314,1.0007042731404883
2023-05-16,2,1,5,timelonn,14856.268982772854,0.8875457835394868
2023-06-16,2,1,5,timelonn,15944.028320763166,0.9525308894943205
2023-07-16,2,1,5,timelonn,19388.171890469897,1.1582915085799412
2023-08-16,2,1,5,timelonn,19538.057215540444,1.1672459835181017
2023-09-16,2,1,5,timelonn,17939.297571390987,1.0717326091504618
2023-10-16,2,1,5,timelonn,16298.36129493359,0.9736995111421004
2023-11-16,2,1,5,timelonn,16927.151294480376,1.0112647917301598
2023-12-16,2,1,5,timelonn,16387.104985478883,0.9790012520065491
2024-01-16,2,1,5,timelonn,14569.185426481145,0.8703947882118113
2024-02-16,2,1,5,timelonn,17634.129696210064,1.0535012173250573
2024-03-16,2,1,5,timelonn,16799.654622319333,1.0036478635550528
2024-04-16,2,1,5,timelonn,15882.857890354362,0.948876435091968
2024-05-16,2,1,5,timelonn,16190.671898419521,0.9672659126444692
2024-06-16,2,1,5,timelonn,15820.096904033255,0.9451269574240103
2024-07-16,2,1,5,timelonn,19283.56510633709,1.1520420720427893
2024-08-16,2,1,5,timelonn,21525.067119132305,1.285954271839292
2024-09-16,2,1,5,timelonn,18170.31862551246,1.0855343088054776
2024-10-16,2,1,5,timelonn,17553.88270645271,1.0487070878243419
2024-11-16,2,1,5,timelonn,18208.497847039227,1.0878152184419547
2024-12-16,2,1,5,timelonn,16886.592908025887,1.0088417456122827
2025-01-16,2,1,5,timelonn,15191.626469239955,0.9075807683285628
2025-02-16,2,1,5,timelonn,18610.357686587955,1.1118231982771958
2025-03-16,2,1,5,timelonn,17301.20945182934,1.0336118386730093
2025-04-16,2,1,5,timelonn,17435.913530656617,1.041659352980091
2025-05-16,2,1,5,timelonn,16168.814026281621,0.9659600758778063
2025-06-16,2,1,5,timelonn,16358.942168622301,0.977318744145212
2025-07-16,2,1,5,timelonn,19688.000745815854,1.1762039357616485
2025-08-16,2,1,5,timelonn,21990.85128246698,1.3137812296499334
2025-09-16,2,1,5,timelonn,18643.602641805577,1.1138093241249154
2025-10-16,2,1,5,timelonn,18275.22354738946,1.0918015567391572
2025-11-16,2,1,5,timelonn,18488.112109245812,1.1045199819143134
2025-12-16,2,1,5,timelonn,16783.08697763922,1.0026580764694755
2026-01-16,2,1,5,timelonn,15877.14238441224,0.948534978350332
2026-02-16,2,1,5,timelonn,18667.05949885443,1.115210687723874
2021-01-16,2,1,all,timelonn,16302.402738128409,0.8384685353069872
2021-02-16,2,1,all,timelonn,18023.188498203166,0.926972342936061
2021-03-16,2,1,all,timelonn,18506.67099220351,0.9518389141466297
2021-04-16,2,1,all,timelonn,17998.243502255882,0.9256893667667728
2021-05-16,2,1,all,timelonn,17606.762930210618,0.9055546573551209
2021-06-16,2,1,all,timelonn,17752.983270118086,0.9130750919931121
2021-07-16,2,1,all,timelonn,18830.807438915694,0.9685099666338028
2021-08-16,2,1,all,timelonn,18515.808114360763,0.9523088564953237
2021-09-16,2,1,all,timelonn,18930.43777419716,0.9736341745580873
2021-10-16,2,1,all,timelonn,18770.941020342503,0.9654309046635242
2021-11-16,2,1,all,timelonn,18680.232564991937,0.9607655687054162
2021-12-16,2,1,all,timelonn,19857.45988163036,1.0213129665191518
2022-01-16,2,1,all,timelonn,17341.070529346565,0.8918895110712759
2022-02-16,2,1,all,timelonn,18858.403677989747,0.9699293020856431
2022-03-16,2,1,all,timelonn,18406.5327276225,0.9466885822979967
2022-04-16,2,1,all,timelonn,18804.81725393319,0.9671732340867857
2022-05-16,2,1,all,timelonn,17429.36338808905,0.8964306075671152
2022-06-16,2,1,all,timelonn,18506.99633985393,0.9518556474939953
2022-07-16,2,1,all,timelonn,19015.899880279212,0.9780296792000672
2022-08-16,2,1,all,timelonn,18902.04863853784,0.9721740586857669
2022-09-16,2,1,all,timelonn,19807.249830022272,1.0187305528034694
2022-10-16,2,1,all,timelonn,19443.070373725634,1.0
2022-11-16,2,1,all,timelonn,19630.96292744326,1.0096637285215782
2022-12-16,2,1,all,timelonn,20010.803886292386,1.0291997869500056
2023-01-16,2,1,all,timelonn,17639.097894936112,0.9072177159206646
2023-02-16,2,1,all,timelonn,19538.39301221015,1.0049026535754009
2023-03-16,2,1,all,timelonn,18912.06266382963,0.9726891020970855
2023-04-16,2,1,all,timelonn,19041.515401338856,0.9793471419550372
2023-05-16,2,1,all,timelonn,17658.16669045913,0.9081984661394564
2023-06-16,2,1,all,timelonn,19117.18374597553,0.9832389318412132
2023-07-16,2,1,all,timelonn,19990.412891158085,1.0281510330884829
2023-08-16,2,1,all,timelonn,19759.48807440685,1.0162740603515383
2023-09-16,2,1,all,timelonn,20567.117171790127,1.0578122064292619
2023-10-16,2,1,all,timelonn,19940.334043753606,1.0255753674944237
2023-11-16,2,1,all,timelonn,20584.603374009508,1.0587115603833068
2023-12-16,2,1,all,timelonn,20553.766496871478,1.057125551767111
2024-01-16,2,1,all,timelonn,18095.78316145558,0.9307060466082194
2024-02-16,2,1,all,timelonn,20526.468397384644,1.0557215502919262
2024-03-16,2,1,all,timelonn,19708.27893771333,1.013640261485968
2024-04-16,2,1,all,timelonn,18884.01126819036,0.9712463569390378
2024-05-16,2,1,all,timelonn,19705.21742471052,1.0134828011186514
2024-06-16,2,1,all,timelonn,19685.553617413403,1.012471448131744
2024-07-16,2,1,all,timelonn,20344.42140603485,1.0463584719380152
2024-08-16,2,1,all,timelonn,21197.243031374714,1.090220969421557
2024-09-16,2,1,all,timelonn,21133.063146484084,1.0869200563632286
2024-10-16,2,1,all,timelonn,20966.443520378074,1.078350441435991
2024-11-16,2,1,all,timelonn,21696.363320866152,1.115891826950619
2024-12-16,2,1,all,timelonn,21118.112575046922,1.086151115493819
2025-01-16,2,1,all,timelonn,18647.03960484113,0.9590583815424432
2025-02-16,2,1,all,timelonn,21188.70030256776,1.089781598034078
2025-03-16,2,1,all,timelonn,20115.13558231138,1.0345657962280455
2025-04-16,2,1,all,timelonn,20733.815747603956,1.0663858819141327
2025-05-16,2,1,all,timelonn,19633.766632368257,1.009807929250738
2025-06-16,2,1,all,timelonn,20342.007454826333,1.046234317102276
2025-07-16,2,1,all,timelonn,21139.148656092755,1.0872330475468068
2025-08-16,2,1,all,timelonn,21878.922923039932,1.1252812700100074
2025-09-16,2,1,all,timelonn,21716.079862733717,1.116905892192815
2025-10-16,2,1,all,timelonn,21933.014378767268,1.1280633129017739
2025-11-16,2,1,all,timelonn,22492.411293130812,1.1568343302159674
2025-12-16,2,1,all,timelonn,21603.0563051027,1.11109284129815
2026-01-16,2,1,all,timelonn,19395.3891009933,0.9975476469602883
2026-02-16,2,1,all,timelonn,21656.45717223591,1.1138393656951082
2021-01-16,2,2,1,kontantlonn,35583.44542389912,0.8843055174617236
2021-02-16,2,2,1,kontantlonn,37758.36121530015,0.9383556526141452
2021-03-16,2,2,1,kontantlonn,39674.96229945954,0.9859862542409608
2021-04-16,2,2,1,kontantlonn,38796.16832350904,0.9641468187285352
2021-05-16,2,2,1,kontantlonn,41712.60406356741,1.0366249103110896
2021-06-16,2,2,1,kontantlonn,53819.747902364994,1.3375067942829155
2021-07-16,2,2,1,kontantlonn,40516.6657495422,1.0069039308770389
2021-08-16,2,2,1,kontantlonn,34032.38240180146,0.8457591211801935
2021-09-16,2,2,1,kontantlonn,37911.06858182225,0.942150674854511
2021-10-16,2,2,1,kontantlonn,38710.39488292628,0.9620152115765178
2021-11-16,2,2,1,kontantlonn,39111.52356844652,0.9719839008249028
2021-12-16,2,2,1,kontantlonn,41431.160999090476,1.0296306001254567
2022-01-16,2,2,1,kontantlonn,36615.78245065977,0.9099607433053497
2022-02-16,2,2,1,kontantlonn,38806.64007715036,0.9644070585510766
2022-03-16,2,2,1,kontantlonn,39308.61943038279,0.9768820481544487
2022-04-16,2,2,1,kontantlonn,39807.77931457699,0.9892869694438307
2022-05-16,2,2,1,kontantlonn,41574.724648109266,1.0331983863648686
2022-06-16,2,2,1,kontantlonn,54635.10384235621,1.3577696931629988
2022-07-16,2,2,1,kontantlonn,41025.00340532205,1.0195369344657743
2022-08-16,2,2,1,kontantlonn,34944.06717541836,0.8684159456077063
2022-09-16,2,2,1,kontantlonn,39930.158798960256,0.9923282953181249
2022-10-16,2,2,1,kontantlonn,40238.85944536054,1.0
2022-11-16,2,2,1,kontantlonn,40934.275190724096,1.0172821932566913
2022-12-16,2,2,1,kontantlonn,42866.19894806045,1.065293587813231
2023-01-16,2,2,1,kontantlonn,38651.54856525775,0.9605527864859548
2023-02-16,2,2,1,kontantlonn,40920.231904939654,1.0169331951494385
2023-03-16,2,2,1,kontantlonn,40969.67789490047,1.018162007065143
2023-04-16,2,2,1,kontantlonn,41011.856779866444,1.0192102198014719
2023-05-16,2,2,1,kontantlonn,43174.00976738183,1.072943178869343
2023-06-16,2,2,1,kontantlonn,58965.42359480896,1.465385063283834
2023-07-16,2,2,1,kontantlonn,42866.185000006415,1.065293241181785
2023-08-16,2,2,1,kontantlonn,37350.209623608316,0.9282124329176213
2023-09-16,2,2,1,kontantlonn,41955.87960177462,1.0426706964382424
2023-10-16,2,2,1,kontantlonn,42221.78973069359,1.0492789883377691
2023-11-16,2,2,1,kontantlonn,43614.4571358358,1.0838890002600325
2023-12-16,2,2,1,kontantlonn,45023.65240655758,1.118909756070353
2024-01-16,2,2,1,kontantlonn,41579.60176190505,1.0333195904413015
2024-02-16,2,2,1,kontantlonn,44263.79688213062,1.1000261312633737
2024-03-16,2,2,1,kontantlonn,43208.48530377245,1.073799951075758
2024-04-16,2,2,1,kontantlonn,43487.29308218563,1.0807287701888286
2024-05-16,2,2,1,kontantlonn,46703.64779063805,1.1606603277127152
2024-06-16,2,2,1,kontantlonn,61555.27437753345,1.529746996460424
2024-07-16,2,2,1,kontantlonn,44973.9122074094,1.1176736325858958
2024-08-16,2,2,1,kontantlonn,39920.254471060456,0.9920821569325863
2024-09-16,2,2,1,kontantlonn,44019.48949685727,1.0939547020866822
2024-10-16,2,2,1,kontantlonn,45178.04518101805,1.1227466633929901
2024-11-16,2,2,1,kontantlonn,46271.49513887967,1.1499206432953377
2024-12-16,2,2,1,kontantlonn,46969.00053755578,1.1672547677782457
2025-01-16,2,2,1,kontantlonn,43903.40175823902,1.0910697361552826
2025-02-16,2,2,1,kontantlonn,46334.19204632151,1.1514787616989415
2025-03-16,2,2,1,kontantlonn,44716.861951046914,1.1112855226865204
2025-04-16,2,2,1,kontantlonn,46129.401945426034,1.1463894002280093
2025-05-16,2,2,1,kontantlonn,49153.9549807288,1.2215543794792163
2025-06-16,2,2,1,kontantlonn,64385.55488221238,1.6000839926797654
2025-07-16,2,2,1,kontantlonn,48180.19279091615,1.1973548319961447
2025-08-16,2,2,1,kontantlonn,41931.53532307249,1.0420657021854804
2025-09-16,2,2,1,kontantlonn,46029.19353103003,1.1438990608949058
2025-10-16,2,2,1,kontantlonn,47276.558348050705,1.1748980711604537
2025-11-16,2,2,1,kontantlonn,48036.30556874593,1.1937790044465193
2025-12-16,2,2,1,kontantlonn,49046.75854462265,1.218890376632622
2026-01-16,2,2,1,kontantlonn,45714.23786875376,1.1360719090666105
2026-02-16,2,2,1,kontantlonn,47976.62636788659,1.192295880876867
2021-01-16,2,2,2,kontantlonn,32543.34196011329,0.900168717555214
2021-02-16,2,2,2,kontantlonn,33955.04492537918,0.9392172839061994
2021-03-16,2,2,2,kontantlonn,35424.49995216384,0.9798633075563532
2021-04-16,2,2,2,kontantlonn,34830.0040674483,0.963419188240269
2021-05-16,2,2,2,kontantlonn,36285.143047332225,1.0036692212882625
2021-06-16,2,2,2,kontantlonn,45299.211747228524,1.2530038677263997
2021-07-16,2,2,2,kontantlonn,36599.25064585023,1.012357629334334
2021-08-16,2,2,2,kontantlonn,32232.74296455943,0.8915773596103437
2021-09-16,2,2,2,kontantlonn,34369.291846395514,0.9506756067821813
2021-10-16,2,2,2,kontantlonn,34696.28520355825,0.9597204427835675
2021-11-16,2,2,2,kontantlonn,35616.938433877185,0.9851862735106333
2021-12-16,2,2,2,kontantlonn,37521.571139518914,1.0378695775840932
2022-01-16,2,2,2,kontantlonn,33621.25575223933,0.929984471483696
2022-02-16,2,2,2,kontantlonn,35166.942499451776,0.9727391110866493
2022-03-16,2,2,2,kontantlonn,35408.57133003187,0.9794227121382634
2022-04-16,2,2,2,kontantlonn,36007.43630906827,0.9959876832721023
2022-05-16,2,2,2,kontantlonn,36643.55478537458,1.0135831088965406
2022-06-16,2,2,2,kontantlonn,46210.75157096106,1.2782176160604066
2022-07-16,2,2,2,kontantlonn,37616.60546909043,1.0404982851912885
2022-08-16,2,2,2,kontantlonn,33211.947810258825,0.9186627637847957
2022-09-16,2,2,2,kontantlonn,36037.63360670263,0.9968229589705377
2022-10-16,2,2,2,kontantlonn,36152.49155569235,1.0
2022-11-16,2,2,2,kontantlonn,36485.80275406154,1.0092195913483784
2022-12-16,2,2,2,kontantlonn,39407.06023023243,1.0900233575748568
2023-01-16,2,2,2,kontantlonn,35487.08032895434,0.9815943190052903
2023-02-16,2,2,2,kontantlonn,36804.23645410019,1.0180276620050885
2023-03-16,2,2,2,kontantlonn,36856.63985021146,1.01947717195188
2023-04-16,2,2,2,kontantlonn,37034.67311980402,1.0244016809395469
2023-05-16,2,2,2,kontantlonn,38155.87975486958,1.0554149413489535
2023-06-16,2,2,2,kontantlonn,49301.95611355488,1.3637222219554628
2023-07-16,2,2,2,kontantlonn,39240.9442886333,1.0854284891591284
2023-08-16,2,2,2,kontantlonn,34951.233107998225,0.9667724575540358
2023-09-16,2,2,2,kontantlonn,38185.3445917759,1.0562299567362314
2023-10-16,2,2,2,kontantlonn,37895.98134452476,1.0482259925611652
2023-11-16,2,2,2,kontantlonn,38773.78371249954,1.0725065422605558
2023-12-16,2,2,2,kontantlonn,40121.84193395546,1.1097946561206822
2024-01-16,2,2,2,kontantlonn,37370.498769009435,1.0336908235339952
2024-02-16,2,2,2,kontantlonn,38939.40410575313,1.0770877035063429
2024-03-16,2,2,2,kontantlonn,38621.10271644541,1.0682832926452719
2024-04-16,2,2,2,kontantlonn,38593.30152265365,1.067514294642771
2024-05-16,2,2,2,kontantlonn,40371.39312950216,1.1166973946266099
2024-06-16,2,2,2,kontantlonn,51081.65254828612,1.412949712458839
2024-07-16,2,2,2,kontantlonn,40438.129127309934,1.118543353091325
2024-08-16,2,2,2,kontantlonn,37077.22935381264,1.0255788123674892
2024-09-16,2,2,2,kontantlonn,39281.86817493504,1.086560468852387
2024-10-16,2,2,2,kontantlonn,39614.108989432345,1.0957504527290305
2024-11-16,2,2,2,kontantlonn,40690.23689187936,1.1255168078580886
2024-12-16,2,2,2,kontantlonn,41413.38898377065,1.1455196364536582
2025-01-16,2,2,2,kontantlonn,38846.92644231614,1.0745297148461552
2025-02-16,2,2,2,kontantlonn,40642.14679131282,1.1241866063008197
2025-03-16,2,2,2,kontantlonn,39849.75482567526,1.102268560502596
2025-04-16,2,2,2,kontantlonn,40603.04929058324,1.1231051455481258
2025-05-16,2,2,2,kontantlonn,42098.8161514718,1.1644789706020464
2025-06-16,2,2,2,kontantlonn,53119.57252695717,1.4693198239221574
2025-07-16,2,2,2,kontantlonn,42525.557861669266,1.176282906979158
2025-08-16,2,2,2,kontantlonn,38268.61445088101,1.0585332519040578
2025-09-16,2,2,2,kontantlonn,40813.07441573422,1.128914568802604
2025-10-16,2,2,2,kontantlonn,41291.93635767546,1.142160182627133
2025-11-16,2,2,2,kontantlonn,41383.69699312648,1.1446983378552358
2025-12-16,2,2,2,kontantlonn,42564.3011949457,1.1773545712437565
2026-01-16,2,2,2,kontantlonn,40044.994582951265,1.1076690114500842
2026-02-16,2,2,2,kontantlonn,41495.55584621631,1.147792422060124
2021-01-16,2,2,3,kontantlonn,38445.16789131754,0.9429381376836034
2021-02-16,2,2,3,kontantlonn,38886.4048621378,0.953760282321353
2021-03-16,2,2,3,kontantlonn,39633.25629465022,0.9720781812284518
2021-04-16,2,2,3,kontantlonn,39299.56251771586,0.9638937303380667
2021-05-16,2,2,3,kontantlonn,42677.337107329964,1.0467398370334424
2021-06-16,2,2,3,kontantlonn,48028.56768737858,1.1779885653971998
2021-07-16,2,2,3,kontantlonn,39361.07913910207,0.9654025381177721
2021-08-16,2,2,3,kontantlonn,37581.26679579229,0.9217493814669507
2021-09-16,2,2,3,kontantlonn,38898.95649737398,0.9540681341582327
2021-10-16,2,2,3,kontantlonn,39104.783762590625,0.9591164247183507
2021-11-16,2,2,3,kontantlonn,39640.2399345608,0.9722494677846751
2021-12-16,2,2,3,kontantlonn,41075.7649870692,1.007458348220235
2022-01-16,2,2,3,kontantlonn,39684.95255316527,0.9733461266271347
2022-02-16,2,2,3,kontantlonn,40221.15635649828,0.9864975067215855
2022-03-16,2,2,3,kontantlonn,40667.00248220402,0.9974326993225097
2022-04-16,2,2,3,kontantlonn,40532.71473219437,0.9941390463655039
2022-05-16,2,2,3,kontantlonn,43206.40250274198,1.0597161346028259
2022-06-16,2,2,3,kontantlonn,48287.43105829095,1.1843376635614387
2022-07-16,2,2,3,kontantlonn,40410.70602961433,0.9911465595302988
2022-08-16,2,2,3,kontantlonn,38634.29858988844,0.9475769143744321
2022-09-16,2,2,3,kontantlonn,40502.28562552603,0.9933927168071486
2022-10-16,2,2,3,kontantlonn,40771.67563267821,1.0
2022-11-16,2,2,3,kontantlonn,41081.985685588326,1.0076109222418468
2022-12-16,2,2,3,kontantlonn,42800.4602812909,1.0497596583199202
2023-01-16,2,2,3,kontantlonn,41472.817186958026,1.0171967804462236
2023-02-16,2,2,3,kontantlonn,41992.341361370214,1.0299390621001028
2023-03-16,2,2,3,kontantlonn,42222.966986201354,1.035595577836883
2023-04-16,2,2,3,kontantlonn,42249.92887902383,1.0362568676270152
2023-05-16,2,2,3,kontantlonn,44915.02013656568,1.101623110642198
2023-06-16,2,2,3,kontantlonn,51146.10242724765,1.2544518132645597
2023-07-16,2,2,3,kontantlonn,42509.10180707839,1.0426135582469818
2023-08-16,2,2,3,kontantlonn,41158.5739115859,1.0094893887215564
2023-09-16,2,2,3,kontantlonn,43006.64602222682,1.0548167411534417
2023-10-16,2,2,3,kontantlonn,43233.94894332999,1.060391761497246
2023-11-16,2,2,3,kontantlonn,43556.67184010238,1.068307131463393
2023-12-16,2,2,3,kontantlonn,44587.71941377723,1.093595461110764
2024-01-16,2,2,3,kontantlonn,43605.027357218154,1.0694931390621834
2024-02-16,2,2,3,kontantlonn,44534.06378104291,1.0922794584716349
2024-03-16,2,2,3,kontantlonn,44638.638074233946,1.0948443344932428
2024-04-16,2,2,3,kontantlonn,44455.51488311029,1.0903529029226238
2024-05-16,2,2,3,kontantlonn,47391.72600170105,1.1623688569649298
2024-06-16,2,2,3,kontantlonn,53716.22157948595,1.3174886914981923
2024-07-16,2,2,3,kontantlonn,44877.243211271096,1.1006965623777871
2024-08-16,2,2,3,kontantlonn,43536.98760649266,1.067824339591235
2024-09-16,2,2,3,kontantlonn,45188.231237258326,1.1083241131507549
2024-10-16,2,2,3,kontantlonn,45469.69361959146,1.1152274934500808
2024-11-16,2,2,3,kontantlonn,46158.48845119956,1.1321214479152741
2024-12-16,2,2,3,kontantlonn,46771.966790175655,1.1471681274901602
2025-01-16,2,2,3,kontantlonn,46064.37370643963,1.1298131114709289
2025-02-16,2,2,3,kontantlonn,47058.7777248715,1.1542026908296656
2025-03-16,2,2,3,kontantlonn,46766.602345348176,1.1470365546581822
2025-04-16,2,2,3,kontantlonn,46717.59901174414,1.1458346581738306
2025-05-16,2,2,3,kontantlonn,50187.61695704809,1.2309432020699946
2025-06-16,2,2,3,kontantlonn,56263.107730216936,1.3799557378289955
2025-07-16,2,2,3,kontantlonn,47223.77366234056,1.1582495183124393
2025-08-16,2,2,3,kontantlonn,45374.86555366242,1.1129016614979341
2025-09-16,2,2,3,kontantlonn,47106.69920087134,1.1553780527753355
2025-10-16,2,2,3,kontantlonn,47361.43814373996,1.1616259917897536
2025-11-16,2,2,3,kontantlonn,47797.92562056622,1.172331646390724
2025-12-16,2,2,3,kontantlonn,48509.7034718253,1.1897893014959904
2026-01-16,2,2,3,kontantlonn,47780.01489677141,1.1718923530941678
2026-02-16,2,2,3,kontantlonn,48522.49588420869,1.190103058833281
2021-01-16,2,2,4,kontantlonn,56153.161212383726,0.9255779681990225
2021-02-16,2,2,4,kontantlonn,58018.685183058085,0.9563275796033143
2021-03-16,2,2,4,kontantlonn,60825.064375735186,1.002585398309721
2021-04-16,2,2,4,kontantlonn,58472.93865472218,0.9638150833568425
2021-05-16,2,2,4,kontantlonn,59453.40726079819,0.9799762418865002
2021-06-16,2,2,4,kontantlonn,65497.38619487859,1.0795997291641877
2021-07-16,2,2,4,kontantlonn,58338.78418262692,0.9616038022637425
2021-08-16,2,2,4,kontantlonn,55543.48902211503,0.9155286827277728
2021-09-16,2,2,4,kontantlonn,57249.77009313321,0.9436534780695027
2021-10-16,2,2,4,kontantlonn,57845.954282597435,0.9534804395235443
2021-11-16,2,2,4,kontantlonn,58032.76875775709,0.9565597205224262
2021-12-16,2,2,4,kontantlonn,61462.307760490825,1.0130891424369586
2022-01-16,2,2,4,kontantlonn,58123.71493229793,0.9580587950826028
2022-02-16,2,2,4,kontantlonn,59861.740652094944,0.9867068405296434
2022-03-16,2,2,4,kontantlonn,62954.74658611577,1.0376891554381613
2022-04-16,2,2,4,kontantlonn,61170.78444103978,1.0082839354659816
2022-05-16,2,2,4,kontantlonn,61141.65033958081,1.007803715263744
2022-06-16,2,2,4,kontantlonn,66161.4618009322,1.090545751381118
2022-07-16,2,2,4,kontantlonn,59965.053991208275,0.9884097642553924
2022-08-16,2,2,4,kontantlonn,57503.06025760081,0.9478284842620485
2022-09-16,2,2,4,kontantlonn,59872.64653601857,0.986886603265445
2022-10-16,2,2,4,kontantlonn,60668.212880699626,1.0
2022-11-16,2,2,4,kontantlonn,60612.67332019834,0.9990845360714596
2022-12-16,2,2,4,kontantlonn,64297.60411077968,1.0598236054392607
2023-01-16,2,2,4,kontantlonn,60611.20865870722,0.9990603939149403
2023-02-16,2,2,4,kontantlonn,62643.83175958367,1.0325643163870506
2023-03-16,2,2,4,kontantlonn,65028.42966286948,1.0718698734499392
2023-04-16,2,2,4,kontantlonn,63434.52052166133,1.0455973154574618
2023-05-16,2,2,4,kontantlonn,63798.805186916914,1.0516018547039354
2023-06-16,2,2,4,kontantlonn,69600.39891720985,1.1472300833069673
2023-07-16,2,2,4,kontantlonn,63118.83370186307,1.0403938191814293
2023-08-16,2,2,4,kontantlonn,60798.66149669886,1.0021501971099058
2023-09-16,2,2,4,kontantlonn,63050.296642060304,1.0392641162192284
2023-10-16,2,2,4,kontantlonn,64199.64219613046,1.0582088897587139
2023-11-16,2,2,4,kontantlonn,63746.718276314205,1.0507433011364333
2023-12-16,2,2,4,kontantlonn,66273.32034191734,1.0923895264928905
2024-01-16,2,2,4,kontantlonn,63866.04416994463,1.052710161341547
2024-02-16,2,2,4,kontantlonn,66149.06962085901,1.090341489882637
2024-03-16,2,2,4,kontantlonn,68285.41845149845,1.12555513355532
2024-04-16,2,2,4,kontantlonn,66893.93664886957,1.1026192048942078
2024-05-16,2,2,4,kontantlonn,67402.31827744475,1.110998908274871
2024-06-16,2,2,4,kontantlonn,73626.34498109634,1.213590140291063
2024-07-16,2,2,4,kontantlonn,66589.86097608764,1.0976070962735063
2024-08-16,2,2,4,kontantlonn,64086.864219464755,1.0563499595000054
2024-09-16,2,2,4,kontantlonn,65883.45373060663,1.0859633175640506
2024-10-16,2,2,4,kontantlonn,67166.81820315438,1.1071171378532918
2024-11-16,2,2,4,kontantlonn,67104.45213174351,1.1060891518875027
2024-12-16,2,2,4,kontantlonn,69324.44618848234,1.1426815278835503
2025-01-16,2,2,4,kontantlonn,67001.58235581864,1.1043935394565387
2025-02-16,2,2,4,kontantlonn,69417.78366008442,1.1442200184236562
2025-03-16,2,2,4,kontantlonn,71304.27565081748,1.1753152477234334
2025-04-16,2,2,4,kontantlonn,70318.42320714262,1.1590653468797498
2025-05-16,2,2,4,kontantlonn,70687.18608929928,1.1651437010070063
2025-06-16,2,2,4,kontantlonn,77003.29793923136,1.2692527813643315
2025-07-16,2,2,4,kontantlonn,69438.3276974502,1.1445586477715517
2025-08-16,2,2,4,kontantlonn,66655.06923018045,1.0986819302103659
2025-09-16,2,2,4,kontantlonn,68888.26370858768,1.1354918900290056
2025-10-16,2,2,4,kontantlonn,70231.59331854021,1.1576341214574162
2025-11-16,2,2,4,kontantlonn,69982.01619295223,1.153520317642579
2025-12-16,2,2,4,kontantlonn,72263.539397753,1.1911268845161944
2026-01-16,2,2,4,kontantlonn,69867.06755696362,1.1516256081970468
2026-02-16,2,2,4,kontantlonn,72399.6289470448,1.193370061673224
2021-01-16,2,2,5,kontantlonn,51473.1514607523,0.9252165304186738
2021-02-16,2,2,5,kontantlonn,52905.50511293037,0.950962715347941
2021-03-16,2,2,5,kontantlonn,54993.99724126671,0.9885028189932253
2021-04-16,2,2,5,kontantlonn,53640.274667908,0.9641700072859921
2021-05-16,2,2,5,kontantlonn,53520.43103764868,0.9620158491543329
2021-06-16,2,2,5,kontantlonn,58295.095528208454,1.0478392034371442
2021-07-16,2,2,5,kontantlonn,52753.5860842334,0.9482320102590412
2021-08-16,2,2,5,kontantlonn,50829.92661335902,0.9136547308261607
2021-09-16,2,2,5,kontantlonn,52100.64900955941,0.9364956359033305
2021-10-16,2,2,5,kontantlonn,52747.862156415984,0.9481291241429728
2021-11-16,2,2,5,kontantlonn,52689.66579421556,0.9470830596454625
2021-12-16,2,2,5,kontantlonn,55140.26773795588,0.991131993186155
2022-01-16,2,2,5,kontantlonn,53561.87883553401,0.9627608625577223
2022-02-16,2,2,5,kontantlonn,54762.10960029961,0.9843346988658588
2022-03-16,2,2,5,kontantlonn,57446.17607760878,1.0325800967689303
2022-04-16,2,2,5,kontantlonn,56004.584802616504,1.0066678679685006
2022-05-16,2,2,5,kontantlonn,54999.474361307264,0.9886012688035982
2022-06-16,2,2,5,kontantlonn,58274.89606175408,1.0474761232732364
2022-07-16,2,2,5,kontantlonn,54717.671037276144,0.9835359272357845
2022-08-16,2,2,5,kontantlonn,52941.44883237601,0.951608794370734
2022-09-16,2,2,5,kontantlonn,54619.90306096062,0.9817785732509274
2022-10-16,2,2,5,kontantlonn,55633.62712235584,1.0
2022-11-16,2,2,5,kontantlonn,55457.07617500009,0.9968265425698838
2022-12-16,2,2,5,kontantlonn,58088.24667755769,1.044121149063378
2023-01-16,2,2,5,kontantlonn,55841.80270455248,1.003741902028764
2023-02-16,2,2,5,kontantlonn,57731.83336159364,1.0377147122660757
2023-03-16,2,2,5,kontantlonn,60080.820966167805,1.079937154448535
2023-04-16,2,2,5,kontantlonn,58569.85931252986,1.0527780111067775
2023-05-16,2,2,5,kontantlonn,57949.56327789682,1.041628350969235
2023-06-16,2,2,5,kontantlonn,61998.73578588946,1.1144111752687766
2023-07-16,2,2,5,kontantlonn,58434.19669990906,1.05033951087521
2023-08-16,2,2,5,kontantlonn,56587.275999759266,1.0171415909177743
2023-09-16,2,2,5,kontantlonn,58213.65876225412,1.0463753987174695
2023-10-16,2,2,5,kontantlonn,58967.557363675456,1.0599265302977146
2023-11-16,2,2,5,kontantlonn,58765.59258194096,1.0562962657943717
2023-12-16,2,2,5,kontantlonn,60496.76214232899,1.087413589074061
2024-01-16,2,2,5,kontantlonn,58973.97678000292,1.0600419176391394
2024-02-16,2,2,5,kontantlonn,61025.80503973383,1.0969229977674995
2024-03-16,2,2,5,kontantlonn,63458.29648851979,1.1406463998645107
2024-04-16,2,2,5,kontantlonn,61653.26555479925,1.1082014375802665
2024-05-16,2,2,5,kontantlonn,61963.0916089606,1.1137704804449344
2024-06-16,2,2,5,kontantlonn,65911.67318267704,1.1847452088233712
2024-07-16,2,2,5,kontantlonn,61397.50927724883,1.1036042849087728
2024-08-16,2,2,5,kontantlonn,59850.92123475387,1.0758047664791452
2024-09-16,2,2,5,kontantlonn,60945.297521449706,1.0954758960333797
2024-10-16,2,2,5,kontantlonn,61869.64261837686,1.1120907591070066
2024-11-16,2,2,5,kontantlonn,61860.56370584624,1.111927568011976
2024-12-16,2,2,5,kontantlonn,63254.68395479465,1.1369865174470417
2025-01-16,2,2,5,kontantlonn,62048.51187775073,1.1153058875936048
2025-02-16,2,2,5,kontantlonn,63949.981697705094,1.1494843138136395
2025-03-16,2,2,5,kontantlonn,66186.52311238533,1.1896855649339626
2025-04-16,2,2,5,kontantlonn,65131.17440872717,1.1707159460497378
2025-05-16,2,2,5,kontantlonn,64359.23149916662,1.1568404727166257
2025-06-16,2,2,5,kontantlonn,69553.36959713047,1.2502037561592152
2025-07-16,2,2,5,kontantlonn,64423.97248224828,1.1580041750749004
2025-08-16,2,2,5,kontantlonn,62513.28638400754,1.1236600886460477
2025-09-16,2,2,5,kontantlonn,63906.42582447777,1.1487014083034248
2025-10-16,2,2,5,kontantlonn,64680.60027464826,1.1626169929994907
2025-11-16,2,2,5,kontantlonn,64548.36745314438,1.160240142372566
2025-12-16,2,2,5,kontantlonn,66225.59017031887,1.1903877851549742
2026-01-16,2,2,5,kontantlonn,64552.624594579334,1.1603166633843198
2026-02-16,2,2,5,kontantlonn,66362.94443965708,1.1928566924767297
2021-01-16,2,2,all,kontantlonn,43032.78264451499,0.9176144655360615
2021-02-16,2,2,all,kontantlonn,44545.64140962415,0.9498740825504898
2021-03-16,2,2,all,kontantlonn,46368.416112669365,0.9887422275353152
2021-04-16,2,2,all,kontantlonn,45286.43817430576,0.9656705471414405
2021-05-16,2,2,all,kontantlonn,47013.12871099553,1.002489830408792
2021-06-16,2,2,all,kontantlonn,54361.66913894594,1.1591872732157664
2021-07-16,2,2,all,kontantlonn,45611.91004124728,0.9726107837442584
2021-08-16,2,2,all,kontantlonn,42129.890540625966,0.8983615424287881
2021-09-16,2,2,all,kontantlonn,44181.18294573838,0.9421025107859745
2021-10-16,2,2,all,kontantlonn,44689.48035381616,0.9529412487383785
2021-11-16,2,2,all,kontantlonn,45058.81086678118,0.9608167101990088
2021-12-16,2,2,all,kontantlonn,47385.95667454501,1.0104398701572197
2022-01-16,2,2,all,kontantlonn,44554.61895818845,0.9500655163347212
2022-02-16,2,2,all,kontantlonn,46004.5499304429,0.9809832853565449
2022-03-16,2,2,all,kontantlonn,47386.87208819058,1.0104593900848542
2022-04-16,2,2,all,kontantlonn,46902.68676342683,1.0001348089004642
2022-05-16,2,2,all,kontantlonn,47703.50561067378,1.0172111612381252
2022-06-16,2,2,all,kontantlonn,54858.89539976392,1.1697899342925568
2022-07-16,2,2,all,kontantlonn,46866.832273370565,0.9993702615784417
2022-08-16,2,2,all,kontantlonn,43623.612235112974,0.9302130879276944
2022-09-16,2,2,all,kontantlonn,46389.841355276476,0.9891990911480244
2022-10-16,2,2,all,kontantlonn,46896.36471606368,1.0
2022-11-16,2,2,all,kontantlonn,47144.44893409504,1.0052900522147803
2022-12-16,2,2,all,kontantlonn,49698.156847243656,1.0597443351556897
2023-01-16,2,2,all,kontantlonn,46805.74059715923,0.9980675662292133
2023-02-16,2,2,all,kontantlonn,48421.331985751945,1.0325178140975586
2023-03-16,2,2,all,kontantlonn,49477.07540225351,1.0550300796621415
2023-04-16,2,2,all,kontantlonn,48877.909874339945,1.0422537049571672
2023-05-16,2,2,all,kontantlonn,49988.60560780701,1.0659377525414913
2023-06-16,2,2,all,kontantlonn,58480.66024324783,1.2470190514194828
2023-07-16,2,2,all,kontantlonn,49538.25307721217,1.0563346088155003
2023-08-16,2,2,all,kontantlonn,46527.64369913671,0.9921375351978897
2023-09-16,2,2,all,kontantlonn,49250.881088504684,1.0502067993264836
2023-10-16,2,2,all,kontantlonn,49702.84857840099,1.0598443798219606
2023-11-16,2,2,all,kontantlonn,50088.52560526504,1.0680684080424665
2023-12-16,2,2,all,kontantlonn,51695.08885317521,1.102326143319757
2024-01-16,2,2,all,kontantlonn,49623.533127969145,1.0581530877375513
2024-02-16,2,2,all,kontantlonn,51554.95604105367,1.0993380052632151
2024-03-16,2,2,all,kontantlonn,52260.09240529865,1.1143740612243598
2024-04-16,2,2,all,kontantlonn,51584.52460580154,1.099968513937542
2024-05-16,2,2,all,kontantlonn,53269.8766648395,1.135906311445771
2024-06-16,2,2,all,kontantlonn,61538.817141655236,1.312230010028389
2024-07-16,2,2,all,kontantlonn,52074.652093816025,1.1104198035200497
2024-08-16,2,2,all,kontantlonn,49371.85666370369,1.0527864358490897
2024-09-16,2,2,all,kontantlonn,51544.021456985945,1.0991048404084565
2024-10-16,2,2,all,kontantlonn,52390.33326455051,1.1171512670918167
2024-11-16,2,2,all,kontantlonn,52944.25589761063,1.1289628997506351
2024-12-16,2,2,all,kontantlonn,54100.31272473657,1.1536142098068698
2025-01-16,2,2,all,kontantlonn,52267.99390522165,1.1145425497622419
2025-02-16,2,2,all,kontantlonn,54194.40357775097,1.1556205668791946
2025-03-16,2,2,all,kontantlonn,54546.71663991013,1.163133154780032
2025-04-16,2,2,all,kontantlonn,54481.609436805,1.1617448338835334
2025-05-16,2,2,all,kontantlonn,55933.31306577261,1.1927004023536487
2025-06-16,2,2,all,kontantlonn,64481.77223745642,1.3749844498153416
2025-07-16,2,2,all,kontantlonn,54844.03720905562,1.1694731039625674
2025-08-16,2,2,all,kontantlonn,51532.462885063505,1.0988583698772667
2025-09-16,2,2,all,kontantlonn,53932.38362238145,1.1500333543744314
2025-10-16,2,2,all,kontantlonn,54744.74830576703,1.1673559056703386
2025-11-16,2,2,all,kontantlonn,54919.86603110049,1.1710900485275455
2025-12-16,2,2,all,kontantlonn,56302.10361224093,1.200564349776891
2026-01-16,2,2,all,kontantlonn,54314.50698529267,1.158181605634946
2026-02-16,2,2,all,kontantlonn,56136.52491367034,1.1970336134485404
2021-01-16,2,2,1,ny_jobb,0.038455752582926286,1.1279641879498916
2021-02-16,2,2,1,ny_jobb,0.02528538216661877,0.7416577143060687
2021-03-16,2,2,1,ny_jobb,0.028928158428636074,0.8485057381331667
2021-04-16,2,2,1,ny_jobb,0.02780185037717752,0.8154694545783124
2021-05-16,2,2,1,ny_jobb,0.029675095152271756,0.8704144986783898
2021-06-16,2,2,1,ny_jobb,0.03777163129576608,1.1078978972053046
2021-07-16,2,2,1,ny_jobb,0.028008479577627244,0.8215301951083388
2021-08-16,2,2,1,ny_jobb,0.025819758942283867,0.7573317767112335
2021-09-16,2,2,1,ny_jobb,0.037617731754944574,1.1033837957008743
2021-10-16,2,2,1,ny_jobb,0.03060351775641601,0.8976465089348435
2021-11-16,2,2,1,ny_jobb,0.02993620864352269,0.8780733441654596
2021-12-16,2,2,1,ny_jobb,0.028821855716215893,0.8453877221111598
2022-01-16,2,2,1,ny_jobb,0.0377771880035283,1.1080608836751487
2022-02-16,2,2,1,ny_jobb,0.034156490275399166,1.00186045595203
2022-03-16,2,2,1,ny_jobb,0.02989302122903822,0.8768065933249038
2022-04-16,2,2,1,ny_jobb,0.028063095094408293,0.8231321491177567
2022-05-16,2,2,1,ny_jobb,0.03367742706744368,0.9878088224240441
2022-06-16,2,2,1,ny_jobb,0.03371807027158842,0.9890009478065847
2022-07-16,2,2,1,ny_jobb,0.02417423107616463,0.7090660068695538
2022-08-16,2,2,1,ny_jobb,0.025294002400564182,0.741910558536882
2022-09-16,2,2,1,ny_jobb,0.033181608251754,0.9732657221010513
2022-10-16,2,2,1,ny_jobb,0.03409306163595562,1.0
2022-11-16,2,2,1,ny_jobb,0.028812695564101,0.8451190412806523
2022-12-16,2,2,1,ny_jobb,0.025690602322791946,0.7535434217412091
2023-01-16,2,2,1,ny_jobb,0.0393602207911104,1.1544935802890717
2023-02-16,2,2,1,ny_jobb,0.027297457242006776,0.800674856763759
2023-03-16,2,2,1,ny_jobb,0.025381213733831138,0.7444685961281725
2023-04-16,2,2,1,ny_jobb,0.0254258466976187,0.7457777470710872
2023-05-16,2,2,1,ny_jobb,0.030997614911404455,0.9092059622686802
2023-06-16,2,2,1,ny_jobb,0.030548127452648878,0.8960218292754282
2023-07-16,2,2,1,ny_jobb,0.023220735185615057,0.6810985599816514
2023-08-16,2,2,1,ny_jobb,0.022407003962241195,0.6572306178160913
2023-09-16,2,2,1,ny_jobb,0.03033334087309274,0.8897218207326455
2023-10-16,2,2,1,ny_jobb,0.03028345359556076,0.8882585529843665
2023-11-16,2,2,1,ny_jobb,0.02751539516959229,0.8070672990123504
2023-12-16,2,2,1,ny_jobb,0.022326427394751408,0.654867187733156
2024-01-16,2,2,1,ny_jobb,0.033543195503642646,0.9838716118198939
2024-02-16,2,2,1,ny_jobb,0.023296920966504632,0.6833332017895091
2024-03-16,2,2,1,ny_jobb,0.024175728429825547,0.7091099264704657
2024-04-16,2,2,1,ny_jobb,0.025565374535700826,0.7498703052452987
2024-05-16,2,2,1,ny_jobb,0.028789731308880274,0.8444454656579657
2024-06-16,2,2,1,ny_jobb,0.0292587892373159,0.8582036295167652
2024-07-16,2,2,1,ny_jobb,0.024447291805526117,0.7170752825479079
2024-08-16,2,2,1,ny_jobb,0.022704547456805637,0.6659580092642868
2024-09-16,2,2,1,ny_jobb,0.030374251240103026,0.8909217823977821
2024-10-16,2,2,1,ny_jobb,0.028465827727256126,0.8349448938089844
2024-11-16,2,2,1,ny_jobb,0.02749115683283132,0.8063563526907855
2024-12-16,2,2,1,ny_jobb,0.02708314352824773,0.7943887180752635
2025-01-16,2,2,1,ny_jobb,0.034275686341803266,1.0053566531453733
2025-02-16,2,2,1,ny_jobb,0.026804491412120265,0.7862154387405148
2025-03-16,2,2,1,ny_jobb,0.026144148333675375,0.766846598080324
2025-04-16,2,2,1,ny_jobb,0.029582502061044534,0.8676986061541005
2025-05-16,2,2,1,ny_jobb,0.028626448998163745,0.8396561536137718
2025-06-16,2,2,1,ny_jobb,0.029815678436939438,0.8745380146643937
2025-07-16,2,2,1,ny_jobb,0.02371575267025197,0.6956181560778509
2025-08-16,2,2,1,ny_jobb,0.02168312348913092,0.635998131252114
2025-09-16,2,2,1,ny_jobb,0.02861352109216799,0.8392769589807466
2025-10-16,2,2,1,ny_jobb,0.025080814779994052,0.7356574498297047
2025-11-16,2,2,1,ny_jobb,0.027082917107983523,0.7943820768335168
2025-12-16,2,2,1,ny_jobb,0.024120103716798978,0.7074783712402395
2026-01-16,2,2,1,ny_jobb,0.026616319157999942,0.7806960677866939
2026-02-16,2,2,1,ny_jobb,0.021484849501698152,0.6301824614964926
2021-01-16,2,2,2,ny_jobb,0.039288187522443965,1.3375544588554664
2021-02-16,2,2,2,ny_jobb,0.022229485780040654,0.7567961185832779
2021-03-16,2,2,2,ny_jobb,0.022022585331081333,0.7497522553893688
2021-04-16,2,2,2,ny_jobb,0.021944455488586992,0.7470923485372576
2021-05-16,2,2,2,ny_jobb,0.027038815297362382,0.9205282870963732
2021-06-16,2,2,2,ny_jobb,0.03448866618979054,1.1741562070222604
2021-07-16,2,2,2,ny_jobb,0.028511895752541618,0.9706788655610135
2021-08-16,2,2,2,ny_jobb,0.03656323997639241,1.244784443993203
2021-09-16,2,2,2,ny_jobb,0.038530240848592134,1.3117503936359638
2021-10-16,2,2,2,ny_jobb,0.031814368609111465,1.0831105549086255
2021-11-16,2,2,2,ny_jobb,0.037033180640557516,1.260783431739646
2021-12-16,2,2,2,ny_jobb,0.030644220679645864,1.0432732226396555
2022-01-16,2,2,2,ny_jobb,0.03720732125676765,1.2667119963380165
2022-02-16,2,2,2,ny_jobb,0.02948307150325916,1.0037422501969802
2022-03-16,2,2,2,ny_jobb,0.029662341669299628,1.0098454487675481
2022-04-16,2,2,2,ny_jobb,0.02905981720000754,0.9893326854844172
2022-05-16,2,2,2,ny_jobb,0.038323880764592096,1.304724927003624
2022-06-16,2,2,2,ny_jobb,0.03154551887489388,1.0739576470388132
2022-07-16,2,2,2,ny_jobb,0.02432735704119201,0.8282175110273746
2022-08-16,2,2,2,ny_jobb,0.03245765561169818,1.1050110663064112
2022-09-16,2,2,2,ny_jobb,0.03736120599191103,1.2719509555932185
2022-10-16,2,2,2,ny_jobb,0.029373149827531152,1.0
2022-11-16,2,2,2,ny_jobb,0.03059463900632941,1.0415852295708976
2022-12-16,2,2,2,ny_jobb,0.029464646903969088,1.0031149902879049
2023-01-16,2,2,2,ny_jobb,0.04960207950663514,1.688687791329196
2023-02-16,2,2,2,ny_jobb,0.03381040353304021,1.1510649600592058
2023-03-16,2,2,2,ny_jobb,0.05261231903955924,1.7911704855788484
2023-04-16,2,2,2,ny_jobb,0.02982776777643249,1.0154773305406704
2023-05-16,2,2,2,ny_jobb,0.03155886391110259,1.0744119747594378
2023-06-16,2,2,2,ny_jobb,0.028364448890199304,0.9656590817377575
2023-07-16,2,2,2,ny_jobb,0.02357118718125871,0.8024739369002121
2023-08-16,2,2,2,ny_jobb,0.03170912385551871,1.0795275291108914
2023-09-16,2,2,2,ny_jobb,0.031928699672933665,1.0870029213893575
2023-10-16,2,2,2,ny_jobb,0.03009409487311976,1.024544355978904
2023-11-16,2,2,2,ny_jobb,0.027297687241866254,0.9293415041338335
2023-12-16,2,2,2,ny_jobb,0.02895228472397066,0.9856717748681477
2024-01-16,2,2,2,ny_jobb,0.03181310128801684,1.0830674093453454
2024-02-16,2,2,2,ny_jobb,0.024615569141380873,0.8380296047892335
2024-03-16,2,2,2,ny_jobb,0.02422053933059207,0.8245809343841771
2024-04-16,2,2,2,ny_jobb,0.02378226061737644,0.8096598681795295
2024-05-16,2,2,2,ny_jobb,0.030072863305577183,1.023821533684828
2024-06-16,2,2,2,ny_jobb,0.027077346576311095,0.9218400728318138
2024-07-16,2,2,2,ny_jobb,0.021532243674809735,0.733058722038308
2024-08-16,2,2,2,ny_jobb,0.029368260255924778,0.9998335360138397
2024-09-16,2,2,2,ny_jobb,0.03044302396112434,1.0364235412230256
2024-10-16,2,2,2,ny_jobb,0.024648653711497697,0.8391559589702146
2024-11-16,2,2,2,ny_jobb,0.025586343327432027,0.8710793182776132
2024-12-16,2,2,2,ny_jobb,0.02393868204334861,0.8149851883066054
2025-01-16,2,2,2,ny_jobb,0.03559508437978295,1.2118238795901977
2025-02-16,2,2,2,ny_jobb,0.021423073106024534,0.7293420430499731
2025-03-16,2,2,2,ny_jobb,0.020845009586970296,0.7096620454178354
2025-04-16,2,2,2,ny_jobb,0.026753764123943178,0.9108238061301532
2025-05-16,2,2,2,ny_jobb,0.027822772691796973,0.9472178794294296
2025-06-16,2,2,2,ny_jobb,0.024650118634978645,0.8392058318469591
2025-07-16,2,2,2,ny_jobb,0.020338126864918857,0.6924053764862541
2025-08-16,2,2,2,ny_jobb,0.028672938096344375,0.9761615034377255
2025-09-16,2,2,2,ny_jobb,0.031552357883497965,1.0741904790178227
2025-10-16,2,2,2,ny_jobb,0.02482217296580851,0.8450633694906953
2025-11-16,2,2,2,ny_jobb,0.028472318580342985,0.96933147270628
2025-12-16,2,2,2,ny_jobb,0.02736963689625653,0.9317910083515542
2026-01-16,2,2,2,ny_jobb,0.023654303492810586,0.8053036065828952
2026-02-16,2,2,2,ny_jobb,0.019628140778832244,0.6682341149683235
2021-01-16,2,2,3,ny_jobb,0.035712955390823066,1.3671832426885766
2021-02-16,2,2,3,ny_jobb,0.019353897020960235,0.7409166617046917
2021-03-16,2,2,3,ny_jobb,0.0227973194926109,0.8727396780083998
2021-04-16,2,2,3,ny_jobb,0.017930827024759132,0.6864379037669212
2021-05-16,2,2,3,ny_jobb,0.021412141880908352,0.8197115374318923
2021-06-16,2,2,3,ny_jobb,0.024285584828428006,0.9297142802370992
2021-07-16,2,2,3,ny_jobb,0.02155477327840392,0.8251718320057573
2021-08-16,2,2,3,ny_jobb,0.025909555092611856,0.9918840140919241
2021-09-16,2,2,3,ny_jobb,0.029406381433180324,1.1257514670399855
2021-10-16,2,2,3,ny_jobb,0.025016570088483233,0.9576982649637362
2021-11-16,2,2,3,ny_jobb,0.025853083106184185,0.9897221220647779
2021-12-16,2,2,3,ny_jobb,0.02360691469735855,0.9037330524065443
2022-01-16,2,2,3,ny_jobb,0.036024277992491305,1.3791014678652138
2022-02-16,2,2,3,ny_jobb,0.02557201026748847,0.9789619351568516
2022-03-16,2,2,3,ny_jobb,0.02757350286505173,1.0555841891766597
2022-04-16,2,2,3,ny_jobb,0.02467973091434755,0.9448032001526704
2022-05-16,2,2,3,ny_jobb,0.027651545727851837,1.0585718695034234
2022-06-16,2,2,3,ny_jobb,0.026026597226545232,0.9963646862303981
2022-07-16,2,2,3,ny_jobb,0.020751917598970517,0.7944364638681554
2022-08-16,2,2,3,ny_jobb,0.025089796874590578,0.960501573561031
2022-09-16,2,2,3,ny_jobb,0.03389013057493555,1.2974008481663162
2022-10-16,2,2,3,ny_jobb,0.0261215572834211,1.0
2022-11-16,2,2,3,ny_jobb,0.030415362135742054,1.1643778280801873
2022-12-16,2,2,3,ny_jobb,0.020255542199164516,0.7754339444386938
2023-01-16,2,2,3,ny_jobb,0.03801138827191912,1.4551731299743103
2023-02-16,2,2,3,ny_jobb,0.021851001067808084,0.8365121891747448
2023-03-16,2,2,3,ny_jobb,0.02152787370766346,0.8241420476614091
2023-04-16,2,2,3,ny_jobb,0.023148598447816728,0.886187534558238
2023-05-16,2,2,3,ny_jobb,0.02341978184827637,0.8965691284853258
2023-06-16,2,2,3,ny_jobb,0.023687540524604648,0.9068196152163838
2023-07-16,2,2,3,ny_jobb,0.02158520454948781,0.8263368188690483
2023-08-16,2,2,3,ny_jobb,0.025710323173632064,0.9842569068403116
2023-09-16,2,2,3,ny_jobb,0.028434573469937763,1.0885481735036024
2023-10-16,2,2,3,ny_jobb,0.027072039424894456,1.036386886553529
2023-11-16,2,2,3,ny_jobb,0.023649874825670058,0.9053776759580955
2023-12-16,2,2,3,ny_jobb,0.020951751011439097,0.8020865978284079
2024-01-16,2,2,3,ny_jobb,0.034527234178286945,1.3217908030391734
2024-02-16,2,2,3,ny_jobb,0.019594422943746134,0.7501246090018674
2024-03-16,2,2,3,ny_jobb,0.020271745166702642,0.7760542354635482
2024-04-16,2,2,3,ny_jobb,0.02102177865582245,0.8047674351009926
2024-05-16,2,2,3,ny_jobb,0.023831046422908342,0.9123133879170938
2024-06-16,2,2,3,ny_jobb,0.023087178138887537,0.8838362080939397
2024-07-16,2,2,3,ny_jobb,0.0213916363621113,0.8189265337441503
2024-08-16,2,2,3,ny_jobb,0.023615702641072586,0.9040694773607952
2024-09-16,2,2,3,ny_jobb,0.026633512964765096,1.019598972442157
2024-10-16,2,2,3,ny_jobb,0.023554805156299922,0.9017381659419574
2024-11-16,2,2,3,ny_jobb,0.02520252528113453,0.9648171051857668
2024-12-16,2,2,3,ny_jobb,0.020607713501819672,0.7889159623304324
2025-01-16,2,2,3,ny_jobb,0.03815673229926768,1.4607372709545574
2025-02-16,2,2,3,ny_jobb,0.023153642280809822,0.8863806253812072
2025-03-16,2,2,3,ny_jobb,0.019236294154886688,0.7364145233062208
2025-04-16,2,2,3,ny_jobb,0.02157482475130651,0.8259394536557618
2025-05-16,2,2,3,ny_jobb,0.021162679798478055,0.8101614910956952
2025-06-16,2,2,3,ny_jobb,0.021128772681368816,0.8088634399595649
2025-07-16,2,2,3,ny_jobb,0.018930121832500913,0.7246934639886702
2025-08-16,2,2,3,ny_jobb,0.021585300241787935,0.8263404822149617
2025-09-16,2,2,3,ny_jobb,0.02636616975847777,1.009364390966534
2025-10-16,2,2,3,ny_jobb,0.022574979389662454,0.8642279303918224
2025-11-16,2,2,3,ny_jobb,0.02519013449555661,0.9643427542332765
2025-12-16,2,2,3,ny_jobb,0.019596383158021365,0.7501996510161686
2026-01-16,2,2,3,ny_jobb,0.03174202862450438,1.2151660132702156
2026-02-16,2,2,3,ny_jobb,0.01755981786496222,0.6722347245394565
2021-01-16,2,2,4,ny_jobb,0.03761737962766123,1.6221823733106384
2021-02-16,2,2,4,ny_jobb,0.017034536537747863,0.7345839923611033
2021-03-16,2,2,4,ny_jobb,0.019531412666012167,0.8422573200543509
2021-04-16,2,2,4,ny_jobb,0.01619694378169123,0.6984642993272846
2021-05-16,2,2,4,ny_jobb,0.019540739055459385,0.8426595039575802
2021-06-16,2,2,4,ny_jobb,0.020868937982626495,0.8999357127001012
2021-07-16,2,2,4,ny_jobb,0.014291684329246395,0.6163033851187144
2021-08-16,2,2,4,ny_jobb,0.02350175186484276,1.013471113469969
2021-09-16,2,2,4,ny_jobb,0.024449954432942178,1.0543606572798654
2021-10-16,2,2,4,ny_jobb,0.021982620446883986,0.9479612817552943
2021-11-16,2,2,4,ny_jobb,0.02065677342016648,0.8907864945230137
2021-12-16,2,2,4,ny_jobb,0.019868657753831283,0.8568004126982491
2022-01-16,2,2,4,ny_jobb,0.04102581239815142,1.7691649546501909
2022-02-16,2,2,4,ny_jobb,0.021460953957443747,0.925465345241563
2022-03-16,2,2,4,ny_jobb,0.02260496515872878,0.9747987869635347
2022-04-16,2,2,4,ny_jobb,0.02062457863601636,0.8893981519037829
2022-05-16,2,2,4,ny_jobb,0.03201180790327958,1.380452095082171
2022-06-16,2,2,4,ny_jobb,0.01987481386782365,0.8570658841294162
2022-07-16,2,2,4,ny_jobb,0.012756149576875571,0.5500861888770544
2022-08-16,2,2,4,ny_jobb,0.025665885268395344,1.1067955048944662
2022-09-16,2,2,4,ny_jobb,0.030265295743417495,1.3051368746031333
2022-10-16,2,2,4,ny_jobb,0.0231893652936751,1.0
2022-11-16,2,2,4,ny_jobb,0.026963731874425065,1.1627628239475543
2022-12-16,2,2,4,ny_jobb,0.017143535462306816,0.7392843764888517
2023-01-16,2,2,4,ny_jobb,0.038513333404707605,1.6608187812372819
2023-02-16,2,2,4,ny_jobb,0.018087343707098157,0.7799844229471635
2023-03-16,2,2,4,ny_jobb,0.021843390926808776,0.9419572571383211
2023-04-16,2,2,4,ny_jobb,0.018145691442844135,0.7825005649375566
2023-05-16,2,2,4,ny_jobb,0.020811639531737116,0.897464819246842
2023-06-16,2,2,4,ny_jobb,0.017974216282556268,0.7751060046244015
2023-07-16,2,2,4,ny_jobb,0.012521985407397771,0.5399882769026517
2023-08-16,2,2,4,ny_jobb,0.021205746510375267,0.9144599794699484
2023-09-16,2,2,4,ny_jobb,0.024302419888172465,1.0479984932921362
2023-10-16,2,2,4,ny_jobb,0.01973557871842679,0.8510616167579916
2023-11-16,2,2,4,ny_jobb,0.01632467695702574,0.7039725645909892
2023-12-16,2,2,4,ny_jobb,0.014829229871402415,0.6394840774467893
2024-01-16,2,2,4,ny_jobb,0.037230570491128975,1.6055019195063356
2024-02-16,2,2,4,ny_jobb,0.016306539798099585,0.7031904319756088
2024-03-16,2,2,4,ny_jobb,0.016857109573911764,0.72693277114012
2024-04-16,2,2,4,ny_jobb,0.019271383606813797,0.8310440308631503
2024-05-16,2,2,4,ny_jobb,0.018681698550429594,0.8056149150199047
2024-06-16,2,2,4,ny_jobb,0.016141697111192538,0.6960818852422488
2024-07-16,2,2,4,ny_jobb,0.01360210559664648,0.5865665327354369
2024-08-16,2,2,4,ny_jobb,0.0188720273135526,0.8138225033136178
2024-09-16,2,2,4,ny_jobb,0.024048673364182933,1.0370561272214815
2024-10-16,2,2,4,ny_jobb,0.02049510887957756,0.8838149996786502
2024-11-16,2,2,4,ny_jobb,0.016686631427989634,0.7195812052924498
2024-12-16,2,2,4,ny_jobb,0.01571459904848194,0.6776640433866509
2025-01-16,2,2,4,ny_jobb,0.03388455821067006,1.46121111041845
2025-02-16,2,2,4,ny_jobb,0.01765336204818378,0.7612697382881253
2025-03-16,2,2,4,ny_jobb,0.016644177875732195,0.7177504716039768
2025-04-16,2,2,4,ny_jobb,0.01733837631139377,0.7476865404385523
2025-05-16,2,2,4,ny_jobb,0.020299586722096398,0.8753834555201522
2025-06-16,2,2,4,ny_jobb,0.017106122746789597,0.7376710198901084
2025-07-16,2,2,4,ny_jobb,0.01059049904879748,0.4566963741644985
2025-08-16,2,2,4,ny_jobb,0.01920172708042711,0.8280402174553859
2025-09-16,2,2,4,ny_jobb,0.023702606143896566,1.0221325958568366
2025-10-16,2,2,4,ny_jobb,0.019400182981913348,0.8365982740892329
2025-11-16,2,2,4,ny_jobb,0.015104970105856532,0.6513748830364241
2025-12-16,2,2,4,ny_jobb,0.0163039759694472,0.7030798714397807
2026-01-16,2,2,4,ny_jobb,0.029587193317121722,1.2758949174513037
2026-02-16,2,2,4,ny_jobb,0.01625045624070986,0.7007719286367089
2021-01-16,2,2,5,ny_jobb,0.038444992706773894,1.401149212671182
2021-02-16,2,2,5,ny_jobb,0.01823007566580144,0.6644052805756717
2021-03-16,2,2,5,ny_jobb,0.0235253138698328,0.8573931918252328
2021-04-16,2,2,5,ny_jobb,0.020118612697158283,0.733234066544456
2021-05-16,2,2,5,ny_jobb,0.023319837663261046,0.8499044968147653
2021-06-16,2,2,5,ny_jobb,0.02336255756514088,0.8514614474777779
2021-07-16,2,2,5,ny_jobb,0.013515938922685721,0.49259593634143384
2021-08-16,2,2,5,ny_jobb,0.025041670791106512,0.9126576659942396
2021-09-16,2,2,5,ny_jobb,0.028234518696155873,1.0290227895998034
2021-10-16,2,2,5,ny_jobb,0.02494114819071239,0.9089940637282137
2021-11-16,2,2,5,ny_jobb,0.024152775166844827,0.8802613689372845
2021-12-16,2,2,5,ny_jobb,0.02024645380036688,0.7378933068901091
2022-01-16,2,2,5,ny_jobb,0.04671828690793603,1.70267403658181
2022-02-16,2,2,5,ny_jobb,0.024050072625519194,0.8765183175075365
2022-03-16,2,2,5,ny_jobb,0.026983835638083053,0.9834409476292325
2022-04-16,2,2,5,ny_jobb,0.027736075160697902,1.0108567368034163
2022-05-16,2,2,5,ny_jobb,0.02935173778523675,1.0697404627435174
2022-06-16,2,2,5,ny_jobb,0.023727090185964094,0.8647470422639465
2022-07-16,2,2,5,ny_jobb,0.014054072360937125,0.5122085097932981
2022-08-16,2,2,5,ny_jobb,0.028653642618563874,1.0442979948358329
2022-09-16,2,2,5,ny_jobb,0.0342316789145997,1.2475926403584157
2022-10-16,2,2,5,ny_jobb,0.027438185996965667,1.0
2022-11-16,2,2,5,ny_jobb,0.025292385844847474,0.9217951160344385
2022-12-16,2,2,5,ny_jobb,0.01760954889444975,0.6417898361209868
2023-01-16,2,2,5,ny_jobb,0.041518730290663754,1.5131732941549134
2023-02-16,2,2,5,ny_jobb,0.020425291301296857,0.7444111394082557
2023-03-16,2,2,5,ny_jobb,0.020537317264728277,0.7484939881594015
2023-04-16,2,2,5,ny_jobb,0.02236858929269541,0.8152357191240378
2023-05-16,2,2,5,ny_jobb,0.021262045860621547,0.7749071262572851
2023-06-16,2,2,5,ny_jobb,0.01739379533527553,0.6339265772598478
2023-07-16,2,2,5,ny_jobb,0.012484579676632475,0.4550074730892603
2023-08-16,2,2,5,ny_jobb,0.023075093299930953,0.840984651918417
2023-09-16,2,2,5,ny_jobb,0.027095154260092714,0.9874980169275445
2023-10-16,2,2,5,ny_jobb,0.021864938846016407,0.7968798975425856
2023-11-16,2,2,5,ny_jobb,0.02418456472477431,0.8814199571155626
2023-12-16,2,2,5,ny_jobb,0.015242695057008008,0.5555285272391428
2024-01-16,2,2,5,ny_jobb,0.037904321483655266,1.3814441482336708
2024-02-16,2,2,5,ny_jobb,0.01776933262793241,0.6476132434519354
2024-03-16,2,2,5,ny_jobb,0.018369120406555743,0.6694728437436479
2024-04-16,2,2,5,ny_jobb,0.01796386288435421,0.6547030072010153
2024-05-16,2,2,5,ny_jobb,0.019723090967086056,0.7188190563788435
2024-06-16,2,2,5,ny_jobb,0.015526348428685522,0.5658664326571206
2024-07-16,2,2,5,ny_jobb,0.011785141790768599,0.4295160690313818
2024-08-16,2,2,5,ny_jobb,0.019596861984465978,0.714218570667651
2024-09-16,2,2,5,ny_jobb,0.023710440703248483,0.8641402425754593
2024-10-16,2,2,5,ny_jobb,0.020995395392259468,0.7651889011387745
2024-11-16,2,2,5,ny_jobb,0.018335781178704175,0.6682577769802964
2024-12-16,2,2,5,ny_jobb,0.01585171585057353,0.577724629912726
2025-01-16,2,2,5,ny_jobb,0.03614808574571031,1.31743715673142
2025-02-16,2,2,5,ny_jobb,0.02052914079648919,0.7481959922117105
2025-03-16,2,2,5,ny_jobb,0.017301269132061523,0.6305544081512836
2025-04-16,2,2,5,ny_jobb,0.017377778992588522,0.6333428527130145
2025-05-16,2,2,5,ny_jobb,0.019764676592812228,0.7203346677144752
2025-06-16,2,2,5,ny_jobb,0.015811557681762282,0.576261043040923
2025-07-16,2,2,5,ny_jobb,0.008915051617238158,0.3249140310596355
2025-08-16,2,2,5,ny_jobb,0.01833890262259648,0.6683715397448119
2025-09-16,2,2,5,ny_jobb,0.022606898522604488,0.8239210319918576
2025-10-16,2,2,5,ny_jobb,0.020584005665340875,0.7501955729732723
2025-11-16,2,2,5,ny_jobb,0.01521617247424888,0.5545618969100802
2025-12-16,2,2,5,ny_jobb,0.019440885932851936,0.7085339364272064
2026-01-16,2,2,5,ny_jobb,0.034181645219110275,1.2457691344059827
2026-02-16,2,2,5,ny_jobb,0.016382807315597776,0.5970805547206918
2021-01-16,2,2,all,ny_jobb,0.03785116442556507,1.3469468939257754
2021-02-16,2,2,all,ny_jobb,0.020422620041965343,0.7267460604929816
2021-03-16,2,2,all,ny_jobb,0.023490146871110937,0.8359050730955366
2021-04-16,2,2,all,ny_jobb,0.020832438999352342,0.7413296110944392
2021-05-16,2,2,all,ny_jobb,0.02415463197101577,0.8595510072420768
2021-06-16,2,2,all,ny_jobb,0.02809871386820205,0.9999025378072988
2021-07-16,2,2,all,ny_jobb,0.02108921552298744,0.7504670932879791
2021-08-16,2,2,all,ny_jobb,0.027075782288080375,0.9635011605853903
2021-09-16,2,2,all,ny_jobb,0.0315873270564298,1.1240460554322975
2021-10-16,2,2,all,ny_jobb,0.02682543402143905,0.9545924301600595
2021-11-16,2,2,all,ny_jobb,0.02735916880449089,0.9735855686571743
2021-12-16,2,2,all,ny_jobb,0.024568037122549184,0.8742621738136064
2022-01-16,2,2,all,ny_jobb,0.039822709552527744,1.4171050152226534
2022-02-16,2,2,all,ny_jobb,0.02694306455599592,0.9587783537784406
2022-03-16,2,2,all,ny_jobb,0.027323445445898573,0.9723143404763044
2022-04-16,2,2,all,ny_jobb,0.025998813534324698,0.9251768516839035
2022-05-16,2,2,all,ny_jobb,0.03201968107913516,1.1394315241965283
2022-06-16,2,2,all,ny_jobb,0.02698521721934934,0.9602783710126856
2022-07-16,2,2,all,ny_jobb,0.0191567941492132,0.6817012044002124
2022-08-16,2,2,all,ny_jobb,0.02725079165223354,0.9697289298768106
2022-09-16,2,2,all,ny_jobb,0.0336880772843194,1.1988019853306817
2022-10-16,2,2,all,ny_jobb,0.02810145269740003,1.0
2022-11-16,2,2,all,ny_jobb,0.028344252153931986,1.008640103383496
2022-12-16,2,2,all,ny_jobb,0.021851166626838312,0.7775813891948725
2023-01-16,2,2,all,ny_jobb,0.04109383321047651,1.4623383941385544
2023-02-16,2,2,all,ny_jobb,0.023959563748404453,0.8526094364730551
2023-03-16,2,2,all,ny_jobb,0.027454784346519982,0.97698808108451
2023-04-16,2,2,all,ny_jobb,0.023579434413250507,0.839082401438702
2023-05-16,2,2,all,ny_jobb,0.025420777277047456,0.904607229767855
2023-06-16,2,2,all,ny_jobb,0.02348258118793913,0.835635845619887
2023-07-16,2,2,all,ny_jobb,0.018526169072564755,0.6592601909964182
2023-08-16,2,2,all,ny_jobb,0.02455471457978082,0.8737880864804062
2023-09-16,2,2,all,ny_jobb,0.02830889564093689,1.0073819295312108
2023-10-16,2,2,all,ny_jobb,0.02567426630738587,0.9136277253652897
2023-11-16,2,2,all,ny_jobb,0.023716344786546658,0.8439544048461564
2023-12-16,2,2,all,ny_jobb,0.020149766902566976,0.7170364863177073
2024-01-16,2,2,all,ny_jobb,0.03515694120031542,1.2510720203289765
2024-02-16,2,2,all,ny_jobb,0.020126080629831764,0.7161936020373013
2024-03-16,2,2,all,ny_jobb,0.02062620126986642,0.7339905695257802
2024-04-16,2,2,all,ny_jobb,0.021406176116188128,0.76174624659773
2024-05-16,2,2,all,ny_jobb,0.02398786414044531,0.8536165157990102
2024-06-16,2,2,all,ny_jobb,0.02204172494300676,0.7843624733694312
2024-07-16,2,2,all,ny_jobb,0.0184292827535201,0.6558124575255567
2024-08-16,2,2,all,ny_jobb,0.022560782498678152,0.802833317608719
2024-09-16,2,2,all,ny_jobb,0.026905159219043857,0.9574294791362564
2024-10-16,2,2,all,ny_jobb,0.023587474034533082,0.8393684941674
2024-11-16,2,2,all,ny_jobb,0.022516086089647565,0.8012427802969336
2024-12-16,2,2,all,ny_jobb,0.020464695205281082,0.7282433198613427
2025-01-16,2,2,all,ny_jobb,0.035622297951040216,1.2676319026858003
2025-02-16,2,2,all,ny_jobb,0.021895390997770478,0.779155128866212
2025-03-16,2,2,all,ny_jobb,0.01994804250627778,0.7098580532857431
2025-04-16,2,2,all,ny_jobb,0.022275416534497657,0.792678470197329
2025-05-16,2,2,all,ny_jobb,0.023318525902149112,0.829797881029352
2025-06-16,2,2,all,ny_jobb,0.021556533974738466,0.7670967834603403
2025-07-16,2,2,all,ny_jobb,0.01631112646192485,0.5804371267765089
2025-08-16,2,2,all,ny_jobb,0.021605499250806414,0.768839229895235
2025-09-16,2,2,all,ny_jobb,0.02634103731290341,0.9373550042607052
2025-10-16,2,2,all,ny_jobb,0.02238860191944376,0.7967062116157138
2025-11-16,2,2,all,ny_jobb,0.021916987831038657,0.7799236597140914
2025-12-16,2,2,all,ny_jobb,0.02113315188229259,0.7520305839650719
2026-01-16,2,2,all,ny_jobb,0.029444036742855752,1.047776321740831
2026-02-16,2,2,all,ny_jobb,0.018159049231155258,0.6461961033365136
2021-01-16,2,2,1,overtid_timer,3.672416403417415,0.6934006926785895
2021-02-16,2,2,1,overtid_timer,4.5389127256971324,0.857006636033242
2021-03-16,2,2,1,overtid_timer,4.66990698891799,0.8817400820470819
2021-04-16,2,2,1,overtid_timer,4.939020378613261,0.9325522423048722
2021-05-16,2,2,1,overtid_timer,5.358863638320161,1.0118241916476254
2021-06-16,2,2,1,overtid_timer,5.814833720897405,1.09791736202056
2021-07-16,2,2,1,overtid_timer,4.791231517184373,0.9046477544614976
2021-08-16,2,2,1,overtid_timer,4.011356686187169,0.7573970920603486
2021-09-16,2,2,1,overtid_timer,5.013453540089286,0.9466062057055653
2021-10-16,2,2,1,overtid_timer,5.4676617590010546,1.0323667129619454
2021-11-16,2,2,1,overtid_timer,5.658557122400998,1.0684102773811317
2021-12-16,2,2,1,overtid_timer,5.330017617981484,1.0063776822416535
2022-01-16,2,2,1,overtid_timer,3.833940340559489,0.7238985441189282
2022-02-16,2,2,1,overtid_timer,4.507914856243151,0.8511538291099994
2022-03-16,2,2,1,overtid_timer,4.626320278173851,0.8735103357161802
2022-04-16,2,2,1,overtid_timer,4.943030538784654,0.9333094134791454
2022-05-16,2,2,1,overtid_timer,5.262660190663527,0.9936597108493416
2022-06-16,2,2,1,overtid_timer,5.628668866543144,1.0627669801516821
2022-07-16,2,2,1,overtid_timer,4.824403276740013,0.9109110205311743
2022-08-16,2,2,1,overtid_timer,3.9852147856661837,0.7524611561702035
2022-09-16,2,2,1,overtid_timer,5.028614714149404,0.9494688354948569
2022-10-16,2,2,1,overtid_timer,5.296239882932569,1.0
2022-11-16,2,2,1,overtid_timer,5.555404128129437,1.0489336304482808
2022-12-16,2,2,1,overtid_timer,5.123037461448443,0.9672970965604711
2023-01-16,2,2,1,overtid_timer,3.965072474136255,0.7486580218758452
2023-02-16,2,2,1,overtid_timer,4.374478486704994,0.8259592811877721
2023-03-16,2,2,1,overtid_timer,4.372213913615186,0.8255316998961643
2023-04-16,2,2,1,overtid_timer,4.820498961068551,0.91017383419563
2023-05-16,2,2,1,overtid_timer,5.218216391003417,0.9852681348175738
2023-06-16,2,2,1,overtid_timer,5.8388195133088585,1.1024461962391061
2023-07-16,2,2,1,overtid_timer,4.722585033014849,0.8916863921201238
2023-08-16,2,2,1,overtid_timer,3.882522203845841,0.733071441185564
2023-09-16,2,2,1,overtid_timer,4.967272116936257,0.9378865434217908
2023-10-16,2,2,1,overtid_timer,5.50115359885549,1.0386904144170788
2023-11-16,2,2,1,overtid_timer,5.749518379844687,1.0855849634705623
2023-12-16,2,2,1,overtid_timer,5.185741628487037,0.9791364709892354
2024-01-16,2,2,1,overtid_timer,4.223250057286475,0.7974053575058291
2024-02-16,2,2,1,overtid_timer,4.934839365251084,0.9317628117929253
2024-03-16,2,2,1,overtid_timer,4.754601755817465,0.8977315720044019
2024-04-16,2,2,1,overtid_timer,5.098230636228266,0.9626132405100458
2024-05-16,2,2,1,overtid_timer,5.246947075801691,0.9906928673510943
2024-06-16,2,2,1,overtid_timer,5.8398931653085295,1.1026489159087967
2024-07-16,2,2,1,overtid_timer,4.733842275311934,0.8938119080608504
2024-08-16,2,2,1,overtid_timer,3.8296754450711137,0.7230932755543151
2024-09-16,2,2,1,overtid_timer,4.984236081543358,0.9410895638630983
2024-10-16,2,2,1,overtid_timer,5.6055223133123215,1.0583966053683544
2024-11-16,2,2,1,overtid_timer,5.656418741891156,1.0680065229143574
2024-12-16,2,2,1,overtid_timer,5.245627075109444,0.9904436337964548
2025-01-16,2,2,1,overtid_timer,4.252515493055514,0.8029310580813162
2025-02-16,2,2,1,overtid_timer,4.701222087598571,0.8876527860357163
2025-03-16,2,2,1,overtid_timer,4.2884794085334095,0.8097215200454337
2025-04-16,2,2,1,overtid_timer,4.839976263990359,0.9138514060866947
2025-05-16,2,2,1,overtid_timer,5.676433788810236,1.0717856279703009
2025-06-16,2,2,1,overtid_timer,5.800396488718067,1.0951914220143562
2025-07-16,2,2,1,overtid_timer,5.220210914621694,0.9856447272043166
2025-08-16,2,2,1,overtid_timer,3.987380383657182,0.7528700496566894
2025-09-16,2,2,1,overtid_timer,4.924908037015287,0.9298876459289694
2025-10-16,2,2,1,overtid_timer,5.238532454903438,0.9891040758529279
2025-11-16,2,2,1,overtid_timer,5.591091938651349,1.055671960152137
2025-12-16,2,2,1,overtid_timer,5.1576828084853465,0.9738385953978916
2026-01-16,2,2,1,overtid_timer,4.122512397101992,0.778384757530908
2026-02-16,2,2,1,overtid_timer,4.491914701632967,0.8481327887183538
2021-01-16,2,2,2,overtid_timer,1.8671706544125393,0.6718342382098349
2021-02-16,2,2,2,overtid_timer,2.24964743340985,0.8094547577072647
2021-03-16,2,2,2,overtid_timer,2.279707398832283,0.8202707556571405
2021-04-16,2,2,2,overtid_timer,2.4102105933230433,0.8672276388147944
2021-05-16,2,2,2,overtid_timer,2.5850580409431902,0.9301402073565135
2021-06-16,2,2,2,overtid_timer,2.9791735605423146,1.0719485092655094
2021-07-16,2,2,2,overtid_timer,2.5376528500983815,0.9130831535713392
2021-08-16,2,2,2,overtid_timer,2.0662275284659692,0.7434576985636466
2021-09-16,2,2,2,overtid_timer,2.4921424809755064,0.8967078832670107
2021-10-16,2,2,2,overtid_timer,2.6813325378853885,0.9647811241679161
2021-11-16,2,2,2,overtid_timer,2.8405943205285613,1.0220857514472477
2021-12-16,2,2,2,overtid_timer,3.0212140467015325,1.087075266922075
2022-01-16,2,2,2,overtid_timer,1.9841392869797287,0.7139211958050142
2022-02-16,2,2,2,overtid_timer,2.245878477694504,0.8080986344809907
2022-03-16,2,2,2,overtid_timer,2.246836047630913,0.8084431815995091
2022-04-16,2,2,2,overtid_timer,2.5605676009922202,0.9213282029320651
2022-05-16,2,2,2,overtid_timer,2.804696373462761,1.0091691656690522
2022-06-16,2,2,2,overtid_timer,3.083444134117301,1.1094665268071326
2022-07-16,2,2,2,overtid_timer,2.762575160595342,0.9940133614085358
2022-08-16,2,2,2,overtid_timer,2.0555474896240797,0.7396148705166035
2022-09-16,2,2,2,overtid_timer,2.531629786478063,0.9109159706470128
2022-10-16,2,2,2,overtid_timer,2.779213306228319,1.0
2022-11-16,2,2,2,overtid_timer,2.8124066318356356,1.0119434249731494
2022-12-16,2,2,2,overtid_timer,2.9374097679456113,1.0569213098407266
2023-01-16,2,2,2,overtid_timer,2.1042545658536262,0.757140360956791
2023-02-16,2,2,2,overtid_timer,2.2363852808086286,0.8046828488467608
2023-03-16,2,2,2,overtid_timer,2.225594950300796,0.8008003363085359
2023-04-16,2,2,2,overtid_timer,2.4785629381167458,0.8918217729320003
2023-05-16,2,2,2,overtid_timer,2.7611753079706443,0.9935096747639877
2023-06-16,2,2,2,overtid_timer,3.1353807806543132,1.128154062024606
2023-07-16,2,2,2,overtid_timer,2.653655266877883,0.9548224531492218
2023-08-16,2,2,2,overtid_timer,2.0743262420547683,0.7463717295128542
2023-09-16,2,2,2,overtid_timer,2.630848953899689,0.946616421274272
2023-10-16,2,2,2,overtid_timer,2.7909929261652544,1.0042384727759244
2023-11-16,2,2,2,overtid_timer,2.877962437698441,1.0355313250871467
2023-12-16,2,2,2,overtid_timer,3.039607507121262,1.09369349243881
2024-01-16,2,2,2,overtid_timer,2.3066603145512805,0.8299687934646722
2024-02-16,2,2,2,overtid_timer,2.5996572874034616,0.9353932213758239
2024-03-16,2,2,2,overtid_timer,2.5431265637144005,0.915052672644867
2024-04-16,2,2,2,overtid_timer,2.7783121165981997,0.9996757393079186
2024-05-16,2,2,2,overtid_timer,2.834341042552093,1.0198357341626967
2024-06-16,2,2,2,overtid_timer,3.278341169793868,1.179593218860526
2024-07-16,2,2,2,overtid_timer,2.814274066847947,1.0126153543310459
2024-08-16,2,2,2,overtid_timer,2.1402027007085844,0.7700750050067448
2024-09-16,2,2,2,overtid_timer,2.6779373955252592,0.9635595042395282
2024-10-16,2,2,2,overtid_timer,2.9290110186485254,1.0538993218276929
2024-11-16,2,2,2,overtid_timer,2.900419062722927,1.0436115343226737
2024-12-16,2,2,2,overtid_timer,3.062155039211352,1.101806411313932
2025-01-16,2,2,2,overtid_timer,2.3313424044618434,0.8388497562375725
2025-02-16,2,2,2,overtid_timer,2.5265313880883995,0.9090814952657106
2025-03-16,2,2,2,overtid_timer,2.385177253286084,0.8582202913107873
2025-04-16,2,2,2,overtid_timer,2.65533333360084,0.9554262451356794
2025-05-16,2,2,2,overtid_timer,2.8754786744031673,1.034637632152636
2025-06-16,2,2,2,overtid_timer,3.1532600908307766,1.1345872890591755
2025-07-16,2,2,2,overtid_timer,2.9672129126994147,1.0676449001052857
2025-08-16,2,2,2,overtid_timer,2.1446760722000215,0.7716845869274315
2025-09-16,2,2,2,overtid_timer,2.796205453170607,1.0061140132368422
2025-10-16,2,2,2,overtid_timer,2.9263595159132,1.0529452738856426
2025-11-16,2,2,2,overtid_timer,2.986545702319107,1.074601109467254
2025-12-16,2,2,2,overtid_timer,3.0428784687138437,1.0948704303820946
2026-01-16,2,2,2,overtid_timer,2.224645788671265,0.8004588146169824
2026-02-16,2,2,2,overtid_timer,2.4660810182133788,0.8873306027597092
2021-01-16,2,2,3,overtid_timer,2.9566675413456283,0.8601008202351875
2021-02-16,2,2,3,overtid_timer,2.7934922092427987,0.8126327721637705
2021-03-16,2,2,3,overtid_timer,2.7012275482475685,0.7857927877925137
2021-04-16,2,2,3,overtid_timer,3.31974389053476,0.9657204955550055
2021-05-16,2,2,3,overtid_timer,3.4046030590370164,0.9904062065497726
2021-06-16,2,2,3,overtid_timer,3.7662348080278405,1.0956056446267821
2021-07-16,2,2,3,overtid_timer,3.147375181854517,0.915578074858195
2021-08-16,2,2,3,overtid_timer,2.8328829277024457,0.824091615196686
2021-09-16,2,2,3,overtid_timer,3.28275334895206,0.9549598690350065
2021-10-16,2,2,3,overtid_timer,3.3821890840902618,0.9838859339905992
2021-11-16,2,2,3,overtid_timer,3.6695726865005094,1.067486429717184
2021-12-16,2,2,3,overtid_timer,3.8021198327033408,1.106044673948121
2022-01-16,2,2,3,overtid_timer,3.1482517574201774,0.9158330725380083
2022-02-16,2,2,3,overtid_timer,2.936187522545866,0.8541431395958247
2022-03-16,2,2,3,overtid_timer,2.9576847238985122,0.8603967207839744
2022-04-16,2,2,3,overtid_timer,3.3840932211846937,0.9844398514851632
2022-05-16,2,2,3,overtid_timer,3.509931411820761,1.0210464463996982
2022-06-16,2,2,3,overtid_timer,3.6077259273300917,1.049495077105671
2022-07-16,2,2,3,overtid_timer,3.2986387015685517,0.9595809515964064
2022-08-16,2,2,3,overtid_timer,2.8026935186881428,0.815309452477167
2022-09-16,2,2,3,overtid_timer,3.247272893905376,0.9446385298714961
2022-10-16,2,2,3,overtid_timer,3.437582515660375,1.0
2022-11-16,2,2,3,overtid_timer,3.572756393062756,1.03932236587386
2022-12-16,2,2,3,overtid_timer,3.62654644495701,1.0549700053557358
2023-01-16,2,2,3,overtid_timer,3.1625843089011387,0.9200024419758814
2023-02-16,2,2,3,overtid_timer,2.9529718625241084,0.8590257394757632
2023-03-16,2,2,3,overtid_timer,2.8716954047350582,0.8353822465795828
2023-04-16,2,2,3,overtid_timer,3.3421142225763063,0.9722280723010575
2023-05-16,2,2,3,overtid_timer,3.383251569107024,0.9841950131216228
2023-06-16,2,2,3,overtid_timer,3.7009519127632364,1.076614712782325
2023-07-16,2,2,3,overtid_timer,3.1656605368133204,0.920897323160018
2023-08-16,2,2,3,overtid_timer,2.774754109666342,0.8071818194983166
2023-09-16,2,2,3,overtid_timer,3.328735208374812,0.9683360888677742
2023-10-16,2,2,3,overtid_timer,3.508892964090028,1.0207443597658497
2023-11-16,2,2,3,overtid_timer,3.6619615477131746,1.065272333400176
2023-12-16,2,2,3,overtid_timer,3.685575385393597,1.0721416485578037
2024-01-16,2,2,3,overtid_timer,3.169374528331314,0.9219777311214485
2024-02-16,2,2,3,overtid_timer,3.2025374771512194,0.9316249028384407
2024-03-16,2,2,3,overtid_timer,3.0636523126075796,0.8912229157120432
2024-04-16,2,2,3,overtid_timer,3.4232595823044507,0.9958334284949745
2024-05-16,2,2,3,overtid_timer,3.5299800592954904,1.026878640211307
2024-06-16,2,2,3,overtid_timer,3.546356188753372,1.0316424907903923
2024-07-16,2,2,3,overtid_timer,3.184350159242805,0.9263341737212312
2024-08-16,2,2,3,overtid_timer,2.729291224528073,0.793956570378868
2024-09-16,2,2,3,overtid_timer,3.289152044181223,0.9568212629651923
2024-10-16,2,2,3,overtid_timer,3.5245863155887007,1.0253095887973505
2024-11-16,2,2,3,overtid_timer,3.5756103849762555,1.0401525981375213
2024-12-16,2,2,3,overtid_timer,3.558700913932298,1.035233597366798
2025-01-16,2,2,3,overtid_timer,3.155066015153687,0.9178153544766865
2025-02-16,2,2,3,overtid_timer,3.0846146168048074,0.8973208941901542
2025-03-16,2,2,3,overtid_timer,2.8653642075609396,0.8335404879758909
2025-04-16,2,2,3,overtid_timer,3.341268872662621,0.9719821582292253
2025-05-16,2,2,3,overtid_timer,3.5075596924970895,1.0203565082490162
2025-06-16,2,2,3,overtid_timer,3.5401327354417735,1.0298320751034242
2025-07-16,2,2,3,overtid_timer,3.4599570816149163,1.006508808400267
2025-08-16,2,2,3,overtid_timer,2.8218578459968504,0.8208843956883923
2025-09-16,2,2,3,overtid_timer,3.3556278071046335,0.9761592025260817
2025-10-16,2,2,3,overtid_timer,3.445368628556916,1.0022649966542099
2025-11-16,2,2,3,overtid_timer,3.6056038230087966,1.0488777524853519
2025-12-16,2,2,3,overtid_timer,3.6469076895606083,1.0608931343310666
2026-01-16,2,2,3,overtid_timer,3.1432243248181067,0.9143705817965737
2026-02-16,2,2,3,overtid_timer,3.0160202217476875,0.8773666400756336
2021-01-16,2,2,4,overtid_timer,1.1597252316013213,0.8265621649194211
2021-02-16,2,2,4,overtid_timer,1.2323693681376195,0.878337269166516
2021-03-16,2,2,4,overtid_timer,1.2232039465504327,0.8718048677811949
2021-04-16,2,2,4,overtid_timer,1.39698147639312,0.9956600080912743
2021-05-16,2,2,4,overtid_timer,1.3866625015233027,0.9883054434273941
2021-06-16,2,2,4,overtid_timer,1.4321281996239235,1.0207098654642692
2021-07-16,2,2,4,overtid_timer,1.371035820002346,0.9771679572742011
2021-08-16,2,2,4,overtid_timer,0.9580320748368415,0.682810931642821
2021-09-16,2,2,4,overtid_timer,1.2088311633378506,0.8615610630553929
2021-10-16,2,2,4,overtid_timer,1.3944063872668622,0.9938246843567711
2021-11-16,2,2,4,overtid_timer,1.4893846314680843,1.061517807700142
2021-12-16,2,2,4,overtid_timer,1.624837809402989,1.1580583234604984
2022-01-16,2,2,4,overtid_timer,1.1409798015860577,0.8132018768153435
2022-02-16,2,2,4,overtid_timer,1.2347854819382125,0.8800592876233813
2022-03-16,2,2,4,overtid_timer,1.190627659086374,0.8485870175890847
2022-04-16,2,2,4,overtid_timer,1.3936179171898673,0.9932627240613007
2022-05-16,2,2,4,overtid_timer,1.3294404340288783,0.94752199343377
2022-06-16,2,2,4,overtid_timer,1.4136667010279689,1.0075519416463499
2022-07-16,2,2,4,overtid_timer,1.3872316487601577,0.9887110874191206
2022-08-16,2,2,4,overtid_timer,0.9077115229670134,0.6469463465151573
2022-09-16,2,2,4,overtid_timer,1.2360843174826894,0.8809849968260989
2022-10-16,2,2,4,overtid_timer,1.4030707922789802,1.0
2022-11-16,2,2,4,overtid_timer,1.4766000994131512,1.0524059851710965
2022-12-16,2,2,4,overtid_timer,1.6006345917586835,1.1408081477904648
2023-01-16,2,2,4,overtid_timer,1.1482359521891765,0.818373497978758
2023-02-16,2,2,4,overtid_timer,1.2475703316374336,0.8891713365446299
2023-03-16,2,2,4,overtid_timer,1.2040377621646157,0.8581446986070609
2023-04-16,2,2,4,overtid_timer,1.3956422923375025,0.9947055416003552
2023-05-16,2,2,4,overtid_timer,1.3516142698333857,0.963325783183032
2023-06-16,2,2,4,overtid_timer,1.4696058930364084,1.0474210575286487
2023-07-16,2,2,4,overtid_timer,1.3693708066295216,0.9759812649262548
2023-08-16,2,2,4,overtid_timer,0.9762658859579645,0.6958065774943794
2023-09-16,2,2,4,overtid_timer,1.3165200976307754,0.9383133801056308
2023-10-16,2,2,4,overtid_timer,1.4653690277339972,1.0444013486688204
2023-11-16,2,2,4,overtid_timer,1.5411174352250592,1.0983889363998893
2023-12-16,2,2,4,overtid_timer,1.6086467786350918,1.1465186129505258
2024-01-16,2,2,4,overtid_timer,1.224446507851508,0.872690469069393
2024-02-16,2,2,4,overtid_timer,1.3323120371976072,0.9495686493719672
2024-03-16,2,2,4,overtid_timer,1.3419491699772073,0.9564372498963546
2024-04-16,2,2,4,overtid_timer,1.4094397094220918,1.0045392699913358
2024-05-16,2,2,4,overtid_timer,1.4595843539135787,1.0402784819879292
2024-06-16,2,2,4,overtid_timer,1.5187516664178686,1.0824483516979142
2024-07-16,2,2,4,overtid_timer,1.4424892895733357,1.0280944464892814
2024-08-16,2,2,4,overtid_timer,0.946138726232243,0.6743342755324901
2024-09-16,2,2,4,overtid_timer,1.2757421364136428,0.9092500132095829
2024-10-16,2,2,4,overtid_timer,1.4578681798477584,1.0390553262674451
2024-11-16,2,2,4,overtid_timer,1.5569139877962954,1.1096474934578537
2024-12-16,2,2,4,overtid_timer,1.6270163007121143,1.1596109830419774
2025-01-16,2,2,4,overtid_timer,1.1900475732629858,0.8481735774215747
2025-02-16,2,2,4,overtid_timer,1.2878722100960631,0.9178953885884814
2025-03-16,2,2,4,overtid_timer,1.245509484313527,0.8877025244681136
2025-04-16,2,2,4,overtid_timer,1.463647444932548,1.0431743380212302
2025-05-16,2,2,4,overtid_timer,1.418553103159309,1.0110345899619086
2025-06-16,2,2,4,overtid_timer,1.493600775190661,1.0645227478255996
2025-07-16,2,2,4,overtid_timer,1.4597603931565784,1.0404039491018968
2025-08-16,2,2,4,overtid_timer,0.9673307517093852,0.6894383070566018
2025-09-16,2,2,4,overtid_timer,1.2978179809378378,0.9249839623771354
2025-10-16,2,2,4,overtid_timer,1.4695652303893962,1.047392076348771
2025-11-16,2,2,4,overtid_timer,1.5904278002394046,1.1335335387148242
2025-12-16,2,2,4,overtid_timer,1.6428962805341838,1.170929000571425
2026-01-16,2,2,4,overtid_timer,1.186470826974469,0.8456243501778751
2026-02-16,2,2,4,overtid_timer,1.248933432485262,0.890142849069393
2021-01-16,2,2,5,overtid_timer,1.3038133641767073,0.9168367997743824
2021-02-16,2,2,5,overtid_timer,1.6760953640314666,1.1786241435296538
2021-03-16,2,2,5,overtid_timer,1.5590679083490075,1.096330863753836
2021-04-16,2,2,5,overtid_timer,1.6397018230952694,1.1530323383517167
2021-05-16,2,2,5,overtid_timer,1.5618199379795408,1.0982660809472382
2021-06-16,2,2,5,overtid_timer,1.6588251488765744,1.1664797912557188
2021-07-16,2,2,5,overtid_timer,1.4447892880514197,1.0159705549895273
2021-08-16,2,2,5,overtid_timer,0.9464559900686037,0.6655443983807691
2021-09-16,2,2,5,overtid_timer,1.2228013550905434,0.8598694506164356
2021-10-16,2,2,5,overtid_timer,1.4477783126416786,1.0180724261737595
2021-11-16,2,2,5,overtid_timer,1.5143371245325663,1.0648763398070271
2021-12-16,2,2,5,overtid_timer,1.7071369314206515,1.2004524604399136
2022-01-16,2,2,5,overtid_timer,1.232449245898927,0.8666538122255195
2022-02-16,2,2,5,overtid_timer,1.5252399407284838,1.0725431603691136
2022-03-16,2,2,5,overtid_timer,1.4272559771134135,1.0036411947210033
2022-04-16,2,2,5,overtid_timer,1.5589878976446978,1.0962746005185429
2022-05-16,2,2,5,overtid_timer,1.4543975760878676,1.0227270680739056
2022-06-16,2,2,5,overtid_timer,1.581931725155024,1.1124086162965034
2022-07-16,2,2,5,overtid_timer,1.5629839434583015,1.0990846053521792
2022-08-16,2,2,5,overtid_timer,0.9681644086496504,0.6808096791079515
2022-09-16,2,2,5,overtid_timer,1.2051129330269887,0.8474310167704622
2022-10-16,2,2,5,overtid_timer,1.4220779145182143,1.0
2022-11-16,2,2,5,overtid_timer,1.469910256640088,1.0336355284288896
2022-12-16,2,2,5,overtid_timer,1.5925477849201508,1.1198737907828982
2023-01-16,2,2,5,overtid_timer,1.1090489221679725,0.7798791548940601
2023-02-16,2,2,5,overtid_timer,1.4740667129762708,1.0365583333566288
2023-03-16,2,2,5,overtid_timer,1.4243264652087781,1.0015811726401262
2023-04-16,2,2,5,overtid_timer,1.529625198630394,1.0756268577229227
2023-05-16,2,2,5,overtid_timer,1.445558808211818,1.0165116787581634
2023-06-16,2,2,5,overtid_timer,1.5893523351701375,1.1176267621796194
2023-07-16,2,2,5,overtid_timer,1.4785962232570542,1.0397434684568516
2023-08-16,2,2,5,overtid_timer,0.9787163711839691,0.6882297806555475
2023-09-16,2,2,5,overtid_timer,1.2404225848919035,0.8722606351088338
2023-10-16,2,2,5,overtid_timer,1.4027469086320612,0.9864065072041412
2023-11-16,2,2,5,overtid_timer,1.481984803451401,1.0421263056838082
2023-12-16,2,2,5,overtid_timer,1.5805511672585288,1.1114378130216611
2024-01-16,2,2,5,overtid_timer,1.130633418984443,0.7950572942886116
2024-02-16,2,2,5,overtid_timer,1.5535872990502932,1.0924769192949833
2024-03-16,2,2,5,overtid_timer,1.4922685598801533,1.0493578056767157
2024-04-16,2,2,5,overtid_timer,1.4772581139391707,1.0388025148675843
2024-05-16,2,2,5,overtid_timer,1.5686578801885143,1.1030744969553654
2024-06-16,2,2,5,overtid_timer,1.5446868378265195,1.0862181474422545
2024-07-16,2,2,5,overtid_timer,1.4179225370967898,0.9970779537611817
2024-08-16,2,2,5,overtid_timer,0.9261619863183049,0.6512737290010437
2024-09-16,2,2,5,overtid_timer,1.1952649299749933,0.840505936961926
2024-10-16,2,2,5,overtid_timer,1.3364759601263094,0.9398050180528217
2024-11-16,2,2,5,overtid_timer,1.4630987231423334,1.0288456829301202
2024-12-16,2,2,5,overtid_timer,1.5021749073687525,1.0563239130801594
2025-01-16,2,2,5,overtid_timer,1.1346536197765082,0.7978842848149551
2025-02-16,2,2,5,overtid_timer,1.439754171897441,1.0124298796843456
2025-03-16,2,2,5,overtid_timer,1.3539921374530892,0.9521223300284557
2025-04-16,2,2,5,overtid_timer,1.480850092903867,1.041328381367602
2025-05-16,2,2,5,overtid_timer,1.3588528632776555,0.9555403746903848
2025-06-16,2,2,5,overtid_timer,1.4658335821066562,1.030768825773703
2025-07-16,2,2,5,overtid_timer,1.4114636802128855,0.9925361091702737
2025-08-16,2,2,5,overtid_timer,0.8944382441312867,0.6289657092623602
2025-09-16,2,2,5,overtid_timer,1.1427827981990386,0.8036006934164377
2025-10-16,2,2,5,overtid_timer,1.3082990020903915,0.9199910839861613
2025-11-16,2,2,5,overtid_timer,1.4218250871131064,0.9998222126913534
2025-12-16,2,2,5,overtid_timer,1.4838314500724552,1.0434248608488954
2026-01-16,2,2,5,overtid_timer,1.1020335242976085,0.7749459527124196
2026-02-16,2,2,5,overtid_timer,1.38746555537115,0.9756607153562393
2021-01-16,2,2,all,overtid_timer,2.2299779077891815,0.7677563182325957
2021-02-16,2,2,all,overtid_timer,2.5365624047561424,0.8733099130894642
2021-03-16,2,2,all,overtid_timer,2.522883344943708,0.8686003666128849
2021-04-16,2,2,all,overtid_timer,2.7804895871535256,0.9572912991023567
2021-05-16,2,2,all,overtid_timer,2.899892938280837,0.9984005302413429
2021-06-16,2,2,all,overtid_timer,3.1810992496776356,1.0952167011763356
2021-07-16,2,2,all,overtid_timer,2.7024191133744067,0.9304125128587948
2021-08-16,2,2,all,overtid_timer,2.2034490093368864,0.758622716804816
2021-09-16,2,2,all,overtid_timer,2.6986668903134503,0.9291206646515077
2021-10-16,2,2,all,overtid_timer,2.933003556415333,1.0098001437462807
2021-11-16,2,2,all,overtid_timer,3.0947241682446274,1.0654787319003116
2021-12-16,2,2,all,overtid_timer,3.1418132778279366,1.0816909828272165
2022-01-16,2,2,all,overtid_timer,2.29845794030262,0.7913332233899614
2022-02-16,2,2,all,overtid_timer,2.5221866038720506,0.8683604864965534
2022-03-16,2,2,all,overtid_timer,2.524980120315877,0.8693222627959252
2022-04-16,2,2,all,overtid_timer,2.80324449282393,0.9651255572527254
2022-05-16,2,2,all,overtid_timer,2.908334442563341,1.0013068452436764
2022-06-16,2,2,all,overtid_timer,3.106344289974933,1.0694794091473427
2022-07-16,2,2,all,overtid_timer,2.801191245810504,0.9644186473941373
2022-08-16,2,2,all,overtid_timer,2.173792740340476,0.7484123968650223
2022-09-16,2,2,all,overtid_timer,2.6852553266400934,0.9245032140877005
2022-10-16,2,2,all,overtid_timer,2.904538660030406,1.0
2022-11-16,2,2,all,overtid_timer,3.0128154476655697,1.0372784804434416
2022-12-16,2,2,all,overtid_timer,2.9990421063940285,1.0325364739206582
2023-01-16,2,2,all,overtid_timer,2.309093332032998,0.7949948691710047
2023-02-16,2,2,all,overtid_timer,2.4726354683312266,0.8513005877172046
2023-03-16,2,2,all,overtid_timer,2.4332084936655,0.8377263236840607
2023-04-16,2,2,all,overtid_timer,2.7289249444600725,0.9395381724516295
2023-05-16,2,2,all,overtid_timer,2.8438017408450107,0.9790889616925397
2023-06-16,2,2,all,overtid_timer,3.1678652466007087,1.090660382729265
2023-07-16,2,2,all,overtid_timer,2.692323423890847,0.9269366804925442
2023-08-16,2,2,all,overtid_timer,2.1489937335271683,0.7398743776764437
2023-09-16,2,2,all,overtid_timer,2.707147940198166,0.9320405947600044
2023-10-16,2,2,all,overtid_timer,2.9494533222198487,1.0154636131401924
2023-11-16,2,2,all,overtid_timer,3.076041526066374,1.0590465082789335
2023-12-16,2,2,all,overtid_timer,3.0201237067386817,1.0397946318631772
2024-01-16,2,2,all,overtid_timer,2.405318311290743,0.8281240475089985
2024-02-16,2,2,all,overtid_timer,2.720201615100659,0.9365348282443529
2024-03-16,2,2,all,overtid_timer,2.633526774716226,0.9066936553320509
2024-04-16,2,2,all,overtid_timer,2.8290254778226505,0.9740016604884973
2024-05-16,2,2,all,overtid_timer,2.92652982745821,1.0075713116614442
2024-06-16,2,2,all,overtid_timer,3.142864695773261,1.0820529742029188
2024-07-16,2,2,all,overtid_timer,2.717636073082564,0.9356515409762578
2024-08-16,2,2,all,overtid_timer,2.1131966912569835,0.7275498585496059
2024-09-16,2,2,all,overtid_timer,2.682688513682388,0.9236194892493889
2024-10-16,2,2,all,overtid_timer,2.965826972255682,1.0211008767308454
2024-11-16,2,2,all,overtid_timer,3.0251111646055096,1.0415117575242883
2024-12-16,2,2,all,overtid_timer,2.9807198248220215,1.0262283184038659
2025-01-16,2,2,all,overtid_timer,2.393437415582893,0.8240335887138226
2025-02-16,2,2,all,overtid_timer,2.5881405204234107,0.8910676783335764
2025-03-16,2,2,all,overtid_timer,2.409593518954648,0.829595953434279
2025-04-16,2,2,all,overtid_timer,2.7394951716936475,0.9431773828291786
2025-05-16,2,2,all,overtid_timer,2.9498934569892876,1.0156151465921293
2025-06-16,2,2,all,overtid_timer,3.0769735853987332,1.059367405826343
2025-07-16,2,2,all,overtid_timer,2.893389332405153,0.996161411869403
2025-08-16,2,2,all,overtid_timer,2.15298976681909,0.7412501670046807
2025-09-16,2,2,all,overtid_timer,2.68249253886764,0.9235520173243481
2025-10-16,2,2,all,overtid_timer,2.859504347190957,0.9844951924864456
2025-11-16,2,2,all,overtid_timer,3.025227441842502,1.0415517904694829
2025-12-16,2,2,all,overtid_timer,2.9732572320915547,1.0236590316413379
2026-01-16,2,2,all,overtid_timer,2.334009299122188,0.803573156467387
2026-02-16,2,2,all,overtid_timer,2.493242626602463,0.8583954005888023
2021-01-16,2,2,1,stillingspst,86.16234177916031,1.0077240536797785
2021-02-16,2,2,1,stillingspst,86.3616864873282,1.0100555183689515
2021-03-16,2,2,1,stillingspst,86.22014940889655,1.0084001511229135
2021-04-16,2,2,1,stillingspst,86.49431774907515,1.011606726355787
2021-05-16,2,2,1,stillingspst,86.5304468341792,1.012029279263995
2021-06-16,2,2,1,stillingspst,84.63620469739693,0.9898748980655147
2021-07-16,2,2,1,stillingspst,85.15794819889936,0.9959770241853304
2021-08-16,2,2,1,stillingspst,85.13646192429597,0.995725728372163
2021-09-16,2,2,1,stillingspst,85.32217022955929,0.9978977065510014
2021-10-16,2,2,1,stillingspst,85.7163838302354,1.0025082883839236
2021-11-16,2,2,1,stillingspst,85.45345329622911,0.9994331465285163
2021-12-16,2,2,1,stillingspst,84.89582931566527,0.9929113751082
2022-01-16,2,2,1,stillingspst,85.25614962698565,0.9971255531034731
2022-02-16,2,2,1,stillingspst,85.79798981315756,1.0034627228876378
2022-03-16,2,2,1,stillingspst,85.34457063900803,0.9981596937596549
2022-04-16,2,2,1,stillingspst,85.97898202364749,1.0055795433021393
2022-05-16,2,2,1,stillingspst,85.36589875158481,0.9984091397661051
2022-06-16,2,2,1,stillingspst,84.30691920660989,0.9860236922748881
2022-07-16,2,2,1,stillingspst,84.85337201872316,0.9924148096887916
2022-08-16,2,2,1,stillingspst,84.72319400676336,0.9908922940374838
2022-09-16,2,2,1,stillingspst,85.32451149633407,0.9979250891731111
2022-10-16,2,2,1,stillingspst,85.50192035660177,1.0
2022-11-16,2,2,1,stillingspst,85.4921332588668,0.9998855335915947
2022-12-16,2,2,1,stillingspst,84.78004188358723,0.9915571665524726
2023-01-16,2,2,1,stillingspst,84.99501431580383,0.9940714075346636
2023-02-16,2,2,1,stillingspst,85.72324521381753,1.0025885366818978
2023-03-16,2,2,1,stillingspst,85.23300235511721,0.9968548308580323
2023-04-16,2,2,1,stillingspst,85.89820200232143,1.004634768951
2023-05-16,2,2,1,stillingspst,85.26919897502543,0.9972781736292503
2023-06-16,2,2,1,stillingspst,84.00656131928041,0.9825108134286963
2023-07-16,2,2,1,stillingspst,84.71069518161568,0.990746112231326
2023-08-16,2,2,1,stillingspst,85.09149606720761,0.9951998237269712
2023-09-16,2,2,1,stillingspst,85.69877657456941,1.002302360194328
2023-10-16,2,2,1,stillingspst,85.55587159492963,1.0006309944630816
2023-11-16,2,2,1,stillingspst,85.73788922189897,1.0027598077834163
2023-12-16,2,2,1,stillingspst,85.59710533883823,1.0011132496421071
2024-01-16,2,2,1,stillingspst,85.36283736258449,0.9983733348509927
2024-02-16,2,2,1,stillingspst,85.88781250790122,1.004513257125571
2024-03-16,2,2,1,stillingspst,86.067338031605,1.0066129236939363
2024-04-16,2,2,1,stillingspst,85.53515354071273,1.000388683481872
2024-05-16,2,2,1,stillingspst,85.63004637568608,1.001498516273669
2024-06-16,2,2,1,stillingspst,84.59253981306362,0.9893642091341878
2024-07-16,2,2,1,stillingspst,84.72852665086457,0.9909546627431101
2024-08-16,2,2,1,stillingspst,85.38220968246232,0.998599906602797
2024-09-16,2,2,1,stillingspst,85.55364409370853,1.0006049424023582
2024-10-16,2,2,1,stillingspst,85.38183220530009,0.9985954917643857
2024-11-16,2,2,1,stillingspst,85.71937944184944,1.0025433239901598
2024-12-16,2,2,1,stillingspst,85.69789158935149,1.0022920097224997
2025-01-16,2,2,1,stillingspst,85.28525403053825,0.9974659478388337
2025-02-16,2,2,1,stillingspst,85.83327907189549,1.00387545348586
2025-03-16,2,2,1,stillingspst,85.5968738633207,1.0011105423869184
2025-04-16,2,2,1,stillingspst,85.81276882296385,1.0036355729212352
2025-05-16,2,2,1,stillingspst,85.27331314958862,0.9973262915492458
2025-06-16,2,2,1,stillingspst,84.62114925292511,0.9896988149505503
2025-07-16,2,2,1,stillingspst,85.12274989995021,0.9955653574203929
2025-08-16,2,2,1,stillingspst,85.59854463897786,1.0011300831837822
2025-09-16,2,2,1,stillingspst,85.59133880453615,1.001045806311267
2025-10-16,2,2,1,stillingspst,85.19387592548598,0.9963972220760536
2025-11-16,2,2,1,stillingspst,85.88289435273555,1.004455736134871
2025-12-16,2,2,1,stillingspst,85.39852917260137,0.9987907735455627
2026-01-16,2,2,1,stillingspst,85.45180419244838,0.9994138591981984
2026-02-16,2,2,1,stillingspst,86.0430259483026,1.006328578228934
2021-01-16,2,2,2,stillingspst,83.5437787168387,1.023675588755266
2021-02-16,2,2,2,stillingspst,83.7383280250219,1.0260594332575763
2021-03-16,2,2,2,stillingspst,83.33180742974518,1.0210782698950533
2021-04-16,2,2,2,stillingspst,84.11690356181106,1.030698181246514
2021-05-16,2,2,2,stillingspst,83.55012367361168,1.0237533345486687
2021-06-16,2,2,2,stillingspst,81.3572770995553,0.9968840267171966
2021-07-16,2,2,2,stillingspst,82.1430945140886,1.0065127760607355
2021-08-16,2,2,2,stillingspst,82.28114784055307,1.0082043660560496
2021-09-16,2,2,2,stillingspst,81.91856337628248,1.0037615592948932
2021-10-16,2,2,2,stillingspst,81.75874142681596,1.0018032348004904
2021-11-16,2,2,2,stillingspst,81.12222590457273,0.9940039059696427
2021-12-16,2,2,2,stillingspst,80.82583047598699,0.9903721242915569
2022-01-16,2,2,2,stillingspst,82.51786215690727,1.011104865301864
2022-02-16,2,2,2,stillingspst,82.92692605626983,1.0161171921854468
2022-03-16,2,2,2,stillingspst,81.82875969569656,1.002661180104388
2022-04-16,2,2,2,stillingspst,82.62994665834425,1.0124782550354998
2022-05-16,2,2,2,stillingspst,81.63121942971088,1.00024068690679
2022-06-16,2,2,2,stillingspst,80.5894949338046,0.9874762662276386
2022-07-16,2,2,2,stillingspst,81.51803276286523,0.9988537921600824
2022-08-16,2,2,2,stillingspst,81.83962314310088,1.0027942917027421
2022-09-16,2,2,2,stillingspst,81.76123621073877,1.0018338037960546
2022-10-16,2,2,2,stillingspst,81.61157659178276,1.0
2022-11-16,2,2,2,stillingspst,81.09474541335419,0.99366718301481
2022-12-16,2,2,2,stillingspst,80.15624993143456,0.9821676443327682
2023-01-16,2,2,2,stillingspst,81.86557741179088,1.0031123136032356
2023-02-16,2,2,2,stillingspst,81.97640014108259,1.0044702426363439
2023-03-16,2,2,2,stillingspst,81.09925987145559,0.9937224994085121
2023-04-16,2,2,2,stillingspst,82.02320767554892,1.0050437830140828
2023-05-16,2,2,2,stillingspst,81.04223833788988,0.9930238052287522
2023-06-16,2,2,2,stillingspst,79.56239354890079,0.9748910249200075
2023-07-16,2,2,2,stillingspst,80.54733122448371,0.9869596273991574
2023-08-16,2,2,2,stillingspst,81.01849590604064,0.9927328853269348
2023-09-16,2,2,2,stillingspst,80.85376325592863,0.9907143892141101
2023-10-16,2,2,2,stillingspst,80.60118456542133,0.9876195011963148
2023-11-16,2,2,2,stillingspst,80.4065012274818,0.9852340144054722
2023-12-16,2,2,2,stillingspst,79.69071601435408,0.976463381083339
2024-01-16,2,2,2,stillingspst,80.41621173168029,0.9853529988020985
2024-02-16,2,2,2,stillingspst,80.68460941444724,0.9886417195201096
2024-03-16,2,2,2,stillingspst,80.77808930724962,0.989787143940348
2024-04-16,2,2,2,stillingspst,79.92524972120691,0.9793371609641757
2024-05-16,2,2,2,stillingspst,79.86364153513632,0.9785822657808766
2024-06-16,2,2,2,stillingspst,78.52341694793219,0.9621602746470957
2024-07-16,2,2,2,stillingspst,79.1821003382928,0.9702312299927486
2024-08-16,2,2,2,stillingspst,79.98850163857617,0.9801121970559993
2024-09-16,2,2,2,stillingspst,79.6294050266643,0.9757121275204228
2024-10-16,2,2,2,stillingspst,79.26993093593603,0.9713074326751517
2024-11-16,2,2,2,stillingspst,79.25920631384,0.9711760221260127
2024-12-16,2,2,2,stillingspst,78.92756842294366,0.9671124087914098
2025-01-16,2,2,2,stillingspst,79.2081776013908,0.9705507589638459
2025-02-16,2,2,2,stillingspst,79.78990427512669,0.9776787510702312
2025-03-16,2,2,2,stillingspst,79.31225418009943,0.9718260263101589
2025-04-16,2,2,2,stillingspst,79.51703562266005,0.974335246829019
2025-05-16,2,2,2,stillingspst,78.84154188856724,0.9660583115913676
2025-06-16,2,2,2,stillingspst,77.61202946524878,0.9509928947146857
2025-07-16,2,2,2,stillingspst,78.24124851263888,0.958702818645422
2025-08-16,2,2,2,stillingspst,79.33301471321286,0.9720804085189144
2025-09-16,2,2,2,stillingspst,78.65350546859968,0.9637542705739013
2025-10-16,2,2,2,stillingspst,77.98507777678883,0.955563916708367
2025-11-16,2,2,2,stillingspst,78.01377721267724,0.9559155755916646
2025-12-16,2,2,2,stillingspst,77.23584933022227,0.9463834979754443
2026-01-16,2,2,2,stillingspst,77.94381027145724,0.9550582592139897
2026-02-16,2,2,2,stillingspst,78.3225972917126,0.9596995985444383
2021-01-16,2,2,3,stillingspst,82.43924329758936,1.0141367706138165
2021-02-16,2,2,3,stillingspst,82.27653185386481,1.0121351552243463
2021-03-16,2,2,3,stillingspst,81.87485173016876,1.0071938364158464
2021-04-16,2,2,3,stillingspst,82.2987609792197,1.0124086096193556
2021-05-16,2,2,3,stillingspst,82.20163491596315,1.0112138010768044
2021-06-16,2,2,3,stillingspst,80.6999692491802,0.9927408710869504
2021-07-16,2,2,3,stillingspst,82.03712778064695,1.0091900957602689
2021-08-16,2,2,3,stillingspst,82.24465757234205,1.0117430497217224
2021-09-16,2,2,3,stillingspst,81.80861836667242,1.0063790583238084
2021-10-16,2,2,3,stillingspst,81.67177884598196,1.0046957096653981
2021-11-16,2,2,3,stillingspst,81.26576417427627,0.9997010688667303
2021-12-16,2,2,3,stillingspst,81.20749163047442,0.9989842218043024
2022-01-16,2,2,3,stillingspst,81.84393821792337,1.0068135499379163
2022-02-16,2,2,3,stillingspst,81.90851223747711,1.007607915400726
2022-03-16,2,2,3,stillingspst,81.27017792673999,0.9997553652005005
2022-04-16,2,2,3,stillingspst,81.74634205386205,1.0056129583909008
2022-05-16,2,2,3,stillingspst,81.18161580902182,0.9986659071163546
2022-06-16,2,2,3,stillingspst,80.1309428835717,0.9857409213332972
2022-07-16,2,2,3,stillingspst,81.37792098383132,1.0010807800345525
2022-08-16,2,2,3,stillingspst,81.59243598597676,1.003719663445196
2022-09-16,2,2,3,stillingspst,81.35677463146321,1.0008206455082878
2022-10-16,2,2,3,stillingspst,81.29006430532263,1.0
2022-11-16,2,2,3,stillingspst,80.91881060383172,0.9954329756697387
2022-12-16,2,2,3,stillingspst,80.82675024134217,0.9943004834854077
2023-01-16,2,2,3,stillingspst,81.59745502522979,1.0037814057909047
2023-02-16,2,2,3,stillingspst,81.59343952244937,1.003732008575947
2023-03-16,2,2,3,stillingspst,81.02549036082003,0.9967453101831871
2023-04-16,2,2,3,stillingspst,81.75071036533794,1.005666695726616
2023-05-16,2,2,3,stillingspst,81.08087457393258,0.9974266260805952
2023-06-16,2,2,3,stillingspst,79.72369038187692,0.9807310532125739
2023-07-16,2,2,3,stillingspst,81.20986608034832,0.9990134313995239
2023-08-16,2,2,3,stillingspst,81.35789588589708,1.0008344387614172
2023-09-16,2,2,3,stillingspst,81.17384019632092,0.9985702544339838
2023-10-16,2,2,3,stillingspst,81.0708000015411,0.9973026924550339
2023-11-16,2,2,3,stillingspst,80.90248858244838,0.9952321882608123
2023-12-16,2,2,3,stillingspst,80.85414480874906,0.9946374812186607
2024-01-16,2,2,3,stillingspst,81.0638286622329,0.9972169336434523
2024-02-16,2,2,3,stillingspst,81.24697579319182,0.9994699412222265
2024-03-16,2,2,3,stillingspst,81.1574603901116,0.9983687561777171
2024-04-16,2,2,3,stillingspst,80.8773315470919,0.9949227158108706
2024-05-16,2,2,3,stillingspst,81.20900962779696,0.9990028956402195
2024-06-16,2,2,3,stillingspst,80.13778164239997,0.9858250491893483
2024-07-16,2,2,3,stillingspst,80.98226001475425,0.9962135066173367
2024-08-16,2,2,3,stillingspst,81.6070070353148,1.0038989110502083
2024-09-16,2,2,3,stillingspst,81.3423770216733,1.000643531491797
2024-10-16,2,2,3,stillingspst,81.01737057604348,0.996645423624529
2024-11-16,2,2,3,stillingspst,81.20413896591225,0.99894297857746
2024-12-16,2,2,3,stillingspst,81.21496316653263,0.999076133849422
2025-01-16,2,2,3,stillingspst,81.33321439948917,1.000530816336969
2025-02-16,2,2,3,stillingspst,81.38908917464462,1.0012181669453484
2025-03-16,2,2,3,stillingspst,81.27628108950162,0.9998304440285686
2025-04-16,2,2,3,stillingspst,81.36444624239353,1.0009150187997333
2025-05-16,2,2,3,stillingspst,80.93987324757559,0.995692080443783
2025-06-16,2,2,3,stillingspst,80.04616273506838,0.9846979876214367
2025-07-16,2,2,3,stillingspst,80.73810439507045,0.9932099954038782
2025-08-16,2,2,3,stillingspst,81.33649951332553,1.0005712285800206
2025-09-16,2,2,3,stillingspst,80.9797944228997,0.996183175827521
2025-10-16,2,2,3,stillingspst,80.62052771473532,0.9917636110106574
2025-11-16,2,2,3,stillingspst,80.92814820485921,0.995547843348923
2025-12-16,2,2,3,stillingspst,80.75196816425343,0.9933805423126726
2026-01-16,2,2,3,stillingspst,81.15371690123855,0.9983227051762198
2026-02-16,2,2,3,stillingspst,81.3324138120223,1.000520967809062
2021-01-16,2,2,4,stillingspst,94.06445471299978,0.999451873907222
2021-02-16,2,2,4,stillingspst,93.7561066758388,0.9961756201459426
2021-03-16,2,2,4,stillingspst,93.54273415629746,0.9939084984670198
2021-04-16,2,2,4,stillingspst,93.59127647265427,0.9944242693731994
2021-05-16,2,2,4,stillingspst,93.73600214874054,0.9959620059029889
2021-06-16,2,2,4,stillingspst,92.84503248541907,0.9864952918044692
2021-07-16,2,2,4,stillingspst,93.77861323734767,0.9964147564397093
2021-08-16,2,2,4,stillingspst,93.90216233128817,0.9977274879474306
2021-09-16,2,2,4,stillingspst,93.90306162048266,0.9977370430580551
2021-10-16,2,2,4,stillingspst,93.67828219878157,0.9953487209769843
2021-11-16,2,2,4,stillingspst,93.7500360905107,0.996111119076964
2021-12-16,2,2,4,stillingspst,93.26090021312339,0.9909139617581704
2022-01-16,2,2,4,stillingspst,94.18600410377293,1.0007433582064844
2022-02-16,2,2,4,stillingspst,93.91974420580574,0.9979142985496607
2022-03-16,2,2,4,stillingspst,93.74533216612208,0.9960611390280788
2022-04-16,2,2,4,stillingspst,93.87002365774167,0.9973860087181197
2022-05-16,2,2,4,stillingspst,93.6924189596947,0.9954989266229823
2022-06-16,2,2,4,stillingspst,92.8604527751119,0.9866591351763009
2022-07-16,2,2,4,stillingspst,93.84063180405312,0.9970737149474679
2022-08-16,2,2,4,stillingspst,94.03776236325935,0.9991682628551146
2022-09-16,2,2,4,stillingspst,94.06636721650362,0.9994721946034574
2022-10-16,2,2,4,stillingspst,94.11604217146295,1.0
2022-11-16,2,2,4,stillingspst,93.87815711940208,0.9974724282218808
2022-12-16,2,2,4,stillingspst,93.61475799180518,0.9946737647685554
2023-01-16,2,2,4,stillingspst,94.19366976311439,1.00082480722585
2023-02-16,2,2,4,stillingspst,94.12637288867114,1.0001097657420546
2023-03-16,2,2,4,stillingspst,93.94806710750277,0.9982152345117301
2023-04-16,2,2,4,stillingspst,93.99081352977007,0.9986694229931095
2023-05-16,2,2,4,stillingspst,93.93785571039614,0.9981067365673729
2023-06-16,2,2,4,stillingspst,93.13640937089853,0.9895912240043021
2023-07-16,2,2,4,stillingspst,93.98252990890096,0.9985814080205503
2023-08-16,2,2,4,stillingspst,94.18596633643415,1.000742956921667
2023-09-16,2,2,4,stillingspst,94.07050409190721,0.9995161496541389
2023-10-16,2,2,4,stillingspst,93.93663416943285,0.9980937574733195
2023-11-16,2,2,4,stillingspst,93.84382404108831,0.9971076330443358
2023-12-16,2,2,4,stillingspst,93.66529713150241,0.9952107522845111
2024-01-16,2,2,4,stillingspst,94.12294495848998,1.000073343362808
2024-02-16,2,2,4,stillingspst,94.04969416066331,0.9992950403643327
2024-03-16,2,2,4,stillingspst,93.95992769898491,0.9983412554451278
2024-04-16,2,2,4,stillingspst,93.79790786345366,0.9966197653378825
2024-05-16,2,2,4,stillingspst,93.88510841572064,0.9975462870047
2024-06-16,2,2,4,stillingspst,93.37197074507125,0.9920941062838562
2024-07-16,2,2,4,stillingspst,93.9466991591019,0.9982006998121262
2024-08-16,2,2,4,stillingspst,94.247283813303,1.0013944662228884
2024-09-16,2,2,4,stillingspst,94.02884806903892,0.9990735468639322
2024-10-16,2,2,4,stillingspst,94.01564712512454,0.9989332844430974
2024-11-16,2,2,4,stillingspst,94.08853902905575,0.999707774128909
2024-12-16,2,2,4,stillingspst,93.80168981479773,0.9966599492561264
2025-01-16,2,2,4,stillingspst,94.26444802749437,1.0015768391084812
2025-02-16,2,2,4,stillingspst,94.29346834316982,1.0018851852204285
2025-03-16,2,2,4,stillingspst,94.08938662829819,0.9997167800244277
2025-04-16,2,2,4,stillingspst,94.09886030504654,0.9998174395563181
2025-05-16,2,2,4,stillingspst,94.06017315464979,0.9994063815740214
2025-06-16,2,2,4,stillingspst,93.54473948324835,0.9939298054291978
2025-07-16,2,2,4,stillingspst,94.07728625629551,0.9995882113795559
2025-08-16,2,2,4,stillingspst,94.32911406590635,1.00226392748279
2025-09-16,2,2,4,stillingspst,94.17990334923618,1.0006785365841977
2025-10-16,2,2,4,stillingspst,94.16950592614268,1.000568062080026
2025-11-16,2,2,4,stillingspst,94.23153327464446,1.0012271138959616
2025-12-16,2,2,4,stillingspst,93.93773441671668,0.9981054478000527
2026-01-16,2,2,4,stillingspst,94.5356185428337,1.0044580749645884
2026-02-16,2,2,4,stillingspst,94.4064041622438,1.0030851487597816
2021-01-16,2,2,5,stillingspst,92.68718103503922,1.0027063435019217
2021-02-16,2,2,5,stillingspst,92.33413474598896,0.9988870262066132
2021-03-16,2,2,5,stillingspst,92.23974183460557,0.9978658669700413
2021-04-16,2,2,5,stillingspst,92.35106514278978,0.9990701822383385
2021-05-16,2,2,5,stillingspst,92.36978034809759,0.9992726466446623
2021-06-16,2,2,5,stillingspst,91.49191870098326,0.9897757838374331
2021-07-16,2,2,5,stillingspst,92.332404390891,0.9988683069186398
2021-08-16,2,2,5,stillingspst,92.59406807154937,1.0016990309683984
2021-09-16,2,2,5,stillingspst,92.47323562028043,1.000391844105714
2021-10-16,2,2,5,stillingspst,92.43719815431945,1.0000019844150934
2021-11-16,2,2,5,stillingspst,92.21369830682755,0.9975841234730597
2021-12-16,2,2,5,stillingspst,91.96708125380643,0.9949161765065148
2022-01-16,2,2,5,stillingspst,92.7399789943076,1.0032775211781781
2022-02-16,2,2,5,stillingspst,92.47892288029838,1.0004533698920575
2022-03-16,2,2,5,stillingspst,91.978890336656,0.9950439292567006
2022-04-16,2,2,5,stillingspst,92.02625270631468,0.9955563037616723
2022-05-16,2,2,5,stillingspst,91.86402138602057,0.9938012566002735
2022-06-16,2,2,5,stillingspst,91.18160963548918,0.9864188053972383
2022-07-16,2,2,5,stillingspst,92.01524803106915,0.9954372532354436
2022-08-16,2,2,5,stillingspst,92.3401025972438,0.9989515874786626
2022-09-16,2,2,5,stillingspst,91.96991719037241,0.9949468561706574
2022-10-16,2,2,5,stillingspst,92.43701472091225,1.0
2022-11-16,2,2,5,stillingspst,91.93577251240181,0.9945774729958146
2022-12-16,2,2,5,stillingspst,91.84967818238937,0.9936460892825653
2023-01-16,2,2,5,stillingspst,92.64684106917817,1.002269938605216
2023-02-16,2,2,5,stillingspst,92.48400252495532,1.0005083223877895
2023-03-16,2,2,5,stillingspst,92.32290364274715,0.9987655261422103
2023-04-16,2,2,5,stillingspst,92.42522651121692,0.9998724730592943
2023-05-16,2,2,5,stillingspst,92.38626397404924,0.9994509694301982
2023-06-16,2,2,5,stillingspst,91.74869585261119,0.9925536445505165
2023-07-16,2,2,5,stillingspst,92.57361124138724,1.0014777253558806
2023-08-16,2,2,5,stillingspst,92.83581661548392,1.004314309541213
2023-09-16,2,2,5,stillingspst,92.632680666572,1.002116748861379
2023-10-16,2,2,5,stillingspst,92.45729736814415,1.0002194212707232
2023-11-16,2,2,5,stillingspst,92.36945394466828,0.9992691155545433
2023-12-16,2,2,5,stillingspst,92.33995860882384,0.9989500297864287
2024-01-16,2,2,5,stillingspst,92.81817179015451,1.0041234246951078
2024-02-16,2,2,5,stillingspst,92.70216102730959,1.0028683997119323
2024-03-16,2,2,5,stillingspst,92.62019441491024,1.0019816703790259
2024-04-16,2,2,5,stillingspst,92.44075643315477,1.000040478505865
2024-05-16,2,2,5,stillingspst,93.00314046664657,1.0061244486036636
2024-06-16,2,2,5,stillingspst,92.07139898554215,0.9960447042077898
2024-07-16,2,2,5,stillingspst,92.67368653175738,1.0025603575749358
2024-08-16,2,2,5,stillingspst,93.08185223512395,1.0069759664584432
2024-09-16,2,2,5,stillingspst,92.68109135635815,1.0026404642791942
2024-10-16,2,2,5,stillingspst,92.5478473152533,1.0011990066390146
2024-11-16,2,2,5,stillingspst,92.53950243646462,1.0011087302620254
2024-12-16,2,2,5,stillingspst,92.46663488614286,1.000320436194527
2025-01-16,2,2,5,stillingspst,92.94691568030355,1.0055161989050685
2025-02-16,2,2,5,stillingspst,92.77275064786733,1.0036320507317198
2025-03-16,2,2,5,stillingspst,92.66392128721175,1.0024547154295775
2025-04-16,2,2,5,stillingspst,92.69389561426608,1.0027789830094516
2025-05-16,2,2,5,stillingspst,92.51013810561545,1.0007910617291567
2025-06-16,2,2,5,stillingspst,92.33710787903868,0.9989191900866206
2025-07-16,2,2,5,stillingspst,92.87547174617902,1.004743305769778
2025-08-16,2,2,5,stillingspst,93.13731886772558,1.0075760143155608
2025-09-16,2,2,5,stillingspst,92.66354164545876,1.0024506083978422
2025-10-16,2,2,5,stillingspst,92.63790861232708,1.0021733057046616
2025-11-16,2,2,5,stillingspst,92.75089564760349,1.003395619467363
2025-12-16,2,2,5,stillingspst,92.84450739245551,1.0044083279060187
2026-01-16,2,2,5,stillingspst,92.91231692038663,1.0051419033912923
2026-02-16,2,2,5,stillingspst,92.8464801944789,1.0044296700277797
2021-01-16,2,2,all,stillingspst,87.85238106767214,1.0084137829257684
2021-02-16,2,2,all,stillingspst,87.7843514920989,1.0076329052668944
2021-03-16,2,2,all,stillingspst,87.54595948325806,1.0048965219778712
2021-04-16,2,2,all,stillingspst,87.86734963344348,1.0085855996466246
2021-05-16,2,2,all,stillingspst,87.78342734980669,1.0076222974972069
2021-06-16,2,2,all,stillingspst,86.27347829399407,0.9902903433612763
2021-07-16,2,2,all,stillingspst,87.15247136399817,1.000379867584935
2021-08-16,2,2,all,stillingspst,87.29477477067391,1.002013297605899
2021-09-16,2,2,all,stillingspst,87.14330821850425,1.0002746883957232
2021-10-16,2,2,all,stillingspst,87.11426703683549,0.999941339116952
2021-11-16,2,2,all,stillingspst,86.81959974029212,0.9965589997927291
2021-12-16,2,2,all,stillingspst,86.49468388858809,0.9928294523499908
2022-01-16,2,2,all,stillingspst,87.4180100706039,1.003427854314347
2022-02-16,2,2,all,stillingspst,87.51561653197861,1.0045482303332627
2022-03-16,2,2,all,stillingspst,86.94664738322992,0.9980173164902358
2022-04-16,2,2,all,stillingspst,87.34927967533869,1.0026389322948288
2022-05-16,2,2,all,stillingspst,86.85050104259216,0.9969137004709693
2022-06-16,2,2,all,stillingspst,85.88815215008526,0.9858673762234822
2022-07-16,2,2,all,stillingspst,86.80975094011727,0.9964459503144919
2022-08-16,2,2,all,stillingspst,87.01702275902622,0.9988251204230274
2022-09-16,2,2,all,stillingspst,87.01455067149374,0.9987967445599027
2022-10-16,2,2,all,stillingspst,87.11937753645236,1.0
2022-11-16,2,2,all,stillingspst,86.81270410621939,0.9964798482392203
2022-12-16,2,2,all,stillingspst,86.40556452922182,0.9918064955533932
2023-01-16,2,2,all,stillingspst,87.26528068189344,1.0016747496316767
2023-02-16,2,2,all,stillingspst,87.38898509712024,1.0030946910812704
2023-03-16,2,2,all,stillingspst,86.9540877546388,0.9981027208126643
2023-04-16,2,2,all,stillingspst,87.43096176096964,1.0035765203256521
2023-05-16,2,2,all,stillingspst,86.96520771631714,0.9982303613215014
2023-06-16,2,2,all,stillingspst,85.82919912278314,0.9851906837473743
2023-07-16,2,2,all,stillingspst,86.81241951846903,0.996476581597993
2023-08-16,2,2,all,stillingspst,87.11354862394603,0.9999330928127454
2023-09-16,2,2,all,stillingspst,87.12094710119374,1.0000180162529366
2023-10-16,2,2,all,stillingspst,86.96868823166162,0.9982703124258699
2023-11-16,2,2,all,stillingspst,86.90463524516446,0.9975350800549734
2023-12-16,2,2,all,stillingspst,86.68744606067588,0.9950420734400248
2024-01-16,2,2,all,stillingspst,87.0641949377702,0.9993665863985417
2024-02-16,2,2,all,stillingspst,87.22334574880716,1.0011933993939672
2024-03-16,2,2,all,stillingspst,87.21573885805681,1.0011060836788477
2024-04-16,2,2,all,stillingspst,86.82817277502669,0.996657405394066
2024-05-16,2,2,all,stillingspst,87.01896114824655,0.998847370228698
2024-06-16,2,2,all,stillingspst,86.01959723576547,0.9873761689788622
2024-07-16,2,2,all,stillingspst,86.58960215433532,0.9939189719084555
2024-08-16,2,2,all,stillingspst,87.1605158891154,1.0004722066872647
2024-09-16,2,2,all,stillingspst,86.94822143802946,0.9980353842823168
2024-10-16,2,2,all,stillingspst,86.77281900035275,0.9960220269485442
2024-11-16,2,2,all,stillingspst,86.89954584049605,0.9974766613103458
2024-12-16,2,2,all,stillingspst,86.7639827748551,0.9959206003113537
2025-01-16,2,2,all,stillingspst,87.00287429275788,0.9986627172164341
2025-02-16,2,2,all,stillingspst,87.19867612201888,1.0009102290191794
2025-03-16,2,2,all,stillingspst,86.98187342655271,0.9984216587194724
2025-04-16,2,2,all,stillingspst,87.07124099040404,0.9994474645318926
2025-05-16,2,2,all,stillingspst,86.69661876658516,0.995147362368489
2025-06-16,2,2,all,stillingspst,85.963173480306,0.9867285087561308
2025-07-16,2,2,all,stillingspst,86.54486558303513,0.9934054630592736
2025-08-16,2,2,all,stillingspst,87.08819087308217,0.9996420238039793
2025-09-16,2,2,all,stillingspst,86.77201818123332,0.9960128347442141
2025-10-16,2,2,all,stillingspst,86.4850917053207,0.9927193484495884
2025-11-16,2,2,all,stillingspst,86.72911830453998,0.9955204083988193
2025-12-16,2,2,all,stillingspst,86.41121838811557,0.9918713933873037
2026-01-16,2,2,all,stillingspst,86.824736905681,0.9966179667589098
2026-02-16,2,2,all,stillingspst,87.02767908656061,0.9989474391061463
2021-01-16,2,2,1,timelonn,23422.03675133925,0.792172948053811
2021-02-16,2,2,1,timelonn,26802.54805639787,0.9065075652729734
2021-03-16,2,2,1,timelonn,28640.689337230928,0.9686766162754944
2021-04-16,2,2,1,timelonn,27055.373825058705,0.9150585609284888
2021-05-16,2,2,1,timelonn,26650.350716992507,0.9013599935087117
2021-06-16,2,2,1,timelonn,26767.0015612906,0.9053053226106013
2021-07-16,2,2,1,timelonn,25694.712642874885,0.8690386954728807
2021-08-16,2,2,1,timelonn,23261.009169162622,0.7867267225250452
2021-09-16,2,2,1,timelonn,28048.905801960136,0.9486614949296377
2021-10-16,2,2,1,timelonn,28619.40572522748,0.9679567684738278
2021-11-16,2,2,1,timelonn,28689.98159363271,0.9703437638632374
2021-12-16,2,2,1,timelonn,30369.604796987172,1.0271514650357159
2022-01-16,2,2,1,timelonn,24813.177117669722,0.8392236711336327
2022-02-16,2,2,1,timelonn,28023.00298893171,0.9477854179267082
2022-03-16,2,2,1,timelonn,28252.080971063264,0.955533223225024
2022-04-16,2,2,1,timelonn,28438.429382035676,0.9618358420643834
2022-05-16,2,2,1,timelonn,26409.89031629744,0.8932272155384986
2022-06-16,2,2,1,timelonn,28356.988141507278,0.959081361389305
2022-07-16,2,2,1,timelonn,26097.231344249154,0.8826525596171342
2022-08-16,2,2,1,timelonn,23827.019380610975,0.8058701464122084
2022-09-16,2,2,1,timelonn,29294.621791242604,0.9907937193021076
2022-10-16,2,2,1,timelonn,29566.822256278596,1.0
2022-11-16,2,2,1,timelonn,30145.59579770153,1.0195751013215508
2022-12-16,2,2,1,timelonn,30873.780948663527,1.0442035563056626
2023-01-16,2,2,1,timelonn,25798.783926546843,0.8725585625309599
2023-02-16,2,2,1,timelonn,29420.100444458516,0.9950376198514562
2023-03-16,2,2,1,timelonn,29398.52020782376,0.9943077397024263
2023-04-16,2,2,1,timelonn,29086.89977243978,0.9837682088498062
2023-05-16,2,2,1,timelonn,26831.857415231087,0.9074988574239922
2023-06-16,2,2,1,timelonn,29680.528798682262,1.0038457478256568
2023-07-16,2,2,1,timelonn,27563.679396925585,0.9322503161824353
2023-08-16,2,2,1,timelonn,25429.447515593347,0.8600669796428101
2023-09-16,2,2,1,timelonn,30569.849099828712,1.0339240664707254
2023-10-16,2,2,1,timelonn,30815.48912290976,1.0422320280417015
2023-11-16,2,2,1,timelonn,32017.1014256477,1.0828725910458226
2023-12-16,2,2,1,timelonn,32005.744209881505,1.0824884707752114
2024-01-16,2,2,1,timelonn,27169.49527933758,0.9189183417764168
2024-02-16,2,2,1,timelonn,31529.122021481282,1.0663683012057876
2024-03-16,2,2,1,timelonn,30011.017603540247,1.0150234388873942
2024-04-16,2,2,1,timelonn,29266.04800890712,0.989827305593938
2024-05-16,2,2,1,timelonn,30349.934115523112,1.0264861692763827
2024-06-16,2,2,1,timelonn,30661.628380905622,1.0370281971845838
2024-07-16,2,2,1,timelonn,28460.972411293176,0.9625982854903999
2024-08-16,2,2,1,timelonn,27205.203706073316,0.9201260612406941
2024-09-16,2,2,1,timelonn,31606.544300783087,1.0689868538060883
2024-10-16,2,2,1,timelonn,32539.0188934896,1.1005247236733346
2024-11-16,2,2,1,timelonn,33670.27256858002,1.1387856387383681
2024-12-16,2,2,1,timelonn,32984.69576302944,1.1155982701531293
2025-01-16,2,2,1,timelonn,28379.316670613396,0.9598365500569467
2025-02-16,2,2,1,timelonn,32447.120793479688,1.0974165743019426
2025-03-16,2,2,1,timelonn,30896.833091536806,1.0449832188163468
2025-04-16,2,2,1,timelonn,32054.17341096991,1.0841264283706755
2025-05-16,2,2,1,timelonn,30648.899573312763,1.0365976873556098
2025-06-16,2,2,1,timelonn,31940.71292785603,1.0802890026868996
2025-07-16,2,2,1,timelonn,29885.34357569968,1.0107729304373738
2025-08-16,2,2,1,timelonn,28064.374934212778,0.9491846871793342
2025-09-16,2,2,1,timelonn,32821.16571718447,1.110067407065188
2025-10-16,2,2,1,timelonn,34000.522421548616,1.1499552480425423
2025-11-16,2,2,1,timelonn,34787.14093614955,1.1765600183415859
2025-12-16,2,2,1,timelonn,34052.42453083065,1.1517106652744706
2026-01-16,2,2,1,timelonn,29107.44601848395,0.9844631176860038
2026-02-16,2,2,1,timelonn,33314.12154345268,1.1267400079282561
2021-01-16,2,2,2,timelonn,17610.678421151242,0.7682709955565055
2021-02-16,2,2,2,timelonn,19912.35882433721,0.8686824761661767
2021-03-16,2,2,2,timelonn,21413.717567946966,0.9341796903595369
2021-04-16,2,2,2,timelonn,20725.101598873607,0.9041386173546099
2021-05-16,2,2,2,timelonn,20039.826813660773,0.874243304472574
2021-06-16,2,2,2,timelonn,20367.151619751945,0.888522944849402
2021-07-16,2,2,2,timelonn,20180.075767506092,0.8803617060934389
2021-08-16,2,2,2,timelonn,18238.228316486693,0.7956480432386486
2021-09-16,2,2,2,timelonn,20847.105389606262,0.9094610683997252
2021-10-16,2,2,2,timelonn,21377.972629354375,0.9326203069614701
2021-11-16,2,2,2,timelonn,21511.58455557618,0.9384491663115655
2021-12-16,2,2,2,timelonn,23391.10322553476,1.020443717867389
2022-01-16,2,2,2,timelonn,19333.23806908797,0.8434181638811713
2022-02-16,2,2,2,timelonn,21767.998877357724,0.9496353160758727
2022-03-16,2,2,2,timelonn,21907.354505811756,0.9557147461153307
2022-04-16,2,2,2,timelonn,22601.73825000147,0.9860074399962295
2022-05-16,2,2,2,timelonn,20687.617773385606,0.9025033745072732
2022-06-16,2,2,2,timelonn,22427.49569592144,0.9784060576252589
2022-07-16,2,2,2,timelonn,20987.845484940153,0.9156008962116408
2022-08-16,2,2,2,timelonn,19310.395379456368,0.8424216448666976
2022-09-16,2,2,2,timelonn,22535.5606189532,0.9831204214911412
2022-10-16,2,2,2,timelonn,22922.482461276253,1.0
2022-11-16,2,2,2,timelonn,23074.173592651026,1.0066175699613265
2022-12-16,2,2,2,timelonn,23798.26920042626,1.038206452579013
2023-01-16,2,2,2,timelonn,20318.86739333422,0.8864165313534252
2023-02-16,2,2,2,timelonn,22714.60079905967,0.9909311017003606
2023-03-16,2,2,2,timelonn,22371.81148892009,0.9759768178125371
2023-04-16,2,2,2,timelonn,22630.7197506107,0.9872717664346156
2023-05-16,2,2,2,timelonn,21068.255356507194,0.9191088003709253
2023-06-16,2,2,2,timelonn,22967.356313601274,1.0019576349289754
2023-07-16,2,2,2,timelonn,21868.073196396104,0.9540010875060587
2023-08-16,2,2,2,timelonn,19724.66584009923,0.8604943148466051
2023-09-16,2,2,2,timelonn,23023.22341216858,1.0043948534397402
2023-10-16,2,2,2,timelonn,23393.687433460484,1.0205564546937818
2023-11-16,2,2,2,timelonn,24311.312041762212,1.0605880965481012
2023-12-16,2,2,2,timelonn,24761.787733245823,1.0802402303099925
2024-01-16,2,2,2,timelonn,20945.984994515347,0.9137747200766814
2024-02-16,2,2,2,timelonn,24076.178438831543,1.0503303243662316
2024-03-16,2,2,2,timelonn,23417.695216131633,1.0216038012327835
2024-04-16,2,2,2,timelonn,22612.275519750467,0.98646713147017
2024-05-16,2,2,2,timelonn,23413.649892915317,1.021427322824603
2024-06-16,2,2,2,timelonn,23578.350948131865,1.0286124545176811
2024-07-16,2,2,2,timelonn,22157.00391079498,0.9666057744062223
2024-08-16,2,2,2,timelonn,20686.87382096403,0.9024709193653473
2024-09-16,2,2,2,timelonn,23714.436864933876,1.034549242430243
2024-10-16,2,2,2,timelonn,24486.922473323073,1.068249152974146
2024-11-16,2,2,2,timelonn,24944.362561155358,1.088205110563166
2024-12-16,2,2,2,timelonn,24764.339709982763,1.0803515610413499
2025-01-16,2,2,2,timelonn,21295.30088729849,0.9290137280407296
2025-02-16,2,2,2,timelonn,24474.05056609748,1.0676876122576315
2025-03-16,2,2,2,timelonn,23523.697007282757,1.0262281603671048
2025-04-16,2,2,2,timelonn,24272.634638792922,1.0589007835341364
2025-05-16,2,2,2,timelonn,23017.959943102822,1.004165233062687
2025-06-16,2,2,2,timelonn,23678.77363755785,1.0329934237078915
2025-07-16,2,2,2,timelonn,22968.44004476186,1.0020049130177433
2025-08-16,2,2,2,timelonn,21555.96299406565,0.9403851886671039
2025-09-16,2,2,2,timelonn,24212.344884700084,1.0562706253828678
2025-10-16,2,2,2,timelonn,25275.989328493404,1.1026724252572997
2025-11-16,2,2,2,timelonn,25807.557460352607,1.1258622404423348
2025-12-16,2,2,2,timelonn,25303.108555319614,1.103855509457365
2026-01-16,2,2,2,timelonn,22217.91996303488,0.9692632549972886
2026-02-16,2,2,2,timelonn,24793.42780422915,1.0816205376583252
2021-01-16,2,2,3,timelonn,17994.712416435053,0.8408450373416001
2021-02-16,2,2,3,timelonn,19346.635067816886,0.904016786129643
2021-03-16,2,2,3,timelonn,19529.553805196814,0.9125640920828201
2021-04-16,2,2,3,timelonn,19787.93159637409,0.9246373988655542
2021-05-16,2,2,3,timelonn,19394.05367828541,0.9062325316424014
2021-06-16,2,2,3,timelonn,19535.129032872745,0.9128246076395496
2021-07-16,2,2,3,timelonn,19414.39028558997,0.9071828071973909
2021-08-16,2,2,3,timelonn,18779.271530458594,0.8775053974663499
2021-09-16,2,2,3,timelonn,19984.073222935152,0.9338025752514435
2021-10-16,2,2,3,timelonn,20122.128813513995,0.9402535457103802
2021-11-16,2,2,3,timelonn,20348.109249097168,0.950813010257469
2021-12-16,2,2,3,timelonn,22357.618742382925,1.0447120426964052
2022-01-16,2,2,3,timelonn,20298.394465759582,0.9484899706953728
2022-02-16,2,2,3,timelonn,20925.981173578777,0.9778154278940862
2022-03-16,2,2,3,timelonn,20356.33771621253,0.951197504634415
2022-04-16,2,2,3,timelonn,21264.958929280598,0.9936549565875676
2022-05-16,2,2,3,timelonn,19705.6028395212,0.9207903950886542
2022-06-16,2,2,3,timelonn,20412.472322316167,0.9538205254348063
2022-07-16,2,2,3,timelonn,20119.215975002546,0.9401174365161764
2022-08-16,2,2,3,timelonn,19546.252740306874,0.9133443888939744
2022-09-16,2,2,3,timelonn,21446.723451607682,1.0021483291420468
2022-10-16,2,2,3,timelonn,21400.74760187299,1.0
2022-11-16,2,2,3,timelonn,21397.084205178508,0.9998288192187191
2022-12-16,2,2,3,timelonn,22341.320536490897,1.0439504708954928
2023-01-16,2,2,3,timelonn,20439.75276364416,0.9550952678800471
2023-02-16,2,2,3,timelonn,21391.662894882873,0.9995754958116827
2023-03-16,2,2,3,timelonn,21062.93564309134,0.9842149458950638
2023-04-16,2,2,3,timelonn,21515.41034683664,1.0053578850186344
2023-05-16,2,2,3,timelonn,20178.26874264086,0.9428768152414853
2023-06-16,2,2,3,timelonn,21438.058455383947,1.0017434369212266
2023-07-16,2,2,3,timelonn,21153.204937325976,0.9884329898584782
2023-08-16,2,2,3,timelonn,20922.378846573534,0.9776471007369112
2023-09-16,2,2,3,timelonn,22532.541871032874,1.052885735125479
2023-10-16,2,2,3,timelonn,22339.62363999495,1.0438711794367308
2023-11-16,2,2,3,timelonn,22935.774176262337,1.0717277079729215
2023-12-16,2,2,3,timelonn,23341.25922600256,1.090674945578057
2024-01-16,2,2,3,timelonn,20946.76913392534,0.9787867939759302
2024-02-16,2,2,3,timelonn,22646.709464503172,1.0582204830321504
2024-03-16,2,2,3,timelonn,21870.928736160466,1.021970313515885
2024-04-16,2,2,3,timelonn,21536.301802417554,1.0063340871574364
2024-05-16,2,2,3,timelonn,22426.13725797301,1.0479137306404323
2024-06-16,2,2,3,timelonn,22208.702816488323,1.037753597661449
2024-07-16,2,2,3,timelonn,21609.32883917294,1.0097464463008616
2024-08-16,2,2,3,timelonn,22155.64058308293,1.0352741406633792
2024-09-16,2,2,3,timelonn,23185.193855491485,1.0833824260168519
2024-10-16,2,2,3,timelonn,23344.888558559327,1.0908445346328082
2024-11-16,2,2,3,timelonn,24296.628529131925,1.1353168114092187
2024-12-16,2,2,3,timelonn,23934.016858568535,1.1183729327509022
2025-01-16,2,2,3,timelonn,21961.934270453825,1.02622276001852
2025-02-16,2,2,3,timelonn,23880.509027324428,1.1158726541513162
2025-03-16,2,2,3,timelonn,22609.318055628686,1.056473281973099
2025-04-16,2,2,3,timelonn,23557.981297763,1.1008017914150443
2025-05-16,2,2,3,timelonn,22560.462968198342,1.0541904137135776
2025-06-16,2,2,3,timelonn,22860.116601499703,1.06819243078681
2025-07-16,2,2,3,timelonn,22674.554985226183,1.05952163013416
2025-08-16,2,2,3,timelonn,22643.754318876618,1.0580823969390134
2025-09-16,2,2,3,timelonn,24123.33962428799,1.127219481910843
2025-10-16,2,2,3,timelonn,24609.020721417903,1.149914067453612
2025-11-16,2,2,3,timelonn,24997.88335136737,1.1680845836048999
2025-12-16,2,2,3,timelonn,24632.448528205336,1.1510087865364809
2026-01-16,2,2,3,timelonn,22844.006641670945,1.0674396552236167
2026-02-16,2,2,3,timelonn,24281.974842014377,1.134632083595492
2021-01-16,2,2,4,timelonn,19721.33251742367,0.7540771732265993
2021-02-16,2,2,4,timelonn,22639.201920231226,0.8656466480158691
2021-03-16,2,2,4,timelonn,23400.507351417175,0.8947563974206599
2021-04-16,2,2,4,timelonn,22209.85335684632,0.849229808498552
2021-05-16,2,2,4,timelonn,21838.217194414272,0.8350196963477656
2021-06-16,2,2,4,timelonn,22250.394686733696,0.850779972079705
2021-07-16,2,2,4,timelonn,22053.227863378284,0.8432409784199937
2021-08-16,2,2,4,timelonn,20000.728055883625,0.7647603153351696
2021-09-16,2,2,4,timelonn,22795.026073717447,0.8716048375589693
2021-10-16,2,2,4,timelonn,22822.888449907146,0.8726702007568132
2021-11-16,2,2,4,timelonn,23526.56022263509,0.8995762336422298
2021-12-16,2,2,4,timelonn,26882.70135055877,1.0279037395274577
2022-01-16,2,2,4,timelonn,22684.488167881,0.867378241232687
2022-02-16,2,2,4,timelonn,25049.469092389285,0.9578071272479922
2022-03-16,2,2,4,timelonn,24787.358058522506,0.9477848862399296
2022-04-16,2,2,4,timelonn,25317.18713135694,0.9680437612010041
2022-05-16,2,2,4,timelonn,23666.998719904757,0.9049461276359414
2022-06-16,2,2,4,timelonn,24671.803805379262,0.9433664817285923
2022-07-16,2,2,4,timelonn,23761.22794072983,0.9085491349080078
2022-08-16,2,2,4,timelonn,22482.759855786535,0.859664831643879
2022-09-16,2,2,4,timelonn,26065.711886339846,0.9966648206973114
2022-10-16,2,2,4,timelonn,26152.936619256918,1.0
2022-11-16,2,2,4,timelonn,26135.036118074935,0.9993155452696352
2022-12-16,2,2,4,timelonn,27140.77301492914,1.0377715286835076
2023-01-16,2,2,4,timelonn,23764.5063716066,0.9086744910362505
2023-02-16,2,2,4,timelonn,26330.41181988574,1.0067860524885814
2023-03-16,2,2,4,timelonn,25957.021609371426,0.9925088714610644
2023-04-16,2,2,4,timelonn,25829.260646353912,0.9876237235758574
2023-05-16,2,2,4,timelonn,24542.804205217173,0.9384339725408055
2023-06-16,2,2,4,timelonn,25564.008423707306,0.9774813741139887
2023-07-16,2,2,4,timelonn,25782.53323325615,0.9858370250579037
2023-08-16,2,2,4,timelonn,24015.50603142083,0.9182718706142448
2023-09-16,2,2,4,timelonn,27680.37861995798,1.058404225228626
2023-10-16,2,2,4,timelonn,26611.29459577995,1.0175260615354964
2023-11-16,2,2,4,timelonn,28008.979256040646,1.0709688041463417
2023-12-16,2,2,4,timelonn,28120.52276038098,1.075233851164358
2024-01-16,2,2,4,timelonn,25473.64475658202,0.9740261725647007
2024-02-16,2,2,4,timelonn,28314.66122155542,1.0826570504784836
2024-03-16,2,2,4,timelonn,27259.681759783292,1.0423181976325924
2024-04-16,2,2,4,timelonn,26858.40571765398,1.0269747565509568
2024-05-16,2,2,4,timelonn,27768.596074744128,1.061777362864007
2024-06-16,2,2,4,timelonn,26755.418893942686,1.0230368881115304
2024-07-16,2,2,4,timelonn,26084.73325208564,0.9973921335043859
2024-08-16,2,2,4,timelonn,25145.014206828244,0.9614604498491951
2024-09-16,2,2,4,timelonn,28320.98739700025,1.0828989420693567
2024-10-16,2,2,4,timelonn,27755.54836743096,1.06127846258741
2024-11-16,2,2,4,timelonn,29707.17194728748,1.1359019593009494
2024-12-16,2,2,4,timelonn,29422.619355848095,1.1250216288974466
2025-01-16,2,2,4,timelonn,26101.157015399825,0.9980201227643795
2025-02-16,2,2,4,timelonn,29274.622357539312,1.1193627233426566
2025-03-16,2,2,4,timelonn,27445.418136243592,1.0494201295939742
2025-04-16,2,2,4,timelonn,28870.659486531476,1.1039165469958523
2025-05-16,2,2,4,timelonn,27280.27142318662,1.0431054768472778
2025-06-16,2,2,4,timelonn,27077.650405198186,1.0353579331989962
2025-07-16,2,2,4,timelonn,26911.005020519995,1.0289859763092493
2025-08-16,2,2,4,timelonn,25631.543101994284,0.9800636722042633
2025-09-16,2,2,4,timelonn,28742.931147245075,1.0990326465319804
2025-10-16,2,2,4,timelonn,29027.84081032868,1.1099266301496296
2025-11-16,2,2,4,timelonn,29686.11477947714,1.1350968042961063
2025-12-16,2,2,4,timelonn,29535.319959013916,1.1293309194680066
2026-01-16,2,2,4,timelonn,26753.520232149334,1.0229642896947257
2026-02-16,2,2,4,timelonn,28554.86542425726,1.0918416482236168
2021-01-16,2,2,5,timelonn,17698.857630868428,0.8304701989655393
2021-02-16,2,2,5,timelonn,19582.79448957647,0.9188687527321427
2021-03-16,2,2,5,timelonn,20625.97352759298,0.967817058963348
2021-04-16,2,2,5,timelonn,20247.417850098194,0.9500543753277486
2021-05-16,2,2,5,timelonn,19790.646650334318,0.9286216435062303
2021-06-16,2,2,5,timelonn,19310.279949766576,0.9060817577284533
2021-07-16,2,2,5,timelonn,19234.785197111436,0.9025393741709393
2021-08-16,2,2,5,timelonn,17242.575986005104,0.8090604381608034
2021-09-16,2,2,5,timelonn,19752.83386321407,0.9268473825059935
2021-10-16,2,2,5,timelonn,19929.58897811414,0.9351411299613787
2021-11-16,2,2,5,timelonn,19926.82747013589,0.9350115537973135
2021-12-16,2,2,5,timelonn,23173.28525033739,1.0873426530630053
2022-01-16,2,2,5,timelonn,19993.75474087997,0.938151931838104
2022-02-16,2,2,5,timelonn,22210.74192849866,1.0421779559581368
2022-03-16,2,2,5,timelonn,21003.571372697374,0.9855347989493392
2022-04-16,2,2,5,timelonn,21512.67647777531,1.0094231552899795
2022-05-16,2,2,5,timelonn,20430.333032551596,0.9586371670047072
2022-06-16,2,2,5,timelonn,20782.940975725043,0.9751823245980064
2022-07-16,2,2,5,timelonn,20762.88012154836,0.9742410242097558
2022-08-16,2,2,5,timelonn,19200.004158753745,0.9009073696400501
2022-09-16,2,2,5,timelonn,21399.715299070474,1.0041227627725116
2022-10-16,2,2,5,timelonn,21311.85159071897,1.0
2022-11-16,2,2,5,timelonn,21418.188295439333,1.0049895573018477
2022-12-16,2,2,5,timelonn,22414.520317692317,1.0517396962098566
2023-01-16,2,2,5,timelonn,19795.3897636652,0.9288442010494213
2023-02-16,2,2,5,timelonn,22185.724974093377,1.0410041042025164
2023-03-16,2,2,5,timelonn,21942.051562496334,1.0295703997888108
2023-04-16,2,2,5,timelonn,22021.95507620602,1.0333196523288617
2023-05-16,2,2,5,timelonn,20452.523732003952,0.9596784045226159
2023-06-16,2,2,5,timelonn,21583.01746509447,1.0127237125888016
2023-07-16,2,2,5,timelonn,21699.775979213267,1.0182022846228544
2023-08-16,2,2,5,timelonn,20084.03441467258,0.9423880571418258
2023-09-16,2,2,5,timelonn,22463.80134239529,1.0540520727057794
2023-10-16,2,2,5,timelonn,22106.770771564683,1.0372993954777674
2023-11-16,2,2,5,timelonn,23030.848551489442,1.0806592028596462
2023-12-16,2,2,5,timelonn,23023.39718618327,1.0803095680438042
2024-01-16,2,2,5,timelonn,20310.73253271977,0.9530252426103054
2024-02-16,2,2,5,timelonn,23026.224663320547,1.0804422396291538
2024-03-16,2,2,5,timelonn,22774.005352997225,1.068607542430288
2024-04-16,2,2,5,timelonn,21337.651464961054,1.001210588114893
2024-05-16,2,2,5,timelonn,22512.100029249625,1.0563183557008884
2024-06-16,2,2,5,timelonn,21682.86244309871,1.0174086634753647
2024-07-16,2,2,5,timelonn,21462.410299327126,1.0070645531650437
2024-08-16,2,2,5,timelonn,21732.921734758012,1.0197575580069456
2024-09-16,2,2,5,timelonn,23173.11823030254,1.0873348161073968
2024-10-16,2,2,5,timelonn,23046.56852502534,1.0813968193670145
2024-11-16,2,2,5,timelonn,24086.41846590774,1.1301889168746397
2024-12-16,2,2,5,timelonn,23809.959427687776,1.1172168371356668
2025-01-16,2,2,5,timelonn,21235.413315341782,0.9964133442346945
2025-02-16,2,2,5,timelonn,23921.8809237881,1.122468445407426
2025-03-16,2,2,5,timelonn,22919.182316786977,1.0754195720266737
2025-04-16,2,2,5,timelonn,23380.3993150197,1.0970609107094924
2025-05-16,2,2,5,timelonn,22250.592252549683,1.0440478227729177
2025-06-16,2,2,5,timelonn,22065.14339213399,1.0353461452285577
2025-07-16,2,2,5,timelonn,22922.110206716858,1.0755569552060478
2025-08-16,2,2,5,timelonn,22633.858916417863,1.0620315564826197
2025-09-16,2,2,5,timelonn,23989.931110120328,1.1256615131726813
2025-10-16,2,2,5,timelonn,24701.117831452844,1.159031993363254
2025-11-16,2,2,5,timelonn,25200.916721054822,1.1824836811471364
2025-12-16,2,2,5,timelonn,24624.86027427047,1.1554538173020252
2026-01-16,2,2,5,timelonn,22494.08788873066,1.055473185564343
2026-02-16,2,2,5,timelonn,24554.63563099394,1.1521587191273028
2021-01-16,2,2,all,timelonn,19388.966107478125,0.7959385126409434
2021-02-16,2,2,all,timelonn,21765.441910660535,0.8934954739367112
2021-03-16,2,2,all,timelonn,22820.937208512285,0.9368247238211397
2021-04-16,2,2,all,timelonn,22088.371531932436,0.9067520922121811
2021-05-16,2,2,all,timelonn,21635.751315504844,0.8881715315026727
2021-06-16,2,2,all,timelonn,21731.415730772882,0.8920986616022885
2021-07-16,2,2,all,timelonn,21403.082070708286,0.8786202015547989
2021-08-16,2,2,all,timelonn,19592.792973438867,0.8043058310234582
2021-09-16,2,2,all,timelonn,22413.968250761216,0.9201181977935096
2021-10-16,2,2,all,timelonn,22693.05551821205,0.9315750389329743
2021-11-16,2,2,all,timelonn,22918.7642798902,0.9408406333470491
2021-12-16,2,2,all,timelonn,25330.499566678413,1.0398450354595228
2022-01-16,2,2,all,timelonn,21515.390278491315,0.8832305777535442
2022-02-16,2,2,all,timelonn,23683.831849767303,0.9722475036392684
2022-03-16,2,2,all,timelonn,23337.490863890536,0.9580298229420481
2022-04-16,2,2,all,timelonn,23893.931040646272,0.9808723079000162
2022-05-16,2,2,all,timelonn,22254.414765869064,0.9135683506924432
2022-06-16,2,2,all,timelonn,23401.656979900687,0.9606639130041977
2022-07-16,2,2,all,timelonn,22420.39032070522,0.9203818308707439
2022-08-16,2,2,all,timelonn,20942.186318423366,0.8596999209414505
2022-09-16,2,2,all,timelonn,24238.8510564976,0.9950316562053861
2022-10-16,2,2,all,timelonn,24359.879311713492,1.0
2022-11-16,2,2,all,timelonn,24521.456639587035,1.0066329280948387
2022-12-16,2,2,all,timelonn,25397.757966413206,1.0426060671901871
2023-01-16,2,2,all,timelonn,22089.01880131482,0.9067786633365329
2023-02-16,2,2,all,timelonn,24486.65014757019,1.0052040830840956
2023-03-16,2,2,all,timelonn,24224.597346506675,0.9944465256385008
2023-04-16,2,2,all,timelonn,24287.497740437124,0.9970286564087547
2023-05-16,2,2,all,timelonn,22679.576208898106,0.9310216983707547
2023-06-16,2,2,all,timelonn,24315.529278339847,0.9981793820566132
2023-07-16,2,2,all,timelonn,23684.42680771108,0.9722719273211826
2023-08-16,2,2,all,timelonn,22126.33297484528,0.9083104514481644
2023-09-16,2,2,all,timelonn,25346.622201208636,1.0405068874467152
2023-10-16,2,2,all,timelonn,25133.625566479666,1.0317631399098977
2023-11-16,2,2,all,timelonn,26129.995441576037,1.0726652257678215
2023-12-16,2,2,all,timelonn,26296.60127976222,1.0795045797750507
2024-01-16,2,2,all,timelonn,23021.402383014236,0.9450540410495528
2024-02-16,2,2,all,timelonn,25967.93617942594,1.066012513737669
2024-03-16,2,2,all,timelonn,25111.83283213689,1.0308685240514233
2024-04-16,2,2,all,timelonn,24362.393303982462,1.0001032021643785
2024-05-16,2,2,all,timelonn,25354.128876392766,1.0408150447691744
2024-06-16,2,2,all,timelonn,25023.938286090302,1.0272603556807236
2024-07-16,2,2,all,timelonn,24023.482680515644,0.9861905460657971
2024-08-16,2,2,all,timelonn,23487.003523649375,0.9641674830611991
2024-09-16,2,2,all,timelonn,26082.332305993034,1.0707086013127864
2024-10-16,2,2,all,timelonn,26291.115728927984,1.0792793918435324
2024-11-16,2,2,all,timelonn,27412.459793375572,1.125311806458509
2024-12-16,2,2,all,timelonn,27030.837266797902,1.1096457794764227
2025-01-16,2,2,all,timelonn,23852.022940561368,0.9791519340201361
2025-02-16,2,2,all,timelonn,26841.85617125921,1.101887896396607
2025-03-16,2,2,all,timelonn,25521.557041394444,1.0476881562020859
2025-04-16,2,2,all,timelonn,26469.654913752795,1.0866086229345484
2025-05-16,2,2,all,timelonn,25192.96823661478,1.0341992221817247
2025-06-16,2,2,all,timelonn,25559.977355323143,1.0492653526010116
2025-07-16,2,2,all,timelonn,25134.781606527467,1.0318105966330204
2025-08-16,2,2,all,timelonn,24193.531294265627,0.9931712298193581
2025-09-16,2,2,all,timelonn,26844.567164283988,1.1019991856599933
2025-10-16,2,2,all,timelonn,27575.27546124172,1.1319955697802697
2025-11-16,2,2,all,timelonn,28152.676938129433,1.1556985393023753
2025-12-16,2,2,all,timelonn,27672.242466163352,1.1359761726264836
2026-01-16,2,2,all,timelonn,24729.73690271098,1.0151830633585956
2026-02-16,2,2,all,timelonn,27124.476279560626,1.1134897645620836
2021-01-16,2,3,1,kontantlonn,36170.518433776124,0.8931558983938324
2021-02-16,2,3,1,kontantlonn,38268.10466318059,0.9449514378084077
2021-03-16,2,3,1,kontantlonn,40267.66864114139,0.9943265211211154
2021-04-16,2,3,1,kontantlonn,39406.78367755153,0.9730687532935236
2021-05-16,2,3,1,kontantlonn,42363.914817253964,1.0460889707002767
2021-06-16,2,3,1,kontantlonn,55128.88944351003,1.3612935315959764
2021-07-16,2,3,1,kontantlonn,41542.41270858093,1.025803680754885
2021-08-16,2,3,1,kontantlonn,34773.1327274391,0.8586503579705942
2021-09-16,2,3,1,kontantlonn,38575.91589263864,0.9525521974072967
2021-10-16,2,3,1,kontantlonn,39407.663775690125,0.9730904854908403
2021-11-16,2,3,1,kontantlonn,39644.723116064524,0.9789441739999614
2021-12-16,2,3,1,kontantlonn,42048.73264868367,1.0383062010548119
2022-01-16,2,3,1,kontantlonn,36988.76158789602,0.9133607152189105
2022-02-16,2,3,1,kontantlonn,39184.94766286203,0.9675909732235789
2022-03-16,2,3,1,kontantlonn,39769.53975160826,0.9820262618184611
2022-04-16,2,3,1,kontantlonn,40119.689923176695,0.9906724937388729
2022-05-16,2,3,1,kontantlonn,41855.847506372855,1.0335433027047964
2022-06-16,2,3,1,kontantlonn,55584.91123516551,1.3725540434893553
2022-07-16,2,3,1,kontantlonn,41906.018601614705,1.0347821737960743
2022-08-16,2,3,1,kontantlonn,35411.68437497802,0.8744180659030276
2022-09-16,2,3,1,kontantlonn,40012.81043670525,0.9880333265968799
2022-10-16,2,3,1,kontantlonn,40497.42995463814,1.0
2022-11-16,2,3,1,kontantlonn,41111.655448574194,1.0151670240463175
2022-12-16,2,3,1,kontantlonn,43190.58728753335,1.0665019319969653
2023-01-16,2,3,1,kontantlonn,38941.22963256418,0.9615728621836723
2023-02-16,2,3,1,kontantlonn,41015.53322085707,1.012793485087801
2023-03-16,2,3,1,kontantlonn,41222.17833705458,1.0178961574408116
2023-04-16,2,3,1,kontantlonn,41273.70181825894,1.019168422897214
2023-05-16,2,3,1,kontantlonn,43598.59455836803,1.0765768249294723
2023-06-16,2,3,1,kontantlonn,60094.933355897185,1.4839196814022655
2023-07-16,2,3,1,kontantlonn,43669.53713675554,1.0783286046959162
2023-08-16,2,3,1,kontantlonn,37505.46503078651,0.9261196345742686
2023-09-16,2,3,1,kontantlonn,42079.4284643739,1.0390641705290382
2023-10-16,2,3,1,kontantlonn,42309.876106587384,1.044754596871441
2023-11-16,2,3,1,kontantlonn,43642.6163044328,1.0776638506028071
2023-12-16,2,3,1,kontantlonn,45097.91246426948,1.1135993695102238
2024-01-16,2,3,1,kontantlonn,41566.17218085532,1.0263903716214657
2024-02-16,2,3,1,kontantlonn,44009.895243083054,1.0867330418838748
2024-03-16,2,3,1,kontantlonn,43264.8528988003,1.0683357671650275
2024-04-16,2,3,1,kontantlonn,43415.20465737262,1.072048391860983
2024-05-16,2,3,1,kontantlonn,46652.17142273736,1.151978569380656
2024-06-16,2,3,1,kontantlonn,62433.71916589731,1.54167114396717
2024-07-16,2,3,1,kontantlonn,45443.704484462956,1.1221379859256557
2024-08-16,2,3,1,kontantlonn,39770.802163542015,0.9820574344616428
2024-09-16,2,3,1,kontantlonn,43800.72080164765,1.0815679130924996
2024-10-16,2,3,1,kontantlonn,44978.40324958244,1.1106483374368081
2024-11-16,2,3,1,kontantlonn,45946.01124856238,1.1345414091715769
2024-12-16,2,3,1,kontantlonn,46656.755983633695,1.1520917755989633
2025-01-16,2,3,1,kontantlonn,43533.00533521079,1.0749572351621537
2025-02-16,2,3,1,kontantlonn,45984.88041124286,1.1355012024899187
2025-03-16,2,3,1,kontantlonn,44294.563900681314,1.0937623436918444
2025-04-16,2,3,1,kontantlonn,45733.20015660557,1.1292864808416758
2025-05-16,2,3,1,kontantlonn,48947.84687479257,1.2086655111107023
2025-06-16,2,3,1,kontantlonn,65421.77217335118,1.6154549127347395
2025-07-16,2,3,1,kontantlonn,48653.995864391254,1.201409470153771
2025-08-16,2,3,1,kontantlonn,41608.21399600976,1.0274285070093543
2025-09-16,2,3,1,kontantlonn,45551.72451755576,1.124805316499813
2025-10-16,2,3,1,kontantlonn,46845.52036520519,1.1567529203131572
2025-11-16,2,3,1,kontantlonn,47571.18854347215,1.1746717902039079
2025-12-16,2,3,1,kontantlonn,48642.36690964844,1.2011223172466396
2026-01-16,2,3,1,kontantlonn,45191.07936894226,1.1158999328984964
2026-02-16,2,3,1,kontantlonn,47427.68550664233,1.1711282804801908
2021-01-16,2,3,2,kontantlonn,35083.887330196296,0.908364176768861
2021-02-16,2,3,2,kontantlonn,36471.369316880206,0.9442877596020266
2021-03-16,2,3,2,kontantlonn,38195.54823875673,0.9889288323609338
2021-04-16,2,3,2,kontantlonn,37728.164229198745,0.9768276963869945
2021-05-16,2,3,2,kontantlonn,39225.55734195361,1.0155970108978254
2021-06-16,2,3,2,kontantlonn,49679.75669065618,1.286268846540978
2021-07-16,2,3,2,kontantlonn,39289.76562466238,1.0172594408137456
2021-08-16,2,3,2,kontantlonn,34657.50245913588,0.897324557962021
2021-09-16,2,3,2,kontantlonn,36666.2865258661,0.9493344013385072
2021-10-16,2,3,2,kontantlonn,37333.14950344165,0.96660028849468
2021-11-16,2,3,2,kontantlonn,38360.58814411801,0.9932019146552802
2021-12-16,2,3,2,kontantlonn,40485.23087130046,1.0482114785511245
2022-01-16,2,3,2,kontantlonn,35907.728276409944,0.9296944129497231
2022-02-16,2,3,2,kontantlonn,37623.62553179652,0.9741210633701757
2022-03-16,2,3,2,kontantlonn,38034.64952129512,0.9847629704182524
2022-04-16,2,3,2,kontantlonn,38605.08722911417,0.9995322909893795
2022-05-16,2,3,2,kontantlonn,39186.77319939681,1.0145928426483461
2022-06-16,2,3,2,kontantlonn,50587.27152084066,1.3097655005425015
2022-07-16,2,3,2,kontantlonn,40626.12675799043,1.0518594430688164
2022-08-16,2,3,2,kontantlonn,35475.04640040703,0.9184917570866736
2022-09-16,2,3,2,kontantlonn,38311.45880313292,0.9919298967355126
2022-10-16,2,3,2,kontantlonn,38623.15162514782,1.0
2022-11-16,2,3,2,kontantlonn,38915.005693225816,1.0075564539867319
2022-12-16,2,3,2,kontantlonn,42161.64314775161,1.0916158152225945
2023-01-16,2,3,2,kontantlonn,37574.703061470085,0.97285440158138
2023-02-16,2,3,2,kontantlonn,39330.295730472535,1.0183088141586119
2023-03-16,2,3,2,kontantlonn,39569.709523016696,1.0245075261349872
2023-04-16,2,3,2,kontantlonn,39657.469912616696,1.0267797485173484
2023-05-16,2,3,2,kontantlonn,40790.24255497613,1.0561085990822485
2023-06-16,2,3,2,kontantlonn,53591.779216647505,1.387555830160517
2023-07-16,2,3,2,kontantlonn,42298.64699902178,1.0951630102469634
2023-08-16,2,3,2,kontantlonn,37091.84152717069,0.960352533816011
2023-09-16,2,3,2,kontantlonn,40543.027705829794,1.0497079083373386
2023-10-16,2,3,2,kontantlonn,40553.68018634346,1.0499837139115975
2023-11-16,2,3,2,kontantlonn,41354.47126690505,1.0707171612577273
2023-12-16,2,3,2,kontantlonn,43265.92420990074,1.1202069843966327
2024-01-16,2,3,2,kontantlonn,39800.883893011945,1.0304929095195148
2024-02-16,2,3,2,kontantlonn,41543.49410456603,1.0756111906081935
2024-03-16,2,3,2,kontantlonn,41310.282147901984,1.0695730516461674
2024-04-16,2,3,2,kontantlonn,41204.92364647895,1.0668451929140377
2024-05-16,2,3,2,kontantlonn,43225.64933685592,1.1191642193360363
2024-06-16,2,3,2,kontantlonn,55354.39360822747,1.4331920436080057
2024-07-16,2,3,2,kontantlonn,43371.46860431237,1.1229396561225442
2024-08-16,2,3,2,kontantlonn,38873.9301384312,1.0064929583094948
2024-09-16,2,3,2,kontantlonn,41489.53342802784,1.0742140835812504
2024-10-16,2,3,2,kontantlonn,42136.6002367192,1.0909674240380671
2024-11-16,2,3,2,kontantlonn,42997.44514940022,1.113255737561413
2024-12-16,2,3,2,kontantlonn,44145.104652427086,1.1429700269121457
2025-01-16,2,3,2,kontantlonn,41068.48415257761,1.0633126097829266
2025-02-16,2,3,2,kontantlonn,42950.34437961252,1.1120362417977108
2025-03-16,2,3,2,kontantlonn,42323.79549827663,1.0958141352379773
2025-04-16,2,3,2,kontantlonn,43122.89283879569,1.1165037296106635
2025-05-16,2,3,2,kontantlonn,44748.671177550576,1.1585970925379996
2025-06-16,2,3,2,kontantlonn,57327.40460698343,1.4842756790892522
2025-07-16,2,3,2,kontantlonn,45513.8292525903,1.1784079583747877
2025-08-16,2,3,2,kontantlonn,40256.964685962914,1.0423013915765307
2025-09-16,2,3,2,kontantlonn,43047.764845818885,1.114558575219692
2025-10-16,2,3,2,kontantlonn,43916.68046981335,1.1370558491974248
2025-11-16,2,3,2,kontantlonn,44037.25165321691,1.140177582622334
2025-12-16,2,3,2,kontantlonn,45530.11339788734,1.1788295745457071
2026-01-16,2,3,2,kontantlonn,42321.89268699595,1.095764869157903
2026-02-16,2,3,2,kontantlonn,44011.77217866194,1.1395178882814303
2021-01-16,2,3,3,kontantlonn,42601.27940804036,0.9367573573126148
2021-02-16,2,3,3,kontantlonn,43216.29667747314,0.9502809406420567
2021-03-16,2,3,3,kontantlonn,44210.58949670601,0.9721443946669539
2021-04-16,2,3,3,kontantlonn,43666.68952368792,0.9601846059365088
2021-05-16,2,3,3,kontantlonn,46856.368505591105,1.0303222941769066
2021-06-16,2,3,3,kontantlonn,54058.34073440747,1.188686093721189
2021-07-16,2,3,3,kontantlonn,43924.712826238574,0.9658582671593875
2021-08-16,2,3,3,kontantlonn,41744.315557514994,0.9179136229674187
2021-09-16,2,3,3,kontantlonn,43144.05615751411,0.948692447537905
2021-10-16,2,3,3,kontantlonn,43548.034816165215,0.9575755136323304
2021-11-16,2,3,3,kontantlonn,43985.23436202835,0.9671890721191144
2021-12-16,2,3,3,kontantlonn,45792.25764903422,1.0069236148948062
2022-01-16,2,3,3,kontantlonn,44089.51769157462,0.9694821529268962
2022-02-16,2,3,3,kontantlonn,44811.919436343574,0.9853670080005226
2022-03-16,2,3,3,kontantlonn,45603.292983631225,1.0027684805174342
2022-04-16,2,3,3,kontantlonn,45155.105986716706,0.9929133195305959
2022-05-16,2,3,3,kontantlonn,47774.04148316074,1.0505009584163447
2022-06-16,2,3,3,kontantlonn,54824.944577124654,1.2055429064692564
2022-07-16,2,3,3,kontantlonn,45252.58521183084,0.9950567852334959
2022-08-16,2,3,3,kontantlonn,43159.480907727346,0.9490316215826223
2022-09-16,2,3,3,kontantlonn,45061.59301419705,0.9908570675534446
2022-10-16,2,3,3,kontantlonn,45477.38971621811,1.0
2022-11-16,2,3,3,kontantlonn,45821.81280043183,1.0075735016095457
2022-12-16,2,3,3,kontantlonn,47726.07892764889,1.0494463122325786
2023-01-16,2,3,3,kontantlonn,46194.858018027066,1.0157763738483234
2023-02-16,2,3,3,kontantlonn,46858.87782701455,1.0303774715175391
2023-03-16,2,3,3,kontantlonn,47214.84313010105,1.0382047743884326
2023-04-16,2,3,3,kontantlonn,47052.76040225594,1.0346407455631963
2023-05-16,2,3,3,kontantlonn,49916.355960077155,1.0976082020441034
2023-06-16,2,3,3,kontantlonn,58002.210396575654,1.275407642314417
2023-07-16,2,3,3,kontantlonn,47558.021877813204,1.045750914346192
2023-08-16,2,3,3,kontantlonn,45648.04143406657,1.003752451908813
2023-09-16,2,3,3,kontantlonn,47838.8820272767,1.05192673382959
2023-10-16,2,3,3,kontantlonn,48262.44320823497,1.061240399006974
2023-11-16,2,3,3,kontantlonn,48599.33600645778,1.0686483175424275
2023-12-16,2,3,3,kontantlonn,49707.98421548181,1.0930263263934648
2024-01-16,2,3,3,kontantlonn,48707.63594280417,1.0710297193120144
2024-02-16,2,3,3,kontantlonn,49801.700376080014,1.0950870462628988
2024-03-16,2,3,3,kontantlonn,50305.0613516265,1.1061554250482135
2024-04-16,2,3,3,kontantlonn,49882.6039673072,1.0968660311987544
2024-05-16,2,3,3,kontantlonn,53038.06738136503,1.1662513550651443
2024-06-16,2,3,3,kontantlonn,61490.34301352675,1.3521080122942526
2024-07-16,2,3,3,kontantlonn,50409.95559803057,1.1084619392755828
2024-08-16,2,3,3,kontantlonn,48630.63436875806,1.0693365356326825
2024-09-16,2,3,3,kontantlonn,50619.09830803204,1.1130607676451645
2024-10-16,2,3,3,kontantlonn,51143.379757576266,1.1245891656648348
2024-11-16,2,3,3,kontantlonn,51681.619408902116,1.1364244898706546
2024-12-16,2,3,3,kontantlonn,52530.50278124567,1.1550905429937701
2025-01-16,2,3,3,kontantlonn,51697.79022487071,1.136780069117166
2025-02-16,2,3,3,kontantlonn,52882.65645252875,1.1628340320875932
2025-03-16,2,3,3,kontantlonn,52960.70904385611,1.1645503265322483
2025-04-16,2,3,3,kontantlonn,52718.12607042567,1.1592161819178768
2025-05-16,2,3,3,kontantlonn,56044.024701633876,1.2323491970702862
2025-06-16,2,3,3,kontantlonn,64856.09076672759,1.4261172677551162
2025-07-16,2,3,3,kontantlonn,53136.295781322915,1.1684112943354243
2025-08-16,2,3,3,kontantlonn,50842.16998709143,1.117965879404027
2025-09-16,2,3,3,kontantlonn,52788.596704277596,1.160765757086805
2025-10-16,2,3,3,kontantlonn,53219.37516670755,1.170238122697893
2025-11-16,2,3,3,kontantlonn,53474.227062743936,1.1758420480248892
2025-12-16,2,3,3,kontantlonn,54471.8110492694,1.197777871359308
2026-01-16,2,3,3,kontantlonn,53557.486269331916,1.177672830466615
2026-02-16,2,3,3,kontantlonn,54495.54994282932,1.198299864677483
2021-01-16,2,3,4,kontantlonn,64654.73704250392,0.9335005988112579
2021-02-16,2,3,4,kontantlonn,66464.66422851168,0.9596327615765677
2021-03-16,2,3,4,kontantlonn,70070.09877649895,1.0116888902297294
2021-04-16,2,3,4,kontantlonn,67538.70315417902,0.975139993159583
2021-05-16,2,3,4,kontantlonn,68656.47473581789,0.991278647317408
2021-06-16,2,3,4,kontantlonn,78065.6605283608,1.127130728285442
2021-07-16,2,3,4,kontantlonn,67185.2764952371,0.9700371342995856
2021-08-16,2,3,4,kontantlonn,64277.264846358376,0.9280505647185537
2021-09-16,2,3,4,kontantlonn,65783.44627746868,0.949797173430852
2021-10-16,2,3,4,kontantlonn,66271.459863789,0.9568432306247521
2021-11-16,2,3,4,kontantlonn,66752.69599224364,0.9637914332566286
2021-12-16,2,3,4,kontantlonn,71098.1012231743,1.0265314360886661
2022-01-16,2,3,4,kontantlonn,66962.18133895681,0.9668160329309011
2022-02-16,2,3,4,kontantlonn,68663.65358800761,0.9913822973069436
2022-03-16,2,3,4,kontantlonn,73216.9113326516,1.0571233245788185
2022-04-16,2,3,4,kontantlonn,70683.35017096954,1.020543160932026
2022-05-16,2,3,4,kontantlonn,70888.16703129678,1.0235003558802696
2022-06-16,2,3,4,kontantlonn,79736.9680883596,1.1512614676469062
2022-07-16,2,3,4,kontantlonn,69356.99700917435,1.001392955898216
2022-08-16,2,3,4,kontantlonn,66436.48784116475,0.9592259441388384
2022-09-16,2,3,4,kontantlonn,68617.72669683186,0.9907191938380374
2022-10-16,2,3,4,kontantlonn,69260.52015910522,1.0
2022-11-16,2,3,4,kontantlonn,69551.6610610896,1.0042035621637777
2022-12-16,2,3,4,kontantlonn,74364.47417933225,1.0736921121658085
2023-01-16,2,3,4,kontantlonn,69655.62963816086,1.005704685413104
2023-02-16,2,3,4,kontantlonn,71621.49462464682,1.0340883155384621
2023-03-16,2,3,4,kontantlonn,75291.10002130274,1.087070958294048
2023-04-16,2,3,4,kontantlonn,73045.99004442035,1.0546555220292766
2023-05-16,2,3,4,kontantlonn,73724.24118237145,1.0644482746160753
2023-06-16,2,3,4,kontantlonn,83606.88013527679,1.2071361858561722
2023-07-16,2,3,4,kontantlonn,72533.57386520601,1.0472571343469834
2023-08-16,2,3,4,kontantlonn,69939.2584219943,1.0097997858134746
2023-09-16,2,3,4,kontantlonn,72250.30575569722,1.0431672414490083
2023-10-16,2,3,4,kontantlonn,73273.04382234698,1.057933778926641
2023-11-16,2,3,4,kontantlonn,73115.54227381454,1.05565973379717
2023-12-16,2,3,4,kontantlonn,76364.23535391536,1.102565143583841
2024-01-16,2,3,4,kontantlonn,73307.33665890881,1.0584289071249717
2024-02-16,2,3,4,kontantlonn,75640.75040773944,1.0921192944259956
2024-03-16,2,3,4,kontantlonn,78856.44018788399,1.1385481946531015
2024-04-16,2,3,4,kontantlonn,76848.19129691324,1.1095526155503543
2024-05-16,2,3,4,kontantlonn,77650.03210089605,1.1211297853743871
2024-06-16,2,3,4,kontantlonn,87154.68427163524,1.258360232805407
2024-07-16,2,3,4,kontantlonn,76243.12216996928,1.100816482388865
2024-08-16,2,3,4,kontantlonn,73577.86887099141,1.0623349160816058
2024-09-16,2,3,4,kontantlonn,75547.0588132409,1.0907665527156634
2024-10-16,2,3,4,kontantlonn,76542.71065881733,1.1051420128376668
2024-11-16,2,3,4,kontantlonn,76736.16767700658,1.1079351916608238
2024-12-16,2,3,4,kontantlonn,79615.96042945847,1.1495143300478359
2025-01-16,2,3,4,kontantlonn,76903.4511699043,1.1103504708489302
2025-02-16,2,3,4,kontantlonn,79150.13480746253,1.142788628003932
2025-03-16,2,3,4,kontantlonn,82314.98275680703,1.1884834616851434
2025-04-16,2,3,4,kontantlonn,80674.03434875545,1.1647910550401745
2025-05-16,2,3,4,kontantlonn,81080.81225703347,1.1706642120326947
2025-06-16,2,3,4,kontantlonn,90826.67390124708,1.3113772996881934
2025-07-16,2,3,4,kontantlonn,79478.61466881962,1.1475312990177002
2025-08-16,2,3,4,kontantlonn,76426.02257134751,1.1034572422468343
2025-09-16,2,3,4,kontantlonn,78698.65927311545,1.1362701159669166
2025-10-16,2,3,4,kontantlonn,79637.98878469571,1.1498323807235549
2025-11-16,2,3,4,kontantlonn,79577.36826691622,1.1489571271499428
2025-12-16,2,3,4,kontantlonn,82861.7814024771,1.1963782716636704
2026-01-16,2,3,4,kontantlonn,79740.76939969804,1.1513163518916347
2026-02-16,2,3,4,kontantlonn,82271.21698398428,1.1878515609612936
2021-01-16,2,3,5,kontantlonn,55800.4898927385,0.9241707318048394
2021-02-16,2,3,5,kontantlonn,57434.35123252483,0.9512308316885586
2021-03-16,2,3,5,kontantlonn,59646.42321843813,0.9878672875683576
2021-04-16,2,3,5,kontantlonn,58019.81462639213,0.9609273080850087
2021-05-16,2,3,5,kontantlonn,58067.75481755169,0.9617212961240378
2021-06-16,2,3,5,kontantlonn,65771.42049064764,1.0893098236866137
2021-07-16,2,3,5,kontantlonn,57058.6290797139,0.9450081010712106
2021-08-16,2,3,5,kontantlonn,55330.784852417615,0.9163914515210966
2021-09-16,2,3,5,kontantlonn,56547.91755820642,0.9365496692280494
2021-10-16,2,3,5,kontantlonn,57203.92315700242,0.9474144694380968
2021-11-16,2,3,5,kontantlonn,57292.86241592763,0.9488874862550654
2021-12-16,2,3,5,kontantlonn,60214.04992655081,0.9972683518105684
2022-01-16,2,3,5,kontantlonn,58148.58791584697,0.963060058270198
2022-02-16,2,3,5,kontantlonn,59860.37959516117,0.991410844652364
2022-03-16,2,3,5,kontantlonn,62864.40842868587,1.041163732678579
2022-04-16,2,3,5,kontantlonn,60951.56775981216,1.0094831620567586
2022-05-16,2,3,5,kontantlonn,60273.85925224062,0.9982589170976788
2022-06-16,2,3,5,kontantlonn,67352.43268751277,1.1154946332067066
2022-07-16,2,3,5,kontantlonn,59512.769110010726,0.9856537009953452
2022-08-16,2,3,5,kontantlonn,57773.447015513004,0.9568469543878129
2022-09-16,2,3,5,kontantlonn,59425.50598724141,0.9842084444360514
2022-10-16,2,3,5,kontantlonn,60378.98406906279,1.0
2022-11-16,2,3,5,kontantlonn,60192.89278673862,0.9969179461166271
2022-12-16,2,3,5,kontantlonn,63437.27311668811,1.0506515486270387
2023-01-16,2,3,5,kontantlonn,60650.52598754424,1.0044972919413626
2023-02-16,2,3,5,kontantlonn,62748.57154065266,1.0392452358734536
2023-03-16,2,3,5,kontantlonn,65261.64611990799,1.080866912985159
2023-04-16,2,3,5,kontantlonn,63517.65398000166,1.0519828208329705
2023-05-16,2,3,5,kontantlonn,63018.29375362785,1.0437123897537952
2023-06-16,2,3,5,kontantlonn,71115.92137106362,1.1778257363475957
2023-07-16,2,3,5,kontantlonn,62961.619606232525,1.0427737494591771
2023-08-16,2,3,5,kontantlonn,61360.381448663866,1.0162539564839073
2023-09-16,2,3,5,kontantlonn,62990.345078178965,1.0432495022792905
2023-10-16,2,3,5,kontantlonn,63613.67259389779,1.0535730863098838
2023-11-16,2,3,5,kontantlonn,63623.748514982595,1.0537399642598884
2023-12-16,2,3,5,kontantlonn,65670.27322317578,1.0876346171717746
2024-01-16,2,3,5,kontantlonn,64013.18286291754,1.0601897969945615
2024-02-16,2,3,5,kontantlonn,66288.68387203038,1.0978767677874133
2024-03-16,2,3,5,kontantlonn,68886.7629967307,1.1409062947786026
2024-04-16,2,3,5,kontantlonn,66892.77448749337,1.1078817492354618
2024-05-16,2,3,5,kontantlonn,67511.1144599828,1.118122729305318
2024-06-16,2,3,5,kontantlonn,74851.70845260496,1.2396980440576468
2024-07-16,2,3,5,kontantlonn,66407.40681801336,1.0998430636404073
2024-08-16,2,3,5,kontantlonn,64870.065665546754,1.0743815363197726
2024-09-16,2,3,5,kontantlonn,66288.99753029215,1.0978819626125103
2024-10-16,2,3,5,kontantlonn,67151.26597410723,1.1121628992183465
2024-11-16,2,3,5,kontantlonn,67063.25496662532,1.1107052561519901
2024-12-16,2,3,5,kontantlonn,68975.24284681828,1.1423717028415532
2025-01-16,2,3,5,kontantlonn,67648.06472961238,1.1203909070784472
2025-02-16,2,3,5,kontantlonn,69740.29461783821,1.1550425316541886
2025-03-16,2,3,5,kontantlonn,72248.27243496853,1.1965797959159
2025-04-16,2,3,5,kontantlonn,70745.83772837553,1.171696391039884
2025-05-16,2,3,5,kontantlonn,70288.31950483695,1.1641189494748645
2025-06-16,2,3,5,kontantlonn,78907.28561643898,1.3068667324078047
2025-07-16,2,3,5,kontantlonn,69668.46541941803,1.153852892584773
2025-08-16,2,3,5,kontantlonn,67927.6503358059,1.1250214190107735
2025-09-16,2,3,5,kontantlonn,69385.62445892063,1.149168465298387
2025-10-16,2,3,5,kontantlonn,69858.75386024991,1.1570044600343714
2025-11-16,2,3,5,kontantlonn,69966.31229681891,1.1587858486785723
2025-12-16,2,3,5,kontantlonn,72635.34198597165,1.2029904627558783
2026-01-16,2,3,5,kontantlonn,70304.4363835944,1.1643858780925935
2026-02-16,2,3,5,kontantlonn,72233.49659687073,1.1963350776861115
2021-01-16,2,3,all,kontantlonn,48338.35082049674,0.928978056286466
2021-02-16,2,3,all,kontantlonn,49889.54194807605,0.9587892205932219
2021-03-16,2,3,all,kontantlonn,52085.39979222731,1.000989744966016
2021-04-16,2,3,all,kontantlonn,50797.11170598656,0.9762311145622355
2021-05-16,2,3,all,kontantlonn,52494.490745708186,1.0088517533373873
2021-06-16,2,3,all,kontantlonn,61813.233310546464,1.1879415900400219
2021-07-16,2,3,all,kontantlonn,51041.204278044985,0.9809221443407825
2021-08-16,2,3,all,kontantlonn,47455.68475505647,0.9120147674711797
2021-09-16,2,3,all,kontantlonn,49352.13640865917,0.948461231636814
2021-10-16,2,3,all,kontantlonn,49914.484009272855,0.9592685631263678
2021-11-16,2,3,all,kontantlonn,50316.99499600411,0.9670041161136037
2021-12-16,2,3,all,kontantlonn,53149.19323200961,1.0214339832406947
2022-01-16,2,3,all,kontantlonn,49828.526364952275,0.9576166084363862
2022-02-16,2,3,all,kontantlonn,51429.76428873971,0.9883895841139404
2022-03-16,2,3,all,kontantlonn,53399.25741055554,1.0262397767894884
2022-04-16,2,3,all,kontantlonn,52440.48616379829,1.0078138802887284
2022-05-16,2,3,all,kontantlonn,53287.897197418206,1.0240996294201226
2022-06-16,2,3,all,kontantlonn,62736.115574493226,1.2056777634342326
2022-07-16,2,3,all,kontantlonn,52457.61594525138,1.0081430845501231
2022-08-16,2,3,all,kontantlonn,48899.777490140565,0.9397676891030651
2022-09-16,2,3,all,kontantlonn,51493.27513211986,0.9896101507827434
2022-10-16,2,3,all,kontantlonn,52033.8995021329,1.0
2022-11-16,2,3,all,kontantlonn,52312.95945572229,1.0053630413299688
2022-12-16,2,3,all,kontantlonn,55407.98452117745,1.0648439777016183
2023-01-16,2,3,all,kontantlonn,51992.21653926589,0.9991989267906916
2023-02-16,2,3,all,kontantlonn,53708.057171791625,1.032174364898216
2023-03-16,2,3,all,kontantlonn,55233.845759883785,1.061497337089251
2023-04-16,2,3,all,kontantlonn,54324.29108403331,1.0440172964896957
2023-05-16,2,3,all,kontantlonn,55551.76241585788,1.0676071358745807
2023-06-16,2,3,all,kontantlonn,66453.31046875747,1.2771157092701366
2023-07-16,2,3,all,kontantlonn,54981.012771063724,1.0566383318784327
2023-08-16,2,3,all,kontantlonn,51591.76890641788,0.9915030278348271
2023-09-16,2,3,all,kontantlonn,54385.146170744076,1.0451868241878508
2023-10-16,2,3,all,kontantlonn,54865.405589803966,1.0544165652538688
2023-11-16,2,3,all,kontantlonn,55313.498761538234,1.0630281276395765
2023-12-16,2,3,all,kontantlonn,57336.84558145353,1.1019132936424119
2024-01-16,2,3,all,kontantlonn,54929.94450698211,1.0556568896922764
2024-02-16,2,3,all,kontantlonn,56942.569214104675,1.0943359955517185
2024-03-16,2,3,all,kontantlonn,58124.21831498811,1.1170452122775376
2024-04-16,2,3,all,kontantlonn,57123.27045353049,1.097808755447763
2024-05-16,2,3,all,kontantlonn,58967.25096074953,1.1332468164976262
2024-06-16,2,3,all,kontantlonn,69482.60606831365,1.3353334409516149
2024-07-16,2,3,all,kontantlonn,57578.61256090748,1.106559629622748
2024-08-16,2,3,all,kontantlonn,54400.38226198672,1.045479635055159
2024-09-16,2,3,all,kontantlonn,56806.23955255787,1.0917159793151645
2024-10-16,2,3,all,kontantlonn,57663.27528771234,1.108186698276355
2024-11-16,2,3,all,kontantlonn,58176.397906254984,1.1180480122169258
2024-12-16,2,3,all,kontantlonn,59761.601978734565,1.1485128454822975
2025-01-16,2,3,all,kontantlonn,57659.60558220985,1.1081161729930762
2025-02-16,2,3,all,kontantlonn,59660.48117996369,1.1465694816418317
2025-03-16,2,3,all,kontantlonn,60452.49659555072,1.1617906244576717
2025-04-16,2,3,all,kontantlonn,60092.90662900087,1.1548799379630894
2025-05-16,2,3,all,kontantlonn,61632.91694082233,1.1844762266625042
2025-06-16,2,3,all,kontantlonn,72739.11845810598,1.3979178795762628
2025-07-16,2,3,all,kontantlonn,60493.99192334028,1.1625880916509168
2025-08-16,2,3,all,kontantlonn,56682.09088401876,1.089330060332982
2025-09-16,2,3,all,kontantlonn,59162.3887139498,1.1369970207888165
2025-10-16,2,3,all,kontantlonn,59940.071543278544,1.1519427165135214
2025-11-16,2,3,all,kontantlonn,60181.728525050115,1.156586938531932
2025-12-16,2,3,all,kontantlonn,62150.88716693895,1.194430703091767
2026-01-16,2,3,all,kontantlonn,59667.861420963236,1.1467113168890486
2026-02-16,2,3,all,kontantlonn,61597.90219148443,1.1838033047851717
2021-01-16,2,3,1,ny_jobb,0.03752808943112957,1.254351520815007
2021-02-16,2,3,1,ny_jobb,0.021883934350615353,0.7314560040282847
2021-03-16,2,3,1,ny_jobb,0.023250915316611907,0.7771464369710451
2021-04-16,2,3,1,ny_jobb,0.023248846578047423,0.7770772907554007
2021-05-16,2,3,1,ny_jobb,0.02578327060316721,0.8617887343297721
2021-06-16,2,3,1,ny_jobb,0.032042328117875093,1.0709935841223643
2021-07-16,2,3,1,ny_jobb,0.024893399986047147,0.8320453986355429
2021-08-16,2,3,1,ny_jobb,0.02255458030375265,0.7538719006006372
2021-09-16,2,3,1,ny_jobb,0.03243972874288508,1.084276436671224
2021-10-16,2,3,1,ny_jobb,0.028262140461432578,0.9446433166906427
2021-11-16,2,3,1,ny_jobb,0.02723624693089349,0.9103535052525322
2021-12-16,2,3,1,ny_jobb,0.02638794174621097,0.8819994665937156
2022-01-16,2,3,1,ny_jobb,0.03540085162206545,1.1832500066856624
2022-02-16,2,3,1,ny_jobb,0.03158111148427313,1.0555777237747308
2022-03-16,2,3,1,ny_jobb,0.026470223514344412,0.884749680168615
2022-04-16,2,3,1,ny_jobb,0.025860063282730564,0.864355478756624
2022-05-16,2,3,1,ny_jobb,0.0300914220006754,1.0057858399453627
2022-06-16,2,3,1,ny_jobb,0.02954619637375795,0.9875620346656855
2022-07-16,2,3,1,ny_jobb,0.020999972096806277,0.7019101514624803
2022-08-16,2,3,1,ny_jobb,0.022580389561302323,0.7547345579314334
2022-09-16,2,3,1,ny_jobb,0.028416339387240586,0.949797313604082
2022-10-16,2,3,1,ny_jobb,0.029918319393231918,1.0
2022-11-16,2,3,1,ny_jobb,0.025142647579838726,0.840376334291239
2022-12-16,2,3,1,ny_jobb,0.025377653968058234,0.8482312670877875
2023-01-16,2,3,1,ny_jobb,0.03465300836383431,1.158253841346231
2023-02-16,2,3,1,ny_jobb,0.02417414936840475,0.8080049233605479
2023-03-16,2,3,1,ny_jobb,0.024297570400563163,0.812130189574075
2023-04-16,2,3,1,ny_jobb,0.022399203489301585,0.7486785335398453
2023-05-16,2,3,1,ny_jobb,0.028863843862615816,0.9647548541495067
2023-06-16,2,3,1,ny_jobb,0.026585860668207523,0.8886147754081982
2023-07-16,2,3,1,ny_jobb,0.021787967085487036,0.7282483617851837
2023-08-16,2,3,1,ny_jobb,0.020596090274687204,0.6884106691950893
2023-09-16,2,3,1,ny_jobb,0.026428135686845815,0.8833429224244579
2023-10-16,2,3,1,ny_jobb,0.02623866647338801,0.8770100395185862
2023-11-16,2,3,1,ny_jobb,0.02494170703127874,0.8336600296111893
2023-12-16,2,3,1,ny_jobb,0.019621160783525705,0.6558242970012673
2024-01-16,2,3,1,ny_jobb,0.02960603758698099,0.9895621875631967
2024-02-16,2,3,1,ny_jobb,0.02091743427423781,0.6991513794377676
2024-03-16,2,3,1,ny_jobb,0.02117808713797343,0.7078635286835098
2024-04-16,2,3,1,ny_jobb,0.022929336484790116,0.7663978776153169
2024-05-16,2,3,1,ny_jobb,0.027152722047641173,0.907561741378549
2024-06-16,2,3,1,ny_jobb,0.026326867357339485,0.8799580956173332
2024-07-16,2,3,1,ny_jobb,0.021587036457609374,0.7215323886973666
2024-08-16,2,3,1,ny_jobb,0.02117773132627538,0.7078516359132853
2024-09-16,2,3,1,ny_jobb,0.026798969875403474,0.8957378094394534
2024-10-16,2,3,1,ny_jobb,0.027910333902042762,0.9328844155717049
2024-11-16,2,3,1,ny_jobb,0.02615660204500768,0.8742670903809119
2024-12-16,2,3,1,ny_jobb,0.026800912558222912,0.895802742325352
2025-01-16,2,3,1,ny_jobb,0.03391780368238551,1.1336801120606512
2025-02-16,2,3,1,ny_jobb,0.027456094634354642,0.9177017690561096
2025-03-16,2,3,1,ny_jobb,0.025031606180477547,0.8366648491004532
2025-04-16,2,3,1,ny_jobb,0.026268709616572995,0.8780142116711097
2025-05-16,2,3,1,ny_jobb,0.0265457331841814,0.8872735408455644
2025-06-16,2,3,1,ny_jobb,0.028382567971677354,0.9486685264178983
2025-07-16,2,3,1,ny_jobb,0.020107306651162817,0.6720734004768819
2025-08-16,2,3,1,ny_jobb,0.02139823848528618,0.7152219415816137
2025-09-16,2,3,1,ny_jobb,0.028834039129374787,0.9637586506913749
2025-10-16,2,3,1,ny_jobb,0.024953738508752505,0.8340621737729529
2025-11-16,2,3,1,ny_jobb,0.02532655729948602,0.8465233948005568
2025-12-16,2,3,1,ny_jobb,0.024707873056485558,0.8258442839565026
2026-01-16,2,3,1,ny_jobb,0.02765361092790781,0.9243036202816785
2026-02-16,2,3,1,ny_jobb,0.021051343216426342,0.7036271970941171
2021-01-16,2,3,2,ny_jobb,0.0381180662518203,1.5366546530847431
2021-02-16,2,3,2,ny_jobb,0.019139339604291566,0.7715647238138493
2021-03-16,2,3,2,ny_jobb,0.01875075253701224,0.7558996026841851
2021-04-16,2,3,2,ny_jobb,0.01860610456161916,0.7500684048742372
2021-05-16,2,3,2,ny_jobb,0.02138612427585387,0.8621394160667865
2021-06-16,2,3,2,ny_jobb,0.026836518619967248,1.0818613131509185
2021-07-16,2,3,2,ny_jobb,0.0225756471932131,0.9100926861470521
2021-08-16,2,3,2,ny_jobb,0.026919362639177876,1.0852010063756286
2021-09-16,2,3,2,ny_jobb,0.032419108171290144,1.3069123992587541
2021-10-16,2,3,2,ny_jobb,0.02596643745380136,1.0467857071713953
2021-11-16,2,3,2,ny_jobb,0.029200690268716738,1.1771682298434316
2021-12-16,2,3,2,ny_jobb,0.025793821233762358,1.0398270247458887
2022-01-16,2,3,2,ny_jobb,0.033769553153461015,1.361352924963248
2022-02-16,2,3,2,ny_jobb,0.024967212040560082,1.0065039056079592
2022-03-16,2,3,2,ny_jobb,0.02450657685138255,0.9879343065588357
2022-04-16,2,3,2,ny_jobb,0.023601070483645445,0.9514306034541528
2022-05-16,2,3,2,ny_jobb,0.030814753354803763,1.2422359994207905
2022-06-16,2,3,2,ny_jobb,0.02658865783597296,1.0718692945494013
2022-07-16,2,3,2,ny_jobb,0.020061938581819073,0.8087574817670723
2022-08-16,2,3,2,ny_jobb,0.024190469329429115,0.9751910553331355
2022-09-16,2,3,2,ny_jobb,0.03061344585573465,1.234120684674712
2022-10-16,2,3,2,ny_jobb,0.024805876958300645,1.0
2022-11-16,2,3,2,ny_jobb,0.02616700061869374,1.0548710155533376
2022-12-16,2,3,2,ny_jobb,0.02638448811424167,1.063638594942429
2023-01-16,2,3,2,ny_jobb,0.04508495009506197,1.8175108330518208
2023-02-16,2,3,2,ny_jobb,0.02889049137553279,1.1646631733318074
2023-03-16,2,3,2,ny_jobb,0.04608824200965695,1.8579565675961605
2023-04-16,2,3,2,ny_jobb,0.02482340562584714,1.0007066336568533
2023-05-16,2,3,2,ny_jobb,0.02753838135629429,1.1101555249422168
2023-06-16,2,3,2,ny_jobb,0.02367300546975287,0.9543305205273668
2023-07-16,2,3,2,ny_jobb,0.019274738475141898,0.7770230622180082
2023-08-16,2,3,2,ny_jobb,0.023787524740275044,0.9589471390292922
2023-09-16,2,3,2,ny_jobb,0.025621968232420196,1.032899109976697
2023-10-16,2,3,2,ny_jobb,0.02553553289174611,1.0294146397110668
2023-11-16,2,3,2,ny_jobb,0.02260991888767203,0.911474281908272
2023-12-16,2,3,2,ny_jobb,0.023259255982383757,0.9376510260646378
2024-01-16,2,3,2,ny_jobb,0.027616569348681518,1.1133075196295508
2024-02-16,2,3,2,ny_jobb,0.019811465085658234,0.7986601368281334
2024-03-16,2,3,2,ny_jobb,0.020325987012642367,0.8194020734203795
2024-04-16,2,3,2,ny_jobb,0.020530504569815197,0.8276467953270724
2024-05-16,2,3,2,ny_jobb,0.024691005686383456,0.9953691912561571
2024-06-16,2,3,2,ny_jobb,0.022364961869721166,0.901599322907119
2024-07-16,2,3,2,ny_jobb,0.017308669227533248,0.6977648585707973
2024-08-16,2,3,2,ny_jobb,0.022002221872879042,0.8869761754388034
2024-09-16,2,3,2,ny_jobb,0.024900124361769835,1.003799398167927
2024-10-16,2,3,2,ny_jobb,0.02058193729633913,0.8297202042458699
2024-11-16,2,3,2,ny_jobb,0.021119501864918636,0.8513910594824401
2024-12-16,2,3,2,ny_jobb,0.02012799986423126,0.8114206120616891
2025-01-16,2,3,2,ny_jobb,0.032399765722740066,1.3061326465984233
2025-02-16,2,3,2,ny_jobb,0.01885918531216998,0.7602708561311009
2025-03-16,2,3,2,ny_jobb,0.017183907660168675,0.6927353420745935
2025-04-16,2,3,2,ny_jobb,0.020286548611970115,0.8178121920894939
2025-05-16,2,3,2,ny_jobb,0.024435394612733103,0.9850647350145962
2025-06-16,2,3,2,ny_jobb,0.02032734493005054,0.819456815182199
2025-07-16,2,3,2,ny_jobb,0.01569760640482865,0.6328180386936835
2025-08-16,2,3,2,ny_jobb,0.020269882418441028,0.8171403273714231
2025-09-16,2,3,2,ny_jobb,0.025969734395901372,1.0469186168889415
2025-10-16,2,3,2,ny_jobb,0.023168576008185497,0.9339954417710168
2025-11-16,2,3,2,ny_jobb,0.023131196833904417,0.9324885740902686
2025-12-16,2,3,2,ny_jobb,0.02172060206020122,0.8756232281855685
2026-01-16,2,3,2,ny_jobb,0.019753071758297904,0.7963061250163965
2026-02-16,2,3,2,ny_jobb,0.01644249313641349,0.6628466779890011
2021-01-16,2,3,3,ny_jobb,0.030955443783984377,1.4640451091543596
2021-02-16,2,3,3,ny_jobb,0.015535760436818884,0.7347675014204205
2021-03-16,2,3,3,ny_jobb,0.018236838351583157,0.8625156266985163
2021-04-16,2,3,3,ny_jobb,0.014666443548206851,0.69365295148991
2021-05-16,2,3,3,ny_jobb,0.016321469134373174,0.7719277819804926
2021-06-16,2,3,3,ny_jobb,0.018149744758831198,0.8583965144222724
2021-07-16,2,3,3,ny_jobb,0.015877351655957935,0.7509231397372371
2021-08-16,2,3,3,ny_jobb,0.01781352352262634,0.8424948507312408
2021-09-16,2,3,3,ny_jobb,0.02240454597680864,1.0596283545171232
2021-10-16,2,3,3,ny_jobb,0.019912038248113124,0.9417446060174782
2021-11-16,2,3,3,ny_jobb,0.020157462669836985,0.9533520126758753
2021-12-16,2,3,3,ny_jobb,0.01945461488942748,0.9201106589880012
2022-01-16,2,3,3,ny_jobb,0.03202334713540666,1.5145518532866546
2022-02-16,2,3,3,ny_jobb,0.0203500954019635,0.9624626237626005
2022-03-16,2,3,3,ny_jobb,0.022321660809526443,1.055708280728883
2022-04-16,2,3,3,ny_jobb,0.019912954917009312,0.9417879600919197
2022-05-16,2,3,3,ny_jobb,0.021371865942509647,1.0107875055831785
2022-06-16,2,3,3,ny_jobb,0.021517804049806223,1.0176896832330218
2022-07-16,2,3,3,ny_jobb,0.015631580618715377,0.7392993398150753
2022-08-16,2,3,3,ny_jobb,0.019325259541223563,0.9139927668911387
2022-09-16,2,3,3,ny_jobb,0.025214246812922485,1.1925138268109379
2022-10-16,2,3,3,ny_jobb,0.021143777326550005,1.0
2022-11-16,2,3,3,ny_jobb,0.024073618651621942,1.1385675454211754
2022-12-16,2,3,3,ny_jobb,0.01664132547361702,0.7870554639601077
2023-01-16,2,3,3,ny_jobb,0.03325560368648408,1.5728317212613372
2023-02-16,2,3,3,ny_jobb,0.01758780287469791,0.8318193387618164
2023-03-16,2,3,3,ny_jobb,0.01703471876410517,0.8056610936171212
2023-04-16,2,3,3,ny_jobb,0.019838102896316493,0.9382478158907779
2023-05-16,2,3,3,ny_jobb,0.018055185281181895,0.8539243013361761
2023-06-16,2,3,3,ny_jobb,0.018482946770309004,0.8741553831585321
2023-07-16,2,3,3,ny_jobb,0.01802336661901673,0.8524194301074571
2023-08-16,2,3,3,ny_jobb,0.019882846519827736,0.9403639762541893
2023-09-16,2,3,3,ny_jobb,0.02203322709346167,1.0420667392195242
2023-10-16,2,3,3,ny_jobb,0.0224243146351012,1.0605633179338887
2023-11-16,2,3,3,ny_jobb,0.01889343067332428,0.8935693174180382
2023-12-16,2,3,3,ny_jobb,0.01732833136598769,0.819547571768489
2024-01-16,2,3,3,ny_jobb,0.03119103420441263,1.4751874143720949
2024-02-16,2,3,3,ny_jobb,0.01643990700623282,0.7775293294254197
2024-03-16,2,3,3,ny_jobb,0.016082399377426195,0.7606209207108754
2024-04-16,2,3,3,ny_jobb,0.01595469002555394,0.7545808764037547
2024-05-16,2,3,3,ny_jobb,0.018364991252863904,0.8685766487808775
2024-06-16,2,3,3,ny_jobb,0.017705564771867726,0.8373889158222947
2024-07-16,2,3,3,ny_jobb,0.018124963837394734,0.8572244948226644
2024-08-16,2,3,3,ny_jobb,0.01803829827242287,0.8531256262225378
2024-09-16,2,3,3,ny_jobb,0.02020890749145016,0.9557851078044631
2024-10-16,2,3,3,ny_jobb,0.018096712747962748,0.8558883527986699
2024-11-16,2,3,3,ny_jobb,0.021738816972539817,1.0281425422146604
2024-12-16,2,3,3,ny_jobb,0.018123219637836224,0.8571420024878478
2025-01-16,2,3,3,ny_jobb,0.03455348394172133,1.6342152780020487
2025-02-16,2,3,3,ny_jobb,0.019576968436733715,0.9258973992386467
2025-03-16,2,3,3,ny_jobb,0.015979951068642636,0.7557756034716082
2025-04-16,2,3,3,ny_jobb,0.017539006901850184,0.829511521568412
2025-05-16,2,3,3,ny_jobb,0.017182681766242682,0.8126590391522228
2025-06-16,2,3,3,ny_jobb,0.017500471628333594,0.8276889866011995
2025-07-16,2,3,3,ny_jobb,0.014955852745135554,0.7073406285997752
2025-08-16,2,3,3,ny_jobb,0.016625214401035173,0.7862934869333436
2025-09-16,2,3,3,ny_jobb,0.02103351170700935,0.9947849611808863
2025-10-16,2,3,3,ny_jobb,0.017499252467305246,0.827631326089101
2025-11-16,2,3,3,ny_jobb,0.02154383728224961,1.0189209311808847
2025-12-16,2,3,3,ny_jobb,0.016718773384842275,0.7907183814241506
2026-01-16,2,3,3,ny_jobb,0.026209923110095887,1.2396045751571731
2026-02-16,2,3,3,ny_jobb,0.014577475330110895,0.6894451783601656
2021-01-16,2,3,4,ny_jobb,0.033023798944671535,1.9416944146198114
2021-02-16,2,3,4,ny_jobb,0.011280933858831306,0.6632830554136638
2021-03-16,2,3,4,ny_jobb,0.014027784660134629,0.8247891518994285
2021-04-16,2,3,4,ny_jobb,0.012187224716440705,0.7165700772729435
2021-05-16,2,3,4,ny_jobb,0.014629436903766429,0.8601643915246636
2021-06-16,2,3,4,ny_jobb,0.014446526250399399,0.8494098264725854
2021-07-16,2,3,4,ny_jobb,0.009517008380991284,0.559569843803278
2021-08-16,2,3,4,ny_jobb,0.015403494469019775,0.905676516085643
2021-09-16,2,3,4,ny_jobb,0.01809776485258797,1.0640910511309531
2021-10-16,2,3,4,ny_jobb,0.015094377331792934,0.8875014109191471
2021-11-16,2,3,4,ny_jobb,0.015483613923891831,0.9103872853792697
2021-12-16,2,3,4,ny_jobb,0.015335996667712048,0.9017078599047503
2022-01-16,2,3,4,ny_jobb,0.03346596625346983,1.9676924469860921
2022-02-16,2,3,4,ny_jobb,0.014501994948623758,0.8526712096256539
2022-03-16,2,3,4,ny_jobb,0.016302967028392158,0.9585626436799654
2022-04-16,2,3,4,ny_jobb,0.014788929226795441,0.8695420331860311
2022-05-16,2,3,4,ny_jobb,0.021482170258459117,1.2630833319524006
2022-06-16,2,3,4,ny_jobb,0.014077526668480646,0.8277138238894455
2022-07-16,2,3,4,ny_jobb,0.008808614525131538,0.5179185366481454
2022-08-16,2,3,4,ny_jobb,0.01584162002455102,0.9314369062061894
2022-09-16,2,3,4,ny_jobb,0.020333417781243396,1.195540337503837
2022-10-16,2,3,4,ny_jobb,0.01700772206791236,1.0
2022-11-16,2,3,4,ny_jobb,0.021287040133235055,1.2516103007936776
2022-12-16,2,3,4,ny_jobb,0.012692049360608191,0.7462521618079392
2023-01-16,2,3,4,ny_jobb,0.03261503032043008,1.917660118750604
2023-02-16,2,3,4,ny_jobb,0.01386329931977803,0.8151179366890785
2023-03-16,2,3,4,ny_jobb,0.01594574124452448,0.9375589030002162
2023-04-16,2,3,4,ny_jobb,0.013686413594576775,0.8047176182634278
2023-05-16,2,3,4,ny_jobb,0.015517047702498872,0.9123530852949514
2023-06-16,2,3,4,ny_jobb,0.012866195401435777,0.7564913955002711
2023-07-16,2,3,4,ny_jobb,0.009195768420255098,0.5406819551457926
2023-08-16,2,3,4,ny_jobb,0.014340806744387962,0.8431938555395413
2023-09-16,2,3,4,ny_jobb,0.016819742682380918,0.988947409607187
2023-10-16,2,3,4,ny_jobb,0.015171263111974377,0.8920220504189247
2023-11-16,2,3,4,ny_jobb,0.013640766378952264,0.8020337070704862
2023-12-16,2,3,4,ny_jobb,0.011245892798360071,0.6612227524329757
2024-01-16,2,3,4,ny_jobb,0.03178558244126418,1.868891219784952
2024-02-16,2,3,4,ny_jobb,0.012393775001922952,0.7287145775568431
2024-03-16,2,3,4,ny_jobb,0.01137884606104512,0.6690399816982566
2024-04-16,2,3,4,ny_jobb,0.013432987852502557,0.789816990121559
2024-05-16,2,3,4,ny_jobb,0.014537955827818205,0.8547855950237014
2024-06-16,2,3,4,ny_jobb,0.011177395480553699,0.6571953278588405
2024-07-16,2,3,4,ny_jobb,0.009197020268535982,0.5407555598458157
2024-08-16,2,3,4,ny_jobb,0.013242839368339868,0.7786368636235236
2024-09-16,2,3,4,ny_jobb,0.016123053421498532,0.9479842954346668
2024-10-16,2,3,4,ny_jobb,0.015076930862050128,0.8864756139503854
2024-11-16,2,3,4,ny_jobb,0.013919524796699233,0.8184238160241649
2024-12-16,2,3,4,ny_jobb,0.013445968566015185,0.7905802148180113
2025-01-16,2,3,4,ny_jobb,0.029171024936156052,1.7151635486325123
2025-02-16,2,3,4,ny_jobb,0.01395267404665651,0.8203728865595905
2025-03-16,2,3,4,ny_jobb,0.012274062995684388,0.7216758920844117
2025-04-16,2,3,4,ny_jobb,0.013202917358358223,0.7762895763253048
2025-05-16,2,3,4,ny_jobb,0.01624293724683045,0.9550330833236751
2025-06-16,2,3,4,ny_jobb,0.01224691921834018,0.7200799242507523
2025-07-16,2,3,4,ny_jobb,0.008275418533417645,0.4865683070533281
2025-08-16,2,3,4,ny_jobb,0.012495871410068646,0.734717521851089
2025-09-16,2,3,4,ny_jobb,0.016193587711815133,0.9521314875180602
2025-10-16,2,3,4,ny_jobb,0.013801654798766211,0.8114934347854332
2025-11-16,2,3,4,ny_jobb,0.011928100818304926,0.7013344156657577
2025-12-16,2,3,4,ny_jobb,0.013324001323101077,0.7834089285971354
2026-01-16,2,3,4,ny_jobb,0.024677196510953764,1.4509407204807885
2026-02-16,2,3,4,ny_jobb,0.011254025019407725,0.6617009011830071
2021-01-16,2,3,5,ny_jobb,0.03207545303143176,1.6935288055425004
2021-02-16,2,3,5,ny_jobb,0.012403004685830643,0.654857335612672
2021-03-16,2,3,5,ny_jobb,0.01718579977505327,0.9073806981562496
2021-04-16,2,3,5,ny_jobb,0.013673885813110777,0.7219576754070983
2021-05-16,2,3,5,ny_jobb,0.015894616720482004,0.8392084514851886
2021-06-16,2,3,5,ny_jobb,0.01571468908578913,0.829708581538943
2021-07-16,2,3,5,ny_jobb,0.008618752500955203,0.455055322645199
2021-08-16,2,3,5,ny_jobb,0.015292058562421182,0.8073944161014744
2021-09-16,2,3,5,ny_jobb,0.01977525207397157,1.044099330142494
2021-10-16,2,3,5,ny_jobb,0.016030241948134308,0.8463692304635045
2021-11-16,2,3,5,ny_jobb,0.017427161045102897,0.9201241584893216
2021-12-16,2,3,5,ny_jobb,0.01579670575622299,0.8340389208104826
2022-01-16,2,3,5,ny_jobb,0.037752333844703605,1.9932583580288328
2022-02-16,2,3,5,ny_jobb,0.016080813781165396,0.8490393363511223
2022-03-16,2,3,5,ny_jobb,0.01931554628620283,1.0198276544502423
2022-04-16,2,3,5,ny_jobb,0.018453137061165872,0.9742939292263313
2022-05-16,2,3,5,ny_jobb,0.02112749878764247,1.1154956330897272
2022-06-16,2,3,5,ny_jobb,0.016638270024144756,0.8784720681161241
2022-07-16,2,3,5,ny_jobb,0.009465676018794026,0.4997714291377847
2022-08-16,2,3,5,ny_jobb,0.017432270174807692,0.9203939117588341
2022-09-16,2,3,5,ny_jobb,0.022668016666006673,1.196832330030732
2022-10-16,2,3,5,ny_jobb,0.018940010306560326,1.0
2022-11-16,2,3,5,ny_jobb,0.018838769003306208,0.9946546331487977
2022-12-16,2,3,5,ny_jobb,0.014326620306116446,0.7564209350590522
2023-01-16,2,3,5,ny_jobb,0.0347912422455292,1.836917809568373
2023-02-16,2,3,5,ny_jobb,0.01447042258447145,0.7640134482640315
2023-03-16,2,3,5,ny_jobb,0.014316567785702181,0.7558901792541948
2023-04-16,2,3,5,ny_jobb,0.016694844343934062,0.8814590949906401
2023-05-16,2,3,5,ny_jobb,0.017035695046063046,0.8994554263870873
2023-06-16,2,3,5,ny_jobb,0.011924685707758016,0.629602915454994
2023-07-16,2,3,5,ny_jobb,0.009201070928694962,0.4858007350454266
2023-08-16,2,3,5,ny_jobb,0.014773008646941138,0.7799894724357227
2023-09-16,2,3,5,ny_jobb,0.018722829543497427,0.9885332288870153
2023-10-16,2,3,5,ny_jobb,0.01568367986409896,0.8280713479161383
2023-11-16,2,3,5,ny_jobb,0.018806416329571078,0.9929464675664419
2023-12-16,2,3,5,ny_jobb,0.012184649617193666,0.6433285631831585
2024-01-16,2,3,5,ny_jobb,0.028642504503811526,1.5122750220410657
2024-02-16,2,3,5,ny_jobb,0.013018058061280263,0.6873310970042686
2024-03-16,2,3,5,ny_jobb,0.014571377959112241,0.7693437185757547
2024-04-16,2,3,5,ny_jobb,0.012793702209153757,0.6754854935175169
2024-05-16,2,3,5,ny_jobb,0.014277322777705798,0.753818110265785
2024-06-16,2,3,5,ny_jobb,0.01174857540952471,0.6203045943145717
2024-07-16,2,3,5,ny_jobb,0.00892028505545111,0.4709757234060932
2024-08-16,2,3,5,ny_jobb,0.013021620758594844,0.6875192013007773
2024-09-16,2,3,5,ny_jobb,0.01648425783460669,0.870340489144136
2024-10-16,2,3,5,ny_jobb,0.017020672144121653,0.8986622429780904
2024-11-16,2,3,5,ny_jobb,0.014188693072658765,0.7491386141296962
2024-12-16,2,3,5,ny_jobb,0.0129033863160125,0.6812766258919671
2025-01-16,2,3,5,ny_jobb,0.032831580502783834,1.7334510367933553
2025-02-16,2,3,5,ny_jobb,0.016178860017466424,0.854216009157212
2025-03-16,2,3,5,ny_jobb,0.012809642417932388,0.6763271091513325
2025-04-16,2,3,5,ny_jobb,0.013413750460627417,0.7082229757806016
2025-05-16,2,3,5,ny_jobb,0.014637304053702494,0.7728245030908201
2025-06-16,2,3,5,ny_jobb,0.01141805358155534,0.602853609725884
2025-07-16,2,3,5,ny_jobb,0.006563108226583833,0.34652083712491666
2025-08-16,2,3,5,ny_jobb,0.01289950660999643,0.6810717840807287
2025-09-16,2,3,5,ny_jobb,0.016866312395581003,0.8905123134879686
2025-10-16,2,3,5,ny_jobb,0.016027856805435267,0.8462432990273313
2025-11-16,2,3,5,ny_jobb,0.013259074153246021,0.700056332527624
2025-12-16,2,3,5,ny_jobb,0.014163263227940896,0.7477959620241131
2026-01-16,2,3,5,ny_jobb,0.025734852573637113,1.3587559962796445
2026-02-16,2,3,5,ny_jobb,0.013014074858713122,0.6871207907529694
2021-01-16,2,3,all,ny_jobb,0.03404705116116328,1.537926054793151
2021-02-16,2,3,all,ny_jobb,0.015636350625419116,0.7063034891005113
2021-03-16,2,3,all,ny_jobb,0.01808267826731586,0.8168055998772951
2021-04-16,2,3,all,ny_jobb,0.016142651621751887,0.7291734137275255
2021-05-16,2,3,all,ny_jobb,0.01845619980355246,0.8336777953542384
2021-06-16,2,3,all,ny_jobb,0.0208619763896024,0.9423481902199741
2021-07-16,2,3,all,ny_jobb,0.015669335083065984,0.7077934171585455
2021-08-16,2,3,all,ny_jobb,0.01903518084993316,0.8598307221450312
2021-09-16,2,3,all,ny_jobb,0.02443337537706368,1.1036704594784585
2021-10-16,2,3,all,ny_jobb,0.020634175588483857,0.9320582891743708
2021-11-16,2,3,all,ny_jobb,0.0213454453561676,0.9641867781448126
2021-12-16,2,3,all,ny_jobb,0.02012989594433468,0.9092796702576325
2022-01-16,2,3,all,ny_jobb,0.0345331986586196,1.5598856335910762
2022-02-16,2,3,all,ny_jobb,0.021055322532822947,0.9510817533660192
2022-03-16,2,3,all,ny_jobb,0.021459337235569576,0.969331343761745
2022-04-16,2,3,all,ny_jobb,0.020194543786719664,0.9121998527051343
2022-05-16,2,3,all,ny_jobb,0.024588120533055226,1.1106603925016125
2022-06-16,2,3,all,ny_jobb,0.021239542373460183,0.9594030758613141
2022-07-16,2,3,all,ny_jobb,0.01455137235131802,0.6572943590960916
2022-08-16,2,3,all,ny_jobb,0.019523438352205116,0.881885611146661
2022-09-16,2,3,all,ny_jobb,0.025026449445784263,1.1304599766789374
2022-10-16,2,3,all,ny_jobb,0.02213828880462173,1.0
2022-11-16,2,3,all,ny_jobb,0.022876742858437958,1.0333564197455978
2022-12-16,2,3,all,ny_jobb,0.018566351467882332,0.8386534131764648
2023-01-16,2,3,all,ny_jobb,0.0354708847299409,1.602241485011966
2023-02-16,2,3,all,ny_jobb,0.019109054010703064,0.8631676178473983
2023-03-16,2,3,all,ny_jobb,0.022057203107675092,0.9963373096420303
2023-04-16,2,3,all,ny_jobb,0.019006998963911597,0.858557729174785
2023-05-16,2,3,all,ny_jobb,0.020943418855007133,0.9460269960266691
2023-06-16,2,3,all,ny_jobb,0.01833269057219375,0.8280988080870325
2023-07-16,2,3,all,ny_jobb,0.01511811589038772,0.6828945102221075
2023-08-16,2,3,all,ny_jobb,0.018257174786855266,0.8246877140316184
2023-09-16,2,3,all,ny_jobb,0.021597382162880804,0.9755669172755573
2023-10-16,2,3,all,ny_jobb,0.020613958100666217,0.9311450529258032
2023-11-16,2,3,all,ny_jobb,0.01949241211321915,0.8804841370191986
2023-12-16,2,3,all,ny_jobb,0.016208250629845797,0.7321365609098957
2024-01-16,2,3,all,ny_jobb,0.029941593877006553,1.35248004673043
2024-02-16,2,3,all,ny_jobb,0.016203565822227144,0.7319249452940728
2024-03-16,2,3,all,ny_jobb,0.01635575192721658,0.7387992844235571
2024-04-16,2,3,all,ny_jobb,0.016862793147445515,0.7617026454151746
2024-05-16,2,3,all,ny_jobb,0.019456640622868716,0.8788683169950707
2024-06-16,2,3,all,ny_jobb,0.017536818766443644,0.7921487934868094
2024-07-16,2,3,all,ny_jobb,0.014790096719676427,0.6680776843325286
2024-08-16,2,3,all,ny_jobb,0.017166340627351874,0.7754140701140424
2024-09-16,2,3,all,ny_jobb,0.0206283153911205,0.9317935804873049
2024-10-16,2,3,all,ny_jobb,0.019680014506910645,0.8889582514978357
2024-11-16,2,3,all,ny_jobb,0.01922656238370721,0.8684755426848236
2024-12-16,2,3,all,ny_jobb,0.018125345081890544,0.8187328858997712
2025-01-16,2,3,all,ny_jobb,0.032471813682871845,1.4667716176912835
2025-02-16,2,3,all,ny_jobb,0.019128016347383085,0.8640241581539853
2025-03-16,2,3,all,ny_jobb,0.016580686389716746,0.7489597112065526
2025-04-16,2,3,all,ny_jobb,0.017964359650652663,0.8114610758398955
2025-05-16,2,3,all,ny_jobb,0.019553238479640023,0.8832317010679689
2025-06-16,2,3,all,ny_jobb,0.017861351251880053,0.8068081236771654
2025-07-16,2,3,all,ny_jobb,0.01295321149920062,0.5851044592252507
2025-08-16,2,3,all,ny_jobb,0.016499439197979332,0.7452897260304421
2025-09-16,2,3,all,ny_jobb,0.02151450820558054,0.9718234501073558
2025-10-16,2,3,all,ny_jobb,0.01883082586901548,0.8505998830896198
2025-11-16,2,3,all,ny_jobb,0.018700990855216072,0.8447351563736007
2025-12-16,2,3,all,ny_jobb,0.017915938360627215,0.8092738566535896
2026-01-16,2,3,all,ny_jobb,0.025107409037344014,1.1341169707797123
2026-02-16,2,3,all,ny_jobb,0.015146112813146687,0.6841591482890352
2021-01-16,2,3,1,overtid_timer,3.63638148860013,0.6920868858891374
2021-02-16,2,3,1,overtid_timer,4.491713298607304,0.8548761671143226
2021-03-16,2,3,1,overtid_timer,4.720936082153685,0.8985025256074536
2021-04-16,2,3,1,overtid_timer,4.93616720486524,0.9394659498056134
2021-05-16,2,3,1,overtid_timer,5.216896344051712,0.992895150324588
2021-06-16,2,3,1,overtid_timer,5.791158324091579,1.1021903897531993
2021-07-16,2,3,1,overtid_timer,4.762974041840041,0.9065033144959876
2021-08-16,2,3,1,overtid_timer,3.9574137625784784,0.7531866982889401
2021-09-16,2,3,1,overtid_timer,5.067049502059413,0.9643758559216524
2021-10-16,2,3,1,overtid_timer,5.529303552049351,1.0523534146431757
2021-11-16,2,3,1,overtid_timer,5.667022546010402,1.0785645011194136
2021-12-16,2,3,1,overtid_timer,5.36057234012731,1.0202399910715525
2022-01-16,2,3,1,overtid_timer,3.8543157992346755,0.7335647888122221
2022-02-16,2,3,1,overtid_timer,4.542599006077979,0.864560885543907
2022-03-16,2,3,1,overtid_timer,4.662398950975265,0.8873615655753002
2022-04-16,2,3,1,overtid_timer,5.037445649132268,0.9587415630272194
2022-05-16,2,3,1,overtid_timer,5.263434700774992,1.0017524680950103
2022-06-16,2,3,1,overtid_timer,5.639025838960281,1.0732360849842495
2022-07-16,2,3,1,overtid_timer,4.820483749619972,0.9174487322665332
2022-08-16,2,3,1,overtid_timer,3.899351013561071,0.7421360240734882
2022-09-16,2,3,1,overtid_timer,4.972434048044535,0.9463683627223205
2022-10-16,2,3,1,overtid_timer,5.2542268358811635,1.0
2022-11-16,2,3,1,overtid_timer,5.458404743920061,1.038859743672383
2022-12-16,2,3,1,overtid_timer,5.064921911773331,0.9639709266423239
2023-01-16,2,3,1,overtid_timer,3.962157195320405,0.754089482445409
2023-02-16,2,3,1,overtid_timer,4.375449714383083,0.8327485377112188
2023-03-16,2,3,1,overtid_timer,4.359824402247352,0.8297746820662691
2023-04-16,2,3,1,overtid_timer,4.832198148682344,0.9196782513619736
2023-05-16,2,3,1,overtid_timer,5.248773097557415,0.9989620283832239
2023-06-16,2,3,1,overtid_timer,5.814715204162567,1.1066738048791163
2023-07-16,2,3,1,overtid_timer,4.692877854256877,0.8931624006426923
2023-08-16,2,3,1,overtid_timer,3.752864211812144,0.714256222472886
2023-09-16,2,3,1,overtid_timer,4.959669833530389,0.9439390396434272
2023-10-16,2,3,1,overtid_timer,5.397186436248285,1.02720849419573
2023-11-16,2,3,1,overtid_timer,5.607862481940484,1.067304982655933
2023-12-16,2,3,1,overtid_timer,5.181753026371278,0.9862065701056222
2024-01-16,2,3,1,overtid_timer,4.29616547478195,0.8176589266080779
2024-02-16,2,3,1,overtid_timer,4.86840127166571,0.9265685368624271
2024-03-16,2,3,1,overtid_timer,4.706863223692877,0.895824137540021
2024-04-16,2,3,1,overtid_timer,5.13806137775703,0.9778910462466449
2024-05-16,2,3,1,overtid_timer,5.169171741888918,0.983812062811715
2024-06-16,2,3,1,overtid_timer,5.923270829088141,1.1273344326586872
2024-07-16,2,3,1,overtid_timer,4.732044606053782,0.900616732749071
2024-08-16,2,3,1,overtid_timer,3.7643847036781475,0.7164488365768926
2024-09-16,2,3,1,overtid_timer,5.032998897810401,0.9578952441565722
2024-10-16,2,3,1,overtid_timer,5.609204919689224,1.0675604793808886
2024-11-16,2,3,1,overtid_timer,5.564824318536857,1.0591138320360707
2024-12-16,2,3,1,overtid_timer,5.233153916293873,0.995989339584012
2025-01-16,2,3,1,overtid_timer,4.348170584476967,0.8275566929815953
2025-02-16,2,3,1,overtid_timer,4.710509383175908,0.8965180854027458
2025-03-16,2,3,1,overtid_timer,4.3739429227115885,0.8324617606613197
2025-04-16,2,3,1,overtid_timer,4.888516126221255,0.930396855506415
2025-05-16,2,3,1,overtid_timer,5.638249714200496,1.0730883706232166
2025-06-16,2,3,1,overtid_timer,5.903538058920452,1.1235788334460812
2025-07-16,2,3,1,overtid_timer,5.325289632137374,1.0135248816763909
2025-08-16,2,3,1,overtid_timer,3.9288494567569106,0.7477502550759251
2025-09-16,2,3,1,overtid_timer,4.976002511905397,0.947047523324313
2025-10-16,2,3,1,overtid_timer,5.258136178459312,1.0007440376482133
2025-11-16,2,3,1,overtid_timer,5.541419245763122,1.0546593093242034
2025-12-16,2,3,1,overtid_timer,5.1228558666205455,0.97499708837017
2026-01-16,2,3,1,overtid_timer,4.1172763944168445,0.7836122274546515
2026-02-16,2,3,1,overtid_timer,4.550038515118276,0.8659767949198578
2021-01-16,2,3,2,overtid_timer,2.0660981101203824,0.7041572122437497
2021-02-16,2,3,2,overtid_timer,2.4989043789271728,0.8516640775720623
2021-03-16,2,3,2,overtid_timer,2.517477287011354,0.8579940031045215
2021-04-16,2,3,2,overtid_timer,2.708657720206691,0.9231511610414874
2021-05-16,2,3,2,overtid_timer,2.86062905005356,0.974945268708384
2021-06-16,2,3,2,overtid_timer,3.270381480471021,1.1145950402751608
2021-07-16,2,3,2,overtid_timer,2.70892824715695,0.9232433606820554
2021-08-16,2,3,2,overtid_timer,2.193351237281974,0.7475269858437966
2021-09-16,2,3,2,overtid_timer,2.6286552367639047,0.8958851152338337
2021-10-16,2,3,2,overtid_timer,2.954541688291806,1.0069521038206073
2021-11-16,2,3,2,overtid_timer,3.068700411932079,1.0458591083805968
2021-12-16,2,3,2,overtid_timer,3.235812704573716,1.1028134831713179
2022-01-16,2,3,2,overtid_timer,2.1161678873901115,0.7212217430166198
2022-02-16,2,3,2,overtid_timer,2.4646515207069872,0.8399901899490293
2022-03-16,2,3,2,overtid_timer,2.426991938186527,0.8271552396085899
2022-04-16,2,3,2,overtid_timer,2.759046210616578,0.9403243140308825
2022-05-16,2,3,2,overtid_timer,2.94240178567163,1.0028146429981706
2022-06-16,2,3,2,overtid_timer,3.2697050620091668,1.1143645067220462
2022-07-16,2,3,2,overtid_timer,2.9422612669743593,1.002766752119391
2022-08-16,2,3,2,overtid_timer,2.2142503184902784,0.7546497060524889
2022-09-16,2,3,2,overtid_timer,2.772339000818697,0.9448546962261015
2022-10-16,2,3,2,overtid_timer,2.9341432200018223,1.0
2022-11-16,2,3,2,overtid_timer,3.0168416319347857,1.028184858656256
2022-12-16,2,3,2,overtid_timer,3.1935323698530707,1.0884037112036704
2023-01-16,2,3,2,overtid_timer,2.2768050417223584,0.7759692935919278
2023-02-16,2,3,2,overtid_timer,2.4162957720407854,0.8235098258220963
2023-03-16,2,3,2,overtid_timer,2.444893965844857,0.8332565190336342
2023-04-16,2,3,2,overtid_timer,2.665052091157387,0.9082897088969406
2023-05-16,2,3,2,overtid_timer,2.879695991594913,0.981443568249925
2023-06-16,2,3,2,overtid_timer,3.3578448628928417,1.1444038723136207
2023-07-16,2,3,2,overtid_timer,2.760765320228387,0.9409102123606197
2023-08-16,2,3,2,overtid_timer,2.143342859903353,0.7304833810743642
2023-09-16,2,3,2,overtid_timer,2.8032710000176717,0.9553967853061824
2023-10-16,2,3,2,overtid_timer,3.0535821137928596,1.0407065657111867
2023-11-16,2,3,2,overtid_timer,3.0621280694882196,1.0436191555388077
2023-12-16,2,3,2,overtid_timer,3.313224322080831,1.1291965230241123
2024-01-16,2,3,2,overtid_timer,2.4288745678355848,0.8277968680186226
2024-02-16,2,3,2,overtid_timer,2.7340106801876645,0.9317918299114133
2024-03-16,2,3,2,overtid_timer,2.6641887095149763,0.9079954554888161
2024-04-16,2,3,2,overtid_timer,2.9430603414392644,1.0030390886772858
2024-05-16,2,3,2,overtid_timer,2.982279753946819,1.0164056524633336
2024-06-16,2,3,2,overtid_timer,3.4296899512629335,1.1688897555794169
2024-07-16,2,3,2,overtid_timer,2.8790288067500085,0.9812161816519033
2024-08-16,2,3,2,overtid_timer,2.1549719762450357,0.7344467582750434
2024-09-16,2,3,2,overtid_timer,2.7186560473360384,0.9265587408287281
2024-10-16,2,3,2,overtid_timer,3.05658107037618,1.0417286550771307
2024-11-16,2,3,2,overtid_timer,3.0013659193326294,1.0229105037792823
2024-12-16,2,3,2,overtid_timer,3.2420990432624355,1.104955961645397
2025-01-16,2,3,2,overtid_timer,2.3568073175491584,0.8032352686409406
2025-02-16,2,3,2,overtid_timer,2.694061348825089,0.918176498836146
2025-03-16,2,3,2,overtid_timer,2.483233647490732,0.8463232573525125
2025-04-16,2,3,2,overtid_timer,2.8254565968249175,0.96295796931929
2025-05-16,2,3,2,overtid_timer,2.92936063903588,0.9983700247031775
2025-06-16,2,3,2,overtid_timer,3.256299313343892,1.1097956265890354
2025-07-16,2,3,2,overtid_timer,3.054112749885863,1.040887414447331
2025-08-16,2,3,2,overtid_timer,2.157927538977341,0.7354540583659719
2025-09-16,2,3,2,overtid_timer,2.8732717058310473,0.9792540753444418
2025-10-16,2,3,2,overtid_timer,3.092073096921225,1.05382486984371
2025-11-16,2,3,2,overtid_timer,3.1086668023030968,1.0594802534217012
2025-12-16,2,3,2,overtid_timer,3.1910530276229876,1.087558714199713
2026-01-16,2,3,2,overtid_timer,2.260410331477404,0.7703817305400655
2026-02-16,2,3,2,overtid_timer,2.580099698780318,0.8793366599121619
2021-01-16,2,3,3,overtid_timer,2.9906429610066163,0.8184442445042427
2021-02-16,2,3,3,overtid_timer,2.950470075563226,0.8074501983058278
2021-03-16,2,3,3,overtid_timer,2.869185406528099,0.7852051592270607
2021-04-16,2,3,3,overtid_timer,3.3318576164180445,0.9118238871105886
2021-05-16,2,3,3,overtid_timer,3.4284445135789876,0.9382566613021589
2021-06-16,2,3,3,overtid_timer,3.8121841111634795,1.0432740335282602
2021-07-16,2,3,3,overtid_timer,3.204897859837403,0.8770790234100715
2021-08-16,2,3,3,overtid_timer,2.830263400175426,0.77455343901196
2021-09-16,2,3,3,overtid_timer,3.344265981162146,0.9152196634840748
2021-10-16,2,3,3,overtid_timer,3.5772021633385704,0.9789669178788012
2021-11-16,2,3,3,overtid_timer,3.7905675272259876,1.0373582592482278
2021-12-16,2,3,3,overtid_timer,3.949087159957812,1.0807400613362372
2022-01-16,2,3,3,overtid_timer,3.2301290115593044,0.8839839903948475
2022-02-16,2,3,3,overtid_timer,3.194039503950048,0.8741074353613955
2022-03-16,2,3,3,overtid_timer,3.1595906177691684,0.8646798664432948
2022-04-16,2,3,3,overtid_timer,3.5842549146168876,0.9808970324952633
2022-05-16,2,3,3,overtid_timer,3.646582556583769,0.9979541337629269
2022-06-16,2,3,3,overtid_timer,3.814471788678303,1.0439000983978222
2022-07-16,2,3,3,overtid_timer,3.5190968893628405,0.9630653449793162
2022-08-16,2,3,3,overtid_timer,2.8898062290163335,0.7908484251409426
2022-09-16,2,3,3,overtid_timer,3.421934398619519,0.9364750490571971
2022-10-16,2,3,3,overtid_timer,3.6540582710287643,1.0
2022-11-16,2,3,3,overtid_timer,3.7311393173092378,1.0210946406880292
2022-12-16,2,3,3,overtid_timer,3.764431330992369,1.0302056102494859
2023-01-16,2,3,3,overtid_timer,3.2943440163754074,0.9015576030887753
2023-02-16,2,3,3,overtid_timer,3.128213242963062,0.8560928728928956
2023-03-16,2,3,3,overtid_timer,3.027073591142575,0.8284141539675918
2023-04-16,2,3,3,overtid_timer,3.482164881592475,0.9529582243394563
2023-05-16,2,3,3,overtid_timer,3.521933285423596,0.963841576733266
2023-06-16,2,3,3,overtid_timer,3.9365360143135453,1.0773052103532141
2023-07-16,2,3,3,overtid_timer,3.387135885401611,0.9269517982941186
2023-08-16,2,3,3,overtid_timer,2.82509420247505,0.773138793344878
2023-09-16,2,3,3,overtid_timer,3.5487282879168265,0.9711745201364063
2023-10-16,2,3,3,overtid_timer,3.760023928428929,1.0289994437801702
2023-11-16,2,3,3,overtid_timer,3.882060211664244,1.0623969087858274
2023-12-16,2,3,3,overtid_timer,3.882975431643019,1.062647375502801
2024-01-16,2,3,3,overtid_timer,3.3723647717678884,0.9229094123938073
2024-02-16,2,3,3,overtid_timer,3.5521030243974097,0.9720980786103747
2024-03-16,2,3,3,overtid_timer,3.3243665438492664,0.909773817841532
2024-04-16,2,3,3,overtid_timer,3.6239955105990895,0.9917727747616868
2024-05-16,2,3,3,overtid_timer,3.7965556194157406,1.038997010397116
2024-06-16,2,3,3,overtid_timer,3.93866984625204,1.0778891725618667
2024-07-16,2,3,3,overtid_timer,3.431083200351739,0.9389787862867744
2024-08-16,2,3,3,overtid_timer,2.8582445265538405,0.7822109869498961
2024-09-16,2,3,3,overtid_timer,3.5949311548860154,0.983818781268066
2024-10-16,2,3,3,overtid_timer,3.9079893027259733,1.069492879659447
2024-11-16,2,3,3,overtid_timer,3.909245547439501,1.0698366740437588
2024-12-16,2,3,3,overtid_timer,3.9322021498348754,1.076119168928251
2025-01-16,2,3,3,overtid_timer,3.547963767005536,0.9709652949805427
2025-02-16,2,3,3,overtid_timer,3.4875879371284872,0.9544423428547545
2025-03-16,2,3,3,overtid_timer,3.2255308352672127,0.8827256151990964
2025-04-16,2,3,3,overtid_timer,3.731231821815054,1.021119956241027
2025-05-16,2,3,3,overtid_timer,3.833806035223954,1.0491912692307952
2025-06-16,2,3,3,overtid_timer,4.003235043482873,1.09555862182674
2025-07-16,2,3,3,overtid_timer,3.8245132941646154,1.046648140366919
2025-08-16,2,3,3,overtid_timer,2.9960160106002762,0.819914677977146
2025-09-16,2,3,3,overtid_timer,3.712559776034642,1.0160100087811152
2025-10-16,2,3,3,overtid_timer,3.89548161716775,1.0660699223252987
2025-11-16,2,3,3,overtid_timer,3.9774762911754724,1.0885092672743977
2025-12-16,2,3,3,overtid_timer,4.012009685888838,1.097959963500882
2026-01-16,2,3,3,overtid_timer,3.4715178498662995,0.9500444690196272
2026-02-16,2,3,3,overtid_timer,3.436783228265077,0.9405387033681553
2021-01-16,2,3,4,overtid_timer,0.9735490084825018,0.752569836621691
2021-02-16,2,3,4,overtid_timer,1.1129033650585336,0.8602931093559675
2021-03-16,2,3,4,overtid_timer,1.0782564307310052,0.8335104435845205
2021-04-16,2,3,4,overtid_timer,1.205186135946012,0.9316292508390133
2021-05-16,2,3,4,overtid_timer,1.2418531118546583,0.9599734428915465
2021-06-16,2,3,4,overtid_timer,1.2790917505063222,0.9887595399055835
2021-07-16,2,3,4,overtid_timer,1.1906544552450848,0.9203960160705019
2021-08-16,2,3,4,overtid_timer,0.8633163076453193,0.6673580959321135
2021-09-16,2,3,4,overtid_timer,1.087444464154244,0.8406129486992651
2021-10-16,2,3,4,overtid_timer,1.253760310609511,0.9691779087617642
2021-11-16,2,3,4,overtid_timer,1.3520651879189722,1.045169240283136
2021-12-16,2,3,4,overtid_timer,1.4828071112689838,1.1462349565828125
2022-01-16,2,3,4,overtid_timer,1.0558408857916972,0.816182848521735
2022-02-16,2,3,4,overtid_timer,1.1432505532970862,0.8837519987345455
2022-03-16,2,3,4,overtid_timer,1.0915754377021207,0.8438062610655936
2022-04-16,2,3,4,overtid_timer,1.2384830688944715,0.9573683427292967
2022-05-16,2,3,4,overtid_timer,1.2105215008215413,0.9357535780559376
2022-06-16,2,3,4,overtid_timer,1.3000272073883272,1.0049430018864542
2022-07-16,2,3,4,overtid_timer,1.2408059332230215,0.9591639561118793
2022-08-16,2,3,4,overtid_timer,0.8312798397284885,0.6425933648132499
2022-09-16,2,3,4,overtid_timer,1.1196301835635378,0.8654930537441661
2022-10-16,2,3,4,overtid_timer,1.293632778125673,1.0
2022-11-16,2,3,4,overtid_timer,1.3690917878439814,1.0583310897762193
2022-12-16,2,3,4,overtid_timer,1.4580427037855574,1.1270916510774378
2023-01-16,2,3,4,overtid_timer,1.0043205984191743,0.7763567956853419
2023-02-16,2,3,4,overtid_timer,1.1081346437131432,0.8566068071641665
2023-03-16,2,3,4,overtid_timer,1.0656339138384896,0.8237530247049493
2023-04-16,2,3,4,overtid_timer,1.2217010892182938,0.9443955888226642
2023-05-16,2,3,4,overtid_timer,1.197092376298476,0.9253726378462109
2023-06-16,2,3,4,overtid_timer,1.300248053188033,1.0051137194219404
2023-07-16,2,3,4,overtid_timer,1.1826749618372048,0.9142277328120633
2023-08-16,2,3,4,overtid_timer,0.8438359173578088,0.6522994250195417
2023-09-16,2,3,4,overtid_timer,1.185270538821387,0.9162341576863178
2023-10-16,2,3,4,overtid_timer,1.2963244357218975,1.002080696811134
2023-11-16,2,3,4,overtid_timer,1.3850450759862998,1.070663251122218
2023-12-16,2,3,4,overtid_timer,1.4696887858244438,1.1360942693133178
2024-01-16,2,3,4,overtid_timer,1.0497554185375322,0.8114786794893283
2024-02-16,2,3,4,overtid_timer,1.2097528418649817,0.9351593916921124
2024-03-16,2,3,4,overtid_timer,1.1797482015995457,0.9119652976858448
2024-04-16,2,3,4,overtid_timer,1.2544158885948127,0.9696846816237286
2024-05-16,2,3,4,overtid_timer,1.3104921184994787,1.0130325550333017
2024-06-16,2,3,4,overtid_timer,1.3528994936990286,1.0458141727509613
2024-07-16,2,3,4,overtid_timer,1.25372096765655,0.9691474959942259
2024-08-16,2,3,4,overtid_timer,0.8578181683233481,0.6631079413171869
2024-09-16,2,3,4,overtid_timer,1.1717771923515559,0.9058035728263844
2024-10-16,2,3,4,overtid_timer,1.3171367462394374,1.0181689645710887
2024-11-16,2,3,4,overtid_timer,1.4040043966190587,1.0853191263855433
2024-12-16,2,3,4,overtid_timer,1.4847976843964885,1.1477737032512363
2025-01-16,2,3,4,overtid_timer,1.1069883344828955,0.8557206907564572
2025-02-16,2,3,4,overtid_timer,1.1642783828691705,0.9000068663659542
2025-03-16,2,3,4,overtid_timer,1.1126783173412973,0.8601191436672174
2025-04-16,2,3,4,overtid_timer,1.2777997471259015,0.9877607994575465
2025-05-16,2,3,4,overtid_timer,1.2542099664147282,0.9695255002984201
2025-06-16,2,3,4,overtid_timer,1.322399434684109,1.022237111678722
2025-07-16,2,3,4,overtid_timer,1.3054206094041785,1.0091121927936804
2025-08-16,2,3,4,overtid_timer,0.8562312135140197,0.6618811984298987
2025-09-16,2,3,4,overtid_timer,1.1469799980678452,0.8866349225702901
2025-10-16,2,3,4,overtid_timer,1.3266833513074217,1.0255486516271142
2025-11-16,2,3,4,overtid_timer,1.4280617291275524,1.1039158509856652
2025-12-16,2,3,4,overtid_timer,1.489375993427731,1.151312813506216
2026-01-16,2,3,4,overtid_timer,1.0542939972916006,0.8149870775686071
2026-02-16,2,3,4,overtid_timer,1.1682901560720709,0.9031080348511196
2021-01-16,2,3,5,overtid_timer,1.2332275439269849,0.8601784986840889
2021-02-16,2,3,5,overtid_timer,1.6431521110399632,1.146101644375557
2021-03-16,2,3,5,overtid_timer,1.5035075830846287,1.0486993271814644
2021-04-16,2,3,5,overtid_timer,1.5908909884620286,1.1096494144687505
2021-05-16,2,3,5,overtid_timer,1.5298351321441057,1.0670628414700762
2021-06-16,2,3,5,overtid_timer,1.5770344219045966,1.0999844336004723
2021-07-16,2,3,5,overtid_timer,1.3916537871050165,0.9706810970732699
2021-08-16,2,3,5,overtid_timer,0.9449753969553751,0.6591220916604839
2021-09-16,2,3,5,overtid_timer,1.2042910520375896,0.8399952419338017
2021-10-16,2,3,5,overtid_timer,1.43702253641125,1.002325883842419
2021-11-16,2,3,5,overtid_timer,1.559789478120009,1.087956053333127
2021-12-16,2,3,5,overtid_timer,1.7612175323167447,1.2284524946468507
2022-01-16,2,3,5,overtid_timer,1.2569852614354848,0.8767495507006113
2022-02-16,2,3,5,overtid_timer,1.6295895008839967,1.1366416986423895
2022-03-16,2,3,5,overtid_timer,1.4199945168364023,0.9904488086136134
2022-04-16,2,3,5,overtid_timer,1.5765724409995223,1.0996622010625239
2022-05-16,2,3,5,overtid_timer,1.4740010237113383,1.0281184473040745
2022-06-16,2,3,5,overtid_timer,1.578801527471313,1.101216993010031
2022-07-16,2,3,5,overtid_timer,1.4895960281173324,1.03899599179534
2022-08-16,2,3,5,overtid_timer,0.9855457600484747,0.687419995148242
2022-09-16,2,3,5,overtid_timer,1.2247797712274158,0.8542861615612894
2022-10-16,2,3,5,overtid_timer,1.433687944785403,1.0
2022-11-16,2,3,5,overtid_timer,1.5096113612859303,1.052956723795213
2022-12-16,2,3,5,overtid_timer,1.6788425707313481,1.1709958061917305
2023-01-16,2,3,5,overtid_timer,1.1693771352249247,0.8156427202154923
2023-02-16,2,3,5,overtid_timer,1.5598607331693415,1.0880057538621657
2023-03-16,2,3,5,overtid_timer,1.429708174277418,0.9972241026909237
2023-04-16,2,3,5,overtid_timer,1.4998943019202107,1.0461790568691136
2023-05-16,2,3,5,overtid_timer,1.4543847336627618,1.014436048620369
2023-06-16,2,3,5,overtid_timer,1.5837526040777388,1.1046703781238796
2023-07-16,2,3,5,overtid_timer,1.442353558223869,1.0060442814421258
2023-08-16,2,3,5,overtid_timer,0.9857580761365148,0.6875680860133513
2023-09-16,2,3,5,overtid_timer,1.2455847053178952,0.8687976416683455
2023-10-16,2,3,5,overtid_timer,1.447754725692705,1.0098116057671167
2023-11-16,2,3,5,overtid_timer,1.533298313593534,1.0694784169528893
2023-12-16,2,3,5,overtid_timer,1.6616473212946328,1.1590020878241751
2024-01-16,2,3,5,overtid_timer,1.1813659171886475,0.8240049178661933
2024-02-16,2,3,5,overtid_timer,1.5731964153950315,1.0973074169431691
2024-03-16,2,3,5,overtid_timer,1.4352254734024446,1.0010724290614523
2024-04-16,2,3,5,overtid_timer,1.4354841334903001,1.0012528449523694
2024-05-16,2,3,5,overtid_timer,1.5284434231242807,1.0660921218480783
2024-06-16,2,3,5,overtid_timer,1.51792065431416,1.058752471090468
2024-07-16,2,3,5,overtid_timer,1.408997908149099,0.9827786536630191
2024-08-16,2,3,5,overtid_timer,0.926886412037136,0.6465049911372966
2024-09-16,2,3,5,overtid_timer,1.17180923854478,0.8173391167909825
2024-10-16,2,3,5,overtid_timer,1.3704243578171966,0.9558735307789201
2024-11-16,2,3,5,overtid_timer,1.4490726666140101,1.0107308720036075
2024-12-16,2,3,5,overtid_timer,1.5687193195391742,1.094184634281753
2025-01-16,2,3,5,overtid_timer,1.2088748626750028,0.8431924583532363
2025-02-16,2,3,5,overtid_timer,1.4968349588654384,1.0440451594154176
2025-03-16,2,3,5,overtid_timer,1.3389265092593772,0.9339037230028395
2025-04-16,2,3,5,overtid_timer,1.4789394606301116,1.0315630162123475
2025-05-16,2,3,5,overtid_timer,1.3729512615264885,0.9576360508018321
2025-06-16,2,3,5,overtid_timer,1.468816250020808,1.0245020580407147
2025-07-16,2,3,5,overtid_timer,1.4192218180178144,0.9899098497548197
2025-08-16,2,3,5,overtid_timer,0.8932002924828047,0.6230088602834005
2025-09-16,2,3,5,overtid_timer,1.1683003786404222,0.8148916805011537
2025-10-16,2,3,5,overtid_timer,1.3611027585155162,0.9493716979807963
2025-11-16,2,3,5,overtid_timer,1.4472186419975077,1.0094376863956473
2025-12-16,2,3,5,overtid_timer,1.5695874338412883,1.0947901456172369
2026-01-16,2,3,5,overtid_timer,1.1609302142964844,0.8097509772046346
2026-02-16,2,3,5,overtid_timer,1.4374548349204495,1.002627412854204
2021-01-16,2,3,all,overtid_timer,2.1271501088836695,0.7401454278891296
2021-02-16,2,3,all,overtid_timer,2.473433579482396,0.8606353389898247
2021-03-16,2,3,all,overtid_timer,2.4666098522330486,0.8582610117133085
2021-04-16,2,3,all,overtid_timer,2.6770319130096762,0.9314777186868298
2021-05-16,2,3,all,overtid_timer,2.7734798861768137,0.9650369517991058
2021-06-16,2,3,all,overtid_timer,3.0594957267247844,1.0645566405137605
2021-07-16,2,3,all,overtid_timer,2.5901841183105447,0.9012588836829616
2021-08-16,2,3,all,overtid_timer,2.10629126584544,0.7328875586671476
2021-09-16,2,3,all,overtid_timer,2.6176975648395446,0.9108322332876109
2021-10-16,2,3,all,overtid_timer,2.9006162507231488,1.0092742618715946
2021-11-16,2,3,all,overtid_timer,3.03827427459979,1.0571726008553062
2021-12-16,2,3,all,overtid_timer,3.0992532118672442,1.078390323773662
2022-01-16,2,3,all,overtid_timer,2.2606369784825753,0.7865924067855615
2022-02-16,2,3,all,overtid_timer,2.5467811342903857,0.8861567430088721
2022-03-16,2,3,all,overtid_timer,2.509192654238057,0.8730777686873876
2022-04-16,2,3,all,overtid_timer,2.7908846893871364,0.9710929821025764
2022-05-16,2,3,all,overtid_timer,2.8516848367000986,0.9922484947580942
2022-06-16,2,3,all,overtid_timer,3.0671965193016906,1.0672361441337053
2022-07-16,2,3,all,overtid_timer,2.751452575814908,0.9573725124231676
2022-08-16,2,3,all,overtid_timer,2.1216984540644273,0.738248515502909
2022-09-16,2,3,all,overtid_timer,2.6557352313637033,0.9240675027910886
2022-10-16,2,3,all,overtid_timer,2.873962371084601,1.0
2022-11-16,2,3,all,overtid_timer,2.976169426472025,1.0355631153753944
2022-12-16,2,3,all,overtid_timer,2.980010877189899,1.0368997545591652
2023-01-16,2,3,all,overtid_timer,2.2945897508788264,0.7984063305647506
2023-02-16,2,3,all,overtid_timer,2.4770606428095467,0.8618973817234539
2023-03-16,2,3,all,overtid_timer,2.4216379289612693,0.8426129560100575
2023-04-16,2,3,all,overtid_timer,2.6951002673557336,0.9377646327146006
2023-05-16,2,3,all,overtid_timer,2.81171579384772,0.9783411996402062
2023-06-16,2,3,all,overtid_timer,3.1493225150511273,1.0958120213183613
2023-07-16,2,3,all,overtid_timer,2.652494523853051,0.9229398932081458
2023-08-16,2,3,all,overtid_timer,2.0761974056861554,0.7224163498364183
2023-09-16,2,3,all,overtid_timer,2.7073668598080514,0.9420328140156969
2023-10-16,2,3,all,overtid_timer,2.9500083312463183,1.026460318662077
2023-11-16,2,3,all,overtid_timer,3.057112865005446,1.0637275198045568
2023-12-16,2,3,all,overtid_timer,3.045960513489315,1.059847040495455
2024-01-16,2,3,all,overtid_timer,2.4200041271079273,0.8420444719304536
2024-02-16,2,3,all,overtid_timer,2.7408310097689483,0.9536767208036164
2024-03-16,2,3,all,overtid_timer,2.617481953346402,0.9107572109089911
2024-04-16,2,3,all,overtid_timer,2.8304977363103,0.9848764078431904
2024-05-16,2,3,all,overtid_timer,2.9179476416044365,1.015304748232746
2024-06-16,2,3,all,overtid_timer,3.1939136300289346,1.1113275741406412
2024-07-16,2,3,all,overtid_timer,2.7098118503088995,0.9428835525380408
2024-08-16,2,3,all,overtid_timer,2.0894257531417475,0.7270191753948476
2024-09-16,2,3,all,overtid_timer,2.7161607190943506,0.9450926520201106
2024-10-16,2,3,all,overtid_timer,3.0278716602541134,1.0535529938450199
2024-11-16,2,3,all,overtid_timer,3.0430060461834483,1.0588190286691375
2024-12-16,2,3,all,overtid_timer,3.05129018793733,1.0617015096080773
2025-01-16,2,3,all,overtid_timer,2.4844789673648346,0.8644786001241973
2025-02-16,2,3,all,overtid_timer,2.672474047642481,0.9298918018310446
2025-03-16,2,3,all,overtid_timer,2.4767633159366276,0.8617939263421619
2025-04-16,2,3,all,overtid_timer,2.8079144892620613,0.9770185293700927
2025-05-16,2,3,all,overtid_timer,2.9842651341263418,1.0383800303551343
2025-06-16,2,3,all,overtid_timer,3.1713231244398146,1.1034671700461385
2025-07-16,2,3,all,overtid_timer,2.9674854474440706,1.032541510390122
2025-08-16,2,3,all,overtid_timer,2.1527954501151854,0.749068767140032
2025-09-16,2,3,all,overtid_timer,2.752318639829613,0.9576738608414413
2025-10-16,2,3,all,overtid_timer,2.965973262487632,1.0320153431126196
2025-11-16,2,3,all,overtid_timer,3.087182680586923,1.0741903622843383
2025-12-16,2,3,all,overtid_timer,3.051779314572962,1.0618717020366746
2026-01-16,2,3,all,overtid_timer,2.3921625185569684,0.8323569378029794
2026-02-16,2,3,all,overtid_timer,2.606436197645571,0.9069138217915955
2021-01-16,2,3,1,stillingspst,85.68055536556317,1.0126748334138007
2021-02-16,2,3,1,stillingspst,85.92712776453645,1.015589119648167
2021-03-16,2,3,1,stillingspst,85.80635648676339,1.0141617008706136
2021-04-16,2,3,1,stillingspst,86.02753255028382,1.0167758229701385
2021-05-16,2,3,1,stillingspst,86.03997838082194,1.0169229226161796
2021-06-16,2,3,1,stillingspst,84.17151975446652,0.9948392535723448
2021-07-16,2,3,1,stillingspst,84.80035581662186,1.0022715869853434
2021-08-16,2,3,1,stillingspst,84.63006957188085,1.0002589413647587
2021-09-16,2,3,1,stillingspst,85.0632161766185,1.0053783837391104
2021-10-16,2,3,1,stillingspst,85.27765677900162,1.0079128981381937
2021-11-16,2,3,1,stillingspst,84.95208877154323,1.0040649477332144
2021-12-16,2,3,1,stillingspst,84.22461152471382,0.9954667553358597
2022-01-16,2,3,1,stillingspst,84.68851284044796,1.0009496935080873
2022-02-16,2,3,1,stillingspst,85.11151384025463,1.0059492230417775
2022-03-16,2,3,1,stillingspst,84.63636900788126,1.0003333956009048
2022-04-16,2,3,1,stillingspst,85.20083886103659,1.0070049725073837
2022-05-16,2,3,1,stillingspst,84.61039977437467,1.000026460274646
2022-06-16,2,3,1,stillingspst,83.55438203791476,0.9875451851383112
2022-07-16,2,3,1,stillingspst,84.17274143545919,0.9948536928531181
2022-08-16,2,3,1,stillingspst,83.97814797782289,0.992553755645026
2022-09-16,2,3,1,stillingspst,84.46981750636658,0.9983648916231752
2022-10-16,2,3,1,stillingspst,84.60816101919681,1.0
2022-11-16,2,3,1,stillingspst,84.5808293500058,0.9996769617864072
2022-12-16,2,3,1,stillingspst,83.93119658108229,0.9919988281276918
2023-01-16,2,3,1,stillingspst,84.30157100540646,0.9963763541235603
2023-02-16,2,3,1,stillingspst,84.72818192866669,1.0014185500313928
2023-03-16,2,3,1,stillingspst,84.37116806172911,0.9971989350127355
2023-04-16,2,3,1,stillingspst,85.16477807245252,1.0065787631659955
2023-05-16,2,3,1,stillingspst,84.5788072213712,0.9996530618622127
2023-06-16,2,3,1,stillingspst,83.30642662348758,0.9846145527803887
2023-07-16,2,3,1,stillingspst,84.05879247567002,0.9935069083536499
2023-08-16,2,3,1,stillingspst,84.18862051086738,0.9950413706754099
2023-09-16,2,3,1,stillingspst,84.72797336070325,1.001416084926834
2023-10-16,2,3,1,stillingspst,84.55203179674702,0.9993365980092976
2023-11-16,2,3,1,stillingspst,84.63886689292072,1.000362918580832
2023-12-16,2,3,1,stillingspst,84.33465767481161,0.9967674117828521
2024-01-16,2,3,1,stillingspst,84.24185818598637,0.9956705969164449
2024-02-16,2,3,1,stillingspst,84.68333374893626,1.0008884808372374
2024-03-16,2,3,1,stillingspst,84.83602152929755,1.0026931268491823
2024-04-16,2,3,1,stillingspst,84.1568152231778,0.9946654579111275
2024-05-16,2,3,1,stillingspst,84.38082961782263,0.9973131267878212
2024-06-16,2,3,1,stillingspst,83.35129885130563,0.9851449062034806
2024-07-16,2,3,1,stillingspst,83.57632149130629,0.9878044917244282
2024-08-16,2,3,1,stillingspst,83.84178340761817,0.9909420367687135
2024-09-16,2,3,1,stillingspst,84.13761849513601,0.9944385681192853
2024-10-16,2,3,1,stillingspst,83.99759216163694,0.99278357016386
2024-11-16,2,3,1,stillingspst,84.24804361736342,0.995743703710193
2024-12-16,2,3,1,stillingspst,83.91589652468194,0.991817993841542
2025-01-16,2,3,1,stillingspst,83.66569611194832,0.9888608274202455
2025-02-16,2,3,1,stillingspst,84.17967218641137,0.9949356087211466
2025-03-16,2,3,1,stillingspst,83.97390595621884,0.992503618382226
2025-04-16,2,3,1,stillingspst,84.39430690926737,0.997472417467141
2025-05-16,2,3,1,stillingspst,83.78192786833209,0.9902345927282682
2025-06-16,2,3,1,stillingspst,83.24996474904304,0.9839472191122839
2025-07-16,2,3,1,stillingspst,83.62323971713147,0.9883590271883834
2025-08-16,2,3,1,stillingspst,83.91824767833207,0.9918457825751795
2025-09-16,2,3,1,stillingspst,83.83324960944745,0.9908411741797161
2025-10-16,2,3,1,stillingspst,83.59370508268005,0.9880099517080084
2025-11-16,2,3,1,stillingspst,84.20120713831247,0.9951901344269614
2025-12-16,2,3,1,stillingspst,83.38687395963431,0.9855653751972532
2026-01-16,2,3,1,stillingspst,83.6577166501502,0.988766516638614
2026-02-16,2,3,1,stillingspst,84.05618050982496,0.9934760370309121
2021-01-16,2,3,2,stillingspst,84.52683284885403,1.0223430048651403
2021-02-16,2,3,2,stillingspst,84.70961942279374,1.0245537889315999
2021-03-16,2,3,2,stillingspst,84.43420067962464,1.0212226286834551
2021-04-16,2,3,2,stillingspst,85.1045580704236,1.0293305296439517
2021-05-16,2,3,2,stillingspst,84.61851378403549,1.0234518759727314
2021-06-16,2,3,2,stillingspst,82.42894615607034,0.9969692896426358
2021-07-16,2,3,2,stillingspst,83.39712935427748,1.008679361897265
2021-08-16,2,3,2,stillingspst,83.57412377996963,1.0108200905500235
2021-09-16,2,3,2,stillingspst,82.99850694598118,1.0038580664935564
2021-10-16,2,3,2,stillingspst,82.93991523462554,1.0031494060099129
2021-11-16,2,3,2,stillingspst,82.59410794585402,0.9989669038293436
2021-12-16,2,3,2,stillingspst,82.06576348047963,0.992576634016436
2022-01-16,2,3,2,stillingspst,83.28747221643185,1.0073530705406435
2022-02-16,2,3,2,stillingspst,83.6193812967152,1.0113674753756816
2022-03-16,2,3,2,stillingspst,82.8469236357112,1.002024682564622
2022-04-16,2,3,2,stillingspst,83.66811933006836,1.0119569566775375
2022-05-16,2,3,2,stillingspst,82.75181739021826,1.0008743826950817
2022-06-16,2,3,2,stillingspst,81.87448918884188,0.9902631919120092
2022-07-16,2,3,2,stillingspst,82.77415575869749,1.0011445628731994
2022-08-16,2,3,2,stillingspst,82.86122185600925,1.0021976180102201
2022-09-16,2,3,2,stillingspst,82.70925561456758,1.000359602569711
2022-10-16,2,3,2,stillingspst,82.67952384533032,1.0
2022-11-16,2,3,2,stillingspst,82.10952236076517,0.993105892994359
2022-12-16,2,3,2,stillingspst,81.20837600069629,0.982206624128773
2023-01-16,2,3,2,stillingspst,82.34051064886356,0.9958996716393654
2023-02-16,2,3,2,stillingspst,82.7595334788117,1.000967707961539
2023-03-16,2,3,2,stillingspst,82.1132485664817,0.9931509610540579
2023-04-16,2,3,2,stillingspst,82.94995590432886,1.0032708468363272
2023-05-16,2,3,2,stillingspst,82.01226283359995,0.9919295494132425
2023-06-16,2,3,2,stillingspst,80.66177683097355,0.975595565618745
2023-07-16,2,3,2,stillingspst,81.7453662643288,0.9887014639471187
2023-08-16,2,3,2,stillingspst,82.2337650804074,0.994608595403176
2023-09-16,2,3,2,stillingspst,82.1361395532655,0.993427825091478
2023-10-16,2,3,2,stillingspst,81.82684796390252,0.9896869763906367
2023-11-16,2,3,2,stillingspst,81.7719836176901,0.989023397989834
2023-12-16,2,3,2,stillingspst,81.32122236210785,0.9835714888034011
2024-01-16,2,3,2,stillingspst,81.66524846484302,0.9877324477293227
2024-02-16,2,3,2,stillingspst,81.99784593981636,0.9917551786245263
2024-03-16,2,3,2,stillingspst,81.84334530909327,0.9898865100166602
2024-04-16,2,3,2,stillingspst,81.04314581623512,0.9802081827157545
2024-05-16,2,3,2,stillingspst,80.98117651035413,0.9794586705874926
2024-06-16,2,3,2,stillingspst,79.94467574115271,0.9669223046168754
2024-07-16,2,3,2,stillingspst,80.43372516745244,0.9728373051339878
2024-08-16,2,3,2,stillingspst,81.07452206952432,0.9805876751442292
2024-09-16,2,3,2,stillingspst,80.84385207288143,0.9777977462003421
2024-10-16,2,3,2,stillingspst,80.43904119666797,0.9729016019389075
2024-11-16,2,3,2,stillingspst,80.63800589435714,0.9753080586821922
2024-12-16,2,3,2,stillingspst,80.21562421570287,0.9701993974440795
2025-01-16,2,3,2,stillingspst,80.53521675974602,0.9740648350902977
2025-02-16,2,3,2,stillingspst,80.85670183704407,0.9779531627238658
2025-03-16,2,3,2,stillingspst,80.60144662056972,0.9748658781750111
2025-04-16,2,3,2,stillingspst,80.79155492173939,0.9771652177494058
2025-05-16,2,3,2,stillingspst,80.22941825328887,0.9703662348536877
2025-06-16,2,3,2,stillingspst,79.34521231528477,0.9596718585815384
2025-07-16,2,3,2,stillingspst,79.79036391373475,0.9650559195647962
2025-08-16,2,3,2,stillingspst,80.71174025127662,0.9761998678447296
2025-09-16,2,3,2,stillingspst,80.07947715181785,0.9685527132645755
2025-10-16,2,3,2,stillingspst,79.64224147816049,0.9632643945452356
2025-11-16,2,3,2,stillingspst,79.71562025803622,0.9641519030414506
2025-12-16,2,3,2,stillingspst,79.02113802205561,0.955752214658148
2026-01-16,2,3,2,stillingspst,79.41110268670803,0.960468795578255
2026-02-16,2,3,2,stillingspst,79.69206985403329,0.9638670634232763
2021-01-16,2,3,3,stillingspst,84.25463897172278,1.012994817008153
2021-02-16,2,3,3,stillingspst,84.3555051354017,1.0142075324415731
2021-03-16,2,3,3,stillingspst,83.75890556285073,1.0070346066276454
2021-04-16,2,3,3,stillingspst,84.08173749135008,1.0109160198569438
2021-05-16,2,3,3,stillingspst,84.02347874967434,1.0102155741119594
2021-06-16,2,3,3,stillingspst,82.72616933618785,0.9946180031300368
2021-07-16,2,3,3,stillingspst,83.88233346882981,1.008518582234887
2021-08-16,2,3,3,stillingspst,84.06069109262862,1.0106629786822177
2021-09-16,2,3,3,stillingspst,83.63420151541806,1.0055352879521287
2021-10-16,2,3,3,stillingspst,83.36886931245047,1.0023451948050708
2021-11-16,2,3,3,stillingspst,83.10818775059559,0.9992110163874622
2021-12-16,2,3,3,stillingspst,82.929533614118,0.9970630549636454
2022-01-16,2,3,3,stillingspst,83.7971525287858,1.0074944504858754
2022-02-16,2,3,3,stillingspst,83.90124345097088,1.0087459372402898
2022-03-16,2,3,3,stillingspst,83.27857328947152,1.0012595643354558
2022-04-16,2,3,3,stillingspst,83.52959521317382,1.0042776047753559
2022-05-16,2,3,3,stillingspst,83.15071438260146,0.9997223147365207
2022-06-16,2,3,3,stillingspst,81.95141465842467,0.9853031157528525
2022-07-16,2,3,3,stillingspst,83.33210012529007,1.0019031183037213
2022-08-16,2,3,3,stillingspst,83.58767765603925,1.0049759308770392
2022-09-16,2,3,3,stillingspst,83.2543445511202,1.0009682618425357
2022-10-16,2,3,3,stillingspst,83.17381052409142,1.0
2022-11-16,2,3,3,stillingspst,82.88889969839293,0.9965745127714695
2022-12-16,2,3,3,stillingspst,82.48265662154573,0.991690246025875
2023-01-16,2,3,3,stillingspst,83.43676473302561,1.0031615024883107
2023-02-16,2,3,3,stillingspst,83.43004728480634,1.0030807385053098
2023-03-16,2,3,3,stillingspst,82.88217373925069,0.9964936464615114
2023-04-16,2,3,3,stillingspst,83.35700846617092,1.0022025916682804
2023-05-16,2,3,3,stillingspst,82.86104460261234,0.9962396105275411
2023-06-16,2,3,3,stillingspst,81.65293899221734,0.9817145382387699
2023-07-16,2,3,3,stillingspst,83.05871656552233,0.9986162235703299
2023-08-16,2,3,3,stillingspst,83.21205603851591,1.0004598264066957
2023-09-16,2,3,3,stillingspst,83.04080456911156,0.9984008673626737
2023-10-16,2,3,3,stillingspst,82.91852360452314,0.9969306814493688
2023-11-16,2,3,3,stillingspst,82.67306310652413,0.9939795061160237
2023-12-16,2,3,3,stillingspst,82.48309074149141,0.9916954654566422
2024-01-16,2,3,3,stillingspst,83.09718946663013,0.9990787838506077
2024-02-16,2,3,3,stillingspst,83.21660365519269,1.000514502471771
2024-03-16,2,3,3,stillingspst,83.22250430438531,1.000585446067543
2024-04-16,2,3,3,stillingspst,83.00273630456324,0.9979431720339585
2024-05-16,2,3,3,stillingspst,83.21685883782627,1.0005175705364897
2024-06-16,2,3,3,stillingspst,82.4071954331171,0.9907829749996572
2024-07-16,2,3,3,stillingspst,83.11935903585031,0.9993453289214718
2024-08-16,2,3,3,stillingspst,83.7642028745925,1.0070982962879893
2024-09-16,2,3,3,stillingspst,83.42722130655001,1.0030467617253773
2024-10-16,2,3,3,stillingspst,83.01894193155658,0.9981380125359294
2024-11-16,2,3,3,stillingspst,83.20767641011804,1.000407170067275
2024-12-16,2,3,3,stillingspst,82.98158176571648,0.997688830688847
2025-01-16,2,3,3,stillingspst,83.50797203456216,1.0040176289671607
2025-02-16,2,3,3,stillingspst,83.45165995652407,1.0033405879889579
2025-03-16,2,3,3,stillingspst,83.21799780450161,1.0005312643503015
2025-04-16,2,3,3,stillingspst,83.4465066127695,1.0032786292579332
2025-05-16,2,3,3,stillingspst,82.95039975684355,0.9973139289177673
2025-06-16,2,3,3,stillingspst,82.1366396046728,0.987530078123351
2025-07-16,2,3,3,stillingspst,82.9296950879793,0.9970649963663573
2025-08-16,2,3,3,stillingspst,83.44951166289565,1.003314759021704
2025-09-16,2,3,3,stillingspst,83.06892484434918,0.9987389578632825
2025-10-16,2,3,3,stillingspst,82.67998539120212,0.9940627328509103
2025-11-16,2,3,3,stillingspst,82.90958249671033,0.9968231823729591
2025-12-16,2,3,3,stillingspst,82.77772302796967,0.9952378339572765
2026-01-16,2,3,3,stillingspst,83.2554328535354,1.0009813465191706
2026-02-16,2,3,3,stillingspst,83.32647289155632,1.0018354619862064
2021-01-16,2,3,4,stillingspst,94.02969326352114,0.9997721234967981
2021-02-16,2,3,4,stillingspst,93.83042044186095,0.9976533522326182
2021-03-16,2,3,4,stillingspst,93.68065501706178,0.9960609691078722
2021-04-16,2,3,4,stillingspst,93.79195898224,0.9972444101865109
2021-05-16,2,3,4,stillingspst,93.80731881712302,0.9974077238612085
2021-06-16,2,3,4,stillingspst,92.99847953109159,0.9888077280248189
2021-07-16,2,3,4,stillingspst,93.86189844298134,0.997988042551509
2021-08-16,2,3,4,stillingspst,93.94771803258821,0.9989005206247749
2021-09-16,2,3,4,stillingspst,93.96239374915429,0.9990565604012099
2021-10-16,2,3,4,stillingspst,93.77803996992634,0.9970964160793855
2021-11-16,2,3,4,stillingspst,93.87565833935119,0.998134344855976
2021-12-16,2,3,4,stillingspst,93.17950610645833,0.9907324958017013
2022-01-16,2,3,4,stillingspst,94.19322880920042,1.0015109176382697
2022-02-16,2,3,4,stillingspst,93.98878723606713,0.9993371895465522
2022-03-16,2,3,4,stillingspst,93.88892180149622,0.9982753688161041
2022-04-16,2,3,4,stillingspst,94.06063934282658,1.0001011581490158
2022-05-16,2,3,4,stillingspst,93.86298241114082,0.9979995678592175
2022-06-16,2,3,4,stillingspst,93.13890207951562,0.9903007728764199
2022-07-16,2,3,4,stillingspst,93.95801222133409,0.9990099737409655
2022-08-16,2,3,4,stillingspst,94.05023418585336,0.9999905251614841
2022-09-16,2,3,4,stillingspst,93.99177509487863,0.9993689580001652
2022-10-16,2,3,4,stillingspst,94.05112530507786,1.0
2022-11-16,2,3,4,stillingspst,93.91590030857228,0.9985622181971034
2022-12-16,2,3,4,stillingspst,93.49876593844849,0.9941270307522886
2023-01-16,2,3,4,stillingspst,94.31174788750126,1.0027710735153674
2023-02-16,2,3,4,stillingspst,94.11393876348424,1.000667865038325
2023-03-16,2,3,4,stillingspst,93.91101292284708,0.9985102529950993
2023-04-16,2,3,4,stillingspst,94.01159071610007,0.9995796478899157
2023-05-16,2,3,4,stillingspst,93.8804058691465,0.9981848230377086
2023-06-16,2,3,4,stillingspst,93.19377250252047,0.990884183471741
2023-07-16,2,3,4,stillingspst,93.96484609132192,0.9990826349660775
2023-08-16,2,3,4,stillingspst,94.10556420805567,1.0005788224521635
2023-09-16,2,3,4,stillingspst,94.00523362211607,0.9995120559928131
2023-10-16,2,3,4,stillingspst,93.98899735610948,0.999339423651053
2023-11-16,2,3,4,stillingspst,93.81046335745407,0.9974411582334274
2023-12-16,2,3,4,stillingspst,93.43041366057092,0.9934002741328877
2024-01-16,2,3,4,stillingspst,94.11863386926704,1.0007177858209586
2024-02-16,2,3,4,stillingspst,94.01924993515738,0.9996610846513841
2024-03-16,2,3,4,stillingspst,93.98686641870549,0.9993167664271541
2024-04-16,2,3,4,stillingspst,93.77310603613729,0.9970439559543945
2024-05-16,2,3,4,stillingspst,93.77293445340227,0.9970421315983917
2024-06-16,2,3,4,stillingspst,93.32613244450543,0.9922915025394886
2024-07-16,2,3,4,stillingspst,93.82492890896303,0.9975949634267415
2024-08-16,2,3,4,stillingspst,94.026475400836,0.9997379095235501
2024-09-16,2,3,4,stillingspst,93.88788488549251,0.9982643437911473
2024-10-16,2,3,4,stillingspst,93.80351297729244,0.9973672582121454
2024-11-16,2,3,4,stillingspst,93.7865831756433,0.9971872518422672
2024-12-16,2,3,4,stillingspst,93.21131658084906,0.991070721147624
2025-01-16,2,3,4,stillingspst,94.02998748147388,0.9997752517735922
2025-02-16,2,3,4,stillingspst,93.91417458546879,0.9985438694203302
2025-03-16,2,3,4,stillingspst,93.7978952954113,0.9973075281253132
2025-04-16,2,3,4,stillingspst,93.71759313025967,0.9964537141502955
2025-05-16,2,3,4,stillingspst,93.65652966622945,0.9958044559534142
2025-06-16,2,3,4,stillingspst,93.28890926906222,0.9918957265684678
2025-07-16,2,3,4,stillingspst,93.79088797426827,0.9972330226781929
2025-08-16,2,3,4,stillingspst,93.96501868118628,0.9990844700303981
2025-09-16,2,3,4,stillingspst,93.77300922189282,0.9970429265754885
2025-10-16,2,3,4,stillingspst,93.86598772895529,0.9980315219459412
2025-11-16,2,3,4,stillingspst,93.85256932557175,0.9978888505707715
2025-12-16,2,3,4,stillingspst,93.3466337892409,0.9925094833947837
2026-01-16,2,3,4,stillingspst,94.13178240174676,1.000857587789697
2026-02-16,2,3,4,stillingspst,94.01545844303372,0.9996207715545301
2021-01-16,2,3,5,stillingspst,92.03312592370453,1.003288293519708
2021-02-16,2,3,5,stillingspst,91.56997688670754,0.9982393287876048
2021-03-16,2,3,5,stillingspst,91.47042186432496,0.9971540414248748
2021-04-16,2,3,5,stillingspst,91.5595190998101,0.9981253244542192
2021-05-16,2,3,5,stillingspst,91.52411166515553,0.9977393344714173
2021-06-16,2,3,5,stillingspst,90.75441753366502,0.9893486044601884
2021-07-16,2,3,5,stillingspst,91.57783577801052,0.9983250015664569
2021-08-16,2,3,5,stillingspst,91.77953224343428,1.000523771852405
2021-09-16,2,3,5,stillingspst,91.65213184296779,0.9991349313768166
2021-10-16,2,3,5,stillingspst,91.60804621165444,0.998654337054227
2021-11-16,2,3,5,stillingspst,91.37763278404934,0.9961425121839342
2021-12-16,2,3,5,stillingspst,91.09368823436652,0.9930471240848529
2022-01-16,2,3,5,stillingspst,91.97723229647552,1.002678975718988
2022-02-16,2,3,5,stillingspst,91.7699594703334,1.0004194153927908
2022-03-16,2,3,5,stillingspst,91.56896427506794,0.9982282899209609
2022-04-16,2,3,5,stillingspst,91.50973556373751,0.9975826150933196
2022-05-16,2,3,5,stillingspst,91.39405588667894,0.9963215467048873
2022-06-16,2,3,5,stillingspst,90.72982015302168,0.9890804590092648
2022-07-16,2,3,5,stillingspst,91.50476380802994,0.9975284160834568
2022-08-16,2,3,5,stillingspst,91.77032063253665,1.0004233525600545
2022-09-16,2,3,5,stillingspst,91.39044609898932,0.9962821950291211
2022-10-16,2,3,5,stillingspst,91.73148587315464,1.0
2022-11-16,2,3,5,stillingspst,91.22922449615622,0.99452465669538
2022-12-16,2,3,5,stillingspst,90.9215609721647,0.9911706989886777
2023-01-16,2,3,5,stillingspst,91.7483795551276,1.0001841644862957
2023-02-16,2,3,5,stillingspst,91.58065376413478,0.9983557215106226
2023-03-16,2,3,5,stillingspst,91.33529134303198,0.9956809319466327
2023-04-16,2,3,5,stillingspst,91.47319791703391,0.9971843042368475
2023-05-16,2,3,5,stillingspst,91.35946549235636,0.9959444635911305
2023-06-16,2,3,5,stillingspst,90.66200058277757,0.9883411319439876
2023-07-16,2,3,5,stillingspst,91.45798648188412,0.9970184785663593
2023-08-16,2,3,5,stillingspst,91.73050651553756,0.9999893236481698
2023-09-16,2,3,5,stillingspst,91.44123708088641,0.9968358869421391
2023-10-16,2,3,5,stillingspst,91.30790677488014,0.9953824022990293
2023-11-16,2,3,5,stillingspst,91.21037452352834,0.9943191659366896
2023-12-16,2,3,5,stillingspst,91.06791572325778,0.9927661680874282
2024-01-16,2,3,5,stillingspst,91.78197856204079,1.0005504401068568
2024-02-16,2,3,5,stillingspst,91.515175460451,0.9976419174872765
2024-03-16,2,3,5,stillingspst,91.60530626045538,0.9986244677986167
2024-04-16,2,3,5,stillingspst,91.42790215330974,0.9966905177981671
2024-05-16,2,3,5,stillingspst,92.00205891164352,1.00294962014311
2024-06-16,2,3,5,stillingspst,91.10571204088818,0.9931782001969119
2024-07-16,2,3,5,stillingspst,91.64552832990792,0.9990629439561725
2024-08-16,2,3,5,stillingspst,91.97530666556356,1.0026579836801737
2024-09-16,2,3,5,stillingspst,91.67659297098962,0.9994015914858184
2024-10-16,2,3,5,stillingspst,91.53860189940048,0.9978972980550987
2024-11-16,2,3,5,stillingspst,91.45456834378743,0.9969812161360808
2024-12-16,2,3,5,stillingspst,91.3628848059854,0.9959817388363366
2025-01-16,2,3,5,stillingspst,91.89099302411655,1.001738848438392
2025-02-16,2,3,5,stillingspst,91.72326878582074,0.9999104223892626
2025-03-16,2,3,5,stillingspst,91.60486789605939,0.9986196890207324
2025-04-16,2,3,5,stillingspst,91.55201760718256,0.9980435478149755
2025-05-16,2,3,5,stillingspst,91.47873647981028,0.9972446822272796
2025-06-16,2,3,5,stillingspst,91.20321365875091,0.994241102611875
2025-07-16,2,3,5,stillingspst,91.67261792058987,0.9993582579415952
2025-08-16,2,3,5,stillingspst,92.08341540946378,1.003836518431586
2025-09-16,2,3,5,stillingspst,91.56607666085144,0.9981968109343402
2025-10-16,2,3,5,stillingspst,91.4099505341888,0.996494820334531
2025-11-16,2,3,5,stillingspst,91.49364179968566,0.9974071708181217
2025-12-16,2,3,5,stillingspst,91.81654076502163,1.0009272158960185
2026-01-16,2,3,5,stillingspst,91.87309592718232,1.0015437453419591
2026-02-16,2,3,5,stillingspst,91.69228002922199,0.9995726021053789
2021-01-16,2,3,all,stillingspst,88.59234052052919,1.0099318006214586
2021-02-16,2,3,all,stillingspst,88.55030084865996,1.0094525582709464
2021-03-16,2,3,all,stillingspst,88.31227777518569,1.0067391513356414
2021-04-16,2,3,all,stillingspst,88.56748820539283,1.0096484900866223
2021-05-16,2,3,all,stillingspst,88.47557388667134,1.0086006885175038
2021-06-16,2,3,all,stillingspst,87.1186763066931,0.9931323759280111
2021-07-16,2,3,all,stillingspst,87.9921365237428,1.003089616526839
2021-08-16,2,3,all,stillingspst,88.07577762648253,1.0040431053837717
2021-09-16,2,3,all,stillingspst,87.94560969512244,1.002559221646992
2021-10-16,2,3,all,stillingspst,87.86033953879316,1.0015871619631083
2021-11-16,2,3,all,stillingspst,87.65475608363157,0.9992435590305138
2021-12-16,2,3,all,stillingspst,87.17317667677628,0.9937536673011619
2022-01-16,2,3,all,stillingspst,88.10472391986185,1.0043730863056226
2022-02-16,2,3,all,stillingspst,88.16633007245784,1.0050753819245786
2022-03-16,2,3,all,stillingspst,87.74053218742371,1.0002213863962217
2022-04-16,2,3,all,stillingspst,88.04886091023577,1.0037362611628584
2022-05-16,2,3,all,stillingspst,87.63693728583166,0.9990404289355052
2022-06-16,2,3,all,stillingspst,86.70406210819984,0.9884058717902127
2022-07-16,2,3,all,stillingspst,87.61452155497243,0.9987848948871224
2022-08-16,2,3,all,stillingspst,87.73002614240389,1.000101619959282
2022-09-16,2,3,all,stillingspst,87.64135551918575,0.9990907957543592
2022-10-16,2,3,all,stillingspst,87.72111192658173,1.0
2022-11-16,2,3,all,stillingspst,87.44015997811618,0.9967972140081776
2022-12-16,2,3,all,stillingspst,86.92072399783369,0.9908757662645917
2023-01-16,2,3,all,stillingspst,87.7741357817201,1.0006044594507963
2023-02-16,2,3,all,stillingspst,87.8394843935136,1.001349418222502
2023-03-16,2,3,all,stillingspst,87.4575309286848,0.9969952387503076
2023-04-16,2,3,all,stillingspst,87.89142715619495,1.001941553474103
2023-05-16,2,3,all,stillingspst,87.46090776377001,0.9970337338743551
2023-06-16,2,3,all,stillingspst,86.40405084234422,0.9849858140724456
2023-07-16,2,3,all,stillingspst,87.36816406680155,0.9959764775887067
2023-08-16,2,3,all,stillingspst,87.59491975786172,0.9985614390202255
2023-09-16,2,3,all,stillingspst,87.57677119935545,0.9983545497308893
2023-10-16,2,3,all,stillingspst,87.43209842434496,0.9967053141953027
2023-11-16,2,3,all,stillingspst,87.33619544447619,0.9956120428292371
2023-12-16,2,3,all,stillingspst,87.05203760691286,0.9923727104573316
2024-01-16,2,3,all,stillingspst,87.5566877722522,0.9981256033955983
2024-02-16,2,3,all,stillingspst,87.64371884808295,0.9991177371467481
2024-03-16,2,3,all,stillingspst,87.65544168480656,0.9992513747223116
2024-04-16,2,3,all,stillingspst,87.25066821660734,0.9946370525903944
2024-05-16,2,3,all,stillingspst,87.42138591158455,0.9965831940747851
2024-06-16,2,3,all,stillingspst,86.5629750255305,0.9867975123021636
2024-07-16,2,3,all,stillingspst,87.0592247353784,0.9924546420278245
2024-08-16,2,3,all,stillingspst,87.45990855960277,0.9970223431823622
2024-09-16,2,3,all,stillingspst,87.32931927533215,0.9955336561217157
2024-10-16,2,3,all,stillingspst,87.10818371023531,0.9930127628015089
2024-11-16,2,3,all,stillingspst,87.22387625629838,0.9943316305577669
2024-12-16,2,3,all,stillingspst,86.89575471803032,0.9905911223601201
2025-01-16,2,3,all,stillingspst,87.33114238055332,0.9955544390915291
2025-02-16,2,3,all,stillingspst,87.41692964184784,0.9965323936501345
2025-03-16,2,3,all,stillingspst,87.22828232196703,0.994381858667875
2025-04-16,2,3,all,stillingspst,87.34784253895535,0.9957448169610664
2025-05-16,2,3,all,stillingspst,86.98880554450776,0.9916518798497803
2025-06-16,2,3,all,stillingspst,86.3878290540067,0.9848008895088913
2025-07-16,2,3,all,stillingspst,86.91048502056319,0.9907590443370463
2025-08-16,2,3,all,stillingspst,87.35238732100433,0.9957966264052147
2025-09-16,2,3,all,stillingspst,87.01271769920544,0.9919244727772126
2025-10-16,2,3,all,stillingspst,86.79401274064818,0.9894312877986604
2025-11-16,2,3,all,stillingspst,86.99870246480623,0.9917647024084679
2025-12-16,2,3,all,stillingspst,86.6357427298924,0.9876270469804609
2026-01-16,2,3,all,stillingspst,87.09180605610317,0.9928260614046336
2026-02-16,2,3,all,stillingspst,87.1761490019319,0.9937875511073556
2021-01-16,2,3,1,timelonn,23230.165851856127,0.7832130134227063
2021-02-16,2,3,1,timelonn,26693.55419844372,0.8999823400337436
2021-03-16,2,3,1,timelonn,28738.35736987333,0.9689235806587531
2021-04-16,2,3,1,timelonn,27191.262449540664,0.9167627445144044
2021-05-16,2,3,1,timelonn,26631.650285768606,0.8978952283747857
2021-06-16,2,3,1,timelonn,26802.748157924023,0.9036638518489204
2021-07-16,2,3,1,timelonn,25989.599621201036,0.8762482698910246
2021-08-16,2,3,1,timelonn,23209.622424597517,0.7825203847229435
2021-09-16,2,3,1,timelonn,27859.992605079246,0.9393092111916606
2021-10-16,2,3,1,timelonn,28722.50249602494,0.9683890281461526
2021-11-16,2,3,1,timelonn,28690.54486580357,0.9673115656765712
2021-12-16,2,3,1,timelonn,30376.63298690952,1.0241586052822786
2022-01-16,2,3,1,timelonn,24612.237195221238,0.8298100230396508
2022-02-16,2,3,1,timelonn,27982.538354731758,0.9434408831943304
2022-03-16,2,3,1,timelonn,28189.784646303375,0.9504282630338728
2022-04-16,2,3,1,timelonn,28371.851609080237,0.9565667131624926
2022-05-16,2,3,1,timelonn,26248.840732817684,0.8849886729310701
2022-06-16,2,3,1,timelonn,28346.202934641915,0.9557019593021352
2022-07-16,2,3,1,timelonn,26148.304572380748,0.8815990617816745
2022-08-16,2,3,1,timelonn,23731.513156624198,0.8001161098466769
2022-09-16,2,3,1,timelonn,29101.62678390976,0.9811713336135189
2022-10-16,2,3,1,timelonn,29660.08666063701,1.0
2022-11-16,2,3,1,timelonn,30073.089986524523,1.0139245488596507
2022-12-16,2,3,1,timelonn,31040.495507873038,1.0465409579894458
2023-01-16,2,3,1,timelonn,25777.341810998576,0.8690919249810768
2023-02-16,2,3,1,timelonn,29405.641565198253,0.991421296291206
2023-03-16,2,3,1,timelonn,29253.129415400635,0.986279296824292
2023-04-16,2,3,1,timelonn,29214.161793960167,0.9849654900951909
2023-05-16,2,3,1,timelonn,26945.54982875792,0.908478459185298
2023-06-16,2,3,1,timelonn,29865.2296692792,1.0069164669338084
2023-07-16,2,3,1,timelonn,27837.72856459735,0.9385585714266244
2023-08-16,2,3,1,timelonn,25378.95498742752,0.8556601765128645
2023-09-16,2,3,1,timelonn,30386.615948504972,1.02449518425825
2023-10-16,2,3,1,timelonn,30734.116409163205,1.0362112815385525
2023-11-16,2,3,1,timelonn,31886.808327647308,1.075074685131162
2023-12-16,2,3,1,timelonn,32131.412115476953,1.0833215857767444
2024-01-16,2,3,1,timelonn,27089.48206292094,0.9133311838522841
2024-02-16,2,3,1,timelonn,31400.127645063367,1.0586660789071674
2024-03-16,2,3,1,timelonn,30120.21051137518,1.015513233524999
2024-04-16,2,3,1,timelonn,29265.47087659213,0.986695393423493
2024-05-16,2,3,1,timelonn,30417.585100427055,1.0255393198427618
2024-06-16,2,3,1,timelonn,30766.119056427062,1.0372902617731696
2024-07-16,2,3,1,timelonn,28769.504237973924,0.9699737080052092
2024-08-16,2,3,1,timelonn,27037.132914653947,0.9115662143541852
2024-09-16,2,3,1,timelonn,31551.772304144964,1.0637788306269003
2024-10-16,2,3,1,timelonn,32545.68328563614,1.0972888804410916
2024-11-16,2,3,1,timelonn,33723.14731846792,1.1369874843697994
2024-12-16,2,3,1,timelonn,32879.38590690757,1.1085397788315638
2025-01-16,2,3,1,timelonn,28122.12879743104,0.9481472228721755
2025-02-16,2,3,1,timelonn,32516.642905645826,1.0963097740641417
2025-03-16,2,3,1,timelonn,30783.817097101117,1.0378869572878036
2025-04-16,2,3,1,timelonn,32173.857184862434,1.0847526358566424
2025-05-16,2,3,1,timelonn,30621.25309484471,1.0324060561658202
2025-06-16,2,3,1,timelonn,32141.753035529036,1.0836702334449189
2025-07-16,2,3,1,timelonn,30049.848566444045,1.0131409564060478
2025-08-16,2,3,1,timelonn,27932.147327869956,0.9417419324313618
2025-09-16,2,3,1,timelonn,32544.070039952363,1.0972344893092572
2025-10-16,2,3,1,timelonn,33897.554213576645,1.1428676726883382
2025-11-16,2,3,1,timelonn,34687.1420152032,1.1694888963772914
2025-12-16,2,3,1,timelonn,34066.19171959162,1.1485533440737417
2026-01-16,2,3,1,timelonn,29013.69924562706,0.9782068264868627
2026-02-16,2,3,1,timelonn,33208.424042325365,1.1196334124808032
2021-01-16,2,3,2,timelonn,18259.676994801637,0.7644141778293553
2021-02-16,2,3,2,timelonn,20381.721477446692,0.8532504091044344
2021-03-16,2,3,2,timelonn,22402.10137918249,0.9378306041389908
2021-04-16,2,3,2,timelonn,21733.745694722573,0.9098508889896235
2021-05-16,2,3,2,timelonn,20930.526833847238,0.8762253278513926
2021-06-16,2,3,2,timelonn,21328.146520304752,0.8928710837318892
2021-07-16,2,3,2,timelonn,20801.53304253279,0.8708251949267632
2021-08-16,2,3,2,timelonn,18891.572290042426,0.7908675330953461
2021-09-16,2,3,2,timelonn,21289.00284696918,0.8912323921559894
2021-10-16,2,3,2,timelonn,22165.671703911376,0.9279328279686738
2021-11-16,2,3,2,timelonn,22384.46734127502,0.9370923814096025
2021-12-16,2,3,2,timelonn,24461.751032292763,1.02405476881874
2022-01-16,2,3,2,timelonn,19723.599812284407,0.8256991259283992
2022-02-16,2,3,2,timelonn,22525.55181736186,0.9429986728419816
2022-03-16,2,3,2,timelonn,22901.99222130836,0.9587577896087478
2022-04-16,2,3,2,timelonn,23562.874759815048,0.9864246526347581
2022-05-16,2,3,2,timelonn,21465.49817575091,0.8986211061885441
2022-06-16,2,3,2,timelonn,23407.174747487268,0.9799065035489093
2022-07-16,2,3,2,timelonn,21974.906209348912,0.9199467147025032
2022-08-16,2,3,2,timelonn,19719.73340454961,0.8255372645279709
2022-09-16,2,3,2,timelonn,23133.69787434036,0.968457801624913
2022-10-16,2,3,2,timelonn,23887.151134025476,1.0
2022-11-16,2,3,2,timelonn,23877.10104378179,0.9995792679425312
2022-12-16,2,3,2,timelonn,24830.493984462162,1.0394916432329582
2023-01-16,2,3,2,timelonn,20644.37699182596,0.8642460909630858
2023-02-16,2,3,2,timelonn,23674.77240266996,0.9911090807704985
2023-03-16,2,3,2,timelonn,23521.603777756125,0.9846969044479876
2023-04-16,2,3,2,timelonn,23669.035344591848,0.9908689073799621
2023-05-16,2,3,2,timelonn,21894.329010002217,0.9165734702793992
2023-06-16,2,3,2,timelonn,24010.49817625558,1.005163740185593
2023-07-16,2,3,2,timelonn,22716.46312942336,0.95099089054054
2023-08-16,2,3,2,timelonn,20212.80756662497,0.8461790798415189
2023-09-16,2,3,2,timelonn,23867.456589416302,0.9991755172268693
2023-10-16,2,3,2,timelonn,24679.15763125371,1.033156172236047
2023-11-16,2,3,2,timelonn,25411.744489478722,1.0638248297965334
2023-12-16,2,3,2,timelonn,25816.69017195961,1.0807772775877675
2024-01-16,2,3,2,timelonn,21555.56243355324,0.9023915121820006
2024-02-16,2,3,2,timelonn,24687.631353783054,1.0335109120073072
2024-03-16,2,3,2,timelonn,24175.155028139656,1.012056854017386
2024-04-16,2,3,2,timelonn,23326.960954450667,0.9765484725896484
2024-05-16,2,3,2,timelonn,24260.34194928283,1.0156230775768722
2024-06-16,2,3,2,timelonn,24563.722616895113,1.0283236573115624
2024-07-16,2,3,2,timelonn,23157.882433115366,0.9694702521527852
2024-08-16,2,3,2,timelonn,20953.149998886613,0.8771724129563698
2024-09-16,2,3,2,timelonn,24667.39126166054,1.0326635907001764
2024-10-16,2,3,2,timelonn,25505.783452603155,1.067761630907591
2024-11-16,2,3,2,timelonn,26156.795848586047,1.0950152951193761
2024-12-16,2,3,2,timelonn,26086.414032447512,1.0920688652272705
2025-01-16,2,3,2,timelonn,21894.49659622236,0.9165804860268696
2025-02-16,2,3,2,timelonn,25383.50173494195,1.0626424889481707
2025-03-16,2,3,2,timelonn,24546.733043928805,1.027612414146943
2025-04-16,2,3,2,timelonn,25464.530813242432,1.0660346506105576
2025-05-16,2,3,2,timelonn,24067.042921630666,1.0075309017218443
2025-06-16,2,3,2,timelonn,24863.992122310457,1.0408939928752552
2025-07-16,2,3,2,timelonn,23933.092572738275,1.0019232698974871
2025-08-16,2,3,2,timelonn,22054.31398894098,0.9232710031095438
2025-09-16,2,3,2,timelonn,24926.6163208398,1.0435156616618748
2025-10-16,2,3,2,timelonn,26606.945100800094,1.1138601230223923
2025-11-16,2,3,2,timelonn,26778.786527942928,1.121054008395272
2025-12-16,2,3,2,timelonn,26890.2480782552,1.125720180166317
2026-01-16,2,3,2,timelonn,23014.220261970677,0.9634560493565357
2026-02-16,2,3,2,timelonn,26002.853605896533,1.0885707324410652
2021-01-16,2,3,3,timelonn,18785.149991357986,0.8262692032417781
2021-02-16,2,3,3,timelonn,20496.423434637938,0.9015399647293484
2021-03-16,2,3,3,timelonn,20999.584055893003,0.9236716019969945
2021-04-16,2,3,3,timelonn,20922.411025994945,0.9202771282794593
2021-05-16,2,3,3,timelonn,20253.947496859357,0.8908746040585109
2021-06-16,2,3,3,timelonn,20627.274213945708,0.9072954667728208
2021-07-16,2,3,3,timelonn,20275.615525662182,0.8918276773585894
2021-08-16,2,3,3,timelonn,19393.895137264575,0.8530450004495158
2021-09-16,2,3,3,timelonn,21170.134872765295,0.9311733194511609
2021-10-16,2,3,3,timelonn,21269.18928776124,0.9355302509951695
2021-11-16,2,3,3,timelonn,21553.41267163414,0.9480318828183587
2021-12-16,2,3,3,timelonn,23480.523611723635,1.0327963069384107
2022-01-16,2,3,3,timelonn,21007.15965831837,0.9240048166363753
2022-02-16,2,3,3,timelonn,22348.072294482277,0.9829851716513576
2022-03-16,2,3,3,timelonn,21424.843966533637,0.9423767583410938
2022-04-16,2,3,3,timelonn,22429.88357024605,0.9865836596949783
2022-05-16,2,3,3,timelonn,20769.836086182408,0.9135660839699081
2022-06-16,2,3,3,timelonn,21583.467360183775,0.9493538453032475
2022-07-16,2,3,3,timelonn,20872.774080104657,0.918093835638677
2022-08-16,2,3,3,timelonn,20281.606962368445,0.8920912120993731
2022-09-16,2,3,3,timelonn,22478.695204000003,0.9887306507889735
2022-10-16,2,3,3,timelonn,22734.902762509453,1.0
2022-11-16,2,3,3,timelonn,22990.30312289858,1.0112338444134579
2022-12-16,2,3,3,timelonn,23628.27957095764,1.0392953872633839
2023-01-16,2,3,3,timelonn,21476.18077267271,0.9446348197313421
2023-02-16,2,3,3,timelonn,22855.535686876694,1.0053060673110144
2023-03-16,2,3,3,timelonn,22129.80797640214,0.9733847647193312
2023-04-16,2,3,3,timelonn,22748.19923849741,1.0005848485971924
2023-05-16,2,3,3,timelonn,21248.027908766577,0.9345994628050586
2023-06-16,2,3,3,timelonn,22253.802882797776,0.9788387095939102
2023-07-16,2,3,3,timelonn,22097.226937518775,0.9719516801258449
2023-08-16,2,3,3,timelonn,21126.25570140827,0.9292432838659908
2023-09-16,2,3,3,timelonn,23486.686294563304,1.0330673739803087
2023-10-16,2,3,3,timelonn,23320.739986708784,1.0257681869291033
2023-11-16,2,3,3,timelonn,24196.120408090952,1.0642719989104634
2023-12-16,2,3,3,timelonn,24805.85760611277,1.0910914317618454
2024-01-16,2,3,3,timelonn,22283.879704853123,0.9801616456262096
2024-02-16,2,3,3,timelonn,24277.641633580573,1.0678577290251332
2024-03-16,2,3,3,timelonn,23409.142330438102,1.029656584634287
2024-04-16,2,3,3,timelonn,23218.849538628183,1.0212865118084768
2024-05-16,2,3,3,timelonn,23835.081211410587,1.048391605646775
2024-06-16,2,3,3,timelonn,23731.784324727654,1.0438480679962303
2024-07-16,2,3,3,timelonn,23230.35362912083,1.0217925219116568
2024-08-16,2,3,3,timelonn,23258.3548334101,1.023024161412462
2024-09-16,2,3,3,timelonn,24908.92587559933,1.0956249136316918
2024-10-16,2,3,3,timelonn,25243.618929036158,1.1103464656406472
2024-11-16,2,3,3,timelonn,26116.07212607058,1.1487215229764156
2024-12-16,2,3,3,timelonn,25990.908481956856,1.1432161709007462
2025-01-16,2,3,3,timelonn,23637.168927283125,1.039686387674441
2025-02-16,2,3,3,timelonn,25559.14650961588,1.124225019856416
2025-03-16,2,3,3,timelonn,24399.48335500581,1.0732169655566464
2025-04-16,2,3,3,timelonn,25636.395749002666,1.127622845666086
2025-05-16,2,3,3,timelonn,24384.860813092222,1.0725737896404641
2025-06-16,2,3,3,timelonn,24626.302319437982,1.0831936506034898
2025-07-16,2,3,3,timelonn,24476.634031572776,1.0766104560577003
2025-08-16,2,3,3,timelonn,24178.09238080139,1.0634790319258283
2025-09-16,2,3,3,timelonn,26072.06384073613,1.146785808282838
2025-10-16,2,3,3,timelonn,26381.318313938926,1.1603884384076857
2025-11-16,2,3,3,timelonn,26979.44655146012,1.18669724842413
2025-12-16,2,3,3,timelonn,26807.28451410836,1.1791246610614226
2026-01-16,2,3,3,timelonn,24435.597625086466,1.074805460148328
2026-02-16,2,3,3,timelonn,25818.75752226884,1.1356440707916622
2021-01-16,2,3,4,timelonn,21551.289725735627,0.8033930118158344
2021-02-16,2,3,4,timelonn,23780.6959896982,0.8865012357671433
2021-03-16,2,3,4,timelonn,25246.74174432707,0.9411527637851911
2021-04-16,2,3,4,timelonn,24139.696942628834,0.8998841404791188
2021-05-16,2,3,4,timelonn,24012.286184447865,0.8951344983901578
2021-06-16,2,3,4,timelonn,23938.7467231064,0.8923930805870329
2021-07-16,2,3,4,timelonn,23339.313561932067,0.8700472990181901
2021-08-16,2,3,4,timelonn,21970.81802749,0.8190322663652242
2021-09-16,2,3,4,timelonn,25250.752445030623,0.9413022754366386
2021-10-16,2,3,4,timelonn,25228.028200577726,0.94045515679898
2021-11-16,2,3,4,timelonn,25515.257639692074,0.9511625495865534
2021-12-16,2,3,4,timelonn,28673.214056199726,1.0688854399067347
2022-01-16,2,3,4,timelonn,24717.006413563853,0.9214051909826733
2022-02-16,2,3,4,timelonn,26964.540639788545,1.0051891925039182
2022-03-16,2,3,4,timelonn,27098.066158331087,1.0101667817740427
2022-04-16,2,3,4,timelonn,27139.279631418773,1.0117031453370906
2022-05-16,2,3,4,timelonn,25524.16305829937,0.951494527448085
2022-06-16,2,3,4,timelonn,26368.8468670754,0.9829828085579749
2022-07-16,2,3,4,timelonn,25385.407930020843,0.9463219878074778
2022-08-16,2,3,4,timelonn,24226.635436831162,0.9031250499369197
2022-09-16,2,3,4,timelonn,26820.019556450065,0.999801708511462
2022-10-16,2,3,4,timelonn,26825.338792809827,1.0
2022-11-16,2,3,4,timelonn,27533.080888524542,1.0263833423011386
2022-12-16,2,3,4,timelonn,29706.7068165179,1.1074121764486489
2023-01-16,2,3,4,timelonn,24700.286248747754,0.9207818935494054
2023-02-16,2,3,4,timelonn,27404.077720679943,1.0215743380667102
2023-03-16,2,3,4,timelonn,27369.438137907742,1.0202830372171758
2023-04-16,2,3,4,timelonn,27535.61814577327,1.0264779266517157
2023-05-16,2,3,4,timelonn,25827.251256423344,0.9627931060220567
2023-06-16,2,3,4,timelonn,26667.938232018154,0.994132392436592
2023-07-16,2,3,4,timelonn,26175.090278422245,0.9757599141837541
2023-08-16,2,3,4,timelonn,25345.99686647468,0.9448528148046479
2023-09-16,2,3,4,timelonn,28296.683071558942,1.0548490473918446
2023-10-16,2,3,4,timelonn,27864.130912646444,1.0387242870578415
2023-11-16,2,3,4,timelonn,29491.555392726415,1.0993917214060025
2023-12-16,2,3,4,timelonn,30008.875874964557,1.1186764911617084
2024-01-16,2,3,4,timelonn,26685.211120065967,0.9947762943899363
2024-02-16,2,3,4,timelonn,29070.806679246078,1.0837069721198869
2024-03-16,2,3,4,timelonn,28700.583914627026,1.0699057386115784
2024-04-16,2,3,4,timelonn,28063.93670504648,1.0461726847814738
2024-05-16,2,3,4,timelonn,29314.542132554845,1.0927929879645066
2024-06-16,2,3,4,timelonn,28816.665213051474,1.074233038979377
2024-07-16,2,3,4,timelonn,27252.075114938212,1.0159079564819053
2024-08-16,2,3,4,timelonn,27294.933457111085,1.0175056377825553
2024-09-16,2,3,4,timelonn,29735.55822428234,1.108487704626961
2024-10-16,2,3,4,timelonn,30044.53521284647,1.1200058066330743
2024-11-16,2,3,4,timelonn,30571.940235062048,1.1396665097574257
2024-12-16,2,3,4,timelonn,31510.340685883868,1.1746483773889853
2025-01-16,2,3,4,timelonn,28151.106920660364,1.0494222323934224
2025-02-16,2,3,4,timelonn,30587.03675302023,1.1402292805792513
2025-03-16,2,3,4,timelonn,29458.68856955223,1.098166505820543
2025-04-16,2,3,4,timelonn,30369.94030549238,1.1321363185777409
2025-05-16,2,3,4,timelonn,28971.93281300393,1.0800211336294274
2025-06-16,2,3,4,timelonn,28868.688457894736,1.0761723712370261
2025-07-16,2,3,4,timelonn,28879.72344275286,1.0765837354678138
2025-08-16,2,3,4,timelonn,28486.471776211896,1.0619240262436989
2025-09-16,2,3,4,timelonn,30820.026745117742,1.148914725109777
2025-10-16,2,3,4,timelonn,31494.565827871756,1.174060319279675
2025-11-16,2,3,4,timelonn,31954.915196556853,1.1912213092019528
2025-12-16,2,3,4,timelonn,33072.3506574503,1.232877277446162
2026-01-16,2,3,4,timelonn,28917.348572100003,1.0779863320813272
2026-02-16,2,3,4,timelonn,31220.464584169065,1.1638423218176575
2021-01-16,2,3,5,timelonn,17515.187767010888,0.8082013475863451
2021-02-16,2,3,5,timelonn,19517.973598765217,0.9006156699266031
2021-03-16,2,3,5,timelonn,21271.89786919972,0.9815468011131846
2021-04-16,2,3,5,timelonn,20007.05267670237,0.923183191047306
2021-05-16,2,3,5,timelonn,20069.862577402026,0.9260814212611342
2021-06-16,2,3,5,timelonn,19793.812670197352,0.9133436813081485
2021-07-16,2,3,5,timelonn,19282.401424897147,0.8897456894898185
2021-08-16,2,3,5,timelonn,17232.383018202156,0.795151919733706
2021-09-16,2,3,5,timelonn,19918.759481701196,0.9191090880384274
2021-10-16,2,3,5,timelonn,19877.946229651778,0.917225846719836
2021-11-16,2,3,5,timelonn,20067.044036788215,0.9259513656572429
2021-12-16,2,3,5,timelonn,22969.925275768972,1.0598986895703881
2022-01-16,2,3,5,timelonn,19525.71035778518,0.9009726663316124
2022-02-16,2,3,5,timelonn,21683.268343068834,1.0005286228190553
2022-03-16,2,3,5,timelonn,21327.486384125743,0.9841118157319917
2022-04-16,2,3,5,timelonn,21544.075818337093,0.994105877738696
2022-05-16,2,3,5,timelonn,20368.19419628383,0.9398473037406823
2022-06-16,2,3,5,timelonn,21368.92483539343,0.9860239055480948
2022-07-16,2,3,5,timelonn,20197.148431211746,0.9319547581585811
2022-08-16,2,3,5,timelonn,18395.21182093984,0.8488081989518419
2022-09-16,2,3,5,timelonn,21195.34988006505,0.9780146558232442
2022-10-16,2,3,5,timelonn,21671.81212864735,1.0
2022-11-16,2,3,5,timelonn,21397.525150513527,0.9873436066856979
2022-12-16,2,3,5,timelonn,23108.505630895008,1.066293187377189
2023-01-16,2,3,5,timelonn,19728.673593474712,0.9103379761859388
2023-02-16,2,3,5,timelonn,21902.33164834953,1.0106368363814608
2023-03-16,2,3,5,timelonn,21954.749739873587,1.0130555585082905
2023-04-16,2,3,5,timelonn,22129.157437753714,1.0211032333794465
2023-05-16,2,3,5,timelonn,20520.323141336597,0.9468669726151496
2023-06-16,2,3,5,timelonn,21664.458643868616,0.9996606889753804
2023-07-16,2,3,5,timelonn,21218.22428223068,0.9790701468006413
2023-08-16,2,3,5,timelonn,19086.738115519012,0.8807172193177514
2023-09-16,2,3,5,timelonn,21847.119427321635,1.0080891850498535
2023-10-16,2,3,5,timelonn,22009.680589636715,1.015590226557139
2023-11-16,2,3,5,timelonn,23023.143609077393,1.0623543371642539
2023-12-16,2,3,5,timelonn,23347.59426323053,1.0773254273632251
2024-01-16,2,3,5,timelonn,20410.33560986874,0.9417918302682635
2024-02-16,2,3,5,timelonn,23070.51568440013,1.0645402215306154
2024-03-16,2,3,5,timelonn,22985.794992869698,1.0606309641492984
2024-04-16,2,3,5,timelonn,21959.834376617942,1.0132901783321508
2024-05-16,2,3,5,timelonn,23296.059217426107,1.074947451516143
2024-06-16,2,3,5,timelonn,22266.30107385467,1.027431436821173
2024-07-16,2,3,5,timelonn,21302.806432460315,0.9829730114862311
2024-08-16,2,3,5,timelonn,21670.875129462453,0.9999567641515469
2024-09-16,2,3,5,timelonn,23152.264551431974,1.0683123503469123
2024-10-16,2,3,5,timelonn,23817.75060285491,1.0990197986891417
2024-11-16,2,3,5,timelonn,25029.126134707778,1.1549161641920331
2024-12-16,2,3,5,timelonn,25121.438881371683,1.1591757409231307
2025-01-16,2,3,5,timelonn,21983.959933825576,1.0144034012165326
2025-02-16,2,3,5,timelonn,24852.783892075873,1.146779223839048
2025-03-16,2,3,5,timelonn,23427.532201073373,1.081013994676762
2025-04-16,2,3,5,timelonn,24526.29208069177,1.1317139487505599
2025-05-16,2,3,5,timelonn,23035.698439520947,1.0629336532993803
2025-06-16,2,3,5,timelonn,23197.37602102181,1.0703939238361087
2025-07-16,2,3,5,timelonn,23219.123018527313,1.0713973931065328
2025-08-16,2,3,5,timelonn,22851.0447440814,1.0544131985103016
2025-09-16,2,3,5,timelonn,24934.0832918963,1.1505306129401447
2025-10-16,2,3,5,timelonn,25342.018748171813,1.1693539330138858
2025-11-16,2,3,5,timelonn,25228.558002922677,1.1641185265524596
2025-12-16,2,3,5,timelonn,26059.85174963448,1.2024768208094008
2026-01-16,2,3,5,timelonn,23283.672736526463,1.0743759035151674
2026-02-16,2,3,5,timelonn,25110.247518161996,1.1586593391038802
2021-01-16,2,3,all,timelonn,19997.04335696373,0.7960177443488445
2021-02-16,2,3,all,timelonn,22308.679078412784,0.8880365003167509
2021-03-16,2,3,all,timelonn,23838.168147274202,0.9489205228628789
2021-04-16,2,3,all,timelonn,22875.436308624554,0.9105972761241136
2021-05-16,2,3,all,timelonn,22497.73222017623,0.8955620956151275
2021-06-16,2,3,all,timelonn,22599.036424518657,0.8995946889737668
2021-07-16,2,3,all,timelonn,22040.274361366453,0.8773521749581519
2021-08-16,2,3,all,timelonn,20264.177655310097,0.8066514984399878
2021-09-16,2,3,all,timelonn,23284.401121435985,0.9268768451584447
2021-10-16,2,3,all,timelonn,23601.909216944496,0.9395158175048824
2021-11-16,2,3,all,timelonn,23785.227640480563,0.9468131321826521
2021-12-16,2,3,all,timelonn,26174.042107052515,1.0419041248561418
2022-01-16,2,3,all,timelonn,22121.86613472959,0.8806000800724512
2022-02-16,2,3,all,timelonn,24485.10880524124,0.9746731420921184
2022-03-16,2,3,all,timelonn,24364.636311240127,0.9698775209985905
2022-04-16,2,3,all,timelonn,24753.159535942472,0.9853433763970088
2022-05-16,2,3,all,timelonn,23050.97828717463,0.9175850356298358
2022-06-16,2,3,all,timelonn,24359.811927841412,0.9696854778688955
2022-07-16,2,3,all,timelonn,23070.103608947647,0.918346352951899
2022-08-16,2,3,all,timelonn,21473.223374344838,0.8547797056404544
2022-09-16,2,3,all,timelonn,24723.736767058712,0.9841721509462626
2022-10-16,2,3,all,timelonn,25121.353762436087,1.0
2022-11-16,2,3,all,timelonn,25357.760069794676,1.009410571961774
2022-12-16,2,3,all,timelonn,26692.024057418857,1.062523314222476
2023-01-16,2,3,all,timelonn,22654.115297157932,0.9017872010955312
2023-02-16,2,3,all,timelonn,25226.815673695608,1.0041980982496739
2023-03-16,2,3,all,timelonn,25034.030109779207,0.9965239272738775
2023-04-16,2,3,all,timelonn,25244.751942992938,1.0049120832310148
2023-05-16,2,3,all,timelonn,23471.922384298072,0.934341461302758
2023-06-16,2,3,all,timelonn,25051.785203981064,0.997230700259512
2023-07-16,2,3,all,timelonn,24188.6758812364,0.9628731042912855
2023-08-16,2,3,all,timelonn,22471.549023109175,0.8945198270608664
2023-09-16,2,3,all,timelonn,25808.735364331777,1.0273624426611725
2023-10-16,2,3,all,timelonn,25908.25282741289,1.03132391161791
2023-11-16,2,3,all,timelonn,27019.98439354081,1.075578356527256
2023-12-16,2,3,all,timelonn,27436.317987897815,1.0921512529680344
2024-01-16,2,3,all,timelonn,23839.15377734441,0.9489597576142992
2024-02-16,2,3,all,timelonn,26724.79175636807,1.0638276905414867
2024-03-16,2,3,all,timelonn,26098.89933556051,1.0389129336885556
2024-04-16,2,3,all,timelonn,25399.572095664567,1.0110749737398508
2024-05-16,2,3,all,timelonn,26489.110268834596,1.0544459713171872
2024-06-16,2,3,all,timelonn,26267.485841424434,1.045623818279338
2024-07-16,2,3,all,timelonn,24969.44893018243,0.9939531589861689
2024-08-16,2,3,all,timelonn,24364.95422472049,0.9698901761079994
2024-09-16,2,3,all,timelonn,27093.930184470926,1.0785218997626007
2024-10-16,2,3,all,timelonn,27705.390611128198,1.102862165515778
2024-11-16,2,3,all,timelonn,28598.40781965098,1.1384102978723274
2024-12-16,2,3,all,timelonn,28614.698913887914,1.1390587937452408
2025-01-16,2,3,all,timelonn,25070.793670608662,0.9979873659554516
2025-02-16,2,3,all,timelonn,28074.722423742554,1.1175640727500376
2025-03-16,2,3,all,timelonn,26806.481082511084,1.0670794789170464
2025-04-16,2,3,all,timelonn,27916.987576876487,1.111285157674134
2025-05-16,2,3,all,timelonn,26505.58791479941,1.055101893212187
2025-06-16,2,3,all,timelonn,27013.29474343697,1.0753120631512263
2025-07-16,2,3,all,timelonn,26398.2174504084,1.0508278216232758
2025-08-16,2,3,all,timelonn,25434.685085875517,1.0124727085332461
2025-09-16,2,3,all,timelonn,28213.74326233005,1.1230980435663465
2025-10-16,2,3,all,timelonn,29057.3794502382,1.1566804768972143
2025-11-16,2,3,all,timelonn,29456.116915738487,1.172552928249598
2025-12-16,2,3,all,timelonn,29736.17491597809,1.1837011331946026
2026-01-16,2,3,all,timelonn,26043.649472007823,1.0367136149704974
2026-02-16,2,3,all,timelonn,28578.101082805082,1.137601952229894
2021-01-16,2,4,1,kontantlonn,37312.27302776569,0.9039146881509738
2021-02-16,2,4,1,kontantlonn,39149.014910234786,0.9484109847092246
2021-03-16,2,4,1,kontantlonn,40853.98081311014,0.9897149203139728
2021-04-16,2,4,1,kontantlonn,39936.71958872014,0.9674936556651942
2021-05-16,2,4,1,kontantlonn,43262.4889301388,1.0480626350697313
2021-06-16,2,4,1,kontantlonn,56508.24688295274,1.368949951699609
2021-07-16,2,4,1,kontantlonn,42377.260581862385,1.026617388199372
2021-08-16,2,4,1,kontantlonn,35707.52940250246,0.8650387040340948
2021-09-16,2,4,1,kontantlonn,39233.5942101532,0.9504599746341452
2021-10-16,2,4,1,kontantlonn,40018.864993328534,0.9694836828536847
2021-11-16,2,4,1,kontantlonn,40405.88115891883,0.9788594074676372
2021-12-16,2,4,1,kontantlonn,42765.14762850056,1.0360142104872785
2022-01-16,2,4,1,kontantlonn,38187.75323797927,0.9251237798782098
2022-02-16,2,4,1,kontantlonn,40189.66334536214,0.9736213867936261
2022-03-16,2,4,1,kontantlonn,41052.05450640363,0.9945133875789144
2022-04-16,2,4,1,kontantlonn,41069.25408004216,0.9949300587163238
2022-05-16,2,4,1,kontantlonn,43311.70853291247,1.0492550127589428
2022-06-16,2,4,1,kontantlonn,57919.196841095094,1.4031311550388377
2022-07-16,2,4,1,kontantlonn,43293.97821202805,1.0488254839156819
2022-08-16,2,4,1,kontantlonn,36501.66947341607,0.8842772766617633
2022-09-16,2,4,1,kontantlonn,40869.156615738175,0.9900825642495152
2022-10-16,2,4,1,kontantlonn,41278.533822800004,1.0
2022-11-16,2,4,1,kontantlonn,42049.32276774757,1.0186728760342216
2022-12-16,2,4,1,kontantlonn,44175.75484217525,1.0701871106132888
2023-01-16,2,4,1,kontantlonn,40197.30695904393,0.9738065584306471
2023-02-16,2,4,1,kontantlonn,42141.421643763,1.020904032702983
2023-03-16,2,4,1,kontantlonn,42487.643679040775,1.0292914923148972
2023-04-16,2,4,1,kontantlonn,42019.08787015122,1.017940415483996
2023-05-16,2,4,1,kontantlonn,44602.11209450207,1.0805158992799861
2023-06-16,2,4,1,kontantlonn,62112.14421409108,1.5047081003585387
2023-07-16,2,4,1,kontantlonn,44647.77377138352,1.0816220838425838
2023-08-16,2,4,1,kontantlonn,38710.04998173146,0.9377767666823028
2023-09-16,2,4,1,kontantlonn,42936.821230206566,1.0401731179340148
2023-10-16,2,4,1,kontantlonn,43217.8502656729,1.0469812336648867
2023-11-16,2,4,1,kontantlonn,44437.444024498924,1.0765267055089567
2023-12-16,2,4,1,kontantlonn,46045.58116303844,1.1154848997472235
2024-01-16,2,4,1,kontantlonn,42652.444613343694,1.033283904812162
2024-02-16,2,4,1,kontantlonn,45070.122114462676,1.0918537540102358
2024-03-16,2,4,1,kontantlonn,44522.74468641739,1.0785931709092211
2024-04-16,2,4,1,kontantlonn,44185.480203667415,1.0704227139788036
2024-05-16,2,4,1,kontantlonn,48034.78589699832,1.1636747105214897
2024-06-16,2,4,1,kontantlonn,64311.340262120626,1.5579850907058759
2024-07-16,2,4,1,kontantlonn,46590.04196737711,1.128674825694592
2024-08-16,2,4,1,kontantlonn,41012.54686734891,0.9935562886852299
2024-09-16,2,4,1,kontantlonn,44848.79551840727,1.0864919696744473
2024-10-16,2,4,1,kontantlonn,45774.11214804123,1.1089083818853593
2024-11-16,2,4,1,kontantlonn,46760.09042487012,1.1327943629393737
2024-12-16,2,4,1,kontantlonn,47754.66385822741,1.1568885673902096
2025-01-16,2,4,1,kontantlonn,44809.52770196715,1.0855406806434782
2025-02-16,2,4,1,kontantlonn,47002.053536458276,1.1386560806211803
2025-03-16,2,4,1,kontantlonn,45780.99570020366,1.1090751405253823
2025-04-16,2,4,1,kontantlonn,46575.23174663358,1.128316038223915
2025-05-16,2,4,1,kontantlonn,49992.51175085571,1.211101924440024
2025-06-16,2,4,1,kontantlonn,67421.80767133186,1.6333382372726557
2025-07-16,2,4,1,kontantlonn,49673.69443476257,1.2033783624195862
2025-08-16,2,4,1,kontantlonn,42758.223723047195,1.0358464742618811
2025-09-16,2,4,1,kontantlonn,46505.35018033664,1.1266231106941504
2025-10-16,2,4,1,kontantlonn,47817.35715455651,1.1584073542879765
2025-11-16,2,4,1,kontantlonn,48544.24506965979,1.176016698607803
2025-12-16,2,4,1,kontantlonn,49610.47120246808,1.2018467374697783
2026-01-16,2,4,1,kontantlonn,46528.92933684129,1.1271943314794106
2026-02-16,2,4,1,kontantlonn,48476.140106340325,1.1743668104695317
2021-01-16,2,4,2,kontantlonn,36484.24875236032,0.9161958131866694
2021-02-16,2,4,2,kontantlonn,37977.09692504482,0.9536843539216194
2021-03-16,2,4,2,kontantlonn,39493.71545216484,0.991769817985308
2021-04-16,2,4,2,kontantlonn,38651.29542641722,0.9706148887506848
2021-05-16,2,4,2,kontantlonn,41026.98363602797,1.0302733897617957
2021-06-16,2,4,2,kontantlonn,52731.963277649236,1.3242099160112177
2021-07-16,2,4,2,kontantlonn,40905.7226758833,1.0272282733680982
2021-08-16,2,4,2,kontantlonn,35664.15634009343,0.8956015770371182
2021-09-16,2,4,2,kontantlonn,37945.04703377603,0.9528795141017601
2021-10-16,2,4,2,kontantlonn,38773.472568235564,0.9736830123829094
2021-11-16,2,4,2,kontantlonn,39516.92325572171,0.9923526144845971
2021-12-16,2,4,2,kontantlonn,41681.41523676684,1.0467075363625313
2022-01-16,2,4,2,kontantlonn,37593.0473267117,0.9440400650550147
2022-02-16,2,4,2,kontantlonn,39255.30370824272,0.9857828003252048
2022-03-16,2,4,2,kontantlonn,39721.94769991162,0.9975012072003939
2022-04-16,2,4,2,kontantlonn,39682.00378445634,0.9964981319184877
2022-05-16,2,4,2,kontantlonn,41082.26903825236,1.0316617218716913
2022-06-16,2,4,2,kontantlonn,53797.5355345557,1.3509686646167351
2022-07-16,2,4,2,kontantlonn,42125.583339707366,1.05786152665098
2022-08-16,2,4,2,kontantlonn,36571.10950574683,0.9183770684215825
2022-09-16,2,4,2,kontantlonn,39568.48268536375,0.9936473796280145
2022-10-16,2,4,2,kontantlonn,39821.453260589034,1.0
2022-11-16,2,4,2,kontantlonn,40464.82397397981,1.0161563845794526
2022-12-16,2,4,2,kontantlonn,43538.17002109214,1.0933345334280282
2023-01-16,2,4,2,kontantlonn,39092.64025295324,0.9816979806621701
2023-02-16,2,4,2,kontantlonn,40882.10755162666,1.0266352481939012
2023-03-16,2,4,2,kontantlonn,41301.06188648535,1.0371560680172534
2023-04-16,2,4,2,kontantlonn,40914.026632767076,1.0274368030977752
2023-05-16,2,4,2,kontantlonn,42381.2970677114,1.0642830333280635
2023-06-16,2,4,2,kontantlonn,57078.478175451826,1.4333599982384855
2023-07-16,2,4,2,kontantlonn,43397.97277210726,1.0898138872058163
2023-08-16,2,4,2,kontantlonn,38550.31285829094,0.9680790052040584
2023-09-16,2,4,2,kontantlonn,41901.2695051423,1.0522285369884188
2023-10-16,2,4,2,kontantlonn,41942.259682203505,1.0532578860880855
2023-11-16,2,4,2,kontantlonn,43100.940031407095,1.0823547736783314
2023-12-16,2,4,2,kontantlonn,44519.66614481236,1.1179819544374368
2024-01-16,2,4,2,kontantlonn,41352.57682914399,1.0384497159994484
2024-02-16,2,4,2,kontantlonn,43324.37227636466,1.0879656247815153
2024-03-16,2,4,2,kontantlonn,43211.538428703694,1.0851321308122575
2024-04-16,2,4,2,kontantlonn,42797.5173935946,1.0747351964663467
2024-05-16,2,4,2,kontantlonn,45199.06810243716,1.1350431589389105
2024-06-16,2,4,2,kontantlonn,58733.26885579457,1.4749152541331887
2024-07-16,2,4,2,kontantlonn,44814.920863784144,1.1253964181196046
2024-08-16,2,4,2,kontantlonn,40417.21542485262,1.014960834311218
2024-09-16,2,4,2,kontantlonn,43222.661960688834,1.0854114659714327
2024-10-16,2,4,2,kontantlonn,43758.318298574195,1.098862917237665
2024-11-16,2,4,2,kontantlonn,44677.55335630345,1.1219468326265345
2024-12-16,2,4,2,kontantlonn,45644.97541293362,1.1462408243676048
2025-01-16,2,4,2,kontantlonn,42700.64418395989,1.0723025075084431
2025-02-16,2,4,2,kontantlonn,44755.37806028368,1.1239011737569535
2025-03-16,2,4,2,kontantlonn,44283.683938112226,1.1120559475397003
2025-04-16,2,4,2,kontantlonn,44544.64143971378,1.1186091363420743
2025-05-16,2,4,2,kontantlonn,46768.03770390011,1.1744432680006196
2025-06-16,2,4,2,kontantlonn,60736.69854201126,1.5252255648369788
2025-07-16,2,4,2,kontantlonn,47071.80152790052,1.1820714131115626
2025-08-16,2,4,2,kontantlonn,41818.62920934002,1.0501532662728703
2025-09-16,2,4,2,kontantlonn,44595.505804687644,1.1198864469575611
2025-10-16,2,4,2,kontantlonn,45433.21537980476,1.140923086922336
2025-11-16,2,4,2,kontantlonn,45741.01817569626,1.1486526590672113
2025-12-16,2,4,2,kontantlonn,47375.29916797842,1.1896928737873402
2026-01-16,2,4,2,kontantlonn,43998.96332839243,1.1049060173787741
2026-02-16,2,4,2,kontantlonn,45830.985651298426,1.1509119305963897
2021-01-16,2,4,3,kontantlonn,42985.51337334882,0.9355679136683295
2021-02-16,2,4,3,kontantlonn,43523.4914461247,0.9472768589302999
2021-03-16,2,4,3,kontantlonn,44528.42701533354,0.9691490060811287
2021-04-16,2,4,3,kontantlonn,44068.01790518989,0.9591283280245524
2021-05-16,2,4,3,kontantlonn,47015.21384467366,1.0232732396445714
2021-06-16,2,4,3,kontantlonn,55397.00215479278,1.20570056426435
2021-07-16,2,4,3,kontantlonn,44656.6868627467,0.9719405464963735
2021-08-16,2,4,3,kontantlonn,42335.563481207624,0.921421932456052
2021-09-16,2,4,3,kontantlonn,43689.5616571666,0.95089133154384
2021-10-16,2,4,3,kontantlonn,44213.167698736026,0.9622874734868361
2021-11-16,2,4,3,kontantlonn,44675.6298497987,0.9723528354161536
2021-12-16,2,4,3,kontantlonn,46336.29483445694,1.0084967535195497
2022-01-16,2,4,3,kontantlonn,44698.51954994158,0.9728510234643262
2022-02-16,2,4,3,kontantlonn,45333.165148137836,0.9866639109147153
2022-03-16,2,4,3,kontantlonn,46428.85206390831,1.010511236243081
2022-04-16,2,4,3,kontantlonn,45963.42846537561,1.0003814192214886
2022-05-16,2,4,3,kontantlonn,48447.135355984625,1.054438618762844
2022-06-16,2,4,3,kontantlonn,56928.40994817915,1.239031235036848
2022-07-16,2,4,3,kontantlonn,46008.29293533717,1.0013578821101647
2022-08-16,2,4,3,kontantlonn,43798.89158177224,0.9532708673790041
2022-09-16,2,4,3,kontantlonn,45675.04132456581,0.9941047521659433
2022-10-16,2,4,3,kontantlonn,45945.903814512094,1.0
2022-11-16,2,4,3,kontantlonn,46446.49989378895,1.0108953364221065
2022-12-16,2,4,3,kontantlonn,48370.18647405619,1.052763847443967
2023-01-16,2,4,3,kontantlonn,46785.41763892291,1.0182717882273034
2023-02-16,2,4,3,kontantlonn,47381.99828552063,1.0312562024420324
2023-03-16,2,4,3,kontantlonn,47904.037959477944,1.042618252823386
2023-04-16,2,4,3,kontantlonn,47739.04449884906,1.0390272153873836
2023-05-16,2,4,3,kontantlonn,50625.297632633905,1.1018457235494368
2023-06-16,2,4,3,kontantlonn,60513.7815433601,1.3170658648409637
2023-07-16,2,4,3,kontantlonn,48467.96922877785,1.054892062292377
2023-08-16,2,4,3,kontantlonn,46484.41224373765,1.011720488324695
2023-09-16,2,4,3,kontantlonn,48547.952214796234,1.0566328700549423
2023-10-16,2,4,3,kontantlonn,48920.40453952847,1.0647391927912597
2023-11-16,2,4,3,kontantlonn,49289.54003028803,1.0727733255455048
2023-12-16,2,4,3,kontantlonn,50408.911016683676,1.0971361281778058
2024-01-16,2,4,3,kontantlonn,49470.50846588619,1.0767120539320165
2024-02-16,2,4,3,kontantlonn,50395.233171758206,1.096838433632919
2024-03-16,2,4,3,kontantlonn,50967.074108368804,1.1092843948424138
2024-04-16,2,4,3,kontantlonn,50519.461283390614,1.0995422244242359
2024-05-16,2,4,3,kontantlonn,53734.043925999526,1.1695067343310708
2024-06-16,2,4,3,kontantlonn,63302.37465389334,1.3777588293714047
2024-07-16,2,4,3,kontantlonn,51230.76027727546,1.1150234520165023
2024-08-16,2,4,3,kontantlonn,49253.98694478244,1.0719995223867047
2024-09-16,2,4,3,kontantlonn,51176.17510082587,1.1138354206161418
2024-10-16,2,4,3,kontantlonn,51801.10143007998,1.1274367708426385
2024-11-16,2,4,3,kontantlonn,52476.60119284637,1.1421388379843243
2024-12-16,2,4,3,kontantlonn,53313.64674112202,1.160356904858248
2025-01-16,2,4,3,kontantlonn,52514.25526759681,1.1429583685980313
2025-02-16,2,4,3,kontantlonn,53713.8732581478,1.1690677252752657
2025-03-16,2,4,3,kontantlonn,53781.21665203019,1.17053343578026
2025-04-16,2,4,3,kontantlonn,53628.56447967016,1.167211003099943
2025-05-16,2,4,3,kontantlonn,57153.790630645206,1.243936583800384
2025-06-16,2,4,3,kontantlonn,66881.96562291138,1.4556676454319
2025-07-16,2,4,3,kontantlonn,54019.154173741495,1.1757120807073873
2025-08-16,2,4,3,kontantlonn,51752.922230257616,1.1263881637673077
2025-09-16,2,4,3,kontantlonn,53494.46683076648,1.1642924045357481
2025-10-16,2,4,3,kontantlonn,54137.79873832289,1.1782943471279232
2025-11-16,2,4,3,kontantlonn,54547.40366452439,1.1872092860494672
2025-12-16,2,4,3,kontantlonn,55452.7553024777,1.2069140162384366
2026-01-16,2,4,3,kontantlonn,54495.39645002348,1.1860773632841457
2026-02-16,2,4,3,kontantlonn,55443.217396206004,1.2067064263233442
2021-01-16,2,4,4,kontantlonn,65904.39921476484,0.9251047409468793
2021-02-16,2,4,4,kontantlonn,67517.98456727465,0.9477547533484011
2021-03-16,2,4,4,kontantlonn,71181.37386805,0.9991780096174924
2021-04-16,2,4,4,kontantlonn,68669.64846317934,0.9639207413973461
2021-05-16,2,4,4,kontantlonn,69922.42675505052,0.9815060794168711
2021-06-16,2,4,4,kontantlonn,82246.8590385029,1.1545050122763678
2021-07-16,2,4,4,kontantlonn,68815.11736389447,0.965962698706954
2021-08-16,2,4,4,kontantlonn,65815.25728197166,0.9238534492937166
2021-09-16,2,4,4,kontantlonn,67099.94930112532,0.9418867625738021
2021-10-16,2,4,4,kontantlonn,67581.56350530962,0.9486472154253082
2021-11-16,2,4,4,kontantlonn,68251.04347387694,0.958044753378311
2021-12-16,2,4,4,kontantlonn,72871.53026548645,1.022902855224762
2022-01-16,2,4,4,kontantlonn,68467.90356448838,0.9610888339000535
2022-02-16,2,4,4,kontantlonn,70057.6356346422,0.9834040160799574
2022-03-16,2,4,4,kontantlonn,74789.5482642654,1.0498262103426754
2022-04-16,2,4,4,kontantlonn,72281.8972447078,1.0146261345590655
2022-05-16,2,4,4,kontantlonn,72700.32579765099,1.0204996459283728
2022-06-16,2,4,4,kontantlonn,85130.85685041474,1.1949878947617354
2022-07-16,2,4,4,kontantlonn,71565.38668544793,1.004568424858234
2022-08-16,2,4,4,kontantlonn,68676.83050779517,0.9640215562686286
2022-09-16,2,4,4,kontantlonn,70521.82468679901,0.9899198708326353
2022-10-16,2,4,4,kontantlonn,71239.93240733932,1.0
2022-11-16,2,4,4,kontantlonn,71690.06910256922,1.0063186008186544
2022-12-16,2,4,4,kontantlonn,76871.17393890447,1.0790461380475005
2023-01-16,2,4,4,kontantlonn,71639.79868157247,1.0056129513423282
2023-02-16,2,4,4,kontantlonn,73511.61352772659,1.0318877495194427
2023-03-16,2,4,4,kontantlonn,77569.45372917509,1.0888479411468908
2023-04-16,2,4,4,kontantlonn,75088.80817779382,1.0540269430415403
2023-05-16,2,4,4,kontantlonn,76308.04204658278,1.0711414156075383
2023-06-16,2,4,4,kontantlonn,89851.2850074551,1.2612488806656754
2023-07-16,2,4,4,kontantlonn,75137.61161173691,1.0547120003162165
2023-08-16,2,4,4,kontantlonn,72600.99968076799,1.0191053981585256
2023-09-16,2,4,4,kontantlonn,74493.23053047777,1.0456667772301715
2023-10-16,2,4,4,kontantlonn,75476.51437408515,1.0594692025045964
2023-11-16,2,4,4,kontantlonn,75561.78248632145,1.0606661170629756
2023-12-16,2,4,4,kontantlonn,79156.9673428567,1.1111319826954489
2024-01-16,2,4,4,kontantlonn,75798.61148016059,1.0639905025001346
2024-02-16,2,4,4,kontantlonn,78004.5234171836,1.094955045313145
2024-03-16,2,4,4,kontantlonn,81564.68267856221,1.1449292541742953
2024-04-16,2,4,4,kontantlonn,79268.95837173554,1.112704008736104
2024-05-16,2,4,4,kontantlonn,80503.05811267666,1.1300271546072247
2024-06-16,2,4,4,kontantlonn,93364.33375757323,1.3105617959282987
2024-07-16,2,4,4,kontantlonn,79368.31002059004,1.1140986149000516
2024-08-16,2,4,4,kontantlonn,76483.91407726519,1.0736101438157122
2024-09-16,2,4,4,kontantlonn,78353.73091838627,1.0998568958540178
2024-10-16,2,4,4,kontantlonn,79181.18646553824,1.1114719482437463
2024-11-16,2,4,4,kontantlonn,79491.0971350442,1.1158221863620805
2024-12-16,2,4,4,kontantlonn,82810.28179163641,1.1624138175502408
2025-01-16,2,4,4,kontantlonn,79796.28899132121,1.1201061861633714
2025-02-16,2,4,4,kontantlonn,81844.84536574128,1.1488619177481056
2025-03-16,2,4,4,kontantlonn,85241.67333500458,1.1965434336406355
2025-04-16,2,4,4,kontantlonn,83728.81874777203,1.1753073861584136
2025-05-16,2,4,4,kontantlonn,84608.41845002573,1.187654389763418
2025-06-16,2,4,4,kontantlonn,97714.22990348515,1.371621597628276
2025-07-16,2,4,4,kontantlonn,83075.18102755875,1.1661322269727494
2025-08-16,2,4,4,kontantlonn,79816.9090081383,1.1203956308065695
2025-09-16,2,4,4,kontantlonn,81849.04016090998,1.148920800386353
2025-10-16,2,4,4,kontantlonn,82693.11968297974,1.1607692046948164
2025-11-16,2,4,4,kontantlonn,82785.43291375214,1.1620650120833547
2025-12-16,2,4,4,kontantlonn,86446.97967191126,1.213462404450643
2026-01-16,2,4,4,kontantlonn,83035.62282611811,1.1655769456845184
2026-02-16,2,4,4,kontantlonn,85362.07560028527,1.198233528805132
2021-01-16,2,4,5,kontantlonn,53366.94453647843,0.9180275352375921
2021-02-16,2,4,5,kontantlonn,54814.855513231756,0.9429347536810938
2021-03-16,2,4,5,kontantlonn,57416.60725768542,0.9876905432809328
2021-04-16,2,4,5,kontantlonn,55590.12303200532,0.9562710414448231
2021-05-16,2,4,5,kontantlonn,55559.50825931568,0.9557444007581913
2021-06-16,2,4,5,kontantlonn,64882.37926181128,1.1161180620591278
2021-07-16,2,4,5,kontantlonn,54929.89070328948,0.9449136091863418
2021-08-16,2,4,5,kontantlonn,53328.15940327832,0.9173603465771802
2021-09-16,2,4,5,kontantlonn,54134.96694441393,0.931239191334604
2021-10-16,2,4,5,kontantlonn,54815.151321372716,0.9429398422245903
2021-11-16,2,4,5,kontantlonn,55112.43393142253,0.9480537497968419
2021-12-16,2,4,5,kontantlonn,57786.777733650015,0.994058280700024
2022-01-16,2,4,5,kontantlonn,55751.43899335916,0.9590460268910092
2022-02-16,2,4,5,kontantlonn,57327.051233248945,0.9861499848492448
2022-03-16,2,4,5,kontantlonn,60690.67693753081,1.0440116638639199
2022-04-16,2,4,5,kontantlonn,58609.975169593235,1.0082190673011062
2022-05-16,2,4,5,kontantlonn,58090.75706777499,0.9992873864937643
2022-06-16,2,4,5,kontantlonn,67410.35568220052,1.159604755601464
2022-07-16,2,4,5,kontantlonn,57414.89115386388,0.9876610225621585
2022-08-16,2,4,5,kontantlonn,56088.451167595114,0.9648433693910546
2022-09-16,2,4,5,kontantlonn,57289.23571144657,0.9854994756140715
2022-10-16,2,4,5,kontantlonn,58132.18284641831,1.0
2022-11-16,2,4,5,kontantlonn,58205.820616731704,1.001266729833764
2022-12-16,2,4,5,kontantlonn,61302.20459428302,1.0545312698172666
2023-01-16,2,4,5,kontantlonn,58473.04139390652,1.005863508487007
2023-02-16,2,4,5,kontantlonn,60349.361085565106,1.038140288745125
2023-03-16,2,4,5,kontantlonn,63099.73132077956,1.085452639676119
2023-04-16,2,4,5,kontantlonn,61258.95798848511,1.0537873341231232
2023-05-16,2,4,5,kontantlonn,61080.90463477817,1.0507244291195843
2023-06-16,2,4,5,kontantlonn,71566.91453297473,1.231106609604703
2023-07-16,2,4,5,kontantlonn,61201.95342488527,1.0528067316270766
2023-08-16,2,4,5,kontantlonn,59724.106006903756,1.0273845412736557
2023-09-16,2,4,5,kontantlonn,61021.45954070264,1.0497018441904655
2023-10-16,2,4,5,kontantlonn,61622.747116059414,1.060045298468543
2023-11-16,2,4,5,kontantlonn,61855.90937053313,1.0640561964437611
2023-12-16,2,4,5,kontantlonn,63986.973856384706,1.1007151413088063
2024-01-16,2,4,5,kontantlonn,62220.25878848125,1.0703237990024113
2024-02-16,2,4,5,kontantlonn,64039.57518751593,1.1016199986280335
2024-03-16,2,4,5,kontantlonn,66901.05285946367,1.1508436391630463
2024-04-16,2,4,5,kontantlonn,64849.927414128084,1.1155598196864145
2024-05-16,2,4,5,kontantlonn,65415.06544495781,1.1252814231624577
2024-06-16,2,4,5,kontantlonn,74992.29567972098,1.2900306165664905
2024-07-16,2,4,5,kontantlonn,64609.89845300761,1.1114307994197126
2024-08-16,2,4,5,kontantlonn,63321.76435105328,1.0892720907856759
2024-09-16,2,4,5,kontantlonn,64457.42592458968,1.1088079402571598
2024-10-16,2,4,5,kontantlonn,65229.91834066315,1.1220964902177615
2024-11-16,2,4,5,kontantlonn,65459.34668069665,1.1260431567422173
2024-12-16,2,4,5,kontantlonn,67421.96600823096,1.1598044784651504
2025-01-16,2,4,5,kontantlonn,65921.09003426733,1.133986146854778
2025-02-16,2,4,5,kontantlonn,67916.47141412605,1.1683110471450424
2025-03-16,2,4,5,kontantlonn,70281.84192451483,1.2090005653184428
2025-04-16,2,4,5,kontantlonn,68905.29537519751,1.1853209702660075
2025-05-16,2,4,5,kontantlonn,68551.97394756779,1.1792430731300412
2025-06-16,2,4,5,kontantlonn,79269.80161644108,1.363613023544412
2025-07-16,2,4,5,kontantlonn,68118.20895374368,1.1717813716664975
2025-08-16,2,4,5,kontantlonn,66644.90814254813,1.1464373928400369
2025-09-16,2,4,5,kontantlonn,67887.20169572483,1.1678075443180704
2025-10-16,2,4,5,kontantlonn,68382.88313290595,1.176334343294305
2025-11-16,2,4,5,kontantlonn,68533.85150478505,1.1789313276923956
2025-12-16,2,4,5,kontantlonn,70946.37312152513,1.2204319474629248
2026-01-16,2,4,5,kontantlonn,68889.43415576813,1.1850481227888832
2026-02-16,2,4,5,kontantlonn,70817.85047847153,1.218221078426867
2021-01-16,2,4,all,kontantlonn,49402.476584687,0.9253949744703914
2021-02-16,2,4,all,kontantlonn,50805.033432561264,0.9516673225015059
2021-03-16,2,4,all,kontantlonn,53061.82536023509,0.9939409908005976
2021-04-16,2,4,all,kontantlonn,51651.00990866524,0.967513944647357
2021-05-16,2,4,all,kontantlonn,53454.64521010068,1.0012991950864636
2021-06-16,2,4,all,kontantlonn,64336.90447293171,1.2051429844852557
2021-07-16,2,4,all,kontantlonn,52273.07734494203,0.9791663580304273
2021-08-16,2,4,all,kontantlonn,48703.12286492924,0.9122948535375554
2021-09-16,2,4,all,kontantlonn,50405.16004741807,0.9441769931371137
2021-10-16,2,4,all,kontantlonn,51025.8464614963,0.9558035375538785
2021-11-16,2,4,all,kontantlonn,51526.05834163295,0.965173382793425
2021-12-16,2,4,all,kontantlonn,54419.88549222691,1.019379837353553
2022-01-16,2,4,all,kontantlonn,51179.37804319498,0.9586794531748878
2022-02-16,2,4,all,kontantlonn,52641.51520316281,0.9860678448783118
2022-03-16,2,4,all,kontantlonn,55004.883082722314,1.0303378675525803
2022-04-16,2,4,all,kontantlonn,53781.79755650808,1.0074273319367006
2022-05-16,2,4,all,kontantlonn,54883.47016771422,1.0280635908532798
2022-06-16,2,4,all,kontantlonn,66226.77754928221,1.2405436195980255
2022-07-16,2,4,all,kontantlonn,54040.92073597969,1.0122811632550712
2022-08-16,2,4,all,kontantlonn,50541.23885482576,0.9467259877060629
2022-09-16,2,4,all,kontantlonn,52867.538544119096,0.9903016582069899
2022-10-16,2,4,all,kontantlonn,53385.2873071418,1.0
2022-11-16,2,4,all,kontantlonn,53873.58553038194,1.0091466815647316
2022-12-16,2,4,all,kontantlonn,57111.01061143282,1.0697893275886257
2023-01-16,2,4,all,kontantlonn,53599.98189546543,1.0040216059358906
2023-02-16,2,4,all,kontantlonn,55196.17529794339,1.0339211060227698
2023-03-16,2,4,all,kontantlonn,57053.262599789785,1.0687076061152394
2023-04-16,2,4,all,kontantlonn,55842.66024715742,1.046030902219887
2023-05-16,2,4,all,kontantlonn,57362.548657337524,1.0745010760607756
2023-06-16,2,4,all,kontantlonn,70359.48647328405,1.3179565011701542
2023-07-16,2,4,all,kontantlonn,56737.5180273751,1.0627931568663647
2023-08-16,2,4,all,kontantlonn,53614.700116901986,1.0042973040201189
2023-09-16,2,4,all,kontantlonn,56049.65195007342,1.049908219611196
2023-10-16,2,4,all,kontantlonn,56570.10998922847,1.0596573108947305
2023-11-16,2,4,all,kontantlonn,57101.23076238636,1.069606133874781
2023-12-16,2,4,all,kontantlonn,59259.30898546608,1.1100307214706788
2024-01-16,2,4,all,kontantlonn,56827.10406630248,1.0644712603935025
2024-02-16,2,4,all,kontantlonn,58695.509086917555,1.0994697611951478
2024-03-16,2,4,all,kontantlonn,60229.671486561696,1.1282073118768112
2024-04-16,2,4,all,kontantlonn,58944.16271740817,1.1041274795110585
2024-05-16,2,4,all,kontantlonn,61038.22305980919,1.143352899997292
2024-06-16,2,4,all,kontantlonn,73210.12820013858,1.3713540170522722
2024-07-16,2,4,all,kontantlonn,59666.748154922745,1.117662771235861
2024-08-16,2,4,all,kontantlonn,56589.93424707414,1.0600286539902846
2024-09-16,2,4,all,kontantlonn,58815.06258536621,1.1017092077632789
2024-10-16,2,4,all,kontantlonn,59565.415335748396,1.1157646299260402
2024-11-16,2,4,all,kontantlonn,60179.75887513893,1.127272361182707
2024-12-16,2,4,all,kontantlonn,62008.19269634953,1.1615221313617277
2025-01-16,2,4,all,kontantlonn,59842.0146534949,1.1209458199448397
2025-02-16,2,4,all,kontantlonn,61730.68484861376,1.156323922983843
2025-03-16,2,4,all,kontantlonn,62828.8440674566,1.176894369903512
2025-04-16,2,4,all,kontantlonn,62266.69781736538,1.1663643853619465
2025-05-16,2,4,all,kontantlonn,64008.779743276296,1.1989966331924808
2025-06-16,2,4,all,kontantlonn,76795.47494896615,1.4385138457181736
2025-07-16,2,4,all,kontantlonn,62784.6699679872,1.1760669115962212
2025-08-16,2,4,all,kontantlonn,59156.578845995224,1.1081064059026118
2025-09-16,2,4,all,kontantlonn,61396.69733005755,1.1500677513792081
2025-10-16,2,4,all,kontantlonn,62183.6309449983,1.1648083972506686
2025-11-16,2,4,all,kontantlonn,62528.29780870009,1.171264611707637
2025-12-16,2,4,all,kontantlonn,64611.90927042513,1.210294306344989
2026-01-16,2,4,all,kontantlonn,62119.4298220709,1.1636057976925163
2026-02-16,2,4,all,kontantlonn,63970.133464576415,1.1982727206568502
2021-01-16,2,4,1,ny_jobb,0.03249445889758982,1.438312674336766
2021-02-16,2,4,1,ny_jobb,0.016824388321484314,0.7447033057857513
2021-03-16,2,4,1,ny_jobb,0.017952473349176976,0.7946360958092296
2021-04-16,2,4,1,ny_jobb,0.01760990644968933,0.7794729470738039
2021-05-16,2,4,1,ny_jobb,0.018981619603439026,0.8401895271162856
2021-06-16,2,4,1,ny_jobb,0.026400356230786317,1.1685674500202874
2021-07-16,2,4,1,ny_jobb,0.018091850095894643,0.8008053735295831
2021-08-16,2,4,1,ny_jobb,0.016611998801760664,0.735302240235542
2021-09-16,2,4,1,ny_jobb,0.025207134067529592,1.1157514740374106
2021-10-16,2,4,1,ny_jobb,0.021344900520037107,0.9447961896267776
2021-11-16,2,4,1,ny_jobb,0.020514322895299076,0.9080320653665073
2021-12-16,2,4,1,ny_jobb,0.020680389754300844,0.9153827361021648
2022-01-16,2,4,1,ny_jobb,0.03051698180802407,1.3507829705772134
2022-02-16,2,4,1,ny_jobb,0.024617617707585457,1.089657521991346
2022-03-16,2,4,1,ny_jobb,0.02190870821479927,0.9697521907659491
2022-04-16,2,4,1,ny_jobb,0.019855837202502804,0.8788853015812346
2022-05-16,2,4,1,ny_jobb,0.02148482493647558,0.9509897090279441
2022-06-16,2,4,1,ny_jobb,0.023050419567411835,1.0202881271873623
2022-07-16,2,4,1,ny_jobb,0.015418471634088845,0.6824727637442449
2022-08-16,2,4,1,ny_jobb,0.01670151146656066,0.7392643680771305
2022-09-16,2,4,1,ny_jobb,0.02158031401085772,0.9552163726070292
2022-10-16,2,4,1,ny_jobb,0.02259206880212861,1.0
2022-11-16,2,4,1,ny_jobb,0.02079510087437607,0.9204602312656186
2022-12-16,2,4,1,ny_jobb,0.021048076081979162,0.9316577541582215
2023-01-16,2,4,1,ny_jobb,0.03158397664957583,1.398011706063856
2023-02-16,2,4,1,ny_jobb,0.017711634435095783,0.7839757655760593
2023-03-16,2,4,1,ny_jobb,0.019462838379850286,0.8614898684274771
2023-04-16,2,4,1,ny_jobb,0.017685839871737826,0.7828340125306045
2023-05-16,2,4,1,ny_jobb,0.02228968482913934,0.9866154810505544
2023-06-16,2,4,1,ny_jobb,0.02092315813888736,0.9261284711082323
2023-07-16,2,4,1,ny_jobb,0.01645241794604542,0.7282386615472455
2023-08-16,2,4,1,ny_jobb,0.015263370556790213,0.675607474927312
2023-09-16,2,4,1,ny_jobb,0.020553339804016326,0.9097590833328112
2023-10-16,2,4,1,ny_jobb,0.020776460068134106,0.9196351272698214
2023-11-16,2,4,1,ny_jobb,0.020828684564826252,0.9219467569461274
2023-12-16,2,4,1,ny_jobb,0.01645167380968221,0.728205723600317
2024-01-16,2,4,1,ny_jobb,0.02582241417724244,1.1429858152171293
2024-02-16,2,4,1,ny_jobb,0.015091576930115681,0.6680033184342004
2024-03-16,2,4,1,ny_jobb,0.016341486516106084,0.723328468022654
2024-04-16,2,4,1,ny_jobb,0.018431683982653893,0.8158475500445215
2024-05-16,2,4,1,ny_jobb,0.021805024516972187,0.9651628059364679
2024-06-16,2,4,1,ny_jobb,0.02037621895754591,0.9019191263982905
2024-07-16,2,4,1,ny_jobb,0.015520269829596561,0.6869786899787704
2024-08-16,2,4,1,ny_jobb,0.016030451602306865,0.7095610297006747
2024-09-16,2,4,1,ny_jobb,0.022034318224465187,0.9753121069810626
2024-10-16,2,4,1,ny_jobb,0.023359002223585855,1.033947020442191
2024-11-16,2,4,1,ny_jobb,0.020652399834511285,0.9141438092896312
2024-12-16,2,4,1,ny_jobb,0.02304684738376327,1.020130010474818
2025-01-16,2,4,1,ny_jobb,0.029578133963006625,1.3092264467705494
2025-02-16,2,4,1,ny_jobb,0.022956231684810563,1.0161190586781341
2025-03-16,2,4,1,ny_jobb,0.018698791355059502,0.8276706094883047
2025-04-16,2,4,1,ny_jobb,0.020769792726830345,0.9193400085995412
2025-05-16,2,4,1,ny_jobb,0.02264129775511481,1.0021790369628105
2025-06-16,2,4,1,ny_jobb,0.02140029683630266,0.9472482145719358
2025-07-16,2,4,1,ny_jobb,0.015990509663883278,0.7077930668472762
2025-08-16,2,4,1,ny_jobb,0.015777730255465295,0.6983747435285221
2025-09-16,2,4,1,ny_jobb,0.021627275772809176,0.9572950561646425
2025-10-16,2,4,1,ny_jobb,0.019707370935611153,0.8723136915090457
2025-11-16,2,4,1,ny_jobb,0.020135578959946932,0.8912676008692826
2025-12-16,2,4,1,ny_jobb,0.020996452717736393,0.9293727326006603
2026-01-16,2,4,1,ny_jobb,0.02409721735037636,1.06662287378064
2026-02-16,2,4,1,ny_jobb,0.01725118553280386,0.7635947678761701
2021-01-16,2,4,2,ny_jobb,0.03366135188414628,1.7093945117937015
2021-02-16,2,4,2,ny_jobb,0.01579266857182149,0.8019850502784759
2021-03-16,2,4,2,ny_jobb,0.015521429459454703,0.7882109555344692
2021-04-16,2,4,2,ny_jobb,0.015461026744715596,0.7851435781627035
2021-05-16,2,4,2,ny_jobb,0.018331750128200975,0.9309249720145331
2021-06-16,2,4,2,ny_jobb,0.0209217574962015,1.0624510139751508
2021-07-16,2,4,2,ny_jobb,0.01824147186914973,0.9263404514317704
2021-08-16,2,4,2,ny_jobb,0.019417648626757014,0.9860691902320715
2021-09-16,2,4,2,ny_jobb,0.02553097402303581,1.2965167598120022
2021-10-16,2,4,2,ny_jobb,0.02141901071589217,1.0877025822317221
2021-11-16,2,4,2,ny_jobb,0.024008843929501863,1.219219780264713
2021-12-16,2,4,2,ny_jobb,0.022291248995988684,1.1319966834937567
2022-01-16,2,4,2,ny_jobb,0.031517200676394866,1.6005099869059076
2022-02-16,2,4,2,ny_jobb,0.01923860792798893,0.9769771255724221
2022-03-16,2,4,2,ny_jobb,0.02258136488204908,1.1467293806570389
2022-04-16,2,4,2,ny_jobb,0.019966924148094502,1.0139625607915332
2022-05-16,2,4,2,ny_jobb,0.026807963774897324,1.3613649952887525
2022-06-16,2,4,2,ny_jobb,0.02079544687100417,1.0560366937708803
2022-07-16,2,4,2,ny_jobb,0.01559098206620166,0.7917429837389035
2022-08-16,2,4,2,ny_jobb,0.019715965859508737,1.0012183690943577
2022-09-16,2,4,2,ny_jobb,0.024772409964379842,1.2579952754945176
2022-10-16,2,4,2,ny_jobb,0.019691973767263803,1.0
2022-11-16,2,4,2,ny_jobb,0.0220051069236708,1.1174657849815126
2022-12-16,2,4,2,ny_jobb,0.023164704971708222,1.176352621910229
2023-01-16,2,4,2,ny_jobb,0.04011076257324948,2.0369092020592743
2023-02-16,2,4,2,ny_jobb,0.02307488688416681,1.1717914698082121
2023-03-16,2,4,2,ny_jobb,0.03464278656323946,1.7592338367233702
2023-04-16,2,4,2,ny_jobb,0.01885265904955883,0.9573778267417632
2023-05-16,2,4,2,ny_jobb,0.02277844399064948,1.1567374738492018
2023-06-16,2,4,2,ny_jobb,0.020614191889882758,1.0468321831787153
2023-07-16,2,4,2,ny_jobb,0.015226220444955137,0.7732196185568461
2023-08-16,2,4,2,ny_jobb,0.01781341227772381,0.9046026816944608
2023-09-16,2,4,2,ny_jobb,0.018352376595067634,0.9319724275469464
2023-10-16,2,4,2,ny_jobb,0.020441027898200025,1.0380385501112874
2023-11-16,2,4,2,ny_jobb,0.018677041971958852,0.9484596207927015
2023-12-16,2,4,2,ny_jobb,0.020488580445659408,1.0404533688603574
2024-01-16,2,4,2,ny_jobb,0.024831721327254298,1.2610072317146226
2024-02-16,2,4,2,ny_jobb,0.015306069748424607,0.7772745347584009
2024-03-16,2,4,2,ny_jobb,0.014754195445453295,0.7492491925812366
2024-04-16,2,4,2,ny_jobb,0.016532014464848404,0.839530595573484
2024-05-16,2,4,2,ny_jobb,0.02146749931312748,1.090164935564526
2024-06-16,2,4,2,ny_jobb,0.01736829353616092,0.8819986122993014
2024-07-16,2,4,2,ny_jobb,0.013514297522560358,0.6862845584847723
2024-08-16,2,4,2,ny_jobb,0.016783019017374206,0.8522771366512035
2024-09-16,2,4,2,ny_jobb,0.01867708759974178,0.9484619378678443
2024-10-16,2,4,2,ny_jobb,0.01676750875416942,0.8514894927416543
2024-11-16,2,4,2,ny_jobb,0.01796358485612844,0.9122287622580191
2024-12-16,2,4,2,ny_jobb,0.016850509123172538,0.8557044267032818
2025-01-16,2,4,2,ny_jobb,0.02820340721863262,1.4322285593086832
2025-02-16,2,4,2,ny_jobb,0.015280851934549063,0.7759939209319968
2025-03-16,2,4,2,ny_jobb,0.014419642803884587,0.732259903161967
2025-04-16,2,4,2,ny_jobb,0.015907533785018194,0.8078181482987291
2025-05-16,2,4,2,ny_jobb,0.019389248807857414,0.984626987472955
2025-06-16,2,4,2,ny_jobb,0.01580060437236367,0.8023880469834265
2025-07-16,2,4,2,ny_jobb,0.01185578412724924,0.6020617469518699
2025-08-16,2,4,2,ny_jobb,0.01594508240507479,0.8097249464948051
2025-09-16,2,4,2,ny_jobb,0.02053203028176615,1.0426598432656287
2025-10-16,2,4,2,ny_jobb,0.017486753637832322,0.8880142663455368
2025-11-16,2,4,2,ny_jobb,0.018594597772940594,0.9442729303170462
2025-12-16,2,4,2,ny_jobb,0.01821195890582663,0.9248417208488481
2026-01-16,2,4,2,ny_jobb,0.01785095840416339,0.9065093532594005
2026-02-16,2,4,2,ny_jobb,0.01197377764783243,0.6080537070254377
2021-01-16,2,4,3,ny_jobb,0.02870643676079917,1.6955726369067954
2021-02-16,2,4,3,ny_jobb,0.010567392712184825,0.6241729712235472
2021-03-16,2,4,3,ny_jobb,0.013895105938038926,0.8207274769689679
2021-04-16,2,4,3,ny_jobb,0.010855402503789984,0.6411845399485728
2021-05-16,2,4,3,ny_jobb,0.012313361718590191,0.7273002697042475
2021-06-16,2,4,3,ny_jobb,0.013651869196533993,0.8063604704810943
2021-07-16,2,4,3,ny_jobb,0.013536063069858302,0.7995202728900925
2021-08-16,2,4,3,ny_jobb,0.01293765560700409,0.764174774311112
2021-09-16,2,4,3,ny_jobb,0.016970782569753564,1.0023952046693465
2021-10-16,2,4,3,ny_jobb,0.014270227429019448,0.8428843799981457
2021-11-16,2,4,3,ny_jobb,0.015545492237801897,0.9182090931486991
2021-12-16,2,4,3,ny_jobb,0.014160954160142519,0.836430051786081
2022-01-16,2,4,3,ny_jobb,0.02895558953804555,1.7102890795997177
2022-02-16,2,4,3,ny_jobb,0.01580072390540126,0.9332845912071883
2022-03-16,2,4,3,ny_jobb,0.018460420284844774,1.0903820547845156
2022-04-16,2,4,3,ny_jobb,0.016012266751195877,0.9457795679906726
2022-05-16,2,4,3,ny_jobb,0.015545640485195262,0.9182178495201629
2022-06-16,2,4,3,ny_jobb,0.01698632480254493,1.0033132212402314
2022-07-16,2,4,3,ny_jobb,0.01326161286477273,0.783309613872599
2022-08-16,2,4,3,ny_jobb,0.01366053198367251,0.8068721461360636
2022-09-16,2,4,3,ny_jobb,0.01838618339145052,1.0859971829825177
2022-10-16,2,4,3,ny_jobb,0.016930231200927987,1.0
2022-11-16,2,4,3,ny_jobb,0.018846083627246293,1.1131616221645746
2022-12-16,2,4,3,ny_jobb,0.01331254220057583,0.7863178029043182
2023-01-16,2,4,3,ny_jobb,0.02791045478832313,1.6485572144338638
2023-02-16,2,4,3,ny_jobb,0.013348085835567411,0.7884172210734943
2023-03-16,2,4,3,ny_jobb,0.013261143314128157,0.7832818794229628
2023-04-16,2,4,3,ny_jobb,0.015913863670583825,0.9399672976534159
2023-05-16,2,4,3,ny_jobb,0.013337813214889383,0.7878104590892004
2023-06-16,2,4,3,ny_jobb,0.013895403425161197,0.8207450483251261
2023-07-16,2,4,3,ny_jobb,0.014468101592111047,0.8545720032056039
2023-08-16,2,4,3,ny_jobb,0.014215700288740888,0.8396636832674613
2023-09-16,2,4,3,ny_jobb,0.01610047816913681,0.950989858204317
2023-10-16,2,4,3,ny_jobb,0.018403627307499875,1.0870275242603378
2023-11-16,2,4,3,ny_jobb,0.01574531200752268,0.9300116354382475
2023-12-16,2,4,3,ny_jobb,0.01357576219510905,0.8018651389926046
2024-01-16,2,4,3,ny_jobb,0.027418425069124164,1.6194950171514075
2024-02-16,2,4,3,ny_jobb,0.011786991798969335,0.6962097362452594
2024-03-16,2,4,3,ny_jobb,0.012446868910083099,0.7351859973064547
2024-04-16,2,4,3,ny_jobb,0.012757321662005501,0.7535231805520909
2024-05-16,2,4,3,ny_jobb,0.01420998086239634,0.8393258599810177
2024-06-16,2,4,3,ny_jobb,0.014660341542388548,0.8659268363437931
2024-07-16,2,4,3,ny_jobb,0.014456804845142286,0.8539047502404973
2024-08-16,2,4,3,ny_jobb,0.012673849077039051,0.7485927939569051
2024-09-16,2,4,3,ny_jobb,0.01471867723108065,0.8693724885619922
2024-10-16,2,4,3,ny_jobb,0.01434475487311461,0.847286413450062
2024-11-16,2,4,3,ny_jobb,0.016941704983152752,1.0006777097187034
2024-12-16,2,4,3,ny_jobb,0.01404908758250083,0.8298225473572249
2025-01-16,2,4,3,ny_jobb,0.03209136370431095,1.8955065245979597
2025-02-16,2,4,3,ny_jobb,0.017177089766015983,1.0145809328979787
2025-03-16,2,4,3,ny_jobb,0.012200942579094987,0.7206601276907679
2025-04-16,2,4,3,ny_jobb,0.013918996358062636,0.8221385870560175
2025-05-16,2,4,3,ny_jobb,0.013161851888725895,0.7774171381666933
2025-06-16,2,4,3,ny_jobb,0.013959496732377567,0.8245307796867188
2025-07-16,2,4,3,ny_jobb,0.012146773051746659,0.7174605537035351
2025-08-16,2,4,3,ny_jobb,0.012119207167056497,0.7158323488454319
2025-09-16,2,4,3,ny_jobb,0.015009380905656244,0.8865431740136864
2025-10-16,2,4,3,ny_jobb,0.012540694907069216,0.7407279179023751
2025-11-16,2,4,3,ny_jobb,0.016542899628305897,0.9771218970358267
2025-12-16,2,4,3,ny_jobb,0.013105295062565874,0.7740765561339494
2026-01-16,2,4,3,ny_jobb,0.022234357347264685,1.3132931903520588
2026-02-16,2,4,3,ny_jobb,0.011057233654605461,0.6531058863507657
2021-01-16,2,4,4,ny_jobb,0.02711997520051043,2.046397195226364
2021-02-16,2,4,4,ny_jobb,0.007745521162638486,0.5844552830745775
2021-03-16,2,4,4,ny_jobb,0.009661225406295482,0.7290089473798876
2021-04-16,2,4,4,ny_jobb,0.008617576878374004,0.6502581592781183
2021-05-16,2,4,4,ny_jobb,0.01006428708486767,0.7594228501373589
2021-06-16,2,4,4,ny_jobb,0.009705091799912718,0.7323189822969298
2021-07-16,2,4,4,ny_jobb,0.007715434774697281,0.5821850487014939
2021-08-16,2,4,4,ny_jobb,0.008480675771975022,0.6399279861091919
2021-09-16,2,4,4,ny_jobb,0.0115325526795792,0.8702140500794774
2021-10-16,2,4,4,ny_jobb,0.010085126038458266,0.7609952990744968
2021-11-16,2,4,4,ny_jobb,0.011221958084171922,0.8467774538365
2021-12-16,2,4,4,ny_jobb,0.01162299619533598,0.877038663878077
2022-01-16,2,4,4,ny_jobb,0.02773605342572027,2.092884728595706
2022-02-16,2,4,4,ny_jobb,0.009771631811061042,0.7373399047416413
2022-03-16,2,4,4,ny_jobb,0.012742073272092478,0.9614810785257688
2022-04-16,2,4,4,ny_jobb,0.010001599247026649,0.7546926018762817
2022-05-16,2,4,4,ny_jobb,0.015389649448159935,1.1612597442802497
2022-06-16,2,4,4,ny_jobb,0.009501806867058519,0.7169796719417794
2022-07-16,2,4,4,ny_jobb,0.006281236743657233,0.4739644914767849
2022-08-16,2,4,4,ny_jobb,0.009557921027056682,0.7212138889269986
2022-09-16,2,4,4,ny_jobb,0.013485273604837497,1.0175608892621768
2022-10-16,2,4,4,ny_jobb,0.013252547092897343,1.0
2022-11-16,2,4,4,ny_jobb,0.01694324794511216,1.2784899254719748
2022-12-16,2,4,4,ny_jobb,0.010482844895210196,0.7910060474962161
2023-01-16,2,4,4,ny_jobb,0.02553376591852666,1.926706295743812
2023-02-16,2,4,4,ny_jobb,0.009166597110902256,0.6916856847703686
2023-03-16,2,4,4,ny_jobb,0.01131393754328248,0.8537179656087505
2023-04-16,2,4,4,ny_jobb,0.009350918651424962,0.7055940707757647
2023-05-16,2,4,4,ny_jobb,0.010755929451672643,0.8116122415016541
2023-06-16,2,4,4,ny_jobb,0.009402715369468637,0.7095025057113731
2023-07-16,2,4,4,ny_jobb,0.007620806486718902,0.5750446637388859
2023-08-16,2,4,4,ny_jobb,0.009699385634799962,0.731888411096333
2023-09-16,2,4,4,ny_jobb,0.01206561972387105,0.9104377927724986
2023-10-16,2,4,4,ny_jobb,0.010206175369204673,0.7701293417530761
2023-11-16,2,4,4,ny_jobb,0.011310022931142541,0.8534225799660888
2023-12-16,2,4,4,ny_jobb,0.009907203244598355,0.7475697445291922
2024-01-16,2,4,4,ny_jobb,0.025264909755186315,1.9064191644130777
2024-02-16,2,4,4,ny_jobb,0.008144592619161183,0.6145680948778707
2024-03-16,2,4,4,ny_jobb,0.008719958447673965,0.6579835850836099
2024-04-16,2,4,4,ny_jobb,0.009447039196189375,0.712847057246262
2024-05-16,2,4,4,ny_jobb,0.01067094526976928,0.8051995737097464
2024-06-16,2,4,4,ny_jobb,0.00845395581706908,0.6379117733224241
2024-07-16,2,4,4,ny_jobb,0.006835572012693312,0.5157930747031123
2024-08-16,2,4,4,ny_jobb,0.008266985415177086,0.623803511674201
2024-09-16,2,4,4,ny_jobb,0.01089850199715947,0.8223703655428234
2024-10-16,2,4,4,ny_jobb,0.011381895301980796,0.8588458673035679
2024-11-16,2,4,4,ny_jobb,0.011111730831460017,0.8384600147857849
2024-12-16,2,4,4,ny_jobb,0.011046054625361025,0.8335042726451521
2025-01-16,2,4,4,ny_jobb,0.026557014565947216,2.003917766131188
2025-02-16,2,4,4,ny_jobb,0.010795086092465924,0.8145668916922026
2025-03-16,2,4,4,ny_jobb,0.00884847382002627,0.66768099430249
2025-04-16,2,4,4,ny_jobb,0.010058299900301004,0.7589710739976706
2025-05-16,2,4,4,ny_jobb,0.011768821947003846,0.8880422657250021
2025-06-16,2,4,4,ny_jobb,0.008453481822707453,0.6378760070385313
2025-07-16,2,4,4,ny_jobb,0.0062786694387109805,0.4737707698526883
2025-08-16,2,4,4,ny_jobb,0.008294931960683228,0.6259122795442748
2025-09-16,2,4,4,ny_jobb,0.011115964618051297,0.8387794844365322
2025-10-16,2,4,4,ny_jobb,0.010118699934521578,0.7635286910200576
2025-11-16,2,4,4,ny_jobb,0.009359447663822953,0.7062376461079786
2025-12-16,2,4,4,ny_jobb,0.011126061305656566,0.8395413521389816
2026-01-16,2,4,4,ny_jobb,0.0205057428285673,1.5473057884515862
2026-02-16,2,4,4,ny_jobb,0.008001636308919691,0.6037810130256501
2021-01-16,2,4,5,ny_jobb,0.02652194879440785,1.8939605600617968
2021-02-16,2,4,5,ny_jobb,0.008647172283526787,0.6175037659567616
2021-03-16,2,4,5,ny_jobb,0.010606460129414862,0.7574185940369242
2021-04-16,2,4,5,ny_jobb,0.010153439576073597,0.7250679146967003
2021-05-16,2,4,5,ny_jobb,0.012221813394188548,0.8727726880276908
2021-06-16,2,4,5,ny_jobb,0.012815765082130552,0.9151874095198564
2021-07-16,2,4,5,ny_jobb,0.0074082416299847825,0.529030410825524
2021-08-16,2,4,5,ny_jobb,0.008640332773276272,0.6170153492583874
2021-09-16,2,4,5,ny_jobb,0.01344919621277777,0.9604213999879376
2021-10-16,2,4,5,ny_jobb,0.011515374014644655,0.8223251008876097
2021-11-16,2,4,5,ny_jobb,0.013880614885031119,0.9912294660337613
2021-12-16,2,4,5,ny_jobb,0.012334356118126959,0.8808094835932646
2022-01-16,2,4,5,ny_jobb,0.030785982224383373,2.1984597205782923
2022-02-16,2,4,5,ny_jobb,0.011357744043974579,0.8110685770986877
2022-03-16,2,4,5,ny_jobb,0.013078453189882006,0.9339462465696973
2022-04-16,2,4,5,ny_jobb,0.012806840957539482,0.9145501282951778
2022-05-16,2,4,5,ny_jobb,0.015524387651281859,1.1086130268390293
2022-06-16,2,4,5,ny_jobb,0.011293989028901462,0.8065157636915489
2022-07-16,2,4,5,ny_jobb,0.007702917148073251,0.5500735028547573
2022-08-16,2,4,5,ny_jobb,0.010476784674393901,0.7481583319301837
2022-09-16,2,4,5,ny_jobb,0.01416713780708975,1.0116903725131197
2022-10-16,2,4,5,ny_jobb,0.014003432465110299,1.0
2022-11-16,2,4,5,ny_jobb,0.015421218070692617,1.1012455774050216
2022-12-16,2,4,5,ny_jobb,0.010495144452936601,0.749469423235008
2023-01-16,2,4,5,ny_jobb,0.030161940634632647,2.1538962472080643
2023-02-16,2,4,5,ny_jobb,0.01028462868384483,0.7344362683555686
2023-03-16,2,4,5,ny_jobb,0.009423220656590854,0.6729222053285084
2023-04-16,2,4,5,ny_jobb,0.01553862809845378,1.1096299523112236
2023-05-16,2,4,5,ny_jobb,0.01136182845194937,0.8113602490144817
2023-06-16,2,4,5,ny_jobb,0.007911224429899638,0.5649489473106353
2023-07-16,2,4,5,ny_jobb,0.006973833961505055,0.49800889738144105
2023-08-16,2,4,5,ny_jobb,0.009104429552036568,0.650156993631408
2023-09-16,2,4,5,ny_jobb,0.013291412343669599,0.949153886147935
2023-10-16,2,4,5,ny_jobb,0.011396491164520689,0.8138355501706577
2023-11-16,2,4,5,ny_jobb,0.017716555571785492,1.265158068632564
2023-12-16,2,4,5,ny_jobb,0.009551033060507284,0.6820494249751826
2024-01-16,2,4,5,ny_jobb,0.025053015546697567,1.7890624751551036
2024-02-16,2,4,5,ny_jobb,0.009723277370604244,0.694349574279727
2024-03-16,2,4,5,ny_jobb,0.010197294799399513,0.7281996628188254
2024-04-16,2,4,5,ny_jobb,0.009684478440164457,0.6915789014081681
2024-05-16,2,4,5,ny_jobb,0.011731296177938198,0.8377443321247735
2024-06-16,2,4,5,ny_jobb,0.007598008819478761,0.5425818875771552
2024-07-16,2,4,5,ny_jobb,0.006899323333581222,0.4926880142258664
2024-08-16,2,4,5,ny_jobb,0.007911773472497202,0.5649881550262387
2024-09-16,2,4,5,ny_jobb,0.011174784195504568,0.7980032198067625
2024-10-16,2,4,5,ny_jobb,0.014099923975486116,1.006890561340316
2024-11-16,2,4,5,ny_jobb,0.012918769748833546,0.9225430822779199
2024-12-16,2,4,5,ny_jobb,0.012155564243768026,0.8680417657637685
2025-01-16,2,4,5,ny_jobb,0.028886390529098114,2.0628078580782865
2025-02-16,2,4,5,ny_jobb,0.013545816500881542,0.9673211574827163
2025-03-16,2,4,5,ny_jobb,0.00963529128068678,0.6880663940568293
2025-04-16,2,4,5,ny_jobb,0.010244857692659867,0.7315961795927561
2025-05-16,2,4,5,ny_jobb,0.011114912599438047,0.7937277254795188
2025-06-16,2,4,5,ny_jobb,0.008424452771677676,0.6015991288326836
2025-07-16,2,4,5,ny_jobb,0.0055237929876263935,0.3944599298342733
2025-08-16,2,4,5,ny_jobb,0.007378340360584107,0.5268951293882639
2025-09-16,2,4,5,ny_jobb,0.011346526590547995,0.810267526823726
2025-10-16,2,4,5,ny_jobb,0.011244111219756811,0.8029539363132313
2025-11-16,2,4,5,ny_jobb,0.010566695729014211,0.7545789759290265
2025-12-16,2,4,5,ny_jobb,0.01320679940271849,0.9431115860788682
2026-01-16,2,4,5,ny_jobb,0.021796664310937252,1.5565229714388864
2026-02-16,2,4,5,ny_jobb,0.008977632169141336,0.6411022577149711
2021-01-16,2,4,all,ny_jobb,0.029133940635083573,1.731899159641555
2021-02-16,2,4,all,ny_jobb,0.011231239535434303,0.6676533928859596
2021-03-16,2,4,all,ny_jobb,0.013029852935496612,0.7745739456222
2021-04-16,2,4,all,ny_jobb,0.01195468207564408,0.7106592307549867
2021-05-16,2,4,all,ny_jobb,0.013712555369776095,0.8151579430643466
2021-06-16,2,4,all,ny_jobb,0.015809295916712374,0.939800992101537
2021-07-16,2,4,all,ny_jobb,0.01215218661573826,0.7224001054721745
2021-08-16,2,4,all,ny_jobb,0.01236646879851601,0.7351383456205751
2021-09-16,2,4,all,ny_jobb,0.01749699574568429,1.0401281655565355
2021-10-16,2,4,all,ny_jobb,0.014889567772428135,0.8851267405083147
2021-11-16,2,4,all,ny_jobb,0.016115510084758485,0.9580042302749121
2021-12-16,2,4,all,ny_jobb,0.015409275780746846,0.9160213549423906
2022-01-16,2,4,all,ny_jobb,0.029653881714504993,1.7628076292437995
2022-02-16,2,4,all,ny_jobb,0.015392384179730476,0.9150172151326862
2022-03-16,2,4,all,ny_jobb,0.016992782039172403,1.0101546269430837
2022-04-16,2,4,all,ny_jobb,0.015004445551416938,0.8919557764902378
2022-05-16,2,4,all,ny_jobb,0.01808364921495279,1.0750024265826392
2022-06-16,2,4,all,ny_jobb,0.015518627369575197,0.9225218804692816
2022-07-16,2,4,all,ny_jobb,0.010980299915440021,0.6527360110448807
2022-08-16,2,4,all,ny_jobb,0.013275534355332992,0.7891787479688412
2022-09-16,2,4,all,ny_jobb,0.017651939349431323,1.049338958579096
2022-10-16,2,4,all,ny_jobb,0.016821961297742834,1.0
2022-11-16,2,4,all,ny_jobb,0.018401736954435494,1.0939115022755779
2022-12-16,2,4,all,ny_jobb,0.01474993660972524,0.8768262123932233
2023-01-16,2,4,all,ny_jobb,0.030013225951360082,1.7841692428211238
2023-02-16,2,4,all,ny_jobb,0.013651072687221821,0.8115030373452065
2023-03-16,2,4,all,ny_jobb,0.015807542124776516,0.9396967360100613
2023-04-16,2,4,all,ny_jobb,0.014831961908275288,0.8817022965250453
2023-05-16,2,4,all,ny_jobb,0.015170601774438075,0.90183311600376
2023-06-16,2,4,all,ny_jobb,0.013687416379695859,0.8136635281364268
2023-07-16,2,4,all,ny_jobb,0.011566604642767543,0.6875895407225522
2023-08-16,2,4,all,ny_jobb,0.012598874994243428,0.7489539876621844
2023-09-16,2,4,all,ny_jobb,0.015602116716324834,0.9274849965573468
2023-10-16,2,4,all,ny_jobb,0.015484443339195481,0.920489773167721
2023-11-16,2,4,all,ny_jobb,0.01637976197508742,0.9737129746746743
2023-12-16,2,4,all,ny_jobb,0.013189193200064557,0.7840461029852851
2024-01-16,2,4,all,ny_jobb,0.02570949824858248,1.528329413766525
2024-02-16,2,4,all,ny_jobb,0.011459014134298433,0.6811937045554849
2024-03-16,2,4,all,ny_jobb,0.012023019489264947,0.7147216235052326
2024-04-16,2,4,all,ny_jobb,0.012802567181845866,0.7610626938943029
2024-05-16,2,4,all,ny_jobb,0.015158579352168806,0.9011184298826547
2024-06-16,2,4,all,ny_jobb,0.013010709401180124,0.7734359371594737
2024-07-16,2,4,all,ny_jobb,0.010950627072351407,0.6509720762358882
2024-08-16,2,4,all,ny_jobb,0.011696984079710206,0.6953400898193545
2024-09-16,2,4,all,ny_jobb,0.014918467175978129,0.8868446973528518
2024-10-16,2,4,all,ny_jobb,0.015614836208073947,0.9282411207407273
2024-11-16,2,4,all,ny_jobb,0.015420659509679994,0.9166980732353209
2024-12-16,2,4,all,ny_jobb,0.01496775459611842,0.8897746422782931
2025-01-16,2,4,all,ny_jobb,0.02896854135538156,1.722066817456568
2025-02-16,2,4,all,ny_jobb,0.015601837592210656,0.9274684037172352
2025-03-16,2,4,all,ny_jobb,0.012313949038701878,0.7320162507064001
2025-04-16,2,4,all,ny_jobb,0.013705812154842184,0.8147570852324589
2025-05-16,2,4,all,ny_jobb,0.015023818440619525,0.8931074192065473
2025-06-16,2,4,all,ny_jobb,0.013074033822196006,0.7772003270480878
2025-07-16,2,4,all,ny_jobb,0.00994585155749295,0.5912420901139204
2025-08-16,2,4,all,ny_jobb,0.011336558261253217,0.6739141804335476
2025-09-16,2,4,all,ny_jobb,0.01524196024733219,0.9060750989468364
2025-10-16,2,4,all,ny_jobb,0.01370071824810003,0.8144542723409065
2025-11-16,2,4,all,ny_jobb,0.014384875713268169,0.8551247656953251
2025-12-16,2,4,all,ny_jobb,0.014832719920253711,0.8817473573812087
2026-01-16,2,4,all,ny_jobb,0.021490083514436216,1.2775016619090516
2026-02-16,2,4,all,ny_jobb,0.011140031369799477,0.6622314231155819
2021-01-16,2,4,1,overtid_timer,3.290221818958677,0.7069582799422742
2021-02-16,2,4,1,overtid_timer,3.9196395393722385,0.8421990307101321
2021-03-16,2,4,1,overtid_timer,4.045678363852283,0.8692805454113383
2021-04-16,2,4,1,overtid_timer,4.264574742207384,0.916314033012637
2021-05-16,2,4,1,overtid_timer,4.571288042760901,0.9822164308829902
2021-06-16,2,4,1,overtid_timer,5.079008606675564,1.0913085457331775
2021-07-16,2,4,1,overtid_timer,4.133442683394951,0.8881381531345237
2021-08-16,2,4,1,overtid_timer,3.429641290933531,0.7369148468612176
2021-09-16,2,4,1,overtid_timer,4.39431244628781,0.9441903128402948
2021-10-16,2,4,1,overtid_timer,4.909960050550973,1.0549856827043285
2021-11-16,2,4,1,overtid_timer,4.956390159705902,1.0649619554031975
2021-12-16,2,4,1,overtid_timer,4.6919268273524795,1.008137658186802
2022-01-16,2,4,1,overtid_timer,3.4711175957939684,0.7458267132203605
2022-02-16,2,4,1,overtid_timer,4.076368145955292,0.8758747499243377
2022-03-16,2,4,1,overtid_timer,4.182567569925191,0.89869344307992
2022-04-16,2,4,1,overtid_timer,4.374748479968995,0.9399866728614026
2022-05-16,2,4,1,overtid_timer,4.5782292649427925,0.9837078666476343
2022-06-16,2,4,1,overtid_timer,4.854917188405793,1.0431588183509786
2022-07-16,2,4,1,overtid_timer,4.225493673432774,0.9079168225267044
2022-08-16,2,4,1,overtid_timer,3.3501680375805134,0.7198387110918524
2022-09-16,2,4,1,overtid_timer,4.4018175969788675,0.9458029179214128
2022-10-16,2,4,1,overtid_timer,4.654053728923489,1.0
2022-11-16,2,4,1,overtid_timer,4.848660297585612,1.0418144224362311
2022-12-16,2,4,1,overtid_timer,4.451241781587103,0.9564225169821369
2023-01-16,2,4,1,overtid_timer,3.602927743933948,0.7741482917446523
2023-02-16,2,4,1,overtid_timer,3.9532867912965632,0.8494286962628131
2023-03-16,2,4,1,overtid_timer,3.897914600894698,0.837531070316266
2023-04-16,2,4,1,overtid_timer,4.199005748538907,0.9022254561530734
2023-05-16,2,4,1,overtid_timer,4.466461271157033,0.9596926746675425
2023-06-16,2,4,1,overtid_timer,5.090220483523192,1.0937176019024153
2023-07-16,2,4,1,overtid_timer,4.081894751504732,0.8770622320359202
2023-08-16,2,4,1,overtid_timer,3.2889276932608746,0.7066802157485242
2023-09-16,2,4,1,overtid_timer,4.34668787065448,0.9339573893702976
2023-10-16,2,4,1,overtid_timer,4.794409304224615,1.0301577041169208
2023-11-16,2,4,1,overtid_timer,4.9231830805943115,1.0578268682199063
2023-12-16,2,4,1,overtid_timer,4.564442684229369,0.9807455930005243
2024-01-16,2,4,1,overtid_timer,3.8682979060609513,0.8311674362546975
2024-02-16,2,4,1,overtid_timer,4.444162345709209,0.9549013837313759
2024-03-16,2,4,1,overtid_timer,4.245837665069333,0.9122880637760538
2024-04-16,2,4,1,overtid_timer,4.51851171530928,0.9708765687916628
2024-05-16,2,4,1,overtid_timer,4.590412751956441,0.9863256892434354
2024-06-16,2,4,1,overtid_timer,5.1515345772471,1.1068919435183833
2024-07-16,2,4,1,overtid_timer,4.225375635419396,0.9078914601178769
2024-08-16,2,4,1,overtid_timer,3.3533725926731908,0.7205272624664878
2024-09-16,2,4,1,overtid_timer,4.421944891799759,0.9501275982953858
2024-10-16,2,4,1,overtid_timer,4.9715721684384135,1.068224059714147
2024-11-16,2,4,1,overtid_timer,4.948448134354203,1.0632554806149197
2024-12-16,2,4,1,overtid_timer,4.762527229515103,1.023307315924929
2025-01-16,2,4,1,overtid_timer,3.9414508027015667,0.8468855394183961
2025-02-16,2,4,1,overtid_timer,4.352010687955026,0.9351010842244128
2025-03-16,2,4,1,overtid_timer,3.999423829675873,0.8593419978847052
2025-04-16,2,4,1,overtid_timer,4.388327509405218,0.9429043507025143
2025-05-16,2,4,1,overtid_timer,4.819090462879387,1.0354608570438812
2025-06-16,2,4,1,overtid_timer,5.216355140014489,1.120819707687617
2025-07-16,2,4,1,overtid_timer,4.748545153628951,1.0203030369241823
2025-08-16,2,4,1,overtid_timer,3.5073442403857653,0.7536106037170816
2025-09-16,2,4,1,overtid_timer,4.510600817596846,0.9691767822887115
2025-10-16,2,4,1,overtid_timer,4.78169979568832,1.0274268571442464
2025-11-16,2,4,1,overtid_timer,5.009517060619019,1.0763771439694467
2025-12-16,2,4,1,overtid_timer,4.7293153362247935,1.0161711943361498
2026-01-16,2,4,1,overtid_timer,3.7698833622018593,0.8100214526474443
2026-02-16,2,4,1,overtid_timer,4.181929255596507,0.8985562907465214
2021-01-16,2,4,2,overtid_timer,2.1322737196191524,0.7104012094639004
2021-02-16,2,4,2,overtid_timer,2.5165740466675532,0.838437030859907
2021-03-16,2,4,2,overtid_timer,2.6082286584101975,0.8689732356800594
2021-04-16,2,4,2,overtid_timer,2.723267239210891,0.907300185069287
2021-05-16,2,4,2,overtid_timer,2.988654389958306,0.9957181734037377
2021-06-16,2,4,2,overtid_timer,3.323340529664514,1.1072242320539194
2021-07-16,2,4,2,overtid_timer,2.762173262294432,0.9202623510424786
2021-08-16,2,4,2,overtid_timer,2.221745808383759,0.740210271727722
2021-09-16,2,4,2,overtid_timer,2.681983438368405,0.8935458242759611
2021-10-16,2,4,2,overtid_timer,3.0407323465123928,1.01306878040228
2021-11-16,2,4,2,overtid_timer,3.2016676061387495,1.0666869449146537
2021-12-16,2,4,2,overtid_timer,3.2401427346708083,1.079505551452812
2022-01-16,2,4,2,overtid_timer,2.274547197142564,0.7578019017752605
2022-02-16,2,4,2,overtid_timer,2.6496163644249444,0.8827622141490451
2022-03-16,2,4,2,overtid_timer,2.5909166257330773,0.8632054541616991
2022-04-16,2,4,2,overtid_timer,2.776274866445067,0.9249605267747113
2022-05-16,2,4,2,overtid_timer,3.0277917254971163,1.0087574048336179
2022-06-16,2,4,2,overtid_timer,3.320004284190792,1.1061127083326479
2022-07-16,2,4,2,overtid_timer,2.915672997682745,0.971403251326014
2022-08-16,2,4,2,overtid_timer,2.2723596924495846,0.7570730994806478
2022-09-16,2,4,2,overtid_timer,2.785802305728108,0.9281347460728674
2022-10-16,2,4,2,overtid_timer,3.001506319546188,1.0
2022-11-16,2,4,2,overtid_timer,3.113733014585452,1.0373901245212875
2022-12-16,2,4,2,overtid_timer,3.1817058396005815,1.0600363620362587
2023-01-16,2,4,2,overtid_timer,2.3601839391013835,0.7863331566992106
2023-02-16,2,4,2,overtid_timer,2.487811556991315,0.8288543458297496
2023-03-16,2,4,2,overtid_timer,2.507417364255278,0.8353863351633344
2023-04-16,2,4,2,overtid_timer,2.662422559241304,0.8870288034722007
2023-05-16,2,4,2,overtid_timer,2.829673296915234,0.9427510708500075
2023-06-16,2,4,2,overtid_timer,3.271168257155751,1.0898422021814482
2023-07-16,2,4,2,overtid_timer,2.6727331183808514,0.8904639317184427
2023-08-16,2,4,2,overtid_timer,2.131682867164619,0.710204357486383
2023-09-16,2,4,2,overtid_timer,2.7724454889327896,0.9236847082007705
2023-10-16,2,4,2,overtid_timer,2.970737578116556,0.9897489000008889
2023-11-16,2,4,2,overtid_timer,3.1415835342489675,1.0466689721059652
2023-12-16,2,4,2,overtid_timer,3.1933832204938444,1.063926868885176
2024-01-16,2,4,2,overtid_timer,2.4610267316715175,0.8199305514184664
2024-02-16,2,4,2,overtid_timer,2.8749422061326992,0.9578331344534284
2024-03-16,2,4,2,overtid_timer,2.7917123583881267,0.9301037749639717
2024-04-16,2,4,2,overtid_timer,2.87144080167951,0.9566665853675953
2024-05-16,2,4,2,overtid_timer,3.014509887468199,1.0043323473408434
2024-06-16,2,4,2,overtid_timer,3.3797234890982066,1.1260091198505966
2024-07-16,2,4,2,overtid_timer,2.9074799248315513,0.9686735976191937
2024-08-16,2,4,2,overtid_timer,2.1862896583011047,0.7283974863100272
2024-09-16,2,4,2,overtid_timer,2.7746445099101265,0.9244173473303358
2024-10-16,2,4,2,overtid_timer,3.1196027388884366,1.039345717373037
2024-11-16,2,4,2,overtid_timer,3.035738947971237,1.0114051495417888
2024-12-16,2,4,2,overtid_timer,3.1880378423616134,1.0621459703751774
2025-01-16,2,4,2,overtid_timer,2.4374867128042106,0.8120878163510732
2025-02-16,2,4,2,overtid_timer,2.7137795755676524,0.90413921766387
2025-03-16,2,4,2,overtid_timer,2.6134302288827818,0.8707062223603509
2025-04-16,2,4,2,overtid_timer,2.8234782849604154,0.9406871031966744
2025-05-16,2,4,2,overtid_timer,2.924405573365272,0.9743126490592985
2025-06-16,2,4,2,overtid_timer,3.221169944922378,1.073184462063502
2025-07-16,2,4,2,overtid_timer,3.009076524895327,1.002522135402428
2025-08-16,2,4,2,overtid_timer,2.178663824012721,0.7258568172337293
2025-09-16,2,4,2,overtid_timer,2.838200888208639,0.9455921747443664
2025-10-16,2,4,2,overtid_timer,3.0258821038248866,1.0081211837269708
2025-11-16,2,4,2,overtid_timer,3.1660625305450694,1.054824542572931
2025-12-16,2,4,2,overtid_timer,3.1936431666526186,1.064013474119715
2026-01-16,2,4,2,overtid_timer,2.343918513291513,0.7809140690551339
2026-02-16,2,4,2,overtid_timer,2.572358300178176,0.8570224501699876
2021-01-16,2,4,3,overtid_timer,2.7136207339405716,0.7798939894735524
2021-02-16,2,4,3,overtid_timer,2.766904452197406,0.7952077181334019
2021-03-16,2,4,3,overtid_timer,2.6789299915947025,0.769923877914657
2021-04-16,2,4,3,overtid_timer,3.0410432412796573,0.8739951445459124
2021-05-16,2,4,3,overtid_timer,3.188394200328927,0.916343777082638
2021-06-16,2,4,3,overtid_timer,3.464592440358266,0.9957230892348027
2021-07-16,2,4,3,overtid_timer,3.0505133117121557,0.8767168406612983
2021-08-16,2,4,3,overtid_timer,2.673060241771039,0.7682369131336425
2021-09-16,2,4,3,overtid_timer,3.2415147604487524,0.9316106141305552
2021-10-16,2,4,3,overtid_timer,3.458486621354258,0.9939682782243767
2021-11-16,2,4,3,overtid_timer,3.616407343568475,1.0393546583208106
2021-12-16,2,4,3,overtid_timer,3.7256715108740566,1.0707571554644375
2022-01-16,2,4,3,overtid_timer,3.033708345054956,0.8718870970183016
2022-02-16,2,4,3,overtid_timer,3.004934624714259,0.8636175362547693
2022-03-16,2,4,3,overtid_timer,3.0989611762306386,0.8906407460428457
2022-04-16,2,4,3,overtid_timer,3.419403527723121,0.982735805892588
2022-05-16,2,4,3,overtid_timer,3.372081893154843,0.9691355787457858
2022-06-16,2,4,3,overtid_timer,3.5300700885152616,1.0145413506092837
2022-07-16,2,4,3,overtid_timer,3.3064760035955967,0.9502804608211
2022-08-16,2,4,3,overtid_timer,2.779939558971247,0.7989540048926064
2022-09-16,2,4,3,overtid_timer,3.2582418630372,0.9364179796576803
2022-10-16,2,4,3,overtid_timer,3.4794738394795584,1.0
2022-11-16,2,4,3,overtid_timer,3.603027113044806,1.0355091830734178
2022-12-16,2,4,3,overtid_timer,3.607757059677589,1.0368685686733654
2023-01-16,2,4,3,overtid_timer,3.080983911679238,0.885474084248346
2023-02-16,2,4,3,overtid_timer,2.988878017677093,0.8590028709984937
2023-03-16,2,4,3,overtid_timer,2.9262823944201877,0.8410129029330152
2023-04-16,2,4,3,overtid_timer,3.374746950555369,0.969901515644143
2023-05-16,2,4,3,overtid_timer,3.2832238735344523,0.9435978038637991
2023-06-16,2,4,3,overtid_timer,3.596779676709246,1.03371367127371
2023-07-16,2,4,3,overtid_timer,3.1834511469710236,0.9149231446577532
2023-08-16,2,4,3,overtid_timer,2.751551308316101,0.7907952280301277
2023-09-16,2,4,3,overtid_timer,3.414732454525137,0.9813933405045789
2023-10-16,2,4,3,overtid_timer,3.574525669021195,1.0273178744622646
2023-11-16,2,4,3,overtid_timer,3.746266421501489,1.076676128153283
2023-12-16,2,4,3,overtid_timer,3.7013245463516316,1.063759843328857
2024-01-16,2,4,3,overtid_timer,3.1384809772383004,0.9019987279765662
2024-02-16,2,4,3,overtid_timer,3.3316377994645627,0.9575119553026706
2024-03-16,2,4,3,overtid_timer,3.2050852922989432,0.9211407931661136
2024-04-16,2,4,3,overtid_timer,3.3669442678183854,0.967659026377964
2024-05-16,2,4,3,overtid_timer,3.4867721972362156,1.0020975463801012
2024-06-16,2,4,3,overtid_timer,3.5635657993776793,1.0241680103882314
2024-07-16,2,4,3,overtid_timer,3.2077189394834678,0.9218977027754466
2024-08-16,2,4,3,overtid_timer,2.716391900216232,0.7806904220387919
2024-09-16,2,4,3,overtid_timer,3.3875183018163098,0.9735719991281777
2024-10-16,2,4,3,overtid_timer,3.6597961310250966,1.0518245860910136
2024-11-16,2,4,3,overtid_timer,3.777236962260941,1.0855770546117745
2024-12-16,2,4,3,overtid_timer,3.7310957805629794,1.0723160893547794
2025-01-16,2,4,3,overtid_timer,3.2795432043190935,0.9425399803579585
2025-02-16,2,4,3,overtid_timer,3.344791277493108,0.9612922619338918
2025-03-16,2,4,3,overtid_timer,3.0938392598955384,0.8891687084384858
2025-04-16,2,4,3,overtid_timer,3.5370646011708278,1.016551571975573
2025-05-16,2,4,3,overtid_timer,3.568163417677576,1.0254893648550274
2025-06-16,2,4,3,overtid_timer,3.665441617598442,1.053447097664255
2025-07-16,2,4,3,overtid_timer,3.5796831041170782,1.0288001201504964
2025-08-16,2,4,3,overtid_timer,2.8729627341149513,0.8256888445365275
2025-09-16,2,4,3,overtid_timer,3.524469718859536,1.0129318056280336
2025-10-16,2,4,3,overtid_timer,3.7095259283523854,1.0661169186738984
2025-11-16,2,4,3,overtid_timer,3.882180353824871,1.115737761777668
2025-12-16,2,4,3,overtid_timer,3.793732126049278,1.0903177609798396
2026-01-16,2,4,3,overtid_timer,3.196646100919912,0.9187153714591657
2026-02-16,2,4,3,overtid_timer,3.2881545676337103,0.9450148842405252
2021-01-16,2,4,4,overtid_timer,0.9196993788155146,0.7605112766197663
2021-02-16,2,4,4,overtid_timer,1.0547627627244989,0.8721969305271302
2021-03-16,2,4,4,overtid_timer,1.0104613602147876,0.835563529488958
2021-04-16,2,4,4,overtid_timer,1.118380099937014,0.924802927065859
2021-05-16,2,4,4,overtid_timer,1.140335656298532,0.942958259756091
2021-06-16,2,4,4,overtid_timer,1.1638119044723165,0.9623710721164532
2021-07-16,2,4,4,overtid_timer,1.0967740704809361,0.9069366226811715
2021-08-16,2,4,4,overtid_timer,0.7951727698532708,0.6575386177962101
2021-09-16,2,4,4,overtid_timer,1.022901601745365,0.8458505256377021
2021-10-16,2,4,4,overtid_timer,1.1665321261643768,0.964620458513106
2021-11-16,2,4,4,overtid_timer,1.2802608677128986,1.0586642215249058
2021-12-16,2,4,4,overtid_timer,1.4021989113997726,1.1594963623405878
2022-01-16,2,4,4,overtid_timer,0.9425939188386927,0.7794430670087887
2022-02-16,2,4,4,overtid_timer,1.1342593265665653,0.9379336643414761
2022-03-16,2,4,4,overtid_timer,1.0955799783563818,0.9059492125045809
2022-04-16,2,4,4,overtid_timer,1.1720565171081414,0.9691886486260536
2022-05-16,2,4,4,overtid_timer,1.1205895454304455,0.926629946036988
2022-06-16,2,4,4,overtid_timer,1.190349029944155,0.9843149633870977
2022-07-16,2,4,4,overtid_timer,1.1315959323343106,0.9357312693041733
2022-08-16,2,4,4,overtid_timer,0.8116835984869983,0.6711916349141059
2022-09-16,2,4,4,overtid_timer,1.051868968314113,0.8698040146113316
2022-10-16,2,4,4,overtid_timer,1.2093172147338689,1.0
2022-11-16,2,4,4,overtid_timer,1.322125794277089,1.0932828691833727
2022-12-16,2,4,4,overtid_timer,1.403532201353142,1.1605988769968956
2023-01-16,2,4,4,overtid_timer,0.9716157219695747,0.8034415702776508
2023-02-16,2,4,4,overtid_timer,1.0980258208082738,0.9079717111691934
2023-03-16,2,4,4,overtid_timer,1.078947580025848,0.8921956678366552
2023-04-16,2,4,4,overtid_timer,1.1809751762611782,0.9765636028931186
2023-05-16,2,4,4,overtid_timer,1.1439185980049562,0.9459210404581029
2023-06-16,2,4,4,overtid_timer,1.2338079907573116,1.0202517385224128
2023-07-16,2,4,4,overtid_timer,1.1337247357209834,0.9374916042772773
2023-08-16,2,4,4,overtid_timer,0.8156965136364607,0.6745099662010259
2023-09-16,2,4,4,overtid_timer,1.0988708707221,0.9086704938405474
2023-10-16,2,4,4,overtid_timer,1.2315492503547447,1.0183839569552215
2023-11-16,2,4,4,overtid_timer,1.335882049149208,1.1046580937353083
2023-12-16,2,4,4,overtid_timer,1.423869073344171,1.1774156987069087
2024-01-16,2,4,4,overtid_timer,1.0092137036073652,0.834531826150726
2024-02-16,2,4,4,overtid_timer,1.2107553199335679,1.0011891877351762
2024-03-16,2,4,4,overtid_timer,1.1563033821291941,0.9561621781623763
2024-04-16,2,4,4,overtid_timer,1.1395832848089649,0.9423361140689209
2024-05-16,2,4,4,overtid_timer,1.2208062812421812,1.0095004572566517
2024-06-16,2,4,4,overtid_timer,1.2043086189848577,0.9958583275851958
2024-07-16,2,4,4,overtid_timer,1.1384859734910329,0.9414287331893942
2024-08-16,2,4,4,overtid_timer,0.7915427919153333,0.6545369422277892
2024-09-16,2,4,4,overtid_timer,1.0724723711960842,0.8868412341521991
2024-10-16,2,4,4,overtid_timer,1.247363527680709,1.0314609868141278
2024-11-16,2,4,4,overtid_timer,1.3306089823511125,1.1002977267994452
2024-12-16,2,4,4,overtid_timer,1.3981503505784874,1.1561485551879573
2025-01-16,2,4,4,overtid_timer,1.0168361104470651,0.8408348926636569
2025-02-16,2,4,4,overtid_timer,1.1374629115256076,0.9405827500569617
2025-03-16,2,4,4,overtid_timer,1.0749587699889145,0.8888972693781405
2025-04-16,2,4,4,overtid_timer,1.1996160503176763,0.9919779820397847
2025-05-16,2,4,4,overtid_timer,1.1489887207199458,0.9501135903145154
2025-06-16,2,4,4,overtid_timer,1.2129912236105571,1.003038085319489
2025-07-16,2,4,4,overtid_timer,1.2023161272631544,0.9942107104857056
2025-08-16,2,4,4,overtid_timer,0.8187874792082257,0.6770659254928526
2025-09-16,2,4,4,overtid_timer,1.0909857515255963,0.9021501870918843
2025-10-16,2,4,4,overtid_timer,1.2246825107744268,1.0127057614440222
2025-11-16,2,4,4,overtid_timer,1.3117774638904487,1.0847257013364586
2025-12-16,2,4,4,overtid_timer,1.3617118342079597,1.1260170760966368
2026-01-16,2,4,4,overtid_timer,0.9647606373251346,0.7977730123832288
2026-02-16,2,4,4,overtid_timer,1.0726963577315445,0.8870264515068611
2021-01-16,2,4,5,overtid_timer,1.3436275284513235,0.8710667666881285
2021-02-16,2,4,5,overtid_timer,1.8662516483959242,1.2098812764489444
2021-03-16,2,4,5,overtid_timer,1.6325140103090814,1.0583503764410394
2021-04-16,2,4,5,overtid_timer,1.7315546828110233,1.1225579313921656
2021-05-16,2,4,5,overtid_timer,1.6330075472288919,1.0586703338696253
2021-06-16,2,4,5,overtid_timer,1.6390782367127636,1.0626059304157744
2021-07-16,2,4,5,overtid_timer,1.5110353199654978,0.9795963707523808
2021-08-16,2,4,5,overtid_timer,1.066045569490165,0.6911118205715174
2021-09-16,2,4,5,overtid_timer,1.2764456490111817,0.8275131022500335
2021-10-16,2,4,5,overtid_timer,1.5027471872001201,0.9742232172132146
2021-11-16,2,4,5,overtid_timer,1.669146200322733,1.082098835471702
2021-12-16,2,4,5,overtid_timer,1.9087457152257712,1.2374299598549536
2022-01-16,2,4,5,overtid_timer,1.372311040609564,0.8896621390393755
2022-02-16,2,4,5,overtid_timer,1.8767322031535727,1.2166757658089276
2022-03-16,2,4,5,overtid_timer,1.596336657271043,1.0348967858656057
2022-04-16,2,4,5,overtid_timer,1.7361496200033741,1.1255368053721364
2022-05-16,2,4,5,overtid_timer,1.6122325872893877,1.0452020349553888
2022-06-16,2,4,5,overtid_timer,1.7628288364274018,1.1428328031811696
2022-07-16,2,4,5,overtid_timer,1.6732961564647872,1.0847892305417728
2022-08-16,2,4,5,overtid_timer,1.1060061744538416,0.7170180737730516
2022-09-16,2,4,5,overtid_timer,1.3349366929997915,0.8654325430835331
2022-10-16,2,4,5,overtid_timer,1.5425080830025373,1.0
2022-11-16,2,4,5,overtid_timer,1.6502962172094107,1.069878489062476
2022-12-16,2,4,5,overtid_timer,1.8581552903972165,1.2046324494976148
2023-01-16,2,4,5,overtid_timer,1.306470441101527,0.8469780194334179
2023-02-16,2,4,5,overtid_timer,1.7928082674551742,1.1622683130226588
2023-03-16,2,4,5,overtid_timer,1.5988099173676957,1.0365001875747486
2023-04-16,2,4,5,overtid_timer,1.6499011075749255,1.0696223415331119
2023-05-16,2,4,5,overtid_timer,1.5802138564228787,1.0244444575920446
2023-06-16,2,4,5,overtid_timer,1.7098674644695393,1.1084982200814353
2023-07-16,2,4,5,overtid_timer,1.5975509686496296,1.035684017642196
2023-08-16,2,4,5,overtid_timer,1.1012101204671028,0.7139088168170665
2023-09-16,2,4,5,overtid_timer,1.3490424123127323,0.8745772078463159
2023-10-16,2,4,5,overtid_timer,1.5188202107574074,0.9846432751269473
2023-11-16,2,4,5,overtid_timer,1.6617126975226741,1.0772797341120584
2023-12-16,2,4,5,overtid_timer,1.8059607882250197,1.1707950241075327
2024-01-16,2,4,5,overtid_timer,1.2968737134946278,0.8407565106370302
2024-02-16,2,4,5,overtid_timer,1.8490962636338917,1.1987595293728195
2024-03-16,2,4,5,overtid_timer,1.6402165529884656,1.0633438949608198
2024-04-16,2,4,5,overtid_timer,1.5607385423900593,1.0118187123869302
2024-05-16,2,4,5,overtid_timer,1.675141705765961,1.085985690593756
2024-06-16,2,4,5,overtid_timer,1.609196642777497,1.0432338478545593
2024-07-16,2,4,5,overtid_timer,1.5071206289228753,0.9770584968275957
2024-08-16,2,4,5,overtid_timer,1.04408825544163,0.6768770076130048
2024-09-16,2,4,5,overtid_timer,1.234937751218775,0.8006037471226293
2024-10-16,2,4,5,overtid_timer,1.4324443190487584,0.928646231960395
2024-11-16,2,4,5,overtid_timer,1.5558708406158708,1.008663006541478
2024-12-16,2,4,5,overtid_timer,1.719060055909191,1.1144577294940265
2025-01-16,2,4,5,overtid_timer,1.2762043837252046,0.8273566912148916
2025-02-16,2,4,5,overtid_timer,1.7388341110106111,1.1272771469864322
2025-03-16,2,4,5,overtid_timer,1.495507553974688,0.9695298004945547
2025-04-16,2,4,5,overtid_timer,1.576362467700313,1.0219476222334454
2025-05-16,2,4,5,overtid_timer,1.4045693773137744,0.9105750516261405
2025-06-16,2,4,5,overtid_timer,1.5175170044164106,0.9837984132067037
2025-07-16,2,4,5,overtid_timer,1.4657541090332957,0.9502407962622551
2025-08-16,2,4,5,overtid_timer,0.9429158070942846,0.6112874334239282
2025-09-16,2,4,5,overtid_timer,1.1720971299590357,0.7598644978751192
2025-10-16,2,4,5,overtid_timer,1.3616778460913412,0.8827686941132881
2025-11-16,2,4,5,overtid_timer,1.4897858934303903,0.9658204776019573
2025-12-16,2,4,5,overtid_timer,1.664446290886939,1.0790519085300645
2026-01-16,2,4,5,overtid_timer,1.2052415814600916,0.7813518740945937
2026-02-16,2,4,5,overtid_timer,1.6232532551122012,1.052346676817726
2021-01-16,2,4,all,overtid_timer,1.9822495341803787,0.74834186643396
2021-02-16,2,4,all,overtid_timer,2.3090611695049295,0.8717202932838533
2021-03-16,2,4,all,overtid_timer,2.2625130019224544,0.8541473580871989
2021-04-16,2,4,all,overtid_timer,2.4405004562768493,0.92134145322844
2021-05-16,2,4,all,overtid_timer,2.550088216365185,0.9627131915029208
2021-06-16,2,4,all,overtid_timer,2.7630576257084,1.0431137276277218
2021-07-16,2,4,all,overtid_timer,2.381017025845275,0.8988851778788965
2021-08-16,2,4,all,overtid_timer,1.9281835332121915,0.7279307873152642
2021-09-16,2,4,all,overtid_timer,2.3997111448506767,0.9059426101883081
2021-10-16,2,4,all,overtid_timer,2.6784709373216704,1.011180432060589
2021-11-16,2,4,all,overtid_timer,2.8037534277014213,1.0584772688440787
2021-12-16,2,4,all,overtid_timer,2.856548427960692,1.0784085178372786
2022-01-16,2,4,all,overtid_timer,2.1162285781171573,0.7989218393757332
2022-02-16,2,4,all,overtid_timer,2.434750322555715,0.919170653978941
2022-03-16,2,4,all,overtid_timer,2.3990402775705726,0.9056893433498673
2022-04-16,2,4,all,overtid_timer,2.5764569492569147,0.9726679557480059
2022-05-16,2,4,all,overtid_timer,2.6000128065335883,0.9815607989021685
2022-06-16,2,4,all,overtid_timer,2.7822587063428696,1.0503625488642918
2022-07-16,2,4,all,overtid_timer,2.523779459403358,0.9527810694623363
2022-08-16,2,4,all,overtid_timer,1.957840069477989,0.7391267681029654
2022-09-16,2,4,all,overtid_timer,2.440167208342483,0.9212156449601625
2022-10-16,2,4,all,overtid_timer,2.6488555873885606,1.0
2022-11-16,2,4,all,overtid_timer,2.7748704622044977,1.0475733276724881
2022-12-16,2,4,all,overtid_timer,2.7692301051025963,1.0454439714596557
2023-01-16,2,4,all,overtid_timer,2.1532489008057754,0.8128978080411733
2023-02-16,2,4,all,overtid_timer,2.3594477791567505,0.8907423229829113
2023-03-16,2,4,all,overtid_timer,2.2928167982447136,0.865587693478278
2023-04-16,2,4,all,overtid_timer,2.498580210428886,0.9432678105687795
2023-05-16,2,4,all,overtid_timer,2.531178337914255,0.9555743053586697
2023-06-16,2,4,all,overtid_timer,2.832272687515764,1.0692439032918475
2023-07-16,2,4,all,overtid_timer,2.4223785932171076,0.9145000598561392
2023-08-16,2,4,all,overtid_timer,1.9198687049623158,0.7247917606769441
2023-09-16,2,4,all,overtid_timer,2.4689362335969776,0.9320765712377092
2023-10-16,2,4,all,overtid_timer,2.6848574318710896,1.013591471220227
2023-11-16,2,4,all,overtid_timer,2.8246515626995725,1.0663667646314856
2023-12-16,2,4,all,overtid_timer,2.8014489928746094,1.057607295094742
2024-01-16,2,4,all,overtid_timer,2.236505885230948,0.8443291117413698
2024-02-16,2,4,all,overtid_timer,2.6110681338209436,0.9857344229154936
2024-03-16,2,4,all,overtid_timer,2.4777804960789505,0.9354154706945467
2024-04-16,2,4,all,overtid_timer,2.5540058910423835,0.964192198020245
2024-05-16,2,4,all,overtid_timer,2.660797832980427,1.004508454763908
2024-06-16,2,4,all,overtid_timer,2.821607480436489,1.0652175580542842
2024-07-16,2,4,all,overtid_timer,2.4686348563840075,0.9319627948527658
2024-08-16,2,4,all,overtid_timer,1.9175852991734783,0.7239297258420859
2024-09-16,2,4,all,overtid_timer,2.452678135584945,0.9259387892878593
2024-10-16,2,4,all,overtid_timer,2.747498368501924,1.037239773124292
2024-11-16,2,4,all,overtid_timer,2.799736426379959,1.056960764380571
2024-12-16,2,4,all,overtid_timer,2.8202336488629745,1.0646989070640016
2025-01-16,2,4,all,overtid_timer,2.275339321373923,0.858989569762511
2025-02-16,2,4,all,overtid_timer,2.5351588475827493,0.9570770334377111
2025-03-16,2,4,all,overtid_timer,2.3358075475784346,0.8818176267137492
2025-04-16,2,4,all,overtid_timer,2.578457743678748,0.9734232987087016
2025-05-16,2,4,all,overtid_timer,2.6389792125903315,0.9962714559278915
2025-06-16,2,4,all,overtid_timer,2.824619542151826,1.0663546761854792
2025-07-16,2,4,all,overtid_timer,2.672829770830952,1.0090507702860567
2025-08-16,2,4,all,overtid_timer,1.9661051123897413,0.7422469997045307
2025-09-16,2,4,all,overtid_timer,2.4996483006880985,0.94367103763193
2025-10-16,2,4,all,overtid_timer,2.6913978729894503,1.0160606285232903
2025-11-16,2,4,all,overtid_timer,2.837050001910107,1.071047442305861
2025-12-16,2,4,all,overtid_timer,2.815655748805522,1.0629706512544934
2026-01-16,2,4,all,overtid_timer,2.1908254926596777,0.827083780290022
2026-02-16,2,4,all,overtid_timer,2.434989771881322,0.9192610512534268
2021-01-16,2,4,1,stillingspst,86.4227587908086,1.0124165448690177
2021-02-16,2,4,1,stillingspst,86.56641514291077,1.0140994356917443
2021-03-16,2,4,1,stillingspst,86.32673211598302,1.0112916213453718
2021-04-16,2,4,1,stillingspst,86.51159681275507,1.0134572554930532
2021-05-16,2,4,1,stillingspst,86.58233552436111,1.014285938157142
2021-06-16,2,4,1,stillingspst,84.93506161595673,0.9949886213145209
2021-07-16,2,4,1,stillingspst,85.59186018360232,1.0026828183736571
2021-08-16,2,4,1,stillingspst,85.61181133309563,1.0029165400705664
2021-09-16,2,4,1,stillingspst,86.01705106538154,1.0076638012705663
2021-10-16,2,4,1,stillingspst,86.12997503421975,1.0089866714955358
2021-11-16,2,4,1,stillingspst,85.86028317294556,1.0058273127086748
2021-12-16,2,4,1,stillingspst,85.14989679328411,0.9975053505995995
2022-01-16,2,4,1,stillingspst,85.9222227273552,1.0065529159009765
2022-02-16,2,4,1,stillingspst,86.10247213097237,1.0086644832818157
2022-03-16,2,4,1,stillingspst,85.70237408004657,1.0039774553276672
2022-04-16,2,4,1,stillingspst,86.10171659104967,1.0086556323595728
2022-05-16,2,4,1,stillingspst,85.63363059159055,1.0031721461008078
2022-06-16,2,4,1,stillingspst,84.64972526385696,0.9916459920376933
2022-07-16,2,4,1,stillingspst,85.25637275900914,0.9987526844135067
2022-08-16,2,4,1,stillingspst,85.09373476795682,0.9968474294173756
2022-09-16,2,4,1,stillingspst,85.23145758075692,0.9984608106173698
2022-10-16,2,4,1,stillingspst,85.36284716879021,1.0
2022-11-16,2,4,1,stillingspst,85.50512235663169,1.0016667109001198
2022-12-16,2,4,1,stillingspst,84.69092495160007,0.9921286339493628
2023-01-16,2,4,1,stillingspst,85.249078751055,0.9986672373109784
2023-02-16,2,4,1,stillingspst,85.72526621026306,1.004245629726434
2023-03-16,2,4,1,stillingspst,85.21191856759782,0.9982319169732711
2023-04-16,2,4,1,stillingspst,85.61314544005114,1.0029321687310406
2023-05-16,2,4,1,stillingspst,85.14628710440999,0.9974630641835083
2023-06-16,2,4,1,stillingspst,83.94064026292742,0.983339275187827
2023-07-16,2,4,1,stillingspst,84.7479899826729,0.9927971335714526
2023-08-16,2,4,1,stillingspst,84.94168137632812,0.9950661698100427
2023-09-16,2,4,1,stillingspst,85.38860186978094,1.0003017085517287
2023-10-16,2,4,1,stillingspst,85.26375266325505,0.9988391377651776
2023-11-16,2,4,1,stillingspst,85.36716301390378,1.0000505588233841
2023-12-16,2,4,1,stillingspst,85.07986831270975,0.9966849880777651
2024-01-16,2,4,1,stillingspst,85.20879791166305,0.9981953594305196
2024-02-16,2,4,1,stillingspst,85.56374336597173,1.00235343833816
2024-03-16,2,4,1,stillingspst,85.61163918139586,1.0029145233653431
2024-04-16,2,4,1,stillingspst,84.94054455605695,0.9950528523035527
2024-05-16,2,4,1,stillingspst,85.15698065931325,0.9975883359528778
2024-06-16,2,4,1,stillingspst,84.08227875929316,0.9849985274394029
2024-07-16,2,4,1,stillingspst,84.58257317626284,0.9908593255917939
2024-08-16,2,4,1,stillingspst,84.83045978676674,0.9937632424446813
2024-09-16,2,4,1,stillingspst,84.90741594840678,0.9946647606600691
2024-10-16,2,4,1,stillingspst,84.55673851009105,0.9905566802720952
2024-11-16,2,4,1,stillingspst,84.88135194281395,0.9943594286982463
2024-12-16,2,4,1,stillingspst,84.37104724742568,0.9883813631543543
2025-01-16,2,4,1,stillingspst,84.63312488227209,0.9914515235758804
2025-02-16,2,4,1,stillingspst,84.88190732059252,0.9943659347813608
2025-03-16,2,4,1,stillingspst,84.78431783951683,0.9932227034540045
2025-04-16,2,4,1,stillingspst,85.0644837980017,0.9965047631295786
2025-05-16,2,4,1,stillingspst,84.43415468174231,0.9891206477074087
2025-06-16,2,4,1,stillingspst,83.82594462208405,0.9819956503598433
2025-07-16,2,4,1,stillingspst,84.37462855288405,0.9884233170672936
2025-08-16,2,4,1,stillingspst,84.45565957757731,0.9893725710739346
2025-09-16,2,4,1,stillingspst,84.43848644824818,0.9891713930451
2025-10-16,2,4,1,stillingspst,84.27587174888161,0.9872664109040401
2025-11-16,2,4,1,stillingspst,84.75600084034582,0.9928909783521576
2025-12-16,2,4,1,stillingspst,83.9971039013508,0.9840007296764728
2026-01-16,2,4,1,stillingspst,84.57246436986908,0.9907409039747903
2026-02-16,2,4,1,stillingspst,84.79093272314431,0.9933001948199427
2021-01-16,2,4,2,stillingspst,84.67625866868164,1.0170670532075294
2021-02-16,2,4,2,stillingspst,84.84211904024477,1.0190592423051803
2021-03-16,2,4,2,stillingspst,84.50697605154251,1.0150337586893265
2021-04-16,2,4,2,stillingspst,85.18704111779569,1.0232021849258925
2021-05-16,2,4,2,stillingspst,84.96345451609155,1.0205166320955332
2021-06-16,2,4,2,stillingspst,83.2125327227489,0.9994858863262884
2021-07-16,2,4,2,stillingspst,83.7282102999123,1.0056798146133534
2021-08-16,2,4,2,stillingspst,84.18387694297887,1.0111529370350942
2021-09-16,2,4,2,stillingspst,83.63236854203838,1.0045286360446772
2021-10-16,2,4,2,stillingspst,83.70270930544663,1.005373515991959
2021-11-16,2,4,2,stillingspst,83.16619936081092,0.9989293650931546
2021-12-16,2,4,2,stillingspst,82.5885313031368,0.9919908541293012
2022-01-16,2,4,2,stillingspst,84.04775527710146,1.0095179467347628
2022-02-16,2,4,2,stillingspst,84.18493101906654,1.011165597798302
2022-03-16,2,4,2,stillingspst,83.39387215557949,1.001663998178171
2022-04-16,2,4,2,stillingspst,84.20670416057071,1.011427120274813
2022-05-16,2,4,2,stillingspst,83.49841747983648,1.0029197173908575
2022-06-16,2,4,2,stillingspst,82.62228759706633,0.99239630915216
2022-07-16,2,4,2,stillingspst,83.37380586188144,1.0014229770640932
2022-08-16,2,4,2,stillingspst,83.38200589434308,1.001521469640207
2022-09-16,2,4,2,stillingspst,83.25490262165727,0.999994801444941
2022-10-16,2,4,2,stillingspst,83.25533542910244,1.0
2022-11-16,2,4,2,stillingspst,82.79615306915662,0.9944846494512433
2022-12-16,2,4,2,stillingspst,81.97941089120114,0.9846745613200029
2023-01-16,2,4,2,stillingspst,83.14026446779604,0.9986178548111864
2023-02-16,2,4,2,stillingspst,83.45480782889577,1.002395911310251
2023-03-16,2,4,2,stillingspst,82.86402051002598,0.9952998217224205
2023-04-16,2,4,2,stillingspst,83.68034277917974,1.005104866227333
2023-05-16,2,4,2,stillingspst,82.76439960737504,0.9941032509304407
2023-06-16,2,4,2,stillingspst,81.56044235730363,0.9796422287765313
2023-07-16,2,4,2,stillingspst,82.77046261908218,0.9941760752326418
2023-08-16,2,4,2,stillingspst,83.17607650702277,0.9990480018887538
2023-09-16,2,4,2,stillingspst,83.03886908505818,0.9973999703090669
2023-10-16,2,4,2,stillingspst,82.76916527339074,0.994160492499298
2023-11-16,2,4,2,stillingspst,82.7872607997813,0.994377842249885
2023-12-16,2,4,2,stillingspst,81.9567774882375,0.9844027060347291
2024-01-16,2,4,2,stillingspst,82.43334528800844,0.9901268773123377
2024-02-16,2,4,2,stillingspst,82.80892144858463,0.9946380135493181
2024-03-16,2,4,2,stillingspst,82.66073030925304,0.9928580538798532
2024-04-16,2,4,2,stillingspst,82.07411393368571,0.985812062502317
2024-05-16,2,4,2,stillingspst,81.82974824398944,0.9828769270129601
2024-06-16,2,4,2,stillingspst,80.84504869995726,0.971049462275031
2024-07-16,2,4,2,stillingspst,81.15412385797991,0.9747618388624252
2024-08-16,2,4,2,stillingspst,81.98238824482091,0.9847103230355064
2024-09-16,2,4,2,stillingspst,81.65768269285823,0.9808102060004944
2024-10-16,2,4,2,stillingspst,81.41096462723274,0.9778468155540577
2024-11-16,2,4,2,stillingspst,81.44570616594754,0.978264104590679
2024-12-16,2,4,2,stillingspst,80.81555307148002,0.9706951831369407
2025-01-16,2,4,2,stillingspst,81.16349521949468,0.9748744005555162
2025-02-16,2,4,2,stillingspst,81.45524519118126,0.9783786801333101
2025-03-16,2,4,2,stillingspst,81.25566655993458,0.9759814928513414
2025-04-16,2,4,2,stillingspst,81.31697993278631,0.9767179426240282
2025-05-16,2,4,2,stillingspst,80.65783079532454,0.9688007426744457
2025-06-16,2,4,2,stillingspst,79.87851874224032,0.959440236839383
2025-07-16,2,4,2,stillingspst,80.37653577426971,0.9654220400410947
2025-08-16,2,4,2,stillingspst,81.19560806534534,0.9752601157254227
2025-09-16,2,4,2,stillingspst,80.66585960992784,0.9688971787113906
2025-10-16,2,4,2,stillingspst,80.20368680802571,0.9633459092399499
2025-11-16,2,4,2,stillingspst,80.2808671404159,0.9642729409069585
2025-12-16,2,4,2,stillingspst,79.34977714628602,0.9530893934582454
2026-01-16,2,4,2,stillingspst,80.05077411663062,0.9615092378649928
2026-02-16,2,4,2,stillingspst,80.38156292120921,0.9654824223206638
2021-01-16,2,4,3,stillingspst,84.53230813152321,1.0151824201995037
2021-02-16,2,4,3,stillingspst,84.59191199684001,1.0158982269434933
2021-03-16,2,4,3,stillingspst,84.09099892542999,1.0098825607989892
2021-04-16,2,4,3,stillingspst,84.42401482961037,1.0138818824671585
2021-05-16,2,4,3,stillingspst,84.3576240945625,1.0130845694802724
2021-06-16,2,4,3,stillingspst,83.01844455389232,0.9970018248205152
2021-07-16,2,4,3,stillingspst,84.09690302915378,1.009953465550556
2021-08-16,2,4,3,stillingspst,84.37455201902,1.0132878637200675
2021-09-16,2,4,3,stillingspst,83.90245851382014,1.0076183033145527
2021-10-16,2,4,3,stillingspst,83.8152774261297,1.006571310637392
2021-11-16,2,4,3,stillingspst,83.5545124246762,1.0034396790620774
2021-12-16,2,4,3,stillingspst,83.21090929092603,0.9993132111042179
2022-01-16,2,4,3,stillingspst,84.08080017193416,1.0097600798744082
2022-02-16,2,4,3,stillingspst,84.05541330208509,1.009455198763927
2022-03-16,2,4,3,stillingspst,83.51792301964169,1.00300026220978
2022-04-16,2,4,3,stillingspst,83.77576994591438,1.0060968494489126
2022-05-16,2,4,3,stillingspst,83.38076938191158,1.0013531291198685
2022-06-16,2,4,3,stillingspst,82.1693151150192,0.9868042885427095
2022-07-16,2,4,3,stillingspst,83.64612575120513,1.0045399002745807
2022-08-16,2,4,3,stillingspst,83.75394556045946,1.0058347516435266
2022-09-16,2,4,3,stillingspst,83.48753438958761,1.0026353129532561
2022-10-16,2,4,3,stillingspst,83.26809689524659,1.0
2022-11-16,2,4,3,stillingspst,83.07539221466986,0.9976857321379742
2022-12-16,2,4,3,stillingspst,82.91295673987152,0.9957349793184076
2023-01-16,2,4,3,stillingspst,83.65083246890751,1.0045964251367774
2023-02-16,2,4,3,stillingspst,83.73679936626783,1.0056288361148795
2023-03-16,2,4,3,stillingspst,83.19762690691209,0.9991536976229546
2023-04-16,2,4,3,stillingspst,83.51661678076164,1.0029845750627362
2023-05-16,2,4,3,stillingspst,83.10312284756077,0.9980187604396272
2023-06-16,2,4,3,stillingspst,81.99498738362304,0.9847107168400264
2023-07-16,2,4,3,stillingspst,83.30146723592595,1.000400757816302
2023-08-16,2,4,3,stillingspst,83.60098317804432,1.0039977649929541
2023-09-16,2,4,3,stillingspst,83.27685319123368,1.0001051578733462
2023-10-16,2,4,3,stillingspst,83.17751415759227,0.9989121555429774
2023-11-16,2,4,3,stillingspst,82.90185583841568,0.9956016641368465
2023-12-16,2,4,3,stillingspst,82.81926359380053,0.9946097807181699
2024-01-16,2,4,3,stillingspst,83.29632545396278,1.0003390080927599
2024-02-16,2,4,3,stillingspst,83.25991569068073,0.9999017486303771
2024-03-16,2,4,3,stillingspst,83.18973894194386,0.9990589678853679
2024-04-16,2,4,3,stillingspst,82.89126286720757,0.995474448893517
2024-05-16,2,4,3,stillingspst,83.08562230881428,0.9978085894449844
2024-06-16,2,4,3,stillingspst,82.47210241751698,0.9904405827993044
2024-07-16,2,4,3,stillingspst,83.05360143484239,0.9974240379160576
2024-08-16,2,4,3,stillingspst,83.5200687288784,1.003026030893306
2024-09-16,2,4,3,stillingspst,83.34431920475055,1.0009153843109906
2024-10-16,2,4,3,stillingspst,83.15489660765925,0.9986405323069921
2024-11-16,2,4,3,stillingspst,83.16225433978465,0.9987288942655302
2024-12-16,2,4,3,stillingspst,83.04639107344204,0.9973374457917122
2025-01-16,2,4,3,stillingspst,83.63256302250933,1.0043770200215005
2025-02-16,2,4,3,stillingspst,83.5193174420333,1.0030170083880114
2025-03-16,2,4,3,stillingspst,83.30202403861638,1.0004074446833158
2025-04-16,2,4,3,stillingspst,83.55076827721348,1.0033947140922712
2025-05-16,2,4,3,stillingspst,83.05440379256875,0.9974336737520654
2025-06-16,2,4,3,stillingspst,82.39586702939746,0.9895250414219697
2025-07-16,2,4,3,stillingspst,83.05451947057033,0.9974350629756202
2025-08-16,2,4,3,stillingspst,83.54835340970754,1.003365712979048
2025-09-16,2,4,3,stillingspst,83.03338955471257,0.9971813053343913
2025-10-16,2,4,3,stillingspst,82.92447508825776,0.995873307787722
2025-11-16,2,4,3,stillingspst,83.19391891186945,0.9991091668220728
2025-12-16,2,4,3,stillingspst,82.86355867688425,0.9951417381512724
2026-01-16,2,4,3,stillingspst,83.53281327746151,1.0031790852929898
2026-02-16,2,4,3,stillingspst,83.45822043006605,1.0022832698465374
2021-01-16,2,4,4,stillingspst,93.1236148398044,0.9943213644370623
2021-02-16,2,4,4,stillingspst,93.00435366393346,0.9930479609580375
2021-03-16,2,4,4,stillingspst,92.74588890935664,0.990288220285687
2021-04-16,2,4,4,stillingspst,92.73244799598812,0.9901447058039645
2021-05-16,2,4,4,stillingspst,92.82001564904348,0.9910797037463912
2021-06-16,2,4,4,stillingspst,92.21240028705475,0.984591930083128
2021-07-16,2,4,4,stillingspst,93.13891120744951,0.9944846904116175
2021-08-16,2,4,4,stillingspst,93.24704028332285,0.995639231614111
2021-09-16,2,4,4,stillingspst,93.23514415678315,0.9955122114936742
2021-10-16,2,4,4,stillingspst,93.02666862119013,0.9932862274684707
2021-11-16,2,4,4,stillingspst,93.15836815607926,0.9946924407200929
2021-12-16,2,4,4,stillingspst,92.32699847587558,0.9858155448200168
2022-01-16,2,4,4,stillingspst,93.4841561889129,0.998171021334491
2022-02-16,2,4,4,stillingspst,93.32909455539257,0.9965153607882481
2022-03-16,2,4,4,stillingspst,93.17927566796135,0.9949156793237204
2022-04-16,2,4,4,stillingspst,93.4882431031985,0.9982146590970046
2022-05-16,2,4,4,stillingspst,93.28575281681265,0.9960525821824562
2022-06-16,2,4,4,stillingspst,92.77478511782697,0.9905967576795875
2022-07-16,2,4,4,stillingspst,93.55448804240103,0.9989219851436602
2022-08-16,2,4,4,stillingspst,93.6966378583655,1.0004397805944425
2022-09-16,2,4,4,stillingspst,93.59584888520051,0.9993636128630886
2022-10-16,2,4,4,stillingspst,93.65545000888781,1.0
2022-11-16,2,4,4,stillingspst,93.57215983464927,0.9991106745605233
2022-12-16,2,4,4,stillingspst,92.8353060643889,0.9912429661656521
2023-01-16,2,4,4,stillingspst,93.75242328209897,1.001035425842297
2023-02-16,2,4,4,stillingspst,93.63425783996692,0.9997737219892822
2023-03-16,2,4,4,stillingspst,93.48721190643418,0.9982036485603597
2023-04-16,2,4,4,stillingspst,93.54645497316973,0.9988362125673654
2023-05-16,2,4,4,stillingspst,93.44194090832939,0.9977202704109781
2023-06-16,2,4,4,stillingspst,92.76228231854552,0.990463259850254
2023-07-16,2,4,4,stillingspst,93.55091483934568,0.9988838324995266
2023-08-16,2,4,4,stillingspst,93.7376300645217,1.0008774722199945
2023-09-16,2,4,4,stillingspst,93.6240785243188,0.9996650330059166
2023-10-16,2,4,4,stillingspst,93.54056751823393,0.9987733496487072
2023-11-16,2,4,4,stillingspst,93.45382555923294,0.9978471680010534
2023-12-16,2,4,4,stillingspst,92.7155428036283,0.9899642017077456
2024-01-16,2,4,4,stillingspst,93.71560224172573,1.0006422715691634
2024-02-16,2,4,4,stillingspst,93.6188898150538,0.9996096308988902
2024-03-16,2,4,4,stillingspst,93.5282452184712,0.9986417790912911
2024-04-16,2,4,4,stillingspst,93.41537350618756,0.9974365986957784
2024-05-16,2,4,4,stillingspst,93.38705617059965,0.9971342421795775
2024-06-16,2,4,4,stillingspst,92.91928260986155,0.9921396202895144
2024-07-16,2,4,4,stillingspst,93.45620269810034,0.9978725497473072
2024-08-16,2,4,4,stillingspst,93.70637373969794,1.0005437348366304
2024-09-16,2,4,4,stillingspst,93.65933090925887,1.0000414380622877
2024-10-16,2,4,4,stillingspst,93.490351029414,0.9982371663426085
2024-11-16,2,4,4,stillingspst,93.44101790179492,0.9977104150685033
2024-12-16,2,4,4,stillingspst,92.66515478022448,0.9894261868522403
2025-01-16,2,4,4,stillingspst,93.57129694277064,0.9991014610883917
2025-02-16,2,4,4,stillingspst,93.56081536755546,0.9989895447480807
2025-03-16,2,4,4,stillingspst,93.41597265545127,0.9974429960732257
2025-04-16,2,4,4,stillingspst,93.35192725374864,0.9967591554457284
2025-05-16,2,4,4,stillingspst,93.30903992475284,0.996301228768832
2025-06-16,2,4,4,stillingspst,92.92749389292078,0.9922272957324112
2025-07-16,2,4,4,stillingspst,93.40354345338007,0.9973102840733364
2025-08-16,2,4,4,stillingspst,93.57076078182708,0.999095736264652
2025-09-16,2,4,4,stillingspst,93.44567497915058,0.9977601407102595
2025-10-16,2,4,4,stillingspst,93.47213866341173,0.9980427049845076
2025-11-16,2,4,4,stillingspst,93.43895869351596,0.9976884280055105
2025-12-16,2,4,4,stillingspst,92.65579476207083,0.9893262458647936
2026-01-16,2,4,4,stillingspst,93.68098846290825,1.000272685188294
2026-02-16,2,4,4,stillingspst,93.52762789632088,0.9986351876740243
2021-01-16,2,4,5,stillingspst,90.2484532734754,0.9979210332901093
2021-02-16,2,4,5,stillingspst,89.99478229519747,0.9951160699297762
2021-03-16,2,4,5,stillingspst,89.9662275147084,0.9948003258364709
2021-04-16,2,4,5,stillingspst,90.0181517630681,0.9953744774999783
2021-05-16,2,4,5,stillingspst,89.96617674122483,0.9947997644093733
2021-06-16,2,4,5,stillingspst,89.10985016248065,0.9853309450191432
2021-07-16,2,4,5,stillingspst,90.05703721460671,0.9958044528466113
2021-08-16,2,4,5,stillingspst,90.2061860152479,0.9974536636624335
2021-09-16,2,4,5,stillingspst,90.08295248996652,0.9960910106481804
2021-10-16,2,4,5,stillingspst,90.0169577638507,0.9953612748700211
2021-11-16,2,4,5,stillingspst,89.87908042393855,0.9938366980764943
2021-12-16,2,4,5,stillingspst,89.45577154085863,0.9891559659123217
2022-01-16,2,4,5,stillingspst,90.4243894753649,0.9998664454275416
2022-02-16,2,4,5,stillingspst,90.33382798022852,0.9988650629381491
2022-03-16,2,4,5,stillingspst,90.12354148025057,0.9965398228511079
2022-04-16,2,4,5,stillingspst,90.25668905739259,0.9980121003577264
2022-05-16,2,4,5,stillingspst,90.1182667453936,0.9964814975428298
2022-06-16,2,4,5,stillingspst,89.4427070551448,0.9890115055408686
2022-07-16,2,4,5,stillingspst,90.23193991644784,0.997738437071445
2022-08-16,2,4,5,stillingspst,90.55296630375055,1.001288181942526
2022-09-16,2,4,5,stillingspst,90.24775164416765,0.9979132750336696
2022-10-16,2,4,5,stillingspst,90.43646767914045,1.0
2022-11-16,2,4,5,stillingspst,90.00632147803209,0.9952436642855792
2022-12-16,2,4,5,stillingspst,89.58546645978315,0.9905900656980924
2023-01-16,2,4,5,stillingspst,90.44036642684488,1.0000431103492262
2023-02-16,2,4,5,stillingspst,90.3496905850524,0.9990404634732537
2023-03-16,2,4,5,stillingspst,90.22257892991982,0.9976349280914035
2023-04-16,2,4,5,stillingspst,90.28287511467182,0.9983016523266526
2023-05-16,2,4,5,stillingspst,90.1784246418532,0.9971466926571838
2023-06-16,2,4,5,stillingspst,89.46275997326082,0.9892332404076832
2023-07-16,2,4,5,stillingspst,90.34617735736946,0.9990016160063733
2023-08-16,2,4,5,stillingspst,90.49201986219799,1.0006142675016303
2023-09-16,2,4,5,stillingspst,90.26726062902843,0.9981289953659805
2023-10-16,2,4,5,stillingspst,90.07366859624469,0.9959883541207852
2023-11-16,2,4,5,stillingspst,89.99951253580403,0.9951683745003543
2023-12-16,2,4,5,stillingspst,89.79544252514101,0.9929118731585832
2024-01-16,2,4,5,stillingspst,90.53587536207354,1.0010991990895286
2024-02-16,2,4,5,stillingspst,90.35128184827988,0.9990580588445493
2024-03-16,2,4,5,stillingspst,90.3054830764911,0.9985516395541446
2024-04-16,2,4,5,stillingspst,90.25225840845007,0.9979631085178611
2024-05-16,2,4,5,stillingspst,90.54337367165851,1.00118211154484
2024-06-16,2,4,5,stillingspst,89.70376131978128,0.9918981094887658
2024-07-16,2,4,5,stillingspst,90.32739970804546,0.9987939824067217
2024-08-16,2,4,5,stillingspst,90.68767274472654,1.002777696564591
2024-09-16,2,4,5,stillingspst,90.42686432571459,0.9998938110513125
2024-10-16,2,4,5,stillingspst,90.23803311777974,0.997805812561535
2024-11-16,2,4,5,stillingspst,90.26602627948806,0.998115346562881
2024-12-16,2,4,5,stillingspst,89.96933699805115,0.9948347089058516
2025-01-16,2,4,5,stillingspst,90.67559472434834,1.0026441440200462
2025-02-16,2,4,5,stillingspst,90.43987949257773,1.000037726080251
2025-03-16,2,4,5,stillingspst,90.28117333558264,0.9982828349277331
2025-04-16,2,4,5,stillingspst,90.28317261457224,0.9983049419277178
2025-05-16,2,4,5,stillingspst,90.2769885021925,0.9982365611899641
2025-06-16,2,4,5,stillingspst,89.92927525167993,0.9943917266952531
2025-07-16,2,4,5,stillingspst,90.4143758337297,0.9997557197226108
2025-08-16,2,4,5,stillingspst,90.85651358786964,1.0046446518700782
2025-09-16,2,4,5,stillingspst,90.51533380598539,1.0008720611150443
2025-10-16,2,4,5,stillingspst,90.25379341368793,0.9979800818172087
2025-11-16,2,4,5,stillingspst,90.20118339967252,0.9973983473093764
2025-12-16,2,4,5,stillingspst,90.19885450834818,0.9973725956255246
2026-01-16,2,4,5,stillingspst,90.53177092445557,1.0010538143269068
2026-02-16,2,4,5,stillingspst,90.41171988115589,0.9997263515634826
2021-01-16,2,4,all,stillingspst,88.42054977424003,1.0059455359324017
2021-02-16,2,4,all,stillingspst,88.40006301856377,1.0057124616021595
2021-03-16,2,4,all,stillingspst,88.13819837001388,1.0027332720936137
2021-04-16,2,4,all,stillingspst,88.33781854319852,1.005004316806747
2021-05-16,2,4,all,stillingspst,88.30980111384211,1.0046855672845902
2021-06-16,2,4,all,stillingspst,87.13387214654716,0.9913072236954106
2021-07-16,2,4,all,stillingspst,87.99051545734528,1.0010531087479684
2021-08-16,2,4,all,stillingspst,88.16392965146841,1.003026012500443
2021-09-16,2,4,all,stillingspst,88.03254889904458,1.001531316055492
2021-10-16,2,4,all,stillingspst,87.97260187099974,1.000849308926967
2021-11-16,2,4,all,stillingspst,87.80134517475885,0.9989009506604565
2021-12-16,2,4,all,stillingspst,87.22506897232475,0.9923447544506072
2022-01-16,2,4,all,stillingspst,88.2697596926638,1.0042300228552743
2022-02-16,2,4,all,stillingspst,88.25174578364431,1.0040250816802974
2022-03-16,2,4,all,stillingspst,87.86846359297887,0.9996645454736494
2022-04-16,2,4,all,stillingspst,88.20266064459413,1.003466648412983
2022-05-16,2,4,all,stillingspst,87.85653511392357,0.999528837198969
2022-06-16,2,4,all,stillingspst,87.0030126687938,0.9898184577036072
2022-07-16,2,4,all,stillingspst,87.90498553472466,1.0000800493848618
2022-08-16,2,4,all,stillingspst,88.01012984105228,1.0012762582508894
2022-09-16,2,4,all,stillingspst,87.86549228658485,0.9996307414268459
2022-10-16,2,4,all,stillingspst,87.89794935794794,1.0
2022-11-16,2,4,all,stillingspst,87.71851533024254,0.997958609626094
2022-12-16,2,4,all,stillingspst,87.15133895511481,0.9915059406017233
2023-01-16,2,4,all,stillingspst,88.01595713916808,1.0013425544291095
2023-02-16,2,4,all,stillingspst,88.10822479078848,1.002392267787548
2023-03-16,2,4,all,stillingspst,87.75225536964108,0.9983424643080858
2023-04-16,2,4,all,stillingspst,88.02652207665632,1.001462749923605
2023-05-16,2,4,all,stillingspst,87.67853199665328,0.9975037260493858
2023-06-16,2,4,all,stillingspst,86.71090831186967,0.9864952361829937
2023-07-16,2,4,all,stillingspst,87.69096937740747,0.9976452240120235
2023-08-16,2,4,all,stillingspst,87.9329292813435,1.0003979606310622
2023-09-16,2,4,all,stillingspst,87.85775648754702,0.9995427325586717
2023-10-16,2,4,all,stillingspst,87.7170933184525,0.9979424316401406
2023-11-16,2,4,all,stillingspst,87.64369646626834,0.9971074081530139
2023-12-16,2,4,all,stillingspst,87.23900977939272,0.9925033566383692
2024-01-16,2,4,all,stillingspst,87.86597508545431,0.9996362341473586
2024-02-16,2,4,all,stillingspst,87.90696171207773,1.000102532018046
2024-03-16,2,4,all,stillingspst,87.84405538257853,0.9993868574208719
2024-04-16,2,4,all,stillingspst,87.530900621462,0.9958241490368427
2024-05-16,2,4,all,stillingspst,87.6205926004169,0.9968445594060271
2024-06-16,2,4,all,stillingspst,86.83413974314979,0.9878972191891988
2024-07-16,2,4,all,stillingspst,87.36885075537614,0.9939805353089963
2024-08-16,2,4,all,stillingspst,87.76170605801727,0.998449983180201
2024-09-16,2,4,all,stillingspst,87.63183260360073,0.9969724350079716
2024-10-16,2,4,all,stillingspst,87.40809573848632,0.9944270187980521
2024-11-16,2,4,all,stillingspst,87.48111208975324,0.9952577133910462
2024-12-16,2,4,all,stillingspst,87.02396470736922,0.990056825478151
2025-01-16,2,4,all,stillingspst,87.64535773272752,0.9971263080985907
2025-02-16,2,4,all,stillingspst,87.65216056822598,0.99720370279947
2025-03-16,2,4,all,stillingspst,87.48707619536891,0.9953255660048925
2025-04-16,2,4,all,stillingspst,87.57506753740118,0.9963266285174427
2025-05-16,2,4,all,stillingspst,87.2339351462465,0.9924456234013223
2025-06-16,2,4,all,stillingspst,86.67167421652026,0.9860488765621379
2025-07-16,2,4,all,stillingspst,87.21258599597068,0.992202737754595
2025-08-16,2,4,all,stillingspst,87.58378196485849,0.9964257710744757
2025-09-16,2,4,all,stillingspst,87.3030388907482,0.9932318049335022
2025-10-16,2,4,all,stillingspst,87.12952397558902,0.9912577552949541
2025-11-16,2,4,all,stillingspst,87.27673862599569,0.9929325913005947
2025-12-16,2,4,all,stillingspst,86.73424242913241,0.9867607044610728
2026-01-16,2,4,all,stillingspst,87.43433045177619,0.9947254866631331
2026-02-16,2,4,all,stillingspst,87.44635110049192,0.9948622435363428
2021-01-16,2,4,1,timelonn,22682.169899681256,0.7854592859858953
2021-02-16,2,4,1,timelonn,26198.263287645335,0.9072178396950272
2021-03-16,2,4,1,timelonn,27883.552336544264,0.9655775971116491
2021-04-16,2,4,1,timelonn,26357.795410483453,0.9127422664959217
2021-05-16,2,4,1,timelonn,25881.15196376107,0.8962366136863252
2021-06-16,2,4,1,timelonn,26014.383818388458,0.9008502903261284
2021-07-16,2,4,1,timelonn,24933.634336190717,0.8634250915743725
2021-08-16,2,4,1,timelonn,22460.211321112503,0.7777730977855545
2021-09-16,2,4,1,timelonn,27081.82024777713,0.937814472296864
2021-10-16,2,4,1,timelonn,27786.8764999063,0.9622298162796744
2021-11-16,2,4,1,timelonn,27891.256866809927,0.9658443967550734
2021-12-16,2,4,1,timelonn,29414.521415746105,1.0185934190164687
2022-01-16,2,4,1,timelonn,24109.24131284196,0.8348772428299556
2022-02-16,2,4,1,timelonn,27506.533600152172,0.9525218414762944
2022-03-16,2,4,1,timelonn,27721.524065331912,0.959966731362082
2022-04-16,2,4,1,timelonn,27566.86942840353,0.9546112066819727
2022-05-16,2,4,1,timelonn,25569.90568990448,0.8854584880876539
2022-06-16,2,4,1,timelonn,27576.43036345624,0.9549422916378245
2022-07-16,2,4,1,timelonn,25422.022572444213,0.8803374538848662
2022-08-16,2,4,1,timelonn,22864.646377749898,0.7917782512703865
2022-09-16,2,4,1,timelonn,28292.55912608831,0.9797410648177597
2022-10-16,2,4,1,timelonn,28877.588316001606,1.0
2022-11-16,2,4,1,timelonn,29238.338164228782,1.012492381437105
2022-12-16,2,4,1,timelonn,30083.956716103778,1.041775247534563
2023-01-16,2,4,1,timelonn,25005.89046382667,0.8659272439994735
2023-02-16,2,4,1,timelonn,28859.935694243366,0.999388708587259
2023-03-16,2,4,1,timelonn,28548.313299549576,0.9885975583262411
2023-04-16,2,4,1,timelonn,28121.92176522294,0.973832075500573
2023-05-16,2,4,1,timelonn,25853.832813934514,0.8952905807445294
2023-06-16,2,4,1,timelonn,28811.128188799787,0.9976985568713509
2023-07-16,2,4,1,timelonn,26724.63084065169,0.9254453851273681
2023-08-16,2,4,1,timelonn,24395.92246460779,0.8448047045220032
2023-09-16,2,4,1,timelonn,29481.879122501596,1.0209259443651373
2023-10-16,2,4,1,timelonn,29770.878762291413,1.030933692817929
2023-11-16,2,4,1,timelonn,30958.260752885475,1.0720514612964036
2023-12-16,2,4,1,timelonn,31199.852521726265,1.0804175258789823
2024-01-16,2,4,1,timelonn,26243.218045286376,0.9087745748748874
2024-02-16,2,4,1,timelonn,30911.573128151053,1.070434718782329
2024-03-16,2,4,1,timelonn,29431.86576054293,1.0191940351277253
2024-04-16,2,4,1,timelonn,28378.5309230415,0.9827181762029772
2024-05-16,2,4,1,timelonn,29656.94610484385,1.026988326736772
2024-06-16,2,4,1,timelonn,29844.65559299592,1.033488505563965
2024-07-16,2,4,1,timelonn,27683.287246894655,0.9586426312322914
2024-08-16,2,4,1,timelonn,26167.815860348728,0.9061634778500065
2024-09-16,2,4,1,timelonn,30733.92960605756,1.0642831135946114
2024-10-16,2,4,1,timelonn,31579.155984130415,1.093552399132715
2024-11-16,2,4,1,timelonn,32763.992213620288,1.1345820106267377
2024-12-16,2,4,1,timelonn,32038.61359024761,1.1094629246616976
2025-01-16,2,4,1,timelonn,27356.334506582796,0.9473206074976886
2025-02-16,2,4,1,timelonn,31715.977848186652,1.0982903939596729
2025-03-16,2,4,1,timelonn,30227.18129968309,1.046734961691162
2025-04-16,2,4,1,timelonn,31438.284887636575,1.088674183716929
2025-05-16,2,4,1,timelonn,29748.476988497438,1.0301579433492116
2025-06-16,2,4,1,timelonn,31369.397100855007,1.0862886733333146
2025-07-16,2,4,1,timelonn,29128.331314252304,1.0086829618701836
2025-08-16,2,4,1,timelonn,26773.96195111005,0.9271536687249642
2025-09-16,2,4,1,timelonn,31720.045289408037,1.0984312450992098
2025-10-16,2,4,1,timelonn,33045.82595883866,1.144341611814147
2025-11-16,2,4,1,timelonn,33902.16651035904,1.173995769292591
2025-12-16,2,4,1,timelonn,33083.10502622078,1.1456325460491734
2026-01-16,2,4,1,timelonn,28339.68113522835,0.9813728495992448
2026-02-16,2,4,1,timelonn,32560.67527407382,1.1275413624492785
2021-01-16,2,4,2,timelonn,19311.795980895153,0.796945601422318
2021-02-16,2,4,2,timelonn,22009.538897978688,0.9082741569675843
2021-03-16,2,4,2,timelonn,23610.54584245598,0.9743433844754766
2021-04-16,2,4,2,timelonn,22540.157526473147,0.9301713529834155
2021-05-16,2,4,2,timelonn,21958.454213285564,0.9061660301622625
2021-06-16,2,4,2,timelonn,22266.160377508542,0.9188642315284448
2021-07-16,2,4,2,timelonn,21568.74209390428,0.8900836647691558
2021-08-16,2,4,2,timelonn,19505.271662642663,0.8049298196536725
2021-09-16,2,4,2,timelonn,22351.65479672617,0.9223923550343603
2021-10-16,2,4,2,timelonn,23356.78774401798,0.9638714739097519
2021-11-16,2,4,2,timelonn,23321.176045114473,0.9624018753893242
2021-12-16,2,4,2,timelonn,25247.029414907873,1.04187663649179
2022-01-16,2,4,2,timelonn,20666.01493508929,0.8528305558810034
2022-02-16,2,4,2,timelonn,23466.93383741469,0.9684169053514056
2022-03-16,2,4,2,timelonn,23760.527934003185,0.9805327398450607
2022-04-16,2,4,2,timelonn,24082.797121947035,0.9938319178220791
2022-05-16,2,4,2,timelonn,22108.770035963822,0.9123691577132228
2022-06-16,2,4,2,timelonn,23858.34432653363,0.9845693578712275
2022-07-16,2,4,2,timelonn,22183.415328433926,0.9154495670940894
2022-08-16,2,4,2,timelonn,19782.84533222697,0.8163845344437783
2022-09-16,2,4,2,timelonn,23749.276567397734,0.9800684263687235
2022-10-16,2,4,2,timelonn,24232.26371590378,1.0
2022-11-16,2,4,2,timelonn,24630.77498922366,1.0164454826834166
2022-12-16,2,4,2,timelonn,25265.065636195362,1.0426209425747437
2023-01-16,2,4,2,timelonn,21278.06775760807,0.8780883208877901
2023-02-16,2,4,2,timelonn,24242.08345969778,1.000405234273988
2023-03-16,2,4,2,timelonn,24239.744502669466,1.0003087118419223
2023-04-16,2,4,2,timelonn,24147.005787465765,0.9964816358290925
2023-05-16,2,4,2,timelonn,22383.722788792675,0.9237157143557373
2023-06-16,2,4,2,timelonn,24595.73751865042,1.014999581013477
2023-07-16,2,4,2,timelonn,22928.57186113859,0.9462001623104832
2023-08-16,2,4,2,timelonn,20693.00597963893,0.8539444033063236
2023-09-16,2,4,2,timelonn,24311.343667597514,1.0032634157757963
2023-10-16,2,4,2,timelonn,24918.85768178934,1.0283338764357761
2023-11-16,2,4,2,timelonn,25852.283179718197,1.0668538227714643
2023-12-16,2,4,2,timelonn,26212.009879444115,1.0816987709753676
2024-01-16,2,4,2,timelonn,22081.218143229882,0.9112321655998588
2024-02-16,2,4,2,timelonn,25599.491238098755,1.0564217828851727
2024-03-16,2,4,2,timelonn,24908.437103254302,1.0279038473366706
2024-04-16,2,4,2,timelonn,23907.673889404425,0.986605055544756
2024-05-16,2,4,2,timelonn,25102.976220235316,1.0359319506646043
2024-06-16,2,4,2,timelonn,25068.58541322798,1.0345127350514642
2024-07-16,2,4,2,timelonn,23349.98384807199,0.9635906955216593
2024-08-16,2,4,2,timelonn,21448.472987073706,0.8851204839355121
2024-09-16,2,4,2,timelonn,24941.158196671477,1.0292541583848167
2024-10-16,2,4,2,timelonn,26114.32185128468,1.0776674501996977
2024-11-16,2,4,2,timelonn,26753.82363537979,1.1040579596292976
2024-12-16,2,4,2,timelonn,26425.07721051865,1.0904914835990216
2025-01-16,2,4,2,timelonn,22340.347779095642,0.9219257449906976
2025-02-16,2,4,2,timelonn,25762.874706067156,1.0631641768226063
2025-03-16,2,4,2,timelonn,24894.45731278693,1.0273269391851554
2025-04-16,2,4,2,timelonn,25765.949301172393,1.063291057048956
2025-05-16,2,4,2,timelonn,24174.60315891107,0.9976205047259012
2025-06-16,2,4,2,timelonn,25059.162953962852,1.0341238956357335
2025-07-16,2,4,2,timelonn,23835.907934582934,0.9836434686429764
2025-08-16,2,4,2,timelonn,22194.924027738634,0.9159244999951025
2025-09-16,2,4,2,timelonn,25253.056954778418,1.0421253767639003
2025-10-16,2,4,2,timelonn,27001.74016269818,1.1142888043504073
2025-11-16,2,4,2,timelonn,27217.55840716913,1.1231950397315165
2025-12-16,2,4,2,timelonn,26990.727255949103,1.1138343314675518
2026-01-16,2,4,2,timelonn,23260.19400872731,0.95988531164183
2026-02-16,2,4,2,timelonn,26468.480225844076,1.0922826086806183
2021-01-16,2,4,3,timelonn,18595.781223261885,0.8366326225648814
2021-02-16,2,4,3,timelonn,20199.66746203539,0.9087921911320914
2021-03-16,2,4,3,timelonn,21010.018352956184,0.945250244866385
2021-04-16,2,4,3,timelonn,20712.330202829464,0.9318571201163769
2021-05-16,2,4,3,timelonn,20164.009019923637,0.9071879016654452
2021-06-16,2,4,3,timelonn,20279.611754947364,0.9123889210911625
2021-07-16,2,4,3,timelonn,19996.48411183129,0.8996508801486016
2021-08-16,2,4,3,timelonn,19178.640489984296,0.8628557250551503
2021-09-16,2,4,3,timelonn,21023.125966772604,0.9458399623507509
2021-10-16,2,4,3,timelonn,21105.407443971468,0.9495418432898148
2021-11-16,2,4,3,timelonn,21702.900610092594,0.9764233315443227
2021-12-16,2,4,3,timelonn,23248.621773053317,1.0459660269974276
2022-01-16,2,4,3,timelonn,21048.463663215436,0.9469799167936543
2022-02-16,2,4,3,timelonn,22133.319797625158,0.9957880858046683
2022-03-16,2,4,3,timelonn,21558.308857899086,0.9699180831018652
2022-04-16,2,4,3,timelonn,22261.451620594045,1.0015527945736864
2022-05-16,2,4,3,timelonn,20777.092721653902,0.9347708151807294
2022-06-16,2,4,3,timelonn,21192.507008658784,0.9534604921679515
2022-07-16,2,4,3,timelonn,20555.133981014103,0.9247847908748303
2022-08-16,2,4,3,timelonn,20330.305306855887,0.9146696469596355
2022-09-16,2,4,3,timelonn,22301.58726573043,1.0033585154329308
2022-10-16,2,4,3,timelonn,22226.937752262667,1.0
2022-11-16,2,4,3,timelonn,22532.24809948999,1.0137360508510103
2022-12-16,2,4,3,timelonn,23473.770827816217,1.0560955849811846
2023-01-16,2,4,3,timelonn,21416.860700379166,0.9635542664080644
2023-02-16,2,4,3,timelonn,22682.827996534066,1.0205107086433889
2023-03-16,2,4,3,timelonn,22336.91912623653,1.0049481118451717
2023-04-16,2,4,3,timelonn,22753.134602243415,1.0236738346885945
2023-05-16,2,4,3,timelonn,21250.772562790316,0.9560818858471416
2023-06-16,2,4,3,timelonn,21939.70091356396,0.9870770844863923
2023-07-16,2,4,3,timelonn,22099.208302661536,0.9942533941911036
2023-08-16,2,4,3,timelonn,21241.175728740163,0.9556501199351154
2023-09-16,2,4,3,timelonn,23850.493126069003,1.0730444918639799
2023-10-16,2,4,3,timelonn,23487.596844892065,1.0567176237536844
2023-11-16,2,4,3,timelonn,24373.153766419822,1.0965592308791468
2023-12-16,2,4,3,timelonn,24765.35355592921,1.1142044771060797
2024-01-16,2,4,3,timelonn,22210.225805870603,0.9992481219600139
2024-02-16,2,4,3,timelonn,24186.81693527487,1.088175852420907
2024-03-16,2,4,3,timelonn,23238.73128300878,1.0455210493691653
2024-04-16,2,4,3,timelonn,23199.197839975626,1.0437424218553897
2024-05-16,2,4,3,timelonn,23711.940188449134,1.0668109324252413
2024-06-16,2,4,3,timelonn,23439.0763340054,1.0545346639853408
2024-07-16,2,4,3,timelonn,22818.330861710692,1.0266070439409865
2024-08-16,2,4,3,timelonn,23089.81304690399,1.0388211504553067
2024-09-16,2,4,3,timelonn,24729.798798021733,1.112604852438761
2024-10-16,2,4,3,timelonn,24939.63590093007,1.12204551877108
2024-11-16,2,4,3,timelonn,26067.34186357463,1.1727815209686732
2024-12-16,2,4,3,timelonn,25726.066783986113,1.157427400513921
2025-01-16,2,4,3,timelonn,23409.785084881285,1.0532168374160407
2025-02-16,2,4,3,timelonn,25785.099614407103,1.1600833143010094
2025-03-16,2,4,3,timelonn,24574.326672280997,1.1056100910607611
2025-04-16,2,4,3,timelonn,25565.777672523007,1.1502159207658036
2025-05-16,2,4,3,timelonn,24297.867203814814,1.0931720543168988
2025-06-16,2,4,3,timelonn,24370.294925200225,1.0964306103174004
2025-07-16,2,4,3,timelonn,23947.90656938264,1.077427166814501
2025-08-16,2,4,3,timelonn,23645.37541529501,1.0638161531220354
2025-09-16,2,4,3,timelonn,25312.54045302907,1.1388226635246816
2025-10-16,2,4,3,timelonn,26160.537128044245,1.1769744181418398
2025-11-16,2,4,3,timelonn,27121.08142845925,1.2201897414185345
2025-12-16,2,4,3,timelonn,26580.99821258725,1.1958911528368925
2026-01-16,2,4,3,timelonn,24129.742917730808,1.0856080665126457
2026-02-16,2,4,3,timelonn,25577.53957653306,1.1507450941562702
2021-01-16,2,4,4,timelonn,22008.08038403609,0.7925892974352938
2021-02-16,2,4,4,timelonn,24846.097431355174,0.8947963913023103
2021-03-16,2,4,4,timelonn,26062.335298343376,0.9385974452647274
2021-04-16,2,4,4,timelonn,25033.187289078603,0.9015341628981394
2021-05-16,2,4,4,timelonn,24268.194241452427,0.873984040780232
2021-06-16,2,4,4,timelonn,23902.02085498825,0.8607968339883274
2021-07-16,2,4,4,timelonn,23511.310769349708,0.8467259733374474
2021-08-16,2,4,4,timelonn,22398.687437356308,0.8066564475257173
2021-09-16,2,4,4,timelonn,25857.63140654787,0.9312253296167784
2021-10-16,2,4,4,timelonn,25088.265872023137,0.9035177386847584
2021-11-16,2,4,4,timelonn,26023.949377328838,0.9372150316403939
2021-12-16,2,4,4,timelonn,29302.93328061272,1.0553029113125598
2022-01-16,2,4,4,timelonn,25000.57207174737,0.9003595728503397
2022-02-16,2,4,4,timelonn,27326.509302691404,0.984124850129577
2022-03-16,2,4,4,timelonn,27289.35131097848,0.9827866586093744
2022-04-16,2,4,4,timelonn,27023.64519602782,0.9732176358096503
2022-05-16,2,4,4,timelonn,25578.08605660819,0.9211579067137473
2022-06-16,2,4,4,timelonn,26606.241110234492,0.9581854292140433
2022-07-16,2,4,4,timelonn,25464.439515064932,0.9170650903051405
2022-08-16,2,4,4,timelonn,24511.565706525995,0.8827487133528737
2022-09-16,2,4,4,timelonn,27190.397381642135,0.979222975454707
2022-10-16,2,4,4,timelonn,27767.319663855047,1.0
2022-11-16,2,4,4,timelonn,28005.271613868397,1.0085694965482424
2022-12-16,2,4,4,timelonn,29996.018274683924,1.0802633685141023
2023-01-16,2,4,4,timelonn,25195.023709518875,0.9073624683449533
2023-02-16,2,4,4,timelonn,28079.851672620207,1.011255389880932
2023-03-16,2,4,4,timelonn,28591.853760096335,1.0296944071744378
2023-04-16,2,4,4,timelonn,27788.502506418416,1.0007628695466397
2023-05-16,2,4,4,timelonn,26154.295900594876,0.9419092738230742
2023-06-16,2,4,4,timelonn,27155.90915789488,0.977980931780173
2023-07-16,2,4,4,timelonn,26458.76236713649,0.9528741948247199
2023-08-16,2,4,4,timelonn,26208.042649110484,0.9438448855121481
2023-09-16,2,4,4,timelonn,28348.352746044377,1.0209250690820426
2023-10-16,2,4,4,timelonn,28015.657783218103,1.0089435394690371
2023-11-16,2,4,4,timelonn,29085.869598052806,1.0474856756129085
2023-12-16,2,4,4,timelonn,30250.57058112782,1.0894307029750963
2024-01-16,2,4,4,timelonn,27441.655622220947,0.9882716788809105
2024-02-16,2,4,4,timelonn,30301.689954949612,1.091271693551091
2024-03-16,2,4,4,timelonn,29508.751372279752,1.0627151532631196
2024-04-16,2,4,4,timelonn,28174.238577951328,1.014654598247953
2024-05-16,2,4,4,timelonn,28520.82638049228,1.027136458461206
2024-06-16,2,4,4,timelonn,27965.620471705355,1.0071415178076564
2024-07-16,2,4,4,timelonn,27084.488709584275,0.9754088272639574
2024-08-16,2,4,4,timelonn,27355.785835993585,0.9851792022837135
2024-09-16,2,4,4,timelonn,29599.013345330055,1.065965808138815
2024-10-16,2,4,4,timelonn,29563.220111786577,1.0646767664172234
2024-11-16,2,4,4,timelonn,31017.577828031594,1.1170533635771636
2024-12-16,2,4,4,timelonn,30946.76591380512,1.114503174538981
2025-01-16,2,4,4,timelonn,28100.243162421288,1.0119897599983196
2025-02-16,2,4,4,timelonn,30107.47993648994,1.0842774996277764
2025-03-16,2,4,4,timelonn,28855.663546004413,1.0391951364166443
2025-04-16,2,4,4,timelonn,30646.84752371241,1.1037020459560478
2025-05-16,2,4,4,timelonn,28850.952742804777,1.0390254836285227
2025-06-16,2,4,4,timelonn,29036.536428190306,1.045709012598267
2025-07-16,2,4,4,timelonn,28500.988565474992,1.0264220281432122
2025-08-16,2,4,4,timelonn,28444.870013119747,1.0244009993570489
2025-09-16,2,4,4,timelonn,30552.243727230318,1.1002950265668037
2025-10-16,2,4,4,timelonn,31595.92470823546,1.1378816929659992
2025-11-16,2,4,4,timelonn,31905.335591995918,1.1490246800279884
2025-12-16,2,4,4,timelonn,32430.67907367665,1.1679441684064285
2026-01-16,2,4,4,timelonn,28634.553314706354,1.031232170095992
2026-02-16,2,4,4,timelonn,30173.384707981233,1.0866509649924252
2021-01-16,2,4,5,timelonn,16722.858181366188,0.8405211315227218
2021-02-16,2,4,5,timelonn,18601.600818920513,0.9349501382410061
2021-03-16,2,4,5,timelonn,19822.8672022637,0.9963331979599529
2021-04-16,2,4,5,timelonn,18880.092018568488,0.9489476101868044
2021-05-16,2,4,5,timelonn,18125.396956085515,0.9110152698540003
2021-06-16,2,4,5,timelonn,18376.71555849591,0.9236469978624381
2021-07-16,2,4,5,timelonn,17970.69416263211,0.9032396273416413
2021-08-16,2,4,5,timelonn,16500.93755948105,0.829366999245085
2021-09-16,2,4,5,timelonn,18528.80387989253,0.9312912322753161
2021-10-16,2,4,5,timelonn,18920.513502964026,0.9509792671818882
2021-11-16,2,4,5,timelonn,19416.273768787967,0.9758970757930177
2021-12-16,2,4,5,timelonn,21607.20269631669,1.086017130707091
2022-01-16,2,4,5,timelonn,18694.601476409098,0.9396245196784906
2022-02-16,2,4,5,timelonn,20536.143133605816,1.0321837377658594
2022-03-16,2,4,5,timelonn,20544.588785943422,1.0326082315445104
2022-04-16,2,4,5,timelonn,20265.690287878613,1.018590288042805
2022-05-16,2,4,5,timelonn,19424.952874909584,0.9763333033815573
2022-06-16,2,4,5,timelonn,19970.23455232348,1.003740147805391
2022-07-16,2,4,5,timelonn,18500.625986508803,0.9298749603334056
2022-08-16,2,4,5,timelonn,17772.397038401632,0.8932728548301323
2022-09-16,2,4,5,timelonn,19895.798114715497,0.9999988376725036
2022-10-16,2,4,5,timelonn,19895.821240175588,1.0
2022-11-16,2,4,5,timelonn,20353.91818333066,1.0230247818185076
2022-12-16,2,4,5,timelonn,21581.163515330863,1.0847083543227694
2023-01-16,2,4,5,timelonn,19040.618309240508,0.9570159522137156
2023-02-16,2,4,5,timelonn,21558.364345459402,1.0835624267635982
2023-03-16,2,4,5,timelonn,21418.168063909616,1.0765159078058038
2023-04-16,2,4,5,timelonn,21083.208802998415,1.0596802488567367
2023-05-16,2,4,5,timelonn,19598.294829594728,0.9850457838865145
2023-06-16,2,4,5,timelonn,20356.6721926001,1.0231632033109503
2023-07-16,2,4,5,timelonn,19723.87984690695,0.99135791424777
2023-08-16,2,4,5,timelonn,18277.643985325976,0.918667481210475
2023-09-16,2,4,5,timelonn,20750.017693095615,1.0429334603788634
2023-10-16,2,4,5,timelonn,20599.683929707204,1.0353774132283773
2023-11-16,2,4,5,timelonn,21211.744133045897,1.066140667278065
2023-12-16,2,4,5,timelonn,22672.257429024143,1.139548710019675
2024-01-16,2,4,5,timelonn,19727.03046729665,0.9915162701332428
2024-02-16,2,4,5,timelonn,21320.866876347754,1.07162537394006
2024-03-16,2,4,5,timelonn,21030.092468122704,1.0570105256905247
2024-04-16,2,4,5,timelonn,20045.116669718784,1.0075038586113612
2024-05-16,2,4,5,timelonn,20801.80506236569,1.045536387327438
2024-06-16,2,4,5,timelonn,20156.57396191944,1.0131059039280728
2024-07-16,2,4,5,timelonn,19343.75002635004,0.9722519011826085
2024-08-16,2,4,5,timelonn,20136.474076288927,1.0120956472823242
2024-09-16,2,4,5,timelonn,20857.506362233966,1.0483360355146563
2024-10-16,2,4,5,timelonn,21365.755113826483,1.073881538032854
2024-11-16,2,4,5,timelonn,22969.997625072127,1.15451367137783
2024-12-16,2,4,5,timelonn,22960.73066542587,1.1540478972067418
2025-01-16,2,4,5,timelonn,20564.503864233815,1.0336091994387222
2025-02-16,2,4,5,timelonn,22362.95016812386,1.1240023670380797
2025-03-16,2,4,5,timelonn,21970.960952080073,1.1043002792824737
2025-04-16,2,4,5,timelonn,22406.068940047873,1.1261695945882015
2025-05-16,2,4,5,timelonn,21672.54682627221,1.089301444994333
2025-06-16,2,4,5,timelonn,21758.56018640413,1.0936246322150864
2025-07-16,2,4,5,timelonn,21283.839741589927,1.069764323103764
2025-08-16,2,4,5,timelonn,21180.745583345953,1.0645826240424658
2025-09-16,2,4,5,timelonn,22654.000526027157,1.1386310850180934
2025-10-16,2,4,5,timelonn,23301.512375067734,1.1711762029714583
2025-11-16,2,4,5,timelonn,23233.238453482165,1.1677446320520481
2025-12-16,2,4,5,timelonn,24151.14470102813,1.213880262065271
2026-01-16,2,4,5,timelonn,21432.390979421565,1.0772307772922278
2026-02-16,2,4,5,timelonn,23410.296427497076,1.1766438864169486
2021-01-16,2,4,all,timelonn,19947.09986300959,0.806649322967278
2021-02-16,2,4,all,timelonn,22435.097644757094,0.9072625319036025
2021-03-16,2,4,all,timelonn,23703.97753227749,0.9585753096619977
2021-04-16,2,4,all,timelonn,22742.074273106296,0.9196764913826875
2021-05-16,2,4,all,timelonn,22108.174547964467,0.8940419486357976
2021-06-16,2,4,all,timelonn,22168.344424510215,0.8964751840691179
2021-07-16,2,4,all,timelonn,21621.645939157897,0.8743670096424948
2021-08-16,2,4,all,timelonn,20113.73123827623,0.8133878005889397
2021-09-16,2,4,all,timelonn,23088.857728353363,0.9337002162004512
2021-10-16,2,4,all,timelonn,23268.031218629258,0.9409458897879562
2021-11-16,2,4,all,timelonn,23752.81962739693,0.9605504560858374
2021-12-16,2,4,all,timelonn,25925.453643350087,1.0484105344962469
2022-01-16,2,4,all,timelonn,22106.89195053156,0.8939900811283404
2022-02-16,2,4,all,timelonn,24337.3759417179,0.9841895794883164
2022-03-16,2,4,all,timelonn,24300.774115215692,0.9827094225346672
2022-04-16,2,4,all,timelonn,24324.782793327067,0.9836803197616768
2022-05-16,2,4,all,timelonn,22838.190595187287,0.9235633805377628
2022-06-16,2,4,all,timelonn,23909.862423254293,0.9669011770340062
2022-07-16,2,4,all,timelonn,22540.73315110405,0.9115343714322196
2022-08-16,2,4,all,timelonn,21297.083341254394,0.8612418836012469
2022-09-16,2,4,all,timelonn,24414.402045928968,0.9873044711387006
2022-10-16,2,4,all,timelonn,24728.341418094453,1.0
2022-11-16,2,4,all,timelonn,25063.09799917586,1.0135373648972856
2022-12-16,2,4,all,timelonn,26285.963027638343,1.0629893280430096
2023-01-16,2,4,all,timelonn,22565.291498217135,0.9125274969596404
2023-02-16,2,4,all,timelonn,25244.10384023716,1.0208571377037567
2023-03-16,2,4,all,timelonn,25217.831196237075,1.019794686989579
2023-04-16,2,4,all,timelonn,24919.761486893854,1.0077409182267005
2023-05-16,2,4,all,timelonn,23203.023314903883,0.9383170072993877
2023-06-16,2,4,all,timelonn,24646.60479711051,0.9966946177423718
2023-07-16,2,4,all,timelonn,23733.680406937852,0.9597764769444351
2023-08-16,2,4,all,timelonn,22447.881458434298,0.9077795020254987
2023-09-16,2,4,all,timelonn,25523.104012921627,1.0321397452983088
2023-10-16,2,4,all,timelonn,25463.63341629748,1.0297347883455295
2023-11-16,2,4,all,timelonn,26401.422543722154,1.0676584449130688
2023-12-16,2,4,all,timelonn,27195.36460836739,1.0997650084395771
2024-01-16,2,4,all,timelonn,23813.65861384226,0.9630107499412439
2024-02-16,2,4,all,timelonn,26646.94009664958,1.0775870344927878
2024-03-16,2,4,all,timelonn,25806.50319268393,1.0436002462259986
2024-04-16,2,4,all,timelonn,24917.433045275,1.0076467573778394
2024-05-16,2,4,all,timelonn,25677.842094109263,1.0383972649018842
2024-06-16,2,4,all,timelonn,25375.959103409867,1.026189289219435
2024-07-16,2,4,all,timelonn,24208.23365203658,0.9789671390707467
2024-08-16,2,4,all,timelonn,23972.001289092288,0.9694140372694495
2024-09-16,2,4,all,timelonn,26386.802308923514,1.067067210970143
2024-10-16,2,4,all,timelonn,26839.022102360042,1.0853547210700165
2024-11-16,2,4,all,timelonn,28098.261788811727,1.136277654604502
2024-12-16,2,4,all,timelonn,27826.46805341176,1.1252864712168007
2025-01-16,2,4,all,timelonn,24654.36595877505,0.9970084746862452
2025-02-16,2,4,all,timelonn,27333.0477456726,1.1053328358557928
2025-03-16,2,4,all,timelonn,26281.4204900564,1.0628056304182825
2025-04-16,2,4,all,timelonn,27389.483553899812,1.1076150676995313
2025-05-16,2,4,all,timelonn,25985.91934613348,1.0508557329736163
2025-06-16,2,4,all,timelonn,26501.495165974506,1.0717053245868962
2025-07-16,2,4,all,timelonn,25577.802348173842,1.0343517147275318
2025-08-16,2,4,all,timelonn,24809.670086000035,1.0032888848681971
2025-09-16,2,4,all,timelonn,27381.153177518503,1.1072781920376962
2025-10-16,2,4,all,timelonn,28444.023607403233,1.1502600650195611
2025-11-16,2,4,all,timelonn,28903.680652356623,1.1688483333219815
2025-12-16,2,4,all,timelonn,28930.042756238206,1.1699144017426597
2026-01-16,2,4,all,timelonn,25444.38186419235,1.0289562665765344
2026-02-16,2,4,all,timelonn,27799.28138700609,1.1241870579587088
